Uniform: 1256 136 487 27 1935 
Exponential: -2147483648 -2147483648 -2147483648 -2147483648 -2147483648 
Truncated Normal: 744 1454 1383 1068 1245 
*==== INFO ====*  stream_id=1996 latency=0.466723 ms (tx_ts=83052782953332, rx_ts=83052783420055) request_id=1543 zil_blk_id=1996 ccf_commit_seqno=1543 nstreams_done_=500 config.nstreams=1000000 avg_latency=0.5373 ms avg throuhgput (requests/sec) = 722.7002 res=false
*==== INFO ====*  stream_id=3996 latency=0.464669 ms (tx_ts=83053467455884, rx_ts=83053467920553) request_id=3120 zil_blk_id=3996 ccf_commit_seqno=3120 nstreams_done_=1000 config.nstreams=1000000 avg_latency=0.5332 ms avg throuhgput (requests/sec) = 726.5592 res=false
*==== INFO ====*  stream_id=5996 latency=0.447697 ms (tx_ts=83054131886209, rx_ts=83054132333906) request_id=4686 zil_blk_id=5996 ccf_commit_seqno=4686 nstreams_done_=1500 config.nstreams=1000000 avg_latency=0.5250 ms avg throuhgput (requests/sec) = 735.0190 res=false
*==== INFO ====*  stream_id=7996 latency=0.476822 ms (tx_ts=83054800700829, rx_ts=83054801177651) request_id=6259 zil_blk_id=7996 ccf_commit_seqno=6259 nstreams_done_=2000 config.nstreams=1000000 avg_latency=0.5228 ms avg throuhgput (requests/sec) = 738.1143 res=false
*==== INFO ====*  stream_id=9996 latency=0.527987 ms (tx_ts=83055478875010, rx_ts=83055479402997) request_id=7856 zil_blk_id=9996 ccf_commit_seqno=7856 nstreams_done_=2500 config.nstreams=1000000 avg_latency=0.5255 ms avg throuhgput (requests/sec) = 737.9349 res=false
*==== INFO ====*  stream_id=11996 latency=0.466532 ms (tx_ts=83056160255382, rx_ts=83056160721914) request_id=9443 zil_blk_id=11996 ccf_commit_seqno=9443 nstreams_done_=3000 config.nstreams=1000000 avg_latency=0.5249 ms avg throuhgput (requests/sec) = 737.2544 res=false
*==== INFO ====*  stream_id=13996 latency=0.542905 ms (tx_ts=83056843161928, rx_ts=83056843704833) request_id=11008 zil_blk_id=13996 ccf_commit_seqno=11008 nstreams_done_=3500 config.nstreams=1000000 avg_latency=0.5204 ms avg throuhgput (requests/sec) = 736.5111 res=false
*==== INFO ====*  stream_id=15996 latency=0.491779 ms (tx_ts=83057477522733, rx_ts=83057478014512) request_id=14175 zil_blk_id=15996 ccf_commit_seqno=14175 nstreams_done_=4000 config.nstreams=1000000 avg_latency=0.5195 ms avg throuhgput (requests/sec) = 742.6049 res=false
*==== INFO ====*  stream_id=17996 latency=0.510996 ms (tx_ts=83058137781075, rx_ts=83058138292071) request_id=18145 zil_blk_id=17996 ccf_commit_seqno=18145 nstreams_done_=4500 config.nstreams=1000000 avg_latency=0.5276 ms avg throuhgput (requests/sec) = 744.2049 res=false
*==== INFO ====*  stream_id=19996 latency=0.545631 ms (tx_ts=83058795388339, rx_ts=83058795933970) request_id=22230 zil_blk_id=19996 ccf_commit_seqno=22230 nstreams_done_=5000 config.nstreams=1000000 avg_latency=0.5319 ms avg throuhgput (requests/sec) = 745.7829 res=false
*==== INFO ====*  stream_id=21996 latency=0.447888 ms (tx_ts=83059362594843, rx_ts=83059363042731) request_id=26004 zil_blk_id=21996 ccf_commit_seqno=26004 nstreams_done_=5500 config.nstreams=1000000 avg_latency=0.5301 ms avg throuhgput (requests/sec) = 756.3805 res=false
*==== INFO ====*  stream_id=23996 latency=0.459158 ms (tx_ts=83059897855452, rx_ts=83059898314610) request_id=29663 zil_blk_id=23996 ccf_commit_seqno=29663 nstreams_done_=6000 config.nstreams=1000000 avg_latency=0.5293 ms avg throuhgput (requests/sec) = 768.5662 res=false
*==== INFO ====*  stream_id=25996 latency=0.463497 ms (tx_ts=83060459604363, rx_ts=83060460067860) request_id=33416 zil_blk_id=25996 ccf_commit_seqno=33416 nstreams_done_=6500 config.nstreams=1000000 avg_latency=0.5303 ms avg throuhgput (requests/sec) = 776.7225 res=false
*==== INFO ====*  stream_id=27996 latency=0.456594 ms (tx_ts=83061033966049, rx_ts=83061034422643) request_id=37230 zil_blk_id=27996 ccf_commit_seqno=37230 nstreams_done_=7000 config.nstreams=1000000 avg_latency=0.5302 ms avg throuhgput (requests/sec) = 782.7480 res=false
*==== INFO ====*  stream_id=29996 latency=0.496178 ms (tx_ts=83061622988844, rx_ts=83061623485022) request_id=41146 zil_blk_id=29996 ccf_commit_seqno=41146 nstreams_done_=7500 config.nstreams=1000000 avg_latency=0.5299 ms avg throuhgput (requests/sec) = 786.8304 res=false
*==== INFO ====*  stream_id=31996 latency=0.479988 ms (tx_ts=83062211876807, rx_ts=83062212356795) request_id=45035 zil_blk_id=31996 ccf_commit_seqno=45035 nstreams_done_=8000 config.nstreams=1000000 avg_latency=0.5298 ms avg throuhgput (requests/sec) = 790.4524 res=false
*==== INFO ====*  stream_id=33996 latency=0.480027 ms (tx_ts=83062816926952, rx_ts=83062817406979) request_id=49132 zil_blk_id=33996 ccf_commit_seqno=49132 nstreams_done_=8500 config.nstreams=1000000 avg_latency=0.5319 ms avg throuhgput (requests/sec) = 792.4790 res=false
*==== INFO ====*  stream_id=35996 latency=0.467214 ms (tx_ts=83063455936071, rx_ts=83063456403285) request_id=53382 zil_blk_id=35996 ccf_commit_seqno=53382 nstreams_done_=9000 config.nstreams=1000000 avg_latency=0.5335 ms avg throuhgput (requests/sec) = 791.9166 res=false
*==== INFO ====*  stream_id=37996 latency=0.509112 ms (tx_ts=83064048844953, rx_ts=83064049354065) request_id=57342 zil_blk_id=37996 ccf_commit_seqno=57342 nstreams_done_=9500 config.nstreams=1000000 avg_latency=0.5326 ms avg throuhgput (requests/sec) = 794.4616 res=false
*==== INFO ====*  stream_id=39996 latency=0.490337 ms (tx_ts=83064651989740, rx_ts=83064652480077) request_id=61229 zil_blk_id=39996 ccf_commit_seqno=61229 nstreams_done_=10000 config.nstreams=1000000 avg_latency=0.5332 ms avg throuhgput (requests/sec) = 796.1207 res=false
*==== INFO ====*  stream_id=41996 latency=0.520182 ms (tx_ts=83065238789079, rx_ts=83065239309261) request_id=65264 zil_blk_id=41996 ccf_commit_seqno=65264 nstreams_done_=10500 config.nstreams=1000000 avg_latency=0.5314 ms avg throuhgput (requests/sec) = 798.6164 res=false
*==== INFO ====*  stream_id=43996 latency=0.603503 ms (tx_ts=83065844587984, rx_ts=83065845191487) request_id=69326 zil_blk_id=43996 ccf_commit_seqno=69326 nstreams_done_=11000 config.nstreams=1000000 avg_latency=0.5314 ms avg throuhgput (requests/sec) = 799.7894 res=false
*==== INFO ====*  stream_id=45996 latency=0.432539 ms (tx_ts=83066444956305, rx_ts=83066445388844) request_id=73234 zil_blk_id=45996 ccf_commit_seqno=73234 nstreams_done_=11500 config.nstreams=1000000 avg_latency=0.5313 ms avg throuhgput (requests/sec) = 801.1805 res=false
*==== INFO ====*  stream_id=47996 latency=0.450233 ms (tx_ts=83067037303242, rx_ts=83067037753475) request_id=77090 zil_blk_id=47996 ccf_commit_seqno=77090 nstreams_done_=12000 config.nstreams=1000000 avg_latency=0.5312 ms avg throuhgput (requests/sec) = 802.8806 res=false
*==== INFO ====*  stream_id=49996 latency=0.595604 ms (tx_ts=83067632395544, rx_ts=83067632991148) request_id=80895 zil_blk_id=49996 ccf_commit_seqno=80895 nstreams_done_=12500 config.nstreams=1000000 avg_latency=0.5320 ms avg throuhgput (requests/sec) = 804.3023 res=false
*==== INFO ====*  stream_id=51996 latency=0.513003 ms (tx_ts=83068188980202, rx_ts=83068189493205) request_id=84728 zil_blk_id=51996 ccf_commit_seqno=84728 nstreams_done_=13000 config.nstreams=1000000 avg_latency=0.5310 ms avg throuhgput (requests/sec) = 807.5576 res=false
*==== INFO ====*  stream_id=53996 latency=0.470530 ms (tx_ts=83068742399006, rx_ts=83068742869536) request_id=88624 zil_blk_id=53996 ccf_commit_seqno=88624 nstreams_done_=13500 config.nstreams=1000000 avg_latency=0.5302 ms avg throuhgput (requests/sec) = 810.7475 res=false
*==== INFO ====*  stream_id=55996 latency=0.473135 ms (tx_ts=83069303893339, rx_ts=83069304366474) request_id=92437 zil_blk_id=55996 ccf_commit_seqno=92437 nstreams_done_=14000 config.nstreams=1000000 avg_latency=0.5294 ms avg throuhgput (requests/sec) = 813.3484 res=false
*==== INFO ====*  stream_id=57996 latency=0.504534 ms (tx_ts=83069899093906, rx_ts=83069899598440) request_id=96479 zil_blk_id=57996 ccf_commit_seqno=96479 nstreams_done_=14500 config.nstreams=1000000 avg_latency=0.5294 ms avg throuhgput (requests/sec) = 814.2395 res=false
*==== INFO ====*  stream_id=59996 latency=0.504994 ms (tx_ts=83070498834039, rx_ts=83070499339033) request_id=100477 zil_blk_id=59996 ccf_commit_seqno=100477 nstreams_done_=15000 config.nstreams=1000000 avg_latency=0.5286 ms avg throuhgput (requests/sec) = 814.8733 res=false
*==== INFO ====*  stream_id=61996 latency=0.466065 ms (tx_ts=83071082086262, rx_ts=83071082552327) request_id=104389 zil_blk_id=61996 ccf_commit_seqno=104389 nstreams_done_=15500 config.nstreams=1000000 avg_latency=0.5278 ms avg throuhgput (requests/sec) = 816.1769 res=false
*==== INFO ====*  stream_id=63996 latency=0.955758 ms (tx_ts=83071662432621, rx_ts=83071663388379) request_id=108245 zil_blk_id=63996 ccf_commit_seqno=108245 nstreams_done_=16000 config.nstreams=1000000 avg_latency=0.5277 ms avg throuhgput (requests/sec) = 817.5020 res=false
*==== INFO ====*  stream_id=65996 latency=0.493613 ms (tx_ts=83072243160601, rx_ts=83072243654214) request_id=111998 zil_blk_id=65996 ccf_commit_seqno=111998 nstreams_done_=16500 config.nstreams=1000000 avg_latency=0.5274 ms avg throuhgput (requests/sec) = 818.7739 res=false
*==== INFO ====*  stream_id=67996 latency=0.545300 ms (tx_ts=83072826851351, rx_ts=83072827396651) request_id=115850 zil_blk_id=67996 ccf_commit_seqno=115850 nstreams_done_=17000 config.nstreams=1000000 avg_latency=0.5270 ms avg throuhgput (requests/sec) = 819.8371 res=false
*==== INFO ====*  stream_id=69996 latency=0.484305 ms (tx_ts=83073402124587, rx_ts=83073402608892) request_id=119671 zil_blk_id=69996 ccf_commit_seqno=119671 nstreams_done_=17500 config.nstreams=1000000 avg_latency=0.5262 ms avg throuhgput (requests/sec) = 821.1707 res=false
*==== INFO ====*  stream_id=71996 latency=0.448770 ms (tx_ts=83074027271260, rx_ts=83074027720030) request_id=123533 zil_blk_id=71996 ccf_commit_seqno=123533 nstreams_done_=18000 config.nstreams=1000000 avg_latency=0.5268 ms avg throuhgput (requests/sec) = 820.5633 res=false
*==== INFO ====*  stream_id=73996 latency=1.175969 ms (tx_ts=83074664903641, rx_ts=83074666079610) request_id=127574 zil_blk_id=73996 ccf_commit_seqno=127575 nstreams_done_=18500 config.nstreams=1000000 avg_latency=0.5283 ms avg throuhgput (requests/sec) = 819.5084 res=false
*==== INFO ====*  stream_id=75996 latency=0.474968 ms (tx_ts=83075248869385, rx_ts=83075249344353) request_id=131520 zil_blk_id=75996 ccf_commit_seqno=131520 nstreams_done_=19000 config.nstreams=1000000 avg_latency=0.5286 ms avg throuhgput (requests/sec) = 820.4588 res=false
*==== INFO ====*  stream_id=77996 latency=2.885096 ms (tx_ts=83075843461416, rx_ts=83075846346512) request_id=135486 zil_blk_id=77996 ccf_commit_seqno=135489 nstreams_done_=19500 config.nstreams=1000000 avg_latency=0.5288 ms avg throuhgput (requests/sec) = 820.8875 res=false
*==== INFO ====*  stream_id=79996 latency=0.554357 ms (tx_ts=83076396718802, rx_ts=83076397273159) request_id=139191 zil_blk_id=79996 ccf_commit_seqno=139191 nstreams_done_=20000 config.nstreams=1000000 avg_latency=0.5290 ms avg throuhgput (requests/sec) = 822.8522 res=false
*==== INFO ====*  stream_id=81996 latency=0.567311 ms (tx_ts=83076975661294, rx_ts=83076976228605) request_id=143092 zil_blk_id=81996 ccf_commit_seqno=143092 nstreams_done_=20500 config.nstreams=1000000 avg_latency=0.5287 ms avg throuhgput (requests/sec) = 823.8007 res=false
*==== INFO ====*  stream_id=83996 latency=0.479486 ms (tx_ts=83077554809665, rx_ts=83077555289151) request_id=146911 zil_blk_id=83996 ccf_commit_seqno=146911 nstreams_done_=21000 config.nstreams=1000000 avg_latency=0.5292 ms avg throuhgput (requests/sec) = 824.7028 res=false
*==== INFO ====*  stream_id=85996 latency=0.504694 ms (tx_ts=83078131940530, rx_ts=83078132445224) request_id=150788 zil_blk_id=85996 ccf_commit_seqno=150788 nstreams_done_=21500 config.nstreams=1000000 avg_latency=0.5292 ms avg throuhgput (requests/sec) = 825.6251 res=false
*==== INFO ====*  stream_id=87996 latency=0.513650 ms (tx_ts=83078681347283, rx_ts=83078681860933) request_id=154746 zil_blk_id=87996 ccf_commit_seqno=154746 nstreams_done_=22000 config.nstreams=1000000 avg_latency=0.5291 ms avg throuhgput (requests/sec) = 827.3697 res=false
*==== INFO ====*  stream_id=89996 latency=0.443229 ms (tx_ts=83079283481085, rx_ts=83079283924314) request_id=158787 zil_blk_id=89996 ccf_commit_seqno=158787 nstreams_done_=22500 config.nstreams=1000000 avg_latency=0.5294 ms avg throuhgput (requests/sec) = 827.4385 res=false
*==== INFO ====*  stream_id=91996 latency=0.467855 ms (tx_ts=83079866409082, rx_ts=83079866876937) request_id=162647 zil_blk_id=91996 ccf_commit_seqno=162647 nstreams_done_=23000 config.nstreams=1000000 avg_latency=0.5293 ms avg throuhgput (requests/sec) = 828.0737 res=false
*==== INFO ====*  stream_id=93996 latency=0.534720 ms (tx_ts=83080425023837, rx_ts=83080425558557) request_id=166464 zil_blk_id=93996 ccf_commit_seqno=166464 nstreams_done_=23500 config.nstreams=1000000 avg_latency=0.5291 ms avg throuhgput (requests/sec) = 829.3926 res=false
*==== INFO ====*  stream_id=95996 latency=0.510445 ms (tx_ts=83080987213517, rx_ts=83080987723962) request_id=170239 zil_blk_id=95996 ccf_commit_seqno=170239 nstreams_done_=24000 config.nstreams=1000000 avg_latency=0.5291 ms avg throuhgput (requests/sec) = 830.5604 res=false
*==== INFO ====*  stream_id=97996 latency=0.612396 ms (tx_ts=83081561260274, rx_ts=83081561872670) request_id=174156 zil_blk_id=97996 ccf_commit_seqno=174157 nstreams_done_=24500 config.nstreams=1000000 avg_latency=0.5293 ms avg throuhgput (requests/sec) = 831.3454 res=false
*==== INFO ====*  stream_id=99996 latency=0.469748 ms (tx_ts=83082125292152, rx_ts=83082125761900) request_id=177925 zil_blk_id=99996 ccf_commit_seqno=177925 nstreams_done_=25000 config.nstreams=1000000 avg_latency=0.5294 ms avg throuhgput (requests/sec) = 832.3846 res=false
*==== INFO ====*  stream_id=101996 latency=0.463342 ms (tx_ts=83082696493261, rx_ts=83082696956603) request_id=181940 zil_blk_id=101996 ccf_commit_seqno=181940 nstreams_done_=25500 config.nstreams=1000000 avg_latency=0.5293 ms avg throuhgput (requests/sec) = 833.1867 res=false
*==== INFO ====*  stream_id=103996 latency=0.559438 ms (tx_ts=83083273164222, rx_ts=83083273723660) request_id=185915 zil_blk_id=103996 ccf_commit_seqno=185915 nstreams_done_=26000 config.nstreams=1000000 avg_latency=0.5292 ms avg throuhgput (requests/sec) = 833.8103 res=false
*==== INFO ====*  stream_id=105996 latency=0.626794 ms (tx_ts=83083856417435, rx_ts=83083857044229) request_id=189846 zil_blk_id=105996 ccf_commit_seqno=189847 nstreams_done_=26500 config.nstreams=1000000 avg_latency=0.5297 ms avg throuhgput (requests/sec) = 834.2391 res=false
*==== INFO ====*  stream_id=107996 latency=0.628207 ms (tx_ts=83084444636016, rx_ts=83084445264223) request_id=193811 zil_blk_id=107996 ccf_commit_seqno=193811 nstreams_done_=27000 config.nstreams=1000000 avg_latency=0.5299 ms avg throuhgput (requests/sec) = 834.5260 res=false
*==== INFO ====*  stream_id=109996 latency=0.549503 ms (tx_ts=83085047338447, rx_ts=83085047887950) request_id=197895 zil_blk_id=109996 ccf_commit_seqno=197895 nstreams_done_=27500 config.nstreams=1000000 avg_latency=0.5306 ms avg throuhgput (requests/sec) = 834.4379 res=false
*==== INFO ====*  stream_id=111996 latency=0.456885 ms (tx_ts=83085617020702, rx_ts=83085617477587) request_id=201729 zil_blk_id=111996 ccf_commit_seqno=201729 nstreams_done_=28000 config.nstreams=1000000 avg_latency=0.5305 ms avg throuhgput (requests/sec) = 835.1750 res=false
*==== INFO ====*  stream_id=113996 latency=0.463257 ms (tx_ts=83086181222619, rx_ts=83086181685876) request_id=205570 zil_blk_id=113996 ccf_commit_seqno=205570 nstreams_done_=28500 config.nstreams=1000000 avg_latency=0.5302 ms avg throuhgput (requests/sec) = 836.0195 res=false
*==== INFO ====*  stream_id=115996 latency=0.484788 ms (tx_ts=83086752542444, rx_ts=83086753027232) request_id=209438 zil_blk_id=115996 ccf_commit_seqno=209438 nstreams_done_=29000 config.nstreams=1000000 avg_latency=0.5304 ms avg throuhgput (requests/sec) = 836.6642 res=false
*==== INFO ====*  stream_id=117996 latency=0.450883 ms (tx_ts=83087300968351, rx_ts=83087301419234) request_id=213026 zil_blk_id=117996 ccf_commit_seqno=213026 nstreams_done_=29500 config.nstreams=1000000 avg_latency=0.5303 ms avg throuhgput (requests/sec) = 837.8338 res=false
*==== INFO ====*  stream_id=119996 latency=0.535952 ms (tx_ts=83087847709739, rx_ts=83087848245691) request_id=216735 zil_blk_id=119996 ccf_commit_seqno=216735 nstreams_done_=30000 config.nstreams=1000000 avg_latency=0.5300 ms avg throuhgput (requests/sec) = 839.0042 res=false
*==== INFO ====*  stream_id=121996 latency=0.527116 ms (tx_ts=83088423704850, rx_ts=83088424231966) request_id=220473 zil_blk_id=121996 ccf_commit_seqno=220473 nstreams_done_=30500 config.nstreams=1000000 avg_latency=0.5300 ms avg throuhgput (requests/sec) = 839.4651 res=false
*==== INFO ====*  stream_id=123996 latency=0.442969 ms (tx_ts=83089024554962, rx_ts=83089024997931) request_id=224106 zil_blk_id=123996 ccf_commit_seqno=224106 nstreams_done_=31000 config.nstreams=1000000 avg_latency=0.5304 ms avg throuhgput (requests/sec) = 839.3480 res=false
*==== INFO ====*  stream_id=125996 latency=0.456584 ms (tx_ts=83089596306956, rx_ts=83089596763540) request_id=227961 zil_blk_id=125996 ccf_commit_seqno=227961 nstreams_done_=31500 config.nstreams=1000000 avg_latency=0.5303 ms avg throuhgput (requests/sec) = 839.8837 res=false
*==== INFO ====*  stream_id=127996 latency=0.517257 ms (tx_ts=83090181054860, rx_ts=83090181572117) request_id=231896 zil_blk_id=127996 ccf_commit_seqno=231896 nstreams_done_=32000 config.nstreams=1000000 avg_latency=0.5307 ms avg throuhgput (requests/sec) = 840.1155 res=false
*==== INFO ====*  stream_id=129996 latency=0.454570 ms (tx_ts=83090756315178, rx_ts=83090756769748) request_id=235867 zil_blk_id=129996 ccf_commit_seqno=235867 nstreams_done_=32500 config.nstreams=1000000 avg_latency=0.5306 ms avg throuhgput (requests/sec) = 840.5491 res=false
*==== INFO ====*  stream_id=131996 latency=0.485969 ms (tx_ts=83091391162232, rx_ts=83091391648201) request_id=239879 zil_blk_id=131996 ccf_commit_seqno=239879 nstreams_done_=33000 config.nstreams=1000000 avg_latency=0.5314 ms avg throuhgput (requests/sec) = 839.6930 res=false
*==== INFO ====*  stream_id=133996 latency=0.438490 ms (tx_ts=83091971031788, rx_ts=83091971470278) request_id=243797 zil_blk_id=133996 ccf_commit_seqno=243797 nstreams_done_=33500 config.nstreams=1000000 avg_latency=0.5316 ms avg throuhgput (requests/sec) = 840.0222 res=false
*==== INFO ====*  stream_id=135996 latency=0.441676 ms (tx_ts=83092551330814, rx_ts=83092551772490) request_id=247613 zil_blk_id=135996 ccf_commit_seqno=247613 nstreams_done_=34000 config.nstreams=1000000 avg_latency=0.5313 ms avg throuhgput (requests/sec) = 840.3319 res=false
*==== INFO ====*  stream_id=137996 latency=0.473095 ms (tx_ts=83093127555641, rx_ts=83093128028736) request_id=251537 zil_blk_id=137996 ccf_commit_seqno=251537 nstreams_done_=34500 config.nstreams=1000000 avg_latency=0.5310 ms avg throuhgput (requests/sec) = 840.7158 res=false
*==== INFO ====*  stream_id=139996 latency=0.562643 ms (tx_ts=83093754597535, rx_ts=83093755160178) request_id=255702 zil_blk_id=139996 ccf_commit_seqno=255702 nstreams_done_=35000 config.nstreams=1000000 avg_latency=0.5312 ms avg throuhgput (requests/sec) = 840.0620 res=false
*==== INFO ====*  stream_id=141996 latency=0.509071 ms (tx_ts=83094332337256, rx_ts=83094332846327) request_id=259592 zil_blk_id=141996 ccf_commit_seqno=259592 nstreams_done_=35500 config.nstreams=1000000 avg_latency=0.5311 ms avg throuhgput (requests/sec) = 840.4102 res=false
*==== INFO ====*  stream_id=143996 latency=0.494735 ms (tx_ts=83094879723797, rx_ts=83094880218532) request_id=263275 zil_blk_id=143996 ccf_commit_seqno=263276 nstreams_done_=36000 config.nstreams=1000000 avg_latency=0.5310 ms avg throuhgput (requests/sec) = 841.3446 res=false
*==== INFO ====*  stream_id=145996 latency=0.444502 ms (tx_ts=83095494637408, rx_ts=83095495081910) request_id=267295 zil_blk_id=145996 ccf_commit_seqno=267295 nstreams_done_=36500 config.nstreams=1000000 avg_latency=0.5312 ms avg throuhgput (requests/sec) = 840.9458 res=false
*==== INFO ====*  stream_id=147996 latency=0.466623 ms (tx_ts=83096091213988, rx_ts=83096091680611) request_id=271173 zil_blk_id=147996 ccf_commit_seqno=271173 nstreams_done_=37000 config.nstreams=1000000 avg_latency=0.5312 ms avg throuhgput (requests/sec) = 840.9070 res=false
*==== INFO ====*  stream_id=149996 latency=0.492711 ms (tx_ts=83096681343547, rx_ts=83096681836258) request_id=275116 zil_blk_id=149996 ccf_commit_seqno=275116 nstreams_done_=37500 config.nstreams=1000000 avg_latency=0.5312 ms avg throuhgput (requests/sec) = 840.9907 res=false
*==== INFO ====*  stream_id=151996 latency=0.469789 ms (tx_ts=83097284327005, rx_ts=83097284796794) request_id=279105 zil_blk_id=151996 ccf_commit_seqno=279105 nstreams_done_=38000 config.nstreams=1000000 avg_latency=0.5311 ms avg throuhgput (requests/sec) = 840.8340 res=false
*==== INFO ====*  stream_id=153996 latency=0.462174 ms (tx_ts=83097875980930, rx_ts=83097876443104) request_id=283031 zil_blk_id=153996 ccf_commit_seqno=283031 nstreams_done_=38500 config.nstreams=1000000 avg_latency=0.5311 ms avg throuhgput (requests/sec) = 840.8891 res=false
*==== INFO ====*  stream_id=155996 latency=0.631299 ms (tx_ts=83098470346945, rx_ts=83098470978244) request_id=286888 zil_blk_id=155996 ccf_commit_seqno=286888 nstreams_done_=39000 config.nstreams=1000000 avg_latency=0.5311 ms avg throuhgput (requests/sec) = 840.8904 res=false
*==== INFO ====*  stream_id=157996 latency=0.512962 ms (tx_ts=83099080364027, rx_ts=83099080876989) request_id=290981 zil_blk_id=157996 ccf_commit_seqno=290981 nstreams_done_=39500 config.nstreams=1000000 avg_latency=0.5310 ms avg throuhgput (requests/sec) = 840.6168 res=false
*==== INFO ====*  stream_id=159996 latency=0.465399 ms (tx_ts=83099672441955, rx_ts=83099672907354) request_id=294978 zil_blk_id=159996 ccf_commit_seqno=294978 nstreams_done_=40000 config.nstreams=1000000 avg_latency=0.5309 ms avg throuhgput (requests/sec) = 840.6657 res=false
*==== INFO ====*  stream_id=161996 latency=0.547333 ms (tx_ts=83100265827124, rx_ts=83100266374457) request_id=298832 zil_blk_id=161996 ccf_commit_seqno=298832 nstreams_done_=40500 config.nstreams=1000000 avg_latency=0.5309 ms avg throuhgput (requests/sec) = 840.6884 res=false
*==== INFO ====*  stream_id=163996 latency=0.545709 ms (tx_ts=83100832358001, rx_ts=83100832903710) request_id=302645 zil_blk_id=163996 ccf_commit_seqno=302645 nstreams_done_=41000 config.nstreams=1000000 avg_latency=0.5310 ms avg throuhgput (requests/sec) = 841.1752 res=false
*==== INFO ====*  stream_id=165996 latency=0.486931 ms (tx_ts=83101499894314, rx_ts=83101500381245) request_id=306726 zil_blk_id=165996 ccf_commit_seqno=306726 nstreams_done_=41500 config.nstreams=1000000 avg_latency=0.5328 ms avg throuhgput (requests/sec) = 839.9312 res=false
*==== INFO ====*  stream_id=167996 latency=0.512929 ms (tx_ts=83102096074921, rx_ts=83102096587850) request_id=310557 zil_blk_id=167996 ccf_commit_seqno=310557 nstreams_done_=42000 config.nstreams=1000000 avg_latency=0.5332 ms avg throuhgput (requests/sec) = 839.9157 res=false
*==== INFO ====*  stream_id=169996 latency=0.507459 ms (tx_ts=83102691339725, rx_ts=83102691847184) request_id=314464 zil_blk_id=169996 ccf_commit_seqno=314464 nstreams_done_=42500 config.nstreams=1000000 avg_latency=0.5339 ms avg throuhgput (requests/sec) = 839.9164 res=false
*==== INFO ====*  stream_id=171996 latency=0.495727 ms (tx_ts=83103335612535, rx_ts=83103336108262) request_id=318403 zil_blk_id=171996 ccf_commit_seqno=318403 nstreams_done_=43000 config.nstreams=1000000 avg_latency=0.5345 ms avg throuhgput (requests/sec) = 839.1138 res=false
*==== INFO ====*  stream_id=173996 latency=0.583761 ms (tx_ts=83103954365938, rx_ts=83103954949699) request_id=322285 zil_blk_id=173996 ccf_commit_seqno=322286 nstreams_done_=43500 config.nstreams=1000000 avg_latency=0.5350 ms avg throuhgput (requests/sec) = 838.7421 res=false
*==== INFO ====*  stream_id=175996 latency=0.518379 ms (tx_ts=83104535355081, rx_ts=83104535873460) request_id=326170 zil_blk_id=175996 ccf_commit_seqno=326171 nstreams_done_=44000 config.nstreams=1000000 avg_latency=0.5352 ms avg throuhgput (requests/sec) = 838.9853 res=false
*==== INFO ====*  stream_id=177996 latency=0.499775 ms (tx_ts=83105101333083, rx_ts=83105101832858) request_id=330018 zil_blk_id=177996 ccf_commit_seqno=330018 nstreams_done_=44500 config.nstreams=1000000 avg_latency=0.5352 ms avg throuhgput (requests/sec) = 839.4601 res=false
*==== INFO ====*  stream_id=179996 latency=0.523820 ms (tx_ts=83105694517388, rx_ts=83105695041208) request_id=333968 zil_blk_id=179996 ccf_commit_seqno=333968 nstreams_done_=45000 config.nstreams=1000000 avg_latency=0.5357 ms avg throuhgput (requests/sec) = 839.4979 res=false
*==== INFO ====*  stream_id=181996 latency=0.528849 ms (tx_ts=83106252659269, rx_ts=83106253188118) request_id=337712 zil_blk_id=181996 ccf_commit_seqno=337712 nstreams_done_=45500 config.nstreams=1000000 avg_latency=0.5355 ms avg throuhgput (requests/sec) = 840.0783 res=false
*==== INFO ====*  stream_id=183996 latency=0.485678 ms (tx_ts=83106870857437, rx_ts=83106871343115) request_id=341777 zil_blk_id=183996 ccf_commit_seqno=341777 nstreams_done_=46000 config.nstreams=1000000 avg_latency=0.5360 ms avg throuhgput (requests/sec) = 839.7260 res=false
*==== INFO ====*  stream_id=185996 latency=0.477072 ms (tx_ts=83107499945178, rx_ts=83107500422250) request_id=346059 zil_blk_id=185996 ccf_commit_seqno=346059 nstreams_done_=46500 config.nstreams=1000000 avg_latency=0.5364 ms avg throuhgput (requests/sec) = 839.2161 res=false
*==== INFO ====*  stream_id=187996 latency=0.464188 ms (tx_ts=83108080376548, rx_ts=83108080840736) request_id=350050 zil_blk_id=187996 ccf_commit_seqno=350050 nstreams_done_=47000 config.nstreams=1000000 avg_latency=0.5364 ms avg throuhgput (requests/sec) = 839.4466 res=false
*==== INFO ====*  stream_id=189996 latency=0.520093 ms (tx_ts=83108669509537, rx_ts=83108670029630) request_id=354142 zil_blk_id=189996 ccf_commit_seqno=354142 nstreams_done_=47500 config.nstreams=1000000 avg_latency=0.5365 ms avg throuhgput (requests/sec) = 839.5421 res=false
*==== INFO ====*  stream_id=191996 latency=0.464839 ms (tx_ts=83109279362178, rx_ts=83109279827017) request_id=358171 zil_blk_id=191996 ccf_commit_seqno=358171 nstreams_done_=48000 config.nstreams=1000000 avg_latency=0.5365 ms avg throuhgput (requests/sec) = 839.3332 res=false
*==== INFO ====*  stream_id=193996 latency=0.541783 ms (tx_ts=83109883501807, rx_ts=83109884043590) request_id=362323 zil_blk_id=193996 ccf_commit_seqno=362323 nstreams_done_=48500 config.nstreams=1000000 avg_latency=0.5364 ms avg throuhgput (requests/sec) = 839.2096 res=false
*==== INFO ====*  stream_id=195996 latency=0.449490 ms (tx_ts=83110436464894, rx_ts=83110436914384) request_id=366051 zil_blk_id=195996 ccf_commit_seqno=366051 nstreams_done_=49000 config.nstreams=1000000 avg_latency=0.5361 ms avg throuhgput (requests/sec) = 839.8271 res=false
*==== INFO ====*  stream_id=197996 latency=0.523399 ms (tx_ts=83111033446356, rx_ts=83111033969755) request_id=369843 zil_blk_id=197996 ccf_commit_seqno=369843 nstreams_done_=49500 config.nstreams=1000000 avg_latency=0.5361 ms avg throuhgput (requests/sec) = 839.8029 res=false
*==== INFO ====*  stream_id=199996 latency=0.482382 ms (tx_ts=83111628087986, rx_ts=83111628570368) request_id=373812 zil_blk_id=199996 ccf_commit_seqno=373812 nstreams_done_=50000 config.nstreams=1000000 avg_latency=0.5360 ms avg throuhgput (requests/sec) = 839.8139 res=false
*==== INFO ====*  stream_id=201996 latency=0.480618 ms (tx_ts=83112227966040, rx_ts=83112228446658) request_id=377854 zil_blk_id=201996 ccf_commit_seqno=377854 nstreams_done_=50500 config.nstreams=1000000 avg_latency=0.5360 ms avg throuhgput (requests/sec) = 839.7510 res=false
*==== INFO ====*  stream_id=203996 latency=0.526114 ms (tx_ts=83112836520128, rx_ts=83112837046242) request_id=381930 zil_blk_id=203996 ccf_commit_seqno=381930 nstreams_done_=51000 config.nstreams=1000000 avg_latency=0.5359 ms avg throuhgput (requests/sec) = 839.5687 res=false
*==== INFO ====*  stream_id=205996 latency=0.609540 ms (tx_ts=83113407618581, rx_ts=83113408228121) request_id=385764 zil_blk_id=205996 ccf_commit_seqno=385764 nstreams_done_=51500 config.nstreams=1000000 avg_latency=0.5358 ms avg throuhgput (requests/sec) = 839.9023 res=false
*==== INFO ====*  stream_id=207996 latency=0.531934 ms (tx_ts=83114081819660, rx_ts=83114082351594) request_id=389823 zil_blk_id=207996 ccf_commit_seqno=389823 nstreams_done_=52000 config.nstreams=1000000 avg_latency=0.5368 ms avg throuhgput (requests/sec) = 838.8344 res=false
*==== INFO ====*  stream_id=209996 latency=0.540370 ms (tx_ts=83114732438163, rx_ts=83114732978533) request_id=393985 zil_blk_id=209996 ccf_commit_seqno=393985 nstreams_done_=52500 config.nstreams=1000000 avg_latency=0.5370 ms avg throuhgput (requests/sec) = 838.1038 res=false
*==== INFO ====*  stream_id=211996 latency=0.512468 ms (tx_ts=83115376028709, rx_ts=83115376541177) request_id=398064 zil_blk_id=211996 ccf_commit_seqno=398064 nstreams_done_=53000 config.nstreams=1000000 avg_latency=0.5375 ms avg throuhgput (requests/sec) = 837.4816 res=false
*==== INFO ====*  stream_id=213996 latency=0.471831 ms (tx_ts=83116020206530, rx_ts=83116020678361) request_id=402266 zil_blk_id=213996 ccf_commit_seqno=402266 nstreams_done_=53500 config.nstreams=1000000 avg_latency=0.5379 ms avg throuhgput (requests/sec) = 836.8645 res=false
*==== INFO ====*  stream_id=215996 latency=0.452666 ms (tx_ts=83116649281657, rx_ts=83116649734323) request_id=406518 zil_blk_id=215996 ccf_commit_seqno=406519 nstreams_done_=54000 config.nstreams=1000000 avg_latency=0.5379 ms avg throuhgput (requests/sec) = 836.4550 res=false
*==== INFO ====*  stream_id=217996 latency=0.554747 ms (tx_ts=83117257984127, rx_ts=83117258538874) request_id=410514 zil_blk_id=217996 ccf_commit_seqno=410514 nstreams_done_=54500 config.nstreams=1000000 avg_latency=0.5383 ms avg throuhgput (requests/sec) = 836.3133 res=false
*==== INFO ====*  stream_id=219996 latency=0.632803 ms (tx_ts=83117875208430, rx_ts=83117875841233) request_id=414861 zil_blk_id=219996 ccf_commit_seqno=414861 nstreams_done_=55000 config.nstreams=1000000 avg_latency=0.5384 ms avg throuhgput (requests/sec) = 836.0661 res=false
*==== INFO ====*  stream_id=221996 latency=0.487090 ms (tx_ts=83118517223357, rx_ts=83118517710447) request_id=418908 zil_blk_id=221996 ccf_commit_seqno=418908 nstreams_done_=55500 config.nstreams=1000000 avg_latency=0.5388 ms avg throuhgput (requests/sec) = 835.5145 res=false
*==== INFO ====*  stream_id=223996 latency=0.615160 ms (tx_ts=83119123307679, rx_ts=83119123922839) request_id=422903 zil_blk_id=223996 ccf_commit_seqno=422903 nstreams_done_=56000 config.nstreams=1000000 avg_latency=0.5389 ms avg throuhgput (requests/sec) = 835.4175 res=false
*==== INFO ====*  stream_id=225996 latency=0.556791 ms (tx_ts=83119715898793, rx_ts=83119716455584) request_id=426904 zil_blk_id=225996 ccf_commit_seqno=426905 nstreams_done_=56500 config.nstreams=1000000 avg_latency=0.5387 ms avg throuhgput (requests/sec) = 835.4913 res=false
*==== INFO ====*  stream_id=227996 latency=0.451344 ms (tx_ts=83120294591826, rx_ts=83120295043170) request_id=430889 zil_blk_id=227996 ccf_commit_seqno=430889 nstreams_done_=57000 config.nstreams=1000000 avg_latency=0.5385 ms avg throuhgput (requests/sec) = 835.7346 res=false
*==== INFO ====*  stream_id=229996 latency=0.571278 ms (tx_ts=83120866795223, rx_ts=83120867366501) request_id=434666 zil_blk_id=229996 ccf_commit_seqno=434666 nstreams_done_=57500 config.nstreams=1000000 avg_latency=0.5385 ms avg throuhgput (requests/sec) = 836.0499 res=false
*==== INFO ====*  stream_id=231996 latency=0.461262 ms (tx_ts=83121427965507, rx_ts=83121428426769) request_id=438467 zil_blk_id=231996 ccf_commit_seqno=438467 nstreams_done_=58000 config.nstreams=1000000 avg_latency=0.5383 ms avg throuhgput (requests/sec) = 836.4960 res=false
*==== INFO ====*  stream_id=233996 latency=0.456073 ms (tx_ts=83122003836883, rx_ts=83122004292956) request_id=442407 zil_blk_id=233996 ccf_commit_seqno=442407 nstreams_done_=58500 config.nstreams=1000000 avg_latency=0.5380 ms avg throuhgput (requests/sec) = 836.7576 res=false
*==== INFO ====*  stream_id=235996 latency=0.604851 ms (tx_ts=83122605051163, rx_ts=83122605656014) request_id=446412 zil_blk_id=235996 ccf_commit_seqno=446413 nstreams_done_=59000 config.nstreams=1000000 avg_latency=0.5381 ms avg throuhgput (requests/sec) = 836.7123 res=false
*==== INFO ====*  stream_id=237996 latency=0.428481 ms (tx_ts=83123281494364, rx_ts=83123281922845) request_id=450498 zil_blk_id=237996 ccf_commit_seqno=450498 nstreams_done_=59500 config.nstreams=1000000 avg_latency=0.5385 ms avg throuhgput (requests/sec) = 835.7874 res=false
*==== INFO ====*  stream_id=239996 latency=0.490386 ms (tx_ts=83123863023848, rx_ts=83123863514234) request_id=454404 zil_blk_id=239996 ccf_commit_seqno=454404 nstreams_done_=60000 config.nstreams=1000000 avg_latency=0.5384 ms avg throuhgput (requests/sec) = 835.9813 res=false
*==== INFO ====*  stream_id=241996 latency=0.508501 ms (tx_ts=83124518823641, rx_ts=83124519332142) request_id=458572 zil_blk_id=241996 ccf_commit_seqno=458573 nstreams_done_=60500 config.nstreams=1000000 avg_latency=0.5385 ms avg throuhgput (requests/sec) = 835.3151 res=false
*==== INFO ====*  stream_id=243996 latency=0.472052 ms (tx_ts=83125090292952, rx_ts=83125090765004) request_id=462485 zil_blk_id=243996 ccf_commit_seqno=462485 nstreams_done_=61000 config.nstreams=1000000 avg_latency=0.5381 ms avg throuhgput (requests/sec) = 835.6257 res=false
*==== INFO ====*  stream_id=245996 latency=0.493793 ms (tx_ts=83125714891221, rx_ts=83125715385014) request_id=466602 zil_blk_id=245996 ccf_commit_seqno=466602 nstreams_done_=61500 config.nstreams=1000000 avg_latency=0.5379 ms avg throuhgput (requests/sec) = 835.3275 res=false
*==== INFO ====*  stream_id=247996 latency=0.563574 ms (tx_ts=83126341151614, rx_ts=83126341715188) request_id=470474 zil_blk_id=247996 ccf_commit_seqno=470474 nstreams_done_=62000 config.nstreams=1000000 avg_latency=0.5380 ms avg throuhgput (requests/sec) = 835.0152 res=false
*==== INFO ====*  stream_id=249996 latency=0.455271 ms (tx_ts=83126926929256, rx_ts=83126927384527) request_id=474377 zil_blk_id=249996 ccf_commit_seqno=474377 nstreams_done_=62500 config.nstreams=1000000 avg_latency=0.5379 ms avg throuhgput (requests/sec) = 835.1616 res=false
*==== INFO ====*  stream_id=251996 latency=0.442017 ms (tx_ts=83127462267011, rx_ts=83127462709028) request_id=478010 zil_blk_id=251996 ccf_commit_seqno=478010 nstreams_done_=63000 config.nstreams=1000000 avg_latency=0.5377 ms avg throuhgput (requests/sec) = 835.8637 res=false
*==== INFO ====*  stream_id=253996 latency=0.591796 ms (tx_ts=83128003064825, rx_ts=83128003656621) request_id=481632 zil_blk_id=253996 ccf_commit_seqno=481632 nstreams_done_=63500 config.nstreams=1000000 avg_latency=0.5376 ms avg throuhgput (requests/sec) = 836.4939 res=false
*==== INFO ====*  stream_id=255996 latency=0.467654 ms (tx_ts=83128665212890, rx_ts=83128665680544) request_id=485694 zil_blk_id=255996 ccf_commit_seqno=485694 nstreams_done_=64000 config.nstreams=1000000 avg_latency=0.5380 ms avg throuhgput (requests/sec) = 835.7916 res=false
*==== INFO ====*  stream_id=257996 latency=0.449280 ms (tx_ts=83129240270823, rx_ts=83129240720103) request_id=489409 zil_blk_id=257996 ccf_commit_seqno=489409 nstreams_done_=64500 config.nstreams=1000000 avg_latency=0.5379 ms avg throuhgput (requests/sec) = 836.0429 res=false
*==== INFO ====*  stream_id=259996 latency=0.521885 ms (tx_ts=83129865092253, rx_ts=83129865614138) request_id=493266 zil_blk_id=259996 ccf_commit_seqno=493266 nstreams_done_=65000 config.nstreams=1000000 avg_latency=0.5383 ms avg throuhgput (requests/sec) = 835.7544 res=false
*==== INFO ====*  stream_id=261996 latency=0.479907 ms (tx_ts=83130430357597, rx_ts=83130430837504) request_id=497183 zil_blk_id=261996 ccf_commit_seqno=497183 nstreams_done_=65500 config.nstreams=1000000 avg_latency=0.5381 ms avg throuhgput (requests/sec) = 836.1069 res=false
*==== INFO ====*  stream_id=263996 latency=0.526157 ms (tx_ts=83131012308985, rx_ts=83131012835142) request_id=501372 zil_blk_id=263996 ccf_commit_seqno=501373 nstreams_done_=66000 config.nstreams=1000000 avg_latency=0.5380 ms avg throuhgput (requests/sec) = 836.2765 res=false
*==== INFO ====*  stream_id=265996 latency=0.457485 ms (tx_ts=83131596620411, rx_ts=83131597077896) request_id=505155 zil_blk_id=265996 ccf_commit_seqno=505155 nstreams_done_=66500 config.nstreams=1000000 avg_latency=0.5379 ms avg throuhgput (requests/sec) = 836.4200 res=false
*==== INFO ====*  stream_id=267996 latency=0.489635 ms (tx_ts=83132195123950, rx_ts=83132195613585) request_id=509202 zil_blk_id=267996 ccf_commit_seqno=509203 nstreams_done_=67000 config.nstreams=1000000 avg_latency=0.5379 ms avg throuhgput (requests/sec) = 836.4122 res=false
*==== INFO ====*  stream_id=269996 latency=0.772012 ms (tx_ts=83132808311223, rx_ts=83132809083235) request_id=513116 zil_blk_id=269996 ccf_commit_seqno=513117 nstreams_done_=67500 config.nstreams=1000000 avg_latency=0.5379 ms avg throuhgput (requests/sec) = 836.2497 res=false
*==== INFO ====*  stream_id=271996 latency=0.511827 ms (tx_ts=83133433982578, rx_ts=83133434494405) request_id=517377 zil_blk_id=271996 ccf_commit_seqno=517377 nstreams_done_=68000 config.nstreams=1000000 avg_latency=0.5381 ms avg throuhgput (requests/sec) = 835.9670 res=false
*==== INFO ====*  stream_id=273996 latency=0.521103 ms (tx_ts=83134079771825, rx_ts=83134080292928) request_id=521605 zil_blk_id=273996 ccf_commit_seqno=521605 nstreams_done_=68500 config.nstreams=1000000 avg_latency=0.5383 ms avg throuhgput (requests/sec) = 835.4808 res=false
*==== INFO ====*  stream_id=275996 latency=0.526103 ms (tx_ts=83134730986016, rx_ts=83134731512119) request_id=525621 zil_blk_id=275996 ccf_commit_seqno=525621 nstreams_done_=69000 config.nstreams=1000000 avg_latency=0.5389 ms avg throuhgput (requests/sec) = 834.9473 res=false
*==== INFO ====*  stream_id=277996 latency=0.590497 ms (tx_ts=83135333287269, rx_ts=83135333877766) request_id=529642 zil_blk_id=277996 ccf_commit_seqno=529642 nstreams_done_=69500 config.nstreams=1000000 avg_latency=0.5390 ms avg throuhgput (requests/sec) = 834.9120 res=false
*==== INFO ====*  stream_id=279996 latency=0.446986 ms (tx_ts=83135904573107, rx_ts=83135905020093) request_id=533524 zil_blk_id=279996 ccf_commit_seqno=533524 nstreams_done_=70000 config.nstreams=1000000 avg_latency=0.5388 ms avg throuhgput (requests/sec) = 835.1881 res=false
*==== INFO ====*  stream_id=281996 latency=0.440944 ms (tx_ts=83136483302585, rx_ts=83136483743529) request_id=537528 zil_blk_id=281996 ccf_commit_seqno=537528 nstreams_done_=70500 config.nstreams=1000000 avg_latency=0.5388 ms avg throuhgput (requests/sec) = 835.3855 res=false
*==== INFO ====*  stream_id=283996 latency=0.481249 ms (tx_ts=83137051934894, rx_ts=83137052416143) request_id=541414 zil_blk_id=283996 ccf_commit_seqno=541414 nstreams_done_=71000 config.nstreams=1000000 avg_latency=0.5389 ms avg throuhgput (requests/sec) = 835.6791 res=false
*==== INFO ====*  stream_id=285996 latency=0.529380 ms (tx_ts=83137641975328, rx_ts=83137642504708) request_id=545343 zil_blk_id=285996 ccf_commit_seqno=545343 nstreams_done_=71500 config.nstreams=1000000 avg_latency=0.5391 ms avg throuhgput (requests/sec) = 835.7594 res=false
*==== INFO ====*  stream_id=287996 latency=0.594882 ms (tx_ts=83138189182029, rx_ts=83138189776911) request_id=549177 zil_blk_id=287996 ccf_commit_seqno=549177 nstreams_done_=72000 config.nstreams=1000000 avg_latency=0.5390 ms avg throuhgput (requests/sec) = 836.2544 res=false
*==== INFO ====*  stream_id=289996 latency=0.542014 ms (tx_ts=83138738548598, rx_ts=83138739090612) request_id=552983 zil_blk_id=289996 ccf_commit_seqno=552983 nstreams_done_=72500 config.nstreams=1000000 avg_latency=0.5390 ms avg throuhgput (requests/sec) = 836.7233 res=false
*==== INFO ====*  stream_id=291996 latency=0.538888 ms (tx_ts=83139308995901, rx_ts=83139309534789) request_id=556877 zil_blk_id=291996 ccf_commit_seqno=556877 nstreams_done_=73000 config.nstreams=1000000 avg_latency=0.5391 ms avg throuhgput (requests/sec) = 836.9835 res=false
*==== INFO ====*  stream_id=293996 latency=0.492712 ms (tx_ts=83139842091203, rx_ts=83139842583915) request_id=560532 zil_blk_id=293996 ccf_commit_seqno=560532 nstreams_done_=73500 config.nstreams=1000000 avg_latency=0.5390 ms avg throuhgput (requests/sec) = 837.5972 res=false
*==== INFO ====*  stream_id=295996 latency=0.442066 ms (tx_ts=83140389930502, rx_ts=83140390372568) request_id=564329 zil_blk_id=295996 ccf_commit_seqno=564329 nstreams_done_=74000 config.nstreams=1000000 avg_latency=0.5389 ms avg throuhgput (requests/sec) = 838.0635 res=false
*==== INFO ====*  stream_id=297996 latency=0.566309 ms (tx_ts=83141016673089, rx_ts=83141017239398) request_id=568338 zil_blk_id=297996 ccf_commit_seqno=568338 nstreams_done_=74500 config.nstreams=1000000 avg_latency=0.5391 ms avg throuhgput (requests/sec) = 837.7783 res=false
*==== INFO ====*  stream_id=299996 latency=0.632132 ms (tx_ts=83141624226568, rx_ts=83141624858700) request_id=572208 zil_blk_id=299996 ccf_commit_seqno=572209 nstreams_done_=75000 config.nstreams=1000000 avg_latency=0.5394 ms avg throuhgput (requests/sec) = 837.6773 res=false
*==== INFO ====*  stream_id=301996 latency=0.553465 ms (tx_ts=83142227477132, rx_ts=83142228030597) request_id=576166 zil_blk_id=301996 ccf_commit_seqno=576166 nstreams_done_=75500 config.nstreams=1000000 avg_latency=0.5396 ms avg throuhgput (requests/sec) = 837.6189 res=false
*==== INFO ====*  stream_id=303996 latency=0.485788 ms (tx_ts=83142876407217, rx_ts=83142876893005) request_id=580055 zil_blk_id=303996 ccf_commit_seqno=580055 nstreams_done_=76000 config.nstreams=1000000 avg_latency=0.5400 ms avg throuhgput (requests/sec) = 837.1397 res=false
*==== INFO ====*  stream_id=305996 latency=0.469889 ms (tx_ts=83143457891854, rx_ts=83143458361743) request_id=583952 zil_blk_id=305996 ccf_commit_seqno=583952 nstreams_done_=76500 config.nstreams=1000000 avg_latency=0.5400 ms avg throuhgput (requests/sec) = 837.2845 res=false
*==== INFO ====*  stream_id=307996 latency=0.482543 ms (tx_ts=83144060380981, rx_ts=83144060863524) request_id=587932 zil_blk_id=307996 ccf_commit_seqno=587932 nstreams_done_=77000 config.nstreams=1000000 avg_latency=0.5400 ms avg throuhgput (requests/sec) = 837.2360 res=false
*==== INFO ====*  stream_id=309996 latency=0.512398 ms (tx_ts=83144667365290, rx_ts=83144667877688) request_id=592029 zil_blk_id=309996 ccf_commit_seqno=592029 nstreams_done_=77500 config.nstreams=1000000 avg_latency=0.5400 ms avg throuhgput (requests/sec) = 837.1472 res=false
*==== INFO ====*  stream_id=311996 latency=0.574103 ms (tx_ts=83145291142556, rx_ts=83145291716659) request_id=596171 zil_blk_id=311996 ccf_commit_seqno=596171 nstreams_done_=78000 config.nstreams=1000000 avg_latency=0.5401 ms avg throuhgput (requests/sec) = 836.9086 res=false
*==== INFO ====*  stream_id=313996 latency=0.485127 ms (tx_ts=83145939110125, rx_ts=83145939595252) request_id=600243 zil_blk_id=313996 ccf_commit_seqno=600243 nstreams_done_=78500 config.nstreams=1000000 avg_latency=0.5405 ms avg throuhgput (requests/sec) = 836.4587 res=false
*==== INFO ====*  stream_id=315996 latency=0.544508 ms (tx_ts=83146649043968, rx_ts=83146649588476) request_id=604567 zil_blk_id=315996 ccf_commit_seqno=604567 nstreams_done_=79000 config.nstreams=1000000 avg_latency=0.5410 ms avg throuhgput (requests/sec) = 835.4659 res=false
*==== INFO ====*  stream_id=317996 latency=0.592066 ms (tx_ts=83147251884040, rx_ts=83147252476106) request_id=608650 zil_blk_id=317996 ccf_commit_seqno=608650 nstreams_done_=79500 config.nstreams=1000000 avg_latency=0.5409 ms avg throuhgput (requests/sec) = 835.4271 res=false
*==== INFO ====*  stream_id=319996 latency=0.465129 ms (tx_ts=83147853579262, rx_ts=83147854044391) request_id=612769 zil_blk_id=319996 ccf_commit_seqno=612769 nstreams_done_=80000 config.nstreams=1000000 avg_latency=0.5407 ms avg throuhgput (requests/sec) = 835.4003 res=false
*==== INFO ====*  stream_id=321996 latency=0.471131 ms (tx_ts=83148444058048, rx_ts=83148444529179) request_id=616679 zil_blk_id=321996 ccf_commit_seqno=616679 nstreams_done_=80500 config.nstreams=1000000 avg_latency=0.5406 ms avg throuhgput (requests/sec) = 835.4699 res=false
*==== INFO ====*  stream_id=323996 latency=0.464358 ms (tx_ts=83149040855525, rx_ts=83149041319883) request_id=620569 zil_blk_id=323996 ccf_commit_seqno=620569 nstreams_done_=81000 config.nstreams=1000000 avg_latency=0.5404 ms avg throuhgput (requests/sec) = 835.4844 res=false
*==== INFO ====*  stream_id=325996 latency=0.552052 ms (tx_ts=83149634600967, rx_ts=83149635153019) request_id=624565 zil_blk_id=325996 ccf_commit_seqno=624566 nstreams_done_=81500 config.nstreams=1000000 avg_latency=0.5403 ms avg throuhgput (requests/sec) = 835.5240 res=false
*==== INFO ====*  stream_id=327996 latency=0.437687 ms (tx_ts=83150216294824, rx_ts=83150216732511) request_id=628272 zil_blk_id=327996 ccf_commit_seqno=628272 nstreams_done_=82000 config.nstreams=1000000 avg_latency=0.5403 ms avg throuhgput (requests/sec) = 835.6674 res=false
*==== INFO ====*  stream_id=329996 latency=0.431507 ms (tx_ts=83150796902018, rx_ts=83150797333525) request_id=632186 zil_blk_id=329996 ccf_commit_seqno=632186 nstreams_done_=82500 config.nstreams=1000000 avg_latency=0.5401 ms avg throuhgput (requests/sec) = 835.8175 res=false
*==== INFO ====*  stream_id=331996 latency=0.450983 ms (tx_ts=83151393102489, rx_ts=83151393553472) request_id=636193 zil_blk_id=331996 ccf_commit_seqno=636193 nstreams_done_=83000 config.nstreams=1000000 avg_latency=0.5399 ms avg throuhgput (requests/sec) = 835.8343 res=false
*==== INFO ====*  stream_id=333996 latency=0.469638 ms (tx_ts=83151981826767, rx_ts=83151982296405) request_id=640077 zil_blk_id=333996 ccf_commit_seqno=640077 nstreams_done_=83500 config.nstreams=1000000 avg_latency=0.5398 ms avg throuhgput (requests/sec) = 835.9134 res=false
*==== INFO ====*  stream_id=335996 latency=0.632102 ms (tx_ts=83152569024049, rx_ts=83152569656151) request_id=644003 zil_blk_id=335996 ccf_commit_seqno=644003 nstreams_done_=84000 config.nstreams=1000000 avg_latency=0.5398 ms avg throuhgput (requests/sec) = 836.0032 res=false
*==== INFO ====*  stream_id=337996 latency=0.465400 ms (tx_ts=83153159942147, rx_ts=83153160407547) request_id=648073 zil_blk_id=337996 ccf_commit_seqno=648073 nstreams_done_=84500 config.nstreams=1000000 avg_latency=0.5396 ms avg throuhgput (requests/sec) = 836.0638 res=false
*==== INFO ====*  stream_id=339996 latency=0.485116 ms (tx_ts=83153795019136, rx_ts=83153795504252) request_id=652166 zil_blk_id=339996 ccf_commit_seqno=652166 nstreams_done_=85000 config.nstreams=1000000 avg_latency=0.5397 ms avg throuhgput (requests/sec) = 835.7592 res=false
*==== INFO ====*  stream_id=341996 latency=0.447266 ms (tx_ts=83154419461229, rx_ts=83154419908495) request_id=656409 zil_blk_id=341996 ccf_commit_seqno=656409 nstreams_done_=85500 config.nstreams=1000000 avg_latency=0.5396 ms avg throuhgput (requests/sec) = 835.5457 res=false
*==== INFO ====*  stream_id=343996 latency=0.450422 ms (tx_ts=83155004877253, rx_ts=83155005327675) request_id=660337 zil_blk_id=343996 ccf_commit_seqno=660337 nstreams_done_=86000 config.nstreams=1000000 avg_latency=0.5394 ms avg throuhgput (requests/sec) = 835.6512 res=false
*==== INFO ====*  stream_id=345996 latency=0.488653 ms (tx_ts=83155609918553, rx_ts=83155610407206) request_id=664456 zil_blk_id=345996 ccf_commit_seqno=664456 nstreams_done_=86500 config.nstreams=1000000 avg_latency=0.5392 ms avg throuhgput (requests/sec) = 835.5967 res=false
*==== INFO ====*  stream_id=347996 latency=0.490036 ms (tx_ts=83156194092134, rx_ts=83156194582170) request_id=668359 zil_blk_id=347996 ccf_commit_seqno=668359 nstreams_done_=87000 config.nstreams=1000000 avg_latency=0.5391 ms avg throuhgput (requests/sec) = 835.7107 res=false
*==== INFO ====*  stream_id=349996 latency=0.461653 ms (tx_ts=83156806364148, rx_ts=83156806825801) request_id=672366 zil_blk_id=349996 ccf_commit_seqno=672366 nstreams_done_=87500 config.nstreams=1000000 avg_latency=0.5390 ms avg throuhgput (requests/sec) = 835.5994 res=false
*==== INFO ====*  stream_id=351996 latency=0.520202 ms (tx_ts=83157447429211, rx_ts=83157447949413) request_id=676399 zil_blk_id=351996 ccf_commit_seqno=676400 nstreams_done_=88000 config.nstreams=1000000 avg_latency=0.5392 ms avg throuhgput (requests/sec) = 835.2603 res=false
*==== INFO ====*  stream_id=353996 latency=0.515745 ms (tx_ts=83158053125847, rx_ts=83158053641592) request_id=680460 zil_blk_id=353996 ccf_commit_seqno=680461 nstreams_done_=88500 config.nstreams=1000000 avg_latency=0.5391 ms avg throuhgput (requests/sec) = 835.2045 res=false
*==== INFO ====*  stream_id=355996 latency=0.465160 ms (tx_ts=83158633025638, rx_ts=83158633490798) request_id=684506 zil_blk_id=355996 ccf_commit_seqno=684506 nstreams_done_=89000 config.nstreams=1000000 avg_latency=0.5391 ms avg throuhgput (requests/sec) = 835.3519 res=false
*==== INFO ====*  stream_id=357996 latency=0.471506 ms (tx_ts=83159245662053, rx_ts=83159246133559) request_id=688589 zil_blk_id=357996 ccf_commit_seqno=688589 nstreams_done_=89500 config.nstreams=1000000 avg_latency=0.5392 ms avg throuhgput (requests/sec) = 835.2421 res=false
*==== INFO ====*  stream_id=359996 latency=0.489135 ms (tx_ts=83159832767166, rx_ts=83159833256301) request_id=692571 zil_blk_id=359996 ccf_commit_seqno=692571 nstreams_done_=90000 config.nstreams=1000000 avg_latency=0.5391 ms avg throuhgput (requests/sec) = 835.3313 res=false
*==== INFO ====*  stream_id=361996 latency=0.503101 ms (tx_ts=83160407285278, rx_ts=83160407788379) request_id=696584 zil_blk_id=361996 ccf_commit_seqno=696584 nstreams_done_=90500 config.nstreams=1000000 avg_latency=0.5390 ms avg throuhgput (requests/sec) = 835.5166 res=false
*==== INFO ====*  stream_id=363996 latency=0.509292 ms (tx_ts=83160972119896, rx_ts=83160972629188) request_id=700242 zil_blk_id=363996 ccf_commit_seqno=700242 nstreams_done_=91000 config.nstreams=1000000 avg_latency=0.5391 ms avg throuhgput (requests/sec) = 835.7744 res=false
*==== INFO ====*  stream_id=365996 latency=0.508040 ms (tx_ts=83161499181774, rx_ts=83161499689814) request_id=704038 zil_blk_id=365996 ccf_commit_seqno=704038 nstreams_done_=91500 config.nstreams=1000000 avg_latency=0.5389 ms avg throuhgput (requests/sec) = 836.3182 res=false
*==== INFO ====*  stream_id=367996 latency=0.455071 ms (tx_ts=83162056795225, rx_ts=83162057250296) request_id=707783 zil_blk_id=367996 ccf_commit_seqno=707783 nstreams_done_=92000 config.nstreams=1000000 avg_latency=0.5389 ms avg throuhgput (requests/sec) = 836.6247 res=false
*==== INFO ====*  stream_id=369996 latency=1.742057 ms (tx_ts=83162583202662, rx_ts=83162584944719) request_id=711438 zil_blk_id=369996 ccf_commit_seqno=711438 nstreams_done_=92500 config.nstreams=1000000 avg_latency=0.5387 ms avg throuhgput (requests/sec) = 837.1543 res=false
*==== INFO ====*  stream_id=371996 latency=0.466052 ms (tx_ts=83163293382430, rx_ts=83163293848482) request_id=715639 zil_blk_id=371996 ccf_commit_seqno=715639 nstreams_done_=93000 config.nstreams=1000000 avg_latency=0.5392 ms avg throuhgput (requests/sec) = 836.3138 res=false
*==== INFO ====*  stream_id=373996 latency=0.503501 ms (tx_ts=83163935159911, rx_ts=83163935663412) request_id=719806 zil_blk_id=373996 ccf_commit_seqno=719806 nstreams_done_=93500 config.nstreams=1000000 avg_latency=0.5393 ms avg throuhgput (requests/sec) = 835.9851 res=false
*==== INFO ====*  stream_id=375996 latency=0.451314 ms (tx_ts=83164543546191, rx_ts=83164543997505) request_id=723821 zil_blk_id=375996 ccf_commit_seqno=723821 nstreams_done_=94000 config.nstreams=1000000 avg_latency=0.5395 ms avg throuhgput (requests/sec) = 835.9090 res=false
*==== INFO ====*  stream_id=377996 latency=0.466612 ms (tx_ts=83165148016882, rx_ts=83165148483494) request_id=727704 zil_blk_id=377996 ccf_commit_seqno=727704 nstreams_done_=94500 config.nstreams=1000000 avg_latency=0.5394 ms avg throuhgput (requests/sec) = 835.8622 res=false
*==== INFO ====*  stream_id=379996 latency=0.536242 ms (tx_ts=83165731205814, rx_ts=83165731742056) request_id=731627 zil_blk_id=379996 ccf_commit_seqno=731627 nstreams_done_=95000 config.nstreams=1000000 avg_latency=0.5393 ms avg throuhgput (requests/sec) = 835.9720 res=false
*==== INFO ====*  stream_id=381996 latency=0.514231 ms (tx_ts=83166320192735, rx_ts=83166320706966) request_id=735657 zil_blk_id=381996 ccf_commit_seqno=735657 nstreams_done_=95500 config.nstreams=1000000 avg_latency=0.5392 ms avg throuhgput (requests/sec) = 836.0389 res=false
*==== INFO ====*  stream_id=383996 latency=0.667648 ms (tx_ts=83166917514102, rx_ts=83166918181750) request_id=739713 zil_blk_id=383996 ccf_commit_seqno=739713 nstreams_done_=96000 config.nstreams=1000000 avg_latency=0.5392 ms avg throuhgput (requests/sec) = 836.0431 res=false
*==== INFO ====*  stream_id=385996 latency=0.499734 ms (tx_ts=83167509262169, rx_ts=83167509761903) request_id=743704 zil_blk_id=385996 ccf_commit_seqno=743704 nstreams_done_=96500 config.nstreams=1000000 avg_latency=0.5393 ms avg throuhgput (requests/sec) = 836.0900 res=false
*==== INFO ====*  stream_id=387996 latency=0.577440 ms (tx_ts=83168085927679, rx_ts=83168086505119) request_id=747683 zil_blk_id=387996 ccf_commit_seqno=747683 nstreams_done_=97000 config.nstreams=1000000 avg_latency=0.5392 ms avg throuhgput (requests/sec) = 836.2434 res=false
*==== INFO ====*  stream_id=389996 latency=0.449200 ms (tx_ts=83168685365553, rx_ts=83168685814753) request_id=751712 zil_blk_id=389996 ccf_commit_seqno=751712 nstreams_done_=97500 config.nstreams=1000000 avg_latency=0.5393 ms avg throuhgput (requests/sec) = 836.2334 res=false
*==== INFO ====*  stream_id=391996 latency=0.475209 ms (tx_ts=83169267039200, rx_ts=83169267514409) request_id=755645 zil_blk_id=391996 ccf_commit_seqno=755645 nstreams_done_=98000 config.nstreams=1000000 avg_latency=0.5391 ms avg throuhgput (requests/sec) = 836.3491 res=false
*==== INFO ====*  stream_id=393996 latency=0.457004 ms (tx_ts=83169879954970, rx_ts=83169880411974) request_id=759752 zil_blk_id=393996 ccf_commit_seqno=759752 nstreams_done_=98500 config.nstreams=1000000 avg_latency=0.5392 ms avg throuhgput (requests/sec) = 836.2422 res=false
*==== INFO ====*  stream_id=395996 latency=0.627614 ms (tx_ts=83170452270734, rx_ts=83170452898348) request_id=763648 zil_blk_id=395996 ccf_commit_seqno=763650 nstreams_done_=99000 config.nstreams=1000000 avg_latency=0.5392 ms avg throuhgput (requests/sec) = 836.4218 res=false
*==== INFO ====*  stream_id=397996 latency=0.486690 ms (tx_ts=83171007860661, rx_ts=83171008347351) request_id=767477 zil_blk_id=397996 ccf_commit_seqno=767477 nstreams_done_=99500 config.nstreams=1000000 avg_latency=0.5392 ms avg throuhgput (requests/sec) = 836.7196 res=false
*==== INFO ====*  stream_id=399996 latency=0.437068 ms (tx_ts=83171618469152, rx_ts=83171618906220) request_id=771586 zil_blk_id=399996 ccf_commit_seqno=771586 nstreams_done_=100000 config.nstreams=1000000 avg_latency=0.5393 ms avg throuhgput (requests/sec) = 836.6287 res=false
*==== INFO ====*  stream_id=401996 latency=0.493132 ms (tx_ts=83172167677845, rx_ts=83172168170977) request_id=775503 zil_blk_id=401996 ccf_commit_seqno=775503 nstreams_done_=100500 config.nstreams=1000000 avg_latency=0.5392 ms avg throuhgput (requests/sec) = 836.9657 res=false
*==== INFO ====*  stream_id=403996 latency=0.457886 ms (tx_ts=83172780120547, rx_ts=83172780578433) request_id=779754 zil_blk_id=403996 ccf_commit_seqno=779754 nstreams_done_=101000 config.nstreams=1000000 avg_latency=0.5393 ms avg throuhgput (requests/sec) = 836.8616 res=false
*==== INFO ====*  stream_id=405996 latency=0.501027 ms (tx_ts=83173339633286, rx_ts=83173340134313) request_id=783686 zil_blk_id=405996 ccf_commit_seqno=783686 nstreams_done_=101500 config.nstreams=1000000 avg_latency=0.5393 ms avg throuhgput (requests/sec) = 837.1233 res=false
*==== INFO ====*  stream_id=407996 latency=0.594040 ms (tx_ts=83173922087839, rx_ts=83173922681879) request_id=787743 zil_blk_id=407996 ccf_commit_seqno=787744 nstreams_done_=102000 config.nstreams=1000000 avg_latency=0.5394 ms avg throuhgput (requests/sec) = 837.2246 res=false
*==== INFO ====*  stream_id=409996 latency=0.572270 ms (tx_ts=83174504022580, rx_ts=83174504594850) request_id=791648 zil_blk_id=409996 ccf_commit_seqno=791648 nstreams_done_=102500 config.nstreams=1000000 avg_latency=0.5394 ms avg throuhgput (requests/sec) = 837.3292 res=false
*==== INFO ====*  stream_id=411996 latency=0.462866 ms (tx_ts=83175088315735, rx_ts=83175088778601) request_id=795567 zil_blk_id=411996 ccf_commit_seqno=795567 nstreams_done_=103000 config.nstreams=1000000 avg_latency=0.5394 ms avg throuhgput (requests/sec) = 837.4174 res=false
*==== INFO ====*  stream_id=413996 latency=0.537255 ms (tx_ts=83175661690269, rx_ts=83175662227524) request_id=799450 zil_blk_id=413996 ccf_commit_seqno=799450 nstreams_done_=103500 config.nstreams=1000000 avg_latency=0.5393 ms avg throuhgput (requests/sec) = 837.5775 res=false
*==== INFO ====*  stream_id=415996 latency=0.523939 ms (tx_ts=83176260613035, rx_ts=83176261136974) request_id=803391 zil_blk_id=415996 ccf_commit_seqno=803391 nstreams_done_=104000 config.nstreams=1000000 avg_latency=0.5394 ms avg throuhgput (requests/sec) = 837.5643 res=false
*==== INFO ====*  stream_id=417996 latency=0.447387 ms (tx_ts=83176909160524, rx_ts=83176909607911) request_id=807594 zil_blk_id=417996 ccf_commit_seqno=807594 nstreams_done_=104500 config.nstreams=1000000 avg_latency=0.5396 ms avg throuhgput (requests/sec) = 837.2187 res=false
*==== INFO ====*  stream_id=419996 latency=0.519552 ms (tx_ts=83177521630146, rx_ts=83177522149698) request_id=811805 zil_blk_id=419996 ccf_commit_seqno=811806 nstreams_done_=105000 config.nstreams=1000000 avg_latency=0.5397 ms avg throuhgput (requests/sec) = 837.1164 res=false
*==== INFO ====*  stream_id=421996 latency=0.511236 ms (tx_ts=83178131608324, rx_ts=83178132119560) request_id=815898 zil_blk_id=421996 ccf_commit_seqno=815899 nstreams_done_=105500 config.nstreams=1000000 avg_latency=0.5398 ms avg throuhgput (requests/sec) = 837.0322 res=false
*==== INFO ====*  stream_id=423996 latency=0.536633 ms (tx_ts=83178761880765, rx_ts=83178762417398) request_id=820010 zil_blk_id=423996 ccf_commit_seqno=820010 nstreams_done_=106000 config.nstreams=1000000 avg_latency=0.5400 ms avg throuhgput (requests/sec) = 836.8145 res=false
*==== INFO ====*  stream_id=425996 latency=0.462445 ms (tx_ts=83179326823267, rx_ts=83179327285712) request_id=823884 zil_blk_id=425996 ccf_commit_seqno=823884 nstreams_done_=106500 config.nstreams=1000000 avg_latency=0.5400 ms avg throuhgput (requests/sec) = 837.0291 res=false
*==== INFO ====*  stream_id=427996 latency=0.546047 ms (tx_ts=83179900510964, rx_ts=83179901057011) request_id=827969 zil_blk_id=427996 ccf_commit_seqno=827969 nstreams_done_=107000 config.nstreams=1000000 avg_latency=0.5399 ms avg throuhgput (requests/sec) = 837.1836 res=false
*==== INFO ====*  stream_id=429996 latency=0.513745 ms (tx_ts=83180516670921, rx_ts=83180517184666) request_id=832139 zil_blk_id=429996 ccf_commit_seqno=832139 nstreams_done_=107500 config.nstreams=1000000 avg_latency=0.5399 ms avg throuhgput (requests/sec) = 837.0604 res=false
*==== INFO ====*  stream_id=431996 latency=0.432064 ms (tx_ts=83181122905199, rx_ts=83181123337263) request_id=836188 zil_blk_id=431996 ccf_commit_seqno=836188 nstreams_done_=108000 config.nstreams=1000000 avg_latency=0.5400 ms avg throuhgput (requests/sec) = 837.0032 res=false
*==== INFO ====*  stream_id=433996 latency=1.143999 ms (tx_ts=83181742746700, rx_ts=83181743890699) request_id=840343 zil_blk_id=433996 ccf_commit_seqno=840344 nstreams_done_=108500 config.nstreams=1000000 avg_latency=0.5401 ms avg throuhgput (requests/sec) = 836.8535 res=false
*==== INFO ====*  stream_id=435996 latency=0.471372 ms (tx_ts=83182338076799, rx_ts=83182338548171) request_id=844315 zil_blk_id=435996 ccf_commit_seqno=844315 nstreams_done_=109000 config.nstreams=1000000 avg_latency=0.5400 ms avg throuhgput (requests/sec) = 836.8716 res=false
*==== INFO ====*  stream_id=437996 latency=0.508948 ms (tx_ts=83182960852641, rx_ts=83182961361589) request_id=848301 zil_blk_id=437996 ccf_commit_seqno=848301 nstreams_done_=109500 config.nstreams=1000000 avg_latency=0.5401 ms avg throuhgput (requests/sec) = 836.7095 res=false
*==== INFO ====*  stream_id=439996 latency=0.479717 ms (tx_ts=83183587607463, rx_ts=83183588087180) request_id=852320 zil_blk_id=439996 ccf_commit_seqno=852320 nstreams_done_=110000 config.nstreams=1000000 avg_latency=0.5402 ms avg throuhgput (requests/sec) = 836.5241 res=false
*==== INFO ====*  stream_id=441996 latency=0.520884 ms (tx_ts=83184149808022, rx_ts=83184150328906) request_id=856225 zil_blk_id=441996 ccf_commit_seqno=856225 nstreams_done_=110500 config.nstreams=1000000 avg_latency=0.5401 ms avg throuhgput (requests/sec) = 836.7487 res=false
*==== INFO ====*  stream_id=443996 latency=0.536092 ms (tx_ts=83184716957370, rx_ts=83184717493462) request_id=860133 zil_blk_id=443996 ccf_commit_seqno=860133 nstreams_done_=111000 config.nstreams=1000000 avg_latency=0.5401 ms avg throuhgput (requests/sec) = 836.9405 res=false
*==== INFO ====*  stream_id=445996 latency=0.473977 ms (tx_ts=83185317310334, rx_ts=83185317784311) request_id=864085 zil_blk_id=445996 ccf_commit_seqno=864085 nstreams_done_=111500 config.nstreams=1000000 avg_latency=0.5401 ms avg throuhgput (requests/sec) = 836.9224 res=false
*==== INFO ====*  stream_id=447996 latency=0.519662 ms (tx_ts=83185919781522, rx_ts=83185920301184) request_id=868154 zil_blk_id=447996 ccf_commit_seqno=868154 nstreams_done_=112000 config.nstreams=1000000 avg_latency=0.5400 ms avg throuhgput (requests/sec) = 836.8905 res=false
*==== INFO ====*  stream_id=449996 latency=0.493743 ms (tx_ts=83186502602641, rx_ts=83186503096384) request_id=872171 zil_blk_id=449996 ccf_commit_seqno=872171 nstreams_done_=112500 config.nstreams=1000000 avg_latency=0.5399 ms avg throuhgput (requests/sec) = 836.9818 res=false
*==== INFO ====*  stream_id=451996 latency=0.437348 ms (tx_ts=83187112036936, rx_ts=83187112474284) request_id=876188 zil_blk_id=451996 ccf_commit_seqno=876188 nstreams_done_=113000 config.nstreams=1000000 avg_latency=0.5398 ms avg throuhgput (requests/sec) = 836.9074 res=false
*==== INFO ====*  stream_id=453996 latency=0.502149 ms (tx_ts=83187695104023, rx_ts=83187695606172) request_id=880134 zil_blk_id=453996 ccf_commit_seqno=880134 nstreams_done_=113500 config.nstreams=1000000 avg_latency=0.5396 ms avg throuhgput (requests/sec) = 836.9957 res=false
*==== INFO ====*  stream_id=455996 latency=0.434803 ms (tx_ts=83188278075962, rx_ts=83188278510765) request_id=884116 zil_blk_id=455996 ccf_commit_seqno=884116 nstreams_done_=114000 config.nstreams=1000000 avg_latency=0.5395 ms avg throuhgput (requests/sec) = 837.0847 res=false
*==== INFO ====*  stream_id=457996 latency=0.478995 ms (tx_ts=83188872581385, rx_ts=83188873060380) request_id=888117 zil_blk_id=457996 ccf_commit_seqno=888117 nstreams_done_=114500 config.nstreams=1000000 avg_latency=0.5393 ms avg throuhgput (requests/sec) = 837.1016 res=false
*==== INFO ====*  stream_id=459996 latency=0.482251 ms (tx_ts=83189472426862, rx_ts=83189472909113) request_id=892066 zil_blk_id=459996 ccf_commit_seqno=892066 nstreams_done_=115000 config.nstreams=1000000 avg_latency=0.5392 ms avg throuhgput (requests/sec) = 837.0860 res=false
*==== INFO ====*  stream_id=461996 latency=0.450312 ms (tx_ts=83190071867271, rx_ts=83190072317583) request_id=896131 zil_blk_id=461996 ccf_commit_seqno=896131 nstreams_done_=115500 config.nstreams=1000000 avg_latency=0.5392 ms avg throuhgput (requests/sec) = 837.0733 res=false
*==== INFO ====*  stream_id=463996 latency=0.618577 ms (tx_ts=83190664298554, rx_ts=83190664917131) request_id=900013 zil_blk_id=463996 ccf_commit_seqno=900013 nstreams_done_=116000 config.nstreams=1000000 avg_latency=0.5392 ms avg throuhgput (requests/sec) = 837.1018 res=false
*==== INFO ====*  stream_id=465996 latency=0.446054 ms (tx_ts=83191222964335, rx_ts=83191223410389) request_id=903970 zil_blk_id=465996 ccf_commit_seqno=903970 nstreams_done_=116500 config.nstreams=1000000 avg_latency=0.5390 ms avg throuhgput (requests/sec) = 837.3353 res=false
*==== INFO ====*  stream_id=467996 latency=0.513069 ms (tx_ts=83191785078247, rx_ts=83191785591316) request_id=907984 zil_blk_id=467996 ccf_commit_seqno=907984 nstreams_done_=117000 config.nstreams=1000000 avg_latency=0.5389 ms avg throuhgput (requests/sec) = 837.5448 res=false
*==== INFO ====*  stream_id=469996 latency=0.489245 ms (tx_ts=83192391541019, rx_ts=83192392030264) request_id=912130 zil_blk_id=469996 ccf_commit_seqno=912130 nstreams_done_=117500 config.nstreams=1000000 avg_latency=0.5389 ms avg throuhgput (requests/sec) = 837.4883 res=false
*==== INFO ====*  stream_id=471996 latency=0.429884 ms (tx_ts=83193008035851, rx_ts=83193008465735) request_id=916051 zil_blk_id=471996 ccf_commit_seqno=916051 nstreams_done_=118000 config.nstreams=1000000 avg_latency=0.5391 ms avg throuhgput (requests/sec) = 837.3730 res=false
*==== INFO ====*  stream_id=473996 latency=0.483224 ms (tx_ts=83193636598042, rx_ts=83193637081266) request_id=920032 zil_blk_id=473996 ccf_commit_seqno=920032 nstreams_done_=118500 config.nstreams=1000000 avg_latency=0.5392 ms avg throuhgput (requests/sec) = 837.1866 res=false
*==== INFO ====*  stream_id=475996 latency=0.502536 ms (tx_ts=83194293242954, rx_ts=83194293745490) request_id=924116 zil_blk_id=475996 ccf_commit_seqno=924116 nstreams_done_=119000 config.nstreams=1000000 avg_latency=0.5393 ms avg throuhgput (requests/sec) = 836.8367 res=false
*==== INFO ====*  stream_id=477996 latency=0.449050 ms (tx_ts=83194874620908, rx_ts=83194875069958) request_id=928126 zil_blk_id=477996 ccf_commit_seqno=928126 nstreams_done_=119500 config.nstreams=1000000 avg_latency=0.5393 ms avg throuhgput (requests/sec) = 836.9314 res=false
*==== INFO ====*  stream_id=479996 latency=0.646599 ms (tx_ts=83195440252488, rx_ts=83195440899087) request_id=932032 zil_blk_id=479996 ccf_commit_seqno=932033 nstreams_done_=120000 config.nstreams=1000000 avg_latency=0.5391 ms avg throuhgput (requests/sec) = 837.1159 res=false
*==== INFO ====*  stream_id=481996 latency=0.467073 ms (tx_ts=83196052420949, rx_ts=83196052888022) request_id=936154 zil_blk_id=481996 ccf_commit_seqno=936154 nstreams_done_=120500 config.nstreams=1000000 avg_latency=0.5392 ms avg throuhgput (requests/sec) = 837.0304 res=false
*==== INFO ====*  stream_id=483996 latency=0.466523 ms (tx_ts=83196692817426, rx_ts=83196693283949) request_id=940478 zil_blk_id=483996 ccf_commit_seqno=940478 nstreams_done_=121000 config.nstreams=1000000 avg_latency=0.5394 ms avg throuhgput (requests/sec) = 836.7812 res=false
*==== INFO ====*  stream_id=485996 latency=0.492712 ms (tx_ts=83197299570314, rx_ts=83197300063026) request_id=944651 zil_blk_id=485996 ccf_commit_seqno=944651 nstreams_done_=121500 config.nstreams=1000000 avg_latency=0.5393 ms avg throuhgput (requests/sec) = 836.7279 res=false
*==== INFO ====*  stream_id=487996 latency=0.477623 ms (tx_ts=83197885299922, rx_ts=83197885777545) request_id=948621 zil_blk_id=487996 ccf_commit_seqno=948621 nstreams_done_=122000 config.nstreams=1000000 avg_latency=0.5392 ms avg throuhgput (requests/sec) = 836.7959 res=false
*==== INFO ====*  stream_id=489996 latency=0.475776 ms (tx_ts=83198555964016, rx_ts=83198556439792) request_id=952688 zil_blk_id=489996 ccf_commit_seqno=952688 nstreams_done_=122500 config.nstreams=1000000 avg_latency=0.5394 ms avg throuhgput (requests/sec) = 836.3780 res=false
*==== INFO ====*  stream_id=491996 latency=0.511667 ms (tx_ts=83199138700579, rx_ts=83199139212246) request_id=956547 zil_blk_id=491996 ccf_commit_seqno=956547 nstreams_done_=123000 config.nstreams=1000000 avg_latency=0.5394 ms avg throuhgput (requests/sec) = 836.4636 res=false
*==== INFO ====*  stream_id=493996 latency=0.513941 ms (tx_ts=83199763656347, rx_ts=83199764170288) request_id=960672 zil_blk_id=493996 ccf_commit_seqno=960673 nstreams_done_=123500 config.nstreams=1000000 avg_latency=0.5394 ms avg throuhgput (requests/sec) = 836.3095 res=false
*==== INFO ====*  stream_id=495996 latency=0.451557 ms (tx_ts=83200352880296, rx_ts=83200353331853) request_id=964601 zil_blk_id=495996 ccf_commit_seqno=964601 nstreams_done_=124000 config.nstreams=1000000 avg_latency=0.5393 ms avg throuhgput (requests/sec) = 836.3586 res=false
*==== INFO ====*  stream_id=497996 latency=0.522888 ms (tx_ts=83200968510097, rx_ts=83200969032985) request_id=968740 zil_blk_id=497996 ccf_commit_seqno=968740 nstreams_done_=124500 config.nstreams=1000000 avg_latency=0.5393 ms avg throuhgput (requests/sec) = 836.2582 res=false
*==== INFO ====*  stream_id=499996 latency=0.511146 ms (tx_ts=83201588548189, rx_ts=83201589059335) request_id=972817 zil_blk_id=499996 ccf_commit_seqno=972817 nstreams_done_=125000 config.nstreams=1000000 avg_latency=0.5393 ms avg throuhgput (requests/sec) = 836.1344 res=false
*==== INFO ====*  stream_id=501996 latency=0.499915 ms (tx_ts=83202168066664, rx_ts=83202168566579) request_id=976710 zil_blk_id=501996 ccf_commit_seqno=976710 nstreams_done_=125500 config.nstreams=1000000 avg_latency=0.5393 ms avg throuhgput (requests/sec) = 836.2374 res=false
*==== INFO ====*  stream_id=503996 latency=0.482913 ms (tx_ts=83202769354959, rx_ts=83202769837872) request_id=980800 zil_blk_id=503996 ccf_commit_seqno=980800 nstreams_done_=126000 config.nstreams=1000000 avg_latency=0.5393 ms avg throuhgput (requests/sec) = 836.2188 res=false
*==== INFO ====*  stream_id=505996 latency=0.549568 ms (tx_ts=83203347708311, rx_ts=83203348257879) request_id=984758 zil_blk_id=505996 ccf_commit_seqno=984758 nstreams_done_=126500 config.nstreams=1000000 avg_latency=0.5392 ms avg throuhgput (requests/sec) = 836.3267 res=false
*==== INFO ====*  stream_id=507996 latency=0.748750 ms (tx_ts=83204050600124, rx_ts=83204051348874) request_id=989050 zil_blk_id=507996 ccf_commit_seqno=989050 nstreams_done_=127000 config.nstreams=1000000 avg_latency=0.5395 ms avg throuhgput (requests/sec) = 835.7475 res=false
*==== INFO ====*  stream_id=509996 latency=0.489288 ms (tx_ts=83204717015790, rx_ts=83204717505078) request_id=993002 zil_blk_id=509996 ccf_commit_seqno=993002 nstreams_done_=127500 config.nstreams=1000000 avg_latency=0.5400 ms avg throuhgput (requests/sec) = 835.3757 res=false
*==== INFO ====*  stream_id=511996 latency=0.518179 ms (tx_ts=83205335666407, rx_ts=83205336184586) request_id=996981 zil_blk_id=511996 ccf_commit_seqno=996982 nstreams_done_=128000 config.nstreams=1000000 avg_latency=0.5401 ms avg throuhgput (requests/sec) = 835.2659 res=false
*==== INFO ====*  stream_id=513996 latency=0.486640 ms (tx_ts=83205941702514, rx_ts=83205942189154) request_id=1000956 zil_blk_id=513996 ccf_commit_seqno=1000956 nstreams_done_=128500 config.nstreams=1000000 avg_latency=0.5402 ms avg throuhgput (requests/sec) = 835.2258 res=false
*==== INFO ====*  stream_id=515996 latency=0.463847 ms (tx_ts=83206501074816, rx_ts=83206501538663) request_id=1004670 zil_blk_id=515996 ccf_commit_seqno=1004670 nstreams_done_=129000 config.nstreams=1000000 avg_latency=0.5403 ms avg throuhgput (requests/sec) = 835.4383 res=false
*==== INFO ====*  stream_id=517996 latency=0.534069 ms (tx_ts=83207136904572, rx_ts=83207137438641) request_id=1008841 zil_blk_id=517996 ccf_commit_seqno=1008841 nstreams_done_=129500 config.nstreams=1000000 avg_latency=0.5403 ms avg throuhgput (requests/sec) = 835.2367 res=false
*==== INFO ====*  stream_id=519996 latency=0.633555 ms (tx_ts=83207744907497, rx_ts=83207745541052) request_id=1012922 zil_blk_id=519996 ccf_commit_seqno=1012922 nstreams_done_=130000 config.nstreams=1000000 avg_latency=0.5402 ms avg throuhgput (requests/sec) = 835.1859 res=false
*==== INFO ====*  stream_id=521996 latency=0.569699 ms (tx_ts=83208339375289, rx_ts=83208339944988) request_id=1017046 zil_blk_id=521996 ccf_commit_seqno=1017046 nstreams_done_=130500 config.nstreams=1000000 avg_latency=0.5401 ms avg throuhgput (requests/sec) = 835.2087 res=false
*==== INFO ====*  stream_id=523996 latency=0.440904 ms (tx_ts=83208993372010, rx_ts=83208993812914) request_id=1021074 zil_blk_id=523996 ccf_commit_seqno=1021074 nstreams_done_=131000 config.nstreams=1000000 avg_latency=0.5403 ms avg throuhgput (requests/sec) = 834.9148 res=false
*==== INFO ====*  stream_id=525996 latency=0.496328 ms (tx_ts=83209580650630, rx_ts=83209581146958) request_id=1024827 zil_blk_id=525996 ccf_commit_seqno=1024827 nstreams_done_=131500 config.nstreams=1000000 avg_latency=0.5405 ms avg throuhgput (requests/sec) = 834.9759 res=false
*==== INFO ====*  stream_id=527996 latency=0.502008 ms (tx_ts=83210157048434, rx_ts=83210157550442) request_id=1028706 zil_blk_id=527996 ccf_commit_seqno=1028706 nstreams_done_=132000 config.nstreams=1000000 avg_latency=0.5404 ms avg throuhgput (requests/sec) = 835.0943 res=false
*==== INFO ====*  stream_id=529996 latency=0.548134 ms (tx_ts=83210755118972, rx_ts=83210755667106) request_id=1032635 zil_blk_id=529996 ccf_commit_seqno=1032635 nstreams_done_=132500 config.nstreams=1000000 avg_latency=0.5404 ms avg throuhgput (requests/sec) = 835.0976 res=false
*==== INFO ====*  stream_id=531996 latency=0.472770 ms (tx_ts=83211333329603, rx_ts=83211333802373) request_id=1036588 zil_blk_id=531996 ccf_commit_seqno=1036588 nstreams_done_=133000 config.nstreams=1000000 avg_latency=0.5402 ms avg throuhgput (requests/sec) = 835.2056 res=false
*==== INFO ====*  stream_id=533996 latency=1.406840 ms (tx_ts=83211913633183, rx_ts=83211915040023) request_id=1040559 zil_blk_id=533996 ccf_commit_seqno=1040559 nstreams_done_=133500 config.nstreams=1000000 avg_latency=0.5402 ms avg throuhgput (requests/sec) = 835.2966 res=false
*==== INFO ====*  stream_id=535996 latency=0.479967 ms (tx_ts=83212511265305, rx_ts=83212511745272) request_id=1044638 zil_blk_id=535996 ccf_commit_seqno=1044638 nstreams_done_=134000 config.nstreams=1000000 avg_latency=0.5401 ms avg throuhgput (requests/sec) = 835.3064 res=false
*==== INFO ====*  stream_id=537996 latency=0.557292 ms (tx_ts=83213143837254, rx_ts=83213144394546) request_id=1048719 zil_blk_id=537996 ccf_commit_seqno=1048719 nstreams_done_=134500 config.nstreams=1000000 avg_latency=0.5403 ms avg throuhgput (requests/sec) = 835.1297 res=false
*==== INFO ====*  stream_id=539996 latency=0.466266 ms (tx_ts=83213743861454, rx_ts=83213744327720) request_id=1052718 zil_blk_id=539996 ccf_commit_seqno=1052718 nstreams_done_=135000 config.nstreams=1000000 avg_latency=0.5402 ms avg throuhgput (requests/sec) = 835.1234 res=false
*==== INFO ====*  stream_id=541996 latency=0.573763 ms (tx_ts=83214311984545, rx_ts=83214312558308) request_id=1056540 zil_blk_id=541996 ccf_commit_seqno=1056540 nstreams_done_=135500 config.nstreams=1000000 avg_latency=0.5402 ms avg throuhgput (requests/sec) = 835.2803 res=false
*==== INFO ====*  stream_id=543996 latency=0.440257 ms (tx_ts=83214927381711, rx_ts=83214927821968) request_id=1060530 zil_blk_id=543996 ccf_commit_seqno=1060530 nstreams_done_=136000 config.nstreams=1000000 avg_latency=0.5402 ms avg throuhgput (requests/sec) = 835.1949 res=false
*==== INFO ====*  stream_id=545996 latency=0.611613 ms (tx_ts=83215527278066, rx_ts=83215527889679) request_id=1064389 zil_blk_id=545996 ccf_commit_seqno=1064389 nstreams_done_=136500 config.nstreams=1000000 avg_latency=0.5402 ms avg throuhgput (requests/sec) = 835.1877 res=false
*==== INFO ====*  stream_id=547996 latency=0.474438 ms (tx_ts=83216101171358, rx_ts=83216101645796) request_id=1068306 zil_blk_id=547996 ccf_commit_seqno=1068306 nstreams_done_=137000 config.nstreams=1000000 avg_latency=0.5401 ms avg throuhgput (requests/sec) = 835.3145 res=false
*==== INFO ====*  stream_id=549996 latency=0.577700 ms (tx_ts=83216743250699, rx_ts=83216743828399) request_id=1072498 zil_blk_id=549996 ccf_commit_seqno=1072498 nstreams_done_=137500 config.nstreams=1000000 avg_latency=0.5402 ms avg throuhgput (requests/sec) = 835.0933 res=false
*==== INFO ====*  stream_id=551996 latency=0.520504 ms (tx_ts=83217345302644, rx_ts=83217345823148) request_id=1076615 zil_blk_id=551996 ccf_commit_seqno=1076615 nstreams_done_=138000 config.nstreams=1000000 avg_latency=0.5401 ms avg throuhgput (requests/sec) = 835.0768 res=false
*==== INFO ====*  stream_id=553996 latency=0.589642 ms (tx_ts=83218018591772, rx_ts=83218019181414) request_id=1081057 zil_blk_id=553996 ccf_commit_seqno=1081057 nstreams_done_=138500 config.nstreams=1000000 avg_latency=0.5403 ms avg throuhgput (requests/sec) = 834.7013 res=false
*==== INFO ====*  stream_id=555996 latency=0.462394 ms (tx_ts=83218620867809, rx_ts=83218621330203) request_id=1085095 zil_blk_id=555996 ccf_commit_seqno=1085095 nstreams_done_=139000 config.nstreams=1000000 avg_latency=0.5403 ms avg throuhgput (requests/sec) = 834.6856 res=false
*==== INFO ====*  stream_id=557996 latency=0.477463 ms (tx_ts=83219216975540, rx_ts=83219217453003) request_id=1089161 zil_blk_id=557996 ccf_commit_seqno=1089161 nstreams_done_=139500 config.nstreams=1000000 avg_latency=0.5403 ms avg throuhgput (requests/sec) = 834.7002 res=false
*==== INFO ====*  stream_id=559996 latency=0.442898 ms (tx_ts=83219842356306, rx_ts=83219842799204) request_id=1093185 zil_blk_id=559996 ccf_commit_seqno=1093185 nstreams_done_=140000 config.nstreams=1000000 avg_latency=0.5404 ms avg throuhgput (requests/sec) = 834.5691 res=false
*==== INFO ====*  stream_id=561996 latency=0.532486 ms (tx_ts=83220442758330, rx_ts=83220443290816) request_id=1097302 zil_blk_id=561996 ccf_commit_seqno=1097302 nstreams_done_=140500 config.nstreams=1000000 avg_latency=0.5403 ms avg throuhgput (requests/sec) = 834.5623 res=false
*==== INFO ====*  stream_id=563996 latency=0.724554 ms (tx_ts=83221029682379, rx_ts=83221030406933) request_id=1101446 zil_blk_id=563996 ccf_commit_seqno=1101447 nstreams_done_=141000 config.nstreams=1000000 avg_latency=0.5404 ms avg throuhgput (requests/sec) = 834.6216 res=false
*==== INFO ====*  stream_id=565996 latency=1.078086 ms (tx_ts=83221631777651, rx_ts=83221632855737) request_id=1105346 zil_blk_id=565996 ccf_commit_seqno=1105346 nstreams_done_=141500 config.nstreams=1000000 avg_latency=0.5404 ms avg throuhgput (requests/sec) = 834.6050 res=false
*==== INFO ====*  stream_id=567996 latency=0.503404 ms (tx_ts=83222253858564, rx_ts=83222254361968) request_id=1109289 zil_blk_id=567996 ccf_commit_seqno=1109289 nstreams_done_=142000 config.nstreams=1000000 avg_latency=0.5408 ms avg throuhgput (requests/sec) = 834.4950 res=false
*==== INFO ====*  stream_id=569996 latency=0.537499 ms (tx_ts=83222893927957, rx_ts=83222894465456) request_id=1113399 zil_blk_id=569996 ccf_commit_seqno=1113399 nstreams_done_=142500 config.nstreams=1000000 avg_latency=0.5410 ms avg throuhgput (requests/sec) = 834.2950 res=false
*==== INFO ====*  stream_id=571996 latency=0.553875 ms (tx_ts=83223510571167, rx_ts=83223511125042) request_id=1117536 zil_blk_id=571996 ccf_commit_seqno=1117536 nstreams_done_=143000 config.nstreams=1000000 avg_latency=0.5409 ms avg throuhgput (requests/sec) = 834.2105 res=false
*==== INFO ====*  stream_id=573996 latency=0.479807 ms (tx_ts=83224143935755, rx_ts=83224144415562) request_id=1121432 zil_blk_id=573996 ccf_commit_seqno=1121432 nstreams_done_=143500 config.nstreams=1000000 avg_latency=0.5413 ms avg throuhgput (requests/sec) = 834.0461 res=false
*==== INFO ====*  stream_id=575996 latency=0.488363 ms (tx_ts=83224736978201, rx_ts=83224737466564) request_id=1125537 zil_blk_id=575996 ccf_commit_seqno=1125537 nstreams_done_=144000 config.nstreams=1000000 avg_latency=0.5413 ms avg throuhgput (requests/sec) = 834.0772 res=false
*==== INFO ====*  stream_id=577996 latency=0.618817 ms (tx_ts=83225305636449, rx_ts=83225306255266) request_id=1129316 zil_blk_id=577996 ccf_commit_seqno=1129316 nstreams_done_=144500 config.nstreams=1000000 avg_latency=0.5414 ms avg throuhgput (requests/sec) = 834.2249 res=false
*==== INFO ====*  stream_id=579996 latency=0.543897 ms (tx_ts=83225878851220, rx_ts=83225879395117) request_id=1133097 zil_blk_id=579996 ccf_commit_seqno=1133097 nstreams_done_=145000 config.nstreams=1000000 avg_latency=0.5413 ms avg throuhgput (requests/sec) = 834.3507 res=false
*==== INFO ====*  stream_id=581996 latency=0.504694 ms (tx_ts=83226464512756, rx_ts=83226465017450) request_id=1136910 zil_blk_id=581996 ccf_commit_seqno=1136910 nstreams_done_=145500 config.nstreams=1000000 avg_latency=0.5413 ms avg throuhgput (requests/sec) = 834.4160 res=false
*==== INFO ====*  stream_id=583996 latency=0.526684 ms (tx_ts=83227055276895, rx_ts=83227055803579) request_id=1140842 zil_blk_id=583996 ccf_commit_seqno=1140842 nstreams_done_=146000 config.nstreams=1000000 avg_latency=0.5413 ms avg throuhgput (requests/sec) = 834.4563 res=false
*==== INFO ====*  stream_id=585996 latency=0.582500 ms (tx_ts=83227604931183, rx_ts=83227605513683) request_id=1144724 zil_blk_id=585996 ccf_commit_seqno=1144724 nstreams_done_=146500 config.nstreams=1000000 avg_latency=0.5412 ms avg throuhgput (requests/sec) = 834.6915 res=false
*==== INFO ====*  stream_id=587996 latency=0.435655 ms (tx_ts=83228173900638, rx_ts=83228174336293) request_id=1148709 zil_blk_id=587996 ccf_commit_seqno=1148709 nstreams_done_=147000 config.nstreams=1000000 avg_latency=0.5411 ms avg throuhgput (requests/sec) = 834.8347 res=false
*==== INFO ====*  stream_id=589996 latency=0.693857 ms (tx_ts=83228773885376, rx_ts=83228774579233) request_id=1152685 zil_blk_id=589996 ccf_commit_seqno=1152685 nstreams_done_=147500 config.nstreams=1000000 avg_latency=0.5411 ms avg throuhgput (requests/sec) = 834.8284 res=false
*==== INFO ====*  stream_id=591996 latency=0.492711 ms (tx_ts=83229374754233, rx_ts=83229375246944) request_id=1156622 zil_blk_id=591996 ccf_commit_seqno=1156622 nstreams_done_=148000 config.nstreams=1000000 avg_latency=0.5411 ms avg throuhgput (requests/sec) = 834.8202 res=false
*==== INFO ====*  stream_id=593996 latency=0.564530 ms (tx_ts=83229989250211, rx_ts=83229989814741) request_id=1160621 zil_blk_id=593996 ccf_commit_seqno=1160621 nstreams_done_=148500 config.nstreams=1000000 avg_latency=0.5411 ms avg throuhgput (requests/sec) = 834.7469 res=false
*==== INFO ====*  stream_id=595996 latency=0.479245 ms (tx_ts=83230619896736, rx_ts=83230620375981) request_id=1164858 zil_blk_id=595996 ccf_commit_seqno=1164858 nstreams_done_=149000 config.nstreams=1000000 avg_latency=0.5412 ms avg throuhgput (requests/sec) = 834.5992 res=false
*==== INFO ====*  stream_id=597996 latency=0.500650 ms (tx_ts=83231240932170, rx_ts=83231241432820) request_id=1168998 zil_blk_id=597996 ccf_commit_seqno=1168998 nstreams_done_=149500 config.nstreams=1000000 avg_latency=0.5413 ms avg throuhgput (requests/sec) = 834.4969 res=false
*==== INFO ====*  stream_id=599996 latency=0.503726 ms (tx_ts=83231862086247, rx_ts=83231862589973) request_id=1173035 zil_blk_id=599996 ccf_commit_seqno=1173035 nstreams_done_=150000 config.nstreams=1000000 avg_latency=0.5415 ms avg throuhgput (requests/sec) = 834.3948 res=false
*==== INFO ====*  stream_id=601996 latency=0.479456 ms (tx_ts=83232462496591, rx_ts=83232462976047) request_id=1177035 zil_blk_id=601996 ccf_commit_seqno=1177035 nstreams_done_=150500 config.nstreams=1000000 avg_latency=0.5415 ms avg throuhgput (requests/sec) = 834.3895 res=false
*==== INFO ====*  stream_id=603996 latency=0.498763 ms (tx_ts=83233091886405, rx_ts=83233092385168) request_id=1181084 zil_blk_id=603996 ccf_commit_seqno=1181084 nstreams_done_=151000 config.nstreams=1000000 avg_latency=0.5416 ms avg throuhgput (requests/sec) = 834.2504 res=false
*==== INFO ====*  stream_id=605996 latency=0.488483 ms (tx_ts=83233688313912, rx_ts=83233688802395) request_id=1185056 zil_blk_id=605996 ccf_commit_seqno=1185056 nstreams_done_=151500 config.nstreams=1000000 avg_latency=0.5416 ms avg throuhgput (requests/sec) = 834.2638 res=false
*==== INFO ====*  stream_id=607996 latency=0.463841 ms (tx_ts=83234269949574, rx_ts=83234270413415) request_id=1188966 zil_blk_id=607996 ccf_commit_seqno=1188966 nstreams_done_=152000 config.nstreams=1000000 avg_latency=0.5416 ms avg throuhgput (requests/sec) = 834.3450 res=false
*==== INFO ====*  stream_id=609996 latency=0.466713 ms (tx_ts=83234857932008, rx_ts=83234858398721) request_id=1192804 zil_blk_id=609996 ccf_commit_seqno=1192805 nstreams_done_=152500 config.nstreams=1000000 avg_latency=0.5415 ms avg throuhgput (requests/sec) = 834.3965 res=false
*==== INFO ====*  stream_id=611996 latency=0.499965 ms (tx_ts=83235460329537, rx_ts=83235460829502) request_id=1196898 zil_blk_id=611996 ccf_commit_seqno=1196898 nstreams_done_=153000 config.nstreams=1000000 avg_latency=0.5415 ms avg throuhgput (requests/sec) = 834.3819 res=false
*==== INFO ====*  stream_id=613996 latency=0.489905 ms (tx_ts=83236055617512, rx_ts=83236056107417) request_id=1200873 zil_blk_id=613996 ccf_commit_seqno=1200873 nstreams_done_=153500 config.nstreams=1000000 avg_latency=0.5414 ms avg throuhgput (requests/sec) = 834.3999 res=false
*==== INFO ====*  stream_id=615996 latency=0.556842 ms (tx_ts=83236658419536, rx_ts=83236658976378) request_id=1204837 zil_blk_id=615996 ccf_commit_seqno=1204838 nstreams_done_=154000 config.nstreams=1000000 avg_latency=0.5415 ms avg throuhgput (requests/sec) = 834.3835 res=false
*==== INFO ====*  stream_id=617996 latency=0.452336 ms (tx_ts=83237276734258, rx_ts=83237277186594) request_id=1208908 zil_blk_id=617996 ccf_commit_seqno=1208908 nstreams_done_=154500 config.nstreams=1000000 avg_latency=0.5416 ms avg throuhgput (requests/sec) = 834.2981 res=false
*==== INFO ====*  stream_id=619996 latency=0.457655 ms (tx_ts=83237862574223, rx_ts=83237863031878) request_id=1212767 zil_blk_id=619996 ccf_commit_seqno=1212767 nstreams_done_=155000 config.nstreams=1000000 avg_latency=0.5415 ms avg throuhgput (requests/sec) = 834.3585 res=false
*==== INFO ====*  stream_id=621996 latency=0.481000 ms (tx_ts=83238466975797, rx_ts=83238467456797) request_id=1216658 zil_blk_id=621996 ccf_commit_seqno=1216658 nstreams_done_=155500 config.nstreams=1000000 avg_latency=0.5415 ms avg throuhgput (requests/sec) = 834.3354 res=false
*==== INFO ====*  stream_id=623996 latency=0.470790 ms (tx_ts=83239042305670, rx_ts=83239042776460) request_id=1220485 zil_blk_id=623996 ccf_commit_seqno=1220485 nstreams_done_=156000 config.nstreams=1000000 avg_latency=0.5415 ms avg throuhgput (requests/sec) = 834.4423 res=false
*==== INFO ====*  stream_id=625996 latency=0.529056 ms (tx_ts=83239588795268, rx_ts=83239589324324) request_id=1224150 zil_blk_id=625996 ccf_commit_seqno=1224150 nstreams_done_=156500 config.nstreams=1000000 avg_latency=0.5414 ms avg throuhgput (requests/sec) = 834.6767 res=false
*==== INFO ====*  stream_id=627996 latency=0.548735 ms (tx_ts=83240204515735, rx_ts=83240205064470) request_id=1228131 zil_blk_id=627996 ccf_commit_seqno=1228131 nstreams_done_=157000 config.nstreams=1000000 avg_latency=0.5415 ms avg throuhgput (requests/sec) = 834.6025 res=false
*==== INFO ====*  stream_id=629996 latency=0.538727 ms (tx_ts=83240746977717, rx_ts=83240747516444) request_id=1232081 zil_blk_id=629996 ccf_commit_seqno=1232081 nstreams_done_=157500 config.nstreams=1000000 avg_latency=0.5413 ms avg throuhgput (requests/sec) = 834.8531 res=false
*==== INFO ====*  stream_id=631996 latency=0.449410 ms (tx_ts=83241299283011, rx_ts=83241299732421) request_id=1236129 zil_blk_id=631996 ccf_commit_seqno=1236129 nstreams_done_=158000 config.nstreams=1000000 avg_latency=0.5413 ms avg throuhgput (requests/sec) = 835.0591 res=false
*==== INFO ====*  stream_id=633996 latency=0.476250 ms (tx_ts=83241854364917, rx_ts=83241854841167) request_id=1240154 zil_blk_id=633996 ccf_commit_seqno=1240155 nstreams_done_=158500 config.nstreams=1000000 avg_latency=0.5411 ms avg throuhgput (requests/sec) = 835.2512 res=false
*==== INFO ====*  stream_id=635996 latency=0.552069 ms (tx_ts=83242404354841, rx_ts=83242404906910) request_id=1244001 zil_blk_id=635996 ccf_commit_seqno=1244001 nstreams_done_=159000 config.nstreams=1000000 avg_latency=0.5410 ms avg throuhgput (requests/sec) = 835.4643 res=false
*==== INFO ====*  stream_id=637996 latency=0.585915 ms (tx_ts=83243032604744, rx_ts=83243033190659) request_id=1248045 zil_blk_id=637996 ccf_commit_seqno=1248045 nstreams_done_=159500 config.nstreams=1000000 avg_latency=0.5410 ms avg throuhgput (requests/sec) = 835.3339 res=false
*==== INFO ====*  stream_id=639996 latency=0.511216 ms (tx_ts=83243626763507, rx_ts=83243627274723) request_id=1251872 zil_blk_id=639996 ccf_commit_seqno=1251872 nstreams_done_=160000 config.nstreams=1000000 avg_latency=0.5410 ms avg throuhgput (requests/sec) = 835.3534 res=false
*==== INFO ====*  stream_id=641996 latency=0.515914 ms (tx_ts=83244229787419, rx_ts=83244230303333) request_id=1255790 zil_blk_id=641996 ccf_commit_seqno=1255790 nstreams_done_=160500 config.nstreams=1000000 avg_latency=0.5410 ms avg throuhgput (requests/sec) = 835.3339 res=false
*==== INFO ====*  stream_id=643996 latency=0.455672 ms (tx_ts=83244824641054, rx_ts=83244825096726) request_id=1259762 zil_blk_id=643996 ccf_commit_seqno=1259762 nstreams_done_=161000 config.nstreams=1000000 avg_latency=0.5409 ms avg throuhgput (requests/sec) = 835.3503 res=false
*==== INFO ====*  stream_id=645996 latency=0.546973 ms (tx_ts=83245418740779, rx_ts=83245419287752) request_id=1263788 zil_blk_id=645996 ccf_commit_seqno=1263788 nstreams_done_=161500 config.nstreams=1000000 avg_latency=0.5408 ms avg throuhgput (requests/sec) = 835.3691 res=false
*==== INFO ====*  stream_id=647996 latency=0.848516 ms (tx_ts=83246048367097, rx_ts=83246049215613) request_id=1267994 zil_blk_id=647996 ccf_commit_seqno=1267994 nstreams_done_=162000 config.nstreams=1000000 avg_latency=0.5409 ms avg throuhgput (requests/sec) = 835.2339 res=false
*==== INFO ====*  stream_id=649996 latency=0.461163 ms (tx_ts=83246633142618, rx_ts=83246633603781) request_id=1272034 zil_blk_id=649996 ccf_commit_seqno=1272034 nstreams_done_=162500 config.nstreams=1000000 avg_latency=0.5409 ms avg throuhgput (requests/sec) = 835.2951 res=false
*==== INFO ====*  stream_id=651996 latency=0.498512 ms (tx_ts=83247227086749, rx_ts=83247227585261) request_id=1275954 zil_blk_id=651996 ccf_commit_seqno=1275955 nstreams_done_=163000 config.nstreams=1000000 avg_latency=0.5408 ms avg throuhgput (requests/sec) = 835.3148 res=false
*==== INFO ====*  stream_id=653996 latency=0.604891 ms (tx_ts=83247819190347, rx_ts=83247819795238) request_id=1279957 zil_blk_id=653996 ccf_commit_seqno=1279957 nstreams_done_=163500 config.nstreams=1000000 avg_latency=0.5408 ms avg throuhgput (requests/sec) = 835.3420 res=false
*==== INFO ====*  stream_id=655996 latency=0.489556 ms (tx_ts=83248388100931, rx_ts=83248388590487) request_id=1283932 zil_blk_id=655996 ccf_commit_seqno=1283933 nstreams_done_=164000 config.nstreams=1000000 avg_latency=0.5407 ms avg throuhgput (requests/sec) = 835.4686 res=false
*==== INFO ====*  stream_id=657996 latency=0.443981 ms (tx_ts=83248960323873, rx_ts=83248960767854) request_id=1287793 zil_blk_id=657996 ccf_commit_seqno=1287793 nstreams_done_=164500 config.nstreams=1000000 avg_latency=0.5407 ms avg throuhgput (requests/sec) = 835.5802 res=false
*==== INFO ====*  stream_id=659996 latency=0.439438 ms (tx_ts=83249568411376, rx_ts=83249568850814) request_id=1291640 zil_blk_id=659996 ccf_commit_seqno=1291640 nstreams_done_=165000 config.nstreams=1000000 avg_latency=0.5408 ms avg throuhgput (requests/sec) = 835.5392 res=false
*==== INFO ====*  stream_id=661996 latency=0.503521 ms (tx_ts=83250166474889, rx_ts=83250166978410) request_id=1295586 zil_blk_id=661996 ccf_commit_seqno=1295587 nstreams_done_=165500 config.nstreams=1000000 avg_latency=0.5407 ms avg throuhgput (requests/sec) = 835.5404 res=false
*==== INFO ====*  stream_id=663996 latency=0.461072 ms (tx_ts=83250771158823, rx_ts=83250771619895) request_id=1299606 zil_blk_id=663996 ccf_commit_seqno=1299606 nstreams_done_=166000 config.nstreams=1000000 avg_latency=0.5407 ms avg throuhgput (requests/sec) = 835.5142 res=false
*==== INFO ====*  stream_id=665996 latency=0.475940 ms (tx_ts=83251394510459, rx_ts=83251394986399) request_id=1303634 zil_blk_id=665996 ccf_commit_seqno=1303634 nstreams_done_=166500 config.nstreams=1000000 avg_latency=0.5408 ms avg throuhgput (requests/sec) = 835.4097 res=false
*==== INFO ====*  stream_id=667996 latency=0.455672 ms (tx_ts=83251936027473, rx_ts=83251936483145) request_id=1307322 zil_blk_id=667996 ccf_commit_seqno=1307322 nstreams_done_=167000 config.nstreams=1000000 avg_latency=0.5408 ms avg throuhgput (requests/sec) = 835.6480 res=false
*==== INFO ====*  stream_id=669996 latency=0.669922 ms (tx_ts=83252550289507, rx_ts=83252550959429) request_id=1311387 zil_blk_id=669996 ccf_commit_seqno=1311388 nstreams_done_=167500 config.nstreams=1000000 avg_latency=0.5407 ms avg throuhgput (requests/sec) = 835.5807 res=false
*==== INFO ====*  stream_id=671996 latency=0.493453 ms (tx_ts=83253151226838, rx_ts=83253151720291) request_id=1315478 zil_blk_id=671996 ccf_commit_seqno=1315478 nstreams_done_=168000 config.nstreams=1000000 avg_latency=0.5407 ms avg throuhgput (requests/sec) = 835.5708 res=false
*==== INFO ====*  stream_id=673996 latency=0.502189 ms (tx_ts=83253784819625, rx_ts=83253785321814) request_id=1319447 zil_blk_id=673996 ccf_commit_seqno=1319447 nstreams_done_=168500 config.nstreams=1000000 avg_latency=0.5409 ms avg throuhgput (requests/sec) = 835.4250 res=false
*==== INFO ====*  stream_id=675996 latency=0.527596 ms (tx_ts=83254400130691, rx_ts=83254400658287) request_id=1323536 zil_blk_id=675996 ccf_commit_seqno=1323537 nstreams_done_=169000 config.nstreams=1000000 avg_latency=0.5409 ms avg throuhgput (requests/sec) = 835.3555 res=false
*==== INFO ====*  stream_id=677996 latency=0.595099 ms (tx_ts=83254971170279, rx_ts=83254971765378) request_id=1327489 zil_blk_id=677996 ccf_commit_seqno=1327489 nstreams_done_=169500 config.nstreams=1000000 avg_latency=0.5409 ms avg throuhgput (requests/sec) = 835.4684 res=false
*==== INFO ====*  stream_id=679996 latency=0.442097 ms (tx_ts=83255555669704, rx_ts=83255556111801) request_id=1331366 zil_blk_id=679996 ccf_commit_seqno=1331366 nstreams_done_=170000 config.nstreams=1000000 avg_latency=0.5409 ms avg throuhgput (requests/sec) = 835.5264 res=false
*==== INFO ====*  stream_id=681996 latency=0.522888 ms (tx_ts=83256127162535, rx_ts=83256127685423) request_id=1335186 zil_blk_id=681996 ccf_commit_seqno=1335187 nstreams_done_=170500 config.nstreams=1000000 avg_latency=0.5409 ms avg throuhgput (requests/sec) = 835.6364 res=false
*==== INFO ====*  stream_id=683996 latency=0.611834 ms (tx_ts=83256704584160, rx_ts=83256705195994) request_id=1339115 zil_blk_id=683996 ccf_commit_seqno=1339116 nstreams_done_=171000 config.nstreams=1000000 avg_latency=0.5408 ms avg throuhgput (requests/sec) = 835.7215 res=false
*==== INFO ====*  stream_id=685996 latency=0.439822 ms (tx_ts=83257276298807, rx_ts=83257276738629) request_id=1343103 zil_blk_id=685996 ccf_commit_seqno=1343103 nstreams_done_=171500 config.nstreams=1000000 avg_latency=0.5407 ms avg throuhgput (requests/sec) = 835.8304 res=false
*==== INFO ====*  stream_id=687996 latency=0.524130 ms (tx_ts=83257826087675, rx_ts=83257826611805) request_id=1346768 zil_blk_id=687996 ccf_commit_seqno=1346768 nstreams_done_=172000 config.nstreams=1000000 avg_latency=0.5406 ms avg throuhgput (requests/sec) = 836.0268 res=false
*==== INFO ====*  stream_id=689996 latency=0.532596 ms (tx_ts=83258390203015, rx_ts=83258390735611) request_id=1350440 zil_blk_id=689996 ccf_commit_seqno=1350440 nstreams_done_=172500 config.nstreams=1000000 avg_latency=0.5406 ms avg throuhgput (requests/sec) = 836.1643 res=false
*==== INFO ====*  stream_id=691996 latency=0.513330 ms (tx_ts=83259058393213, rx_ts=83259058906543) request_id=1354872 zil_blk_id=691996 ccf_commit_seqno=1354872 nstreams_done_=173000 config.nstreams=1000000 avg_latency=0.5407 ms avg throuhgput (requests/sec) = 835.8807 res=false
*==== INFO ====*  stream_id=693996 latency=0.456473 ms (tx_ts=83259638445042, rx_ts=83259638901515) request_id=1358800 zil_blk_id=693996 ccf_commit_seqno=1358800 nstreams_done_=173500 config.nstreams=1000000 avg_latency=0.5407 ms avg throuhgput (requests/sec) = 835.9539 res=false
*==== INFO ====*  stream_id=695996 latency=0.493933 ms (tx_ts=83260254303658, rx_ts=83260254797591) request_id=1362775 zil_blk_id=695996 ccf_commit_seqno=1362775 nstreams_done_=174000 config.nstreams=1000000 avg_latency=0.5407 ms avg throuhgput (requests/sec) = 835.8825 res=false
*==== INFO ====*  stream_id=697996 latency=0.547825 ms (tx_ts=83260855807331, rx_ts=83260856355156) request_id=1366894 zil_blk_id=697996 ccf_commit_seqno=1366894 nstreams_done_=174500 config.nstreams=1000000 avg_latency=0.5407 ms avg throuhgput (requests/sec) = 835.8689 res=false
*==== INFO ====*  stream_id=699996 latency=0.460381 ms (tx_ts=83261425817474, rx_ts=83261426277855) request_id=1370743 zil_blk_id=699996 ccf_commit_seqno=1370743 nstreams_done_=175000 config.nstreams=1000000 avg_latency=0.5406 ms avg throuhgput (requests/sec) = 835.9818 res=false
*==== INFO ====*  stream_id=701996 latency=0.465711 ms (tx_ts=83262005991690, rx_ts=83262006457401) request_id=1374728 zil_blk_id=701996 ccf_commit_seqno=1374728 nstreams_done_=175500 config.nstreams=1000000 avg_latency=0.5406 ms avg throuhgput (requests/sec) = 836.0531 res=false
*==== INFO ====*  stream_id=703996 latency=0.462799 ms (tx_ts=83262588034035, rx_ts=83262588496834) request_id=1378696 zil_blk_id=703996 ccf_commit_seqno=1378696 nstreams_done_=176000 config.nstreams=1000000 avg_latency=0.5405 ms avg throuhgput (requests/sec) = 836.1167 res=false
*==== INFO ====*  stream_id=705996 latency=0.513985 ms (tx_ts=83263201659946, rx_ts=83263202173931) request_id=1382827 zil_blk_id=705996 ccf_commit_seqno=1382827 nstreams_done_=176500 config.nstreams=1000000 avg_latency=0.5405 ms avg throuhgput (requests/sec) = 836.0546 res=false
*==== INFO ====*  stream_id=707996 latency=0.496362 ms (tx_ts=83263790581787, rx_ts=83263791078149) request_id=1386893 zil_blk_id=707996 ccf_commit_seqno=1386894 nstreams_done_=177000 config.nstreams=1000000 avg_latency=0.5404 ms avg throuhgput (requests/sec) = 836.0907 res=false
*==== INFO ====*  stream_id=709996 latency=0.523719 ms (tx_ts=83264418659096, rx_ts=83264419182815) request_id=1391297 zil_blk_id=709996 ccf_commit_seqno=1391297 nstreams_done_=177500 config.nstreams=1000000 avg_latency=0.5404 ms avg throuhgput (requests/sec) = 835.9723 res=false
*==== INFO ====*  stream_id=711996 latency=0.551000 ms (tx_ts=83264997100899, rx_ts=83264997651899) request_id=1395327 zil_blk_id=711996 ccf_commit_seqno=1395327 nstreams_done_=178000 config.nstreams=1000000 avg_latency=0.5403 ms avg throuhgput (requests/sec) = 836.0494 res=false
*==== INFO ====*  stream_id=713996 latency=0.510474 ms (tx_ts=83265581183953, rx_ts=83265581694427) request_id=1399281 zil_blk_id=713996 ccf_commit_seqno=1399281 nstreams_done_=178500 config.nstreams=1000000 avg_latency=0.5403 ms avg throuhgput (requests/sec) = 836.1042 res=false
*==== INFO ====*  stream_id=715996 latency=0.555228 ms (tx_ts=83266181419514, rx_ts=83266181974742) request_id=1403319 zil_blk_id=715996 ccf_commit_seqno=1403319 nstreams_done_=179000 config.nstreams=1000000 avg_latency=0.5403 ms avg throuhgput (requests/sec) = 836.0954 res=false
*==== INFO ====*  stream_id=717996 latency=0.447860 ms (tx_ts=83266770178375, rx_ts=83266770626235) request_id=1407220 zil_blk_id=717996 ccf_commit_seqno=1407220 nstreams_done_=179500 config.nstreams=1000000 avg_latency=0.5401 ms avg throuhgput (requests/sec) = 836.1319 res=false
*==== INFO ====*  stream_id=719996 latency=0.473959 ms (tx_ts=83267347949029, rx_ts=83267348422988) request_id=1411293 zil_blk_id=719996 ccf_commit_seqno=1411293 nstreams_done_=180000 config.nstreams=1000000 avg_latency=0.5401 ms avg throuhgput (requests/sec) = 836.2103 res=false
*==== INFO ====*  stream_id=721996 latency=0.460060 ms (tx_ts=83267886109431, rx_ts=83267886569491) request_id=1415093 zil_blk_id=721996 ccf_commit_seqno=1415093 nstreams_done_=180500 config.nstreams=1000000 avg_latency=0.5400 ms avg throuhgput (requests/sec) = 836.4420 res=false
*==== INFO ====*  stream_id=723996 latency=0.487321 ms (tx_ts=83268420408938, rx_ts=83268420896259) request_id=1418877 zil_blk_id=723996 ccf_commit_seqno=1418877 nstreams_done_=181000 config.nstreams=1000000 avg_latency=0.5399 ms avg throuhgput (requests/sec) = 836.6873 res=false
*==== INFO ====*  stream_id=725996 latency=0.502520 ms (tx_ts=83269003167786, rx_ts=83269003670306) request_id=1422783 zil_blk_id=725996 ccf_commit_seqno=1422783 nstreams_done_=181500 config.nstreams=1000000 avg_latency=0.5400 ms avg throuhgput (requests/sec) = 836.7445 res=false
*==== INFO ====*  stream_id=727996 latency=0.507820 ms (tx_ts=83269568902628, rx_ts=83269569410448) request_id=1426559 zil_blk_id=727996 ccf_commit_seqno=1426559 nstreams_done_=182000 config.nstreams=1000000 avg_latency=0.5399 ms avg throuhgput (requests/sec) = 836.8669 res=false
*==== INFO ====*  stream_id=729996 latency=0.633084 ms (tx_ts=83270135098169, rx_ts=83270135731253) request_id=1430426 zil_blk_id=729996 ccf_commit_seqno=1430427 nstreams_done_=182500 config.nstreams=1000000 avg_latency=0.5400 ms avg throuhgput (requests/sec) = 836.9864 res=false
*==== INFO ====*  stream_id=731996 latency=1.652019 ms (tx_ts=83270690258868, rx_ts=83270691910887) request_id=1434284 zil_blk_id=731996 ccf_commit_seqno=1434284 nstreams_done_=183000 config.nstreams=1000000 avg_latency=0.5399 ms avg throuhgput (requests/sec) = 837.1442 res=false
*==== INFO ====*  stream_id=733996 latency=0.505375 ms (tx_ts=83271255474910, rx_ts=83271255980285) request_id=1438116 zil_blk_id=733996 ccf_commit_seqno=1438116 nstreams_done_=183500 config.nstreams=1000000 avg_latency=0.5399 ms avg throuhgput (requests/sec) = 837.2710 res=false
*==== INFO ====*  stream_id=735996 latency=0.810937 ms (tx_ts=83271793853044, rx_ts=83271794663981) request_id=1441816 zil_blk_id=735996 ccf_commit_seqno=1441817 nstreams_done_=184000 config.nstreams=1000000 avg_latency=0.5399 ms avg throuhgput (requests/sec) = 837.4939 res=false
*==== INFO ====*  stream_id=737996 latency=0.435705 ms (tx_ts=83272341095785, rx_ts=83272341531490) request_id=1445649 zil_blk_id=737996 ccf_commit_seqno=1445649 nstreams_done_=184500 config.nstreams=1000000 avg_latency=0.5399 ms avg throuhgput (requests/sec) = 837.6846 res=false
*==== INFO ====*  stream_id=739996 latency=0.593419 ms (tx_ts=83272898269138, rx_ts=83272898862557) request_id=1449394 zil_blk_id=739996 ccf_commit_seqno=1449394 nstreams_done_=185000 config.nstreams=1000000 avg_latency=0.5399 ms avg throuhgput (requests/sec) = 837.8346 res=false
*==== INFO ====*  stream_id=741996 latency=0.467925 ms (tx_ts=83273435746187, rx_ts=83273436214112) request_id=1453078 zil_blk_id=741996 ccf_commit_seqno=1453078 nstreams_done_=185500 config.nstreams=1000000 avg_latency=0.5399 ms avg throuhgput (requests/sec) = 838.0596 res=false
*==== INFO ====*  stream_id=743996 latency=0.519241 ms (tx_ts=83274016778386, rx_ts=83274017297627) request_id=1456897 zil_blk_id=743996 ccf_commit_seqno=1456897 nstreams_done_=186000 config.nstreams=1000000 avg_latency=0.5399 ms avg throuhgput (requests/sec) = 838.1182 res=false
*==== INFO ====*  stream_id=745996 latency=0.570102 ms (tx_ts=83274617897735, rx_ts=83274618467837) request_id=1460716 zil_blk_id=745996 ccf_commit_seqno=1460717 nstreams_done_=186500 config.nstreams=1000000 avg_latency=0.5400 ms avg throuhgput (requests/sec) = 838.1009 res=false
*==== INFO ====*  stream_id=747996 latency=0.556627 ms (tx_ts=83275225292983, rx_ts=83275225849610) request_id=1464564 zil_blk_id=747996 ccf_commit_seqno=1464564 nstreams_done_=187000 config.nstreams=1000000 avg_latency=0.5400 ms avg throuhgput (requests/sec) = 838.0604 res=false
*==== INFO ====*  stream_id=749996 latency=0.533893 ms (tx_ts=83275813805870, rx_ts=83275814339763) request_id=1468555 zil_blk_id=749996 ccf_commit_seqno=1468555 nstreams_done_=187500 config.nstreams=1000000 avg_latency=0.5400 ms avg throuhgput (requests/sec) = 838.0908 res=false
*==== INFO ====*  stream_id=751996 latency=0.493558 ms (tx_ts=83276401311752, rx_ts=83276401805310) request_id=1472554 zil_blk_id=751996 ccf_commit_seqno=1472554 nstreams_done_=188000 config.nstreams=1000000 avg_latency=0.5401 ms avg throuhgput (requests/sec) = 838.1249 res=false
*==== INFO ====*  stream_id=753996 latency=0.521306 ms (tx_ts=83276996437425, rx_ts=83276996958731) request_id=1476459 zil_blk_id=753996 ccf_commit_seqno=1476459 nstreams_done_=188500 config.nstreams=1000000 avg_latency=0.5402 ms avg throuhgput (requests/sec) = 838.1302 res=false
*==== INFO ====*  stream_id=755996 latency=0.698146 ms (tx_ts=83277582329368, rx_ts=83277583027514) request_id=1480433 zil_blk_id=755996 ccf_commit_seqno=1480433 nstreams_done_=189000 config.nstreams=1000000 avg_latency=0.5402 ms avg throuhgput (requests/sec) = 838.1692 res=false
*==== INFO ====*  stream_id=757996 latency=0.539059 ms (tx_ts=83278136317945, rx_ts=83278136857004) request_id=1484272 zil_blk_id=757996 ccf_commit_seqno=1484272 nstreams_done_=189500 config.nstreams=1000000 avg_latency=0.5402 ms avg throuhgput (requests/sec) = 838.3276 res=false
*==== INFO ====*  stream_id=759996 latency=0.476171 ms (tx_ts=83278705021806, rx_ts=83278705497977) request_id=1488266 zil_blk_id=759996 ccf_commit_seqno=1488266 nstreams_done_=190000 config.nstreams=1000000 avg_latency=0.5402 ms avg throuhgput (requests/sec) = 838.4304 res=false
*==== INFO ====*  stream_id=761996 latency=0.508548 ms (tx_ts=83279288956253, rx_ts=83279289464801) request_id=1492310 zil_blk_id=761996 ccf_commit_seqno=1492311 nstreams_done_=190500 config.nstreams=1000000 avg_latency=0.5401 ms avg throuhgput (requests/sec) = 838.4761 res=false
*==== INFO ====*  stream_id=763996 latency=0.482904 ms (tx_ts=83279895182145, rx_ts=83279895665049) request_id=1496370 zil_blk_id=763996 ccf_commit_seqno=1496370 nstreams_done_=191000 config.nstreams=1000000 avg_latency=0.5401 ms avg throuhgput (requests/sec) = 838.4397 res=false
*==== INFO ====*  stream_id=765996 latency=0.729065 ms (tx_ts=83280472222346, rx_ts=83280472951411) request_id=1500309 zil_blk_id=765996 ccf_commit_seqno=1500309 nstreams_done_=191500 config.nstreams=1000000 avg_latency=0.5400 ms avg throuhgput (requests/sec) = 838.5097 res=false
*==== INFO ====*  stream_id=767996 latency=0.438521 ms (tx_ts=83281056197514, rx_ts=83281056636035) request_id=1504363 zil_blk_id=767996 ccf_commit_seqno=1504363 nstreams_done_=192000 config.nstreams=1000000 avg_latency=0.5400 ms avg throuhgput (requests/sec) = 838.5559 res=false
*==== INFO ====*  stream_id=769996 latency=0.457500 ms (tx_ts=83281614237090, rx_ts=83281614694590) request_id=1508223 zil_blk_id=769996 ccf_commit_seqno=1508223 nstreams_done_=192500 config.nstreams=1000000 avg_latency=0.5400 ms avg throuhgput (requests/sec) = 838.6954 res=false
*==== INFO ====*  stream_id=771996 latency=0.573163 ms (tx_ts=83282208192038, rx_ts=83282208765201) request_id=1512305 zil_blk_id=771996 ccf_commit_seqno=1512305 nstreams_done_=193000 config.nstreams=1000000 avg_latency=0.5401 ms avg throuhgput (requests/sec) = 838.7031 res=false
*==== INFO ====*  stream_id=773996 latency=0.479287 ms (tx_ts=83282827628020, rx_ts=83282828107307) request_id=1516310 zil_blk_id=773996 ccf_commit_seqno=1516310 nstreams_done_=193500 config.nstreams=1000000 avg_latency=0.5402 ms avg throuhgput (requests/sec) = 838.6188 res=false
*==== INFO ====*  stream_id=775996 latency=0.483919 ms (tx_ts=83283449503479, rx_ts=83283449987398) request_id=1520616 zil_blk_id=775996 ccf_commit_seqno=1520617 nstreams_done_=194000 config.nstreams=1000000 avg_latency=0.5402 ms avg throuhgput (requests/sec) = 838.5258 res=false
*==== INFO ====*  stream_id=777996 latency=0.472985 ms (tx_ts=83284104618035, rx_ts=83284105091020) request_id=1524754 zil_blk_id=777996 ccf_commit_seqno=1524754 nstreams_done_=194500 config.nstreams=1000000 avg_latency=0.5403 ms avg throuhgput (requests/sec) = 838.3132 res=false
*==== INFO ====*  stream_id=779996 latency=0.445484 ms (tx_ts=83284686363375, rx_ts=83284686808859) request_id=1528713 zil_blk_id=779996 ccf_commit_seqno=1528713 nstreams_done_=195000 config.nstreams=1000000 avg_latency=0.5403 ms avg throuhgput (requests/sec) = 838.3663 res=false
*==== INFO ====*  stream_id=781996 latency=0.499435 ms (tx_ts=83285277108813, rx_ts=83285277608248) request_id=1532814 zil_blk_id=781996 ccf_commit_seqno=1532814 nstreams_done_=195500 config.nstreams=1000000 avg_latency=0.5402 ms avg throuhgput (requests/sec) = 838.3864 res=false
*==== INFO ====*  stream_id=783996 latency=0.474128 ms (tx_ts=83285891625030, rx_ts=83285892099158) request_id=1537096 zil_blk_id=783996 ccf_commit_seqno=1537096 nstreams_done_=196000 config.nstreams=1000000 avg_latency=0.5402 ms avg throuhgput (requests/sec) = 838.3215 res=false
*==== INFO ====*  stream_id=785996 latency=0.500457 ms (tx_ts=83286465437652, rx_ts=83286465938109) request_id=1541160 zil_blk_id=785996 ccf_commit_seqno=1541160 nstreams_done_=196500 config.nstreams=1000000 avg_latency=0.5402 ms avg throuhgput (requests/sec) = 838.4023 res=false
*==== INFO ====*  stream_id=787996 latency=0.513988 ms (tx_ts=83287052770316, rx_ts=83287053284304) request_id=1545280 zil_blk_id=787996 ccf_commit_seqno=1545280 nstreams_done_=197000 config.nstreams=1000000 avg_latency=0.5401 ms avg throuhgput (requests/sec) = 838.4345 res=false
*==== INFO ====*  stream_id=789996 latency=0.458609 ms (tx_ts=83287639917679, rx_ts=83287640376288) request_id=1549353 zil_blk_id=789996 ccf_commit_seqno=1549353 nstreams_done_=197500 config.nstreams=1000000 avg_latency=0.5401 ms avg throuhgput (requests/sec) = 838.4674 res=false
*==== INFO ====*  stream_id=791996 latency=0.454721 ms (tx_ts=83288258883044, rx_ts=83288259337765) request_id=1553532 zil_blk_id=791996 ccf_commit_seqno=1553532 nstreams_done_=198000 config.nstreams=1000000 avg_latency=0.5401 ms avg throuhgput (requests/sec) = 838.3871 res=false
*==== INFO ====*  stream_id=793996 latency=0.526312 ms (tx_ts=83288886509206, rx_ts=83288887035518) request_id=1557722 zil_blk_id=793996 ccf_commit_seqno=1557722 nstreams_done_=198500 config.nstreams=1000000 avg_latency=0.5402 ms avg throuhgput (requests/sec) = 838.2762 res=false
*==== INFO ====*  stream_id=795996 latency=0.512300 ms (tx_ts=83289520735813, rx_ts=83289521248113) request_id=1562028 zil_blk_id=795996 ccf_commit_seqno=1562028 nstreams_done_=199000 config.nstreams=1000000 avg_latency=0.5402 ms avg throuhgput (requests/sec) = 838.1429 res=false
*==== INFO ====*  stream_id=797996 latency=1.273604 ms (tx_ts=83290118627785, rx_ts=83290119901389) request_id=1566097 zil_blk_id=797996 ccf_commit_seqno=1566097 nstreams_done_=199500 config.nstreams=1000000 avg_latency=0.5402 ms avg throuhgput (requests/sec) = 838.1355 res=false
*==== INFO ====*  stream_id=799996 latency=0.466664 ms (tx_ts=83290718511044, rx_ts=83290718977708) request_id=1570202 zil_blk_id=799996 ccf_commit_seqno=1570202 nstreams_done_=200000 config.nstreams=1000000 avg_latency=0.5401 ms avg throuhgput (requests/sec) = 838.1267 res=false
*==== INFO ====*  stream_id=801996 latency=0.441867 ms (tx_ts=83291313344792, rx_ts=83291313786659) request_id=1574328 zil_blk_id=801996 ccf_commit_seqno=1574328 nstreams_done_=200500 config.nstreams=1000000 avg_latency=0.5400 ms avg throuhgput (requests/sec) = 838.1329 res=false
*==== INFO ====*  stream_id=803996 latency=0.493333 ms (tx_ts=83291909370061, rx_ts=83291909863394) request_id=1578515 zil_blk_id=803996 ccf_commit_seqno=1578515 nstreams_done_=201000 config.nstreams=1000000 avg_latency=0.5399 ms avg throuhgput (requests/sec) = 838.1346 res=false
*==== INFO ====*  stream_id=805996 latency=0.532517 ms (tx_ts=83292516048412, rx_ts=83292516580929) request_id=1582763 zil_blk_id=805996 ccf_commit_seqno=1582763 nstreams_done_=201500 config.nstreams=1000000 avg_latency=0.5399 ms avg throuhgput (requests/sec) = 838.0992 res=false
*==== INFO ====*  stream_id=807996 latency=0.418804 ms (tx_ts=83293140177729, rx_ts=83293140596533) request_id=1586995 zil_blk_id=807996 ccf_commit_seqno=1586995 nstreams_done_=202000 config.nstreams=1000000 avg_latency=0.5399 ms avg throuhgput (requests/sec) = 838.0038 res=false
*==== INFO ====*  stream_id=809996 latency=0.460042 ms (tx_ts=83293710605608, rx_ts=83293711065650) request_id=1591011 zil_blk_id=809996 ccf_commit_seqno=1591011 nstreams_done_=202500 config.nstreams=1000000 avg_latency=0.5398 ms avg throuhgput (requests/sec) = 838.0946 res=false
*==== INFO ====*  stream_id=811996 latency=0.548677 ms (tx_ts=83294366890015, rx_ts=83294367438692) request_id=1595276 zil_blk_id=811996 ccf_commit_seqno=1595277 nstreams_done_=203000 config.nstreams=1000000 avg_latency=0.5400 ms avg throuhgput (requests/sec) = 837.8878 res=false
*==== INFO ====*  stream_id=813996 latency=0.535903 ms (tx_ts=83295029359461, rx_ts=83295029895364) request_id=1599530 zil_blk_id=813996 ccf_commit_seqno=1599530 nstreams_done_=203500 config.nstreams=1000000 avg_latency=0.5401 ms avg throuhgput (requests/sec) = 837.6612 res=false
*==== INFO ====*  stream_id=815996 latency=0.497291 ms (tx_ts=83295635735107, rx_ts=83295636232398) request_id=1603584 zil_blk_id=815996 ccf_commit_seqno=1603584 nstreams_done_=204000 config.nstreams=1000000 avg_latency=0.5401 ms avg throuhgput (requests/sec) = 837.6287 res=false
*==== INFO ====*  stream_id=817996 latency=0.486250 ms (tx_ts=83296261577989, rx_ts=83296262064239) request_id=1607484 zil_blk_id=817996 ccf_commit_seqno=1607484 nstreams_done_=204500 config.nstreams=1000000 avg_latency=0.5403 ms avg throuhgput (requests/sec) = 837.5295 res=false
*==== INFO ====*  stream_id=819996 latency=0.460562 ms (tx_ts=83296806668175, rx_ts=83296807128737) request_id=1611363 zil_blk_id=819996 ccf_commit_seqno=1611363 nstreams_done_=205000 config.nstreams=1000000 avg_latency=0.5402 ms avg throuhgput (requests/sec) = 837.7073 res=false
*==== INFO ====*  stream_id=821996 latency=0.455443 ms (tx_ts=83297354863092, rx_ts=83297355318535) request_id=1615122 zil_blk_id=821996 ccf_commit_seqno=1615122 nstreams_done_=205500 config.nstreams=1000000 avg_latency=0.5402 ms avg throuhgput (requests/sec) = 837.8735 res=false
*==== INFO ====*  stream_id=823996 latency=0.511508 ms (tx_ts=83297887531624, rx_ts=83297888043132) request_id=1618772 zil_blk_id=823996 ccf_commit_seqno=1618772 nstreams_done_=206000 config.nstreams=1000000 avg_latency=0.5401 ms avg throuhgput (requests/sec) = 838.0918 res=false
*==== INFO ====*  stream_id=825996 latency=0.507490 ms (tx_ts=83298429888804, rx_ts=83298430396294) request_id=1622481 zil_blk_id=825996 ccf_commit_seqno=1622481 nstreams_done_=206500 config.nstreams=1000000 avg_latency=0.5400 ms avg throuhgput (requests/sec) = 838.2763 res=false
*==== INFO ====*  stream_id=827996 latency=0.589563 ms (tx_ts=83299028120903, rx_ts=83299028710466) request_id=1626453 zil_blk_id=827996 ccf_commit_seqno=1626454 nstreams_done_=207000 config.nstreams=1000000 avg_latency=0.5400 ms avg throuhgput (requests/sec) = 838.2700 res=false
*==== INFO ====*  stream_id=829996 latency=0.463879 ms (tx_ts=83299623964826, rx_ts=83299624428705) request_id=1630353 zil_blk_id=829996 ccf_commit_seqno=1630353 nstreams_done_=207500 config.nstreams=1000000 avg_latency=0.5400 ms avg throuhgput (requests/sec) = 838.2725 res=false
*==== INFO ====*  stream_id=831996 latency=0.526656 ms (tx_ts=83300198085980, rx_ts=83300198612636) request_id=1634308 zil_blk_id=831996 ccf_commit_seqno=1634308 nstreams_done_=208000 config.nstreams=1000000 avg_latency=0.5400 ms avg throuhgput (requests/sec) = 838.3478 res=false
*==== INFO ====*  stream_id=833996 latency=0.516117 ms (tx_ts=83300758972220, rx_ts=83300759488337) request_id=1638219 zil_blk_id=833996 ccf_commit_seqno=1638219 nstreams_done_=208500 config.nstreams=1000000 avg_latency=0.5400 ms avg throuhgput (requests/sec) = 838.4676 res=false
*==== INFO ====*  stream_id=835996 latency=0.557143 ms (tx_ts=83301354911533, rx_ts=83301355468676) request_id=1642091 zil_blk_id=835996 ccf_commit_seqno=1642091 nstreams_done_=209000 config.nstreams=1000000 avg_latency=0.5400 ms avg throuhgput (requests/sec) = 838.4688 res=false
*==== INFO ====*  stream_id=837996 latency=0.504595 ms (tx_ts=83301925241475, rx_ts=83301925746070) request_id=1645962 zil_blk_id=837996 ccf_commit_seqno=1645962 nstreams_done_=209500 config.nstreams=1000000 avg_latency=0.5401 ms avg throuhgput (requests/sec) = 838.5562 res=false
*==== INFO ====*  stream_id=839996 latency=0.496710 ms (tx_ts=83302536951473, rx_ts=83302537448183) request_id=1649927 zil_blk_id=839996 ccf_commit_seqno=1649927 nstreams_done_=210000 config.nstreams=1000000 avg_latency=0.5401 ms avg throuhgput (requests/sec) = 838.5045 res=false
*==== INFO ====*  stream_id=841996 latency=0.445154 ms (tx_ts=83303143266721, rx_ts=83303143711875) request_id=1653901 zil_blk_id=841996 ccf_commit_seqno=1653901 nstreams_done_=210500 config.nstreams=1000000 avg_latency=0.5402 ms avg throuhgput (requests/sec) = 838.4712 res=false
*==== INFO ====*  stream_id=843996 latency=0.565208 ms (tx_ts=83303736619180, rx_ts=83303737184388) request_id=1657721 zil_blk_id=843996 ccf_commit_seqno=1657721 nstreams_done_=211000 config.nstreams=1000000 avg_latency=0.5402 ms avg throuhgput (requests/sec) = 838.4807 res=false
*==== INFO ====*  stream_id=845996 latency=0.486241 ms (tx_ts=83304299296959, rx_ts=83304299783200) request_id=1661620 zil_blk_id=845996 ccf_commit_seqno=1661620 nstreams_done_=211500 config.nstreams=1000000 avg_latency=0.5402 ms avg throuhgput (requests/sec) = 838.5928 res=false
*==== INFO ====*  stream_id=847996 latency=0.545772 ms (tx_ts=83304862997173, rx_ts=83304863542945) request_id=1665616 zil_blk_id=847996 ccf_commit_seqno=1665616 nstreams_done_=212000 config.nstreams=1000000 avg_latency=0.5402 ms avg throuhgput (requests/sec) = 838.7006 res=false
*==== INFO ====*  stream_id=849996 latency=0.492953 ms (tx_ts=83305455074969, rx_ts=83305455567922) request_id=1669519 zil_blk_id=849996 ccf_commit_seqno=1669519 nstreams_done_=212500 config.nstreams=1000000 avg_latency=0.5403 ms avg throuhgput (requests/sec) = 838.7143 res=false
*==== INFO ====*  stream_id=851996 latency=0.561201 ms (tx_ts=83306047574135, rx_ts=83306048135336) request_id=1673659 zil_blk_id=851996 ccf_commit_seqno=1673659 nstreams_done_=213000 config.nstreams=1000000 avg_latency=0.5402 ms avg throuhgput (requests/sec) = 838.7261 res=false
*==== INFO ====*  stream_id=853996 latency=0.474953 ms (tx_ts=83306646565308, rx_ts=83306647040261) request_id=1677761 zil_blk_id=853996 ccf_commit_seqno=1677761 nstreams_done_=213500 config.nstreams=1000000 avg_latency=0.5402 ms avg throuhgput (requests/sec) = 838.7170 res=false
*==== INFO ====*  stream_id=855996 latency=0.533459 ms (tx_ts=83307245204457, rx_ts=83307245737916) request_id=1681877 zil_blk_id=855996 ccf_commit_seqno=1681877 nstreams_done_=214000 config.nstreams=1000000 avg_latency=0.5402 ms avg throuhgput (requests/sec) = 838.7086 res=false
*==== INFO ====*  stream_id=857996 latency=0.432400 ms (tx_ts=83307843257084, rx_ts=83307843689484) request_id=1686015 zil_blk_id=857996 ccf_commit_seqno=1686015 nstreams_done_=214500 config.nstreams=1000000 avg_latency=0.5401 ms avg throuhgput (requests/sec) = 838.7027 res=false
*==== INFO ====*  stream_id=859996 latency=0.510316 ms (tx_ts=83308453883196, rx_ts=83308454393512) request_id=1690195 zil_blk_id=859996 ccf_commit_seqno=1690195 nstreams_done_=215000 config.nstreams=1000000 avg_latency=0.5401 ms avg throuhgput (requests/sec) = 838.6551 res=false
*==== INFO ====*  stream_id=861996 latency=0.670836 ms (tx_ts=83309031490001, rx_ts=83309032160837) request_id=1694120 zil_blk_id=861996 ccf_commit_seqno=1694120 nstreams_done_=215500 config.nstreams=1000000 avg_latency=0.5400 ms avg throuhgput (requests/sec) = 838.7153 res=false
*==== INFO ====*  stream_id=863996 latency=0.489226 ms (tx_ts=83309620509928, rx_ts=83309620999154) request_id=1698269 zil_blk_id=863996 ccf_commit_seqno=1698269 nstreams_done_=216000 config.nstreams=1000000 avg_latency=0.5400 ms avg throuhgput (requests/sec) = 838.7391 res=false
*==== INFO ====*  stream_id=865996 latency=0.494466 ms (tx_ts=83310264612491, rx_ts=83310265106957) request_id=1701574 zil_blk_id=865996 ccf_commit_seqno=1701574 nstreams_done_=216500 config.nstreams=1000000 avg_latency=0.5400 ms avg throuhgput (requests/sec) = 838.5832 res=false
*==== INFO ====*  stream_id=867996 latency=0.458959 ms (tx_ts=83310942687946, rx_ts=83310943146905) request_id=1703149 zil_blk_id=867996 ccf_commit_seqno=1703149 nstreams_done_=217000 config.nstreams=1000000 avg_latency=0.5400 ms avg throuhgput (requests/sec) = 838.3182 res=false
*==== INFO ====*  stream_id=869996 latency=0.452747 ms (tx_ts=83311618366707, rx_ts=83311618819454) request_id=1704719 zil_blk_id=869996 ccf_commit_seqno=1704719 nstreams_done_=217500 config.nstreams=1000000 avg_latency=0.5399 ms avg throuhgput (requests/sec) = 838.0623 res=false
*==== INFO ====*  stream_id=871996 latency=0.533108 ms (tx_ts=83312304587913, rx_ts=83312305121021) request_id=1706269 zil_blk_id=871996 ccf_commit_seqno=1706269 nstreams_done_=218000 config.nstreams=1000000 avg_latency=0.5398 ms avg throuhgput (requests/sec) = 837.7734 res=false
*==== INFO ====*  stream_id=873996 latency=0.461874 ms (tx_ts=83313009286768, rx_ts=83313009748642) request_id=1707819 zil_blk_id=873996 ccf_commit_seqno=1707819 nstreams_done_=218500 config.nstreams=1000000 avg_latency=0.5397 ms avg throuhgput (requests/sec) = 837.4273 res=false
*==== INFO ====*  stream_id=875996 latency=0.948766 ms (tx_ts=83313735050882, rx_ts=83313735999648) request_id=1709462 zil_blk_id=875996 ccf_commit_seqno=1709462 nstreams_done_=219000 config.nstreams=1000000 avg_latency=0.5397 ms avg throuhgput (requests/sec) = 837.0138 res=false
*==== INFO ====*  stream_id=877996 latency=0.447387 ms (tx_ts=83314455481061, rx_ts=83314455928448) request_id=1711090 zil_blk_id=877996 ccf_commit_seqno=1711090 nstreams_done_=219500 config.nstreams=1000000 avg_latency=0.5397 ms avg throuhgput (requests/sec) = 836.6228 res=false
*==== INFO ====*  stream_id=879996 latency=0.517779 ms (tx_ts=83315140541766, rx_ts=83315141059545) request_id=1712704 zil_blk_id=879996 ccf_commit_seqno=1712704 nstreams_done_=220000 config.nstreams=1000000 avg_latency=0.5396 ms avg throuhgput (requests/sec) = 836.3445 res=false
*==== INFO ====*  stream_id=881996 latency=0.520786 ms (tx_ts=83315842843313, rx_ts=83315843364099) request_id=1714302 zil_blk_id=881996 ccf_commit_seqno=1714302 nstreams_done_=220500 config.nstreams=1000000 avg_latency=0.5395 ms avg throuhgput (requests/sec) = 836.0133 res=false
*==== INFO ====*  stream_id=883996 latency=0.473466 ms (tx_ts=83316517611238, rx_ts=83316518084704) request_id=1715861 zil_blk_id=883996 ccf_commit_seqno=1715861 nstreams_done_=221000 config.nstreams=1000000 avg_latency=0.5394 ms avg throuhgput (requests/sec) = 835.7710 res=false
*==== INFO ====*  stream_id=885996 latency=0.496840 ms (tx_ts=83317185966559, rx_ts=83317186463399) request_id=1717413 zil_blk_id=885996 ccf_commit_seqno=1717413 nstreams_done_=221500 config.nstreams=1000000 avg_latency=0.5393 ms avg throuhgput (requests/sec) = 835.5499 res=false
*==== INFO ====*  stream_id=887996 latency=0.459210 ms (tx_ts=83317874134248, rx_ts=83317874593458) request_id=1718988 zil_blk_id=887996 ccf_commit_seqno=1718988 nstreams_done_=222000 config.nstreams=1000000 avg_latency=0.5392 ms avg throuhgput (requests/sec) = 835.2678 res=false
*==== INFO ====*  stream_id=889996 latency=0.472335 ms (tx_ts=83318560395077, rx_ts=83318560867412) request_id=1720570 zil_blk_id=889996 ccf_commit_seqno=1720570 nstreams_done_=222500 config.nstreams=1000000 avg_latency=0.5391 ms avg throuhgput (requests/sec) = 834.9930 res=false
*==== INFO ====*  stream_id=891996 latency=0.443460 ms (tx_ts=83319264782650, rx_ts=83319265226110) request_id=1722137 zil_blk_id=891996 ccf_commit_seqno=1722137 nstreams_done_=223000 config.nstreams=1000000 avg_latency=0.5391 ms avg throuhgput (requests/sec) = 834.6631 res=false
*==== INFO ====*  stream_id=893996 latency=0.465471 ms (tx_ts=83319924311681, rx_ts=83319924777152) request_id=1723746 zil_blk_id=893996 ccf_commit_seqno=1723746 nstreams_done_=223500 config.nstreams=1000000 avg_latency=0.5390 ms avg throuhgput (requests/sec) = 834.4746 res=false
*==== INFO ====*  stream_id=895996 latency=0.570047 ms (tx_ts=83320579366236, rx_ts=83320579936283) request_id=1725379 zil_blk_id=895996 ccf_commit_seqno=1725379 nstreams_done_=224000 config.nstreams=1000000 avg_latency=0.5389 ms avg throuhgput (requests/sec) = 834.3006 res=false
*==== INFO ====*  stream_id=897996 latency=0.567092 ms (tx_ts=83321295612638, rx_ts=83321296179730) request_id=1726986 zil_blk_id=897996 ccf_commit_seqno=1726986 nstreams_done_=224500 config.nstreams=1000000 avg_latency=0.5389 ms avg throuhgput (requests/sec) = 833.9382 res=false
*==== INFO ====*  stream_id=899996 latency=0.532166 ms (tx_ts=83321987932228, rx_ts=83321988464394) request_id=1728571 zil_blk_id=899996 ccf_commit_seqno=1728571 nstreams_done_=225000 config.nstreams=1000000 avg_latency=0.5388 ms avg throuhgput (requests/sec) = 833.6517 res=false
*==== INFO ====*  stream_id=901996 latency=0.479969 ms (tx_ts=83322688802632, rx_ts=83322689282601) request_id=1730146 zil_blk_id=901996 ccf_commit_seqno=1730146 nstreams_done_=225500 config.nstreams=1000000 avg_latency=0.5388 ms avg throuhgput (requests/sec) = 833.3404 res=false
*==== INFO ====*  stream_id=903996 latency=0.436537 ms (tx_ts=83323433366817, rx_ts=83323433803354) request_id=1731748 zil_blk_id=903996 ccf_commit_seqno=1731748 nstreams_done_=226000 config.nstreams=1000000 avg_latency=0.5388 ms avg throuhgput (requests/sec) = 832.8965 res=false
*==== INFO ====*  stream_id=905996 latency=0.483856 ms (tx_ts=83324109338545, rx_ts=83324109822401) request_id=1733288 zil_blk_id=905996 ccf_commit_seqno=1733288 nstreams_done_=226500 config.nstreams=1000000 avg_latency=0.5387 ms avg throuhgput (requests/sec) = 832.6647 res=false
*==== INFO ====*  stream_id=907996 latency=0.494576 ms (tx_ts=83324755249131, rx_ts=83324755743707) request_id=1734827 zil_blk_id=907996 ccf_commit_seqno=1734827 nstreams_done_=227000 config.nstreams=1000000 avg_latency=0.5386 ms avg throuhgput (requests/sec) = 832.5259 res=false
*==== INFO ====*  stream_id=909996 latency=0.479728 ms (tx_ts=83325497134522, rx_ts=83325497614250) request_id=1736533 zil_blk_id=909996 ccf_commit_seqno=1736533 nstreams_done_=227500 config.nstreams=1000000 avg_latency=0.5387 ms avg throuhgput (requests/sec) = 832.0957 res=false
*==== INFO ====*  stream_id=911996 latency=0.509884 ms (tx_ts=83326243143323, rx_ts=83326243653207) request_id=1738176 zil_blk_id=911996 ccf_commit_seqno=1738176 nstreams_done_=228000 config.nstreams=1000000 avg_latency=0.5387 ms avg throuhgput (requests/sec) = 831.6552 res=false
*==== INFO ====*  stream_id=913996 latency=0.479888 ms (tx_ts=83326927614785, rx_ts=83326928094673) request_id=1739793 zil_blk_id=913996 ccf_commit_seqno=1739793 nstreams_done_=228500 config.nstreams=1000000 avg_latency=0.5387 ms avg throuhgput (requests/sec) = 831.4033 res=false
*==== INFO ====*  stream_id=915996 latency=0.486080 ms (tx_ts=83327608256537, rx_ts=83327608742617) request_id=1741388 zil_blk_id=915996 ccf_commit_seqno=1741388 nstreams_done_=229000 config.nstreams=1000000 avg_latency=0.5387 ms avg throuhgput (requests/sec) = 831.1642 res=false
*==== INFO ====*  stream_id=917996 latency=0.557494 ms (tx_ts=83328305284976, rx_ts=83328305842470) request_id=1743015 zil_blk_id=917996 ccf_commit_seqno=1743015 nstreams_done_=229500 config.nstreams=1000000 avg_latency=0.5387 ms avg throuhgput (requests/sec) = 830.8767 res=false
*==== INFO ====*  stream_id=919996 latency=0.553306 ms (tx_ts=83329028811357, rx_ts=83329029364663) request_id=1744651 zil_blk_id=919996 ccf_commit_seqno=1744651 nstreams_done_=230000 config.nstreams=1000000 avg_latency=0.5387 ms avg throuhgput (requests/sec) = 830.5114 res=false
*==== INFO ====*  stream_id=921996 latency=0.595945 ms (tx_ts=83329755363576, rx_ts=83329755959521) request_id=1746324 zil_blk_id=921996 ccf_commit_seqno=1746324 nstreams_done_=230500 config.nstreams=1000000 avg_latency=0.5387 ms avg throuhgput (requests/sec) = 830.1389 res=false
*==== INFO ====*  stream_id=923996 latency=0.494906 ms (tx_ts=83330423025061, rx_ts=83330423519967) request_id=1747979 zil_blk_id=923996 ccf_commit_seqno=1747979 nstreams_done_=231000 config.nstreams=1000000 avg_latency=0.5387 ms avg throuhgput (requests/sec) = 829.9442 res=false
*==== INFO ====*  stream_id=925996 latency=0.525473 ms (tx_ts=83331099068637, rx_ts=83331099594110) request_id=1749552 zil_blk_id=925996 ccf_commit_seqno=1749552 nstreams_done_=231500 config.nstreams=1000000 avg_latency=0.5386 ms avg throuhgput (requests/sec) = 829.7252 res=false
*==== INFO ====*  stream_id=927996 latency=0.481021 ms (tx_ts=83331833292842, rx_ts=83331833773863) request_id=1751147 zil_blk_id=927996 ccf_commit_seqno=1751147 nstreams_done_=232000 config.nstreams=1000000 avg_latency=0.5388 ms avg throuhgput (requests/sec) = 829.3350 res=false
*==== INFO ====*  stream_id=929996 latency=0.480760 ms (tx_ts=83332498787033, rx_ts=83332499267793) request_id=1752693 zil_blk_id=929996 ccf_commit_seqno=1752693 nstreams_done_=232500 config.nstreams=1000000 avg_latency=0.5387 ms avg throuhgput (requests/sec) = 829.1498 res=false
*==== INFO ====*  stream_id=931996 latency=0.434113 ms (tx_ts=83333184271864, rx_ts=83333184705977) request_id=1754236 zil_blk_id=931996 ccf_commit_seqno=1754236 nstreams_done_=233000 config.nstreams=1000000 avg_latency=0.5387 ms avg throuhgput (requests/sec) = 828.9068 res=false
*==== INFO ====*  stream_id=933996 latency=0.446306 ms (tx_ts=83333895659415, rx_ts=83333896105721) request_id=1755825 zil_blk_id=933996 ccf_commit_seqno=1755825 nstreams_done_=233500 config.nstreams=1000000 avg_latency=0.5388 ms avg throuhgput (requests/sec) = 828.5885 res=false
*==== INFO ====*  stream_id=935996 latency=0.470531 ms (tx_ts=83334587051423, rx_ts=83334587521954) request_id=1757415 zil_blk_id=935996 ccf_commit_seqno=1757415 nstreams_done_=234000 config.nstreams=1000000 avg_latency=0.5387 ms avg throuhgput (requests/sec) = 828.3305 res=false
*==== INFO ====*  stream_id=937996 latency=0.469359 ms (tx_ts=83335284559077, rx_ts=83335285028436) request_id=1758972 zil_blk_id=937996 ccf_commit_seqno=1758972 nstreams_done_=234500 config.nstreams=1000000 avg_latency=0.5387 ms avg throuhgput (requests/sec) = 828.0559 res=false
*==== INFO ====*  stream_id=939996 latency=0.483405 ms (tx_ts=83335958625095, rx_ts=83335959108500) request_id=1760502 zil_blk_id=939996 ccf_commit_seqno=1760502 nstreams_done_=235000 config.nstreams=1000000 avg_latency=0.5385 ms avg throuhgput (requests/sec) = 827.8509 res=false
*==== INFO ====*  stream_id=941996 latency=0.492021 ms (tx_ts=83336657503245, rx_ts=83336657995266) request_id=1762062 zil_blk_id=941996 ccf_commit_seqno=1762062 nstreams_done_=235500 config.nstreams=1000000 avg_latency=0.5385 ms avg throuhgput (requests/sec) = 827.5748 res=false
*==== INFO ====*  stream_id=943996 latency=0.463177 ms (tx_ts=83337344458236, rx_ts=83337344921413) request_id=1763619 zil_blk_id=943996 ccf_commit_seqno=1763619 nstreams_done_=236000 config.nstreams=1000000 avg_latency=0.5384 ms avg throuhgput (requests/sec) = 827.3347 res=false
*==== INFO ====*  stream_id=945996 latency=0.468597 ms (tx_ts=83337996752182, rx_ts=83337997220779) request_id=1765189 zil_blk_id=945996 ccf_commit_seqno=1765189 nstreams_done_=236500 config.nstreams=1000000 avg_latency=0.5383 ms avg throuhgput (requests/sec) = 827.1960 res=false
*==== INFO ====*  stream_id=947996 latency=0.542005 ms (tx_ts=83338689621816, rx_ts=83338690163821) request_id=1766779 zil_blk_id=947996 ccf_commit_seqno=1766779 nstreams_done_=237000 config.nstreams=1000000 avg_latency=0.5383 ms avg throuhgput (requests/sec) = 826.9406 res=false
*==== INFO ====*  stream_id=949996 latency=0.495929 ms (tx_ts=83339356895350, rx_ts=83339357391279) request_id=1768322 zil_blk_id=949996 ccf_commit_seqno=1768322 nstreams_done_=237500 config.nstreams=1000000 avg_latency=0.5382 ms avg throuhgput (requests/sec) = 826.7604 res=false
*==== INFO ====*  stream_id=951996 latency=0.453178 ms (tx_ts=83340054096702, rx_ts=83340054549880) request_id=1769897 zil_blk_id=951996 ccf_commit_seqno=1769897 nstreams_done_=238000 config.nstreams=1000000 avg_latency=0.5382 ms avg throuhgput (requests/sec) = 826.4951 res=false
*==== INFO ====*  stream_id=953996 latency=0.493374 ms (tx_ts=83340742562440, rx_ts=83340743055814) request_id=1771437 zil_blk_id=953996 ccf_commit_seqno=1771437 nstreams_done_=238500 config.nstreams=1000000 avg_latency=0.5381 ms avg throuhgput (requests/sec) = 826.2559 res=false
*==== INFO ====*  stream_id=955996 latency=0.523961 ms (tx_ts=83341443019335, rx_ts=83341443543296) request_id=1772970 zil_blk_id=955996 ccf_commit_seqno=1772970 nstreams_done_=239000 config.nstreams=1000000 avg_latency=0.5380 ms avg throuhgput (requests/sec) = 825.9837 res=false
*==== INFO ====*  stream_id=957996 latency=0.528670 ms (tx_ts=83342144314289, rx_ts=83342144842959) request_id=1774535 zil_blk_id=957996 ccf_commit_seqno=1774535 nstreams_done_=239500 config.nstreams=1000000 avg_latency=0.5380 ms avg throuhgput (requests/sec) = 825.7104 res=false
*==== INFO ====*  stream_id=959996 latency=0.504955 ms (tx_ts=83342865991106, rx_ts=83342866496061) request_id=1776122 zil_blk_id=959996 ccf_commit_seqno=1776122 nstreams_done_=240000 config.nstreams=1000000 avg_latency=0.5380 ms avg throuhgput (requests/sec) = 825.3807 res=false
*==== INFO ====*  stream_id=961996 latency=0.607978 ms (tx_ts=83343614057546, rx_ts=83343614665524) request_id=1777754 zil_blk_id=961996 ccf_commit_seqno=1777754 nstreams_done_=240500 config.nstreams=1000000 avg_latency=0.5380 ms avg throuhgput (requests/sec) = 824.9775 res=false
*==== INFO ====*  stream_id=963996 latency=0.454251 ms (tx_ts=83344303309407, rx_ts=83344303763658) request_id=1779325 zil_blk_id=963996 ccf_commit_seqno=1779325 nstreams_done_=241000 config.nstreams=1000000 avg_latency=0.5380 ms avg throuhgput (requests/sec) = 824.7431 res=false
*==== INFO ====*  stream_id=965996 latency=0.435586 ms (tx_ts=83345002324142, rx_ts=83345002759728) request_id=1780889 zil_blk_id=965996 ccf_commit_seqno=1780889 nstreams_done_=241500 config.nstreams=1000000 avg_latency=0.5379 ms avg throuhgput (requests/sec) = 824.4820 res=false
*==== INFO ====*  stream_id=967996 latency=0.507209 ms (tx_ts=83345683634593, rx_ts=83345684141802) request_id=1782427 zil_blk_id=967996 ccf_commit_seqno=1782427 nstreams_done_=242000 config.nstreams=1000000 avg_latency=0.5378 ms avg throuhgput (requests/sec) = 824.2715 res=false
*==== INFO ====*  stream_id=969996 latency=0.500076 ms (tx_ts=83346429600915, rx_ts=83346430100991) request_id=1784020 zil_blk_id=969996 ccf_commit_seqno=1784020 nstreams_done_=242500 config.nstreams=1000000 avg_latency=0.5378 ms avg throuhgput (requests/sec) = 823.8813 res=false
*==== INFO ====*  stream_id=971996 latency=0.470219 ms (tx_ts=83347153113811, rx_ts=83347153584030) request_id=1785605 zil_blk_id=971996 ccf_commit_seqno=1785605 nstreams_done_=243000 config.nstreams=1000000 avg_latency=0.5378 ms avg throuhgput (requests/sec) = 823.5557 res=false
*==== INFO ====*  stream_id=973996 latency=0.527576 ms (tx_ts=83347867715026, rx_ts=83347868242602) request_id=1787203 zil_blk_id=973996 ccf_commit_seqno=1787203 nstreams_done_=243500 config.nstreams=1000000 avg_latency=0.5379 ms avg throuhgput (requests/sec) = 823.2563 res=false
*==== INFO ====*  stream_id=975996 latency=0.468225 ms (tx_ts=83348588691418, rx_ts=83348589159643) request_id=1788827 zil_blk_id=975996 ccf_commit_seqno=1788827 nstreams_done_=244000 config.nstreams=1000000 avg_latency=0.5379 ms avg throuhgput (requests/sec) = 822.9409 res=false
*==== INFO ====*  stream_id=977996 latency=0.527175 ms (tx_ts=83349298830943, rx_ts=83349299358118) request_id=1790421 zil_blk_id=977996 ccf_commit_seqno=1790421 nstreams_done_=244500 config.nstreams=1000000 avg_latency=0.5379 ms avg throuhgput (requests/sec) = 822.6568 res=false
*==== INFO ====*  stream_id=979996 latency=0.528449 ms (tx_ts=83350001507415, rx_ts=83350002035864) request_id=1792010 zil_blk_id=979996 ccf_commit_seqno=1792010 nstreams_done_=245000 config.nstreams=1000000 avg_latency=0.5378 ms avg throuhgput (requests/sec) = 822.3947 res=false
*==== INFO ====*  stream_id=981996 latency=0.488104 ms (tx_ts=83350713531231, rx_ts=83350714019335) request_id=1793614 zil_blk_id=981996 ccf_commit_seqno=1793614 nstreams_done_=245500 config.nstreams=1000000 avg_latency=0.5378 ms avg throuhgput (requests/sec) = 822.1083 res=false
*==== INFO ====*  stream_id=983996 latency=0.489035 ms (tx_ts=83351372993513, rx_ts=83351373482548) request_id=1795178 zil_blk_id=983996 ccf_commit_seqno=1795178 nstreams_done_=246000 config.nstreams=1000000 avg_latency=0.5378 ms avg throuhgput (requests/sec) = 821.9675 res=false
*==== INFO ====*  stream_id=985996 latency=0.505356 ms (tx_ts=83352072053901, rx_ts=83352072559257) request_id=1796742 zil_blk_id=985996 ccf_commit_seqno=1796742 nstreams_done_=246500 config.nstreams=1000000 avg_latency=0.5377 ms avg throuhgput (requests/sec) = 821.7187 res=false
*==== INFO ====*  stream_id=987996 latency=0.441065 ms (tx_ts=83352761638251, rx_ts=83352762079316) request_id=1798281 zil_blk_id=987996 ccf_commit_seqno=1798281 nstreams_done_=247000 config.nstreams=1000000 avg_latency=0.5376 ms avg throuhgput (requests/sec) = 821.4973 res=false
*==== INFO ====*  stream_id=989996 latency=0.522158 ms (tx_ts=83353442378484, rx_ts=83353442900642) request_id=1799840 zil_blk_id=989996 ccf_commit_seqno=1799840 nstreams_done_=247500 config.nstreams=1000000 avg_latency=0.5375 ms avg throuhgput (requests/sec) = 821.3005 res=false
*==== INFO ====*  stream_id=991996 latency=0.519192 ms (tx_ts=83354137553659, rx_ts=83354138072851) request_id=1801397 zil_blk_id=991996 ccf_commit_seqno=1801397 nstreams_done_=248000 config.nstreams=1000000 avg_latency=0.5374 ms avg throuhgput (requests/sec) = 821.0656 res=false
*==== INFO ====*  stream_id=993996 latency=0.522217 ms (tx_ts=83354789936242, rx_ts=83354790458459) request_id=1802947 zil_blk_id=993996 ccf_commit_seqno=1802947 nstreams_done_=248500 config.nstreams=1000000 avg_latency=0.5374 ms avg throuhgput (requests/sec) = 820.9478 res=false
*==== INFO ====*  stream_id=995996 latency=0.544238 ms (tx_ts=83355445015393, rx_ts=83355445559631) request_id=1804495 zil_blk_id=995996 ccf_commit_seqno=1804495 nstreams_done_=249000 config.nstreams=1000000 avg_latency=0.5373 ms avg throuhgput (requests/sec) = 820.8232 res=false
*==== INFO ====*  stream_id=997996 latency=0.480198 ms (tx_ts=83356122048922, rx_ts=83356122529120) request_id=1806059 zil_blk_id=997996 ccf_commit_seqno=1806059 nstreams_done_=249500 config.nstreams=1000000 avg_latency=0.5373 ms avg throuhgput (requests/sec) = 820.6401 res=false
*==== INFO ====*  stream_id=999996 latency=0.468085 ms (tx_ts=83356792919735, rx_ts=83356793387820) request_id=1807601 zil_blk_id=999996 ccf_commit_seqno=1807601 nstreams_done_=250000 config.nstreams=1000000 avg_latency=0.5372 ms avg throuhgput (requests/sec) = 820.4743 res=false
*==== INFO ====*  stream_id=1001996 latency=0.453449 ms (tx_ts=83357470368993, rx_ts=83357470822442) request_id=1809155 zil_blk_id=1001996 ccf_commit_seqno=1809155 nstreams_done_=250500 config.nstreams=1000000 avg_latency=0.5371 ms avg throuhgput (requests/sec) = 820.2915 res=false
*==== INFO ====*  stream_id=1003996 latency=0.461483 ms (tx_ts=83358139843944, rx_ts=83358140305427) request_id=1810711 zil_blk_id=1003996 ccf_commit_seqno=1810711 nstreams_done_=251000 config.nstreams=1000000 avg_latency=0.5370 ms avg throuhgput (requests/sec) = 820.1308 res=false
*==== INFO ====*  stream_id=1005996 latency=0.493233 ms (tx_ts=83358815430337, rx_ts=83358815923570) request_id=1812277 zil_blk_id=1005996 ccf_commit_seqno=1812277 nstreams_done_=251500 config.nstreams=1000000 avg_latency=0.5369 ms avg throuhgput (requests/sec) = 819.9545 res=false
*==== INFO ====*  stream_id=1007996 latency=0.529020 ms (tx_ts=83359626656138, rx_ts=83359627185158) request_id=1813974 zil_blk_id=1007996 ccf_commit_seqno=1813974 nstreams_done_=252000 config.nstreams=1000000 avg_latency=0.5371 ms avg throuhgput (requests/sec) = 819.4173 res=false
*==== INFO ====*  stream_id=1009996 latency=0.454631 ms (tx_ts=83360290314332, rx_ts=83360290768963) request_id=1815543 zil_blk_id=1009996 ccf_commit_seqno=1815543 nstreams_done_=252500 config.nstreams=1000000 avg_latency=0.5370 ms avg throuhgput (requests/sec) = 819.2753 res=false
*==== INFO ====*  stream_id=1011996 latency=0.480199 ms (tx_ts=83360967637116, rx_ts=83360968117315) request_id=1817107 zil_blk_id=1011996 ccf_commit_seqno=1817107 nstreams_done_=253000 config.nstreams=1000000 avg_latency=0.5369 ms avg throuhgput (requests/sec) = 819.0975 res=false
*==== INFO ====*  stream_id=1013996 latency=0.485298 ms (tx_ts=83361666716757, rx_ts=83361667202055) request_id=1818671 zil_blk_id=1013996 ccf_commit_seqno=1818671 nstreams_done_=253500 config.nstreams=1000000 avg_latency=0.5369 ms avg throuhgput (requests/sec) = 818.8629 res=false
*==== INFO ====*  stream_id=1015996 latency=0.467185 ms (tx_ts=83362362656249, rx_ts=83362363123434) request_id=1820256 zil_blk_id=1015996 ccf_commit_seqno=1820256 nstreams_done_=254000 config.nstreams=1000000 avg_latency=0.5369 ms avg throuhgput (requests/sec) = 818.6377 res=false
*==== INFO ====*  stream_id=1017996 latency=0.519883 ms (tx_ts=83363048939784, rx_ts=83363049459667) request_id=1821870 zil_blk_id=1017996 ccf_commit_seqno=1821870 nstreams_done_=254500 config.nstreams=1000000 avg_latency=0.5369 ms avg throuhgput (requests/sec) = 818.4388 res=false
*==== INFO ====*  stream_id=1019996 latency=0.451525 ms (tx_ts=83363782022822, rx_ts=83363782474347) request_id=1823516 zil_blk_id=1019996 ccf_commit_seqno=1823516 nstreams_done_=255000 config.nstreams=1000000 avg_latency=0.5370 ms avg throuhgput (requests/sec) = 818.1182 res=false
*==== INFO ====*  stream_id=1021996 latency=0.465611 ms (tx_ts=83364448846566, rx_ts=83364449312177) request_id=1825078 zil_blk_id=1021996 ccf_commit_seqno=1825078 nstreams_done_=255500 config.nstreams=1000000 avg_latency=0.5370 ms avg throuhgput (requests/sec) = 817.9724 res=false
*==== INFO ====*  stream_id=1023996 latency=0.468336 ms (tx_ts=83365095060724, rx_ts=83365095529060) request_id=1826657 zil_blk_id=1023996 ccf_commit_seqno=1826657 nstreams_done_=256000 config.nstreams=1000000 avg_latency=0.5369 ms avg throuhgput (requests/sec) = 817.8810 res=false
*==== INFO ====*  stream_id=1025996 latency=0.467205 ms (tx_ts=83365788801517, rx_ts=83365789268722) request_id=1828255 zil_blk_id=1025996 ccf_commit_seqno=1828255 nstreams_done_=256500 config.nstreams=1000000 avg_latency=0.5369 ms avg throuhgput (requests/sec) = 817.6662 res=false
*==== INFO ====*  stream_id=1027996 latency=0.435735 ms (tx_ts=83366474728613, rx_ts=83366475164348) request_id=1829953 zil_blk_id=1027996 ccf_commit_seqno=1829953 nstreams_done_=257000 config.nstreams=1000000 avg_latency=0.5369 ms avg throuhgput (requests/sec) = 817.4727 res=false
*==== INFO ====*  stream_id=1029996 latency=0.450503 ms (tx_ts=83367135035755, rx_ts=83367135486258) request_id=1831610 zil_blk_id=1029996 ccf_commit_seqno=1831610 nstreams_done_=257500 config.nstreams=1000000 avg_latency=0.5369 ms avg throuhgput (requests/sec) = 817.3464 res=false
*==== INFO ====*  stream_id=1031996 latency=0.460311 ms (tx_ts=83367828156507, rx_ts=83367828616818) request_id=1833203 zil_blk_id=1031996 ccf_commit_seqno=1833203 nstreams_done_=258000 config.nstreams=1000000 avg_latency=0.5368 ms avg throuhgput (requests/sec) = 817.1357 res=false
*==== INFO ====*  stream_id=1033996 latency=0.453629 ms (tx_ts=83368486298196, rx_ts=83368486751825) request_id=1834757 zil_blk_id=1033996 ccf_commit_seqno=1834757 nstreams_done_=258500 config.nstreams=1000000 avg_latency=0.5367 ms avg throuhgput (requests/sec) = 817.0162 res=false
*==== INFO ====*  stream_id=1035996 latency=0.472585 ms (tx_ts=83369144253476, rx_ts=83369144726061) request_id=1836311 zil_blk_id=1035996 ccf_commit_seqno=1836311 nstreams_done_=259000 config.nstreams=1000000 avg_latency=0.5366 ms avg throuhgput (requests/sec) = 816.8977 res=false
*==== INFO ====*  stream_id=1037996 latency=0.473597 ms (tx_ts=83369793063790, rx_ts=83369793537387) request_id=1837842 zil_blk_id=1037996 ccf_commit_seqno=1837842 nstreams_done_=259500 config.nstreams=1000000 avg_latency=0.5365 ms avg throuhgput (requests/sec) = 816.8033 res=false
*==== INFO ====*  stream_id=1039996 latency=2.563117 ms (tx_ts=83370473723696, rx_ts=83370476286813) request_id=1839411 zil_blk_id=1039996 ccf_commit_seqno=1839411 nstreams_done_=260000 config.nstreams=1000000 avg_latency=0.5365 ms avg throuhgput (requests/sec) = 816.6221 res=false
*==== INFO ====*  stream_id=1041996 latency=0.460271 ms (tx_ts=83371167702812, rx_ts=83371168163083) request_id=1840987 zil_blk_id=1041996 ccf_commit_seqno=1840987 nstreams_done_=260500 config.nstreams=1000000 avg_latency=0.5365 ms avg throuhgput (requests/sec) = 816.4184 res=false
*==== INFO ====*  stream_id=1043996 latency=0.522538 ms (tx_ts=83371827922217, rx_ts=83371828444755) request_id=1842534 zil_blk_id=1043996 ccf_commit_seqno=1842534 nstreams_done_=261000 config.nstreams=1000000 avg_latency=0.5364 ms avg throuhgput (requests/sec) = 816.2962 res=false
*==== INFO ====*  stream_id=1045996 latency=0.491369 ms (tx_ts=83372489906664, rx_ts=83372490398033) request_id=1844078 zil_blk_id=1045996 ccf_commit_seqno=1844078 nstreams_done_=261500 config.nstreams=1000000 avg_latency=0.5363 ms avg throuhgput (requests/sec) = 816.1703 res=false
*==== INFO ====*  stream_id=1047996 latency=0.484556 ms (tx_ts=83373194585512, rx_ts=83373195070068) request_id=1845660 zil_blk_id=1047996 ccf_commit_seqno=1845660 nstreams_done_=262000 config.nstreams=1000000 avg_latency=0.5363 ms avg throuhgput (requests/sec) = 815.9363 res=false
*==== INFO ====*  stream_id=1049996 latency=0.418272 ms (tx_ts=83373890973672, rx_ts=83373891391944) request_id=1847255 zil_blk_id=1049996 ccf_commit_seqno=1847255 nstreams_done_=262500 config.nstreams=1000000 avg_latency=0.5363 ms avg throuhgput (requests/sec) = 815.7245 res=false
*==== INFO ====*  stream_id=1051996 latency=0.477423 ms (tx_ts=83374627069757, rx_ts=83374627547180) request_id=1848892 zil_blk_id=1051996 ccf_commit_seqno=1848892 nstreams_done_=263000 config.nstreams=1000000 avg_latency=0.5363 ms avg throuhgput (requests/sec) = 815.4129 res=false
*==== INFO ====*  stream_id=1053996 latency=0.481881 ms (tx_ts=83375311553449, rx_ts=83375312035330) request_id=1850441 zil_blk_id=1053996 ccf_commit_seqno=1850441 nstreams_done_=263500 config.nstreams=1000000 avg_latency=0.5362 ms avg throuhgput (requests/sec) = 815.2330 res=false
*==== INFO ====*  stream_id=1055996 latency=0.474689 ms (tx_ts=83375966723904, rx_ts=83375967198593) request_id=1851985 zil_blk_id=1055996 ccf_commit_seqno=1851985 nstreams_done_=264000 config.nstreams=1000000 avg_latency=0.5362 ms avg throuhgput (requests/sec) = 815.1277 res=false
*==== INFO ====*  stream_id=1057996 latency=0.482813 ms (tx_ts=83376623538792, rx_ts=83376624021605) request_id=1853526 zil_blk_id=1057996 ccf_commit_seqno=1853526 nstreams_done_=264500 config.nstreams=1000000 avg_latency=0.5361 ms avg throuhgput (requests/sec) = 815.0186 res=false
*==== INFO ====*  stream_id=1059996 latency=0.546603 ms (tx_ts=83377284767168, rx_ts=83377285313771) request_id=1855085 zil_blk_id=1059996 ccf_commit_seqno=1855085 nstreams_done_=265000 config.nstreams=1000000 avg_latency=0.5360 ms avg throuhgput (requests/sec) = 814.8988 res=false
*==== INFO ====*  stream_id=1061996 latency=0.465300 ms (tx_ts=83377968733480, rx_ts=83377969198780) request_id=1856682 zil_blk_id=1061996 ccf_commit_seqno=1856682 nstreams_done_=265500 config.nstreams=1000000 avg_latency=0.5359 ms avg throuhgput (requests/sec) = 814.7230 res=false
*==== INFO ====*  stream_id=1063996 latency=0.489606 ms (tx_ts=83378641083321, rx_ts=83378641572927) request_id=1858304 zil_blk_id=1063996 ccf_commit_seqno=1858304 nstreams_done_=266000 config.nstreams=1000000 avg_latency=0.5358 ms avg throuhgput (requests/sec) = 814.5766 res=false
*==== INFO ====*  stream_id=1065996 latency=0.552625 ms (tx_ts=83379312129625, rx_ts=83379312682250) request_id=1859968 zil_blk_id=1065996 ccf_commit_seqno=1859968 nstreams_done_=266500 config.nstreams=1000000 avg_latency=0.5358 ms avg throuhgput (requests/sec) = 814.4340 res=false
*==== INFO ====*  stream_id=1067996 latency=0.443810 ms (tx_ts=83379991269148, rx_ts=83379991712958) request_id=1861625 zil_blk_id=1067996 ccf_commit_seqno=1861625 nstreams_done_=267000 config.nstreams=1000000 avg_latency=0.5357 ms avg throuhgput (requests/sec) = 814.2723 res=false
*==== INFO ====*  stream_id=1069996 latency=0.455893 ms (tx_ts=83380667508168, rx_ts=83380667964061) request_id=1863276 zil_blk_id=1069996 ccf_commit_seqno=1863276 nstreams_done_=267500 config.nstreams=1000000 avg_latency=0.5357 ms avg throuhgput (requests/sec) = 814.1181 res=false
*==== INFO ====*  stream_id=1071996 latency=0.433221 ms (tx_ts=83381321317439, rx_ts=83381321750660) request_id=1864897 zil_blk_id=1071996 ccf_commit_seqno=1864897 nstreams_done_=268000 config.nstreams=1000000 avg_latency=0.5356 ms avg throuhgput (requests/sec) = 814.0201 res=false
*==== INFO ====*  stream_id=1073996 latency=0.480249 ms (tx_ts=83382010265104, rx_ts=83382010745353) request_id=1866521 zil_blk_id=1073996 ccf_commit_seqno=1866521 nstreams_done_=268500 config.nstreams=1000000 avg_latency=0.5356 ms avg throuhgput (requests/sec) = 813.8357 res=false
*==== INFO ====*  stream_id=1075996 latency=0.493854 ms (tx_ts=83382701080976, rx_ts=83382701574830) request_id=1868167 zil_blk_id=1075996 ccf_commit_seqno=1868167 nstreams_done_=269000 config.nstreams=1000000 avg_latency=0.5355 ms avg throuhgput (requests/sec) = 813.6475 res=false
*==== INFO ====*  stream_id=1077996 latency=0.455322 ms (tx_ts=83383400472578, rx_ts=83383400927900) request_id=1869777 zil_blk_id=1077996 ccf_commit_seqno=1869777 nstreams_done_=269500 config.nstreams=1000000 avg_latency=0.5355 ms avg throuhgput (requests/sec) = 813.4391 res=false
*==== INFO ====*  stream_id=1079996 latency=0.479668 ms (tx_ts=83384087033947, rx_ts=83384087513615) request_id=1871358 zil_blk_id=1079996 ccf_commit_seqno=1871358 nstreams_done_=270000 config.nstreams=1000000 avg_latency=0.5355 ms avg throuhgput (requests/sec) = 813.2629 res=false
*==== INFO ====*  stream_id=1081996 latency=0.508692 ms (tx_ts=83384752901467, rx_ts=83384753410159) request_id=1872907 zil_blk_id=1081996 ccf_commit_seqno=1872907 nstreams_done_=270500 config.nstreams=1000000 avg_latency=0.5354 ms avg throuhgput (requests/sec) = 813.1381 res=false
*==== INFO ====*  stream_id=1083996 latency=0.472605 ms (tx_ts=83385412688907, rx_ts=83385413161512) request_id=1874466 zil_blk_id=1083996 ccf_commit_seqno=1874466 nstreams_done_=271000 config.nstreams=1000000 avg_latency=0.5354 ms avg throuhgput (requests/sec) = 813.0286 res=false
*==== INFO ====*  stream_id=1085996 latency=0.494035 ms (tx_ts=83386060672433, rx_ts=83386061166468) request_id=1876008 zil_blk_id=1085996 ccf_commit_seqno=1876008 nstreams_done_=271500 config.nstreams=1000000 avg_latency=0.5353 ms avg throuhgput (requests/sec) = 812.9483 res=false
*==== INFO ====*  stream_id=1087996 latency=0.450583 ms (tx_ts=83386744350434, rx_ts=83386744801017) request_id=1877586 zil_blk_id=1087996 ccf_commit_seqno=1877586 nstreams_done_=272000 config.nstreams=1000000 avg_latency=0.5352 ms avg throuhgput (requests/sec) = 812.7816 res=false
*==== INFO ====*  stream_id=1089996 latency=0.532486 ms (tx_ts=83387412558592, rx_ts=83387413091078) request_id=1879160 zil_blk_id=1089996 ccf_commit_seqno=1879160 nstreams_done_=272500 config.nstreams=1000000 avg_latency=0.5352 ms avg throuhgput (requests/sec) = 812.6529 res=false
*==== INFO ====*  stream_id=1091996 latency=0.491309 ms (tx_ts=83388093640992, rx_ts=83388094132301) request_id=1880747 zil_blk_id=1091996 ccf_commit_seqno=1880747 nstreams_done_=273000 config.nstreams=1000000 avg_latency=0.5351 ms avg throuhgput (requests/sec) = 812.4938 res=false
*==== INFO ====*  stream_id=1093996 latency=0.473527 ms (tx_ts=83388781479324, rx_ts=83388781952851) request_id=1882361 zil_blk_id=1093996 ccf_commit_seqno=1882361 nstreams_done_=273500 config.nstreams=1000000 avg_latency=0.5351 ms avg throuhgput (requests/sec) = 812.3190 res=false
*==== INFO ====*  stream_id=1095996 latency=0.428692 ms (tx_ts=83389457912447, rx_ts=83389458341139) request_id=1883952 zil_blk_id=1095996 ccf_commit_seqno=1883952 nstreams_done_=274000 config.nstreams=1000000 avg_latency=0.5350 ms avg throuhgput (requests/sec) = 812.1725 res=false
*==== INFO ====*  stream_id=1097996 latency=0.509884 ms (tx_ts=83390138650022, rx_ts=83390139159906) request_id=1885506 zil_blk_id=1097996 ccf_commit_seqno=1885506 nstreams_done_=274500 config.nstreams=1000000 avg_latency=0.5349 ms avg throuhgput (requests/sec) = 812.0158 res=false
*==== INFO ====*  stream_id=1099996 latency=0.526055 ms (tx_ts=83390806518463, rx_ts=83390807044518) request_id=1887042 zil_blk_id=1099996 ccf_commit_seqno=1887042 nstreams_done_=275000 config.nstreams=1000000 avg_latency=0.5348 ms avg throuhgput (requests/sec) = 811.8909 res=false
*==== INFO ====*  stream_id=1101996 latency=0.534780 ms (tx_ts=83391521994344, rx_ts=83391522529124) request_id=1888659 zil_blk_id=1101996 ccf_commit_seqno=1888659 nstreams_done_=275500 config.nstreams=1000000 avg_latency=0.5348 ms avg throuhgput (requests/sec) = 811.6525 res=false
*==== INFO ====*  stream_id=1103996 latency=0.474097 ms (tx_ts=83392190825859, rx_ts=83392191299956) request_id=1890220 zil_blk_id=1103996 ccf_commit_seqno=1890220 nstreams_done_=276000 config.nstreams=1000000 avg_latency=0.5347 ms avg throuhgput (requests/sec) = 811.5267 res=false
*==== INFO ====*  stream_id=1105996 latency=0.508832 ms (tx_ts=83392887306844, rx_ts=83392887815676) request_id=1891755 zil_blk_id=1105996 ccf_commit_seqno=1891755 nstreams_done_=276500 config.nstreams=1000000 avg_latency=0.5346 ms avg throuhgput (requests/sec) = 811.3352 res=false
*==== INFO ====*  stream_id=1107996 latency=0.431557 ms (tx_ts=83393565408557, rx_ts=83393565840114) request_id=1893332 zil_blk_id=1107996 ccf_commit_seqno=1893332 nstreams_done_=277000 config.nstreams=1000000 avg_latency=0.5346 ms avg throuhgput (requests/sec) = 811.1885 res=false
*==== INFO ====*  stream_id=1109996 latency=0.456184 ms (tx_ts=83394267922067, rx_ts=83394268378251) request_id=1894927 zil_blk_id=1109996 ccf_commit_seqno=1894927 nstreams_done_=277500 config.nstreams=1000000 avg_latency=0.5346 ms avg throuhgput (requests/sec) = 810.9842 res=false
*==== INFO ====*  stream_id=1111996 latency=0.456925 ms (tx_ts=83394945969597, rx_ts=83394946426522) request_id=1896475 zil_blk_id=1111996 ccf_commit_seqno=1896475 nstreams_done_=278000 config.nstreams=1000000 avg_latency=0.5345 ms avg throuhgput (requests/sec) = 810.8387 res=false
*==== INFO ====*  stream_id=1113996 latency=0.454390 ms (tx_ts=83395598597210, rx_ts=83395599051600) request_id=1898027 zil_blk_id=1113996 ccf_commit_seqno=1898027 nstreams_done_=278500 config.nstreams=1000000 avg_latency=0.5345 ms avg throuhgput (requests/sec) = 810.7538 res=false
*==== INFO ====*  stream_id=1115996 latency=0.460852 ms (tx_ts=83396248326279, rx_ts=83396248787131) request_id=1899594 zil_blk_id=1115996 ccf_commit_seqno=1899594 nstreams_done_=279000 config.nstreams=1000000 avg_latency=0.5344 ms avg throuhgput (requests/sec) = 810.6760 res=false
*==== INFO ====*  stream_id=1117996 latency=0.450443 ms (tx_ts=83396924306194, rx_ts=83396924756637) request_id=1901167 zil_blk_id=1117996 ccf_commit_seqno=1901167 nstreams_done_=279500 config.nstreams=1000000 avg_latency=0.5344 ms avg throuhgput (requests/sec) = 810.5368 res=false
*==== INFO ====*  stream_id=1119996 latency=0.520434 ms (tx_ts=83397625792792, rx_ts=83397626313226) request_id=1902761 zil_blk_id=1119996 ccf_commit_seqno=1902761 nstreams_done_=280000 config.nstreams=1000000 avg_latency=0.5344 ms avg throuhgput (requests/sec) = 810.3382 res=false
*==== INFO ====*  stream_id=1121996 latency=0.471372 ms (tx_ts=83398323803394, rx_ts=83398324274766) request_id=1904338 zil_blk_id=1121996 ccf_commit_seqno=1904338 nstreams_done_=280500 config.nstreams=1000000 avg_latency=0.5344 ms avg throuhgput (requests/sec) = 810.1488 res=false
*==== INFO ====*  stream_id=1123996 latency=0.807772 ms (tx_ts=83399022554041, rx_ts=83399023361813) request_id=1905924 zil_blk_id=1123996 ccf_commit_seqno=1905924 nstreams_done_=281000 config.nstreams=1000000 avg_latency=0.5344 ms avg throuhgput (requests/sec) = 809.9575 res=false
*==== INFO ====*  stream_id=1125996 latency=0.491519 ms (tx_ts=83399717855774, rx_ts=83399718347293) request_id=1907526 zil_blk_id=1125996 ccf_commit_seqno=1907526 nstreams_done_=281500 config.nstreams=1000000 avg_latency=0.5344 ms avg throuhgput (requests/sec) = 809.7765 res=false
*==== INFO ====*  stream_id=1127996 latency=0.529110 ms (tx_ts=83400409513497, rx_ts=83400410042607) request_id=1909129 zil_blk_id=1127996 ccf_commit_seqno=1909129 nstreams_done_=282000 config.nstreams=1000000 avg_latency=0.5343 ms avg throuhgput (requests/sec) = 809.6039 res=false
*==== INFO ====*  stream_id=1129996 latency=0.469278 ms (tx_ts=83401116938848, rx_ts=83401117408126) request_id=1910735 zil_blk_id=1129996 ccf_commit_seqno=1910735 nstreams_done_=282500 config.nstreams=1000000 avg_latency=0.5343 ms avg throuhgput (requests/sec) = 809.3957 res=false
*==== INFO ====*  stream_id=1131996 latency=0.496409 ms (tx_ts=83401834910514, rx_ts=83401835406923) request_id=1912369 zil_blk_id=1131996 ccf_commit_seqno=1912369 nstreams_done_=283000 config.nstreams=1000000 avg_latency=0.5343 ms avg throuhgput (requests/sec) = 809.1637 res=false
*==== INFO ====*  stream_id=1133996 latency=0.474579 ms (tx_ts=83402514818878, rx_ts=83402515293457) request_id=1914066 zil_blk_id=1133996 ccf_commit_seqno=1914066 nstreams_done_=283500 config.nstreams=1000000 avg_latency=0.5342 ms avg throuhgput (requests/sec) = 809.0206 res=false
*==== INFO ====*  stream_id=1135996 latency=0.517990 ms (tx_ts=83403238176959, rx_ts=83403238694949) request_id=1915781 zil_blk_id=1135996 ccf_commit_seqno=1915781 nstreams_done_=284000 config.nstreams=1000000 avg_latency=0.5343 ms avg throuhgput (requests/sec) = 808.7778 res=false
*==== INFO ====*  stream_id=1137996 latency=0.543968 ms (tx_ts=83403964642641, rx_ts=83403965186609) request_id=1917383 zil_blk_id=1137996 ccf_commit_seqno=1917383 nstreams_done_=284500 config.nstreams=1000000 avg_latency=0.5343 ms avg throuhgput (requests/sec) = 808.5289 res=false
*==== INFO ====*  stream_id=1139996 latency=0.469198 ms (tx_ts=83404675337820, rx_ts=83404675807018) request_id=1918941 zil_blk_id=1139996 ccf_commit_seqno=1918941 nstreams_done_=285000 config.nstreams=1000000 avg_latency=0.5342 ms avg throuhgput (requests/sec) = 808.3175 res=false
*==== INFO ====*  stream_id=1141996 latency=0.514744 ms (tx_ts=83405410114960, rx_ts=83405410629704) request_id=1920549 zil_blk_id=1141996 ccf_commit_seqno=1920549 nstreams_done_=285500 config.nstreams=1000000 avg_latency=0.5342 ms avg throuhgput (requests/sec) = 808.0515 res=false
*==== INFO ====*  stream_id=1143996 latency=0.486691 ms (tx_ts=83406099850103, rx_ts=83406100336794) request_id=1922095 zil_blk_id=1143996 ccf_commit_seqno=1922095 nstreams_done_=286000 config.nstreams=1000000 avg_latency=0.5341 ms avg throuhgput (requests/sec) = 807.8896 res=false
*==== INFO ====*  stream_id=1145996 latency=0.506938 ms (tx_ts=83406783924143, rx_ts=83406784431081) request_id=1923655 zil_blk_id=1145996 ccf_commit_seqno=1923655 nstreams_done_=286500 config.nstreams=1000000 avg_latency=0.5341 ms avg throuhgput (requests/sec) = 807.7411 res=false
*==== INFO ====*  stream_id=1147996 latency=0.458408 ms (tx_ts=83407456931551, rx_ts=83407457389959) request_id=1925226 zil_blk_id=1147996 ccf_commit_seqno=1925226 nstreams_done_=287000 config.nstreams=1000000 avg_latency=0.5340 ms avg throuhgput (requests/sec) = 807.6185 res=false
*==== INFO ====*  stream_id=1149996 latency=0.529521 ms (tx_ts=83408133164676, rx_ts=83408133694197) request_id=1926837 zil_blk_id=1149996 ccf_commit_seqno=1926837 nstreams_done_=287500 config.nstreams=1000000 avg_latency=0.5340 ms avg throuhgput (requests/sec) = 807.4887 res=false
*==== INFO ====*  stream_id=1151996 latency=0.472174 ms (tx_ts=83408801474763, rx_ts=83408801946937) request_id=1928393 zil_blk_id=1151996 ccf_commit_seqno=1928393 nstreams_done_=288000 config.nstreams=1000000 avg_latency=0.5339 ms avg throuhgput (requests/sec) = 807.3777 res=false
*==== INFO ====*  stream_id=1153996 latency=0.525043 ms (tx_ts=83409458678215, rx_ts=83409459203258) request_id=1929955 zil_blk_id=1153996 ccf_commit_seqno=1929955 nstreams_done_=288500 config.nstreams=1000000 avg_latency=0.5339 ms avg throuhgput (requests/sec) = 807.2919 res=false
*==== INFO ====*  stream_id=1155996 latency=0.468006 ms (tx_ts=83410122189291, rx_ts=83410122657297) request_id=1931530 zil_blk_id=1155996 ccf_commit_seqno=1931530 nstreams_done_=289000 config.nstreams=1000000 avg_latency=0.5339 ms avg throuhgput (requests/sec) = 807.1925 res=false
*==== INFO ====*  stream_id=1157996 latency=0.606335 ms (tx_ts=83410771988147, rx_ts=83410772594482) request_id=1933079 zil_blk_id=1157996 ccf_commit_seqno=1933079 nstreams_done_=289500 config.nstreams=1000000 avg_latency=0.5338 ms avg throuhgput (requests/sec) = 807.1238 res=false
*==== INFO ====*  stream_id=1159996 latency=0.464519 ms (tx_ts=83411467678747, rx_ts=83411468143266) request_id=1934688 zil_blk_id=1159996 ccf_commit_seqno=1934688 nstreams_done_=290000 config.nstreams=1000000 avg_latency=0.5338 ms avg throuhgput (requests/sec) = 806.9530 res=false
*==== INFO ====*  stream_id=1161996 latency=0.508451 ms (tx_ts=83412144963236, rx_ts=83412145471687) request_id=1936249 zil_blk_id=1161996 ccf_commit_seqno=1936249 nstreams_done_=290500 config.nstreams=1000000 avg_latency=0.5338 ms avg throuhgput (requests/sec) = 806.8236 res=false
*==== INFO ====*  stream_id=1163996 latency=0.473786 ms (tx_ts=83412831926103, rx_ts=83412832399889) request_id=1937805 zil_blk_id=1163996 ccf_commit_seqno=1937805 nstreams_done_=291000 config.nstreams=1000000 avg_latency=0.5337 ms avg throuhgput (requests/sec) = 806.6733 res=false
*==== INFO ====*  stream_id=1165996 latency=0.485108 ms (tx_ts=83413521227065, rx_ts=83413521712173) request_id=1939489 zil_blk_id=1165996 ccf_commit_seqno=1939489 nstreams_done_=291500 config.nstreams=1000000 avg_latency=0.5337 ms avg throuhgput (requests/sec) = 806.5182 res=false
*==== INFO ====*  stream_id=1167996 latency=0.523620 ms (tx_ts=83414218681526, rx_ts=83414219205146) request_id=1941159 zil_blk_id=1167996 ccf_commit_seqno=1941159 nstreams_done_=292000 config.nstreams=1000000 avg_latency=0.5337 ms avg throuhgput (requests/sec) = 806.3455 res=false
*==== INFO ====*  stream_id=1169996 latency=0.487973 ms (tx_ts=83414925258936, rx_ts=83414925746909) request_id=1942778 zil_blk_id=1169996 ccf_commit_seqno=1942778 nstreams_done_=292500 config.nstreams=1000000 avg_latency=0.5337 ms avg throuhgput (requests/sec) = 806.1534 res=false
*==== INFO ====*  stream_id=1171996 latency=0.473386 ms (tx_ts=83415583084841, rx_ts=83415583558227) request_id=1944384 zil_blk_id=1171996 ccf_commit_seqno=1944384 nstreams_done_=293000 config.nstreams=1000000 avg_latency=0.5336 ms avg throuhgput (requests/sec) = 806.0700 res=false
*==== INFO ====*  stream_id=1173996 latency=0.468727 ms (tx_ts=83416275149856, rx_ts=83416275618583) request_id=1946111 zil_blk_id=1173996 ccf_commit_seqno=1946111 nstreams_done_=293500 config.nstreams=1000000 avg_latency=0.5336 ms avg throuhgput (requests/sec) = 805.9112 res=false
*==== INFO ====*  stream_id=1175996 latency=0.633936 ms (tx_ts=83416973163306, rx_ts=83416973797242) request_id=1947795 zil_blk_id=1175996 ccf_commit_seqno=1947795 nstreams_done_=294000 config.nstreams=1000000 avg_latency=0.5336 ms avg throuhgput (requests/sec) = 805.7394 res=false
*==== INFO ====*  stream_id=1177996 latency=0.504303 ms (tx_ts=83417660312283, rx_ts=83417660816586) request_id=1949516 zil_blk_id=1177996 ccf_commit_seqno=1949516 nstreams_done_=294500 config.nstreams=1000000 avg_latency=0.5336 ms avg throuhgput (requests/sec) = 805.5929 res=false
*==== INFO ====*  stream_id=1179996 latency=0.500858 ms (tx_ts=83418345377642, rx_ts=83418345878500) request_id=1951139 zil_blk_id=1179996 ccf_commit_seqno=1951139 nstreams_done_=295000 config.nstreams=1000000 avg_latency=0.5336 ms avg throuhgput (requests/sec) = 805.4513 res=false
*==== INFO ====*  stream_id=1181996 latency=0.476452 ms (tx_ts=83419060750125, rx_ts=83419061226577) request_id=1952729 zil_blk_id=1181996 ccf_commit_seqno=1952729 nstreams_done_=295500 config.nstreams=1000000 avg_latency=0.5336 ms avg throuhgput (requests/sec) = 805.2437 res=false
*==== INFO ====*  stream_id=1183996 latency=0.447909 ms (tx_ts=83419743445255, rx_ts=83419743893164) request_id=1954428 zil_blk_id=1183996 ccf_commit_seqno=1954428 nstreams_done_=296000 config.nstreams=1000000 avg_latency=0.5336 ms avg throuhgput (requests/sec) = 805.1085 res=false
*==== INFO ====*  stream_id=1185996 latency=0.459920 ms (tx_ts=83420478674499, rx_ts=83420479134419) request_id=1956176 zil_blk_id=1185996 ccf_commit_seqno=1956176 nstreams_done_=296500 config.nstreams=1000000 avg_latency=0.5337 ms avg throuhgput (requests/sec) = 804.8589 res=false
*==== INFO ====*  stream_id=1187996 latency=0.516566 ms (tx_ts=83421147478731, rx_ts=83421147995297) request_id=1957886 zil_blk_id=1187996 ccf_commit_seqno=1957886 nstreams_done_=297000 config.nstreams=1000000 avg_latency=0.5337 ms avg throuhgput (requests/sec) = 804.7550 res=false
*==== INFO ====*  stream_id=1189996 latency=0.510966 ms (tx_ts=83421846256370, rx_ts=83421846767336) request_id=1959632 zil_blk_id=1189996 ccf_commit_seqno=1959632 nstreams_done_=297500 config.nstreams=1000000 avg_latency=0.5337 ms avg throuhgput (requests/sec) = 804.5864 res=false
*==== INFO ====*  stream_id=1191996 latency=0.459380 ms (tx_ts=83422506330584, rx_ts=83422506789964) request_id=1961299 zil_blk_id=1191996 ccf_commit_seqno=1961299 nstreams_done_=298000 config.nstreams=1000000 avg_latency=0.5336 ms avg throuhgput (requests/sec) = 804.5026 res=false
*==== INFO ====*  stream_id=1193996 latency=0.497121 ms (tx_ts=83423226926096, rx_ts=83423227423217) request_id=1962879 zil_blk_id=1193996 ccf_commit_seqno=1962879 nstreams_done_=298500 config.nstreams=1000000 avg_latency=0.5337 ms avg throuhgput (requests/sec) = 804.2877 res=false
*==== INFO ====*  stream_id=1195996 latency=0.491049 ms (tx_ts=83423947669316, rx_ts=83423948160365) request_id=1964458 zil_blk_id=1195996 ccf_commit_seqno=1964458 nstreams_done_=299000 config.nstreams=1000000 avg_latency=0.5336 ms avg throuhgput (requests/sec) = 804.0734 res=false
*==== INFO ====*  stream_id=1197996 latency=0.428933 ms (tx_ts=83424629831015, rx_ts=83424630259948) request_id=1966052 zil_blk_id=1197996 ccf_commit_seqno=1966052 nstreams_done_=299500 config.nstreams=1000000 avg_latency=0.5336 ms avg throuhgput (requests/sec) = 803.9433 res=false
*==== INFO ====*  stream_id=1199996 latency=0.477113 ms (tx_ts=83425323170719, rx_ts=83425323647832) request_id=1967612 zil_blk_id=1199996 ccf_commit_seqno=1967612 nstreams_done_=300000 config.nstreams=1000000 avg_latency=0.5335 ms avg throuhgput (requests/sec) = 803.7894 res=false
*==== INFO ====*  stream_id=1201996 latency=0.551051 ms (tx_ts=83426011017504, rx_ts=83426011568555) request_id=1969180 zil_blk_id=1201996 ccf_commit_seqno=1969180 nstreams_done_=300500 config.nstreams=1000000 avg_latency=0.5335 ms avg throuhgput (requests/sec) = 803.6478 res=false
*==== INFO ====*  stream_id=1203996 latency=0.499895 ms (tx_ts=83426649563093, rx_ts=83426650062988) request_id=1970719 zil_blk_id=1203996 ccf_commit_seqno=1970719 nstreams_done_=301000 config.nstreams=1000000 avg_latency=0.5334 ms avg throuhgput (requests/sec) = 803.6128 res=false
*==== INFO ====*  stream_id=1205996 latency=0.454811 ms (tx_ts=83427313900410, rx_ts=83427314355221) request_id=1972273 zil_blk_id=1205996 ccf_commit_seqno=1972273 nstreams_done_=301500 config.nstreams=1000000 avg_latency=0.5334 ms avg throuhgput (requests/sec) = 803.5226 res=false
*==== INFO ====*  stream_id=1207996 latency=0.469659 ms (tx_ts=83427984208597, rx_ts=83427984678256) request_id=1973840 zil_blk_id=1207996 ccf_commit_seqno=1973840 nstreams_done_=302000 config.nstreams=1000000 avg_latency=0.5334 ms avg throuhgput (requests/sec) = 803.4199 res=false
*==== INFO ====*  stream_id=1209996 latency=0.572050 ms (tx_ts=83428660957664, rx_ts=83428661529714) request_id=1975413 zil_blk_id=1209996 ccf_commit_seqno=1975413 nstreams_done_=302500 config.nstreams=1000000 avg_latency=0.5333 ms avg throuhgput (requests/sec) = 803.3036 res=false
*==== INFO ====*  stream_id=1211996 latency=0.494395 ms (tx_ts=83429331110721, rx_ts=83429331605116) request_id=1976973 zil_blk_id=1211996 ccf_commit_seqno=1976973 nstreams_done_=303000 config.nstreams=1000000 avg_latency=0.5332 ms avg throuhgput (requests/sec) = 803.2021 res=false
*==== INFO ====*  stream_id=1213996 latency=0.483444 ms (tx_ts=83430012594385, rx_ts=83430013077829) request_id=1978559 zil_blk_id=1213996 ccf_commit_seqno=1978559 nstreams_done_=303500 config.nstreams=1000000 avg_latency=0.5332 ms avg throuhgput (requests/sec) = 803.0768 res=false
*==== INFO ====*  stream_id=1215996 latency=0.538727 ms (tx_ts=83430715941699, rx_ts=83430716480426) request_id=1980135 zil_blk_id=1215996 ccf_commit_seqno=1980135 nstreams_done_=304000 config.nstreams=1000000 avg_latency=0.5332 ms avg throuhgput (requests/sec) = 802.9054 res=false
*==== INFO ====*  stream_id=1217996 latency=0.535611 ms (tx_ts=83431414951298, rx_ts=83431415486909) request_id=1981746 zil_blk_id=1217996 ccf_commit_seqno=1981746 nstreams_done_=304500 config.nstreams=1000000 avg_latency=0.5331 ms avg throuhgput (requests/sec) = 802.7440 res=false
*==== INFO ====*  stream_id=1219996 latency=0.548586 ms (tx_ts=83432157931743, rx_ts=83432158480329) request_id=1983433 zil_blk_id=1219996 ccf_commit_seqno=1983433 nstreams_done_=305000 config.nstreams=1000000 avg_latency=0.5332 ms avg throuhgput (requests/sec) = 802.4903 res=false
*==== INFO ====*  stream_id=1221996 latency=0.466402 ms (tx_ts=83432870320932, rx_ts=83432870787334) request_id=1985085 zil_blk_id=1221996 ccf_commit_seqno=1985085 nstreams_done_=305500 config.nstreams=1000000 avg_latency=0.5333 ms avg throuhgput (requests/sec) = 802.3022 res=false
*==== INFO ====*  stream_id=1223996 latency=0.471242 ms (tx_ts=83433544810368, rx_ts=83433545281610) request_id=1986655 zil_blk_id=1223996 ccf_commit_seqno=1986655 nstreams_done_=306000 config.nstreams=1000000 avg_latency=0.5333 ms avg throuhgput (requests/sec) = 802.1943 res=false
*==== INFO ====*  stream_id=1225996 latency=0.487302 ms (tx_ts=83434236551087, rx_ts=83434237038389) request_id=1988248 zil_blk_id=1225996 ccf_commit_seqno=1988248 nstreams_done_=306500 config.nstreams=1000000 avg_latency=0.5334 ms avg throuhgput (requests/sec) = 802.0506 res=false
*==== INFO ====*  stream_id=1227996 latency=0.582026 ms (tx_ts=83434913579768, rx_ts=83434914161794) request_id=1989863 zil_blk_id=1227996 ccf_commit_seqno=1989863 nstreams_done_=307000 config.nstreams=1000000 avg_latency=0.5334 ms avg throuhgput (requests/sec) = 801.9380 res=false
*==== INFO ====*  stream_id=1229996 latency=0.491517 ms (tx_ts=83435582921444, rx_ts=83435583412961) request_id=1991418 zil_blk_id=1229996 ccf_commit_seqno=1991418 nstreams_done_=307500 config.nstreams=1000000 avg_latency=0.5333 ms avg throuhgput (requests/sec) = 801.8423 res=false
*==== INFO ====*  stream_id=1231996 latency=0.473974 ms (tx_ts=83436279875570, rx_ts=83436280349544) request_id=1992999 zil_blk_id=1231996 ccf_commit_seqno=1992999 nstreams_done_=308000 config.nstreams=1000000 avg_latency=0.5333 ms avg throuhgput (requests/sec) = 801.6892 res=false
*==== INFO ====*  stream_id=1233996 latency=0.570668 ms (tx_ts=83436941722380, rx_ts=83436942293048) request_id=1994562 zil_blk_id=1233996 ccf_commit_seqno=1994562 nstreams_done_=308500 config.nstreams=1000000 avg_latency=0.5332 ms avg throuhgput (requests/sec) = 801.6095 res=false
*==== INFO ====*  stream_id=1235996 latency=0.496939 ms (tx_ts=83437597584965, rx_ts=83437598081904) request_id=1996119 zil_blk_id=1235996 ccf_commit_seqno=1996119 nstreams_done_=309000 config.nstreams=1000000 avg_latency=0.5332 ms avg throuhgput (requests/sec) = 801.5429 res=false
*==== INFO ====*  stream_id=1237996 latency=0.494946 ms (tx_ts=83438269036741, rx_ts=83438269531687) request_id=1997678 zil_blk_id=1237996 ccf_commit_seqno=1997679 nstreams_done_=309500 config.nstreams=1000000 avg_latency=0.5331 ms avg throuhgput (requests/sec) = 801.4440 res=false
*==== INFO ====*  stream_id=1239996 latency=0.468607 ms (tx_ts=83438947867776, rx_ts=83438948336383) request_id=1999239 zil_blk_id=1239996 ccf_commit_seqno=1999239 nstreams_done_=310000 config.nstreams=1000000 avg_latency=0.5331 ms avg throuhgput (requests/sec) = 801.3302 res=false
*==== INFO ====*  stream_id=1241996 latency=0.519973 ms (tx_ts=83439627127293, rx_ts=83439627647266) request_id=2000795 zil_blk_id=1241996 ccf_commit_seqno=2000795 nstreams_done_=310500 config.nstreams=1000000 avg_latency=0.5330 ms avg throuhgput (requests/sec) = 801.2157 res=false
*==== INFO ====*  stream_id=1243996 latency=0.544198 ms (tx_ts=83440299415856, rx_ts=83440299960054) request_id=2002345 zil_blk_id=1243996 ccf_commit_seqno=2002345 nstreams_done_=311000 config.nstreams=1000000 avg_latency=0.5330 ms avg throuhgput (requests/sec) = 801.1161 res=false
*==== INFO ====*  stream_id=1245996 latency=0.456244 ms (tx_ts=83441010026473, rx_ts=83441010482717) request_id=2004038 zil_blk_id=1245996 ccf_commit_seqno=2004038 nstreams_done_=311500 config.nstreams=1000000 avg_latency=0.5330 ms avg throuhgput (requests/sec) = 800.9382 res=false
*==== INFO ====*  stream_id=1247996 latency=0.472765 ms (tx_ts=83441699284139, rx_ts=83441699756904) request_id=2005646 zil_blk_id=1247996 ccf_commit_seqno=2005646 nstreams_done_=312000 config.nstreams=1000000 avg_latency=0.5330 ms avg throuhgput (requests/sec) = 800.8045 res=false
*==== INFO ====*  stream_id=1249996 latency=0.470361 ms (tx_ts=83442394934204, rx_ts=83442395404565) request_id=2007391 zil_blk_id=1249996 ccf_commit_seqno=2007391 nstreams_done_=312500 config.nstreams=1000000 avg_latency=0.5330 ms avg throuhgput (requests/sec) = 800.6583 res=false
*==== INFO ====*  stream_id=1251996 latency=0.487071 ms (tx_ts=83443083891586, rx_ts=83443084378657) request_id=2009122 zil_blk_id=1251996 ccf_commit_seqno=2009122 nstreams_done_=313000 config.nstreams=1000000 avg_latency=0.5330 ms avg throuhgput (requests/sec) = 800.5262 res=false
*==== INFO ====*  stream_id=1253996 latency=0.468426 ms (tx_ts=83443797290077, rx_ts=83443797758503) request_id=2010847 zil_blk_id=1253996 ccf_commit_seqno=2010847 nstreams_done_=313500 config.nstreams=1000000 avg_latency=0.5330 ms avg throuhgput (requests/sec) = 800.3448 res=false
*==== INFO ====*  stream_id=1255996 latency=0.548325 ms (tx_ts=83444449132346, rx_ts=83444449680671) request_id=2012419 zil_blk_id=1255996 ccf_commit_seqno=2012419 nstreams_done_=314000 config.nstreams=1000000 avg_latency=0.5330 ms avg throuhgput (requests/sec) = 800.2893 res=false
*==== INFO ====*  stream_id=1257996 latency=0.486169 ms (tx_ts=83445147117201, rx_ts=83445147603370) request_id=2013986 zil_blk_id=1257996 ccf_commit_seqno=2013986 nstreams_done_=314500 config.nstreams=1000000 avg_latency=0.5330 ms avg throuhgput (requests/sec) = 800.1404 res=false
*==== INFO ====*  stream_id=1259996 latency=0.479057 ms (tx_ts=83445898416767, rx_ts=83445898895824) request_id=2015718 zil_blk_id=1259996 ccf_commit_seqno=2015718 nstreams_done_=315000 config.nstreams=1000000 avg_latency=0.5331 ms avg throuhgput (requests/sec) = 799.8835 res=false
*==== INFO ====*  stream_id=1261996 latency=0.466212 ms (tx_ts=83446642193302, rx_ts=83446642659514) request_id=2017434 zil_blk_id=1261996 ccf_commit_seqno=2017434 nstreams_done_=315500 config.nstreams=1000000 avg_latency=0.5331 ms avg throuhgput (requests/sec) = 799.6430 res=false
*==== INFO ====*  stream_id=1263996 latency=0.456901 ms (tx_ts=83447338269724, rx_ts=83447338726625) request_id=2019143 zil_blk_id=1263996 ccf_commit_seqno=2019143 nstreams_done_=316000 config.nstreams=1000000 avg_latency=0.5331 ms avg throuhgput (requests/sec) = 799.4997 res=false
*==== INFO ====*  stream_id=1265996 latency=0.459740 ms (tx_ts=83448039073054, rx_ts=83448039532794) request_id=2020805 zil_blk_id=1265996 ccf_commit_seqno=2020805 nstreams_done_=316500 config.nstreams=1000000 avg_latency=0.5331 ms avg throuhgput (requests/sec) = 799.3475 res=false
*==== INFO ====*  stream_id=1267996 latency=0.480088 ms (tx_ts=83448746502299, rx_ts=83448746982387) request_id=2022402 zil_blk_id=1267996 ccf_commit_seqno=2022402 nstreams_done_=317000 config.nstreams=1000000 avg_latency=0.5331 ms avg throuhgput (requests/sec) = 799.1823 res=false
*==== INFO ====*  stream_id=1269996 latency=0.589122 ms (tx_ts=83449458617635, rx_ts=83449459206757) request_id=2024036 zil_blk_id=1269996 ccf_commit_seqno=2024036 nstreams_done_=317500 config.nstreams=1000000 avg_latency=0.5331 ms avg throuhgput (requests/sec) = 799.0082 res=false
*==== INFO ====*  stream_id=1271996 latency=0.473316 ms (tx_ts=83450189410357, rx_ts=83450189883673) request_id=2025668 zil_blk_id=1271996 ccf_commit_seqno=2025668 nstreams_done_=318000 config.nstreams=1000000 avg_latency=0.5331 ms avg throuhgput (requests/sec) = 798.7977 res=false
*==== INFO ====*  stream_id=1273996 latency=0.509443 ms (tx_ts=83450899808734, rx_ts=83450900318177) request_id=2027321 zil_blk_id=1273996 ccf_commit_seqno=2027322 nstreams_done_=318500 config.nstreams=1000000 avg_latency=0.5332 ms avg throuhgput (requests/sec) = 798.6284 res=false
*==== INFO ====*  stream_id=1275996 latency=0.517539 ms (tx_ts=83451565821567, rx_ts=83451566339106) request_id=2028969 zil_blk_id=1275996 ccf_commit_seqno=2028969 nstreams_done_=319000 config.nstreams=1000000 avg_latency=0.5331 ms avg throuhgput (requests/sec) = 798.5486 res=false
*==== INFO ====*  stream_id=1277996 latency=0.484557 ms (tx_ts=83452257151524, rx_ts=83452257636081) request_id=2030586 zil_blk_id=1277996 ccf_commit_seqno=2030587 nstreams_done_=319500 config.nstreams=1000000 avg_latency=0.5331 ms avg throuhgput (requests/sec) = 798.4185 res=false
*==== INFO ====*  stream_id=1279996 latency=0.513661 ms (tx_ts=83452955063151, rx_ts=83452955576812) request_id=2032228 zil_blk_id=1279996 ccf_commit_seqno=2032228 nstreams_done_=320000 config.nstreams=1000000 avg_latency=0.5331 ms avg throuhgput (requests/sec) = 798.2757 res=false
*==== INFO ====*  stream_id=1281996 latency=0.484486 ms (tx_ts=83453628878800, rx_ts=83453629363286) request_id=2033807 zil_blk_id=1281996 ccf_commit_seqno=2033807 nstreams_done_=320500 config.nstreams=1000000 avg_latency=0.5330 ms avg throuhgput (requests/sec) = 798.1814 res=false
*==== INFO ====*  stream_id=1283996 latency=0.542835 ms (tx_ts=83454298564991, rx_ts=83454299107826) request_id=2035368 zil_blk_id=1283996 ccf_commit_seqno=2035368 nstreams_done_=321000 config.nstreams=1000000 avg_latency=0.5329 ms avg throuhgput (requests/sec) = 798.0954 res=false
*==== INFO ====*  stream_id=1285996 latency=0.609771 ms (tx_ts=83455002091829, rx_ts=83455002701600) request_id=2036942 zil_blk_id=1285996 ccf_commit_seqno=2036942 nstreams_done_=321500 config.nstreams=1000000 avg_latency=0.5330 ms avg throuhgput (requests/sec) = 797.9427 res=false
*==== INFO ====*  stream_id=1287996 latency=0.514315 ms (tx_ts=83455669601930, rx_ts=83455670116245) request_id=2038513 zil_blk_id=1287996 ccf_commit_seqno=2038513 nstreams_done_=322000 config.nstreams=1000000 avg_latency=0.5329 ms avg throuhgput (requests/sec) = 797.8620 res=false
*==== INFO ====*  stream_id=1289996 latency=0.520144 ms (tx_ts=83456385424944, rx_ts=83456385945088) request_id=2040139 zil_blk_id=1289996 ccf_commit_seqno=2040139 nstreams_done_=322500 config.nstreams=1000000 avg_latency=0.5329 ms avg throuhgput (requests/sec) = 797.6861 res=false
*==== INFO ====*  stream_id=1291996 latency=0.621122 ms (tx_ts=83457050374507, rx_ts=83457050995629) request_id=2041780 zil_blk_id=1291996 ccf_commit_seqno=2041780 nstreams_done_=323000 config.nstreams=1000000 avg_latency=0.5328 ms avg throuhgput (requests/sec) = 797.6108 res=false
*==== INFO ====*  stream_id=1293996 latency=0.511083 ms (tx_ts=83457750625863, rx_ts=83457751136946) request_id=2043490 zil_blk_id=1293996 ccf_commit_seqno=2043490 nstreams_done_=323500 config.nstreams=1000000 avg_latency=0.5328 ms avg throuhgput (requests/sec) = 797.4667 res=false
*==== INFO ====*  stream_id=1295996 latency=0.477773 ms (tx_ts=83458417992852, rx_ts=83458418470625) request_id=2045094 zil_blk_id=1295996 ccf_commit_seqno=2045094 nstreams_done_=324000 config.nstreams=1000000 avg_latency=0.5328 ms avg throuhgput (requests/sec) = 797.3875 res=false
*==== INFO ====*  stream_id=1297996 latency=0.469007 ms (tx_ts=83459097213693, rx_ts=83459097682700) request_id=2046774 zil_blk_id=1297996 ccf_commit_seqno=2046774 nstreams_done_=324500 config.nstreams=1000000 avg_latency=0.5327 ms avg throuhgput (requests/sec) = 797.2853 res=false
*==== INFO ====*  stream_id=1299996 latency=0.505145 ms (tx_ts=83459797904415, rx_ts=83459798409560) request_id=2048463 zil_blk_id=1299996 ccf_commit_seqno=2048463 nstreams_done_=325000 config.nstreams=1000000 avg_latency=0.5327 ms avg throuhgput (requests/sec) = 797.1414 res=false
*==== INFO ====*  stream_id=1301996 latency=0.485278 ms (tx_ts=83460486670131, rx_ts=83460487155409) request_id=2050068 zil_blk_id=1301996 ccf_commit_seqno=2050068 nstreams_done_=325500 config.nstreams=1000000 avg_latency=0.5327 ms avg throuhgput (requests/sec) = 797.0213 res=false
*==== INFO ====*  stream_id=1303996 latency=0.465340 ms (tx_ts=83461202510666, rx_ts=83461202976006) request_id=2051695 zil_blk_id=1303996 ccf_commit_seqno=2051695 nstreams_done_=326000 config.nstreams=1000000 avg_latency=0.5327 ms avg throuhgput (requests/sec) = 796.8490 res=false
*==== INFO ====*  stream_id=1305996 latency=0.454771 ms (tx_ts=83461885944131, rx_ts=83461886398902) request_id=2053263 zil_blk_id=1305996 ccf_commit_seqno=2053263 nstreams_done_=326500 config.nstreams=1000000 avg_latency=0.5327 ms avg throuhgput (requests/sec) = 796.7402 res=false
*==== INFO ====*  stream_id=1307996 latency=0.566590 ms (tx_ts=83462601275771, rx_ts=83462601842361) request_id=2054814 zil_blk_id=1307996 ccf_commit_seqno=2054814 nstreams_done_=327000 config.nstreams=1000000 avg_latency=0.5327 ms avg throuhgput (requests/sec) = 796.5696 res=false
*==== INFO ====*  stream_id=1309996 latency=0.440033 ms (tx_ts=83463329555499, rx_ts=83463329995532) request_id=2056447 zil_blk_id=1309996 ccf_commit_seqno=2056447 nstreams_done_=327500 config.nstreams=1000000 avg_latency=0.5328 ms avg throuhgput (requests/sec) = 796.3750 res=false
*==== INFO ====*  stream_id=1311996 latency=0.468056 ms (tx_ts=83464016043048, rx_ts=83464016511104) request_id=2058038 zil_blk_id=1311996 ccf_commit_seqno=2058038 nstreams_done_=328000 config.nstreams=1000000 avg_latency=0.5328 ms avg throuhgput (requests/sec) = 796.2616 res=false
*==== INFO ====*  stream_id=1313996 latency=0.509753 ms (tx_ts=83464677619028, rx_ts=83464678128781) request_id=2059678 zil_blk_id=1313996 ccf_commit_seqno=2059678 nstreams_done_=328500 config.nstreams=1000000 avg_latency=0.5327 ms avg throuhgput (requests/sec) = 796.1966 res=false
*==== INFO ====*  stream_id=1315996 latency=0.457947 ms (tx_ts=83465361158751, rx_ts=83465361616698) request_id=2061279 zil_blk_id=1315996 ccf_commit_seqno=2061279 nstreams_done_=329000 config.nstreams=1000000 avg_latency=0.5328 ms avg throuhgput (requests/sec) = 796.0896 res=false
*==== INFO ====*  stream_id=1317996 latency=0.585275 ms (tx_ts=83466095381022, rx_ts=83466095966297) request_id=2063024 zil_blk_id=1317996 ccf_commit_seqno=2063024 nstreams_done_=329500 config.nstreams=1000000 avg_latency=0.5328 ms avg throuhgput (requests/sec) = 795.8853 res=false
*==== INFO ====*  stream_id=1319996 latency=0.506203 ms (tx_ts=83466824040033, rx_ts=83466824546236) request_id=2064733 zil_blk_id=1319996 ccf_commit_seqno=2064733 nstreams_done_=330000 config.nstreams=1000000 avg_latency=0.5328 ms avg throuhgput (requests/sec) = 795.6927 res=false
*==== INFO ====*  stream_id=1321996 latency=0.494552 ms (tx_ts=83467522018361, rx_ts=83467522512913) request_id=2066415 zil_blk_id=1321996 ccf_commit_seqno=2066415 nstreams_done_=330500 config.nstreams=1000000 avg_latency=0.5328 ms avg throuhgput (requests/sec) = 795.5594 res=false
*==== INFO ====*  stream_id=1323996 latency=0.469791 ms (tx_ts=83468187884683, rx_ts=83468188354474) request_id=2068055 zil_blk_id=1323996 ccf_commit_seqno=2068055 nstreams_done_=331000 config.nstreams=1000000 avg_latency=0.5328 ms avg throuhgput (requests/sec) = 795.4880 res=false
*==== INFO ====*  stream_id=1325996 latency=0.473873 ms (tx_ts=83468873645311, rx_ts=83468874119184) request_id=2069715 zil_blk_id=1325996 ccf_commit_seqno=2069715 nstreams_done_=331500 config.nstreams=1000000 avg_latency=0.5328 ms avg throuhgput (requests/sec) = 795.3788 res=false
*==== INFO ====*  stream_id=1327996 latency=0.515274 ms (tx_ts=83469527670411, rx_ts=83469528185685) request_id=2071323 zil_blk_id=1327996 ccf_commit_seqno=2071323 nstreams_done_=332000 config.nstreams=1000000 avg_latency=0.5328 ms avg throuhgput (requests/sec) = 795.3303 res=false
*==== INFO ====*  stream_id=1329996 latency=0.477774 ms (tx_ts=83470209671807, rx_ts=83470210149581) request_id=2072947 zil_blk_id=1329996 ccf_commit_seqno=2072947 nstreams_done_=332500 config.nstreams=1000000 avg_latency=0.5328 ms avg throuhgput (requests/sec) = 795.2290 res=false
*==== INFO ====*  stream_id=1331996 latency=0.498583 ms (tx_ts=83470844054314, rx_ts=83470844552897) request_id=2074498 zil_blk_id=1331996 ccf_commit_seqno=2074499 nstreams_done_=333000 config.nstreams=1000000 avg_latency=0.5327 ms avg throuhgput (requests/sec) = 795.2182 res=false
*==== INFO ====*  stream_id=1333996 latency=0.512348 ms (tx_ts=83471481987927, rx_ts=83471482500275) request_id=2076005 zil_blk_id=1333996 ccf_commit_seqno=2076005 nstreams_done_=333500 config.nstreams=1000000 avg_latency=0.5327 ms avg throuhgput (requests/sec) = 795.2008 res=false
*==== INFO ====*  stream_id=1335996 latency=0.467063 ms (tx_ts=83472126994997, rx_ts=83472127462060) request_id=2077514 zil_blk_id=1335996 ccf_commit_seqno=2077514 nstreams_done_=334000 config.nstreams=1000000 avg_latency=0.5326 ms avg throuhgput (requests/sec) = 795.1701 res=false
*==== INFO ====*  stream_id=1337996 latency=0.453238 ms (tx_ts=83472782978355, rx_ts=83472783431593) request_id=2079055 zil_blk_id=1337996 ccf_commit_seqno=2079055 nstreams_done_=334500 config.nstreams=1000000 avg_latency=0.5326 ms avg throuhgput (requests/sec) = 795.1188 res=false
*==== INFO ====*  stream_id=1339996 latency=0.488073 ms (tx_ts=83473439865610, rx_ts=83473440353683) request_id=2080577 zil_blk_id=1339996 ccf_commit_seqno=2080577 nstreams_done_=335000 config.nstreams=1000000 avg_latency=0.5326 ms avg throuhgput (requests/sec) = 795.0658 res=false
*==== INFO ====*  stream_id=1341996 latency=0.452897 ms (tx_ts=83474125507597, rx_ts=83474125960494) request_id=2082254 zil_blk_id=1341996 ccf_commit_seqno=2082254 nstreams_done_=335500 config.nstreams=1000000 avg_latency=0.5325 ms avg throuhgput (requests/sec) = 794.9589 res=false
*==== INFO ====*  stream_id=1343996 latency=0.452526 ms (tx_ts=83474810539993, rx_ts=83474810992519) request_id=2083920 zil_blk_id=1343996 ccf_commit_seqno=2083920 nstreams_done_=336000 config.nstreams=1000000 avg_latency=0.5325 ms avg throuhgput (requests/sec) = 794.8535 res=false
*==== INFO ====*  stream_id=1345996 latency=0.521256 ms (tx_ts=83475481555344, rx_ts=83475482076600) request_id=2085547 zil_blk_id=1345996 ccf_commit_seqno=2085547 nstreams_done_=336500 config.nstreams=1000000 avg_latency=0.5325 ms avg throuhgput (requests/sec) = 794.7746 res=false
*==== INFO ====*  stream_id=1347996 latency=0.541223 ms (tx_ts=83476128277703, rx_ts=83476128818926) request_id=2087106 zil_blk_id=1347996 ccf_commit_seqno=2087106 nstreams_done_=337000 config.nstreams=1000000 avg_latency=0.5325 ms avg throuhgput (requests/sec) = 794.7415 res=false
*==== INFO ====*  stream_id=1349996 latency=0.461454 ms (tx_ts=83476778745023, rx_ts=83476779206477) request_id=2088807 zil_blk_id=1349996 ccf_commit_seqno=2088807 nstreams_done_=337500 config.nstreams=1000000 avg_latency=0.5325 ms avg throuhgput (requests/sec) = 794.7017 res=false
*==== INFO ====*  stream_id=1351996 latency=0.490188 ms (tx_ts=83477412129780, rx_ts=83477412619968) request_id=2090418 zil_blk_id=1351996 ccf_commit_seqno=2090418 nstreams_done_=338000 config.nstreams=1000000 avg_latency=0.5324 ms avg throuhgput (requests/sec) = 794.6938 res=false
*==== INFO ====*  stream_id=1353996 latency=0.447306 ms (tx_ts=83478051026424, rx_ts=83478051473730) request_id=2092073 zil_blk_id=1353996 ccf_commit_seqno=2092073 nstreams_done_=338500 config.nstreams=1000000 avg_latency=0.5324 ms avg throuhgput (requests/sec) = 794.6757 res=false
*==== INFO ====*  stream_id=1355996 latency=0.497490 ms (tx_ts=83478734332531, rx_ts=83478734830021) request_id=2093797 zil_blk_id=1355996 ccf_commit_seqno=2093797 nstreams_done_=339000 config.nstreams=1000000 avg_latency=0.5323 ms avg throuhgput (requests/sec) = 794.5748 res=false
*==== INFO ====*  stream_id=1357996 latency=0.476922 ms (tx_ts=83479431189063, rx_ts=83479431665985) request_id=2095431 zil_blk_id=1357996 ccf_commit_seqno=2095431 nstreams_done_=339500 config.nstreams=1000000 avg_latency=0.5323 ms avg throuhgput (requests/sec) = 794.4492 res=false
*==== INFO ====*  stream_id=1359996 latency=0.481190 ms (tx_ts=83480118847199, rx_ts=83480119328389) request_id=2097143 zil_blk_id=1359996 ccf_commit_seqno=2097143 nstreams_done_=340000 config.nstreams=1000000 avg_latency=0.5323 ms avg throuhgput (requests/sec) = 794.3410 res=false
*==== INFO ====*  stream_id=1361996 latency=0.449922 ms (tx_ts=83480843172706, rx_ts=83480843622628) request_id=2098778 zil_blk_id=1361996 ccf_commit_seqno=2098778 nstreams_done_=340500 config.nstreams=1000000 avg_latency=0.5324 ms avg throuhgput (requests/sec) = 794.1653 res=false
*==== INFO ====*  stream_id=1363996 latency=0.530081 ms (tx_ts=83481533918167, rx_ts=83481534448248) request_id=2100349 zil_blk_id=1363996 ccf_commit_seqno=2100349 nstreams_done_=341000 config.nstreams=1000000 avg_latency=0.5324 ms avg throuhgput (requests/sec) = 794.0521 res=false
*==== INFO ====*  stream_id=1365996 latency=0.467715 ms (tx_ts=83482209767279, rx_ts=83482210234994) request_id=2101930 zil_blk_id=1365996 ccf_commit_seqno=2101930 nstreams_done_=341500 config.nstreams=1000000 avg_latency=0.5323 ms avg throuhgput (requests/sec) = 793.9669 res=false
*==== INFO ====*  stream_id=1367996 latency=0.541784 ms (tx_ts=83482914113994, rx_ts=83482914655778) request_id=2103523 zil_blk_id=1367996 ccf_commit_seqno=2103523 nstreams_done_=342000 config.nstreams=1000000 avg_latency=0.5323 ms avg throuhgput (requests/sec) = 793.8293 res=false
*==== INFO ====*  stream_id=1369996 latency=0.485218 ms (tx_ts=83483595731802, rx_ts=83483596217020) request_id=2105053 zil_blk_id=1369996 ccf_commit_seqno=2105053 nstreams_done_=342500 config.nstreams=1000000 avg_latency=0.5323 ms avg throuhgput (requests/sec) = 793.7342 res=false
*==== INFO ====*  stream_id=1371996 latency=0.445674 ms (tx_ts=83484292410230, rx_ts=83484292855904) request_id=2106660 zil_blk_id=1371996 ccf_commit_seqno=2106660 nstreams_done_=343000 config.nstreams=1000000 avg_latency=0.5322 ms avg throuhgput (requests/sec) = 793.6117 res=false
*==== INFO ====*  stream_id=1373996 latency=0.475319 ms (tx_ts=83484995682534, rx_ts=83484996157853) request_id=2108283 zil_blk_id=1373996 ccf_commit_seqno=2108283 nstreams_done_=343500 config.nstreams=1000000 avg_latency=0.5323 ms avg throuhgput (requests/sec) = 793.4774 res=false
*==== INFO ====*  stream_id=1375996 latency=0.520427 ms (tx_ts=83485667473677, rx_ts=83485667994104) request_id=2109864 zil_blk_id=1375996 ccf_commit_seqno=2109864 nstreams_done_=344000 config.nstreams=1000000 avg_latency=0.5322 ms avg throuhgput (requests/sec) = 793.4011 res=false
*==== INFO ====*  stream_id=1377996 latency=0.447477 ms (tx_ts=83486322288025, rx_ts=83486322735502) request_id=2111414 zil_blk_id=1377996 ccf_commit_seqno=2111414 nstreams_done_=344500 config.nstreams=1000000 avg_latency=0.5322 ms avg throuhgput (requests/sec) = 793.3562 res=false
*==== INFO ====*  stream_id=1379996 latency=0.528088 ms (tx_ts=83486988623981, rx_ts=83486989152069) request_id=2112959 zil_blk_id=1379996 ccf_commit_seqno=2112959 nstreams_done_=345000 config.nstreams=1000000 avg_latency=0.5321 ms avg throuhgput (requests/sec) = 793.2902 res=false
*==== INFO ====*  stream_id=1381996 latency=0.448499 ms (tx_ts=83487682511197, rx_ts=83487682959696) request_id=2114542 zil_blk_id=1381996 ccf_commit_seqno=2114542 nstreams_done_=345500 config.nstreams=1000000 avg_latency=0.5321 ms avg throuhgput (requests/sec) = 793.1745 res=false
*==== INFO ====*  stream_id=1383996 latency=0.460131 ms (tx_ts=83488342917663, rx_ts=83488343377794) request_id=2116106 zil_blk_id=1383996 ccf_commit_seqno=2116106 nstreams_done_=346000 config.nstreams=1000000 avg_latency=0.5320 ms avg throuhgput (requests/sec) = 793.1199 res=false
*==== INFO ====*  stream_id=1385996 latency=0.546132 ms (tx_ts=83489003872148, rx_ts=83489004418280) request_id=2117644 zil_blk_id=1385996 ccf_commit_seqno=2117644 nstreams_done_=346500 config.nstreams=1000000 avg_latency=0.5320 ms avg throuhgput (requests/sec) = 793.0643 res=false
*==== INFO ====*  stream_id=1387996 latency=0.476421 ms (tx_ts=83489677603320, rx_ts=83489678079741) request_id=2119149 zil_blk_id=1387996 ccf_commit_seqno=2119149 nstreams_done_=347000 config.nstreams=1000000 avg_latency=0.5319 ms avg throuhgput (requests/sec) = 792.9861 res=false
*==== INFO ====*  stream_id=1389996 latency=0.492542 ms (tx_ts=83490341346121, rx_ts=83490341838663) request_id=2120723 zil_blk_id=1389996 ccf_commit_seqno=2120723 nstreams_done_=347500 config.nstreams=1000000 avg_latency=0.5319 ms avg throuhgput (requests/sec) = 792.9259 res=false
*==== INFO ====*  stream_id=1391996 latency=0.496389 ms (tx_ts=83491027247009, rx_ts=83491027743398) request_id=2122279 zil_blk_id=1391996 ccf_commit_seqno=2122279 nstreams_done_=348000 config.nstreams=1000000 avg_latency=0.5319 ms avg throuhgput (requests/sec) = 792.8260 res=false
*==== INFO ====*  stream_id=1393996 latency=0.475951 ms (tx_ts=83491693276468, rx_ts=83491693752419) request_id=2123821 zil_blk_id=1393996 ccf_commit_seqno=2123821 nstreams_done_=348500 config.nstreams=1000000 avg_latency=0.5318 ms avg throuhgput (requests/sec) = 792.7622 res=false
*==== INFO ====*  stream_id=1395996 latency=0.461724 ms (tx_ts=83492372975803, rx_ts=83492373437527) request_id=2125415 zil_blk_id=1395996 ccf_commit_seqno=2125415 nstreams_done_=349000 config.nstreams=1000000 avg_latency=0.5318 ms avg throuhgput (requests/sec) = 792.6740 res=false
*==== INFO ====*  stream_id=1397996 latency=0.438892 ms (tx_ts=83493039698775, rx_ts=83493040137667) request_id=2127011 zil_blk_id=1397996 ccf_commit_seqno=2127011 nstreams_done_=349500 config.nstreams=1000000 avg_latency=0.5317 ms avg throuhgput (requests/sec) = 792.6094 res=false
*==== INFO ====*  stream_id=1399996 latency=0.412382 ms (tx_ts=83493737628017, rx_ts=83493738040399) request_id=2128596 zil_blk_id=1399996 ccf_commit_seqno=2128596 nstreams_done_=350000 config.nstreams=1000000 avg_latency=0.5317 ms avg throuhgput (requests/sec) = 792.4891 res=false
*==== INFO ====*  stream_id=1401996 latency=0.657149 ms (tx_ts=83494415652483, rx_ts=83494416309632) request_id=2130157 zil_blk_id=1401996 ccf_commit_seqno=2130157 nstreams_done_=350500 config.nstreams=1000000 avg_latency=0.5317 ms avg throuhgput (requests/sec) = 792.4042 res=false
*==== INFO ====*  stream_id=1403996 latency=0.444462 ms (tx_ts=83495083248168, rx_ts=83495083692630) request_id=2131704 zil_blk_id=1403996 ccf_commit_seqno=2131704 nstreams_done_=351000 config.nstreams=1000000 avg_latency=0.5317 ms avg throuhgput (requests/sec) = 792.3391 res=false
*==== INFO ====*  stream_id=1405996 latency=0.443811 ms (tx_ts=83495745024829, rx_ts=83495745468640) request_id=2133291 zil_blk_id=1405996 ccf_commit_seqno=2133291 nstreams_done_=351500 config.nstreams=1000000 avg_latency=0.5316 ms avg throuhgput (requests/sec) = 792.2843 res=false
*==== INFO ====*  stream_id=1407996 latency=0.449240 ms (tx_ts=83496404020035, rx_ts=83496404469275) request_id=2134869 zil_blk_id=1407996 ccf_commit_seqno=2134869 nstreams_done_=352000 config.nstreams=1000000 avg_latency=0.5316 ms avg throuhgput (requests/sec) = 792.2345 res=false
*==== INFO ====*  stream_id=1409996 latency=0.792844 ms (tx_ts=83497044247572, rx_ts=83497045040416) request_id=2136423 zil_blk_id=1409996 ccf_commit_seqno=2136423 nstreams_done_=352500 config.nstreams=1000000 avg_latency=0.5316 ms avg throuhgput (requests/sec) = 792.2177 res=false
*==== INFO ====*  stream_id=1411996 latency=0.465110 ms (tx_ts=83497689294654, rx_ts=83497689759764) request_id=2137981 zil_blk_id=1411996 ccf_commit_seqno=2137981 nstreams_done_=353000 config.nstreams=1000000 avg_latency=0.5315 ms avg throuhgput (requests/sec) = 792.1935 res=false
*==== INFO ====*  stream_id=1413996 latency=0.458558 ms (tx_ts=83498349019104, rx_ts=83498349477662) request_id=2139555 zil_blk_id=1413996 ccf_commit_seqno=2139555 nstreams_done_=353500 config.nstreams=1000000 avg_latency=0.5315 ms avg throuhgput (requests/sec) = 792.1428 res=false
*==== INFO ====*  stream_id=1415996 latency=0.480850 ms (tx_ts=83499023910674, rx_ts=83499024391524) request_id=2141124 zil_blk_id=1415996 ccf_commit_seqno=2141124 nstreams_done_=354000 config.nstreams=1000000 avg_latency=0.5315 ms avg throuhgput (requests/sec) = 792.0653 res=false
*==== INFO ====*  stream_id=1417996 latency=0.458588 ms (tx_ts=83499695959367, rx_ts=83499696417955) request_id=2142664 zil_blk_id=1417996 ccf_commit_seqno=2142664 nstreams_done_=354500 config.nstreams=1000000 avg_latency=0.5314 ms avg throuhgput (requests/sec) = 791.9932 res=false
*==== INFO ====*  stream_id=1419996 latency=0.447027 ms (tx_ts=83500362025445, rx_ts=83500362472472) request_id=2144240 zil_blk_id=1419996 ccf_commit_seqno=2144240 nstreams_done_=355000 config.nstreams=1000000 avg_latency=0.5314 ms avg throuhgput (requests/sec) = 791.9318 res=false
*==== INFO ====*  stream_id=1421996 latency=0.478966 ms (tx_ts=83501067098225, rx_ts=83501067577191) request_id=2145941 zil_blk_id=1421996 ccf_commit_seqno=2145941 nstreams_done_=355500 config.nstreams=1000000 avg_latency=0.5314 ms avg throuhgput (requests/sec) = 791.8018 res=false
*==== INFO ====*  stream_id=1423996 latency=0.539400 ms (tx_ts=83501751032274, rx_ts=83501751571674) request_id=2147516 zil_blk_id=1423996 ccf_commit_seqno=2147516 nstreams_done_=356000 config.nstreams=1000000 avg_latency=0.5314 ms avg throuhgput (requests/sec) = 791.7093 res=false
*==== INFO ====*  stream_id=1425996 latency=0.447187 ms (tx_ts=83502418820030, rx_ts=83502419267217) request_id=2149194 zil_blk_id=1425996 ccf_commit_seqno=2149194 nstreams_done_=356500 config.nstreams=1000000 avg_latency=0.5313 ms avg throuhgput (requests/sec) = 791.6457 res=false
*==== INFO ====*  stream_id=1427996 latency=0.478425 ms (tx_ts=83503123148447, rx_ts=83503123626872) request_id=2150834 zil_blk_id=1427996 ccf_commit_seqno=2150834 nstreams_done_=357000 config.nstreams=1000000 avg_latency=0.5314 ms avg throuhgput (requests/sec) = 791.5180 res=false
*==== INFO ====*  stream_id=1429996 latency=0.524953 ms (tx_ts=83503802892057, rx_ts=83503803417010) request_id=2152427 zil_blk_id=1429996 ccf_commit_seqno=2152427 nstreams_done_=357500 config.nstreams=1000000 avg_latency=0.5313 ms avg throuhgput (requests/sec) = 791.4337 res=false
*==== INFO ====*  stream_id=1431996 latency=0.456665 ms (tx_ts=83504476896106, rx_ts=83504477352771) request_id=2153997 zil_blk_id=1431996 ccf_commit_seqno=2153997 nstreams_done_=358000 config.nstreams=1000000 avg_latency=0.5313 ms avg throuhgput (requests/sec) = 791.3600 res=false
*==== INFO ====*  stream_id=1433996 latency=0.447798 ms (tx_ts=83505149090226, rx_ts=83505149538024) request_id=2155574 zil_blk_id=1433996 ccf_commit_seqno=2155574 nstreams_done_=358500 config.nstreams=1000000 avg_latency=0.5313 ms avg throuhgput (requests/sec) = 791.2895 res=false
*==== INFO ====*  stream_id=1435996 latency=0.481908 ms (tx_ts=83505808428020, rx_ts=83505808909928) request_id=2157145 zil_blk_id=1435996 ccf_commit_seqno=2157145 nstreams_done_=359000 config.nstreams=1000000 avg_latency=0.5312 ms avg throuhgput (requests/sec) = 791.2415 res=false
*==== INFO ====*  stream_id=1437996 latency=0.524752 ms (tx_ts=83506437297874, rx_ts=83506437822626) request_id=2158733 zil_blk_id=1437996 ccf_commit_seqno=2158733 nstreams_done_=359500 config.nstreams=1000000 avg_latency=0.5312 ms avg throuhgput (requests/sec) = 791.2468 res=false
*==== INFO ====*  stream_id=1439996 latency=0.474228 ms (tx_ts=83507112023946, rx_ts=83507112498174) request_id=2160313 zil_blk_id=1439996 ccf_commit_seqno=2160313 nstreams_done_=360000 config.nstreams=1000000 avg_latency=0.5312 ms avg throuhgput (requests/sec) = 791.1724 res=false
*==== INFO ====*  stream_id=1441996 latency=0.463837 ms (tx_ts=83507781271635, rx_ts=83507781735472) request_id=2161906 zil_blk_id=1441996 ccf_commit_seqno=2161906 nstreams_done_=360500 config.nstreams=1000000 avg_latency=0.5312 ms avg throuhgput (requests/sec) = 791.1077 res=false
*==== INFO ====*  stream_id=1443996 latency=0.447407 ms (tx_ts=83508432729179, rx_ts=83508433176586) request_id=2163557 zil_blk_id=1443996 ccf_commit_seqno=2163557 nstreams_done_=361000 config.nstreams=1000000 avg_latency=0.5312 ms avg throuhgput (requests/sec) = 791.0740 res=false
*==== INFO ====*  stream_id=1445996 latency=0.449711 ms (tx_ts=83509090352113, rx_ts=83509090801824) request_id=2165105 zil_blk_id=1445996 ccf_commit_seqno=2165105 nstreams_done_=361500 config.nstreams=1000000 avg_latency=0.5311 ms avg throuhgput (requests/sec) = 791.0298 res=false
*==== INFO ====*  stream_id=1447996 latency=0.515704 ms (tx_ts=83509767206613, rx_ts=83509767722317) request_id=2166648 zil_blk_id=1447996 ccf_commit_seqno=2166648 nstreams_done_=362000 config.nstreams=1000000 avg_latency=0.5310 ms avg throuhgput (requests/sec) = 790.9523 res=false
*==== INFO ====*  stream_id=1449996 latency=0.480900 ms (tx_ts=83510437406809, rx_ts=83510437887709) request_id=2168228 zil_blk_id=1449996 ccf_commit_seqno=2168228 nstreams_done_=362500 config.nstreams=1000000 avg_latency=0.5310 ms avg throuhgput (requests/sec) = 790.8867 res=false
*==== INFO ====*  stream_id=1451996 latency=0.442447 ms (tx_ts=83511118905071, rx_ts=83511119347518) request_id=2169882 zil_blk_id=1451996 ccf_commit_seqno=2169882 nstreams_done_=363000 config.nstreams=1000000 avg_latency=0.5310 ms avg throuhgput (requests/sec) = 790.8018 res=false
*==== INFO ====*  stream_id=1453996 latency=0.445003 ms (tx_ts=83511752202039, rx_ts=83511752647042) request_id=2171417 zil_blk_id=1453996 ccf_commit_seqno=2171417 nstreams_done_=363500 config.nstreams=1000000 avg_latency=0.5309 ms avg throuhgput (requests/sec) = 790.8000 res=false
*==== INFO ====*  stream_id=1455996 latency=0.493674 ms (tx_ts=83512418978340, rx_ts=83512419472014) request_id=2172965 zil_blk_id=1455996 ccf_commit_seqno=2172965 nstreams_done_=364000 config.nstreams=1000000 avg_latency=0.5309 ms avg throuhgput (requests/sec) = 790.7407 res=false
*==== INFO ====*  stream_id=1457996 latency=0.484707 ms (tx_ts=83513087254239, rx_ts=83513087738946) request_id=2174505 zil_blk_id=1457996 ccf_commit_seqno=2174505 nstreams_done_=364500 config.nstreams=1000000 avg_latency=0.5308 ms avg throuhgput (requests/sec) = 790.6790 res=false
*==== INFO ====*  stream_id=1459996 latency=0.462966 ms (tx_ts=83513755700670, rx_ts=83513756163636) request_id=2176067 zil_blk_id=1459996 ccf_commit_seqno=2176067 nstreams_done_=365000 config.nstreams=1000000 avg_latency=0.5307 ms avg throuhgput (requests/sec) = 790.6173 res=false
*==== INFO ====*  stream_id=1461996 latency=0.534630 ms (tx_ts=83514396697527, rx_ts=83514397232157) request_id=2177605 zil_blk_id=1461996 ccf_commit_seqno=2177605 nstreams_done_=365500 config.nstreams=1000000 avg_latency=0.5307 ms avg throuhgput (requests/sec) = 790.6025 res=false
*==== INFO ====*  stream_id=1463996 latency=0.484326 ms (tx_ts=83515092283264, rx_ts=83515092767590) request_id=2179173 zil_blk_id=1463996 ccf_commit_seqno=2179173 nstreams_done_=366000 config.nstreams=1000000 avg_latency=0.5307 ms avg throuhgput (requests/sec) = 790.4947 res=false
*==== INFO ====*  stream_id=1465996 latency=0.504764 ms (tx_ts=83515767214555, rx_ts=83515767719319) request_id=2180709 zil_blk_id=1465996 ccf_commit_seqno=2180710 nstreams_done_=366500 config.nstreams=1000000 avg_latency=0.5306 ms avg throuhgput (requests/sec) = 790.4224 res=false
*==== INFO ====*  stream_id=1467996 latency=0.487723 ms (tx_ts=83516424812852, rx_ts=83516425300575) request_id=2182219 zil_blk_id=1467996 ccf_commit_seqno=2182219 nstreams_done_=367000 config.nstreams=1000000 avg_latency=0.5305 ms avg throuhgput (requests/sec) = 790.3798 res=false
*==== INFO ====*  stream_id=1469996 latency=0.468176 ms (tx_ts=83517179721827, rx_ts=83517180190003) request_id=2183851 zil_blk_id=1469996 ccf_commit_seqno=2183851 nstreams_done_=367500 config.nstreams=1000000 avg_latency=0.5306 ms avg throuhgput (requests/sec) = 790.1720 res=false
*==== INFO ====*  stream_id=1471996 latency=0.502510 ms (tx_ts=83517842014922, rx_ts=83517842517432) request_id=2185368 zil_blk_id=1471996 ccf_commit_seqno=2185368 nstreams_done_=368000 config.nstreams=1000000 avg_latency=0.5306 ms avg throuhgput (requests/sec) = 790.1218 res=false
*==== INFO ====*  stream_id=1473996 latency=0.463938 ms (tx_ts=83518509845153, rx_ts=83518510309091) request_id=2186904 zil_blk_id=1473996 ccf_commit_seqno=2186904 nstreams_done_=368500 config.nstreams=1000000 avg_latency=0.5305 ms avg throuhgput (requests/sec) = 790.0626 res=false
*==== INFO ====*  stream_id=1475996 latency=0.477403 ms (tx_ts=83519146046043, rx_ts=83519146523446) request_id=2188451 zil_blk_id=1475996 ccf_commit_seqno=2188451 nstreams_done_=369000 config.nstreams=1000000 avg_latency=0.5305 ms avg throuhgput (requests/sec) = 790.0569 res=false
*==== INFO ====*  stream_id=1477996 latency=0.492972 ms (tx_ts=83519809909012, rx_ts=83519810401984) request_id=2189982 zil_blk_id=1477996 ccf_commit_seqno=2189983 nstreams_done_=369500 config.nstreams=1000000 avg_latency=0.5305 ms avg throuhgput (requests/sec) = 790.0045 res=false
*==== INFO ====*  stream_id=1479996 latency=0.445373 ms (tx_ts=83520450262641, rx_ts=83520450708014) request_id=2191503 zil_blk_id=1479996 ccf_commit_seqno=2191503 nstreams_done_=370000 config.nstreams=1000000 avg_latency=0.5304 ms avg throuhgput (requests/sec) = 789.9921 res=false
*==== INFO ====*  stream_id=1481996 latency=0.483525 ms (tx_ts=83521098823982, rx_ts=83521099307507) request_id=2193047 zil_blk_id=1481996 ccf_commit_seqno=2193047 nstreams_done_=370500 config.nstreams=1000000 avg_latency=0.5304 ms avg throuhgput (requests/sec) = 789.9656 res=false
*==== INFO ====*  stream_id=1483996 latency=2.386495 ms (tx_ts=83521758065552, rx_ts=83521760452047) request_id=2194597 zil_blk_id=1483996 ccf_commit_seqno=2194598 nstreams_done_=371000 config.nstreams=1000000 avg_latency=0.5303 ms avg throuhgput (requests/sec) = 789.9182 res=false
*==== INFO ====*  stream_id=1485996 latency=0.462796 ms (tx_ts=83522422129283, rx_ts=83522422592079) request_id=2196120 zil_blk_id=1485996 ccf_commit_seqno=2196120 nstreams_done_=371500 config.nstreams=1000000 avg_latency=0.5303 ms avg throuhgput (requests/sec) = 789.8692 res=false
*==== INFO ====*  stream_id=1487996 latency=0.471542 ms (tx_ts=83523103168876, rx_ts=83523103640418) request_id=2197676 zil_blk_id=1487996 ccf_commit_seqno=2197676 nstreams_done_=372000 config.nstreams=1000000 avg_latency=0.5303 ms avg throuhgput (requests/sec) = 789.7887 res=false
*==== INFO ====*  stream_id=1489996 latency=0.459439 ms (tx_ts=83523769945937, rx_ts=83523770405376) request_id=2199213 zil_blk_id=1489996 ccf_commit_seqno=2199213 nstreams_done_=372500 config.nstreams=1000000 avg_latency=0.5303 ms avg throuhgput (requests/sec) = 789.7323 res=false
*==== INFO ====*  stream_id=1491996 latency=0.526124 ms (tx_ts=83524471512274, rx_ts=83524472038398) request_id=2200806 zil_blk_id=1491996 ccf_commit_seqno=2200806 nstreams_done_=373000 config.nstreams=1000000 avg_latency=0.5303 ms avg throuhgput (requests/sec) = 789.6177 res=false
*==== INFO ====*  stream_id=1493996 latency=0.492962 ms (tx_ts=83525155138499, rx_ts=83525155631461) request_id=2202353 zil_blk_id=1493996 ccf_commit_seqno=2202353 nstreams_done_=373500 config.nstreams=1000000 avg_latency=0.5303 ms avg throuhgput (requests/sec) = 789.5337 res=false
*==== INFO ====*  stream_id=1495996 latency=0.509824 ms (tx_ts=83525870449130, rx_ts=83525870958954) request_id=2203936 zil_blk_id=1495996 ccf_commit_seqno=2203936 nstreams_done_=374000 config.nstreams=1000000 avg_latency=0.5303 ms avg throuhgput (requests/sec) = 789.3969 res=false
*==== INFO ====*  stream_id=1497996 latency=0.546824 ms (tx_ts=83526576540527, rx_ts=83526577087351) request_id=2205525 zil_blk_id=1497996 ccf_commit_seqno=2205526 nstreams_done_=374500 config.nstreams=1000000 avg_latency=0.5303 ms avg throuhgput (requests/sec) = 789.2759 res=false
*==== INFO ====*  stream_id=1499996 latency=0.494665 ms (tx_ts=83527285590878, rx_ts=83527286085543) request_id=2207124 zil_blk_id=1499996 ccf_commit_seqno=2207124 nstreams_done_=375000 config.nstreams=1000000 avg_latency=0.5303 ms avg throuhgput (requests/sec) = 789.1505 res=false
*==== INFO ====*  stream_id=1501996 latency=0.456855 ms (tx_ts=83527948995053, rx_ts=83527949451908) request_id=2208661 zil_blk_id=1501996 ccf_commit_seqno=2208661 nstreams_done_=375500 config.nstreams=1000000 avg_latency=0.5303 ms avg throuhgput (requests/sec) = 789.1011 res=false
*==== INFO ====*  stream_id=1503996 latency=0.468947 ms (tx_ts=83528609342245, rx_ts=83528609811192) request_id=2210191 zil_blk_id=1503996 ccf_commit_seqno=2210191 nstreams_done_=376000 config.nstreams=1000000 avg_latency=0.5303 ms avg throuhgput (requests/sec) = 789.0569 res=false
*==== INFO ====*  stream_id=1505996 latency=0.483655 ms (tx_ts=83529298332169, rx_ts=83529298815824) request_id=2211766 zil_blk_id=1505996 ccf_commit_seqno=2211766 nstreams_done_=376500 config.nstreams=1000000 avg_latency=0.5303 ms avg throuhgput (requests/sec) = 788.9654 res=false
*==== INFO ====*  stream_id=1507996 latency=0.449922 ms (tx_ts=83529969430972, rx_ts=83529969880894) request_id=2213287 zil_blk_id=1507996 ccf_commit_seqno=2213287 nstreams_done_=377000 config.nstreams=1000000 avg_latency=0.5303 ms avg throuhgput (requests/sec) = 788.9038 res=false
*==== INFO ====*  stream_id=1509996 latency=0.473627 ms (tx_ts=83530633433402, rx_ts=83530633907029) request_id=2214827 zil_blk_id=1509996 ccf_commit_seqno=2214828 nstreams_done_=377500 config.nstreams=1000000 avg_latency=0.5302 ms avg throuhgput (requests/sec) = 788.8539 res=false
*==== INFO ====*  stream_id=1511996 latency=0.487362 ms (tx_ts=83531287257519, rx_ts=83531287744881) request_id=2216338 zil_blk_id=1511996 ccf_commit_seqno=2216338 nstreams_done_=378000 config.nstreams=1000000 avg_latency=0.5302 ms avg throuhgput (requests/sec) = 788.8210 res=false
*==== INFO ====*  stream_id=1513996 latency=0.525283 ms (tx_ts=83531966124528, rx_ts=83531966649811) request_id=2217900 zil_blk_id=1513996 ccf_commit_seqno=2217900 nstreams_done_=378500 config.nstreams=1000000 avg_latency=0.5302 ms avg throuhgput (requests/sec) = 788.7469 res=false
*==== INFO ====*  stream_id=1515996 latency=0.523109 ms (tx_ts=83532619854814, rx_ts=83532620377923) request_id=2219440 zil_blk_id=1515996 ccf_commit_seqno=2219440 nstreams_done_=379000 config.nstreams=1000000 avg_latency=0.5301 ms avg throuhgput (requests/sec) = 788.7144 res=false
*==== INFO ====*  stream_id=1517996 latency=0.492011 ms (tx_ts=83533268012682, rx_ts=83533268504693) request_id=2220976 zil_blk_id=1517996 ccf_commit_seqno=2220976 nstreams_done_=379500 config.nstreams=1000000 avg_latency=0.5301 ms avg throuhgput (requests/sec) = 788.6912 res=false
*==== INFO ====*  stream_id=1519996 latency=0.490668 ms (tx_ts=83533909533676, rx_ts=83533910024344) request_id=2222502 zil_blk_id=1519996 ccf_commit_seqno=2222502 nstreams_done_=380000 config.nstreams=1000000 avg_latency=0.5301 ms avg throuhgput (requests/sec) = 788.6788 res=false
*==== INFO ====*  stream_id=1521996 latency=0.512940 ms (tx_ts=83534541122747, rx_ts=83534541635687) request_id=2224031 zil_blk_id=1521996 ccf_commit_seqno=2224031 nstreams_done_=380500 config.nstreams=1000000 avg_latency=0.5301 ms avg throuhgput (requests/sec) = 788.6827 res=false
*==== INFO ====*  stream_id=1523996 latency=0.498173 ms (tx_ts=83535231335477, rx_ts=83535231833650) request_id=2225624 zil_blk_id=1523996 ccf_commit_seqno=2225624 nstreams_done_=381000 config.nstreams=1000000 avg_latency=0.5301 ms avg throuhgput (requests/sec) = 788.5909 res=false
*==== INFO ====*  stream_id=1525996 latency=0.523489 ms (tx_ts=83535908105974, rx_ts=83535908629463) request_id=2227341 zil_blk_id=1525996 ccf_commit_seqno=2227341 nstreams_done_=381500 config.nstreams=1000000 avg_latency=0.5301 ms avg throuhgput (requests/sec) = 788.5212 res=false
*==== INFO ====*  stream_id=1527996 latency=0.555118 ms (tx_ts=83536564310602, rx_ts=83536564865720) request_id=2228900 zil_blk_id=1527996 ccf_commit_seqno=2228900 nstreams_done_=382000 config.nstreams=1000000 avg_latency=0.5301 ms avg throuhgput (requests/sec) = 788.4852 res=false
*==== INFO ====*  stream_id=1529996 latency=0.549639 ms (tx_ts=83537235211209, rx_ts=83537235760848) request_id=2230470 zil_blk_id=1529996 ccf_commit_seqno=2230470 nstreams_done_=382500 config.nstreams=1000000 avg_latency=0.5301 ms avg throuhgput (requests/sec) = 788.4254 res=false
*==== INFO ====*  stream_id=1531996 latency=0.431868 ms (tx_ts=83537917946818, rx_ts=83537918378686) request_id=2232037 zil_blk_id=1531996 ccf_commit_seqno=2232037 nstreams_done_=383000 config.nstreams=1000000 avg_latency=0.5300 ms avg throuhgput (requests/sec) = 788.3468 res=false
*==== INFO ====*  stream_id=1533996 latency=0.459410 ms (tx_ts=83538585850426, rx_ts=83538586309836) request_id=2233675 zil_blk_id=1533996 ccf_commit_seqno=2233675 nstreams_done_=383500 config.nstreams=1000000 avg_latency=0.5300 ms avg throuhgput (requests/sec) = 788.2922 res=false
*==== INFO ====*  stream_id=1535996 latency=0.494097 ms (tx_ts=83539224670918, rx_ts=83539225165015) request_id=2235291 zil_blk_id=1535996 ccf_commit_seqno=2235291 nstreams_done_=384000 config.nstreams=1000000 avg_latency=0.5300 ms avg throuhgput (requests/sec) = 788.2848 res=false
*==== INFO ====*  stream_id=1537996 latency=0.459041 ms (tx_ts=83539913414745, rx_ts=83539913873786) request_id=2237009 zil_blk_id=1537996 ccf_commit_seqno=2237009 nstreams_done_=384500 config.nstreams=1000000 avg_latency=0.5300 ms avg throuhgput (requests/sec) = 788.1968 res=false
*==== INFO ====*  stream_id=1539996 latency=0.482585 ms (tx_ts=83540565873711, rx_ts=83540566356296) request_id=2238564 zil_blk_id=1539996 ccf_commit_seqno=2238564 nstreams_done_=385000 config.nstreams=1000000 avg_latency=0.5299 ms avg throuhgput (requests/sec) = 788.1676 res=false
*==== INFO ====*  stream_id=1541996 latency=0.485550 ms (tx_ts=83541281183620, rx_ts=83541281669170) request_id=2240147 zil_blk_id=1541996 ccf_commit_seqno=2240147 nstreams_done_=385500 config.nstreams=1000000 avg_latency=0.5299 ms avg throuhgput (requests/sec) = 788.0372 res=false
*==== INFO ====*  stream_id=1543996 latency=0.541124 ms (tx_ts=83541973486208, rx_ts=83541974027332) request_id=2241717 zil_blk_id=1543996 ccf_commit_seqno=2241717 nstreams_done_=386000 config.nstreams=1000000 avg_latency=0.5299 ms avg throuhgput (requests/sec) = 787.9441 res=false
*==== INFO ====*  stream_id=1545996 latency=0.539109 ms (tx_ts=83542687396420, rx_ts=83542687935529) request_id=2243348 zil_blk_id=1545996 ccf_commit_seqno=2243348 nstreams_done_=386500 config.nstreams=1000000 avg_latency=0.5299 ms avg throuhgput (requests/sec) = 787.8167 res=false
*==== INFO ====*  stream_id=1547996 latency=1.180829 ms (tx_ts=83543391763023, rx_ts=83543392943852) request_id=2244917 zil_blk_id=1547996 ccf_commit_seqno=2244917 nstreams_done_=387000 config.nstreams=1000000 avg_latency=0.5299 ms avg throuhgput (requests/sec) = 787.7039 res=false
*==== INFO ====*  stream_id=1549996 latency=0.537666 ms (tx_ts=83544103888943, rx_ts=83544104426609) request_id=2246565 zil_blk_id=1549996 ccf_commit_seqno=2246565 nstreams_done_=387500 config.nstreams=1000000 avg_latency=0.5299 ms avg throuhgput (requests/sec) = 787.5810 res=false
*==== INFO ====*  stream_id=1551996 latency=0.443910 ms (tx_ts=83544792756515, rx_ts=83544793200425) request_id=2248178 zil_blk_id=1551996 ccf_commit_seqno=2248178 nstreams_done_=388000 config.nstreams=1000000 avg_latency=0.5299 ms avg throuhgput (requests/sec) = 787.4949 res=false
*==== INFO ====*  stream_id=1553996 latency=0.511427 ms (tx_ts=83545504668784, rx_ts=83545505180211) request_id=2249773 zil_blk_id=1553996 ccf_commit_seqno=2249773 nstreams_done_=388500 config.nstreams=1000000 avg_latency=0.5299 ms avg throuhgput (requests/sec) = 787.3719 res=false
*==== INFO ====*  stream_id=1555996 latency=0.529280 ms (tx_ts=83546197052187, rx_ts=83546197581467) request_id=2251327 zil_blk_id=1555996 ccf_commit_seqno=2251327 nstreams_done_=389000 config.nstreams=1000000 avg_latency=0.5299 ms avg throuhgput (requests/sec) = 787.2804 res=false
*==== INFO ====*  stream_id=1557996 latency=0.502450 ms (tx_ts=83546883331472, rx_ts=83546883833922) request_id=2252906 zil_blk_id=1557996 ccf_commit_seqno=2252906 nstreams_done_=389500 config.nstreams=1000000 avg_latency=0.5298 ms avg throuhgput (requests/sec) = 787.1991 res=false
*==== INFO ====*  stream_id=1559996 latency=0.482493 ms (tx_ts=83547569758681, rx_ts=83547570241174) request_id=2254451 zil_blk_id=1559996 ccf_commit_seqno=2254451 nstreams_done_=390000 config.nstreams=1000000 avg_latency=0.5298 ms avg throuhgput (requests/sec) = 787.1176 res=false
*==== INFO ====*  stream_id=1561996 latency=0.475319 ms (tx_ts=83548275750040, rx_ts=83548276225359) request_id=2256019 zil_blk_id=1561996 ccf_commit_seqno=2256019 nstreams_done_=390500 config.nstreams=1000000 avg_latency=0.5298 ms avg throuhgput (requests/sec) = 787.0054 res=false
*==== INFO ====*  stream_id=1563996 latency=0.493624 ms (tx_ts=83548979630953, rx_ts=83548980124577) request_id=2257635 zil_blk_id=1563996 ccf_commit_seqno=2257635 nstreams_done_=391000 config.nstreams=1000000 avg_latency=0.5297 ms avg throuhgput (requests/sec) = 786.8968 res=false
*==== INFO ====*  stream_id=1565996 latency=0.468807 ms (tx_ts=83549705528615, rx_ts=83549705997422) request_id=2259287 zil_blk_id=1565996 ccf_commit_seqno=2259287 nstreams_done_=391500 config.nstreams=1000000 avg_latency=0.5297 ms avg throuhgput (requests/sec) = 786.7537 res=false
*==== INFO ====*  stream_id=1567996 latency=0.596566 ms (tx_ts=83550414884145, rx_ts=83550415480711) request_id=2260928 zil_blk_id=1567996 ccf_commit_seqno=2260928 nstreams_done_=392000 config.nstreams=1000000 avg_latency=0.5297 ms avg throuhgput (requests/sec) = 786.6369 res=false
*==== INFO ====*  stream_id=1569996 latency=0.470310 ms (tx_ts=83551118148628, rx_ts=83551118618938) request_id=2262539 zil_blk_id=1569996 ccf_commit_seqno=2262539 nstreams_done_=392500 config.nstreams=1000000 avg_latency=0.5297 ms avg throuhgput (requests/sec) = 786.5305 res=false
*==== INFO ====*  stream_id=1571996 latency=0.556512 ms (tx_ts=83551768549410, rx_ts=83551769105922) request_id=2264106 zil_blk_id=1571996 ccf_commit_seqno=2264106 nstreams_done_=393000 config.nstreams=1000000 avg_latency=0.5296 ms avg throuhgput (requests/sec) = 786.5072 res=false
*==== INFO ====*  stream_id=1573996 latency=0.440584 ms (tx_ts=83552456806213, rx_ts=83552457246797) request_id=2265705 zil_blk_id=1573996 ccf_commit_seqno=2265705 nstreams_done_=393500 config.nstreams=1000000 avg_latency=0.5296 ms avg throuhgput (requests/sec) = 786.4248 res=false
*==== INFO ====*  stream_id=1575996 latency=0.521947 ms (tx_ts=83553143074273, rx_ts=83553143596220) request_id=2267266 zil_blk_id=1575996 ccf_commit_seqno=2267266 nstreams_done_=394000 config.nstreams=1000000 avg_latency=0.5296 ms avg throuhgput (requests/sec) = 786.3455 res=false
*==== INFO ====*  stream_id=1577996 latency=0.562192 ms (tx_ts=83553861069895, rx_ts=83553861632087) request_id=2268910 zil_blk_id=1577996 ccf_commit_seqno=2268910 nstreams_done_=394500 config.nstreams=1000000 avg_latency=0.5296 ms avg throuhgput (requests/sec) = 786.2167 res=false
*==== INFO ====*  stream_id=1579996 latency=0.489536 ms (tx_ts=83554547261804, rx_ts=83554547751340) request_id=2270530 zil_blk_id=1579996 ccf_commit_seqno=2270530 nstreams_done_=395000 config.nstreams=1000000 avg_latency=0.5296 ms avg throuhgput (requests/sec) = 786.1382 res=false
*==== INFO ====*  stream_id=1581996 latency=0.453899 ms (tx_ts=83555236407783, rx_ts=83555236861682) request_id=2272109 zil_blk_id=1581996 ccf_commit_seqno=2272109 nstreams_done_=395500 config.nstreams=1000000 avg_latency=0.5296 ms avg throuhgput (requests/sec) = 786.0553 res=false
*==== INFO ====*  stream_id=1583996 latency=0.463407 ms (tx_ts=83555901310380, rx_ts=83555901773787) request_id=2273759 zil_blk_id=1583996 ccf_commit_seqno=2273759 nstreams_done_=396000 config.nstreams=1000000 avg_latency=0.5296 ms avg throuhgput (requests/sec) = 786.0103 res=false
*==== INFO ====*  stream_id=1585996 latency=0.478535 ms (tx_ts=83556571670019, rx_ts=83556572148554) request_id=2275321 zil_blk_id=1585996 ccf_commit_seqno=2275321 nstreams_done_=396500 config.nstreams=1000000 avg_latency=0.5295 ms avg throuhgput (requests/sec) = 785.9569 res=false
*==== INFO ====*  stream_id=1587996 latency=0.497952 ms (tx_ts=83557250615039, rx_ts=83557251112991) request_id=2276885 zil_blk_id=1587996 ccf_commit_seqno=2276885 nstreams_done_=397000 config.nstreams=1000000 avg_latency=0.5295 ms avg throuhgput (requests/sec) = 785.8903 res=false
*==== INFO ====*  stream_id=1589996 latency=0.463467 ms (tx_ts=83557917257023, rx_ts=83557917720490) request_id=2278447 zil_blk_id=1589996 ccf_commit_seqno=2278447 nstreams_done_=397500 config.nstreams=1000000 avg_latency=0.5294 ms avg throuhgput (requests/sec) = 785.8431 res=false
*==== INFO ====*  stream_id=1591996 latency=0.475129 ms (tx_ts=83558591821894, rx_ts=83558592297023) request_id=2280034 zil_blk_id=1591996 ccf_commit_seqno=2280034 nstreams_done_=398000 config.nstreams=1000000 avg_latency=0.5294 ms avg throuhgput (requests/sec) = 785.7837 res=false
*==== INFO ====*  stream_id=1593996 latency=0.472905 ms (tx_ts=83559264463012, rx_ts=83559264935917) request_id=2281583 zil_blk_id=1593996 ccf_commit_seqno=2281583 nstreams_done_=398500 config.nstreams=1000000 avg_latency=0.5294 ms avg throuhgput (requests/sec) = 785.7274 res=false
*==== INFO ====*  stream_id=1595996 latency=0.488344 ms (tx_ts=83559935534598, rx_ts=83559936022942) request_id=2283186 zil_blk_id=1595996 ccf_commit_seqno=2283186 nstreams_done_=399000 config.nstreams=1000000 avg_latency=0.5293 ms avg throuhgput (requests/sec) = 785.6736 res=false
*==== INFO ====*  stream_id=1597996 latency=1.190076 ms (tx_ts=83560607638170, rx_ts=83560608828246) request_id=2284792 zil_blk_id=1597996 ccf_commit_seqno=2284792 nstreams_done_=399500 config.nstreams=1000000 avg_latency=0.5293 ms avg throuhgput (requests/sec) = 785.6174 res=false
*==== INFO ====*  stream_id=1599996 latency=0.555967 ms (tx_ts=83561284531007, rx_ts=83561285086974) request_id=2286395 zil_blk_id=1599996 ccf_commit_seqno=2286395 nstreams_done_=400000 config.nstreams=1000000 avg_latency=0.5293 ms avg throuhgput (requests/sec) = 785.5560 res=false
*==== INFO ====*  stream_id=1601996 latency=0.504844 ms (tx_ts=83561944182380, rx_ts=83561944687224) request_id=2288002 zil_blk_id=1601996 ccf_commit_seqno=2288002 nstreams_done_=400500 config.nstreams=1000000 avg_latency=0.5293 ms avg throuhgput (requests/sec) = 785.5204 res=false
*==== INFO ====*  stream_id=1603996 latency=0.514773 ms (tx_ts=83562624886001, rx_ts=83562625400774) request_id=2289583 zil_blk_id=1603996 ccf_commit_seqno=2289583 nstreams_done_=401000 config.nstreams=1000000 avg_latency=0.5292 ms avg throuhgput (requests/sec) = 785.4524 res=false
*==== INFO ====*  stream_id=1605996 latency=0.506218 ms (tx_ts=83563297646657, rx_ts=83563298152875) request_id=2291172 zil_blk_id=1605996 ccf_commit_seqno=2291173 nstreams_done_=401500 config.nstreams=1000000 avg_latency=0.5292 ms avg throuhgput (requests/sec) = 785.3968 res=false
*==== INFO ====*  stream_id=1607996 latency=0.455032 ms (tx_ts=83563960934268, rx_ts=83563961389300) request_id=2292806 zil_blk_id=1607996 ccf_commit_seqno=2292806 nstreams_done_=402000 config.nstreams=1000000 avg_latency=0.5292 ms avg throuhgput (requests/sec) = 785.3559 res=false
*==== INFO ====*  stream_id=1609996 latency=0.491069 ms (tx_ts=83564650184910, rx_ts=83564650675979) request_id=2294385 zil_blk_id=1609996 ccf_commit_seqno=2294385 nstreams_done_=402500 config.nstreams=1000000 avg_latency=0.5292 ms avg throuhgput (requests/sec) = 785.2753 res=false
*==== INFO ====*  stream_id=1611996 latency=0.472444 ms (tx_ts=83565361192608, rx_ts=83565361665052) request_id=2295984 zil_blk_id=1611996 ccf_commit_seqno=2295984 nstreams_done_=403000 config.nstreams=1000000 avg_latency=0.5291 ms avg throuhgput (requests/sec) = 785.1617 res=false
*==== INFO ====*  stream_id=1613996 latency=0.504815 ms (tx_ts=83566069630830, rx_ts=83566070135645) request_id=2297626 zil_blk_id=1613996 ccf_commit_seqno=2297626 nstreams_done_=403500 config.nstreams=1000000 avg_latency=0.5292 ms avg throuhgput (requests/sec) = 785.0522 res=false
*==== INFO ====*  stream_id=1615996 latency=0.476641 ms (tx_ts=83566770440610, rx_ts=83566770917251) request_id=2299228 zil_blk_id=1615996 ccf_commit_seqno=2299228 nstreams_done_=404000 config.nstreams=1000000 avg_latency=0.5291 ms avg throuhgput (requests/sec) = 784.9548 res=false
*==== INFO ====*  stream_id=1617996 latency=0.482583 ms (tx_ts=83567469177726, rx_ts=83567469660309) request_id=2300891 zil_blk_id=1617996 ccf_commit_seqno=2300891 nstreams_done_=404500 config.nstreams=1000000 avg_latency=0.5292 ms avg throuhgput (requests/sec) = 784.8607 res=false
*==== INFO ====*  stream_id=1619996 latency=0.505686 ms (tx_ts=83568184963838, rx_ts=83568185469524) request_id=2302591 zil_blk_id=1619996 ccf_commit_seqno=2302592 nstreams_done_=405000 config.nstreams=1000000 avg_latency=0.5292 ms avg throuhgput (requests/sec) = 784.7409 res=false
*==== INFO ====*  stream_id=1621996 latency=0.601659 ms (tx_ts=83568929187397, rx_ts=83568929789056) request_id=2304357 zil_blk_id=1621996 ccf_commit_seqno=2304357 nstreams_done_=405500 config.nstreams=1000000 avg_latency=0.5292 ms avg throuhgput (requests/sec) = 784.5782 res=false
*==== INFO ====*  stream_id=1623996 latency=0.465931 ms (tx_ts=83569569155585, rx_ts=83569569621516) request_id=2306026 zil_blk_id=1623996 ccf_commit_seqno=2306026 nstreams_done_=406000 config.nstreams=1000000 avg_latency=0.5292 ms avg throuhgput (requests/sec) = 784.5743 res=false
*==== INFO ====*  stream_id=1625996 latency=0.556081 ms (tx_ts=83570231945959, rx_ts=83570232502040) request_id=2307717 zil_blk_id=1625996 ccf_commit_seqno=2307717 nstreams_done_=406500 config.nstreams=1000000 avg_latency=0.5292 ms avg throuhgput (requests/sec) = 784.5356 res=false
*==== INFO ====*  stream_id=1627996 latency=0.478779 ms (tx_ts=83570891192896, rx_ts=83570891671675) request_id=2309401 zil_blk_id=1627996 ccf_commit_seqno=2309401 nstreams_done_=407000 config.nstreams=1000000 avg_latency=0.5291 ms avg throuhgput (requests/sec) = 784.5025 res=false
*==== INFO ====*  stream_id=1629996 latency=0.538627 ms (tx_ts=83571577794947, rx_ts=83571578333574) request_id=2311126 zil_blk_id=1629996 ccf_commit_seqno=2311126 nstreams_done_=407500 config.nstreams=1000000 avg_latency=0.5291 ms avg throuhgput (requests/sec) = 784.4281 res=false
*==== INFO ====*  stream_id=1631996 latency=0.451916 ms (tx_ts=83572217805338, rx_ts=83572218257254) request_id=2312811 zil_blk_id=1631996 ccf_commit_seqno=2312811 nstreams_done_=408000 config.nstreams=1000000 avg_latency=0.5291 ms avg throuhgput (requests/sec) = 784.4243 res=false
*==== INFO ====*  stream_id=1633996 latency=0.516136 ms (tx_ts=83572955905857, rx_ts=83572956421993) request_id=2314613 zil_blk_id=1633996 ccf_commit_seqno=2314613 nstreams_done_=408500 config.nstreams=1000000 avg_latency=0.5291 ms avg throuhgput (requests/sec) = 784.2725 res=false
*==== INFO ====*  stream_id=1635996 latency=0.678390 ms (tx_ts=83573620251690, rx_ts=83573620930080) request_id=2316332 zil_blk_id=1635996 ccf_commit_seqno=2316332 nstreams_done_=409000 config.nstreams=1000000 avg_latency=0.5291 ms avg throuhgput (requests/sec) = 784.2320 res=false
*==== INFO ====*  stream_id=1637996 latency=0.450223 ms (tx_ts=83574334654867, rx_ts=83574335105090) request_id=2318135 zil_blk_id=1637996 ccf_commit_seqno=2318135 nstreams_done_=409500 config.nstreams=1000000 avg_latency=0.5291 ms avg throuhgput (requests/sec) = 784.1169 res=false
*==== INFO ====*  stream_id=1639996 latency=0.443360 ms (tx_ts=83574996780476, rx_ts=83574997223836) request_id=2319856 zil_blk_id=1639996 ccf_commit_seqno=2319856 nstreams_done_=410000 config.nstreams=1000000 avg_latency=0.5291 ms avg throuhgput (requests/sec) = 784.0803 res=false
*==== INFO ====*  stream_id=1641996 latency=0.437588 ms (tx_ts=83575687498474, rx_ts=83575687936062) request_id=2321467 zil_blk_id=1641996 ccf_commit_seqno=2321467 nstreams_done_=410500 config.nstreams=1000000 avg_latency=0.5291 ms avg throuhgput (requests/sec) = 784.0009 res=false
*==== INFO ====*  stream_id=1643996 latency=0.497511 ms (tx_ts=83576374531603, rx_ts=83576375029114) request_id=2323045 zil_blk_id=1643996 ccf_commit_seqno=2323045 nstreams_done_=411000 config.nstreams=1000000 avg_latency=0.5290 ms avg throuhgput (requests/sec) = 783.9271 res=false
*==== INFO ====*  stream_id=1645996 latency=0.526255 ms (tx_ts=83577083334937, rx_ts=83577083861192) request_id=2324626 zil_blk_id=1645996 ccf_commit_seqno=2324626 nstreams_done_=411500 config.nstreams=1000000 avg_latency=0.5291 ms avg throuhgput (requests/sec) = 783.8210 res=false
*==== INFO ====*  stream_id=1647996 latency=0.477554 ms (tx_ts=83577806388316, rx_ts=83577806865870) request_id=2326221 zil_blk_id=1647996 ccf_commit_seqno=2326221 nstreams_done_=412000 config.nstreams=1000000 avg_latency=0.5291 ms avg throuhgput (requests/sec) = 783.6941 res=false
*==== INFO ====*  stream_id=1649996 latency=0.475630 ms (tx_ts=83578492969941, rx_ts=83578493445571) request_id=2327817 zil_blk_id=1649996 ccf_commit_seqno=2327817 nstreams_done_=412500 config.nstreams=1000000 avg_latency=0.5291 ms avg throuhgput (requests/sec) = 783.6218 res=false
*==== INFO ====*  stream_id=1651996 latency=0.482332 ms (tx_ts=83579188325896, rx_ts=83579188808228) request_id=2329398 zil_blk_id=1651996 ccf_commit_seqno=2329398 nstreams_done_=413000 config.nstreams=1000000 avg_latency=0.5290 ms avg throuhgput (requests/sec) = 783.5366 res=false
*==== INFO ====*  stream_id=1653996 latency=0.477033 ms (tx_ts=83579875628370, rx_ts=83579876105403) request_id=2330975 zil_blk_id=1653996 ccf_commit_seqno=2330975 nstreams_done_=413500 config.nstreams=1000000 avg_latency=0.5290 ms avg throuhgput (requests/sec) = 783.4637 res=false
*==== INFO ====*  stream_id=1655996 latency=0.496319 ms (tx_ts=83580558754373, rx_ts=83580559250692) request_id=2332534 zil_blk_id=1655996 ccf_commit_seqno=2332534 nstreams_done_=414000 config.nstreams=1000000 avg_latency=0.5289 ms avg throuhgput (requests/sec) = 783.3970 res=false
*==== INFO ====*  stream_id=1657996 latency=0.517979 ms (tx_ts=83581254384520, rx_ts=83581254902499) request_id=2334128 zil_blk_id=1657996 ccf_commit_seqno=2334128 nstreams_done_=414500 config.nstreams=1000000 avg_latency=0.5289 ms avg throuhgput (requests/sec) = 783.3120 res=false
*==== INFO ====*  stream_id=1659996 latency=0.537225 ms (tx_ts=83581945018357, rx_ts=83581945555582) request_id=2335707 zil_blk_id=1659996 ccf_commit_seqno=2335707 nstreams_done_=415000 config.nstreams=1000000 avg_latency=0.5289 ms avg throuhgput (requests/sec) = 783.2346 res=false
*==== INFO ====*  stream_id=1661996 latency=0.455963 ms (tx_ts=83582616135233, rx_ts=83582616591196) request_id=2337258 zil_blk_id=1661996 ccf_commit_seqno=2337258 nstreams_done_=415500 config.nstreams=1000000 avg_latency=0.5288 ms avg throuhgput (requests/sec) = 783.1864 res=false
*==== INFO ====*  stream_id=1663996 latency=0.451485 ms (tx_ts=83583313274913, rx_ts=83583313726398) request_id=2338844 zil_blk_id=1663996 ccf_commit_seqno=2338844 nstreams_done_=416000 config.nstreams=1000000 avg_latency=0.5288 ms avg throuhgput (requests/sec) = 783.0999 res=false
*==== INFO ====*  stream_id=1665996 latency=0.434633 ms (tx_ts=83584063501914, rx_ts=83584063936547) request_id=2340491 zil_blk_id=1665996 ccf_commit_seqno=2340491 nstreams_done_=416500 config.nstreams=1000000 avg_latency=0.5288 ms avg throuhgput (requests/sec) = 782.9354 res=false
*==== INFO ====*  stream_id=1667996 latency=0.449752 ms (tx_ts=83584757283477, rx_ts=83584757733229) request_id=2342065 zil_blk_id=1667996 ccf_commit_seqno=2342065 nstreams_done_=417000 config.nstreams=1000000 avg_latency=0.5287 ms avg throuhgput (requests/sec) = 782.8543 res=false
*==== INFO ====*  stream_id=1669996 latency=0.476201 ms (tx_ts=83585465472141, rx_ts=83585465948342) request_id=2343649 zil_blk_id=1669996 ccf_commit_seqno=2343649 nstreams_done_=417500 config.nstreams=1000000 avg_latency=0.5287 ms avg throuhgput (requests/sec) = 782.7523 res=false
*==== INFO ====*  stream_id=1671996 latency=0.464659 ms (tx_ts=83586143665802, rx_ts=83586144130461) request_id=2345200 zil_blk_id=1671996 ccf_commit_seqno=2345200 nstreams_done_=418000 config.nstreams=1000000 avg_latency=0.5287 ms avg throuhgput (requests/sec) = 782.6945 res=false
*==== INFO ====*  stream_id=1673996 latency=0.490086 ms (tx_ts=83586824819772, rx_ts=83586825309858) request_id=2346743 zil_blk_id=1673996 ccf_commit_seqno=2346744 nstreams_done_=418500 config.nstreams=1000000 avg_latency=0.5286 ms avg throuhgput (requests/sec) = 782.6325 res=false
*==== INFO ====*  stream_id=1675996 latency=0.454190 ms (tx_ts=83587505651177, rx_ts=83587506105367) request_id=2348298 zil_blk_id=1675996 ccf_commit_seqno=2348298 nstreams_done_=419000 config.nstreams=1000000 avg_latency=0.5286 ms avg throuhgput (requests/sec) = 782.5712 res=false
*==== INFO ====*  stream_id=1677996 latency=0.491299 ms (tx_ts=83588183288561, rx_ts=83588183779860) request_id=2349868 zil_blk_id=1677996 ccf_commit_seqno=2349868 nstreams_done_=419500 config.nstreams=1000000 avg_latency=0.5286 ms avg throuhgput (requests/sec) = 782.5146 res=false
*==== INFO ====*  stream_id=1679996 latency=0.507179 ms (tx_ts=83588846113162, rx_ts=83588846620341) request_id=2351419 zil_blk_id=1679996 ccf_commit_seqno=2351419 nstreams_done_=420000 config.nstreams=1000000 avg_latency=0.5286 ms avg throuhgput (requests/sec) = 782.4798 res=false
*==== INFO ====*  stream_id=1681996 latency=0.439002 ms (tx_ts=83589531538677, rx_ts=83589531977679) request_id=2352989 zil_blk_id=1681996 ccf_commit_seqno=2352989 nstreams_done_=420500 config.nstreams=1000000 avg_latency=0.5285 ms avg throuhgput (requests/sec) = 782.4123 res=false
*==== INFO ====*  stream_id=1683996 latency=0.495908 ms (tx_ts=83590242344026, rx_ts=83590242839934) request_id=2354597 zil_blk_id=1683996 ccf_commit_seqno=2354597 nstreams_done_=421000 config.nstreams=1000000 avg_latency=0.5285 ms avg throuhgput (requests/sec) = 782.3079 res=false
*==== INFO ====*  stream_id=1685996 latency=0.448179 ms (tx_ts=83590917927858, rx_ts=83590918376037) request_id=2356151 zil_blk_id=1685996 ccf_commit_seqno=2356151 nstreams_done_=421500 config.nstreams=1000000 avg_latency=0.5285 ms avg throuhgput (requests/sec) = 782.2551 res=false
*==== INFO ====*  stream_id=1687996 latency=0.496609 ms (tx_ts=83591602873065, rx_ts=83591603369674) request_id=2357702 zil_blk_id=1687996 ccf_commit_seqno=2357702 nstreams_done_=422000 config.nstreams=1000000 avg_latency=0.5284 ms avg throuhgput (requests/sec) = 782.1886 res=false
*==== INFO ====*  stream_id=1689996 latency=0.497771 ms (tx_ts=83592298280005, rx_ts=83592298777776) request_id=2359274 zil_blk_id=1689996 ccf_commit_seqno=2359274 nstreams_done_=422500 config.nstreams=1000000 avg_latency=0.5284 ms avg throuhgput (requests/sec) = 782.1073 res=false
*==== INFO ====*  stream_id=1691996 latency=0.459250 ms (tx_ts=83592975772447, rx_ts=83592976231697) request_id=2360858 zil_blk_id=1691996 ccf_commit_seqno=2360858 nstreams_done_=423000 config.nstreams=1000000 avg_latency=0.5284 ms avg throuhgput (requests/sec) = 782.0521 res=false
*==== INFO ====*  stream_id=1693996 latency=0.480429 ms (tx_ts=83593713545771, rx_ts=83593714026200) request_id=2362503 zil_blk_id=1693996 ccf_commit_seqno=2362504 nstreams_done_=423500 config.nstreams=1000000 avg_latency=0.5285 ms avg throuhgput (requests/sec) = 781.9100 res=false
*==== INFO ====*  stream_id=1695996 latency=0.531535 ms (tx_ts=83594410188342, rx_ts=83594410719877) request_id=2364094 zil_blk_id=1695996 ccf_commit_seqno=2364094 nstreams_done_=424000 config.nstreams=1000000 avg_latency=0.5285 ms avg throuhgput (requests/sec) = 781.8275 res=false
*==== INFO ====*  stream_id=1697996 latency=0.492632 ms (tx_ts=83595074227579, rx_ts=83595074720211) request_id=2365582 zil_blk_id=1697996 ccf_commit_seqno=2365582 nstreams_done_=424500 config.nstreams=1000000 avg_latency=0.5284 ms avg throuhgput (requests/sec) = 781.7922 res=false
*==== INFO ====*  stream_id=1699996 latency=0.487372 ms (tx_ts=83595759321556, rx_ts=83595759808928) request_id=2367182 zil_blk_id=1699996 ccf_commit_seqno=2367182 nstreams_done_=425000 config.nstreams=1000000 avg_latency=0.5284 ms avg throuhgput (requests/sec) = 781.7267 res=false
*==== INFO ====*  stream_id=1701996 latency=0.470520 ms (tx_ts=83596484583939, rx_ts=83596485054459) request_id=2368906 zil_blk_id=1701996 ccf_commit_seqno=2368906 nstreams_done_=425500 config.nstreams=1000000 avg_latency=0.5284 ms avg throuhgput (requests/sec) = 781.6038 res=false
*==== INFO ====*  stream_id=1703996 latency=0.507389 ms (tx_ts=83597168092852, rx_ts=83597168600241) request_id=2370498 zil_blk_id=1703996 ccf_commit_seqno=2370498 nstreams_done_=426000 config.nstreams=1000000 avg_latency=0.5284 ms avg throuhgput (requests/sec) = 781.5409 res=false
*==== INFO ====*  stream_id=1705996 latency=0.462355 ms (tx_ts=83597921885542, rx_ts=83597922347897) request_id=2372122 zil_blk_id=1705996 ccf_commit_seqno=2372122 nstreams_done_=426500 config.nstreams=1000000 avg_latency=0.5284 ms avg throuhgput (requests/sec) = 781.3777 res=false
*==== INFO ====*  stream_id=1707996 latency=0.524953 ms (tx_ts=83598631918373, rx_ts=83598632443326) request_id=2373694 zil_blk_id=1707996 ccf_commit_seqno=2373694 nstreams_done_=427000 config.nstreams=1000000 avg_latency=0.5284 ms avg throuhgput (requests/sec) = 781.2773 res=false
*==== INFO ====*  stream_id=1709996 latency=0.456054 ms (tx_ts=83599326739261, rx_ts=83599327195315) request_id=2375285 zil_blk_id=1709996 ccf_commit_seqno=2375285 nstreams_done_=427500 config.nstreams=1000000 avg_latency=0.5283 ms avg throuhgput (requests/sec) = 781.1991 res=false
*==== INFO ====*  stream_id=1711996 latency=0.452837 ms (tx_ts=83599998813429, rx_ts=83599999266266) request_id=2376853 zil_blk_id=1711996 ccf_commit_seqno=2376853 nstreams_done_=428000 config.nstreams=1000000 avg_latency=0.5283 ms avg throuhgput (requests/sec) = 781.1535 res=false
*==== INFO ====*  stream_id=1713996 latency=0.536834 ms (tx_ts=83600690138220, rx_ts=83600690675054) request_id=2378464 zil_blk_id=1713996 ccf_commit_seqno=2378464 nstreams_done_=428500 config.nstreams=1000000 avg_latency=0.5283 ms avg throuhgput (requests/sec) = 781.0804 res=false
*==== INFO ====*  stream_id=1715996 latency=0.443139 ms (tx_ts=83601384359025, rx_ts=83601384802164) request_id=2380033 zil_blk_id=1715996 ccf_commit_seqno=2380033 nstreams_done_=429000 config.nstreams=1000000 avg_latency=0.5282 ms avg throuhgput (requests/sec) = 781.0036 res=false
*==== INFO ====*  stream_id=1717996 latency=0.459329 ms (tx_ts=83602068572146, rx_ts=83602069031475) request_id=2381564 zil_blk_id=1717996 ccf_commit_seqno=2381564 nstreams_done_=429500 config.nstreams=1000000 avg_latency=0.5282 ms avg throuhgput (requests/sec) = 780.9411 res=false
*==== INFO ====*  stream_id=1719996 latency=0.475459 ms (tx_ts=83602744393535, rx_ts=83602744868994) request_id=2383118 zil_blk_id=1719996 ccf_commit_seqno=2383118 nstreams_done_=430000 config.nstreams=1000000 avg_latency=0.5282 ms avg throuhgput (requests/sec) = 780.8906 res=false
*==== INFO ====*  stream_id=1721996 latency=0.445664 ms (tx_ts=83603455289167, rx_ts=83603455734831) request_id=2384706 zil_blk_id=1721996 ccf_commit_seqno=2384706 nstreams_done_=430500 config.nstreams=1000000 avg_latency=0.5281 ms avg throuhgput (requests/sec) = 780.7907 res=false
*==== INFO ====*  stream_id=1723996 latency=0.457215 ms (tx_ts=83604180466133, rx_ts=83604180923348) request_id=2386281 zil_blk_id=1723996 ccf_commit_seqno=2386281 nstreams_done_=431000 config.nstreams=1000000 avg_latency=0.5281 ms avg throuhgput (requests/sec) = 780.6707 res=false
*==== INFO ====*  stream_id=1725996 latency=0.462065 ms (tx_ts=83604888264402, rx_ts=83604888726467) request_id=2387853 zil_blk_id=1725996 ccf_commit_seqno=2387853 nstreams_done_=431500 config.nstreams=1000000 avg_latency=0.5281 ms avg throuhgput (requests/sec) = 780.5757 res=false
*==== INFO ====*  stream_id=1727996 latency=0.483836 ms (tx_ts=83605603637401, rx_ts=83605604121237) request_id=2389448 zil_blk_id=1727996 ccf_commit_seqno=2389448 nstreams_done_=432000 config.nstreams=1000000 avg_latency=0.5281 ms avg throuhgput (requests/sec) = 780.4701 res=false
*==== INFO ====*  stream_id=1729996 latency=0.698227 ms (tx_ts=83606307852737, rx_ts=83606308550964) request_id=2391000 zil_blk_id=1729996 ccf_commit_seqno=2391000 nstreams_done_=432500 config.nstreams=1000000 avg_latency=0.5281 ms avg throuhgput (requests/sec) = 780.3803 res=false
*==== INFO ====*  stream_id=1731996 latency=0.474228 ms (tx_ts=83607008312643, rx_ts=83607008786871) request_id=2392564 zil_blk_id=1731996 ccf_commit_seqno=2392564 nstreams_done_=433000 config.nstreams=1000000 avg_latency=0.5281 ms avg throuhgput (requests/sec) = 780.2966 res=false
*==== INFO ====*  stream_id=1733996 latency=0.556461 ms (tx_ts=83607699273741, rx_ts=83607699830202) request_id=2394123 zil_blk_id=1733996 ccf_commit_seqno=2394123 nstreams_done_=433500 config.nstreams=1000000 avg_latency=0.5281 ms avg throuhgput (requests/sec) = 780.2260 res=false
*==== INFO ====*  stream_id=1735996 latency=0.452427 ms (tx_ts=83608356589989, rx_ts=83608357042416) request_id=2395679 zil_blk_id=1735996 ccf_commit_seqno=2395679 nstreams_done_=434000 config.nstreams=1000000 avg_latency=0.5280 ms avg throuhgput (requests/sec) = 780.2030 res=false
*==== INFO ====*  stream_id=1737996 latency=0.527798 ms (tx_ts=83609039835400, rx_ts=83609040363198) request_id=2397244 zil_blk_id=1737996 ccf_commit_seqno=2397244 nstreams_done_=434500 config.nstreams=1000000 avg_latency=0.5281 ms avg throuhgput (requests/sec) = 780.1435 res=false
*==== INFO ====*  stream_id=1739996 latency=0.518279 ms (tx_ts=83609718257147, rx_ts=83609718775426) request_id=2398846 zil_blk_id=1739996 ccf_commit_seqno=2398846 nstreams_done_=435000 config.nstreams=1000000 avg_latency=0.5281 ms avg throuhgput (requests/sec) = 780.0911 res=false
*==== INFO ====*  stream_id=1741996 latency=0.464389 ms (tx_ts=83610398189533, rx_ts=83610398653922) request_id=2400410 zil_blk_id=1741996 ccf_commit_seqno=2400410 nstreams_done_=435500 config.nstreams=1000000 avg_latency=0.5281 ms avg throuhgput (requests/sec) = 780.0367 res=false
*==== INFO ====*  stream_id=1743996 latency=0.499224 ms (tx_ts=83611098529897, rx_ts=83611099029121) request_id=2401979 zil_blk_id=1743996 ccf_commit_seqno=2401979 nstreams_done_=436000 config.nstreams=1000000 avg_latency=0.5281 ms avg throuhgput (requests/sec) = 779.9538 res=false
*==== INFO ====*  stream_id=1745996 latency=0.578803 ms (tx_ts=83611807858207, rx_ts=83611808437010) request_id=2403707 zil_blk_id=1745996 ccf_commit_seqno=2403707 nstreams_done_=436500 config.nstreams=1000000 avg_latency=0.5281 ms avg throuhgput (requests/sec) = 779.8586 res=false
*==== INFO ====*  stream_id=1747996 latency=1.756246 ms (tx_ts=83612518437095, rx_ts=83612520193341) request_id=2405393 zil_blk_id=1747996 ccf_commit_seqno=2405394 nstreams_done_=437000 config.nstreams=1000000 avg_latency=0.5281 ms avg throuhgput (requests/sec) = 779.7603 res=false
*==== INFO ====*  stream_id=1749996 latency=0.469979 ms (tx_ts=83613215446834, rx_ts=83613215916813) request_id=2406994 zil_blk_id=1749996 ccf_commit_seqno=2406994 nstreams_done_=437500 config.nstreams=1000000 avg_latency=0.5281 ms avg throuhgput (requests/sec) = 779.6846 res=false
*==== INFO ====*  stream_id=1751996 latency=0.478204 ms (tx_ts=83613924392959, rx_ts=83613924871163) request_id=2408683 zil_blk_id=1751996 ccf_commit_seqno=2408683 nstreams_done_=438000 config.nstreams=1000000 avg_latency=0.5281 ms avg throuhgput (requests/sec) = 779.5907 res=false
*==== INFO ====*  stream_id=1753996 latency=0.495704 ms (tx_ts=83614618366251, rx_ts=83614618861955) request_id=2410320 zil_blk_id=1753996 ccf_commit_seqno=2410320 nstreams_done_=438500 config.nstreams=1000000 avg_latency=0.5281 ms avg throuhgput (requests/sec) = 779.5177 res=false
*==== INFO ====*  stream_id=1755996 latency=0.505326 ms (tx_ts=83615309049238, rx_ts=83615309554564) request_id=2411992 zil_blk_id=1755996 ccf_commit_seqno=2411992 nstreams_done_=439000 config.nstreams=1000000 avg_latency=0.5281 ms avg throuhgput (requests/sec) = 779.4495 res=false
*==== INFO ====*  stream_id=1757996 latency=0.494696 ms (tx_ts=83615982901894, rx_ts=83615983396590) request_id=2413552 zil_blk_id=1757996 ccf_commit_seqno=2413552 nstreams_done_=439500 config.nstreams=1000000 avg_latency=0.5281 ms avg throuhgput (requests/sec) = 779.4048 res=false
*==== INFO ====*  stream_id=1759996 latency=0.557944 ms (tx_ts=83616625059661, rx_ts=83616625617605) request_id=2415082 zil_blk_id=1759996 ccf_commit_seqno=2415082 nstreams_done_=440000 config.nstreams=1000000 avg_latency=0.5281 ms avg throuhgput (requests/sec) = 779.4038 res=false
*==== INFO ====*  stream_id=1761996 latency=0.567261 ms (tx_ts=83617293528905, rx_ts=83617294096166) request_id=2416626 zil_blk_id=1761996 ccf_commit_seqno=2416626 nstreams_done_=440500 config.nstreams=1000000 avg_latency=0.5281 ms avg throuhgput (requests/sec) = 779.3667 res=false
*==== INFO ====*  stream_id=1763996 latency=0.491810 ms (tx_ts=83617951692192, rx_ts=83617952184002) request_id=2418140 zil_blk_id=1763996 ccf_commit_seqno=2418140 nstreams_done_=441000 config.nstreams=1000000 avg_latency=0.5280 ms avg throuhgput (requests/sec) = 779.3439 res=false
*==== INFO ====*  stream_id=1765996 latency=0.493834 ms (tx_ts=83618640710444, rx_ts=83618641204278) request_id=2419760 zil_blk_id=1765996 ccf_commit_seqno=2419760 nstreams_done_=441500 config.nstreams=1000000 avg_latency=0.5280 ms avg throuhgput (requests/sec) = 779.2786 res=false
*==== INFO ====*  stream_id=1767996 latency=0.469101 ms (tx_ts=83619324962191, rx_ts=83619325431292) request_id=2421495 zil_blk_id=1767996 ccf_commit_seqno=2421495 nstreams_done_=442000 config.nstreams=1000000 avg_latency=0.5280 ms avg throuhgput (requests/sec) = 779.2201 res=false
*==== INFO ====*  stream_id=1769996 latency=0.492561 ms (tx_ts=83620029145853, rx_ts=83620029638414) request_id=2423171 zil_blk_id=1769996 ccf_commit_seqno=2423171 nstreams_done_=442500 config.nstreams=1000000 avg_latency=0.5280 ms avg throuhgput (requests/sec) = 779.1342 res=false
*==== INFO ====*  stream_id=1771996 latency=0.559768 ms (tx_ts=83620706470038, rx_ts=83620707029806) request_id=2424758 zil_blk_id=1771996 ccf_commit_seqno=2424758 nstreams_done_=443000 config.nstreams=1000000 avg_latency=0.5280 ms avg throuhgput (requests/sec) = 779.0854 res=false
*==== INFO ====*  stream_id=1773996 latency=0.479156 ms (tx_ts=83621387212863, rx_ts=83621387692019) request_id=2426353 zil_blk_id=1773996 ccf_commit_seqno=2426353 nstreams_done_=443500 config.nstreams=1000000 avg_latency=0.5280 ms avg throuhgput (requests/sec) = 779.0322 res=false
*==== INFO ====*  stream_id=1775996 latency=0.489005 ms (tx_ts=83622063083565, rx_ts=83622063572570) request_id=2428059 zil_blk_id=1775996 ccf_commit_seqno=2428060 nstreams_done_=444000 config.nstreams=1000000 avg_latency=0.5280 ms avg throuhgput (requests/sec) = 778.9856 res=false
*==== INFO ====*  stream_id=1777996 latency=0.448749 ms (tx_ts=83622765066235, rx_ts=83622765514984) request_id=2429792 zil_blk_id=1777996 ccf_commit_seqno=2429792 nstreams_done_=444500 config.nstreams=1000000 avg_latency=0.5280 ms avg throuhgput (requests/sec) = 778.9036 res=false
*==== INFO ====*  stream_id=1779996 latency=0.445474 ms (tx_ts=83623478044941, rx_ts=83623478490415) request_id=2431440 zil_blk_id=1779996 ccf_commit_seqno=2431440 nstreams_done_=445000 config.nstreams=1000000 avg_latency=0.5280 ms avg throuhgput (requests/sec) = 778.8068 res=false
*==== INFO ====*  stream_id=1781996 latency=0.438220 ms (tx_ts=83624161134307, rx_ts=83624161572527) request_id=2433068 zil_blk_id=1781996 ccf_commit_seqno=2433068 nstreams_done_=445500 config.nstreams=1000000 avg_latency=0.5280 ms avg throuhgput (requests/sec) = 778.7508 res=false
*==== INFO ====*  stream_id=1783996 latency=0.474818 ms (tx_ts=83624842463605, rx_ts=83624842938423) request_id=2434656 zil_blk_id=1783996 ccf_commit_seqno=2434656 nstreams_done_=446000 config.nstreams=1000000 avg_latency=0.5280 ms avg throuhgput (requests/sec) = 778.6974 res=false
*==== INFO ====*  stream_id=1785996 latency=0.494394 ms (tx_ts=83625540340881, rx_ts=83625540835275) request_id=2436210 zil_blk_id=1785996 ccf_commit_seqno=2436210 nstreams_done_=446500 config.nstreams=1000000 avg_latency=0.5279 ms avg throuhgput (requests/sec) = 778.6216 res=false
*==== INFO ====*  stream_id=1787996 latency=0.453899 ms (tx_ts=83626249701236, rx_ts=83626250155135) request_id=2437801 zil_blk_id=1787996 ccf_commit_seqno=2437801 nstreams_done_=447000 config.nstreams=1000000 avg_latency=0.5279 ms avg throuhgput (requests/sec) = 778.5306 res=false
*==== INFO ====*  stream_id=1789996 latency=0.508622 ms (tx_ts=83626932392852, rx_ts=83626932901474) request_id=2439414 zil_blk_id=1789996 ccf_commit_seqno=2439414 nstreams_done_=447500 config.nstreams=1000000 avg_latency=0.5279 ms avg throuhgput (requests/sec) = 778.4757 res=false
*==== INFO ====*  stream_id=1791996 latency=0.490618 ms (tx_ts=83627608810391, rx_ts=83627609301009) request_id=2441002 zil_blk_id=1791996 ccf_commit_seqno=2441002 nstreams_done_=448000 config.nstreams=1000000 avg_latency=0.5279 ms avg throuhgput (requests/sec) = 778.4295 res=false
*==== INFO ====*  stream_id=1793996 latency=0.458868 ms (tx_ts=83628302498059, rx_ts=83628302956927) request_id=2442599 zil_blk_id=1793996 ccf_commit_seqno=2442599 nstreams_done_=448500 config.nstreams=1000000 avg_latency=0.5279 ms avg throuhgput (requests/sec) = 778.3602 res=false
*==== INFO ====*  stream_id=1795996 latency=0.483975 ms (tx_ts=83629018901702, rx_ts=83629019385677) request_id=2444208 zil_blk_id=1795996 ccf_commit_seqno=2444208 nstreams_done_=449000 config.nstreams=1000000 avg_latency=0.5279 ms avg throuhgput (requests/sec) = 778.2603 res=false
*==== INFO ====*  stream_id=1797996 latency=0.513841 ms (tx_ts=83629717672998, rx_ts=83629718186839) request_id=2445791 zil_blk_id=1797996 ccf_commit_seqno=2445791 nstreams_done_=449500 config.nstreams=1000000 avg_latency=0.5278 ms avg throuhgput (requests/sec) = 778.1844 res=false
*==== INFO ====*  stream_id=1799996 latency=0.856232 ms (tx_ts=83630399065204, rx_ts=83630399921436) request_id=2447350 zil_blk_id=1799996 ccf_commit_seqno=2447350 nstreams_done_=450000 config.nstreams=1000000 avg_latency=0.5278 ms avg throuhgput (requests/sec) = 778.1316 res=false
*==== INFO ====*  stream_id=1801996 latency=0.466994 ms (tx_ts=83631117494887, rx_ts=83631117961881) request_id=2448974 zil_blk_id=1801996 ccf_commit_seqno=2448974 nstreams_done_=450500 config.nstreams=1000000 avg_latency=0.5278 ms avg throuhgput (requests/sec) = 778.0302 res=false
*==== INFO ====*  stream_id=1803996 latency=0.466393 ms (tx_ts=83631833083846, rx_ts=83631833550239) request_id=2450609 zil_blk_id=1803996 ccf_commit_seqno=2450609 nstreams_done_=451000 config.nstreams=1000000 avg_latency=0.5278 ms avg throuhgput (requests/sec) = 777.9323 res=false
*==== INFO ====*  stream_id=1805996 latency=0.472434 ms (tx_ts=83632545509057, rx_ts=83632545981491) request_id=2452248 zil_blk_id=1805996 ccf_commit_seqno=2452248 nstreams_done_=451500 config.nstreams=1000000 avg_latency=0.5277 ms avg throuhgput (requests/sec) = 777.8389 res=false
*==== INFO ====*  stream_id=1807996 latency=0.445514 ms (tx_ts=83633296664127, rx_ts=83633297109641) request_id=2453875 zil_blk_id=1807996 ccf_commit_seqno=2453875 nstreams_done_=452000 config.nstreams=1000000 avg_latency=0.5278 ms avg throuhgput (requests/sec) = 777.6939 res=false
*==== INFO ====*  stream_id=1809996 latency=0.423833 ms (tx_ts=83633978655705, rx_ts=83633979079538) request_id=2455480 zil_blk_id=1809996 ccf_commit_seqno=2455480 nstreams_done_=452500 config.nstreams=1000000 avg_latency=0.5278 ms avg throuhgput (requests/sec) = 777.6417 res=false
*==== INFO ====*  stream_id=1811996 latency=0.504774 ms (tx_ts=83634680961304, rx_ts=83634681466078) request_id=2457066 zil_blk_id=1811996 ccf_commit_seqno=2457066 nstreams_done_=453000 config.nstreams=1000000 avg_latency=0.5278 ms avg throuhgput (requests/sec) = 777.5624 res=false
*==== INFO ====*  stream_id=1813996 latency=0.471404 ms (tx_ts=83635343384290, rx_ts=83635343855694) request_id=2458652 zil_blk_id=1813996 ccf_commit_seqno=2458652 nstreams_done_=453500 config.nstreams=1000000 avg_latency=0.5278 ms avg throuhgput (requests/sec) = 777.5366 res=false
*==== INFO ====*  stream_id=1815996 latency=0.530436 ms (tx_ts=83635988066878, rx_ts=83635988597314) request_id=2460298 zil_blk_id=1815996 ccf_commit_seqno=2460299 nstreams_done_=454000 config.nstreams=1000000 avg_latency=0.5277 ms avg throuhgput (requests/sec) = 777.5344 res=false
*==== INFO ====*  stream_id=1817996 latency=0.463083 ms (tx_ts=83636629176778, rx_ts=83636629639861) request_id=2461990 zil_blk_id=1817996 ccf_commit_seqno=2461990 nstreams_done_=454500 config.nstreams=1000000 avg_latency=0.5277 ms avg throuhgput (requests/sec) = 777.5370 res=false
*==== INFO ====*  stream_id=1819996 latency=0.457987 ms (tx_ts=83637322015832, rx_ts=83637322473819) request_id=2463610 zil_blk_id=1819996 ccf_commit_seqno=2463610 nstreams_done_=455000 config.nstreams=1000000 avg_latency=0.5277 ms avg throuhgput (requests/sec) = 777.4709 res=false
*==== INFO ====*  stream_id=1821996 latency=0.481481 ms (tx_ts=83638008430099, rx_ts=83638008911580) request_id=2465193 zil_blk_id=1821996 ccf_commit_seqno=2465193 nstreams_done_=455500 config.nstreams=1000000 avg_latency=0.5276 ms avg throuhgput (requests/sec) = 777.4134 res=false
*==== INFO ====*  stream_id=1823996 latency=0.478535 ms (tx_ts=83638709177962, rx_ts=83638709656497) request_id=2466777 zil_blk_id=1823996 ccf_commit_seqno=2466777 nstreams_done_=456000 config.nstreams=1000000 avg_latency=0.5276 ms avg throuhgput (requests/sec) = 777.3371 res=false
*==== INFO ====*  stream_id=1825996 latency=0.482072 ms (tx_ts=83639385052832, rx_ts=83639385534904) request_id=2468355 zil_blk_id=1825996 ccf_commit_seqno=2468355 nstreams_done_=456500 config.nstreams=1000000 avg_latency=0.5276 ms avg throuhgput (requests/sec) = 777.2939 res=false
*==== INFO ====*  stream_id=1827996 latency=0.457917 ms (tx_ts=83640050405234, rx_ts=83640050863151) request_id=2469932 zil_blk_id=1827996 ccf_commit_seqno=2469932 nstreams_done_=457000 config.nstreams=1000000 avg_latency=0.5275 ms avg throuhgput (requests/sec) = 777.2647 res=false
*==== INFO ====*  stream_id=1829996 latency=0.455953 ms (tx_ts=83640724886825, rx_ts=83640725342778) request_id=2471491 zil_blk_id=1829996 ccf_commit_seqno=2471491 nstreams_done_=457500 config.nstreams=1000000 avg_latency=0.5275 ms avg throuhgput (requests/sec) = 777.2235 res=false
*==== INFO ====*  stream_id=1831996 latency=0.495768 ms (tx_ts=83641424990725, rx_ts=83641425486493) request_id=2473072 zil_blk_id=1831996 ccf_commit_seqno=2473072 nstreams_done_=458000 config.nstreams=1000000 avg_latency=0.5275 ms avg throuhgput (requests/sec) = 777.1486 res=false
*==== INFO ====*  stream_id=1833996 latency=0.469929 ms (tx_ts=83642115460514, rx_ts=83642115930443) request_id=2474657 zil_blk_id=1833996 ccf_commit_seqno=2474657 nstreams_done_=458500 config.nstreams=1000000 avg_latency=0.5275 ms avg throuhgput (requests/sec) = 777.0866 res=false
*==== INFO ====*  stream_id=1835996 latency=0.826476 ms (tx_ts=83642816534839, rx_ts=83642817361315) request_id=2476282 zil_blk_id=1835996 ccf_commit_seqno=2476282 nstreams_done_=459000 config.nstreams=1000000 avg_latency=0.5275 ms avg throuhgput (requests/sec) = 777.0103 res=false
*==== INFO ====*  stream_id=1837996 latency=0.456474 ms (tx_ts=83643509885168, rx_ts=83643510341642) request_id=2477972 zil_blk_id=1837996 ccf_commit_seqno=2477972 nstreams_done_=459500 config.nstreams=1000000 avg_latency=0.5275 ms avg throuhgput (requests/sec) = 776.9452 res=false
*==== INFO ====*  stream_id=1839996 latency=0.461173 ms (tx_ts=83644258332760, rx_ts=83644258793933) request_id=2479812 zil_blk_id=1839996 ccf_commit_seqno=2479812 nstreams_done_=460000 config.nstreams=1000000 avg_latency=0.5275 ms avg throuhgput (requests/sec) = 776.8076 res=false
*==== INFO ====*  stream_id=1841996 latency=0.490959 ms (tx_ts=83644928899739, rx_ts=83644929390698) request_id=2481509 zil_blk_id=1841996 ccf_commit_seqno=2481509 nstreams_done_=460500 config.nstreams=1000000 avg_latency=0.5275 ms avg throuhgput (requests/sec) = 776.7723 res=false
*==== INFO ====*  stream_id=1843996 latency=0.481501 ms (tx_ts=83645628640130, rx_ts=83645629121631) request_id=2483152 zil_blk_id=1843996 ccf_commit_seqno=2483152 nstreams_done_=461000 config.nstreams=1000000 avg_latency=0.5275 ms avg throuhgput (requests/sec) = 776.6990 res=false
*==== INFO ====*  stream_id=1845996 latency=0.474677 ms (tx_ts=83646312565268, rx_ts=83646313039945) request_id=2484699 zil_blk_id=1845996 ccf_commit_seqno=2484699 nstreams_done_=461500 config.nstreams=1000000 avg_latency=0.5275 ms avg throuhgput (requests/sec) = 776.6465 res=false
*==== INFO ====*  stream_id=1847996 latency=0.475859 ms (tx_ts=83647019044934, rx_ts=83647019520793) request_id=2486268 zil_blk_id=1847996 ccf_commit_seqno=2486268 nstreams_done_=462000 config.nstreams=1000000 avg_latency=0.5275 ms avg throuhgput (requests/sec) = 776.5646 res=false
*==== INFO ====*  stream_id=1849996 latency=0.529651 ms (tx_ts=83647730096604, rx_ts=83647730626255) request_id=2487863 zil_blk_id=1849996 ccf_commit_seqno=2487863 nstreams_done_=462500 config.nstreams=1000000 avg_latency=0.5275 ms avg throuhgput (requests/sec) = 776.4770 res=false
*==== INFO ====*  stream_id=1851996 latency=0.462345 ms (tx_ts=83648417327924, rx_ts=83648417790269) request_id=2489480 zil_blk_id=1851996 ccf_commit_seqno=2489480 nstreams_done_=463000 config.nstreams=1000000 avg_latency=0.5274 ms avg throuhgput (requests/sec) = 776.4207 res=false
*==== INFO ====*  stream_id=1853996 latency=0.455632 ms (tx_ts=83649095656914, rx_ts=83649096112546) request_id=2491070 zil_blk_id=1853996 ccf_commit_seqno=2491070 nstreams_done_=463500 config.nstreams=1000000 avg_latency=0.5274 ms avg throuhgput (requests/sec) = 776.3760 res=false
*==== INFO ====*  stream_id=1855996 latency=0.447998 ms (tx_ts=83649769777079, rx_ts=83649770225077) request_id=2492660 zil_blk_id=1855996 ccf_commit_seqno=2492660 nstreams_done_=464000 config.nstreams=1000000 avg_latency=0.5274 ms avg throuhgput (requests/sec) = 776.3369 res=false
*==== INFO ====*  stream_id=1857996 latency=0.477644 ms (tx_ts=83650481454222, rx_ts=83650481931866) request_id=2494303 zil_blk_id=1857996 ccf_commit_seqno=2494303 nstreams_done_=464500 config.nstreams=1000000 avg_latency=0.5274 ms avg throuhgput (requests/sec) = 776.2491 res=false
*==== INFO ====*  stream_id=1859996 latency=0.492431 ms (tx_ts=83651169042874, rx_ts=83651169535305) request_id=2495901 zil_blk_id=1859996 ccf_commit_seqno=2495901 nstreams_done_=465000 config.nstreams=1000000 avg_latency=0.5274 ms avg throuhgput (requests/sec) = 776.1928 res=false
*==== INFO ====*  stream_id=1861996 latency=0.478386 ms (tx_ts=83651928763780, rx_ts=83651929242166) request_id=2497561 zil_blk_id=1861996 ccf_commit_seqno=2497561 nstreams_done_=465500 config.nstreams=1000000 avg_latency=0.5274 ms avg throuhgput (requests/sec) = 776.0433 res=false
*==== INFO ====*  stream_id=1863996 latency=0.455682 ms (tx_ts=83652627898311, rx_ts=83652628353993) request_id=2499141 zil_blk_id=1863996 ccf_commit_seqno=2499141 nstreams_done_=466000 config.nstreams=1000000 avg_latency=0.5274 ms avg throuhgput (requests/sec) = 775.9725 res=false
*==== INFO ====*  stream_id=1865996 latency=0.584453 ms (tx_ts=83653286404479, rx_ts=83653286988932) request_id=2500747 zil_blk_id=1865996 ccf_commit_seqno=2500747 nstreams_done_=466500 config.nstreams=1000000 avg_latency=0.5274 ms avg throuhgput (requests/sec) = 775.9540 res=false
*==== INFO ====*  stream_id=1867996 latency=0.528629 ms (tx_ts=83653987241607, rx_ts=83653987770236) request_id=2502502 zil_blk_id=1867996 ccf_commit_seqno=2502502 nstreams_done_=467000 config.nstreams=1000000 avg_latency=0.5274 ms avg throuhgput (requests/sec) = 775.8813 res=false
*==== INFO ====*  stream_id=1869996 latency=0.469378 ms (tx_ts=83654649119435, rx_ts=83654649588813) request_id=2504169 zil_blk_id=1869996 ccf_commit_seqno=2504169 nstreams_done_=467500 config.nstreams=1000000 avg_latency=0.5275 ms avg throuhgput (requests/sec) = 775.8589 res=false
*==== INFO ====*  stream_id=1871996 latency=0.476291 ms (tx_ts=83655332183357, rx_ts=83655332659648) request_id=2505945 zil_blk_id=1871996 ccf_commit_seqno=2505945 nstreams_done_=468000 config.nstreams=1000000 avg_latency=0.5275 ms avg throuhgput (requests/sec) = 775.8092 res=false
*==== INFO ====*  stream_id=1873996 latency=0.471072 ms (tx_ts=83656092426661, rx_ts=83656092897733) request_id=2507680 zil_blk_id=1873996 ccf_commit_seqno=2507680 nstreams_done_=468500 config.nstreams=1000000 avg_latency=0.5275 ms avg throuhgput (requests/sec) = 775.6605 res=false
*==== INFO ====*  stream_id=1875996 latency=0.469418 ms (tx_ts=83656771492539, rx_ts=83656771961957) request_id=2509283 zil_blk_id=1875996 ccf_commit_seqno=2509283 nstreams_done_=469000 config.nstreams=1000000 avg_latency=0.5275 ms avg throuhgput (requests/sec) = 775.6164 res=false
*==== INFO ====*  stream_id=1877996 latency=0.479266 ms (tx_ts=83657450735133, rx_ts=83657451214399) request_id=2510993 zil_blk_id=1877996 ccf_commit_seqno=2510994 nstreams_done_=469500 config.nstreams=1000000 avg_latency=0.5275 ms avg throuhgput (requests/sec) = 775.5720 res=false
*==== INFO ====*  stream_id=1879996 latency=0.565117 ms (tx_ts=83658131796303, rx_ts=83658132361420) request_id=2512594 zil_blk_id=1879996 ccf_commit_seqno=2512594 nstreams_done_=470000 config.nstreams=1000000 avg_latency=0.5275 ms avg throuhgput (requests/sec) = 775.5254 res=false
*==== INFO ====*  stream_id=1881996 latency=0.533147 ms (tx_ts=83658806189336, rx_ts=83658806722483) request_id=2514219 zil_blk_id=1881996 ccf_commit_seqno=2514219 nstreams_done_=470500 config.nstreams=1000000 avg_latency=0.5275 ms avg throuhgput (requests/sec) = 775.4875 res=false
*==== INFO ====*  stream_id=1883996 latency=0.470781 ms (tx_ts=83659480066621, rx_ts=83659480537402) request_id=2515829 zil_blk_id=1883996 ccf_commit_seqno=2515829 nstreams_done_=471000 config.nstreams=1000000 avg_latency=0.5274 ms avg throuhgput (requests/sec) = 775.4504 res=false
*==== INFO ====*  stream_id=1885996 latency=0.486319 ms (tx_ts=83660153438814, rx_ts=83660153925133) request_id=2517430 zil_blk_id=1885996 ccf_commit_seqno=2517430 nstreams_done_=471500 config.nstreams=1000000 avg_latency=0.5274 ms avg throuhgput (requests/sec) = 775.4139 res=false
*==== INFO ====*  stream_id=1887996 latency=0.438912 ms (tx_ts=83660815337453, rx_ts=83660815776365) request_id=2519019 zil_blk_id=1887996 ccf_commit_seqno=2519019 nstreams_done_=472000 config.nstreams=1000000 avg_latency=0.5274 ms avg throuhgput (requests/sec) = 775.3922 res=false
*==== INFO ====*  stream_id=1889996 latency=0.552894 ms (tx_ts=83661485817642, rx_ts=83661486370536) request_id=2520584 zil_blk_id=1889996 ccf_commit_seqno=2520584 nstreams_done_=472500 config.nstreams=1000000 avg_latency=0.5274 ms avg throuhgput (requests/sec) = 775.3594 res=false
*==== INFO ====*  stream_id=1891996 latency=0.525824 ms (tx_ts=83662165206755, rx_ts=83662165732579) request_id=2522166 zil_blk_id=1891996 ccf_commit_seqno=2522166 nstreams_done_=473000 config.nstreams=1000000 avg_latency=0.5274 ms avg throuhgput (requests/sec) = 775.3156 res=false
*==== INFO ====*  stream_id=1893996 latency=0.857634 ms (tx_ts=83662882241837, rx_ts=83662883099471) request_id=2523841 zil_blk_id=1893996 ccf_commit_seqno=2523841 nstreams_done_=473500 config.nstreams=1000000 avg_latency=0.5274 ms avg throuhgput (requests/sec) = 775.2236 res=false
*==== INFO ====*  stream_id=1895996 latency=0.485569 ms (tx_ts=83663578140118, rx_ts=83663578625687) request_id=2525490 zil_blk_id=1895996 ccf_commit_seqno=2525490 nstreams_done_=474000 config.nstreams=1000000 avg_latency=0.5274 ms avg throuhgput (requests/sec) = 775.1595 res=false
*==== INFO ====*  stream_id=1897996 latency=0.537335 ms (tx_ts=83664250160708, rx_ts=83664250698043) request_id=2527072 zil_blk_id=1897996 ccf_commit_seqno=2527072 nstreams_done_=474500 config.nstreams=1000000 avg_latency=0.5274 ms avg throuhgput (requests/sec) = 775.1253 res=false
*==== INFO ====*  stream_id=1899996 latency=0.472294 ms (tx_ts=83664943436179, rx_ts=83664943908473) request_id=2528652 zil_blk_id=1899996 ccf_commit_seqno=2528652 nstreams_done_=475000 config.nstreams=1000000 avg_latency=0.5274 ms avg throuhgput (requests/sec) = 775.0644 res=false
*==== INFO ====*  stream_id=1901996 latency=0.499484 ms (tx_ts=83665645278939, rx_ts=83665645778423) request_id=2530299 zil_blk_id=1901996 ccf_commit_seqno=2530299 nstreams_done_=475500 config.nstreams=1000000 avg_latency=0.5274 ms avg throuhgput (requests/sec) = 774.9926 res=false
*==== INFO ====*  stream_id=1903996 latency=0.551642 ms (tx_ts=83666344653345, rx_ts=83666345204987) request_id=2531993 zil_blk_id=1903996 ccf_commit_seqno=2531993 nstreams_done_=476000 config.nstreams=1000000 avg_latency=0.5274 ms avg throuhgput (requests/sec) = 774.9242 res=false
*==== INFO ====*  stream_id=1905996 latency=0.488073 ms (tx_ts=83667042620614, rx_ts=83667043108687) request_id=2533570 zil_blk_id=1905996 ccf_commit_seqno=2533570 nstreams_done_=476500 config.nstreams=1000000 avg_latency=0.5274 ms avg throuhgput (requests/sec) = 774.8578 res=false
*==== INFO ====*  stream_id=1907996 latency=0.444601 ms (tx_ts=83667746060059, rx_ts=83667746504660) request_id=2535214 zil_blk_id=1907996 ccf_commit_seqno=2535214 nstreams_done_=477000 config.nstreams=1000000 avg_latency=0.5274 ms avg throuhgput (requests/sec) = 774.7847 res=false
*==== INFO ====*  stream_id=1909996 latency=0.500837 ms (tx_ts=83668425901323, rx_ts=83668426402160) request_id=2536750 zil_blk_id=1909996 ccf_commit_seqno=2536750 nstreams_done_=477500 config.nstreams=1000000 avg_latency=0.5274 ms avg throuhgput (requests/sec) = 774.7412 res=false
*==== INFO ====*  stream_id=1911996 latency=0.565759 ms (tx_ts=83669103593006, rx_ts=83669104158765) request_id=2538310 zil_blk_id=1911996 ccf_commit_seqno=2538310 nstreams_done_=478000 config.nstreams=1000000 avg_latency=0.5274 ms avg throuhgput (requests/sec) = 774.7006 res=false
*==== INFO ====*  stream_id=1913996 latency=0.590355 ms (tx_ts=83669806372575, rx_ts=83669806962930) request_id=2539919 zil_blk_id=1913996 ccf_commit_seqno=2539919 nstreams_done_=478500 config.nstreams=1000000 avg_latency=0.5274 ms avg throuhgput (requests/sec) = 774.6286 res=false
*==== INFO ====*  stream_id=1915996 latency=0.472644 ms (tx_ts=83670476417249, rx_ts=83670476889893) request_id=2541561 zil_blk_id=1915996 ccf_commit_seqno=2541561 nstreams_done_=479000 config.nstreams=1000000 avg_latency=0.5274 ms avg throuhgput (requests/sec) = 774.5979 res=false
*==== INFO ====*  stream_id=1917996 latency=0.561781 ms (tx_ts=83671195554753, rx_ts=83671196116534) request_id=2543307 zil_blk_id=1917996 ccf_commit_seqno=2543307 nstreams_done_=479500 config.nstreams=1000000 avg_latency=0.5275 ms avg throuhgput (requests/sec) = 774.5057 res=false
*==== INFO ====*  stream_id=1919996 latency=0.482993 ms (tx_ts=83671925226795, rx_ts=83671925709788) request_id=2545072 zil_blk_id=1919996 ccf_commit_seqno=2545072 nstreams_done_=480000 config.nstreams=1000000 avg_latency=0.5275 ms avg throuhgput (requests/sec) = 774.4007 res=false
*==== INFO ====*  stream_id=1921996 latency=0.461012 ms (tx_ts=83672649189313, rx_ts=83672649650325) request_id=2546765 zil_blk_id=1921996 ccf_commit_seqno=2546765 nstreams_done_=480500 config.nstreams=1000000 avg_latency=0.5275 ms avg throuhgput (requests/sec) = 774.3030 res=false
*==== INFO ====*  stream_id=1923996 latency=0.528318 ms (tx_ts=83673409835304, rx_ts=83673410363622) request_id=2548407 zil_blk_id=1923996 ccf_commit_seqno=2548407 nstreams_done_=481000 config.nstreams=1000000 avg_latency=0.5277 ms avg throuhgput (requests/sec) = 774.1597 res=false
*==== INFO ====*  stream_id=1925996 latency=0.480048 ms (tx_ts=83674149681932, rx_ts=83674150161980) request_id=2550005 zil_blk_id=1925996 ccf_commit_seqno=2550005 nstreams_done_=481500 config.nstreams=1000000 avg_latency=0.5278 ms avg throuhgput (requests/sec) = 774.0428 res=false
*==== INFO ====*  stream_id=1927996 latency=0.479617 ms (tx_ts=83674842348966, rx_ts=83674842828583) request_id=2551627 zil_blk_id=1927996 ccf_commit_seqno=2551627 nstreams_done_=482000 config.nstreams=1000000 avg_latency=0.5278 ms avg throuhgput (requests/sec) = 773.9848 res=false
*==== INFO ====*  stream_id=1929996 latency=0.485508 ms (tx_ts=83675518062738, rx_ts=83675518548246) request_id=2553192 zil_blk_id=1929996 ccf_commit_seqno=2553192 nstreams_done_=482500 config.nstreams=1000000 avg_latency=0.5278 ms avg throuhgput (requests/sec) = 773.9479 res=false
*==== INFO ====*  stream_id=1931996 latency=0.463687 ms (tx_ts=83676265669660, rx_ts=83676266133347) request_id=2554872 zil_blk_id=1931996 ccf_commit_seqno=2554872 nstreams_done_=483000 config.nstreams=1000000 avg_latency=0.5278 ms avg throuhgput (requests/sec) = 773.8220 res=false
*==== INFO ====*  stream_id=1933996 latency=0.517578 ms (tx_ts=83676925430043, rx_ts=83676925947621) request_id=2556441 zil_blk_id=1933996 ccf_commit_seqno=2556441 nstreams_done_=483500 config.nstreams=1000000 avg_latency=0.5278 ms avg throuhgput (requests/sec) = 773.8051 res=false
*==== INFO ====*  stream_id=1935996 latency=0.481671 ms (tx_ts=83677590711787, rx_ts=83677591193458) request_id=2558030 zil_blk_id=1935996 ccf_commit_seqno=2558030 nstreams_done_=484000 config.nstreams=1000000 avg_latency=0.5278 ms avg throuhgput (requests/sec) = 773.7814 res=false
*==== INFO ====*  stream_id=1937996 latency=0.466803 ms (tx_ts=83678275099851, rx_ts=83678275566654) request_id=2559695 zil_blk_id=1937996 ccf_commit_seqno=2559695 nstreams_done_=484500 config.nstreams=1000000 avg_latency=0.5278 ms avg throuhgput (requests/sec) = 773.7342 res=false
*==== INFO ====*  stream_id=1939996 latency=0.506688 ms (tx_ts=83678945693546, rx_ts=83678946200234) request_id=2561317 zil_blk_id=1939996 ccf_commit_seqno=2561317 nstreams_done_=485000 config.nstreams=1000000 avg_latency=0.5278 ms avg throuhgput (requests/sec) = 773.7041 res=false
*==== INFO ====*  stream_id=1941996 latency=0.475569 ms (tx_ts=83679643643684, rx_ts=83679644119253) request_id=2562909 zil_blk_id=1941996 ccf_commit_seqno=2562909 nstreams_done_=485500 config.nstreams=1000000 avg_latency=0.5278 ms avg throuhgput (requests/sec) = 773.6404 res=false
*==== INFO ====*  stream_id=1943996 latency=0.467254 ms (tx_ts=83680285910565, rx_ts=83680286377819) request_id=2564500 zil_blk_id=1943996 ccf_commit_seqno=2564500 nstreams_done_=486000 config.nstreams=1000000 avg_latency=0.5277 ms avg throuhgput (requests/sec) = 773.6454 res=false
*==== INFO ====*  stream_id=1945996 latency=0.601064 ms (tx_ts=83681007577401, rx_ts=83681008178465) request_id=2566112 zil_blk_id=1945996 ccf_commit_seqno=2566112 nstreams_done_=486500 config.nstreams=1000000 avg_latency=0.5277 ms avg throuhgput (requests/sec) = 773.5525 res=false
*==== INFO ====*  stream_id=1947996 latency=0.777354 ms (tx_ts=83681669577548, rx_ts=83681670354902) request_id=2567718 zil_blk_id=1947996 ccf_commit_seqno=2567718 nstreams_done_=487000 config.nstreams=1000000 avg_latency=0.5277 ms avg throuhgput (requests/sec) = 773.5331 res=false
*==== INFO ====*  stream_id=1949996 latency=0.459680 ms (tx_ts=83682346926866, rx_ts=83682347386546) request_id=2569348 zil_blk_id=1949996 ccf_commit_seqno=2569348 nstreams_done_=487500 config.nstreams=1000000 avg_latency=0.5277 ms avg throuhgput (requests/sec) = 773.4954 res=false
*==== INFO ====*  stream_id=1951996 latency=0.509693 ms (tx_ts=83683058754904, rx_ts=83683059264597) request_id=2571017 zil_blk_id=1951996 ccf_commit_seqno=2571017 nstreams_done_=488000 config.nstreams=1000000 avg_latency=0.5277 ms avg throuhgput (requests/sec) = 773.4152 res=false
*==== INFO ====*  stream_id=1953996 latency=0.507319 ms (tx_ts=83683746351569, rx_ts=83683746858888) request_id=2572692 zil_blk_id=1953996 ccf_commit_seqno=2572692 nstreams_done_=488500 config.nstreams=1000000 avg_latency=0.5277 ms avg throuhgput (requests/sec) = 773.3649 res=false
*==== INFO ====*  stream_id=1955996 latency=0.527817 ms (tx_ts=83684434932416, rx_ts=83684435460233) request_id=2574354 zil_blk_id=1955996 ccf_commit_seqno=2574354 nstreams_done_=489000 config.nstreams=1000000 avg_latency=0.5276 ms avg throuhgput (requests/sec) = 773.3134 res=false
*==== INFO ====*  stream_id=1957996 latency=0.438781 ms (tx_ts=83685094595915, rx_ts=83685095034696) request_id=2575931 zil_blk_id=1957996 ccf_commit_seqno=2575931 nstreams_done_=489500 config.nstreams=1000000 avg_latency=0.5276 ms avg throuhgput (requests/sec) = 773.2975 res=false
*==== INFO ====*  stream_id=1959996 latency=0.500316 ms (tx_ts=83685787535018, rx_ts=83685788035334) request_id=2577517 zil_blk_id=1959996 ccf_commit_seqno=2577517 nstreams_done_=490000 config.nstreams=1000000 avg_latency=0.5276 ms avg throuhgput (requests/sec) = 773.2409 res=false
*==== INFO ====*  stream_id=1961996 latency=0.591817 ms (tx_ts=83686477193179, rx_ts=83686477784996) request_id=2579146 zil_blk_id=1961996 ccf_commit_seqno=2579146 nstreams_done_=490500 config.nstreams=1000000 avg_latency=0.5276 ms avg throuhgput (requests/sec) = 773.1883 res=false
*==== INFO ====*  stream_id=1963996 latency=0.495015 ms (tx_ts=83687175077385, rx_ts=83687175572400) request_id=2580811 zil_blk_id=1963996 ccf_commit_seqno=2580811 nstreams_done_=491000 config.nstreams=1000000 avg_latency=0.5276 ms avg throuhgput (requests/sec) = 773.1261 res=false
*==== INFO ====*  stream_id=1965996 latency=1.122079 ms (tx_ts=83687843219241, rx_ts=83687844341320) request_id=2582429 zil_blk_id=1965996 ccf_commit_seqno=2582429 nstreams_done_=491500 config.nstreams=1000000 avg_latency=0.5275 ms avg throuhgput (requests/sec) = 773.0993 res=false
*==== INFO ====*  stream_id=1967996 latency=0.491439 ms (tx_ts=83688525968284, rx_ts=83688526459723) request_id=2584121 zil_blk_id=1967996 ccf_commit_seqno=2584121 nstreams_done_=492000 config.nstreams=1000000 avg_latency=0.5275 ms avg throuhgput (requests/sec) = 773.0563 res=false
*==== INFO ====*  stream_id=1969996 latency=0.458007 ms (tx_ts=83689254446077, rx_ts=83689254904084) request_id=2585776 zil_blk_id=1969996 ccf_commit_seqno=2585776 nstreams_done_=492500 config.nstreams=1000000 avg_latency=0.5276 ms avg throuhgput (requests/sec) = 772.9572 res=false
*==== INFO ====*  stream_id=1971996 latency=0.475910 ms (tx_ts=83689927273579, rx_ts=83689927749489) request_id=2587332 zil_blk_id=1971996 ccf_commit_seqno=2587332 nstreams_done_=493000 config.nstreams=1000000 avg_latency=0.5276 ms avg throuhgput (requests/sec) = 772.9257 res=false
*==== INFO ====*  stream_id=1973996 latency=0.467644 ms (tx_ts=83690602430722, rx_ts=83690602898366) request_id=2588909 zil_blk_id=1973996 ccf_commit_seqno=2588909 nstreams_done_=493500 config.nstreams=1000000 avg_latency=0.5275 ms avg throuhgput (requests/sec) = 772.8915 res=false
*==== INFO ====*  stream_id=1975996 latency=0.545749 ms (tx_ts=83691277555737, rx_ts=83691278101486) request_id=2590477 zil_blk_id=1975996 ccf_commit_seqno=2590477 nstreams_done_=494000 config.nstreams=1000000 avg_latency=0.5275 ms avg throuhgput (requests/sec) = 772.8573 res=false
*==== INFO ====*  stream_id=1977996 latency=0.579683 ms (tx_ts=83691954754058, rx_ts=83691955333741) request_id=2592086 zil_blk_id=1977996 ccf_commit_seqno=2592086 nstreams_done_=494500 config.nstreams=1000000 avg_latency=0.5275 ms avg throuhgput (requests/sec) = 772.8208 res=false
*==== INFO ====*  stream_id=1979996 latency=0.496488 ms (tx_ts=83692614334824, rx_ts=83692614831312) request_id=2593661 zil_blk_id=1979996 ccf_commit_seqno=2593661 nstreams_done_=495000 config.nstreams=1000000 avg_latency=0.5275 ms avg throuhgput (requests/sec) = 772.8057 res=false
*==== INFO ====*  stream_id=1981996 latency=0.477102 ms (tx_ts=83693305548008, rx_ts=83693306025110) request_id=2595275 zil_blk_id=1981996 ccf_commit_seqno=2595275 nstreams_done_=495500 config.nstreams=1000000 avg_latency=0.5275 ms avg throuhgput (requests/sec) = 772.7524 res=false
*==== INFO ====*  stream_id=1983996 latency=0.523950 ms (tx_ts=83693996921126, rx_ts=83693997445076) request_id=2596919 zil_blk_id=1983996 ccf_commit_seqno=2596919 nstreams_done_=496000 config.nstreams=1000000 avg_latency=0.5275 ms avg throuhgput (requests/sec) = 772.6990 res=false
*==== INFO ====*  stream_id=1985996 latency=0.461283 ms (tx_ts=83694687966928, rx_ts=83694688428211) request_id=2598549 zil_blk_id=1985996 ccf_commit_seqno=2598549 nstreams_done_=496500 config.nstreams=1000000 avg_latency=0.5275 ms avg throuhgput (requests/sec) = 772.6462 res=false
*==== INFO ====*  stream_id=1987996 latency=0.469518 ms (tx_ts=83695408018036, rx_ts=83695408487554) request_id=2600189 zil_blk_id=1987996 ccf_commit_seqno=2600189 nstreams_done_=497000 config.nstreams=1000000 avg_latency=0.5275 ms avg throuhgput (requests/sec) = 772.5586 res=false
*==== INFO ====*  stream_id=1989996 latency=0.482553 ms (tx_ts=83696101231027, rx_ts=83696101713580) request_id=2601797 zil_blk_id=1989996 ccf_commit_seqno=2601797 nstreams_done_=497500 config.nstreams=1000000 avg_latency=0.5275 ms avg throuhgput (requests/sec) = 772.5034 res=false
*==== INFO ====*  stream_id=1991996 latency=0.514352 ms (tx_ts=83696795117109, rx_ts=83696795631461) request_id=2603387 zil_blk_id=1991996 ccf_commit_seqno=2603387 nstreams_done_=498000 config.nstreams=1000000 avg_latency=0.5275 ms avg throuhgput (requests/sec) = 772.4474 res=false
*==== INFO ====*  stream_id=1993996 latency=0.508090 ms (tx_ts=83697471193766, rx_ts=83697471701856) request_id=2604968 zil_blk_id=1993996 ccf_commit_seqno=2604968 nstreams_done_=498500 config.nstreams=1000000 avg_latency=0.5275 ms avg throuhgput (requests/sec) = 772.4130 res=false
*==== INFO ====*  stream_id=1995996 latency=0.452486 ms (tx_ts=83698164309716, rx_ts=83698164762202) request_id=2606578 zil_blk_id=1995996 ccf_commit_seqno=2606578 nstreams_done_=499000 config.nstreams=1000000 avg_latency=0.5275 ms avg throuhgput (requests/sec) = 772.3583 res=false
*==== INFO ====*  stream_id=1997996 latency=0.456233 ms (tx_ts=83698858734555, rx_ts=83698859190788) request_id=2608169 zil_blk_id=1997996 ccf_commit_seqno=2608169 nstreams_done_=499500 config.nstreams=1000000 avg_latency=0.5275 ms avg throuhgput (requests/sec) = 772.3021 res=false
*==== INFO ====*  stream_id=1999996 latency=0.461182 ms (tx_ts=83699542356740, rx_ts=83699542817922) request_id=2609746 zil_blk_id=1999996 ccf_commit_seqno=2609746 nstreams_done_=500000 config.nstreams=1000000 avg_latency=0.5274 ms avg throuhgput (requests/sec) = 772.2589 res=false
*==== INFO ====*  stream_id=2001996 latency=0.455873 ms (tx_ts=83700214809721, rx_ts=83700215265594) request_id=2611326 zil_blk_id=2001996 ccf_commit_seqno=2611326 nstreams_done_=500500 config.nstreams=1000000 avg_latency=0.5274 ms avg throuhgput (requests/sec) = 772.2291 res=false
*==== INFO ====*  stream_id=2003996 latency=0.434272 ms (tx_ts=83700901227410, rx_ts=83700901661682) request_id=2612919 zil_blk_id=2003996 ccf_commit_seqno=2612919 nstreams_done_=501000 config.nstreams=1000000 avg_latency=0.5274 ms avg throuhgput (requests/sec) = 772.1828 res=false
*==== INFO ====*  stream_id=2005996 latency=0.531964 ms (tx_ts=83701568560689, rx_ts=83701569092653) request_id=2614515 zil_blk_id=2005996 ccf_commit_seqno=2614515 nstreams_done_=501500 config.nstreams=1000000 avg_latency=0.5274 ms avg throuhgput (requests/sec) = 772.1591 res=false
*==== INFO ====*  stream_id=2007996 latency=0.450192 ms (tx_ts=83702244129976, rx_ts=83702244580168) request_id=2616064 zil_blk_id=2007996 ccf_commit_seqno=2616064 nstreams_done_=502000 config.nstreams=1000000 avg_latency=0.5273 ms avg throuhgput (requests/sec) = 772.1259 res=false
*==== INFO ====*  stream_id=2009996 latency=0.435514 ms (tx_ts=83702919790913, rx_ts=83702920226427) request_id=2617614 zil_blk_id=2009996 ccf_commit_seqno=2617614 nstreams_done_=502500 config.nstreams=1000000 avg_latency=0.5273 ms avg throuhgput (requests/sec) = 772.0926 res=false
*==== INFO ====*  stream_id=2011996 latency=0.472734 ms (tx_ts=83703663866087, rx_ts=83703664338821) request_id=2619182 zil_blk_id=2011996 ccf_commit_seqno=2619182 nstreams_done_=503000 config.nstreams=1000000 avg_latency=0.5273 ms avg throuhgput (requests/sec) = 771.9782 res=false
*==== INFO ====*  stream_id=2013996 latency=0.506818 ms (tx_ts=83704377062084, rx_ts=83704377568902) request_id=2620780 zil_blk_id=2013996 ccf_commit_seqno=2620780 nstreams_done_=503500 config.nstreams=1000000 avg_latency=0.5273 ms avg throuhgput (requests/sec) = 771.9007 res=false
*==== INFO ====*  stream_id=2015996 latency=0.687626 ms (tx_ts=83705057032732, rx_ts=83705057720358) request_id=2622399 zil_blk_id=2015996 ccf_commit_seqno=2622399 nstreams_done_=504000 config.nstreams=1000000 avg_latency=0.5273 ms avg throuhgput (requests/sec) = 771.8624 res=false
*==== INFO ====*  stream_id=2017996 latency=0.459079 ms (tx_ts=83705742453196, rx_ts=83705742912275) request_id=2623970 zil_blk_id=2017996 ccf_commit_seqno=2623970 nstreams_done_=504500 config.nstreams=1000000 avg_latency=0.5272 ms avg throuhgput (requests/sec) = 771.8182 res=false
*==== INFO ====*  stream_id=2019996 latency=0.442047 ms (tx_ts=83706443681131, rx_ts=83706444123178) request_id=2625574 zil_blk_id=2019996 ccf_commit_seqno=2625574 nstreams_done_=505000 config.nstreams=1000000 avg_latency=0.5272 ms avg throuhgput (requests/sec) = 771.7552 res=false
*==== INFO ====*  stream_id=2021996 latency=0.467644 ms (tx_ts=83707119524199, rx_ts=83707119991843) request_id=2627148 zil_blk_id=2021996 ccf_commit_seqno=2627148 nstreams_done_=505500 config.nstreams=1000000 avg_latency=0.5272 ms avg throuhgput (requests/sec) = 771.7222 res=false
*==== INFO ====*  stream_id=2023996 latency=0.480168 ms (tx_ts=83707812025740, rx_ts=83707812505908) request_id=2628720 zil_blk_id=2023996 ccf_commit_seqno=2628720 nstreams_done_=506000 config.nstreams=1000000 avg_latency=0.5272 ms avg throuhgput (requests/sec) = 771.6697 res=false
*==== INFO ====*  stream_id=2025996 latency=0.479858 ms (tx_ts=83708508022900, rx_ts=83708508502758) request_id=2630355 zil_blk_id=2025996 ccf_commit_seqno=2630355 nstreams_done_=506500 config.nstreams=1000000 avg_latency=0.5272 ms avg throuhgput (requests/sec) = 771.6132 res=false
*==== INFO ====*  stream_id=2027996 latency=0.511918 ms (tx_ts=83709214758375, rx_ts=83709215270293) request_id=2631990 zil_blk_id=2027996 ccf_commit_seqno=2631990 nstreams_done_=507000 config.nstreams=1000000 avg_latency=0.5272 ms avg throuhgput (requests/sec) = 771.5442 res=false
*==== INFO ====*  stream_id=2029996 latency=0.525934 ms (tx_ts=83709912172074, rx_ts=83709912698008) request_id=2633584 zil_blk_id=2029996 ccf_commit_seqno=2633584 nstreams_done_=507500 config.nstreams=1000000 avg_latency=0.5272 ms avg throuhgput (requests/sec) = 771.4863 res=false
*==== INFO ====*  stream_id=2031996 latency=0.444361 ms (tx_ts=83710592849881, rx_ts=83710593294242) request_id=2635188 zil_blk_id=2031996 ccf_commit_seqno=2635188 nstreams_done_=508000 config.nstreams=1000000 avg_latency=0.5271 ms avg throuhgput (requests/sec) = 771.4482 res=false
*==== INFO ====*  stream_id=2033996 latency=0.490156 ms (tx_ts=83711312535808, rx_ts=83711313025964) request_id=2636821 zil_blk_id=2033996 ccf_commit_seqno=2636821 nstreams_done_=508500 config.nstreams=1000000 avg_latency=0.5271 ms avg throuhgput (requests/sec) = 771.3645 res=false
*==== INFO ====*  stream_id=2035996 latency=0.481059 ms (tx_ts=83712005980799, rx_ts=83712006461858) request_id=2638433 zil_blk_id=2035996 ccf_commit_seqno=2638433 nstreams_done_=509000 config.nstreams=1000000 avg_latency=0.5271 ms avg throuhgput (requests/sec) = 771.3116 res=false
*==== INFO ====*  stream_id=2037996 latency=0.486690 ms (tx_ts=83712688078477, rx_ts=83712688565167) request_id=2640034 zil_blk_id=2037996 ccf_commit_seqno=2640034 nstreams_done_=509500 config.nstreams=1000000 avg_latency=0.5271 ms avg throuhgput (requests/sec) = 771.2721 res=false
*==== INFO ====*  stream_id=2039996 latency=0.629087 ms (tx_ts=83713399334585, rx_ts=83713399963672) request_id=2641691 zil_blk_id=2039996 ccf_commit_seqno=2641691 nstreams_done_=510000 config.nstreams=1000000 avg_latency=0.5271 ms avg throuhgput (requests/sec) = 771.1984 res=false
*==== INFO ====*  stream_id=2041996 latency=0.480549 ms (tx_ts=83714066354708, rx_ts=83714066835257) request_id=2643268 zil_blk_id=2041996 ccf_commit_seqno=2643268 nstreams_done_=510500 config.nstreams=1000000 avg_latency=0.5270 ms avg throuhgput (requests/sec) = 771.1769 res=false
*==== INFO ====*  stream_id=2043996 latency=0.473345 ms (tx_ts=83714762975687, rx_ts=83714763449032) request_id=2644906 zil_blk_id=2043996 ccf_commit_seqno=2644906 nstreams_done_=511000 config.nstreams=1000000 avg_latency=0.5270 ms avg throuhgput (requests/sec) = 771.1207 res=false
*==== INFO ====*  stream_id=2045996 latency=0.514303 ms (tx_ts=83715462053410, rx_ts=83715462567713) request_id=2646481 zil_blk_id=2045996 ccf_commit_seqno=2646481 nstreams_done_=511500 config.nstreams=1000000 avg_latency=0.5270 ms avg throuhgput (requests/sec) = 771.0617 res=false
*==== INFO ====*  stream_id=2047996 latency=0.488625 ms (tx_ts=83716138262729, rx_ts=83716138751354) request_id=2648048 zil_blk_id=2047996 ccf_commit_seqno=2648048 nstreams_done_=512000 config.nstreams=1000000 avg_latency=0.5270 ms avg throuhgput (requests/sec) = 771.0296 res=false
*==== INFO ====*  stream_id=2049996 latency=0.638444 ms (tx_ts=83716827332177, rx_ts=83716827970621) request_id=2649634 zil_blk_id=2049996 ccf_commit_seqno=2649634 nstreams_done_=512500 config.nstreams=1000000 avg_latency=0.5270 ms avg throuhgput (requests/sec) = 770.9823 res=false
*==== INFO ====*  stream_id=2051996 latency=0.470941 ms (tx_ts=83717527380777, rx_ts=83717527851718) request_id=2651249 zil_blk_id=2051996 ccf_commit_seqno=2651249 nstreams_done_=513000 config.nstreams=1000000 avg_latency=0.5270 ms avg throuhgput (requests/sec) = 770.9228 res=false
*==== INFO ====*  stream_id=2053996 latency=0.456815 ms (tx_ts=83718196484369, rx_ts=83718196941184) request_id=2652778 zil_blk_id=2053996 ccf_commit_seqno=2652778 nstreams_done_=513500 config.nstreams=1000000 avg_latency=0.5269 ms avg throuhgput (requests/sec) = 770.8991 res=false
*==== INFO ====*  stream_id=2055996 latency=0.461893 ms (tx_ts=83718899862246, rx_ts=83718900324139) request_id=2654350 zil_blk_id=2055996 ccf_commit_seqno=2654350 nstreams_done_=514000 config.nstreams=1000000 avg_latency=0.5270 ms avg throuhgput (requests/sec) = 770.8357 res=false
*==== INFO ====*  stream_id=2057996 latency=0.473836 ms (tx_ts=83719604663469, rx_ts=83719605137305) request_id=2655895 zil_blk_id=2057996 ccf_commit_seqno=2655895 nstreams_done_=514500 config.nstreams=1000000 avg_latency=0.5270 ms avg throuhgput (requests/sec) = 770.7709 res=false
*==== INFO ====*  stream_id=2059996 latency=0.434493 ms (tx_ts=83720259746182, rx_ts=83720260180675) request_id=2657465 zil_blk_id=2059996 ccf_commit_seqno=2657465 nstreams_done_=515000 config.nstreams=1000000 avg_latency=0.5270 ms avg throuhgput (requests/sec) = 770.7635 res=false
*==== INFO ====*  stream_id=2061996 latency=0.457556 ms (tx_ts=83720958033798, rx_ts=83720958491354) request_id=2659085 zil_blk_id=2061996 ccf_commit_seqno=2659085 nstreams_done_=515500 config.nstreams=1000000 avg_latency=0.5270 ms avg throuhgput (requests/sec) = 770.7064 res=false
*==== INFO ====*  stream_id=2063996 latency=0.477594 ms (tx_ts=83721665433869, rx_ts=83721665911463) request_id=2660687 zil_blk_id=2063996 ccf_commit_seqno=2660687 nstreams_done_=516000 config.nstreams=1000000 avg_latency=0.5270 ms avg throuhgput (requests/sec) = 770.6388 res=false
*==== INFO ====*  stream_id=2065996 latency=0.457035 ms (tx_ts=83722343404082, rx_ts=83722343861117) request_id=2662248 zil_blk_id=2065996 ccf_commit_seqno=2662248 nstreams_done_=516500 config.nstreams=1000000 avg_latency=0.5270 ms avg throuhgput (requests/sec) = 770.6053 res=false
*==== INFO ====*  stream_id=2067996 latency=0.448860 ms (tx_ts=83723048312152, rx_ts=83723048761012) request_id=2663838 zil_blk_id=2067996 ccf_commit_seqno=2663838 nstreams_done_=517000 config.nstreams=1000000 avg_latency=0.5271 ms avg throuhgput (requests/sec) = 770.5410 res=false
*==== INFO ====*  stream_id=2069996 latency=0.454570 ms (tx_ts=83723730399249, rx_ts=83723730853819) request_id=2665432 zil_blk_id=2069996 ccf_commit_seqno=2665432 nstreams_done_=517500 config.nstreams=1000000 avg_latency=0.5271 ms avg throuhgput (requests/sec) = 770.5029 res=false
*==== INFO ====*  stream_id=2071996 latency=1.755704 ms (tx_ts=83724392308053, rx_ts=83724394063757) request_id=2667000 zil_blk_id=2071996 ccf_commit_seqno=2667000 nstreams_done_=518000 config.nstreams=1000000 avg_latency=0.5271 ms avg throuhgput (requests/sec) = 770.4865 res=false
*==== INFO ====*  stream_id=2073996 latency=0.456955 ms (tx_ts=83725072018812, rx_ts=83725072475767) request_id=2668559 zil_blk_id=2073996 ccf_commit_seqno=2668559 nstreams_done_=518500 config.nstreams=1000000 avg_latency=0.5270 ms avg throuhgput (requests/sec) = 770.4528 res=false
*==== INFO ====*  stream_id=2075996 latency=0.545501 ms (tx_ts=83725790378276, rx_ts=83725790923777) request_id=2670171 zil_blk_id=2075996 ccf_commit_seqno=2670171 nstreams_done_=519000 config.nstreams=1000000 avg_latency=0.5270 ms avg throuhgput (requests/sec) = 770.3733 res=false
*==== INFO ====*  stream_id=2077996 latency=0.466623 ms (tx_ts=83726472177856, rx_ts=83726472644479) request_id=2671802 zil_blk_id=2077996 ccf_commit_seqno=2671802 nstreams_done_=519500 config.nstreams=1000000 avg_latency=0.5270 ms avg throuhgput (requests/sec) = 770.3360 res=false
*==== INFO ====*  stream_id=2079996 latency=0.539620 ms (tx_ts=83727176997236, rx_ts=83727177536856) request_id=2673449 zil_blk_id=2079996 ccf_commit_seqno=2673449 nstreams_done_=520000 config.nstreams=1000000 avg_latency=0.5270 ms avg throuhgput (requests/sec) = 770.2723 res=false
*==== INFO ====*  stream_id=2081996 latency=0.480228 ms (tx_ts=83727859128988, rx_ts=83727859609216) request_id=2675092 zil_blk_id=2081996 ccf_commit_seqno=2675092 nstreams_done_=520500 config.nstreams=1000000 avg_latency=0.5270 ms avg throuhgput (requests/sec) = 770.2347 res=false
*==== INFO ====*  stream_id=2083996 latency=0.482393 ms (tx_ts=83728542060335, rx_ts=83728542542728) request_id=2676814 zil_blk_id=2083996 ccf_commit_seqno=2676814 nstreams_done_=521000 config.nstreams=1000000 avg_latency=0.5270 ms avg throuhgput (requests/sec) = 770.1962 res=false
*==== INFO ====*  stream_id=2085996 latency=0.483104 ms (tx_ts=83729245512525, rx_ts=83729245995629) request_id=2678467 zil_blk_id=2085996 ccf_commit_seqno=2678467 nstreams_done_=521500 config.nstreams=1000000 avg_latency=0.5270 ms avg throuhgput (requests/sec) = 770.1345 res=false
*==== INFO ====*  stream_id=2087996 latency=0.454821 ms (tx_ts=83729924253414, rx_ts=83729924708235) request_id=2680053 zil_blk_id=2087996 ccf_commit_seqno=2680053 nstreams_done_=522000 config.nstreams=1000000 avg_latency=0.5269 ms avg throuhgput (requests/sec) = 770.1010 res=false
*==== INFO ====*  stream_id=2089996 latency=0.460802 ms (tx_ts=83730618748692, rx_ts=83730619209494) request_id=2681642 zil_blk_id=2089996 ccf_commit_seqno=2681642 nstreams_done_=522500 config.nstreams=1000000 avg_latency=0.5269 ms avg throuhgput (requests/sec) = 770.0497 res=false
*==== INFO ====*  stream_id=2091996 latency=0.492050 ms (tx_ts=83731342879466, rx_ts=83731343371516) request_id=2683250 zil_blk_id=2091996 ccf_commit_seqno=2683250 nstreams_done_=523000 config.nstreams=1000000 avg_latency=0.5269 ms avg throuhgput (requests/sec) = 769.9648 res=false
*==== INFO ====*  stream_id=2093996 latency=0.474387 ms (tx_ts=83732023563929, rx_ts=83732024038316) request_id=2684837 zil_blk_id=2093996 ccf_commit_seqno=2684837 nstreams_done_=523500 config.nstreams=1000000 avg_latency=0.5269 ms avg throuhgput (requests/sec) = 769.9294 res=false
*==== INFO ====*  stream_id=2095996 latency=0.502409 ms (tx_ts=83732729975237, rx_ts=83732730477646) request_id=2686400 zil_blk_id=2095996 ccf_commit_seqno=2686400 nstreams_done_=524000 config.nstreams=1000000 avg_latency=0.5269 ms avg throuhgput (requests/sec) = 769.8649 res=false
*==== INFO ====*  stream_id=2097996 latency=0.471131 ms (tx_ts=83733430956750, rx_ts=83733431427881) request_id=2688010 zil_blk_id=2097996 ccf_commit_seqno=2688010 nstreams_done_=524500 config.nstreams=1000000 avg_latency=0.5269 ms avg throuhgput (requests/sec) = 769.8067 res=false
*==== INFO ====*  stream_id=2099996 latency=0.495066 ms (tx_ts=83734178163685, rx_ts=83734178658751) request_id=2689662 zil_blk_id=2099996 ccf_commit_seqno=2689662 nstreams_done_=525000 config.nstreams=1000000 avg_latency=0.5270 ms avg throuhgput (requests/sec) = 769.6964 res=false
*==== INFO ====*  stream_id=2101996 latency=0.456624 ms (tx_ts=83734895394227, rx_ts=83734895850851) request_id=2691273 zil_blk_id=2101996 ccf_commit_seqno=2691273 nstreams_done_=525500 config.nstreams=1000000 avg_latency=0.5269 ms avg throuhgput (requests/sec) = 769.6202 res=false
*==== INFO ====*  stream_id=2103996 latency=0.499935 ms (tx_ts=83735600298187, rx_ts=83735600798122) request_id=2692873 zil_blk_id=2103996 ccf_commit_seqno=2692873 nstreams_done_=526000 config.nstreams=1000000 avg_latency=0.5269 ms avg throuhgput (requests/sec) = 769.5580 res=false
*==== INFO ====*  stream_id=2105996 latency=0.456100 ms (tx_ts=83736293638493, rx_ts=83736294094593) request_id=2694428 zil_blk_id=2105996 ccf_commit_seqno=2694428 nstreams_done_=526500 config.nstreams=1000000 avg_latency=0.5269 ms avg throuhgput (requests/sec) = 769.5090 res=false
*==== INFO ====*  stream_id=2107996 latency=0.518289 ms (tx_ts=83736984657825, rx_ts=83736985176114) request_id=2695964 zil_blk_id=2107996 ccf_commit_seqno=2695964 nstreams_done_=527000 config.nstreams=1000000 avg_latency=0.5269 ms avg throuhgput (requests/sec) = 769.4626 res=false
*==== INFO ====*  stream_id=2109996 latency=0.532816 ms (tx_ts=83737682655367, rx_ts=83737683188183) request_id=2697534 zil_blk_id=2109996 ccf_commit_seqno=2697534 nstreams_done_=527500 config.nstreams=1000000 avg_latency=0.5269 ms avg throuhgput (requests/sec) = 769.4085 res=false
*==== INFO ====*  stream_id=2111996 latency=0.464328 ms (tx_ts=83738388265182, rx_ts=83738388729510) request_id=2699122 zil_blk_id=2111996 ccf_commit_seqno=2699122 nstreams_done_=528000 config.nstreams=1000000 avg_latency=0.5269 ms avg throuhgput (requests/sec) = 769.3460 res=false
*==== INFO ====*  stream_id=2113996 latency=0.468436 ms (tx_ts=83739050185691, rx_ts=83739050654127) request_id=2700654 zil_blk_id=2113996 ccf_commit_seqno=2700654 nstreams_done_=528500 config.nstreams=1000000 avg_latency=0.5269 ms avg throuhgput (requests/sec) = 769.3326 res=false
*==== INFO ====*  stream_id=2115996 latency=0.506617 ms (tx_ts=83739752261877, rx_ts=83739752768494) request_id=2702221 zil_blk_id=2115996 ccf_commit_seqno=2702221 nstreams_done_=529000 config.nstreams=1000000 avg_latency=0.5269 ms avg throuhgput (requests/sec) = 769.2742 res=false
*==== INFO ====*  stream_id=2117996 latency=0.540290 ms (tx_ts=83740435127976, rx_ts=83740435668266) request_id=2703782 zil_blk_id=2117996 ccf_commit_seqno=2703782 nstreams_done_=529500 config.nstreams=1000000 avg_latency=0.5269 ms avg throuhgput (requests/sec) = 769.2374 res=false
*==== INFO ====*  stream_id=2119996 latency=0.483655 ms (tx_ts=83741133375500, rx_ts=83741133859155) request_id=2705391 zil_blk_id=2119996 ccf_commit_seqno=2705391 nstreams_done_=530000 config.nstreams=1000000 avg_latency=0.5269 ms avg throuhgput (requests/sec) = 769.1836 res=false
*==== INFO ====*  stream_id=2121996 latency=0.480018 ms (tx_ts=83741845544602, rx_ts=83741846024620) request_id=2707016 zil_blk_id=2121996 ccf_commit_seqno=2707016 nstreams_done_=530500 config.nstreams=1000000 avg_latency=0.5269 ms avg throuhgput (requests/sec) = 769.1143 res=false
*==== INFO ====*  stream_id=2123996 latency=0.552233 ms (tx_ts=83742570160690, rx_ts=83742570712923) request_id=2708672 zil_blk_id=2123996 ccf_commit_seqno=2708672 nstreams_done_=531000 config.nstreams=1000000 avg_latency=0.5269 ms avg throuhgput (requests/sec) = 769.0312 res=false
*==== INFO ====*  stream_id=2125996 latency=0.457024 ms (tx_ts=83743319814665, rx_ts=83743320271689) request_id=2710307 zil_blk_id=2125996 ccf_commit_seqno=2710307 nstreams_done_=531500 config.nstreams=1000000 avg_latency=0.5269 ms avg throuhgput (requests/sec) = 768.9206 res=false
*==== INFO ====*  stream_id=2127996 latency=0.518370 ms (tx_ts=83744026966193, rx_ts=83744027484563) request_id=2711910 zil_blk_id=2127996 ccf_commit_seqno=2711910 nstreams_done_=532000 config.nstreams=1000000 avg_latency=0.5269 ms avg throuhgput (requests/sec) = 768.8573 res=false
*==== INFO ====*  stream_id=2129996 latency=0.452155 ms (tx_ts=83744742263430, rx_ts=83744742715585) request_id=2713520 zil_blk_id=2129996 ccf_commit_seqno=2713520 nstreams_done_=532500 config.nstreams=1000000 avg_latency=0.5269 ms avg throuhgput (requests/sec) = 768.7853 res=false
*==== INFO ====*  stream_id=2131996 latency=0.576778 ms (tx_ts=83745432497049, rx_ts=83745433073827) request_id=2715103 zil_blk_id=2131996 ccf_commit_seqno=2715103 nstreams_done_=533000 config.nstreams=1000000 avg_latency=0.5269 ms avg throuhgput (requests/sec) = 768.7409 res=false
*==== INFO ====*  stream_id=2133996 latency=0.478865 ms (tx_ts=83746106283749, rx_ts=83746106762614) request_id=2716644 zil_blk_id=2133996 ccf_commit_seqno=2716644 nstreams_done_=533500 config.nstreams=1000000 avg_latency=0.5269 ms avg throuhgput (requests/sec) = 768.7152 res=false
*==== INFO ====*  stream_id=2135996 latency=0.487762 ms (tx_ts=83746813810665, rx_ts=83746814298427) request_id=2718244 zil_blk_id=2135996 ccf_commit_seqno=2718244 nstreams_done_=534000 config.nstreams=1000000 avg_latency=0.5269 ms avg throuhgput (requests/sec) = 768.6520 res=false
*==== INFO ====*  stream_id=2137996 latency=0.448539 ms (tx_ts=83747502065932, rx_ts=83747502514471) request_id=2719818 zil_blk_id=2137996 ccf_commit_seqno=2719818 nstreams_done_=534500 config.nstreams=1000000 avg_latency=0.5269 ms avg throuhgput (requests/sec) = 768.6103 res=false
*==== INFO ====*  stream_id=2139996 latency=0.452496 ms (tx_ts=83748207753204, rx_ts=83748208205700) request_id=2721475 zil_blk_id=2139996 ccf_commit_seqno=2721475 nstreams_done_=535000 config.nstreams=1000000 avg_latency=0.5269 ms avg throuhgput (requests/sec) = 768.5494 res=false
*==== INFO ====*  stream_id=2141996 latency=0.522687 ms (tx_ts=83748890061218, rx_ts=83748890583905) request_id=2723079 zil_blk_id=2141996 ccf_commit_seqno=2723079 nstreams_done_=535500 config.nstreams=1000000 avg_latency=0.5269 ms avg throuhgput (requests/sec) = 768.5143 res=false
*==== INFO ====*  stream_id=2143996 latency=0.458167 ms (tx_ts=83749550915978, rx_ts=83749551374145) request_id=2724639 zil_blk_id=2143996 ccf_commit_seqno=2724639 nstreams_done_=536000 config.nstreams=1000000 avg_latency=0.5269 ms avg throuhgput (requests/sec) = 768.5031 res=false
*==== INFO ====*  stream_id=2145996 latency=0.444421 ms (tx_ts=83750228267296, rx_ts=83750228711717) request_id=2726201 zil_blk_id=2145996 ccf_commit_seqno=2726201 nstreams_done_=536500 config.nstreams=1000000 avg_latency=0.5268 ms avg throuhgput (requests/sec) = 768.4737 res=false
*==== INFO ====*  stream_id=2147996 latency=0.462696 ms (tx_ts=83750895280933, rx_ts=83750895743629) request_id=2727811 zil_blk_id=2147996 ccf_commit_seqno=2727811 nstreams_done_=537000 config.nstreams=1000000 avg_latency=0.5268 ms avg throuhgput (requests/sec) = 768.4556 res=false
*==== INFO ====*  stream_id=2149996 latency=0.441286 ms (tx_ts=83751664488825, rx_ts=83751664930111) request_id=2729487 zil_blk_id=2149996 ccf_commit_seqno=2729487 nstreams_done_=537500 config.nstreams=1000000 avg_latency=0.5268 ms avg throuhgput (requests/sec) = 768.3254 res=false
*==== INFO ====*  stream_id=2151996 latency=0.474728 ms (tx_ts=83752377364344, rx_ts=83752377839072) request_id=2731106 zil_blk_id=2151996 ccf_commit_seqno=2731106 nstreams_done_=538000 config.nstreams=1000000 avg_latency=0.5268 ms avg throuhgput (requests/sec) = 768.2572 res=false
*==== INFO ====*  stream_id=2153996 latency=0.507379 ms (tx_ts=83753076838325, rx_ts=83753077345704) request_id=2732717 zil_blk_id=2153996 ccf_commit_seqno=2732717 nstreams_done_=538500 config.nstreams=1000000 avg_latency=0.5268 ms avg throuhgput (requests/sec) = 768.2039 res=false
*==== INFO ====*  stream_id=2155996 latency=0.554717 ms (tx_ts=83753776784249, rx_ts=83753777338966) request_id=2734348 zil_blk_id=2155996 ccf_commit_seqno=2734348 nstreams_done_=539000 config.nstreams=1000000 avg_latency=0.5268 ms avg throuhgput (requests/sec) = 768.1501 res=false
*==== INFO ====*  stream_id=2157996 latency=0.500196 ms (tx_ts=83754463589154, rx_ts=83754464089350) request_id=2735961 zil_blk_id=2157996 ccf_commit_seqno=2735961 nstreams_done_=539500 config.nstreams=1000000 avg_latency=0.5268 ms avg throuhgput (requests/sec) = 768.1109 res=false
*==== INFO ====*  stream_id=2159996 latency=0.543276 ms (tx_ts=83755198535392, rx_ts=83755199078668) request_id=2737648 zil_blk_id=2159996 ccf_commit_seqno=2737648 nstreams_done_=540000 config.nstreams=1000000 avg_latency=0.5268 ms avg throuhgput (requests/sec) = 768.0191 res=false
*==== INFO ====*  stream_id=2161996 latency=0.460903 ms (tx_ts=83755871644373, rx_ts=83755872105276) request_id=2739276 zil_blk_id=2161996 ccf_commit_seqno=2739276 nstreams_done_=540500 config.nstreams=1000000 avg_latency=0.5268 ms avg throuhgput (requests/sec) = 767.9951 res=false
*==== INFO ====*  stream_id=2163996 latency=0.461894 ms (tx_ts=83756563265261, rx_ts=83756563727155) request_id=2740978 zil_blk_id=2163996 ccf_commit_seqno=2740978 nstreams_done_=541000 config.nstreams=1000000 avg_latency=0.5268 ms avg throuhgput (requests/sec) = 767.9509 res=false
*==== INFO ====*  stream_id=2165996 latency=0.557263 ms (tx_ts=83757238609258, rx_ts=83757239166521) request_id=2742599 zil_blk_id=2165996 ccf_commit_seqno=2742599 nstreams_done_=541500 config.nstreams=1000000 avg_latency=0.5268 ms avg throuhgput (requests/sec) = 767.9243 res=false
*==== INFO ====*  stream_id=2167996 latency=0.574825 ms (tx_ts=83757935473885, rx_ts=83757936048710) request_id=2744203 zil_blk_id=2167996 ccf_commit_seqno=2744203 nstreams_done_=542000 config.nstreams=1000000 avg_latency=0.5268 ms avg throuhgput (requests/sec) = 767.8745 res=false
*==== INFO ====*  stream_id=2169996 latency=0.467184 ms (tx_ts=83758624989672, rx_ts=83758625456856) request_id=2745790 zil_blk_id=2169996 ccf_commit_seqno=2745790 nstreams_done_=542500 config.nstreams=1000000 avg_latency=0.5267 ms avg throuhgput (requests/sec) = 767.8330 res=false
*==== INFO ====*  stream_id=2171996 latency=0.471342 ms (tx_ts=83759324442210, rx_ts=83759324913552) request_id=2747425 zil_blk_id=2171996 ccf_commit_seqno=2747425 nstreams_done_=543000 config.nstreams=1000000 avg_latency=0.5267 ms avg throuhgput (requests/sec) = 767.7805 res=false
*==== INFO ====*  stream_id=2173996 latency=0.458628 ms (tx_ts=83760019205225, rx_ts=83760019663853) request_id=2749044 zil_blk_id=2173996 ccf_commit_seqno=2749044 nstreams_done_=543500 config.nstreams=1000000 avg_latency=0.5267 ms avg throuhgput (requests/sec) = 767.7333 res=false
*==== INFO ====*  stream_id=2175996 latency=0.502149 ms (tx_ts=83760701023982, rx_ts=83760701526131) request_id=2750679 zil_blk_id=2175996 ccf_commit_seqno=2750680 nstreams_done_=544000 config.nstreams=1000000 avg_latency=0.5267 ms avg throuhgput (requests/sec) = 767.7002 res=false
*==== INFO ====*  stream_id=2177996 latency=0.478384 ms (tx_ts=83761371706203, rx_ts=83761372184587) request_id=2752314 zil_blk_id=2177996 ccf_commit_seqno=2752314 nstreams_done_=544500 config.nstreams=1000000 avg_latency=0.5267 ms avg throuhgput (requests/sec) = 767.6792 res=false
*==== INFO ====*  stream_id=2179996 latency=2.085571 ms (tx_ts=83762045259551, rx_ts=83762047345122) request_id=2753912 zil_blk_id=2179996 ccf_commit_seqno=2753912 nstreams_done_=545000 config.nstreams=1000000 avg_latency=0.5267 ms avg throuhgput (requests/sec) = 767.6535 res=false
*==== INFO ====*  stream_id=2181996 latency=0.546853 ms (tx_ts=83762717596373, rx_ts=83762718143226) request_id=2755491 zil_blk_id=2181996 ccf_commit_seqno=2755491 nstreams_done_=545500 config.nstreams=1000000 avg_latency=0.5266 ms avg throuhgput (requests/sec) = 767.6324 res=false
*==== INFO ====*  stream_id=2183996 latency=0.456764 ms (tx_ts=83763426771506, rx_ts=83763427228270) request_id=2757096 zil_blk_id=2183996 ccf_commit_seqno=2757096 nstreams_done_=546000 config.nstreams=1000000 avg_latency=0.5267 ms avg throuhgput (requests/sec) = 767.5701 res=false
*==== INFO ====*  stream_id=2185996 latency=0.543206 ms (tx_ts=83764148024285, rx_ts=83764148567491) request_id=2758715 zil_blk_id=2185996 ccf_commit_seqno=2758715 nstreams_done_=546500 config.nstreams=1000000 avg_latency=0.5267 ms avg throuhgput (requests/sec) = 767.4947 res=false
*==== INFO ====*  stream_id=2187996 latency=0.477474 ms (tx_ts=83764818191233, rx_ts=83764818668707) request_id=2760269 zil_blk_id=2187996 ccf_commit_seqno=2760269 nstreams_done_=547000 config.nstreams=1000000 avg_latency=0.5267 ms avg throuhgput (requests/sec) = 767.4747 res=false
*==== INFO ====*  stream_id=2189996 latency=0.475489 ms (tx_ts=83765484295467, rx_ts=83765484770956) request_id=2761806 zil_blk_id=2189996 ccf_commit_seqno=2761806 nstreams_done_=547500 config.nstreams=1000000 avg_latency=0.5266 ms avg throuhgput (requests/sec) = 767.4590 res=false
*==== INFO ====*  stream_id=2191996 latency=0.433451 ms (tx_ts=83766189394204, rx_ts=83766189827655) request_id=2763383 zil_blk_id=2191996 ccf_commit_seqno=2763383 nstreams_done_=548000 config.nstreams=1000000 avg_latency=0.5266 ms avg throuhgput (requests/sec) = 767.4014 res=false
*==== INFO ====*  stream_id=2193996 latency=0.479847 ms (tx_ts=83766881548194, rx_ts=83766882028041) request_id=2764947 zil_blk_id=2193996 ccf_commit_seqno=2764947 nstreams_done_=548500 config.nstreams=1000000 avg_latency=0.5266 ms avg throuhgput (requests/sec) = 767.3578 res=false
*==== INFO ====*  stream_id=2195996 latency=0.468697 ms (tx_ts=83767584829599, rx_ts=83767585298296) request_id=2766559 zil_blk_id=2195996 ccf_commit_seqno=2766559 nstreams_done_=549000 config.nstreams=1000000 avg_latency=0.5267 ms avg throuhgput (requests/sec) = 767.3023 res=false
*==== INFO ====*  stream_id=2197996 latency=0.475670 ms (tx_ts=83768249808347, rx_ts=83768250284017) request_id=2768147 zil_blk_id=2197996 ccf_commit_seqno=2768147 nstreams_done_=549500 config.nstreams=1000000 avg_latency=0.5266 ms avg throuhgput (requests/sec) = 767.2880 res=false
*==== INFO ====*  stream_id=2199996 latency=0.477513 ms (tx_ts=83768946371194, rx_ts=83768946848707) request_id=2769731 zil_blk_id=2199996 ccf_commit_seqno=2769731 nstreams_done_=550000 config.nstreams=1000000 avg_latency=0.5266 ms avg throuhgput (requests/sec) = 767.2399 res=false
*==== INFO ====*  stream_id=2201996 latency=0.470320 ms (tx_ts=83769611466738, rx_ts=83769611937058) request_id=2771321 zil_blk_id=2201996 ccf_commit_seqno=2771321 nstreams_done_=550500 config.nstreams=1000000 avg_latency=0.5266 ms avg throuhgput (requests/sec) = 767.2256 res=false
*==== INFO ====*  stream_id=2203996 latency=0.494785 ms (tx_ts=83770306870837, rx_ts=83770307365622) request_id=2772951 zil_blk_id=2203996 ccf_commit_seqno=2772951 nstreams_done_=551000 config.nstreams=1000000 avg_latency=0.5266 ms avg throuhgput (requests/sec) = 767.1789 res=false
*==== INFO ====*  stream_id=2205996 latency=0.594237 ms (tx_ts=83770992565925, rx_ts=83770993160162) request_id=2774548 zil_blk_id=2205996 ccf_commit_seqno=2774548 nstreams_done_=551500 config.nstreams=1000000 avg_latency=0.5266 ms avg throuhgput (requests/sec) = 767.1426 res=false
*==== INFO ====*  stream_id=2207996 latency=0.474288 ms (tx_ts=83771665778716, rx_ts=83771666253004) request_id=2776118 zil_blk_id=2207996 ccf_commit_seqno=2776118 nstreams_done_=552000 config.nstreams=1000000 avg_latency=0.5266 ms avg throuhgput (requests/sec) = 767.1198 res=false
*==== INFO ====*  stream_id=2209996 latency=0.816779 ms (tx_ts=83772347443418, rx_ts=83772348260197) request_id=2777710 zil_blk_id=2209996 ccf_commit_seqno=2777711 nstreams_done_=552500 config.nstreams=1000000 avg_latency=0.5265 ms avg throuhgput (requests/sec) = 767.0876 res=false
*==== INFO ====*  stream_id=2211996 latency=0.470211 ms (tx_ts=83773018825427, rx_ts=83773019295638) request_id=2779277 zil_blk_id=2211996 ccf_commit_seqno=2779277 nstreams_done_=553000 config.nstreams=1000000 avg_latency=0.5265 ms avg throuhgput (requests/sec) = 767.0672 res=false
*==== INFO ====*  stream_id=2213996 latency=0.464870 ms (tx_ts=83773689477260, rx_ts=83773689942130) request_id=2780817 zil_blk_id=2213996 ccf_commit_seqno=2780817 nstreams_done_=553500 config.nstreams=1000000 avg_latency=0.5265 ms avg throuhgput (requests/sec) = 767.0472 res=false
*==== INFO ====*  stream_id=2215996 latency=0.474649 ms (tx_ts=83774363764218, rx_ts=83774364238867) request_id=2782395 zil_blk_id=2215996 ccf_commit_seqno=2782395 nstreams_done_=554000 config.nstreams=1000000 avg_latency=0.5265 ms avg throuhgput (requests/sec) = 767.0233 res=false
*==== INFO ====*  stream_id=2217996 latency=0.479006 ms (tx_ts=83775044400061, rx_ts=83775044879067) request_id=2783979 zil_blk_id=2217996 ccf_commit_seqno=2783979 nstreams_done_=554500 config.nstreams=1000000 avg_latency=0.5265 ms avg throuhgput (requests/sec) = 766.9928 res=false
*==== INFO ====*  stream_id=2219996 latency=0.499314 ms (tx_ts=83775754705635, rx_ts=83775755204949) request_id=2785585 zil_blk_id=2219996 ccf_commit_seqno=2785585 nstreams_done_=555000 config.nstreams=1000000 avg_latency=0.5265 ms avg throuhgput (requests/sec) = 766.9309 res=false
*==== INFO ====*  stream_id=2221996 latency=0.473366 ms (tx_ts=83776481964651, rx_ts=83776482438017) request_id=2787211 zil_blk_id=2221996 ccf_commit_seqno=2787211 nstreams_done_=555500 config.nstreams=1000000 avg_latency=0.5265 ms avg throuhgput (requests/sec) = 766.8512 res=false
*==== INFO ====*  stream_id=2223996 latency=0.498552 ms (tx_ts=83777147339154, rx_ts=83777147837706) request_id=2788816 zil_blk_id=2223996 ccf_commit_seqno=2788816 nstreams_done_=556000 config.nstreams=1000000 avg_latency=0.5265 ms avg throuhgput (requests/sec) = 766.8370 res=false
*==== INFO ====*  stream_id=2225996 latency=0.503011 ms (tx_ts=83777805149746, rx_ts=83777805652757) request_id=2790420 zil_blk_id=2225996 ccf_commit_seqno=2790420 nstreams_done_=556500 config.nstreams=1000000 avg_latency=0.5265 ms avg throuhgput (requests/sec) = 766.8309 res=false
*==== INFO ====*  stream_id=2227996 latency=0.742118 ms (tx_ts=83778490801316, rx_ts=83778491543434) request_id=2792021 zil_blk_id=2227996 ccf_commit_seqno=2792022 nstreams_done_=557000 config.nstreams=1000000 avg_latency=0.5265 ms avg throuhgput (requests/sec) = 766.7952 res=false
*==== INFO ====*  stream_id=2229996 latency=0.485337 ms (tx_ts=83779202946611, rx_ts=83779203431948) request_id=2793640 zil_blk_id=2229996 ccf_commit_seqno=2793640 nstreams_done_=557500 config.nstreams=1000000 avg_latency=0.5265 ms avg throuhgput (requests/sec) = 766.7321 res=false
*==== INFO ====*  stream_id=2231996 latency=0.504003 ms (tx_ts=83779876190315, rx_ts=83779876694318) request_id=2795251 zil_blk_id=2231996 ccf_commit_seqno=2795251 nstreams_done_=558000 config.nstreams=1000000 avg_latency=0.5265 ms avg throuhgput (requests/sec) = 766.7098 res=false
*==== INFO ====*  stream_id=2233996 latency=0.472123 ms (tx_ts=83780551678198, rx_ts=83780552150321) request_id=2796878 zil_blk_id=2233996 ccf_commit_seqno=2796878 nstreams_done_=558500 config.nstreams=1000000 avg_latency=0.5264 ms avg throuhgput (requests/sec) = 766.6853 res=false
*==== INFO ====*  stream_id=2235996 latency=0.504484 ms (tx_ts=83781235291157, rx_ts=83781235795641) request_id=2798454 zil_blk_id=2235996 ccf_commit_seqno=2798454 nstreams_done_=559000 config.nstreams=1000000 avg_latency=0.5264 ms avg throuhgput (requests/sec) = 766.6522 res=false
*==== INFO ====*  stream_id=2237996 latency=0.470700 ms (tx_ts=83781956472072, rx_ts=83781956942772) request_id=2800075 zil_blk_id=2237996 ccf_commit_seqno=2800075 nstreams_done_=559500 config.nstreams=1000000 avg_latency=0.5265 ms avg throuhgput (requests/sec) = 766.5797 res=false
*==== INFO ====*  stream_id=2239996 latency=0.483644 ms (tx_ts=83782646013764, rx_ts=83782646497408) request_id=2801656 zil_blk_id=2239996 ccf_commit_seqno=2801656 nstreams_done_=560000 config.nstreams=1000000 avg_latency=0.5264 ms avg throuhgput (requests/sec) = 766.5406 res=false
*==== INFO ====*  stream_id=2241996 latency=0.675033 ms (tx_ts=83783338285413, rx_ts=83783338960446) request_id=2803250 zil_blk_id=2241996 ccf_commit_seqno=2803250 nstreams_done_=560500 config.nstreams=1000000 avg_latency=0.5265 ms avg throuhgput (requests/sec) = 766.4985 res=false
*==== INFO ====*  stream_id=2243996 latency=0.467154 ms (tx_ts=83784052436596, rx_ts=83784052903750) request_id=2804858 zil_blk_id=2243996 ccf_commit_seqno=2804858 nstreams_done_=561000 config.nstreams=1000000 avg_latency=0.5265 ms avg throuhgput (requests/sec) = 766.4339 res=false
*==== INFO ====*  stream_id=2245996 latency=0.474468 ms (tx_ts=83784736312748, rx_ts=83784736787216) request_id=2806439 zil_blk_id=2245996 ccf_commit_seqno=2806439 nstreams_done_=561500 config.nstreams=1000000 avg_latency=0.5265 ms avg throuhgput (requests/sec) = 766.4010 res=false
*==== INFO ====*  stream_id=2247996 latency=0.508862 ms (tx_ts=83785389321276, rx_ts=83785389830138) request_id=2807990 zil_blk_id=2247996 ccf_commit_seqno=2807990 nstreams_done_=562000 config.nstreams=1000000 avg_latency=0.5265 ms avg throuhgput (requests/sec) = 766.4003 res=false
*==== INFO ====*  stream_id=2249996 latency=0.494566 ms (tx_ts=83786070024201, rx_ts=83786070518767) request_id=2809555 zil_blk_id=2249996 ccf_commit_seqno=2809555 nstreams_done_=562500 config.nstreams=1000000 avg_latency=0.5265 ms avg throuhgput (requests/sec) = 766.3708 res=false
*==== INFO ====*  stream_id=2251996 latency=0.506928 ms (tx_ts=83786718688636, rx_ts=83786719195564) request_id=2811100 zil_blk_id=2251996 ccf_commit_seqno=2811100 nstreams_done_=563000 config.nstreams=1000000 avg_latency=0.5264 ms avg throuhgput (requests/sec) = 766.3747 res=false
*==== INFO ====*  stream_id=2253996 latency=0.524521 ms (tx_ts=83787390351980, rx_ts=83787390876501) request_id=2812698 zil_blk_id=2253996 ccf_commit_seqno=2812698 nstreams_done_=563500 config.nstreams=1000000 avg_latency=0.5264 ms avg throuhgput (requests/sec) = 766.3546 res=false
*==== INFO ====*  stream_id=2255996 latency=0.519091 ms (tx_ts=83788070332911, rx_ts=83788070852002) request_id=2814256 zil_blk_id=2255996 ccf_commit_seqno=2814256 nstreams_done_=564000 config.nstreams=1000000 avg_latency=0.5264 ms avg throuhgput (requests/sec) = 766.3259 res=false
*==== INFO ====*  stream_id=2257996 latency=0.598170 ms (tx_ts=83788747596772, rx_ts=83788748194942) request_id=2815842 zil_blk_id=2257996 ccf_commit_seqno=2815842 nstreams_done_=564500 config.nstreams=1000000 avg_latency=0.5264 ms avg throuhgput (requests/sec) = 766.3000 res=false
*==== INFO ====*  stream_id=2259996 latency=0.462074 ms (tx_ts=83789435437790, rx_ts=83789435899864) request_id=2817453 zil_blk_id=2259996 ccf_commit_seqno=2817453 nstreams_done_=565000 config.nstreams=1000000 avg_latency=0.5264 ms avg throuhgput (requests/sec) = 766.2634 res=false
*==== INFO ====*  stream_id=2261996 latency=0.470159 ms (tx_ts=83790103271464, rx_ts=83790103741623) request_id=2819005 zil_blk_id=2261996 ccf_commit_seqno=2819005 nstreams_done_=565500 config.nstreams=1000000 avg_latency=0.5263 ms avg throuhgput (requests/sec) = 766.2475 res=false
*==== INFO ====*  stream_id=2263996 latency=0.445554 ms (tx_ts=83790772636332, rx_ts=83790773081886) request_id=2820578 zil_blk_id=2263996 ccf_commit_seqno=2820578 nstreams_done_=566000 config.nstreams=1000000 avg_latency=0.5263 ms avg throuhgput (requests/sec) = 766.2301 res=false
*==== INFO ====*  stream_id=2265996 latency=0.506527 ms (tx_ts=83791470255757, rx_ts=83791470762284) request_id=2822186 zil_blk_id=2265996 ccf_commit_seqno=2822186 nstreams_done_=566500 config.nstreams=1000000 avg_latency=0.5263 ms avg throuhgput (requests/sec) = 766.1833 res=false
*==== INFO ====*  stream_id=2267996 latency=0.518190 ms (tx_ts=83792189290564, rx_ts=83792189808754) request_id=2823799 zil_blk_id=2267996 ccf_commit_seqno=2823799 nstreams_done_=567000 config.nstreams=1000000 avg_latency=0.5263 ms avg throuhgput (requests/sec) = 766.1145 res=false
*==== INFO ====*  stream_id=2269996 latency=0.578402 ms (tx_ts=83792918458668, rx_ts=83792919037070) request_id=2825461 zil_blk_id=2269996 ccf_commit_seqno=2825461 nstreams_done_=567500 config.nstreams=1000000 avg_latency=0.5263 ms avg throuhgput (requests/sec) = 766.0353 res=false
*==== INFO ====*  stream_id=2271996 latency=0.457706 ms (tx_ts=83793624254047, rx_ts=83793624711753) request_id=2827058 zil_blk_id=2271996 ccf_commit_seqno=2827059 nstreams_done_=568000 config.nstreams=1000000 avg_latency=0.5263 ms avg throuhgput (requests/sec) = 765.9806 res=false
*==== INFO ====*  stream_id=2273996 latency=0.491890 ms (tx_ts=83794356303156, rx_ts=83794356795046) request_id=2828719 zil_blk_id=2273996 ccf_commit_seqno=2828719 nstreams_done_=568500 config.nstreams=1000000 avg_latency=0.5263 ms avg throuhgput (requests/sec) = 765.8987 res=false
*==== INFO ====*  stream_id=2275996 latency=0.466769 ms (tx_ts=83795055279313, rx_ts=83795055746082) request_id=2830343 zil_blk_id=2275996 ccf_commit_seqno=2830343 nstreams_done_=569000 config.nstreams=1000000 avg_latency=0.5263 ms avg throuhgput (requests/sec) = 765.8512 res=false
*==== INFO ====*  stream_id=2277996 latency=0.483374 ms (tx_ts=83795752190619, rx_ts=83795752673993) request_id=2832008 zil_blk_id=2277996 ccf_commit_seqno=2832008 nstreams_done_=569500 config.nstreams=1000000 avg_latency=0.5263 ms avg throuhgput (requests/sec) = 765.8058 res=false
*==== INFO ====*  stream_id=2279996 latency=0.465119 ms (tx_ts=83796422265012, rx_ts=83796422730131) request_id=2833587 zil_blk_id=2279996 ccf_commit_seqno=2833587 nstreams_done_=570000 config.nstreams=1000000 avg_latency=0.5263 ms avg throuhgput (requests/sec) = 765.7882 res=false
*==== INFO ====*  stream_id=2281996 latency=0.507478 ms (tx_ts=83797084042245, rx_ts=83797084549723) request_id=2835192 zil_blk_id=2281996 ccf_commit_seqno=2835192 nstreams_done_=570500 config.nstreams=1000000 avg_latency=0.5263 ms avg throuhgput (requests/sec) = 765.7790 res=false
*==== INFO ====*  stream_id=2283996 latency=0.459559 ms (tx_ts=83797762272879, rx_ts=83797762732438) request_id=2836763 zil_blk_id=2283996 ccf_commit_seqno=2836763 nstreams_done_=571000 config.nstreams=1000000 avg_latency=0.5263 ms avg throuhgput (requests/sec) = 765.7531 res=false
*==== INFO ====*  stream_id=2285996 latency=0.471521 ms (tx_ts=83798422280785, rx_ts=83798422752306) request_id=2838335 zil_blk_id=2285996 ccf_commit_seqno=2838335 nstreams_done_=571500 config.nstreams=1000000 avg_latency=0.5263 ms avg throuhgput (requests/sec) = 765.7458 res=false
*==== INFO ====*  stream_id=2287996 latency=0.541914 ms (tx_ts=83799074900317, rx_ts=83799075442231) request_id=2839932 zil_blk_id=2287996 ccf_commit_seqno=2839932 nstreams_done_=572000 config.nstreams=1000000 avg_latency=0.5263 ms avg throuhgput (requests/sec) = 765.7461 res=false
*==== INFO ====*  stream_id=2289996 latency=0.522939 ms (tx_ts=83799738861263, rx_ts=83799739384202) request_id=2841509 zil_blk_id=2289996 ccf_commit_seqno=2841509 nstreams_done_=572500 config.nstreams=1000000 avg_latency=0.5263 ms avg throuhgput (requests/sec) = 765.7349 res=false
*==== INFO ====*  stream_id=2291996 latency=0.499294 ms (tx_ts=83800388928388, rx_ts=83800389427682) request_id=2843086 zil_blk_id=2291996 ccf_commit_seqno=2843086 nstreams_done_=573000 config.nstreams=1000000 avg_latency=0.5263 ms avg throuhgput (requests/sec) = 765.7379 res=false
*==== INFO ====*  stream_id=2293996 latency=0.458468 ms (tx_ts=83801055529354, rx_ts=83801055987822) request_id=2844665 zil_blk_id=2293996 ccf_commit_seqno=2844665 nstreams_done_=573500 config.nstreams=1000000 avg_latency=0.5263 ms avg throuhgput (requests/sec) = 765.7240 res=false
*==== INFO ====*  stream_id=2295996 latency=0.499083 ms (tx_ts=83801729537794, rx_ts=83801730036877) request_id=2846258 zil_blk_id=2295996 ccf_commit_seqno=2846258 nstreams_done_=574000 config.nstreams=1000000 avg_latency=0.5263 ms avg throuhgput (requests/sec) = 765.7024 res=false
*==== INFO ====*  stream_id=2297996 latency=0.479838 ms (tx_ts=83802396281371, rx_ts=83802396761209) request_id=2847857 zil_blk_id=2297996 ccf_commit_seqno=2847857 nstreams_done_=574500 config.nstreams=1000000 avg_latency=0.5262 ms avg throuhgput (requests/sec) = 765.6884 res=false
*==== INFO ====*  stream_id=2299996 latency=0.476902 ms (tx_ts=83803052901175, rx_ts=83803053378077) request_id=2849476 zil_blk_id=2299996 ccf_commit_seqno=2849476 nstreams_done_=575000 config.nstreams=1000000 avg_latency=0.5262 ms avg throuhgput (requests/sec) = 765.6847 res=false
*==== INFO ====*  stream_id=2301996 latency=0.517788 ms (tx_ts=83803747983979, rx_ts=83803748501767) request_id=2851067 zil_blk_id=2301996 ccf_commit_seqno=2851067 nstreams_done_=575500 config.nstreams=1000000 avg_latency=0.5262 ms avg throuhgput (requests/sec) = 765.6418 res=false
*==== INFO ====*  stream_id=2303996 latency=0.454149 ms (tx_ts=83804438498243, rx_ts=83804438952392) request_id=2852628 zil_blk_id=2303996 ccf_commit_seqno=2852628 nstreams_done_=576000 config.nstreams=1000000 avg_latency=0.5262 ms avg throuhgput (requests/sec) = 765.6038 res=false
*==== INFO ====*  stream_id=2305996 latency=0.463707 ms (tx_ts=83805166294615, rx_ts=83805166758322) request_id=2854225 zil_blk_id=2305996 ccf_commit_seqno=2854225 nstreams_done_=576500 config.nstreams=1000000 avg_latency=0.5262 ms avg throuhgput (requests/sec) = 765.5278 res=false
*==== INFO ====*  stream_id=2307996 latency=0.456423 ms (tx_ts=83805851977414, rx_ts=83805852433837) request_id=2855786 zil_blk_id=2307996 ccf_commit_seqno=2855786 nstreams_done_=577000 config.nstreams=1000000 avg_latency=0.5262 ms avg throuhgput (requests/sec) = 765.4948 res=false
*==== INFO ====*  stream_id=2309996 latency=0.501308 ms (tx_ts=83806541025847, rx_ts=83806541527155) request_id=2857355 zil_blk_id=2309996 ccf_commit_seqno=2857355 nstreams_done_=577500 config.nstreams=1000000 avg_latency=0.5262 ms avg throuhgput (requests/sec) = 765.4583 res=false
*==== INFO ====*  stream_id=2311996 latency=0.526355 ms (tx_ts=83807217404453, rx_ts=83807217930808) request_id=2858917 zil_blk_id=2311996 ccf_commit_seqno=2858917 nstreams_done_=578000 config.nstreams=1000000 avg_latency=0.5262 ms avg throuhgput (requests/sec) = 765.4348 res=false
*==== INFO ====*  stream_id=2313996 latency=0.477814 ms (tx_ts=83807892985959, rx_ts=83807893463773) request_id=2860463 zil_blk_id=2313996 ccf_commit_seqno=2860463 nstreams_done_=578500 config.nstreams=1000000 avg_latency=0.5261 ms avg throuhgput (requests/sec) = 765.4122 res=false
*==== INFO ====*  stream_id=2315996 latency=0.447597 ms (tx_ts=83808543494126, rx_ts=83808543941723) request_id=2861996 zil_blk_id=2315996 ccf_commit_seqno=2861996 nstreams_done_=579000 config.nstreams=1000000 avg_latency=0.5261 ms avg throuhgput (requests/sec) = 765.4150 res=false
*==== INFO ====*  stream_id=2317996 latency=0.512408 ms (tx_ts=83809212589081, rx_ts=83809213101489) request_id=2863555 zil_blk_id=2317996 ccf_commit_seqno=2863555 nstreams_done_=579500 config.nstreams=1000000 avg_latency=0.5261 ms avg throuhgput (requests/sec) = 765.3989 res=false
*==== INFO ====*  stream_id=2319996 latency=0.443961 ms (tx_ts=83809882169860, rx_ts=83809882613821) request_id=2865199 zil_blk_id=2319996 ccf_commit_seqno=2865199 nstreams_done_=580000 config.nstreams=1000000 avg_latency=0.5261 ms avg throuhgput (requests/sec) = 765.3825 res=false
*==== INFO ====*  stream_id=2321996 latency=0.504945 ms (tx_ts=83810548788230, rx_ts=83810549293175) request_id=2866772 zil_blk_id=2321996 ccf_commit_seqno=2866772 nstreams_done_=580500 config.nstreams=1000000 avg_latency=0.5261 ms avg throuhgput (requests/sec) = 765.3690 res=false
*==== INFO ====*  stream_id=2323996 latency=0.479129 ms (tx_ts=83811274169793, rx_ts=83811274648922) request_id=2868357 zil_blk_id=2323996 ccf_commit_seqno=2868357 nstreams_done_=581000 config.nstreams=1000000 avg_latency=0.5261 ms avg throuhgput (requests/sec) = 765.2963 res=false
*==== INFO ====*  stream_id=2325996 latency=0.462736 ms (tx_ts=83811953678558, rx_ts=83811954141294) request_id=2870022 zil_blk_id=2325996 ccf_commit_seqno=2870022 nstreams_done_=581500 config.nstreams=1000000 avg_latency=0.5261 ms avg throuhgput (requests/sec) = 765.2700 res=false
*==== INFO ====*  stream_id=2327996 latency=0.524372 ms (tx_ts=83812679887456, rx_ts=83812680411828) request_id=2871620 zil_blk_id=2327996 ccf_commit_seqno=2871620 nstreams_done_=582000 config.nstreams=1000000 avg_latency=0.5261 ms avg throuhgput (requests/sec) = 765.1966 res=false
*==== INFO ====*  stream_id=2329996 latency=0.464159 ms (tx_ts=83813345853555, rx_ts=83813346317714) request_id=2873176 zil_blk_id=2329996 ccf_commit_seqno=2873176 nstreams_done_=582500 config.nstreams=1000000 avg_latency=0.5261 ms avg throuhgput (requests/sec) = 765.1841 res=false
*==== INFO ====*  stream_id=2331996 latency=0.474287 ms (tx_ts=83814035033604, rx_ts=83814035507891) request_id=2874753 zil_blk_id=2331996 ccf_commit_seqno=2874753 nstreams_done_=583000 config.nstreams=1000000 avg_latency=0.5261 ms avg throuhgput (requests/sec) = 765.1482 res=false
*==== INFO ====*  stream_id=2333996 latency=0.682557 ms (tx_ts=83814728041006, rx_ts=83814728723563) request_id=2876312 zil_blk_id=2333996 ccf_commit_seqno=2876312 nstreams_done_=583500 config.nstreams=1000000 avg_latency=0.5261 ms avg throuhgput (requests/sec) = 765.1083 res=false
*==== INFO ====*  stream_id=2335996 latency=0.490468 ms (tx_ts=83815368831586, rx_ts=83815369322054) request_id=2877938 zil_blk_id=2335996 ccf_commit_seqno=2877938 nstreams_done_=584000 config.nstreams=1000000 avg_latency=0.5261 ms avg throuhgput (requests/sec) = 765.1212 res=false
*==== INFO ====*  stream_id=2337996 latency=0.459109 ms (tx_ts=83816013625792, rx_ts=83816014084901) request_id=2879517 zil_blk_id=2337996 ccf_commit_seqno=2879517 nstreams_done_=584500 config.nstreams=1000000 avg_latency=0.5260 ms avg throuhgput (requests/sec) = 765.1300 res=false
*==== INFO ====*  stream_id=2339996 latency=0.499765 ms (tx_ts=83816673146528, rx_ts=83816673646293) request_id=2881108 zil_blk_id=2339996 ccf_commit_seqno=2881108 nstreams_done_=585000 config.nstreams=1000000 avg_latency=0.5260 ms avg throuhgput (requests/sec) = 765.1239 res=false
*==== INFO ====*  stream_id=2341996 latency=0.567682 ms (tx_ts=83817351483723, rx_ts=83817352051405) request_id=2882725 zil_blk_id=2341996 ccf_commit_seqno=2882725 nstreams_done_=585500 config.nstreams=1000000 avg_latency=0.5260 ms avg throuhgput (requests/sec) = 765.0990 res=false
*==== INFO ====*  stream_id=2343996 latency=0.483895 ms (tx_ts=83818030677727, rx_ts=83818031161622) request_id=2884373 zil_blk_id=2343996 ccf_commit_seqno=2884373 nstreams_done_=586000 config.nstreams=1000000 avg_latency=0.5260 ms avg throuhgput (requests/sec) = 765.0734 res=false
*==== INFO ====*  stream_id=2345996 latency=0.497962 ms (tx_ts=83818735538958, rx_ts=83818736036920) request_id=2885969 zil_blk_id=2345996 ccf_commit_seqno=2885969 nstreams_done_=586500 config.nstreams=1000000 avg_latency=0.5260 ms avg throuhgput (requests/sec) = 765.0222 res=false
*==== INFO ====*  stream_id=2347996 latency=0.575998 ms (tx_ts=83819431541670, rx_ts=83819432117668) request_id=2887615 zil_blk_id=2347996 ccf_commit_seqno=2887615 nstreams_done_=587000 config.nstreams=1000000 avg_latency=0.5260 ms avg throuhgput (requests/sec) = 764.9798 res=false
*==== INFO ====*  stream_id=2349996 latency=0.472384 ms (tx_ts=83820104270019, rx_ts=83820104742403) request_id=2889202 zil_blk_id=2349996 ccf_commit_seqno=2889202 nstreams_done_=587500 config.nstreams=1000000 avg_latency=0.5260 ms avg throuhgput (requests/sec) = 764.9608 res=false
*==== INFO ====*  stream_id=2351996 latency=0.500968 ms (tx_ts=83820761810608, rx_ts=83820762311576) request_id=2890783 zil_blk_id=2351996 ccf_commit_seqno=2890783 nstreams_done_=588000 config.nstreams=1000000 avg_latency=0.5260 ms avg throuhgput (requests/sec) = 764.9569 res=false
*==== INFO ====*  stream_id=2353996 latency=0.569987 ms (tx_ts=83821471846280, rx_ts=83821472416267) request_id=2892359 zil_blk_id=2353996 ccf_commit_seqno=2892359 nstreams_done_=588500 config.nstreams=1000000 avg_latency=0.5260 ms avg throuhgput (requests/sec) = 764.9008 res=false
*==== INFO ====*  stream_id=2355996 latency=0.479567 ms (tx_ts=83822163987451, rx_ts=83822164467018) request_id=2893950 zil_blk_id=2355996 ccf_commit_seqno=2893950 nstreams_done_=589000 config.nstreams=1000000 avg_latency=0.5260 ms avg throuhgput (requests/sec) = 764.8627 res=false
*==== INFO ====*  stream_id=2357996 latency=0.490628 ms (tx_ts=83822876619791, rx_ts=83822877110419) request_id=2895539 zil_blk_id=2357996 ccf_commit_seqno=2895539 nstreams_done_=589500 config.nstreams=1000000 avg_latency=0.5260 ms avg throuhgput (requests/sec) = 764.8042 res=false
*==== INFO ====*  stream_id=2359996 latency=0.472414 ms (tx_ts=83823604744391, rx_ts=83823605216805) request_id=2897167 zil_blk_id=2359996 ccf_commit_seqno=2897167 nstreams_done_=590000 config.nstreams=1000000 avg_latency=0.5261 ms avg throuhgput (requests/sec) = 764.7305 res=false
*==== INFO ====*  stream_id=2361996 latency=0.452005 ms (tx_ts=83824274187769, rx_ts=83824274639774) request_id=2898756 zil_blk_id=2361996 ccf_commit_seqno=2898756 nstreams_done_=590500 config.nstreams=1000000 avg_latency=0.5261 ms avg throuhgput (requests/sec) = 764.7150 res=false
*==== INFO ====*  stream_id=2363996 latency=0.495367 ms (tx_ts=83824911563484, rx_ts=83824912058851) request_id=2900301 zil_blk_id=2363996 ccf_commit_seqno=2900301 nstreams_done_=591000 config.nstreams=1000000 avg_latency=0.5260 ms avg throuhgput (requests/sec) = 764.7313 res=false
*==== INFO ====*  stream_id=2365996 latency=0.471532 ms (tx_ts=83825551718520, rx_ts=83825552190052) request_id=2901814 zil_blk_id=2365996 ccf_commit_seqno=2901814 nstreams_done_=591500 config.nstreams=1000000 avg_latency=0.5260 ms avg throuhgput (requests/sec) = 764.7448 res=false
*==== INFO ====*  stream_id=2367996 latency=0.448078 ms (tx_ts=83826211298126, rx_ts=83826211746204) request_id=2903390 zil_blk_id=2367996 ccf_commit_seqno=2903390 nstreams_done_=592000 config.nstreams=1000000 avg_latency=0.5260 ms avg throuhgput (requests/sec) = 764.7391 res=false
*==== INFO ====*  stream_id=2369996 latency=0.617906 ms (tx_ts=83826866210491, rx_ts=83826866828397) request_id=2904928 zil_blk_id=2369996 ccf_commit_seqno=2904928 nstreams_done_=592500 config.nstreams=1000000 avg_latency=0.5260 ms avg throuhgput (requests/sec) = 764.7379 res=false
*==== INFO ====*  stream_id=2371996 latency=0.500335 ms (tx_ts=83827529473001, rx_ts=83827529973336) request_id=2906445 zil_blk_id=2371996 ccf_commit_seqno=2906445 nstreams_done_=593000 config.nstreams=1000000 avg_latency=0.5259 ms avg throuhgput (requests/sec) = 764.7287 res=false
*==== INFO ====*  stream_id=2373996 latency=0.471871 ms (tx_ts=83828216953338, rx_ts=83828217425209) request_id=2908047 zil_blk_id=2373996 ccf_commit_seqno=2908047 nstreams_done_=593500 config.nstreams=1000000 avg_latency=0.5259 ms avg throuhgput (requests/sec) = 764.6956 res=false
*==== INFO ====*  stream_id=2375996 latency=0.431417 ms (tx_ts=83828870889579, rx_ts=83828871320996) request_id=2909601 zil_blk_id=2375996 ccf_commit_seqno=2909601 nstreams_done_=594000 config.nstreams=1000000 avg_latency=0.5259 ms avg throuhgput (requests/sec) = 764.6955 res=false
*==== INFO ====*  stream_id=2377996 latency=0.450381 ms (tx_ts=83829509119726, rx_ts=83829509570107) request_id=2911138 zil_blk_id=2377996 ccf_commit_seqno=2911138 nstreams_done_=594500 config.nstreams=1000000 avg_latency=0.5259 ms avg throuhgput (requests/sec) = 764.7109 res=false
*==== INFO ====*  stream_id=2379996 latency=0.513450 ms (tx_ts=83830145765248, rx_ts=83830146278698) request_id=2912666 zil_blk_id=2379996 ccf_commit_seqno=2912666 nstreams_done_=595000 config.nstreams=1000000 avg_latency=0.5259 ms avg throuhgput (requests/sec) = 764.7277 res=false
*==== INFO ====*  stream_id=2381996 latency=0.504081 ms (tx_ts=83830798053248, rx_ts=83830798557329) request_id=2914222 zil_blk_id=2381996 ccf_commit_seqno=2914222 nstreams_done_=595500 config.nstreams=1000000 avg_latency=0.5259 ms avg throuhgput (requests/sec) = 764.7292 res=false
*==== INFO ====*  stream_id=2383996 latency=0.523288 ms (tx_ts=83831478104022, rx_ts=83831478627310) request_id=2915793 zil_blk_id=2383996 ccf_commit_seqno=2915793 nstreams_done_=596000 config.nstreams=1000000 avg_latency=0.5259 ms avg throuhgput (requests/sec) = 764.7035 res=false
*==== INFO ====*  stream_id=2385996 latency=0.495828 ms (tx_ts=83832165214330, rx_ts=83832165710158) request_id=2917366 zil_blk_id=2385996 ccf_commit_seqno=2917366 nstreams_done_=596500 config.nstreams=1000000 avg_latency=0.5259 ms avg throuhgput (requests/sec) = 764.6709 res=false
*==== INFO ====*  stream_id=2387996 latency=0.535271 ms (tx_ts=83832822090637, rx_ts=83832822625908) request_id=2918903 zil_blk_id=2387996 ccf_commit_seqno=2918903 nstreams_done_=597000 config.nstreams=1000000 avg_latency=0.5258 ms avg throuhgput (requests/sec) = 764.6679 res=false
*==== INFO ====*  stream_id=2389996 latency=0.471502 ms (tx_ts=83833488845573, rx_ts=83833489317075) request_id=2920456 zil_blk_id=2389996 ccf_commit_seqno=2920456 nstreams_done_=597500 config.nstreams=1000000 avg_latency=0.5258 ms avg throuhgput (requests/sec) = 764.6554 res=false
*==== INFO ====*  stream_id=2391996 latency=0.476872 ms (tx_ts=83834226514922, rx_ts=83834226991794) request_id=2922078 zil_blk_id=2391996 ccf_commit_seqno=2922078 nstreams_done_=598000 config.nstreams=1000000 avg_latency=0.5258 ms avg throuhgput (requests/sec) = 764.5735 res=false
*==== INFO ====*  stream_id=2393996 latency=0.473235 ms (tx_ts=83834923952513, rx_ts=83834924425748) request_id=2923636 zil_blk_id=2393996 ccf_commit_seqno=2923636 nstreams_done_=598500 config.nstreams=1000000 avg_latency=0.5258 ms avg throuhgput (requests/sec) = 764.5310 res=false
*==== INFO ====*  stream_id=2395996 latency=0.496413 ms (tx_ts=83835608569293, rx_ts=83835609065706) request_id=2925229 zil_blk_id=2395996 ccf_commit_seqno=2925229 nstreams_done_=599000 config.nstreams=1000000 avg_latency=0.5258 ms avg throuhgput (requests/sec) = 764.5011 res=false
*==== INFO ====*  stream_id=2397996 latency=0.486390 ms (tx_ts=83836279882677, rx_ts=83836280369067) request_id=2926912 zil_blk_id=2397996 ccf_commit_seqno=2926912 nstreams_done_=599500 config.nstreams=1000000 avg_latency=0.5258 ms avg throuhgput (requests/sec) = 764.4843 res=false
*==== INFO ====*  stream_id=2399996 latency=0.532667 ms (tx_ts=83837005133849, rx_ts=83837005666516) request_id=2928648 zil_blk_id=2399996 ccf_commit_seqno=2928648 nstreams_done_=600000 config.nstreams=1000000 avg_latency=0.5258 ms avg throuhgput (requests/sec) = 764.4149 res=false
*==== INFO ====*  stream_id=2401996 latency=0.472324 ms (tx_ts=83837695789815, rx_ts=83837696262139) request_id=2930346 zil_blk_id=2401996 ccf_commit_seqno=2930346 nstreams_done_=600500 config.nstreams=1000000 avg_latency=0.5258 ms avg throuhgput (requests/sec) = 764.3793 res=false
*==== INFO ====*  stream_id=2403996 latency=0.486591 ms (tx_ts=83838383203451, rx_ts=83838383690042) request_id=2932063 zil_blk_id=2403996 ccf_commit_seqno=2932063 nstreams_done_=601000 config.nstreams=1000000 avg_latency=0.5258 ms avg throuhgput (requests/sec) = 764.3470 res=false
*==== INFO ====*  stream_id=2405996 latency=0.481020 ms (tx_ts=83839087694477, rx_ts=83839088175497) request_id=2933779 zil_blk_id=2405996 ccf_commit_seqno=2933779 nstreams_done_=601500 config.nstreams=1000000 avg_latency=0.5258 ms avg throuhgput (requests/sec) = 764.2981 res=false
*==== INFO ====*  stream_id=2407996 latency=0.470731 ms (tx_ts=83839751041637, rx_ts=83839751512368) request_id=2935435 zil_blk_id=2407996 ccf_commit_seqno=2935435 nstreams_done_=602000 config.nstreams=1000000 avg_latency=0.5258 ms avg throuhgput (requests/sec) = 764.2892 res=false
*==== INFO ====*  stream_id=2409996 latency=0.521235 ms (tx_ts=83840418283839, rx_ts=83840418805074) request_id=2937080 zil_blk_id=2409996 ccf_commit_seqno=2937080 nstreams_done_=602500 config.nstreams=1000000 avg_latency=0.5258 ms avg throuhgput (requests/sec) = 764.2765 res=false
*==== INFO ====*  stream_id=2411996 latency=0.469328 ms (tx_ts=83841100473279, rx_ts=83841100942607) request_id=2938665 zil_blk_id=2411996 ccf_commit_seqno=2938665 nstreams_done_=603000 config.nstreams=1000000 avg_latency=0.5258 ms avg throuhgput (requests/sec) = 764.2495 res=false
*==== INFO ====*  stream_id=2413996 latency=1.358231 ms (tx_ts=83841808396111, rx_ts=83841809754342) request_id=2940243 zil_blk_id=2413996 ccf_commit_seqno=2940243 nstreams_done_=603500 config.nstreams=1000000 avg_latency=0.5258 ms avg throuhgput (requests/sec) = 764.1967 res=false
*==== INFO ====*  stream_id=2415996 latency=0.469839 ms (tx_ts=83842477650682, rx_ts=83842478120521) request_id=2941784 zil_blk_id=2415996 ccf_commit_seqno=2941784 nstreams_done_=604000 config.nstreams=1000000 avg_latency=0.5258 ms avg throuhgput (requests/sec) = 764.1830 res=false
*==== INFO ====*  stream_id=2417996 latency=0.487963 ms (tx_ts=83843189629093, rx_ts=83843190117056) request_id=2943369 zil_blk_id=2417996 ccf_commit_seqno=2943369 nstreams_done_=604500 config.nstreams=1000000 avg_latency=0.5258 ms avg throuhgput (requests/sec) = 764.1273 res=false
*==== INFO ====*  stream_id=2419996 latency=0.472213 ms (tx_ts=83843872053935, rx_ts=83843872526148) request_id=2944908 zil_blk_id=2419996 ccf_commit_seqno=2944908 nstreams_done_=605000 config.nstreams=1000000 avg_latency=0.5258 ms avg throuhgput (requests/sec) = 764.1002 res=false
*==== INFO ====*  stream_id=2421996 latency=0.513811 ms (tx_ts=83844559470474, rx_ts=83844559984285) request_id=2946487 zil_blk_id=2421996 ccf_commit_seqno=2946487 nstreams_done_=605500 config.nstreams=1000000 avg_latency=0.5258 ms avg throuhgput (requests/sec) = 764.0683 res=false
*==== INFO ====*  stream_id=2423996 latency=0.445774 ms (tx_ts=83845225840002, rx_ts=83845226285776) request_id=2948071 zil_blk_id=2423996 ccf_commit_seqno=2948071 nstreams_done_=606000 config.nstreams=1000000 avg_latency=0.5258 ms avg throuhgput (requests/sec) = 764.0568 res=false
*==== INFO ====*  stream_id=2425996 latency=0.486531 ms (tx_ts=83845904678645, rx_ts=83845905165176) request_id=2949626 zil_blk_id=2425996 ccf_commit_seqno=2949626 nstreams_done_=606500 config.nstreams=1000000 avg_latency=0.5258 ms avg throuhgput (requests/sec) = 764.0333 res=false
*==== INFO ====*  stream_id=2427996 latency=0.492161 ms (tx_ts=83846637548758, rx_ts=83846638040919) request_id=2951332 zil_blk_id=2427996 ccf_commit_seqno=2951332 nstreams_done_=607000 config.nstreams=1000000 avg_latency=0.5258 ms avg throuhgput (requests/sec) = 763.9578 res=false
*==== INFO ====*  stream_id=2429996 latency=0.549478 ms (tx_ts=83847337042479, rx_ts=83847337591957) request_id=2953083 zil_blk_id=2429996 ccf_commit_seqno=2953083 nstreams_done_=607500 config.nstreams=1000000 avg_latency=0.5258 ms avg throuhgput (requests/sec) = 763.9145 res=false
*==== INFO ====*  stream_id=2431996 latency=0.506918 ms (tx_ts=83848071476324, rx_ts=83848071983242) request_id=2954878 zil_blk_id=2431996 ccf_commit_seqno=2954879 nstreams_done_=608000 config.nstreams=1000000 avg_latency=0.5258 ms avg throuhgput (requests/sec) = 763.8379 res=false
*==== INFO ====*  stream_id=2433996 latency=0.479474 ms (tx_ts=83848787236744, rx_ts=83848787716218) request_id=2956622 zil_blk_id=2433996 ccf_commit_seqno=2956622 nstreams_done_=608500 config.nstreams=1000000 avg_latency=0.5258 ms avg throuhgput (requests/sec) = 763.7793 res=false
*==== INFO ====*  stream_id=2435996 latency=1.785780 ms (tx_ts=83849544763043, rx_ts=83849546548823) request_id=2958410 zil_blk_id=2435996 ccf_commit_seqno=2958410 nstreams_done_=609000 config.nstreams=1000000 avg_latency=0.5259 ms avg throuhgput (requests/sec) = 763.6795 res=false
*==== INFO ====*  stream_id=2437996 latency=0.511056 ms (tx_ts=83850235735089, rx_ts=83850236246145) request_id=2960127 zil_blk_id=2437996 ccf_commit_seqno=2960127 nstreams_done_=609500 config.nstreams=1000000 avg_latency=0.5259 ms avg throuhgput (requests/sec) = 763.6460 res=false
*==== INFO ====*  stream_id=2439996 latency=0.473686 ms (tx_ts=83850908420197, rx_ts=83850908893883) request_id=2961785 zil_blk_id=2439996 ccf_commit_seqno=2961785 nstreams_done_=610000 config.nstreams=1000000 avg_latency=0.5259 ms avg throuhgput (requests/sec) = 763.6289 res=false
*==== INFO ====*  stream_id=2441996 latency=0.453337 ms (tx_ts=83851610173323, rx_ts=83851610626660) request_id=2963441 zil_blk_id=2441996 ccf_commit_seqno=2963441 nstreams_done_=610500 config.nstreams=1000000 avg_latency=0.5259 ms avg throuhgput (requests/sec) = 763.5841 res=false
*==== INFO ====*  stream_id=2443996 latency=0.476322 ms (tx_ts=83852312972901, rx_ts=83852313449223) request_id=2965110 zil_blk_id=2443996 ccf_commit_seqno=2965110 nstreams_done_=611000 config.nstreams=1000000 avg_latency=0.5259 ms avg throuhgput (requests/sec) = 763.5382 res=false
*==== INFO ====*  stream_id=2445996 latency=0.455191 ms (tx_ts=83852982098862, rx_ts=83852982554053) request_id=2966647 zil_blk_id=2445996 ccf_commit_seqno=2966647 nstreams_done_=611500 config.nstreams=1000000 avg_latency=0.5259 ms avg throuhgput (requests/sec) = 763.5246 res=false
*==== INFO ====*  stream_id=2447996 latency=0.454491 ms (tx_ts=83853692796296, rx_ts=83853693250787) request_id=2968256 zil_blk_id=2447996 ccf_commit_seqno=2968256 nstreams_done_=612000 config.nstreams=1000000 avg_latency=0.5259 ms avg throuhgput (requests/sec) = 763.4715 res=false
*==== INFO ====*  stream_id=2449996 latency=0.483444 ms (tx_ts=83854427213151, rx_ts=83854427696595) request_id=2969905 zil_blk_id=2449996 ccf_commit_seqno=2969905 nstreams_done_=612500 config.nstreams=1000000 avg_latency=0.5259 ms avg throuhgput (requests/sec) = 763.3958 res=false
*==== INFO ====*  stream_id=2451996 latency=0.587960 ms (tx_ts=83855113231019, rx_ts=83855113818979) request_id=2971533 zil_blk_id=2451996 ccf_commit_seqno=2971533 nstreams_done_=613000 config.nstreams=1000000 avg_latency=0.5259 ms avg throuhgput (requests/sec) = 763.3661 res=false
*==== INFO ====*  stream_id=2453996 latency=0.471562 ms (tx_ts=83855804449446, rx_ts=83855804921008) request_id=2973126 zil_blk_id=2453996 ccf_commit_seqno=2973126 nstreams_done_=613500 config.nstreams=1000000 avg_latency=0.5259 ms avg throuhgput (requests/sec) = 763.3319 res=false
*==== INFO ====*  stream_id=2455996 latency=0.523460 ms (tx_ts=83856463738034, rx_ts=83856464261494) request_id=2974716 zil_blk_id=2455996 ccf_commit_seqno=2974716 nstreams_done_=614000 config.nstreams=1000000 avg_latency=0.5259 ms avg throuhgput (requests/sec) = 763.3278 res=false
*==== INFO ====*  stream_id=2457996 latency=0.444411 ms (tx_ts=83857136024493, rx_ts=83857136468904) request_id=2976307 zil_blk_id=2457996 ccf_commit_seqno=2976307 nstreams_done_=614500 config.nstreams=1000000 avg_latency=0.5259 ms avg throuhgput (requests/sec) = 763.3115 res=false
*==== INFO ====*  stream_id=2459996 latency=0.489756 ms (tx_ts=83857804928568, rx_ts=83857805418324) request_id=2977873 zil_blk_id=2459996 ccf_commit_seqno=2977873 nstreams_done_=615000 config.nstreams=1000000 avg_latency=0.5259 ms avg throuhgput (requests/sec) = 763.2983 res=false
*==== INFO ====*  stream_id=2461996 latency=0.471672 ms (tx_ts=83858487919504, rx_ts=83858488391176) request_id=2979462 zil_blk_id=2461996 ccf_commit_seqno=2979462 nstreams_done_=615500 config.nstreams=1000000 avg_latency=0.5259 ms avg throuhgput (requests/sec) = 763.2719 res=false
*==== INFO ====*  stream_id=2463996 latency=0.458086 ms (tx_ts=83859184207234, rx_ts=83859184665320) request_id=2981095 zil_blk_id=2463996 ccf_commit_seqno=2981095 nstreams_done_=616000 config.nstreams=1000000 avg_latency=0.5259 ms avg throuhgput (requests/sec) = 763.2329 res=false
*==== INFO ====*  stream_id=2465996 latency=0.463037 ms (tx_ts=83859899852775, rx_ts=83859900315812) request_id=2982751 zil_blk_id=2465996 ccf_commit_seqno=2982751 nstreams_done_=616500 config.nstreams=1000000 avg_latency=0.5259 ms avg throuhgput (requests/sec) = 763.1757 res=false
*==== INFO ====*  stream_id=2467996 latency=0.436486 ms (tx_ts=83860581312298, rx_ts=83860581748784) request_id=2984318 zil_blk_id=2467996 ccf_commit_seqno=2984318 nstreams_done_=617000 config.nstreams=1000000 avg_latency=0.5259 ms avg throuhgput (requests/sec) = 763.1509 res=false
*==== INFO ====*  stream_id=2469996 latency=0.499635 ms (tx_ts=83861268030969, rx_ts=83861268530604) request_id=2985895 zil_blk_id=2469996 ccf_commit_seqno=2985895 nstreams_done_=617500 config.nstreams=1000000 avg_latency=0.5258 ms avg throuhgput (requests/sec) = 763.1211 res=false
*==== INFO ====*  stream_id=2471996 latency=0.632433 ms (tx_ts=83861941039534, rx_ts=83861941671967) request_id=2987497 zil_blk_id=2471996 ccf_commit_seqno=2987497 nstreams_done_=618000 config.nstreams=1000000 avg_latency=0.5258 ms avg throuhgput (requests/sec) = 763.1042 res=false
*==== INFO ====*  stream_id=2473996 latency=0.505676 ms (tx_ts=83862626646215, rx_ts=83862627151891) request_id=2989065 zil_blk_id=2473996 ccf_commit_seqno=2989065 nstreams_done_=618500 config.nstreams=1000000 avg_latency=0.5258 ms avg throuhgput (requests/sec) = 763.0757 res=false
*==== INFO ====*  stream_id=2475996 latency=0.534179 ms (tx_ts=83863321912438, rx_ts=83863322446617) request_id=2990662 zil_blk_id=2475996 ccf_commit_seqno=2990663 nstreams_done_=619000 config.nstreams=1000000 avg_latency=0.5258 ms avg throuhgput (requests/sec) = 763.0380 res=false
*==== INFO ====*  stream_id=2477996 latency=0.467715 ms (tx_ts=83863986725471, rx_ts=83863987193186) request_id=2992204 zil_blk_id=2477996 ccf_commit_seqno=2992204 nstreams_done_=619500 config.nstreams=1000000 avg_latency=0.5258 ms avg throuhgput (requests/sec) = 763.0291 res=false
*==== INFO ====*  stream_id=2479996 latency=0.471522 ms (tx_ts=83864665466950, rx_ts=83864665938472) request_id=2993725 zil_blk_id=2479996 ccf_commit_seqno=2993725 nstreams_done_=620000 config.nstreams=1000000 avg_latency=0.5257 ms avg throuhgput (requests/sec) = 763.0071 res=false
*==== INFO ====*  stream_id=2481996 latency=0.470511 ms (tx_ts=83865331445855, rx_ts=83865331916366) request_id=2995257 zil_blk_id=2481996 ccf_commit_seqno=2995257 nstreams_done_=620500 config.nstreams=1000000 avg_latency=0.5257 ms avg throuhgput (requests/sec) = 762.9971 res=false
*==== INFO ====*  stream_id=2483996 latency=0.463938 ms (tx_ts=83866038031065, rx_ts=83866038495003) request_id=2996825 zil_blk_id=2483996 ccf_commit_seqno=2996825 nstreams_done_=621000 config.nstreams=1000000 avg_latency=0.5257 ms avg throuhgput (requests/sec) = 762.9490 res=false
*==== INFO ====*  stream_id=2485996 latency=0.463357 ms (tx_ts=83866716804724, rx_ts=83866717268081) request_id=2998416 zil_blk_id=2485996 ccf_commit_seqno=2998416 nstreams_done_=621500 config.nstreams=1000000 avg_latency=0.5257 ms avg throuhgput (requests/sec) = 762.9271 res=false
*==== INFO ====*  stream_id=2487996 latency=0.581287 ms (tx_ts=83867422635167, rx_ts=83867423216454) request_id=3000022 zil_blk_id=2487996 ccf_commit_seqno=3000022 nstreams_done_=622000 config.nstreams=1000000 avg_latency=0.5257 ms avg throuhgput (requests/sec) = 762.8797 res=false
*==== INFO ====*  stream_id=2489996 latency=0.463607 ms (tx_ts=83868091677839, rx_ts=83868092141446) request_id=3001586 zil_blk_id=2489996 ccf_commit_seqno=3001586 nstreams_done_=622500 config.nstreams=1000000 avg_latency=0.5257 ms avg throuhgput (requests/sec) = 762.8671 res=false
*==== INFO ====*  stream_id=2491996 latency=0.579434 ms (tx_ts=83868809274225, rx_ts=83868809853659) request_id=3003204 zil_blk_id=2491996 ccf_commit_seqno=3003204 nstreams_done_=623000 config.nstreams=1000000 avg_latency=0.5257 ms avg throuhgput (requests/sec) = 762.8089 res=false
*==== INFO ====*  stream_id=2493996 latency=1.178414 ms (tx_ts=83869477787998, rx_ts=83869478966412) request_id=3004798 zil_blk_id=2493996 ccf_commit_seqno=3004798 nstreams_done_=623500 config.nstreams=1000000 avg_latency=0.5257 ms avg throuhgput (requests/sec) = 762.7962 res=false
*==== INFO ====*  stream_id=2495996 latency=0.417391 ms (tx_ts=83870169068308, rx_ts=83870169485699) request_id=3006384 zil_blk_id=2495996 ccf_commit_seqno=3006384 nstreams_done_=624000 config.nstreams=1000000 avg_latency=0.5257 ms avg throuhgput (requests/sec) = 762.7635 res=false
*==== INFO ====*  stream_id=2497996 latency=0.462365 ms (tx_ts=83870866413685, rx_ts=83870866876050) request_id=3008010 zil_blk_id=2497996 ccf_commit_seqno=3008011 nstreams_done_=624500 config.nstreams=1000000 avg_latency=0.5257 ms avg throuhgput (requests/sec) = 762.7245 res=false
*==== INFO ====*  stream_id=2499996 latency=0.442738 ms (tx_ts=83871553485523, rx_ts=83871553928261) request_id=3009641 zil_blk_id=2499996 ccf_commit_seqno=3009641 nstreams_done_=625000 config.nstreams=1000000 avg_latency=0.5257 ms avg throuhgput (requests/sec) = 762.6952 res=false
*==== INFO ====*  stream_id=2501996 latency=0.515354 ms (tx_ts=83872247121373, rx_ts=83872247636727) request_id=3011240 zil_blk_id=2501996 ccf_commit_seqno=3011240 nstreams_done_=625500 config.nstreams=1000000 avg_latency=0.5257 ms avg throuhgput (requests/sec) = 762.6597 res=false
*==== INFO ====*  stream_id=2503996 latency=0.464298 ms (tx_ts=83872932769278, rx_ts=83872933233576) request_id=3012808 zil_blk_id=2503996 ccf_commit_seqno=3012808 nstreams_done_=626000 config.nstreams=1000000 avg_latency=0.5257 ms avg throuhgput (requests/sec) = 762.6319 res=false
*==== INFO ====*  stream_id=2505996 latency=0.547524 ms (tx_ts=83873622307279, rx_ts=83873622854803) request_id=3014441 zil_blk_id=2505996 ccf_commit_seqno=3014441 nstreams_done_=626500 config.nstreams=1000000 avg_latency=0.5257 ms avg throuhgput (requests/sec) = 762.6003 res=false
*==== INFO ====*  stream_id=2507996 latency=0.501638 ms (tx_ts=83874288312670, rx_ts=83874288814308) request_id=3016032 zil_blk_id=2507996 ccf_commit_seqno=3016032 nstreams_done_=627000 config.nstreams=1000000 avg_latency=0.5256 ms avg throuhgput (requests/sec) = 762.5907 res=false
*==== INFO ====*  stream_id=2509996 latency=0.455772 ms (tx_ts=83874977323585, rx_ts=83874977779357) request_id=3017671 zil_blk_id=2509996 ccf_commit_seqno=3017671 nstreams_done_=627500 config.nstreams=1000000 avg_latency=0.5257 ms avg throuhgput (requests/sec) = 762.5599 res=false
*==== INFO ====*  stream_id=2511996 latency=0.444121 ms (tx_ts=83875659442066, rx_ts=83875659886187) request_id=3019336 zil_blk_id=2511996 ccf_commit_seqno=3019336 nstreams_done_=628000 config.nstreams=1000000 avg_latency=0.5257 ms avg throuhgput (requests/sec) = 762.5354 res=false
*==== INFO ====*  stream_id=2513996 latency=0.504023 ms (tx_ts=83876321158267, rx_ts=83876321662290) request_id=3021089 zil_blk_id=2513996 ccf_commit_seqno=3021089 nstreams_done_=628500 config.nstreams=1000000 avg_latency=0.5257 ms avg throuhgput (requests/sec) = 762.5298 res=false
*==== INFO ====*  stream_id=2515996 latency=0.471252 ms (tx_ts=83876983570778, rx_ts=83876984042030) request_id=3022795 zil_blk_id=2515996 ccf_commit_seqno=3022795 nstreams_done_=629000 config.nstreams=1000000 avg_latency=0.5257 ms avg throuhgput (requests/sec) = 762.5236 res=false
*==== INFO ====*  stream_id=2517996 latency=0.478415 ms (tx_ts=83877682034961, rx_ts=83877682513376) request_id=3024486 zil_blk_id=2517996 ccf_commit_seqno=3024486 nstreams_done_=629500 config.nstreams=1000000 avg_latency=0.5256 ms avg throuhgput (requests/sec) = 762.4841 res=false
*==== INFO ====*  stream_id=2519996 latency=0.484326 ms (tx_ts=83878382724395, rx_ts=83878383208721) request_id=3026124 zil_blk_id=2519996 ccf_commit_seqno=3026124 nstreams_done_=630000 config.nstreams=1000000 avg_latency=0.5256 ms avg throuhgput (requests/sec) = 762.4427 res=false
*==== INFO ====*  stream_id=2521996 latency=0.435584 ms (tx_ts=83879072967039, rx_ts=83879073402623) request_id=3027766 zil_blk_id=2521996 ccf_commit_seqno=3027766 nstreams_done_=630500 config.nstreams=1000000 avg_latency=0.5256 ms avg throuhgput (requests/sec) = 762.4109 res=false
*==== INFO ====*  stream_id=2523996 latency=0.522889 ms (tx_ts=83879781191997, rx_ts=83879781714886) request_id=3029426 zil_blk_id=2523996 ccf_commit_seqno=3029426 nstreams_done_=631000 config.nstreams=1000000 avg_latency=0.5256 ms avg throuhgput (requests/sec) = 762.3626 res=false
*==== INFO ====*  stream_id=2525996 latency=0.463367 ms (tx_ts=83880439298310, rx_ts=83880439761677) request_id=3030998 zil_blk_id=2525996 ccf_commit_seqno=3030998 nstreams_done_=631500 config.nstreams=1000000 avg_latency=0.5256 ms avg throuhgput (requests/sec) = 762.3606 res=false
*==== INFO ====*  stream_id=2527996 latency=0.469017 ms (tx_ts=83881125895890, rx_ts=83881126364907) request_id=3032608 zil_blk_id=2527996 ccf_commit_seqno=3032608 nstreams_done_=632000 config.nstreams=1000000 avg_latency=0.5256 ms avg throuhgput (requests/sec) = 762.3323 res=false
*==== INFO ====*  stream_id=2529996 latency=0.526164 ms (tx_ts=83881807433245, rx_ts=83881807959409) request_id=3034159 zil_blk_id=2529996 ccf_commit_seqno=3034159 nstreams_done_=632500 config.nstreams=1000000 avg_latency=0.5256 ms avg throuhgput (requests/sec) = 762.3087 res=false
*==== INFO ====*  stream_id=2531996 latency=0.459529 ms (tx_ts=83882461963190, rx_ts=83882462422719) request_id=3035708 zil_blk_id=2531996 ccf_commit_seqno=3035708 nstreams_done_=633000 config.nstreams=1000000 avg_latency=0.5255 ms avg throuhgput (requests/sec) = 762.3100 res=false
*==== INFO ====*  stream_id=2533996 latency=0.515264 ms (tx_ts=83883137338692, rx_ts=83883137853956) request_id=3037292 zil_blk_id=2533996 ccf_commit_seqno=3037292 nstreams_done_=633500 config.nstreams=1000000 avg_latency=0.5255 ms avg throuhgput (requests/sec) = 762.2921 res=false
*==== INFO ====*  stream_id=2535996 latency=0.460712 ms (tx_ts=83883827392523, rx_ts=83883827853235) request_id=3038876 zil_blk_id=2535996 ccf_commit_seqno=3038876 nstreams_done_=634000 config.nstreams=1000000 avg_latency=0.5255 ms avg throuhgput (requests/sec) = 762.2608 res=false
*==== INFO ====*  stream_id=2537996 latency=0.558064 ms (tx_ts=83884502246697, rx_ts=83884502804761) request_id=3040406 zil_blk_id=2537996 ccf_commit_seqno=3040406 nstreams_done_=634500 config.nstreams=1000000 avg_latency=0.5255 ms avg throuhgput (requests/sec) = 762.2434 res=false
*==== INFO ====*  stream_id=2539996 latency=0.460962 ms (tx_ts=83885170322825, rx_ts=83885170783787) request_id=3041968 zil_blk_id=2539996 ccf_commit_seqno=3041968 nstreams_done_=635000 config.nstreams=1000000 avg_latency=0.5255 ms avg throuhgput (requests/sec) = 762.2324 res=false
*==== INFO ====*  stream_id=2541996 latency=0.517648 ms (tx_ts=83885879506289, rx_ts=83885880023937) request_id=3043599 zil_blk_id=2541996 ccf_commit_seqno=3043599 nstreams_done_=635500 config.nstreams=1000000 avg_latency=0.5255 ms avg throuhgput (requests/sec) = 762.1837 res=false
*==== INFO ====*  stream_id=2543996 latency=0.504494 ms (tx_ts=83886566726436, rx_ts=83886567230930) request_id=3045266 zil_blk_id=2543996 ccf_commit_seqno=3045266 nstreams_done_=636000 config.nstreams=1000000 avg_latency=0.5255 ms avg throuhgput (requests/sec) = 762.1552 res=false
*==== INFO ====*  stream_id=2545996 latency=0.477253 ms (tx_ts=83887259198878, rx_ts=83887259676131) request_id=3046901 zil_blk_id=2545996 ccf_commit_seqno=3046901 nstreams_done_=636500 config.nstreams=1000000 avg_latency=0.5255 ms avg throuhgput (requests/sec) = 762.1220 res=false
*==== INFO ====*  stream_id=2547996 latency=0.503388 ms (tx_ts=83887942479282, rx_ts=83887942982670) request_id=3048636 zil_blk_id=2547996 ccf_commit_seqno=3048636 nstreams_done_=637000 config.nstreams=1000000 avg_latency=0.5255 ms avg throuhgput (requests/sec) = 762.0972 res=false
*==== INFO ====*  stream_id=2549996 latency=0.482303 ms (tx_ts=83888624550407, rx_ts=83888625032710) request_id=3050317 zil_blk_id=2549996 ccf_commit_seqno=3050317 nstreams_done_=637500 config.nstreams=1000000 avg_latency=0.5255 ms avg throuhgput (requests/sec) = 762.0735 res=false
*==== INFO ====*  stream_id=2551996 latency=0.459780 ms (tx_ts=83889279048367, rx_ts=83889279508147) request_id=3051872 zil_blk_id=2551996 ccf_commit_seqno=3051872 nstreams_done_=638000 config.nstreams=1000000 avg_latency=0.5255 ms avg throuhgput (requests/sec) = 762.0750 res=false
*==== INFO ====*  stream_id=2553996 latency=0.535161 ms (tx_ts=83889936652698, rx_ts=83889937187859) request_id=3053446 zil_blk_id=2553996 ccf_commit_seqno=3053446 nstreams_done_=638500 config.nstreams=1000000 avg_latency=0.5254 ms avg throuhgput (requests/sec) = 762.0736 res=false
*==== INFO ====*  stream_id=2555996 latency=0.437709 ms (tx_ts=83890612390136, rx_ts=83890612827845) request_id=3055016 zil_blk_id=2555996 ccf_commit_seqno=3055016 nstreams_done_=639000 config.nstreams=1000000 avg_latency=0.5254 ms avg throuhgput (requests/sec) = 762.0558 res=false
*==== INFO ====*  stream_id=2557996 latency=0.449821 ms (tx_ts=83891279148778, rx_ts=83891279598599) request_id=3056597 zil_blk_id=2557996 ccf_commit_seqno=3056597 nstreams_done_=639500 config.nstreams=1000000 avg_latency=0.5254 ms avg throuhgput (requests/sec) = 762.0461 res=false
*==== INFO ====*  stream_id=2559996 latency=0.447698 ms (tx_ts=83891936270688, rx_ts=83891936718386) request_id=3058152 zil_blk_id=2559996 ccf_commit_seqno=3058152 nstreams_done_=640000 config.nstreams=1000000 avg_latency=0.5254 ms avg throuhgput (requests/sec) = 762.0452 res=false
*==== INFO ====*  stream_id=2561996 latency=1.546821 ms (tx_ts=83892602876466, rx_ts=83892604423287) request_id=3059715 zil_blk_id=2561996 ccf_commit_seqno=3059715 nstreams_done_=640500 config.nstreams=1000000 avg_latency=0.5253 ms avg throuhgput (requests/sec) = 762.0347 res=false
*==== INFO ====*  stream_id=2563996 latency=0.476221 ms (tx_ts=83893261761475, rx_ts=83893262237696) request_id=3061312 zil_blk_id=2563996 ccf_commit_seqno=3061312 nstreams_done_=641000 config.nstreams=1000000 avg_latency=0.5253 ms avg throuhgput (requests/sec) = 762.0332 res=false
*==== INFO ====*  stream_id=2565996 latency=0.510865 ms (tx_ts=83893899030599, rx_ts=83893899541464) request_id=3062924 zil_blk_id=2565996 ccf_commit_seqno=3062924 nstreams_done_=641500 config.nstreams=1000000 avg_latency=0.5253 ms avg throuhgput (requests/sec) = 762.0503 res=false
*==== INFO ====*  stream_id=2567996 latency=0.508942 ms (tx_ts=83894586043608, rx_ts=83894586552550) request_id=3064518 zil_blk_id=2567996 ccf_commit_seqno=3064518 nstreams_done_=642000 config.nstreams=1000000 avg_latency=0.5253 ms avg throuhgput (requests/sec) = 762.0223 res=false
*==== INFO ====*  stream_id=2569996 latency=0.470149 ms (tx_ts=83895243121176, rx_ts=83895243591325) request_id=3066061 zil_blk_id=2569996 ccf_commit_seqno=3066061 nstreams_done_=642500 config.nstreams=1000000 avg_latency=0.5253 ms avg throuhgput (requests/sec) = 762.0215 res=false
*==== INFO ====*  stream_id=2571996 latency=0.456264 ms (tx_ts=83895987296606, rx_ts=83895987752870) request_id=3067745 zil_blk_id=2571996 ccf_commit_seqno=3067745 nstreams_done_=643000 config.nstreams=1000000 avg_latency=0.5253 ms avg throuhgput (requests/sec) = 761.9421 res=false
*==== INFO ====*  stream_id=2573996 latency=0.463978 ms (tx_ts=83896691588708, rx_ts=83896692052686) request_id=3069358 zil_blk_id=2573996 ccf_commit_seqno=3069358 nstreams_done_=643500 config.nstreams=1000000 avg_latency=0.5254 ms avg throuhgput (requests/sec) = 761.8987 res=false
*==== INFO ====*  stream_id=2575996 latency=0.539513 ms (tx_ts=83897354481979, rx_ts=83897355021492) request_id=3071041 zil_blk_id=2575996 ccf_commit_seqno=3071041 nstreams_done_=644000 config.nstreams=1000000 avg_latency=0.5254 ms avg throuhgput (requests/sec) = 761.8926 res=false
*==== INFO ====*  stream_id=2577996 latency=0.458317 ms (tx_ts=83898053668396, rx_ts=83898054126713) request_id=3072725 zil_blk_id=2577996 ccf_commit_seqno=3072725 nstreams_done_=644500 config.nstreams=1000000 avg_latency=0.5254 ms avg throuhgput (requests/sec) = 761.8541 res=false
*==== INFO ====*  stream_id=2579996 latency=0.453879 ms (tx_ts=83898780055132, rx_ts=83898780509011) request_id=3074326 zil_blk_id=2579996 ccf_commit_seqno=3074326 nstreams_done_=645000 config.nstreams=1000000 avg_latency=0.5254 ms avg throuhgput (requests/sec) = 761.7910 res=false
*==== INFO ====*  stream_id=2581996 latency=0.495595 ms (tx_ts=83899446801368, rx_ts=83899447296963) request_id=3075891 zil_blk_id=2581996 ccf_commit_seqno=3075891 nstreams_done_=645500 config.nstreams=1000000 avg_latency=0.5254 ms avg throuhgput (requests/sec) = 761.7816 res=false
*==== INFO ====*  stream_id=2583996 latency=0.473094 ms (tx_ts=83900115357145, rx_ts=83900115830239) request_id=3077469 zil_blk_id=2583996 ccf_commit_seqno=3077469 nstreams_done_=646000 config.nstreams=1000000 avg_latency=0.5254 ms avg throuhgput (requests/sec) = 761.7707 res=false
*==== INFO ====*  stream_id=2585996 latency=0.449661 ms (tx_ts=83900766545657, rx_ts=83900766995318) request_id=3079102 zil_blk_id=2585996 ccf_commit_seqno=3079102 nstreams_done_=646500 config.nstreams=1000000 avg_latency=0.5253 ms avg throuhgput (requests/sec) = 761.7753 res=false
*==== INFO ====*  stream_id=2587996 latency=0.476541 ms (tx_ts=83901447722255, rx_ts=83901448198796) request_id=3080721 zil_blk_id=2587996 ccf_commit_seqno=3080721 nstreams_done_=647000 config.nstreams=1000000 avg_latency=0.5253 ms avg throuhgput (requests/sec) = 761.7530 res=false
*==== INFO ====*  stream_id=2589996 latency=0.530421 ms (tx_ts=83902123949567, rx_ts=83902124479988) request_id=3082348 zil_blk_id=2589996 ccf_commit_seqno=3082348 nstreams_done_=647500 config.nstreams=1000000 avg_latency=0.5253 ms avg throuhgput (requests/sec) = 761.7352 res=false
*==== INFO ====*  stream_id=2591996 latency=0.849249 ms (tx_ts=83902810435384, rx_ts=83902811284633) request_id=3083963 zil_blk_id=2591996 ccf_commit_seqno=3083963 nstreams_done_=648000 config.nstreams=1000000 avg_latency=0.5253 ms avg throuhgput (requests/sec) = 761.7080 res=false
*==== INFO ====*  stream_id=2593996 latency=0.480850 ms (tx_ts=83903503894386, rx_ts=83903504375236) request_id=3085591 zil_blk_id=2593996 ccf_commit_seqno=3085591 nstreams_done_=648500 config.nstreams=1000000 avg_latency=0.5253 ms avg throuhgput (requests/sec) = 761.6752 res=false
*==== INFO ====*  stream_id=2595996 latency=0.606655 ms (tx_ts=83904187453426, rx_ts=83904188060081) request_id=3087285 zil_blk_id=2595996 ccf_commit_seqno=3087285 nstreams_done_=649000 config.nstreams=1000000 avg_latency=0.5253 ms avg throuhgput (requests/sec) = 761.6508 res=false
*==== INFO ====*  stream_id=2597996 latency=0.643243 ms (tx_ts=83904921990310, rx_ts=83904922633553) request_id=3089028 zil_blk_id=2597996 ccf_commit_seqno=3089029 nstreams_done_=649500 config.nstreams=1000000 avg_latency=0.5253 ms avg throuhgput (requests/sec) = 761.5811 res=false
*==== INFO ====*  stream_id=2599996 latency=0.486620 ms (tx_ts=83905643044975, rx_ts=83905643531595) request_id=3090728 zil_blk_id=2599996 ccf_commit_seqno=3090728 nstreams_done_=650000 config.nstreams=1000000 avg_latency=0.5253 ms avg throuhgput (requests/sec) = 761.5236 res=false
*==== INFO ====*  stream_id=2601996 latency=0.488444 ms (tx_ts=83906337659686, rx_ts=83906338148130) request_id=3092303 zil_blk_id=2601996 ccf_commit_seqno=3092303 nstreams_done_=650500 config.nstreams=1000000 avg_latency=0.5254 ms avg throuhgput (requests/sec) = 761.4897 res=false
*==== INFO ====*  stream_id=2603996 latency=0.549158 ms (tx_ts=83907029755464, rx_ts=83907030304622) request_id=3093965 zil_blk_id=2603996 ccf_commit_seqno=3093965 nstreams_done_=651000 config.nstreams=1000000 avg_latency=0.5254 ms avg throuhgput (requests/sec) = 761.4581 res=false
*==== INFO ====*  stream_id=2605996 latency=0.458147 ms (tx_ts=83907734923127, rx_ts=83907735381274) request_id=3095567 zil_blk_id=2605996 ccf_commit_seqno=3095567 nstreams_done_=651500 config.nstreams=1000000 avg_latency=0.5254 ms avg throuhgput (requests/sec) = 761.4150 res=false
*==== INFO ====*  stream_id=2607996 latency=0.484907 ms (tx_ts=83908399569367, rx_ts=83908400054274) request_id=3097148 zil_blk_id=2607996 ccf_commit_seqno=3097148 nstreams_done_=652000 config.nstreams=1000000 avg_latency=0.5254 ms avg throuhgput (requests/sec) = 761.4078 res=false
*==== INFO ====*  stream_id=2609996 latency=0.469768 ms (tx_ts=83909048724402, rx_ts=83909049194170) request_id=3098688 zil_blk_id=2609996 ccf_commit_seqno=3098688 nstreams_done_=652500 config.nstreams=1000000 avg_latency=0.5254 ms avg throuhgput (requests/sec) = 761.4145 res=false
*==== INFO ====*  stream_id=2611996 latency=0.494205 ms (tx_ts=83909728201164, rx_ts=83909728695369) request_id=3100265 zil_blk_id=2611996 ccf_commit_seqno=3100265 nstreams_done_=653000 config.nstreams=1000000 avg_latency=0.5254 ms avg throuhgput (requests/sec) = 761.3943 res=false
*==== INFO ====*  stream_id=2613996 latency=0.473586 ms (tx_ts=83910435311621, rx_ts=83910435785207) request_id=3101903 zil_blk_id=2613996 ccf_commit_seqno=3101903 nstreams_done_=653500 config.nstreams=1000000 avg_latency=0.5254 ms avg throuhgput (requests/sec) = 761.3496 res=false
*==== INFO ====*  stream_id=2615996 latency=0.513100 ms (tx_ts=83911156211429, rx_ts=83911156724529) request_id=3103536 zil_blk_id=2615996 ccf_commit_seqno=3103537 nstreams_done_=654000 config.nstreams=1000000 avg_latency=0.5254 ms avg throuhgput (requests/sec) = 761.2927 res=false
*==== INFO ====*  stream_id=2617996 latency=0.477884 ms (tx_ts=83911832243612, rx_ts=83911832721496) request_id=3105112 zil_blk_id=2617996 ccf_commit_seqno=3105113 nstreams_done_=654500 config.nstreams=1000000 avg_latency=0.5254 ms avg throuhgput (requests/sec) = 761.2756 res=false
*==== INFO ====*  stream_id=2619996 latency=0.519292 ms (tx_ts=83912548738401, rx_ts=83912549257693) request_id=3106756 zil_blk_id=2619996 ccf_commit_seqno=3106756 nstreams_done_=655000 config.nstreams=1000000 avg_latency=0.5254 ms avg throuhgput (requests/sec) = 761.2228 res=false
*==== INFO ====*  stream_id=2621996 latency=0.488274 ms (tx_ts=83913245771228, rx_ts=83913246259502) request_id=3108374 zil_blk_id=2621996 ccf_commit_seqno=3108374 nstreams_done_=655500 config.nstreams=1000000 avg_latency=0.5254 ms avg throuhgput (requests/sec) = 761.1873 res=false
*==== INFO ====*  stream_id=2623996 latency=0.532255 ms (tx_ts=83913949367125, rx_ts=83913949899380) request_id=3109943 zil_blk_id=2623996 ccf_commit_seqno=3109943 nstreams_done_=656000 config.nstreams=1000000 avg_latency=0.5254 ms avg throuhgput (requests/sec) = 761.1460 res=false
*==== INFO ====*  stream_id=2625996 latency=0.610703 ms (tx_ts=83914683687294, rx_ts=83914684297997) request_id=3111566 zil_blk_id=2625996 ccf_commit_seqno=3111566 nstreams_done_=656500 config.nstreams=1000000 avg_latency=0.5254 ms avg throuhgput (requests/sec) = 761.0776 res=false
*==== INFO ====*  stream_id=2627996 latency=0.461263 ms (tx_ts=83915367505584, rx_ts=83915367966847) request_id=3113137 zil_blk_id=2627996 ccf_commit_seqno=3113137 nstreams_done_=657000 config.nstreams=1000000 avg_latency=0.5254 ms avg throuhgput (requests/sec) = 761.0541 res=false
*==== INFO ====*  stream_id=2629996 latency=0.513230 ms (tx_ts=83916085233645, rx_ts=83916085746875) request_id=3114747 zil_blk_id=2629996 ccf_commit_seqno=3114747 nstreams_done_=657500 config.nstreams=1000000 avg_latency=0.5254 ms avg throuhgput (requests/sec) = 761.0005 res=false
*==== INFO ====*  stream_id=2631996 latency=0.478485 ms (tx_ts=83916802683419, rx_ts=83916803161904) request_id=3116346 zil_blk_id=2631996 ccf_commit_seqno=3116346 nstreams_done_=658000 config.nstreams=1000000 avg_latency=0.5254 ms avg throuhgput (requests/sec) = 760.9474 res=false
*==== INFO ====*  stream_id=2633996 latency=0.488113 ms (tx_ts=83917497580961, rx_ts=83917498069074) request_id=3117955 zil_blk_id=2633996 ccf_commit_seqno=3117955 nstreams_done_=658500 config.nstreams=1000000 avg_latency=0.5254 ms avg throuhgput (requests/sec) = 760.9141 res=false
*==== INFO ====*  stream_id=2635996 latency=0.497481 ms (tx_ts=83918212544931, rx_ts=83918213042412) request_id=3119572 zil_blk_id=2635996 ccf_commit_seqno=3119572 nstreams_done_=659000 config.nstreams=1000000 avg_latency=0.5254 ms avg throuhgput (requests/sec) = 760.8633 res=false
*==== INFO ====*  stream_id=2637996 latency=0.462535 ms (tx_ts=83918900594364, rx_ts=83918901056899) request_id=3121210 zil_blk_id=2637996 ccf_commit_seqno=3121210 nstreams_done_=659500 config.nstreams=1000000 avg_latency=0.5254 ms avg throuhgput (requests/sec) = 760.8362 res=false
*==== INFO ====*  stream_id=2639996 latency=0.493142 ms (tx_ts=83919674317686, rx_ts=83919674810828) request_id=3122939 zil_blk_id=2639996 ccf_commit_seqno=3122939 nstreams_done_=660000 config.nstreams=1000000 avg_latency=0.5254 ms avg throuhgput (requests/sec) = 760.7339 res=false
*==== INFO ====*  stream_id=2641996 latency=0.470760 ms (tx_ts=83920357341580, rx_ts=83920357812340) request_id=3124563 zil_blk_id=2641996 ccf_commit_seqno=3124563 nstreams_done_=660500 config.nstreams=1000000 avg_latency=0.5254 ms avg throuhgput (requests/sec) = 760.7114 res=false
*==== INFO ====*  stream_id=2643996 latency=0.472624 ms (tx_ts=83921014385748, rx_ts=83921014858372) request_id=3126141 zil_blk_id=2643996 ccf_commit_seqno=3126141 nstreams_done_=661000 config.nstreams=1000000 avg_latency=0.5254 ms avg throuhgput (requests/sec) = 760.7116 res=false
*==== INFO ====*  stream_id=2645996 latency=0.495025 ms (tx_ts=83921709542689, rx_ts=83921710037714) request_id=3127801 zil_blk_id=2645996 ccf_commit_seqno=3127801 nstreams_done_=661500 config.nstreams=1000000 avg_latency=0.5254 ms avg throuhgput (requests/sec) = 760.6784 res=false
*==== INFO ====*  stream_id=2647996 latency=0.520774 ms (tx_ts=83922391031165, rx_ts=83922391551939) request_id=3129371 zil_blk_id=2647996 ccf_commit_seqno=3129371 nstreams_done_=662000 config.nstreams=1000000 avg_latency=0.5254 ms avg throuhgput (requests/sec) = 760.6573 res=false
*==== INFO ====*  stream_id=2649996 latency=0.474137 ms (tx_ts=83923095101008, rx_ts=83923095575145) request_id=3130916 zil_blk_id=2649996 ccf_commit_seqno=3130916 nstreams_done_=662500 config.nstreams=1000000 avg_latency=0.5254 ms avg throuhgput (requests/sec) = 760.6165 res=false
*==== INFO ====*  stream_id=2651996 latency=0.455231 ms (tx_ts=83923825045889, rx_ts=83923825501120) request_id=3132504 zil_blk_id=2651996 ccf_commit_seqno=3132504 nstreams_done_=663000 config.nstreams=1000000 avg_latency=0.5254 ms avg throuhgput (requests/sec) = 760.5532 res=false
*==== INFO ====*  stream_id=2653996 latency=0.531534 ms (tx_ts=83924514578397, rx_ts=83924515109931) request_id=3134118 zil_blk_id=2653996 ccf_commit_seqno=3134118 nstreams_done_=663500 config.nstreams=1000000 avg_latency=0.5254 ms avg throuhgput (requests/sec) = 760.5251 res=false
*==== INFO ====*  stream_id=2655996 latency=0.427613 ms (tx_ts=83925191767639, rx_ts=83925192195252) request_id=3135667 zil_blk_id=2655996 ccf_commit_seqno=3135667 nstreams_done_=664000 config.nstreams=1000000 avg_latency=0.5253 ms avg throuhgput (requests/sec) = 760.5080 res=false
*==== INFO ====*  stream_id=2657996 latency=0.475950 ms (tx_ts=83925863320938, rx_ts=83925863796888) request_id=3137185 zil_blk_id=2657996 ccf_commit_seqno=3137185 nstreams_done_=664500 config.nstreams=1000000 avg_latency=0.5253 ms avg throuhgput (requests/sec) = 760.4957 res=false
*==== INFO ====*  stream_id=2659996 latency=0.452266 ms (tx_ts=83926580086469, rx_ts=83926580538735) request_id=3138754 zil_blk_id=2659996 ccf_commit_seqno=3138755 nstreams_done_=665000 config.nstreams=1000000 avg_latency=0.5253 ms avg throuhgput (requests/sec) = 760.4441 res=false
*==== INFO ====*  stream_id=2661996 latency=0.501207 ms (tx_ts=83927258293886, rx_ts=83927258795093) request_id=3140296 zil_blk_id=2661996 ccf_commit_seqno=3140296 nstreams_done_=665500 config.nstreams=1000000 avg_latency=0.5253 ms avg throuhgput (requests/sec) = 760.4261 res=false
*==== INFO ====*  stream_id=2663996 latency=0.459098 ms (tx_ts=83927968136294, rx_ts=83927968595392) request_id=3141864 zil_blk_id=2663996 ccf_commit_seqno=3141864 nstreams_done_=666000 config.nstreams=1000000 avg_latency=0.5253 ms avg throuhgput (requests/sec) = 760.3807 res=false
*==== INFO ====*  stream_id=2665996 latency=0.505886 ms (tx_ts=83928658632118, rx_ts=83928659138004) request_id=3143407 zil_blk_id=2665996 ccf_commit_seqno=3143407 nstreams_done_=666500 config.nstreams=1000000 avg_latency=0.5253 ms avg throuhgput (requests/sec) = 760.3521 res=false
*==== INFO ====*  stream_id=2667996 latency=0.485778 ms (tx_ts=83929339899976, rx_ts=83929340385754) request_id=3144936 zil_blk_id=2667996 ccf_commit_seqno=3144936 nstreams_done_=667000 config.nstreams=1000000 avg_latency=0.5253 ms avg throuhgput (requests/sec) = 760.3316 res=false
*==== INFO ====*  stream_id=2669996 latency=0.480017 ms (tx_ts=83930023025408, rx_ts=83930023505425) request_id=3146509 zil_blk_id=2669996 ccf_commit_seqno=3146509 nstreams_done_=667500 config.nstreams=1000000 avg_latency=0.5253 ms avg throuhgput (requests/sec) = 760.3095 res=false
*==== INFO ====*  stream_id=2671996 latency=0.456153 ms (tx_ts=83930691139281, rx_ts=83930691595434) request_id=3148086 zil_blk_id=2671996 ccf_commit_seqno=3148086 nstreams_done_=668000 config.nstreams=1000000 avg_latency=0.5252 ms avg throuhgput (requests/sec) = 760.3005 res=false
*==== INFO ====*  stream_id=2673996 latency=0.734624 ms (tx_ts=83931345484996, rx_ts=83931346219620) request_id=3149623 zil_blk_id=2673996 ccf_commit_seqno=3149623 nstreams_done_=668500 config.nstreams=1000000 avg_latency=0.5252 ms avg throuhgput (requests/sec) = 760.3031 res=false
*==== INFO ====*  stream_id=2675996 latency=0.481200 ms (tx_ts=83932036351705, rx_ts=83932036832905) request_id=3151181 zil_blk_id=2675996 ccf_commit_seqno=3151181 nstreams_done_=669000 config.nstreams=1000000 avg_latency=0.5252 ms avg throuhgput (requests/sec) = 760.2746 res=false
*==== INFO ====*  stream_id=2677996 latency=0.496558 ms (tx_ts=83932752268691, rx_ts=83932752765249) request_id=3152750 zil_blk_id=2677996 ccf_commit_seqno=3152750 nstreams_done_=669500 config.nstreams=1000000 avg_latency=0.5252 ms avg throuhgput (requests/sec) = 760.2243 res=false
*==== INFO ====*  stream_id=2679996 latency=0.453478 ms (tx_ts=83933416636324, rx_ts=83933417089802) request_id=3154305 zil_blk_id=2679996 ccf_commit_seqno=3154305 nstreams_done_=670000 config.nstreams=1000000 avg_latency=0.5252 ms avg throuhgput (requests/sec) = 760.2185 res=false
*==== INFO ====*  stream_id=2681996 latency=0.514502 ms (tx_ts=83934127347140, rx_ts=83934127861642) request_id=3155986 zil_blk_id=2681996 ccf_commit_seqno=3155986 nstreams_done_=670500 config.nstreams=1000000 avg_latency=0.5252 ms avg throuhgput (requests/sec) = 760.1728 res=false
*==== INFO ====*  stream_id=2683996 latency=0.472574 ms (tx_ts=83934816307887, rx_ts=83934816780461) request_id=3157543 zil_blk_id=2683996 ccf_commit_seqno=3157543 nstreams_done_=671000 config.nstreams=1000000 avg_latency=0.5252 ms avg throuhgput (requests/sec) = 760.1460 res=false
*==== INFO ====*  stream_id=2685996 latency=0.452427 ms (tx_ts=83935476950794, rx_ts=83935477403221) request_id=3159090 zil_blk_id=2685996 ccf_commit_seqno=3159090 nstreams_done_=671500 config.nstreams=1000000 avg_latency=0.5252 ms avg throuhgput (requests/sec) = 760.1435 res=false
*==== INFO ====*  stream_id=2687996 latency=0.477723 ms (tx_ts=83936165686608, rx_ts=83936166164331) request_id=3160647 zil_blk_id=2687996 ccf_commit_seqno=3160647 nstreams_done_=672000 config.nstreams=1000000 avg_latency=0.5252 ms avg throuhgput (requests/sec) = 760.1169 res=false
*==== INFO ====*  stream_id=2689996 latency=0.464659 ms (tx_ts=83936882922731, rx_ts=83936883387390) request_id=3162195 zil_blk_id=2689996 ccf_commit_seqno=3162195 nstreams_done_=672500 config.nstreams=1000000 avg_latency=0.5252 ms avg throuhgput (requests/sec) = 760.0658 res=false
*==== INFO ====*  stream_id=2691996 latency=0.626592 ms (tx_ts=83937558179325, rx_ts=83937558805917) request_id=3163781 zil_blk_id=2691996 ccf_commit_seqno=3163781 nstreams_done_=673000 config.nstreams=1000000 avg_latency=0.5252 ms avg throuhgput (requests/sec) = 760.0507 res=false
*==== INFO ====*  stream_id=2693996 latency=0.472454 ms (tx_ts=83938240393856, rx_ts=83938240866310) request_id=3165347 zil_blk_id=2693996 ccf_commit_seqno=3165347 nstreams_done_=673500 config.nstreams=1000000 avg_latency=0.5252 ms avg throuhgput (requests/sec) = 760.0299 res=false
*==== INFO ====*  stream_id=2695996 latency=0.538537 ms (tx_ts=83938907915037, rx_ts=83938908453574) request_id=3166908 zil_blk_id=2695996 ccf_commit_seqno=3166908 nstreams_done_=674000 config.nstreams=1000000 avg_latency=0.5251 ms avg throuhgput (requests/sec) = 760.0216 res=false
*==== INFO ====*  stream_id=2697996 latency=1.768527 ms (tx_ts=83939578799189, rx_ts=83939580567716) request_id=3168459 zil_blk_id=2697996 ccf_commit_seqno=3168460 nstreams_done_=674500 config.nstreams=1000000 avg_latency=0.5252 ms avg throuhgput (requests/sec) = 760.0094 res=false
*==== INFO ====*  stream_id=2699996 latency=0.501588 ms (tx_ts=83940255983762, rx_ts=83940256485350) request_id=3170017 zil_blk_id=2699996 ccf_commit_seqno=3170017 nstreams_done_=675000 config.nstreams=1000000 avg_latency=0.5251 ms avg throuhgput (requests/sec) = 759.9940 res=false
*==== INFO ====*  stream_id=2701996 latency=0.457686 ms (tx_ts=83940938249461, rx_ts=83940938707147) request_id=3171624 zil_blk_id=2701996 ccf_commit_seqno=3171624 nstreams_done_=675500 config.nstreams=1000000 avg_latency=0.5251 ms avg throuhgput (requests/sec) = 759.9732 res=false
*==== INFO ====*  stream_id=2703996 latency=0.480339 ms (tx_ts=83941625161774, rx_ts=83941625642113) request_id=3173214 zil_blk_id=2703996 ccf_commit_seqno=3173214 nstreams_done_=676000 config.nstreams=1000000 avg_latency=0.5251 ms avg throuhgput (requests/sec) = 759.9484 res=false
*==== INFO ====*  stream_id=2705996 latency=0.494475 ms (tx_ts=83942308990825, rx_ts=83942309485300) request_id=3174776 zil_blk_id=2705996 ccf_commit_seqno=3174776 nstreams_done_=676500 config.nstreams=1000000 avg_latency=0.5251 ms avg throuhgput (requests/sec) = 759.9263 res=false
*==== INFO ====*  stream_id=2707996 latency=0.472133 ms (tx_ts=83942993911363, rx_ts=83942994383496) request_id=3176299 zil_blk_id=2707996 ccf_commit_seqno=3176299 nstreams_done_=677000 config.nstreams=1000000 avg_latency=0.5251 ms avg throuhgput (requests/sec) = 759.9033 res=false
*==== INFO ====*  stream_id=2709996 latency=0.459579 ms (tx_ts=83943659203250, rx_ts=83943659662829) request_id=3177873 zil_blk_id=2709996 ccf_commit_seqno=3177873 nstreams_done_=677500 config.nstreams=1000000 avg_latency=0.5251 ms avg throuhgput (requests/sec) = 759.8971 res=false
*==== INFO ====*  stream_id=2711996 latency=0.450032 ms (tx_ts=83944346693925, rx_ts=83944347143957) request_id=3179466 zil_blk_id=2711996 ccf_commit_seqno=3179466 nstreams_done_=678000 config.nstreams=1000000 avg_latency=0.5251 ms avg throuhgput (requests/sec) = 759.8720 res=false
*==== INFO ====*  stream_id=2713996 latency=0.466052 ms (tx_ts=83945053260557, rx_ts=83945053726609) request_id=3181051 zil_blk_id=2713996 ccf_commit_seqno=3181051 nstreams_done_=678500 config.nstreams=1000000 avg_latency=0.5252 ms avg throuhgput (requests/sec) = 759.8306 res=false
*==== INFO ====*  stream_id=2715996 latency=0.480669 ms (tx_ts=83945745316090, rx_ts=83945745796759) request_id=3182651 zil_blk_id=2715996 ccf_commit_seqno=3182651 nstreams_done_=679000 config.nstreams=1000000 avg_latency=0.5252 ms avg throuhgput (requests/sec) = 759.8017 res=false
*==== INFO ====*  stream_id=2717996 latency=0.534539 ms (tx_ts=83946448177219, rx_ts=83946448711758) request_id=3184281 zil_blk_id=2717996 ccf_commit_seqno=3184281 nstreams_done_=679500 config.nstreams=1000000 avg_latency=0.5252 ms avg throuhgput (requests/sec) = 759.7636 res=false
*==== INFO ====*  stream_id=2719996 latency=0.519782 ms (tx_ts=83947128451597, rx_ts=83947128971379) request_id=3185858 zil_blk_id=2719996 ccf_commit_seqno=3185858 nstreams_done_=680000 config.nstreams=1000000 avg_latency=0.5252 ms avg throuhgput (requests/sec) = 759.7448 res=false
*==== INFO ====*  stream_id=2721996 latency=0.482142 ms (tx_ts=83947809719306, rx_ts=83947810201448) request_id=3187472 zil_blk_id=2721996 ccf_commit_seqno=3187472 nstreams_done_=680500 config.nstreams=1000000 avg_latency=0.5252 ms avg throuhgput (requests/sec) = 759.7252 res=false
*==== INFO ====*  stream_id=2723996 latency=0.442207 ms (tx_ts=83948472823471, rx_ts=83948473265678) request_id=3189022 zil_blk_id=2723996 ccf_commit_seqno=3189022 nstreams_done_=681000 config.nstreams=1000000 avg_latency=0.5252 ms avg throuhgput (requests/sec) = 759.7210 res=false
*==== INFO ====*  stream_id=2725996 latency=0.781251 ms (tx_ts=83949147749073, rx_ts=83949148530324) request_id=3190570 zil_blk_id=2725996 ccf_commit_seqno=3190570 nstreams_done_=681500 config.nstreams=1000000 avg_latency=0.5252 ms avg throuhgput (requests/sec) = 759.7065 res=false
*==== INFO ====*  stream_id=2727996 latency=0.498562 ms (tx_ts=83949814592763, rx_ts=83949815091325) request_id=3192102 zil_blk_id=2727996 ccf_commit_seqno=3192102 nstreams_done_=682000 config.nstreams=1000000 avg_latency=0.5251 ms avg throuhgput (requests/sec) = 759.6994 res=false
*==== INFO ====*  stream_id=2729996 latency=0.453528 ms (tx_ts=83950486138990, rx_ts=83950486592518) request_id=3193635 zil_blk_id=2729996 ccf_commit_seqno=3193635 nstreams_done_=682500 config.nstreams=1000000 avg_latency=0.5251 ms avg throuhgput (requests/sec) = 759.6881 res=false
*==== INFO ====*  stream_id=2731996 latency=0.501822 ms (tx_ts=83951152460808, rx_ts=83951152962630) request_id=3195219 zil_blk_id=2731996 ccf_commit_seqno=3195219 nstreams_done_=683000 config.nstreams=1000000 avg_latency=0.5251 ms avg throuhgput (requests/sec) = 759.6812 res=false
*==== INFO ====*  stream_id=2733996 latency=0.466612 ms (tx_ts=83951833665426, rx_ts=83951834132038) request_id=3196827 zil_blk_id=2733996 ccf_commit_seqno=3196827 nstreams_done_=683500 config.nstreams=1000000 avg_latency=0.5251 ms avg throuhgput (requests/sec) = 759.6617 res=false
*==== INFO ====*  stream_id=2735996 latency=0.497540 ms (tx_ts=83952504619987, rx_ts=83952505117527) request_id=3198377 zil_blk_id=2735996 ccf_commit_seqno=3198377 nstreams_done_=684000 config.nstreams=1000000 avg_latency=0.5251 ms avg throuhgput (requests/sec) = 759.6509 res=false
*==== INFO ====*  stream_id=2737996 latency=0.553515 ms (tx_ts=83953240980000, rx_ts=83953241533515) request_id=3199983 zil_blk_id=2737996 ccf_commit_seqno=3199983 nstreams_done_=684500 config.nstreams=1000000 avg_latency=0.5251 ms avg throuhgput (requests/sec) = 759.5850 res=false
*==== INFO ====*  stream_id=2739996 latency=0.461002 ms (tx_ts=83953940523923, rx_ts=83953940984925) request_id=3201588 zil_blk_id=2739996 ccf_commit_seqno=3201588 nstreams_done_=685000 config.nstreams=1000000 avg_latency=0.5251 ms avg throuhgput (requests/sec) = 759.5503 res=false
*==== INFO ====*  stream_id=2741996 latency=0.447938 ms (tx_ts=83954610153192, rx_ts=83954610601130) request_id=3203143 zil_blk_id=2741996 ccf_commit_seqno=3203143 nstreams_done_=685500 config.nstreams=1000000 avg_latency=0.5251 ms avg throuhgput (requests/sec) = 759.5408 res=false
*==== INFO ====*  stream_id=2743996 latency=0.478775 ms (tx_ts=83955299521106, rx_ts=83955299999881) request_id=3204714 zil_blk_id=2743996 ccf_commit_seqno=3204714 nstreams_done_=686000 config.nstreams=1000000 avg_latency=0.5250 ms avg throuhgput (requests/sec) = 759.5146 res=false
*==== INFO ====*  stream_id=2745996 latency=0.450481 ms (tx_ts=83955984301889, rx_ts=83955984752370) request_id=3206308 zil_blk_id=2745996 ccf_commit_seqno=3206308 nstreams_done_=686500 config.nstreams=1000000 avg_latency=0.5250 ms avg throuhgput (requests/sec) = 759.4924 res=false
*==== INFO ====*  stream_id=2747996 latency=0.459949 ms (tx_ts=83956683890304, rx_ts=83956684350253) request_id=3207916 zil_blk_id=2747996 ccf_commit_seqno=3207916 nstreams_done_=687000 config.nstreams=1000000 avg_latency=0.5250 ms avg throuhgput (requests/sec) = 759.4578 res=false
*==== INFO ====*  stream_id=2749996 latency=0.529409 ms (tx_ts=83957384456957, rx_ts=83957384986366) request_id=3209517 zil_blk_id=2749996 ccf_commit_seqno=3209517 nstreams_done_=687500 config.nstreams=1000000 avg_latency=0.5250 ms avg throuhgput (requests/sec) = 759.4223 res=false
*==== INFO ====*  stream_id=2751996 latency=0.480818 ms (tx_ts=83958068053449, rx_ts=83958068534267) request_id=3211085 zil_blk_id=2751996 ccf_commit_seqno=3211085 nstreams_done_=688000 config.nstreams=1000000 avg_latency=0.5249 ms avg throuhgput (requests/sec) = 759.4012 res=false
*==== INFO ====*  stream_id=2753996 latency=0.462264 ms (tx_ts=83958755455410, rx_ts=83958755917674) request_id=3212742 zil_blk_id=2753996 ccf_commit_seqno=3212742 nstreams_done_=688500 config.nstreams=1000000 avg_latency=0.5249 ms avg throuhgput (requests/sec) = 759.3769 res=false
*==== INFO ====*  stream_id=2755996 latency=0.485838 ms (tx_ts=83959439111712, rx_ts=83959439597550) request_id=3214339 zil_blk_id=2755996 ccf_commit_seqno=3214339 nstreams_done_=689000 config.nstreams=1000000 avg_latency=0.5249 ms avg throuhgput (requests/sec) = 759.3558 res=false
*==== INFO ====*  stream_id=2757996 latency=0.460762 ms (tx_ts=83960102763315, rx_ts=83960103224077) request_id=3215907 zil_blk_id=2757996 ccf_commit_seqno=3215907 nstreams_done_=689500 config.nstreams=1000000 avg_latency=0.5249 ms avg throuhgput (requests/sec) = 759.3515 res=false
*==== INFO ====*  stream_id=2759996 latency=0.449109 ms (tx_ts=83960802013408, rx_ts=83960802462517) request_id=3217517 zil_blk_id=2759996 ccf_commit_seqno=3217517 nstreams_done_=690000 config.nstreams=1000000 avg_latency=0.5249 ms avg throuhgput (requests/sec) = 759.3174 res=false
*==== INFO ====*  stream_id=2761996 latency=0.592849 ms (tx_ts=83961489513492, rx_ts=83961490106341) request_id=3219127 zil_blk_id=2761996 ccf_commit_seqno=3219127 nstreams_done_=690500 config.nstreams=1000000 avg_latency=0.5249 ms avg throuhgput (requests/sec) = 759.2931 res=false
*==== INFO ====*  stream_id=2763996 latency=0.464459 ms (tx_ts=83962177337031, rx_ts=83962177801490) request_id=3220699 zil_blk_id=2763996 ccf_commit_seqno=3220699 nstreams_done_=691000 config.nstreams=1000000 avg_latency=0.5249 ms avg throuhgput (requests/sec) = 759.2687 res=false
*==== INFO ====*  stream_id=2765996 latency=0.480525 ms (tx_ts=83962976028132, rx_ts=83962976508657) request_id=3222351 zil_blk_id=2765996 ccf_commit_seqno=3222351 nstreams_done_=691500 config.nstreams=1000000 avg_latency=0.5250 ms avg throuhgput (requests/sec) = 759.1519 res=false
*==== INFO ====*  stream_id=2767996 latency=0.484626 ms (tx_ts=83963698806496, rx_ts=83963699291122) request_id=3223986 zil_blk_id=2767996 ccf_commit_seqno=3223986 nstreams_done_=692000 config.nstreams=1000000 avg_latency=0.5250 ms avg throuhgput (requests/sec) = 759.0984 res=false
*==== INFO ====*  stream_id=2769996 latency=0.462485 ms (tx_ts=83964390712985, rx_ts=83964391175470) request_id=3225576 zil_blk_id=2769996 ccf_commit_seqno=3225576 nstreams_done_=692500 config.nstreams=1000000 avg_latency=0.5250 ms avg throuhgput (requests/sec) = 759.0708 res=false
*==== INFO ====*  stream_id=2771996 latency=0.466482 ms (tx_ts=83965068571656, rx_ts=83965069038138) request_id=3227163 zil_blk_id=2771996 ccf_commit_seqno=3227163 nstreams_done_=693000 config.nstreams=1000000 avg_latency=0.5250 ms avg throuhgput (requests/sec) = 759.0549 res=false
*==== INFO ====*  stream_id=2773996 latency=0.467074 ms (tx_ts=83965760841394, rx_ts=83965761308468) request_id=3228750 zil_blk_id=2773996 ccf_commit_seqno=3228750 nstreams_done_=693500 config.nstreams=1000000 avg_latency=0.5250 ms avg throuhgput (requests/sec) = 759.0270 res=false
*==== INFO ====*  stream_id=2775996 latency=0.506067 ms (tx_ts=83966420517112, rx_ts=83966421023179) request_id=3230280 zil_blk_id=2775996 ccf_commit_seqno=3230280 nstreams_done_=694000 config.nstreams=1000000 avg_latency=0.5249 ms avg throuhgput (requests/sec) = 759.0262 res=false
*==== INFO ====*  stream_id=2777996 latency=0.462145 ms (tx_ts=83967096674310, rx_ts=83967097136455) request_id=3231854 zil_blk_id=2777996 ccf_commit_seqno=3231854 nstreams_done_=694500 config.nstreams=1000000 avg_latency=0.5249 ms avg throuhgput (requests/sec) = 759.0118 res=false
*==== INFO ====*  stream_id=2779996 latency=0.471241 ms (tx_ts=83967785457169, rx_ts=83967785928410) request_id=3233432 zil_blk_id=2779996 ccf_commit_seqno=3233432 nstreams_done_=695000 config.nstreams=1000000 avg_latency=0.5249 ms avg throuhgput (requests/sec) = 758.9869 res=false
*==== INFO ====*  stream_id=2781996 latency=0.471351 ms (tx_ts=83968454600264, rx_ts=83968455071615) request_id=3234983 zil_blk_id=2781996 ccf_commit_seqno=3234983 nstreams_done_=695500 config.nstreams=1000000 avg_latency=0.5249 ms avg throuhgput (requests/sec) = 758.9783 res=false
*==== INFO ====*  stream_id=2783996 latency=0.473515 ms (tx_ts=83969114517558, rx_ts=83969114991073) request_id=3236538 zil_blk_id=2783996 ccf_commit_seqno=3236538 nstreams_done_=696000 config.nstreams=1000000 avg_latency=0.5249 ms avg throuhgput (requests/sec) = 758.9773 res=false
*==== INFO ====*  stream_id=2785996 latency=0.478545 ms (tx_ts=83969773824125, rx_ts=83969774302670) request_id=3238094 zil_blk_id=2785996 ccf_commit_seqno=3238094 nstreams_done_=696500 config.nstreams=1000000 avg_latency=0.5249 ms avg throuhgput (requests/sec) = 758.9769 res=false
*==== INFO ====*  stream_id=2787996 latency=0.457335 ms (tx_ts=83970415982903, rx_ts=83970416440238) request_id=3239636 zil_blk_id=2787996 ccf_commit_seqno=3239636 nstreams_done_=697000 config.nstreams=1000000 avg_latency=0.5249 ms avg throuhgput (requests/sec) = 758.9907 res=false
*==== INFO ====*  stream_id=2789996 latency=1.294922 ms (tx_ts=83971089230504, rx_ts=83971090525426) request_id=3241226 zil_blk_id=2789996 ccf_commit_seqno=3241226 nstreams_done_=697500 config.nstreams=1000000 avg_latency=0.5249 ms avg throuhgput (requests/sec) = 758.9780 res=false
*==== INFO ====*  stream_id=2791996 latency=0.469778 ms (tx_ts=83971741266336, rx_ts=83971741736114) request_id=3242778 zil_blk_id=2791996 ccf_commit_seqno=3242778 nstreams_done_=698000 config.nstreams=1000000 avg_latency=0.5248 ms avg throuhgput (requests/sec) = 758.9843 res=false
*==== INFO ====*  stream_id=2793996 latency=0.824302 ms (tx_ts=83972419235434, rx_ts=83972420059736) request_id=3244365 zil_blk_id=2793996 ccf_commit_seqno=3244365 nstreams_done_=698500 config.nstreams=1000000 avg_latency=0.5248 ms avg throuhgput (requests/sec) = 758.9681 res=false
*==== INFO ====*  stream_id=2795996 latency=0.487852 ms (tx_ts=83973086664191, rx_ts=83973087152043) request_id=3245945 zil_blk_id=2795996 ccf_commit_seqno=3245945 nstreams_done_=699000 config.nstreams=1000000 avg_latency=0.5248 ms avg throuhgput (requests/sec) = 758.9613 res=false
*==== INFO ====*  stream_id=2797996 latency=0.449414 ms (tx_ts=83973801803707, rx_ts=83973802253121) request_id=3247656 zil_blk_id=2797996 ccf_commit_seqno=3247656 nstreams_done_=699500 config.nstreams=1000000 avg_latency=0.5248 ms avg throuhgput (requests/sec) = 758.9149 res=false
*==== INFO ====*  stream_id=2799996 latency=0.551371 ms (tx_ts=83974537782554, rx_ts=83974538333925) request_id=3249319 zil_blk_id=2799996 ccf_commit_seqno=3249319 nstreams_done_=700000 config.nstreams=1000000 avg_latency=0.5248 ms avg throuhgput (requests/sec) = 758.8514 res=false
*==== INFO ====*  stream_id=2801996 latency=0.463206 ms (tx_ts=83975225088853, rx_ts=83975225552059) request_id=3250919 zil_blk_id=2801996 ccf_commit_seqno=3250919 nstreams_done_=700500 config.nstreams=1000000 avg_latency=0.5248 ms avg throuhgput (requests/sec) = 758.8281 res=false
*==== INFO ====*  stream_id=2803996 latency=0.425348 ms (tx_ts=83975872249333, rx_ts=83975872674681) request_id=3252468 zil_blk_id=2803996 ccf_commit_seqno=3252468 nstreams_done_=701000 config.nstreams=1000000 avg_latency=0.5248 ms avg throuhgput (requests/sec) = 758.8378 res=false
*==== INFO ====*  stream_id=2805996 latency=0.448518 ms (tx_ts=83976510236889, rx_ts=83976510685407) request_id=3254005 zil_blk_id=2805996 ccf_commit_seqno=3254005 nstreams_done_=701500 config.nstreams=1000000 avg_latency=0.5248 ms avg throuhgput (requests/sec) = 758.8549 res=false
*==== INFO ====*  stream_id=2807996 latency=0.463296 ms (tx_ts=83977203987168, rx_ts=83977204450464) request_id=3255654 zil_blk_id=2807996 ccf_commit_seqno=3255654 nstreams_done_=702000 config.nstreams=1000000 avg_latency=0.5248 ms avg throuhgput (requests/sec) = 758.8263 res=false
*==== INFO ====*  stream_id=2809996 latency=0.454236 ms (tx_ts=83977845082233, rx_ts=83977845536469) request_id=3257256 zil_blk_id=2809996 ccf_commit_seqno=3257256 nstreams_done_=702500 config.nstreams=1000000 avg_latency=0.5248 ms avg throuhgput (requests/sec) = 758.8409 res=false
*==== INFO ====*  stream_id=2811996 latency=0.518480 ms (tx_ts=83978534026178, rx_ts=83978534544658) request_id=3258915 zil_blk_id=2811996 ccf_commit_seqno=3258915 nstreams_done_=703000 config.nstreams=1000000 avg_latency=0.5248 ms avg throuhgput (requests/sec) = 758.8163 res=false
*==== INFO ====*  stream_id=2813996 latency=0.497781 ms (tx_ts=83979179904137, rx_ts=83979180401918) request_id=3260470 zil_blk_id=2813996 ccf_commit_seqno=3260470 nstreams_done_=703500 config.nstreams=1000000 avg_latency=0.5248 ms avg throuhgput (requests/sec) = 758.8270 res=false
*==== INFO ====*  stream_id=2815996 latency=0.542655 ms (tx_ts=83979869285644, rx_ts=83979869828299) request_id=3262041 zil_blk_id=2815996 ccf_commit_seqno=3262041 nstreams_done_=704000 config.nstreams=1000000 avg_latency=0.5248 ms avg throuhgput (requests/sec) = 758.8020 res=false
*==== INFO ====*  stream_id=2817996 latency=0.902107 ms (tx_ts=83980586700119, rx_ts=83980587602226) request_id=3263602 zil_blk_id=2817996 ccf_commit_seqno=3263602 nstreams_done_=704500 config.nstreams=1000000 avg_latency=0.5248 ms avg throuhgput (requests/sec) = 758.7539 res=false
*==== INFO ====*  stream_id=2819996 latency=0.624348 ms (tx_ts=83981394282207, rx_ts=83981394906555) request_id=3265225 zil_blk_id=2819996 ccf_commit_seqno=3265225 nstreams_done_=705000 config.nstreams=1000000 avg_latency=0.5248 ms avg throuhgput (requests/sec) = 758.6328 res=false
*==== INFO ====*  stream_id=2821996 latency=0.539439 ms (tx_ts=83982149844342, rx_ts=83982150383781) request_id=3266849 zil_blk_id=2821996 ccf_commit_seqno=3266849 nstreams_done_=705500 config.nstreams=1000000 avg_latency=0.5248 ms avg throuhgput (requests/sec) = 758.5542 res=false
*==== INFO ====*  stream_id=2823996 latency=0.617285 ms (tx_ts=83982940451669, rx_ts=83982941068954) request_id=3268513 zil_blk_id=2823996 ccf_commit_seqno=3268513 nstreams_done_=706000 config.nstreams=1000000 avg_latency=0.5249 ms avg throuhgput (requests/sec) = 758.4470 res=false
*==== INFO ====*  stream_id=2825996 latency=0.495366 ms (tx_ts=83983659346630, rx_ts=83983659841996) request_id=3270138 zil_blk_id=2825996 ccf_commit_seqno=3270138 nstreams_done_=706500 config.nstreams=1000000 avg_latency=0.5249 ms avg throuhgput (requests/sec) = 758.3985 res=false
*==== INFO ====*  stream_id=2827996 latency=0.474858 ms (tx_ts=83984337566067, rx_ts=83984338040925) request_id=3271701 zil_blk_id=2827996 ccf_commit_seqno=3271701 nstreams_done_=707000 config.nstreams=1000000 avg_latency=0.5249 ms avg throuhgput (requests/sec) = 758.3831 res=false
*==== INFO ====*  stream_id=2829996 latency=0.491479 ms (tx_ts=83985057446579, rx_ts=83985057938058) request_id=3273338 zil_blk_id=2829996 ccf_commit_seqno=3273338 nstreams_done_=707500 config.nstreams=1000000 avg_latency=0.5249 ms avg throuhgput (requests/sec) = 758.3339 res=false
*==== INFO ====*  stream_id=2831996 latency=0.494315 ms (tx_ts=83985769070682, rx_ts=83985769564997) request_id=3275018 zil_blk_id=2831996 ccf_commit_seqno=3275018 nstreams_done_=708000 config.nstreams=1000000 avg_latency=0.5249 ms avg throuhgput (requests/sec) = 758.2914 res=false
*==== INFO ====*  stream_id=2833996 latency=0.443579 ms (tx_ts=83986429275526, rx_ts=83986429719105) request_id=3276675 zil_blk_id=2833996 ccf_commit_seqno=3276675 nstreams_done_=708500 config.nstreams=1000000 avg_latency=0.5249 ms avg throuhgput (requests/sec) = 758.2908 res=false
*==== INFO ====*  stream_id=2835996 latency=0.499334 ms (tx_ts=83987131179621, rx_ts=83987131678955) request_id=3278238 zil_blk_id=2835996 ccf_commit_seqno=3278238 nstreams_done_=709000 config.nstreams=1000000 avg_latency=0.5249 ms avg throuhgput (requests/sec) = 758.2562 res=false
*==== INFO ====*  stream_id=2837996 latency=0.484834 ms (tx_ts=83987799313411, rx_ts=83987799798245) request_id=3279769 zil_blk_id=2837996 ccf_commit_seqno=3279769 nstreams_done_=709500 config.nstreams=1000000 avg_latency=0.5249 ms avg throuhgput (requests/sec) = 758.2492 res=false
*==== INFO ====*  stream_id=2839996 latency=0.639884 ms (tx_ts=83988489226091, rx_ts=83988489865975) request_id=3281350 zil_blk_id=2839996 ccf_commit_seqno=3281350 nstreams_done_=710000 config.nstreams=1000000 avg_latency=0.5248 ms avg throuhgput (requests/sec) = 758.2244 res=false
*==== INFO ====*  stream_id=2841996 latency=0.461272 ms (tx_ts=83989190800417, rx_ts=83989191261689) request_id=3283006 zil_blk_id=2841996 ccf_commit_seqno=3283006 nstreams_done_=710500 config.nstreams=1000000 avg_latency=0.5249 ms avg throuhgput (requests/sec) = 758.1904 res=false
*==== INFO ====*  stream_id=2843996 latency=0.470398 ms (tx_ts=83989876259400, rx_ts=83989876729798) request_id=3284650 zil_blk_id=2843996 ccf_commit_seqno=3284650 nstreams_done_=711000 config.nstreams=1000000 avg_latency=0.5249 ms avg throuhgput (requests/sec) = 758.1694 res=false
*==== INFO ====*  stream_id=2845996 latency=0.512626 ms (tx_ts=83990561754903, rx_ts=83990562267529) request_id=3286228 zil_blk_id=2845996 ccf_commit_seqno=3286228 nstreams_done_=711500 config.nstreams=1000000 avg_latency=0.5249 ms avg throuhgput (requests/sec) = 758.1483 res=false
*==== INFO ====*  stream_id=2847996 latency=0.458036 ms (tx_ts=83991228134968, rx_ts=83991228593004) request_id=3287804 zil_blk_id=2847996 ccf_commit_seqno=3287804 nstreams_done_=712000 config.nstreams=1000000 avg_latency=0.5248 ms avg throuhgput (requests/sec) = 758.1428 res=false
*==== INFO ====*  stream_id=2849996 latency=0.463567 ms (tx_ts=83991906159702, rx_ts=83991906623269) request_id=3289369 zil_blk_id=2849996 ccf_commit_seqno=3289369 nstreams_done_=712500 config.nstreams=1000000 avg_latency=0.5248 ms avg throuhgput (requests/sec) = 758.1279 res=false
*==== INFO ====*  stream_id=2851996 latency=0.503261 ms (tx_ts=83992602418241, rx_ts=83992602921502) request_id=3290967 zil_blk_id=2851996 ccf_commit_seqno=3290967 nstreams_done_=713000 config.nstreams=1000000 avg_latency=0.5248 ms avg throuhgput (requests/sec) = 758.0982 res=false
*==== INFO ====*  stream_id=2853996 latency=0.517157 ms (tx_ts=83993246297980, rx_ts=83993246815137) request_id=3292502 zil_blk_id=2853996 ccf_commit_seqno=3292502 nstreams_done_=713500 config.nstreams=1000000 avg_latency=0.5248 ms avg throuhgput (requests/sec) = 758.1108 res=false
*==== INFO ====*  stream_id=2855996 latency=0.466131 ms (tx_ts=83993899523435, rx_ts=83993899989566) request_id=3294069 zil_blk_id=2855996 ccf_commit_seqno=3294069 nstreams_done_=714000 config.nstreams=1000000 avg_latency=0.5248 ms avg throuhgput (requests/sec) = 758.1160 res=false
*==== INFO ====*  stream_id=2857996 latency=0.492762 ms (tx_ts=83994587284825, rx_ts=83994587777587) request_id=3295654 zil_blk_id=2857996 ccf_commit_seqno=3295654 nstreams_done_=714500 config.nstreams=1000000 avg_latency=0.5248 ms avg throuhgput (requests/sec) = 758.0932 res=false
*==== INFO ====*  stream_id=2859996 latency=0.478004 ms (tx_ts=83995289371730, rx_ts=83995289849734) request_id=3297280 zil_blk_id=2859996 ccf_commit_seqno=3297280 nstreams_done_=715000 config.nstreams=1000000 avg_latency=0.5248 ms avg throuhgput (requests/sec) = 758.0591 res=false
*==== INFO ====*  stream_id=2861996 latency=0.494796 ms (tx_ts=83995998121678, rx_ts=83995998616474) request_id=3298871 zil_blk_id=2861996 ccf_commit_seqno=3298871 nstreams_done_=715500 config.nstreams=1000000 avg_latency=0.5248 ms avg throuhgput (requests/sec) = 758.0196 res=false
*==== INFO ====*  stream_id=2863996 latency=0.532496 ms (tx_ts=83996678536933, rx_ts=83996679069429) request_id=3300456 zil_blk_id=2863996 ccf_commit_seqno=3300456 nstreams_done_=716000 config.nstreams=1000000 avg_latency=0.5248 ms avg throuhgput (requests/sec) = 758.0028 res=false
*==== INFO ====*  stream_id=2865996 latency=0.544238 ms (tx_ts=83997377922060, rx_ts=83997378466298) request_id=3302076 zil_blk_id=2865996 ccf_commit_seqno=3302076 nstreams_done_=716500 config.nstreams=1000000 avg_latency=0.5249 ms avg throuhgput (requests/sec) = 757.9709 res=false
*==== INFO ====*  stream_id=2867996 latency=0.511647 ms (tx_ts=83998084764856, rx_ts=83998085276503) request_id=3303701 zil_blk_id=2867996 ccf_commit_seqno=3303701 nstreams_done_=717000 config.nstreams=1000000 avg_latency=0.5249 ms avg throuhgput (requests/sec) = 757.9332 res=false
*==== INFO ====*  stream_id=2869996 latency=0.465310 ms (tx_ts=83998773309916, rx_ts=83998773775226) request_id=3305287 zil_blk_id=2869996 ccf_commit_seqno=3305287 nstreams_done_=717500 config.nstreams=1000000 avg_latency=0.5249 ms avg throuhgput (requests/sec) = 757.9101 res=false
*==== INFO ====*  stream_id=2871996 latency=0.478766 ms (tx_ts=83999444076752, rx_ts=83999444555518) request_id=3306835 zil_blk_id=2871996 ccf_commit_seqno=3306835 nstreams_done_=718000 config.nstreams=1000000 avg_latency=0.5249 ms avg throuhgput (requests/sec) = 757.9012 res=false
*==== INFO ====*  stream_id=2873996 latency=0.505736 ms (tx_ts=84000106905674, rx_ts=84000107411410) request_id=3308422 zil_blk_id=2873996 ccf_commit_seqno=3308422 nstreams_done_=718500 config.nstreams=1000000 avg_latency=0.5249 ms avg throuhgput (requests/sec) = 757.8987 res=false
*==== INFO ====*  stream_id=2875996 latency=0.554057 ms (tx_ts=84000772991454, rx_ts=84000773545511) request_id=3310022 zil_blk_id=2875996 ccf_commit_seqno=3310022 nstreams_done_=719000 config.nstreams=1000000 avg_latency=0.5249 ms avg throuhgput (requests/sec) = 757.8936 res=false
*==== INFO ====*  stream_id=2877996 latency=0.482402 ms (tx_ts=84001487662576, rx_ts=84001488144978) request_id=3311630 zil_blk_id=2877996 ccf_commit_seqno=3311630 nstreams_done_=719500 config.nstreams=1000000 avg_latency=0.5249 ms avg throuhgput (requests/sec) = 757.8498 res=false
*==== INFO ====*  stream_id=2879996 latency=0.454660 ms (tx_ts=84002157522042, rx_ts=84002157976702) request_id=3313234 zil_blk_id=2879996 ccf_commit_seqno=3313234 nstreams_done_=720000 config.nstreams=1000000 avg_latency=0.5249 ms avg throuhgput (requests/sec) = 757.8418 res=false
*==== INFO ====*  stream_id=2881996 latency=0.474888 ms (tx_ts=84002820846155, rx_ts=84002821321043) request_id=3314787 zil_blk_id=2881996 ccf_commit_seqno=3314787 nstreams_done_=720500 config.nstreams=1000000 avg_latency=0.5249 ms avg throuhgput (requests/sec) = 757.8389 res=false
*==== INFO ====*  stream_id=2883996 latency=0.459900 ms (tx_ts=84003544799632, rx_ts=84003545259532) request_id=3316393 zil_blk_id=2883996 ccf_commit_seqno=3316393 nstreams_done_=721000 config.nstreams=1000000 avg_latency=0.5249 ms avg throuhgput (requests/sec) = 757.7878 res=false
*==== INFO ====*  stream_id=2885996 latency=0.492210 ms (tx_ts=84004243932345, rx_ts=84004244424555) request_id=3318020 zil_blk_id=2885996 ccf_commit_seqno=3318020 nstreams_done_=721500 config.nstreams=1000000 avg_latency=0.5249 ms avg throuhgput (requests/sec) = 757.7565 res=false
*==== INFO ====*  stream_id=2887996 latency=0.453788 ms (tx_ts=84004937574985, rx_ts=84004938028773) request_id=3319629 zil_blk_id=2887996 ccf_commit_seqno=3319629 nstreams_done_=722000 config.nstreams=1000000 avg_latency=0.5249 ms avg throuhgput (requests/sec) = 757.7296 res=false
*==== INFO ====*  stream_id=2889996 latency=0.501448 ms (tx_ts=84005604828255, rx_ts=84005605329703) request_id=3321188 zil_blk_id=2889996 ccf_commit_seqno=3321188 nstreams_done_=722500 config.nstreams=1000000 avg_latency=0.5249 ms avg throuhgput (requests/sec) = 757.7237 res=false
*==== INFO ====*  stream_id=2891996 latency=2.686453 ms (tx_ts=84006301283055, rx_ts=84006303969508) request_id=3322820 zil_blk_id=2891996 ccf_commit_seqno=3322821 nstreams_done_=723000 config.nstreams=1000000 avg_latency=0.5249 ms avg throuhgput (requests/sec) = 757.6929 res=false
*==== INFO ====*  stream_id=2893996 latency=0.471692 ms (tx_ts=84006959275328, rx_ts=84006959747020) request_id=3324361 zil_blk_id=2893996 ccf_commit_seqno=3324361 nstreams_done_=723500 config.nstreams=1000000 avg_latency=0.5249 ms avg throuhgput (requests/sec) = 757.6962 res=false
*==== INFO ====*  stream_id=2895996 latency=0.483314 ms (tx_ts=84007636757637, rx_ts=84007637240951) request_id=3325956 zil_blk_id=2895996 ccf_commit_seqno=3325956 nstreams_done_=724000 config.nstreams=1000000 avg_latency=0.5249 ms avg throuhgput (requests/sec) = 757.6823 res=false
*==== INFO ====*  stream_id=2897996 latency=0.469298 ms (tx_ts=84008315406974, rx_ts=84008315876272) request_id=3327555 zil_blk_id=2897996 ccf_commit_seqno=3327555 nstreams_done_=724500 config.nstreams=1000000 avg_latency=0.5249 ms avg throuhgput (requests/sec) = 757.6674 res=false
*==== INFO ====*  stream_id=2899996 latency=0.530632 ms (tx_ts=84009051510324, rx_ts=84009052040956) request_id=3329234 zil_blk_id=2899996 ccf_commit_seqno=3329234 nstreams_done_=725000 config.nstreams=1000000 avg_latency=0.5249 ms avg throuhgput (requests/sec) = 757.6071 res=false
*==== INFO ====*  stream_id=2901996 latency=0.521825 ms (tx_ts=84009705914765, rx_ts=84009706436590) request_id=3330799 zil_blk_id=2901996 ccf_commit_seqno=3330799 nstreams_done_=725500 config.nstreams=1000000 avg_latency=0.5249 ms avg throuhgput (requests/sec) = 757.6115 res=false
*==== INFO ====*  stream_id=2903996 latency=0.468185 ms (tx_ts=84010397058452, rx_ts=84010397526637) request_id=3332486 zil_blk_id=2903996 ccf_commit_seqno=3332486 nstreams_done_=726000 config.nstreams=1000000 avg_latency=0.5249 ms avg throuhgput (requests/sec) = 757.5869 res=false
*==== INFO ====*  stream_id=2905996 latency=0.451764 ms (tx_ts=84011030115556, rx_ts=84011030567320) request_id=3334044 zil_blk_id=2905996 ccf_commit_seqno=3334044 nstreams_done_=726500 config.nstreams=1000000 avg_latency=0.5248 ms avg throuhgput (requests/sec) = 757.6082 res=false
*==== INFO ====*  stream_id=2907996 latency=0.512338 ms (tx_ts=84011685341209, rx_ts=84011685853547) request_id=3335599 zil_blk_id=2907996 ccf_commit_seqno=3335599 nstreams_done_=727000 config.nstreams=1000000 avg_latency=0.5248 ms avg throuhgput (requests/sec) = 757.6118 res=false
*==== INFO ====*  stream_id=2909996 latency=0.469969 ms (tx_ts=84012333078584, rx_ts=84012333548553) request_id=3337219 zil_blk_id=2909996 ccf_commit_seqno=3337219 nstreams_done_=727500 config.nstreams=1000000 avg_latency=0.5248 ms avg throuhgput (requests/sec) = 757.6215 res=false
*==== INFO ====*  stream_id=2911996 latency=0.499144 ms (tx_ts=84012975487772, rx_ts=84012975986916) request_id=3338758 zil_blk_id=2911996 ccf_commit_seqno=3338758 nstreams_done_=728000 config.nstreams=1000000 avg_latency=0.5248 ms avg throuhgput (requests/sec) = 757.6353 res=false
*==== INFO ====*  stream_id=2913996 latency=0.476792 ms (tx_ts=84013626899991, rx_ts=84013627376783) request_id=3340299 zil_blk_id=2913996 ccf_commit_seqno=3340299 nstreams_done_=728500 config.nstreams=1000000 avg_latency=0.5248 ms avg throuhgput (requests/sec) = 757.6421 res=false
*==== INFO ====*  stream_id=2915996 latency=0.486580 ms (tx_ts=84014299220102, rx_ts=84014299706682) request_id=3341839 zil_blk_id=2915996 ccf_commit_seqno=3341839 nstreams_done_=729000 config.nstreams=1000000 avg_latency=0.5248 ms avg throuhgput (requests/sec) = 757.6323 res=false
*==== INFO ====*  stream_id=2917996 latency=0.453999 ms (tx_ts=84014965360759, rx_ts=84014965814758) request_id=3343406 zil_blk_id=2917996 ccf_commit_seqno=3343406 nstreams_done_=729500 config.nstreams=1000000 avg_latency=0.5248 ms avg throuhgput (requests/sec) = 757.6275 res=false
*==== INFO ====*  stream_id=2919996 latency=0.456494 ms (tx_ts=84015646580573, rx_ts=84015647037067) request_id=3344986 zil_blk_id=2919996 ccf_commit_seqno=3344986 nstreams_done_=730000 config.nstreams=1000000 avg_latency=0.5247 ms avg throuhgput (requests/sec) = 757.6108 res=false
*==== INFO ====*  stream_id=2921996 latency=0.509774 ms (tx_ts=84016311039701, rx_ts=84016311549475) request_id=3346516 zil_blk_id=2921996 ccf_commit_seqno=3346516 nstreams_done_=730500 config.nstreams=1000000 avg_latency=0.5247 ms avg throuhgput (requests/sec) = 757.6072 res=false
*==== INFO ====*  stream_id=2923996 latency=0.529370 ms (tx_ts=84016946177469, rx_ts=84016946706839) request_id=3348043 zil_blk_id=2923996 ccf_commit_seqno=3348043 nstreams_done_=731000 config.nstreams=1000000 avg_latency=0.5247 ms avg throuhgput (requests/sec) = 757.6267 res=false
*==== INFO ====*  stream_id=2925996 latency=0.493743 ms (tx_ts=84017607251137, rx_ts=84017607744880) request_id=3349599 zil_blk_id=2925996 ccf_commit_seqno=3349599 nstreams_done_=731500 config.nstreams=1000000 avg_latency=0.5247 ms avg throuhgput (requests/sec) = 757.6258 res=false
*==== INFO ====*  stream_id=2927996 latency=0.462004 ms (tx_ts=84018267572556, rx_ts=84018268034560) request_id=3351140 zil_blk_id=2927996 ccf_commit_seqno=3351140 nstreams_done_=732000 config.nstreams=1000000 avg_latency=0.5247 ms avg throuhgput (requests/sec) = 757.6256 res=false
*==== INFO ====*  stream_id=2929996 latency=0.477263 ms (tx_ts=84018975718793, rx_ts=84018976196056) request_id=3352736 zil_blk_id=2929996 ccf_commit_seqno=3352736 nstreams_done_=732500 config.nstreams=1000000 avg_latency=0.5247 ms avg throuhgput (requests/sec) = 757.5878 res=false
*==== INFO ====*  stream_id=2931996 latency=0.484276 ms (tx_ts=84019655697330, rx_ts=84019656181606) request_id=3354318 zil_blk_id=2931996 ccf_commit_seqno=3354318 nstreams_done_=733000 config.nstreams=1000000 avg_latency=0.5247 ms avg throuhgput (requests/sec) = 757.5721 res=false
*==== INFO ====*  stream_id=2933996 latency=0.460051 ms (tx_ts=84020321838304, rx_ts=84020322298355) request_id=3355889 zil_blk_id=2933996 ccf_commit_seqno=3355889 nstreams_done_=733500 config.nstreams=1000000 avg_latency=0.5247 ms avg throuhgput (requests/sec) = 757.5674 res=false
*==== INFO ====*  stream_id=2935996 latency=0.477924 ms (tx_ts=84021007745551, rx_ts=84021008223475) request_id=3357493 zil_blk_id=2935996 ccf_commit_seqno=3357493 nstreams_done_=734000 config.nstreams=1000000 avg_latency=0.5247 ms avg throuhgput (requests/sec) = 757.5471 res=false
*==== INFO ====*  stream_id=2937996 latency=0.498993 ms (tx_ts=84021671544871, rx_ts=84021672043864) request_id=3359062 zil_blk_id=2937996 ccf_commit_seqno=3359062 nstreams_done_=734500 config.nstreams=1000000 avg_latency=0.5247 ms avg throuhgput (requests/sec) = 757.5441 res=false
*==== INFO ====*  stream_id=2939996 latency=0.463056 ms (tx_ts=84022351320601, rx_ts=84022351783657) request_id=3360758 zil_blk_id=2939996 ccf_commit_seqno=3360758 nstreams_done_=735000 config.nstreams=1000000 avg_latency=0.5247 ms avg throuhgput (requests/sec) = 757.5287 res=false
*==== INFO ====*  stream_id=2941996 latency=0.659945 ms (tx_ts=84023049989121, rx_ts=84023050649066) request_id=3362369 zil_blk_id=2941996 ccf_commit_seqno=3362369 nstreams_done_=735500 config.nstreams=1000000 avg_latency=0.5247 ms avg throuhgput (requests/sec) = 757.4985 res=false
*==== INFO ====*  stream_id=2943996 latency=0.522037 ms (tx_ts=84023768444145, rx_ts=84023768966182) request_id=3363963 zil_blk_id=2943996 ccf_commit_seqno=3363963 nstreams_done_=736000 config.nstreams=1000000 avg_latency=0.5247 ms avg throuhgput (requests/sec) = 757.4530 res=false
*==== INFO ====*  stream_id=2945996 latency=0.486980 ms (tx_ts=84024459369375, rx_ts=84024459856355) request_id=3365540 zil_blk_id=2945996 ccf_commit_seqno=3365540 nstreams_done_=736500 config.nstreams=1000000 avg_latency=0.5247 ms avg throuhgput (requests/sec) = 757.4291 res=false
*==== INFO ====*  stream_id=2947996 latency=0.473245 ms (tx_ts=84025166555364, rx_ts=84025167028609) request_id=3367195 zil_blk_id=2947996 ccf_commit_seqno=3367195 nstreams_done_=737000 config.nstreams=1000000 avg_latency=0.5247 ms avg throuhgput (requests/sec) = 757.3924 res=false
*==== INFO ====*  stream_id=2949996 latency=0.459440 ms (tx_ts=84025862391916, rx_ts=84025862851356) request_id=3368791 zil_blk_id=2949996 ccf_commit_seqno=3368791 nstreams_done_=737500 config.nstreams=1000000 avg_latency=0.5247 ms avg throuhgput (requests/sec) = 757.3647 res=false
*==== INFO ====*  stream_id=2951996 latency=0.521094 ms (tx_ts=84026523536117, rx_ts=84026524057211) request_id=3370357 zil_blk_id=2951996 ccf_commit_seqno=3370357 nstreams_done_=738000 config.nstreams=1000000 avg_latency=0.5247 ms avg throuhgput (requests/sec) = 757.3639 res=false
*==== INFO ====*  stream_id=2953996 latency=0.482803 ms (tx_ts=84027186776957, rx_ts=84027187259760) request_id=3371915 zil_blk_id=2953996 ccf_commit_seqno=3371915 nstreams_done_=738500 config.nstreams=1000000 avg_latency=0.5247 ms avg throuhgput (requests/sec) = 757.3616 res=false
*==== INFO ====*  stream_id=2955996 latency=0.456023 ms (tx_ts=84027864409056, rx_ts=84027864865079) request_id=3373464 zil_blk_id=2955996 ccf_commit_seqno=3373464 nstreams_done_=739000 config.nstreams=1000000 avg_latency=0.5247 ms avg throuhgput (requests/sec) = 757.3480 res=false
*==== INFO ====*  stream_id=2957996 latency=0.441696 ms (tx_ts=84028526341341, rx_ts=84028526783037) request_id=3374998 zil_blk_id=2957996 ccf_commit_seqno=3374998 nstreams_done_=739500 config.nstreams=1000000 avg_latency=0.5246 ms avg throuhgput (requests/sec) = 757.3467 res=false
*==== INFO ====*  stream_id=2959996 latency=0.489306 ms (tx_ts=84029194160548, rx_ts=84029194649854) request_id=3376541 zil_blk_id=2959996 ccf_commit_seqno=3376541 nstreams_done_=740000 config.nstreams=1000000 avg_latency=0.5246 ms avg throuhgput (requests/sec) = 757.3408 res=false
*==== INFO ====*  stream_id=2961996 latency=0.463137 ms (tx_ts=84029871248364, rx_ts=84029871711501) request_id=3378092 zil_blk_id=2961996 ccf_commit_seqno=3378093 nstreams_done_=740500 config.nstreams=1000000 avg_latency=0.5246 ms avg throuhgput (requests/sec) = 757.3277 res=false
*==== INFO ====*  stream_id=2963996 latency=0.453449 ms (tx_ts=84030560791271, rx_ts=84030561244720) request_id=3379638 zil_blk_id=2963996 ccf_commit_seqno=3379638 nstreams_done_=741000 config.nstreams=1000000 avg_latency=0.5246 ms avg throuhgput (requests/sec) = 757.3050 res=false
*==== INFO ====*  stream_id=2965996 latency=0.482422 ms (tx_ts=84031234747129, rx_ts=84031235229551) request_id=3381239 zil_blk_id=2965996 ccf_commit_seqno=3381239 nstreams_done_=741500 config.nstreams=1000000 avg_latency=0.5246 ms avg throuhgput (requests/sec) = 757.2944 res=false
*==== INFO ====*  stream_id=2967996 latency=0.454089 ms (tx_ts=84031920107341, rx_ts=84031920561430) request_id=3382819 zil_blk_id=2967996 ccf_commit_seqno=3382819 nstreams_done_=742000 config.nstreams=1000000 avg_latency=0.5246 ms avg throuhgput (requests/sec) = 757.2750 res=false
*==== INFO ====*  stream_id=2969996 latency=0.456204 ms (tx_ts=84032593907676, rx_ts=84032594363880) request_id=3384394 zil_blk_id=2969996 ccf_commit_seqno=3384394 nstreams_done_=742500 config.nstreams=1000000 avg_latency=0.5246 ms avg throuhgput (requests/sec) = 757.2645 res=false
*==== INFO ====*  stream_id=2971996 latency=0.464489 ms (tx_ts=84033296266785, rx_ts=84033296731274) request_id=3385987 zil_blk_id=2971996 ccf_commit_seqno=3385987 nstreams_done_=743000 config.nstreams=1000000 avg_latency=0.5246 ms avg throuhgput (requests/sec) = 757.2321 res=false
*==== INFO ====*  stream_id=2973996 latency=0.517689 ms (tx_ts=84033980098267, rx_ts=84033980615956) request_id=3387560 zil_blk_id=2973996 ccf_commit_seqno=3387560 nstreams_done_=743500 config.nstreams=1000000 avg_latency=0.5246 ms avg throuhgput (requests/sec) = 757.2139 res=false
*==== INFO ====*  stream_id=2975996 latency=0.514553 ms (tx_ts=84034699077521, rx_ts=84034699592074) request_id=3389166 zil_blk_id=2975996 ccf_commit_seqno=3389166 nstreams_done_=744000 config.nstreams=1000000 avg_latency=0.5246 ms avg throuhgput (requests/sec) = 757.1687 res=false
*==== INFO ====*  stream_id=2977996 latency=0.479697 ms (tx_ts=84035365160200, rx_ts=84035365639897) request_id=3390743 zil_blk_id=2977996 ccf_commit_seqno=3390743 nstreams_done_=744500 config.nstreams=1000000 avg_latency=0.5246 ms avg throuhgput (requests/sec) = 757.1643 res=false
*==== INFO ====*  stream_id=2979996 latency=0.443721 ms (tx_ts=84036023040819, rx_ts=84036023484540) request_id=3392325 zil_blk_id=2979996 ccf_commit_seqno=3392325 nstreams_done_=745000 config.nstreams=1000000 avg_latency=0.5246 ms avg throuhgput (requests/sec) = 757.1662 res=false
*==== INFO ====*  stream_id=2981996 latency=0.458288 ms (tx_ts=84036718365044, rx_ts=84036718823332) request_id=3393944 zil_blk_id=2981996 ccf_commit_seqno=3393944 nstreams_done_=745500 config.nstreams=1000000 avg_latency=0.5246 ms avg throuhgput (requests/sec) = 757.1393 res=false
*==== INFO ====*  stream_id=2983996 latency=0.500623 ms (tx_ts=84037394685274, rx_ts=84037395185897) request_id=3395622 zil_blk_id=2983996 ccf_commit_seqno=3395622 nstreams_done_=746000 config.nstreams=1000000 avg_latency=0.5246 ms avg throuhgput (requests/sec) = 757.1270 res=false
*==== INFO ====*  stream_id=2985996 latency=0.465781 ms (tx_ts=84038059274283, rx_ts=84038059740064) request_id=3397261 zil_blk_id=2985996 ccf_commit_seqno=3397261 nstreams_done_=746500 config.nstreams=1000000 avg_latency=0.5246 ms avg throuhgput (requests/sec) = 757.1238 res=false
*==== INFO ====*  stream_id=2987996 latency=0.486170 ms (tx_ts=84038734920096, rx_ts=84038735406266) request_id=3398954 zil_blk_id=2987996 ccf_commit_seqno=3398954 nstreams_done_=747000 config.nstreams=1000000 avg_latency=0.5246 ms avg throuhgput (requests/sec) = 757.1121 res=false
*==== INFO ====*  stream_id=2989996 latency=0.492221 ms (tx_ts=84039418637434, rx_ts=84039419129655) request_id=3400642 zil_blk_id=2989996 ccf_commit_seqno=3400642 nstreams_done_=747500 config.nstreams=1000000 avg_latency=0.5246 ms avg throuhgput (requests/sec) = 757.0942 res=false
*==== INFO ====*  stream_id=2991996 latency=0.505165 ms (tx_ts=84040064740663, rx_ts=84040065245828) request_id=3402327 zil_blk_id=2991996 ccf_commit_seqno=3402327 nstreams_done_=748000 config.nstreams=1000000 avg_latency=0.5246 ms avg throuhgput (requests/sec) = 757.1052 res=false
*==== INFO ====*  stream_id=2993996 latency=0.463117 ms (tx_ts=84040723025981, rx_ts=84040723489098) request_id=3404014 zil_blk_id=2993996 ccf_commit_seqno=3404014 nstreams_done_=748500 config.nstreams=1000000 avg_latency=0.5246 ms avg throuhgput (requests/sec) = 757.1069 res=false
*==== INFO ====*  stream_id=2995996 latency=0.517809 ms (tx_ts=84041420359691, rx_ts=84041420877500) request_id=3405627 zil_blk_id=2995996 ccf_commit_seqno=3405627 nstreams_done_=749000 config.nstreams=1000000 avg_latency=0.5246 ms avg throuhgput (requests/sec) = 757.0786 res=false
*==== INFO ====*  stream_id=2997996 latency=0.467805 ms (tx_ts=84042085171785, rx_ts=84042085639590) request_id=3407169 zil_blk_id=2997996 ccf_commit_seqno=3407169 nstreams_done_=749500 config.nstreams=1000000 avg_latency=0.5246 ms avg throuhgput (requests/sec) = 757.0752 res=false
*==== INFO ====*  stream_id=2999996 latency=0.470800 ms (tx_ts=84042770830148, rx_ts=84042771300948) request_id=3408738 zil_blk_id=2999996 ccf_commit_seqno=3408738 nstreams_done_=750000 config.nstreams=1000000 avg_latency=0.5246 ms avg throuhgput (requests/sec) = 757.0560 res=false
*==== INFO ====*  stream_id=3001996 latency=0.486721 ms (tx_ts=84043474195779, rx_ts=84043474682500) request_id=3410326 zil_blk_id=3001996 ccf_commit_seqno=3410326 nstreams_done_=750500 config.nstreams=1000000 avg_latency=0.5246 ms avg throuhgput (requests/sec) = 757.0232 res=false
*==== INFO ====*  stream_id=3003996 latency=0.455161 ms (tx_ts=84044140211385, rx_ts=84044140666546) request_id=3411890 zil_blk_id=3003996 ccf_commit_seqno=3411890 nstreams_done_=751000 config.nstreams=1000000 avg_latency=0.5246 ms avg throuhgput (requests/sec) = 757.0190 res=false
*==== INFO ====*  stream_id=3005996 latency=0.542174 ms (tx_ts=84044821286613, rx_ts=84044821828787) request_id=3413485 zil_blk_id=3005996 ccf_commit_seqno=3413485 nstreams_done_=751500 config.nstreams=1000000 avg_latency=0.5246 ms avg throuhgput (requests/sec) = 757.0032 res=false
*==== INFO ====*  stream_id=3007996 latency=0.510795 ms (tx_ts=84045510300961, rx_ts=84045510811756) request_id=3415088 zil_blk_id=3007996 ccf_commit_seqno=3415088 nstreams_done_=752000 config.nstreams=1000000 avg_latency=0.5246 ms avg throuhgput (requests/sec) = 756.9815 res=false
*==== INFO ====*  stream_id=3009996 latency=0.523238 ms (tx_ts=84046179832724, rx_ts=84046180355962) request_id=3416763 zil_blk_id=3009996 ccf_commit_seqno=3416764 nstreams_done_=752500 config.nstreams=1000000 avg_latency=0.5246 ms avg throuhgput (requests/sec) = 756.9746 res=false
*==== INFO ====*  stream_id=3011996 latency=0.472254 ms (tx_ts=84046848254268, rx_ts=84046848726522) request_id=3418491 zil_blk_id=3011996 ccf_commit_seqno=3418491 nstreams_done_=753000 config.nstreams=1000000 avg_latency=0.5245 ms avg throuhgput (requests/sec) = 756.9687 res=false
*==== INFO ====*  stream_id=3013996 latency=0.471034 ms (tx_ts=84047477579571, rx_ts=84047478050605) request_id=3420155 zil_blk_id=3013996 ccf_commit_seqno=3420155 nstreams_done_=753500 config.nstreams=1000000 avg_latency=0.5245 ms avg throuhgput (requests/sec) = 756.9924 res=false
*==== INFO ====*  stream_id=3015996 latency=0.451324 ms (tx_ts=84048166028194, rx_ts=84048166479518) request_id=3421873 zil_blk_id=3015996 ccf_commit_seqno=3421873 nstreams_done_=754000 config.nstreams=1000000 avg_latency=0.5246 ms avg throuhgput (requests/sec) = 756.9712 res=false
*==== INFO ====*  stream_id=3017996 latency=0.450292 ms (tx_ts=84048834773377, rx_ts=84048835223669) request_id=3423527 zil_blk_id=3017996 ccf_commit_seqno=3423527 nstreams_done_=754500 config.nstreams=1000000 avg_latency=0.5246 ms avg throuhgput (requests/sec) = 756.9649 res=false
*==== INFO ====*  stream_id=3019996 latency=0.517257 ms (tx_ts=84049510255695, rx_ts=84049510772952) request_id=3425095 zil_blk_id=3019996 ccf_commit_seqno=3425095 nstreams_done_=755000 config.nstreams=1000000 avg_latency=0.5246 ms avg throuhgput (requests/sec) = 756.9535 res=false
*==== INFO ====*  stream_id=3021996 latency=0.444823 ms (tx_ts=84050193707027, rx_ts=84050194151850) request_id=3426647 zil_blk_id=3021996 ccf_commit_seqno=3426647 nstreams_done_=755500 config.nstreams=1000000 avg_latency=0.5246 ms avg throuhgput (requests/sec) = 756.9362 res=false
*==== INFO ====*  stream_id=3023996 latency=0.504714 ms (tx_ts=84050873741870, rx_ts=84050874246584) request_id=3428229 zil_blk_id=3023996 ccf_commit_seqno=3428229 nstreams_done_=756000 config.nstreams=1000000 avg_latency=0.5246 ms avg throuhgput (requests/sec) = 756.9214 res=false
*==== INFO ====*  stream_id=3025996 latency=0.466903 ms (tx_ts=84051545071045, rx_ts=84051545537948) request_id=3429807 zil_blk_id=3025996 ccf_commit_seqno=3429807 nstreams_done_=756500 config.nstreams=1000000 avg_latency=0.5246 ms avg throuhgput (requests/sec) = 756.9133 res=false
*==== INFO ====*  stream_id=3027996 latency=0.450222 ms (tx_ts=84052237920507, rx_ts=84052238370729) request_id=3431396 zil_blk_id=3027996 ccf_commit_seqno=3431396 nstreams_done_=757000 config.nstreams=1000000 avg_latency=0.5246 ms avg throuhgput (requests/sec) = 756.8889 res=false
*==== INFO ====*  stream_id=3029996 latency=0.472313 ms (tx_ts=84052925493908, rx_ts=84052925966221) request_id=3433001 zil_blk_id=3029996 ccf_commit_seqno=3433001 nstreams_done_=757500 config.nstreams=1000000 avg_latency=0.5246 ms avg throuhgput (requests/sec) = 756.8685 res=false
*==== INFO ====*  stream_id=3031996 latency=0.446475 ms (tx_ts=84053615767323, rx_ts=84053616213798) request_id=3434617 zil_blk_id=3031996 ccf_commit_seqno=3434617 nstreams_done_=758000 config.nstreams=1000000 avg_latency=0.5245 ms avg throuhgput (requests/sec) = 756.8461 res=false
*==== INFO ====*  stream_id=3033996 latency=0.493873 ms (tx_ts=84054256848749, rx_ts=84054257342622) request_id=3436284 zil_blk_id=3033996 ccf_commit_seqno=3436284 nstreams_done_=758500 config.nstreams=1000000 avg_latency=0.5245 ms avg throuhgput (requests/sec) = 756.8608 res=false
*==== INFO ====*  stream_id=3035996 latency=0.527788 ms (tx_ts=84054929554395, rx_ts=84054930082183) request_id=3437960 zil_blk_id=3035996 ccf_commit_seqno=3437960 nstreams_done_=759000 config.nstreams=1000000 avg_latency=0.5245 ms avg throuhgput (requests/sec) = 756.8517 res=false
*==== INFO ====*  stream_id=3037996 latency=0.475008 ms (tx_ts=84055608256164, rx_ts=84055608731172) request_id=3439654 zil_blk_id=3037996 ccf_commit_seqno=3439654 nstreams_done_=759500 config.nstreams=1000000 avg_latency=0.5245 ms avg throuhgput (requests/sec) = 756.8381 res=false
*==== INFO ====*  stream_id=3039996 latency=0.440224 ms (tx_ts=84056282176623, rx_ts=84056282616847) request_id=3441204 zil_blk_id=3039996 ccf_commit_seqno=3441204 nstreams_done_=760000 config.nstreams=1000000 avg_latency=0.5245 ms avg throuhgput (requests/sec) = 756.8281 res=false
*==== INFO ====*  stream_id=3041996 latency=0.483605 ms (tx_ts=84056984254419, rx_ts=84056984738024) request_id=3442792 zil_blk_id=3041996 ccf_commit_seqno=3442792 nstreams_done_=760500 config.nstreams=1000000 avg_latency=0.5245 ms avg throuhgput (requests/sec) = 756.7969 res=false
*==== INFO ====*  stream_id=3043996 latency=0.476562 ms (tx_ts=84057676207223, rx_ts=84057676683785) request_id=3444365 zil_blk_id=3043996 ccf_commit_seqno=3444365 nstreams_done_=761000 config.nstreams=1000000 avg_latency=0.5245 ms avg throuhgput (requests/sec) = 756.7733 res=false
*==== INFO ====*  stream_id=3045996 latency=0.469439 ms (tx_ts=84058352599627, rx_ts=84058353069066) request_id=3445916 zil_blk_id=3045996 ccf_commit_seqno=3445916 nstreams_done_=761500 config.nstreams=1000000 avg_latency=0.5245 ms avg throuhgput (requests/sec) = 756.7615 res=false
*==== INFO ====*  stream_id=3047996 latency=0.489666 ms (tx_ts=84059024508394, rx_ts=84059024998060) request_id=3447494 zil_blk_id=3047996 ccf_commit_seqno=3447494 nstreams_done_=762000 config.nstreams=1000000 avg_latency=0.5245 ms avg throuhgput (requests/sec) = 756.7531 res=false
*==== INFO ====*  stream_id=3049996 latency=0.534990 ms (tx_ts=84059703760244, rx_ts=84059704295234) request_id=3449055 zil_blk_id=3049996 ccf_commit_seqno=3449055 nstreams_done_=762500 config.nstreams=1000000 avg_latency=0.5245 ms avg throuhgput (requests/sec) = 756.7392 res=false
*==== INFO ====*  stream_id=3051996 latency=0.571038 ms (tx_ts=84060376895566, rx_ts=84060377466604) request_id=3450628 zil_blk_id=3051996 ccf_commit_seqno=3450628 nstreams_done_=763000 config.nstreams=1000000 avg_latency=0.5245 ms avg throuhgput (requests/sec) = 756.7298 res=false
*==== INFO ====*  stream_id=3053996 latency=0.500186 ms (tx_ts=84061045776961, rx_ts=84061046277147) request_id=3452221 zil_blk_id=3053996 ccf_commit_seqno=3452221 nstreams_done_=763500 config.nstreams=1000000 avg_latency=0.5245 ms avg throuhgput (requests/sec) = 756.7238 res=false
*==== INFO ====*  stream_id=3055996 latency=0.559015 ms (tx_ts=84061715468061, rx_ts=84061716027076) request_id=3453810 zil_blk_id=3055996 ccf_commit_seqno=3453810 nstreams_done_=764000 config.nstreams=1000000 avg_latency=0.5245 ms avg throuhgput (requests/sec) = 756.7170 res=false
*==== INFO ====*  stream_id=3057996 latency=0.552383 ms (tx_ts=84062389042705, rx_ts=84062389595088) request_id=3455414 zil_blk_id=3057996 ccf_commit_seqno=3455414 nstreams_done_=764500 config.nstreams=1000000 avg_latency=0.5245 ms avg throuhgput (requests/sec) = 756.7074 res=false
*==== INFO ====*  stream_id=3059996 latency=0.485318 ms (tx_ts=84063115471911, rx_ts=84063115957229) request_id=3457104 zil_blk_id=3059996 ccf_commit_seqno=3457104 nstreams_done_=765000 config.nstreams=1000000 avg_latency=0.5245 ms avg throuhgput (requests/sec) = 756.6583 res=false
*==== INFO ====*  stream_id=3061996 latency=0.552954 ms (tx_ts=84063870133993, rx_ts=84063870686947) request_id=3458698 zil_blk_id=3061996 ccf_commit_seqno=3458698 nstreams_done_=765500 config.nstreams=1000000 avg_latency=0.5246 ms avg throuhgput (requests/sec) = 756.5881 res=false
*==== INFO ====*  stream_id=3063996 latency=0.469127 ms (tx_ts=84064591225802, rx_ts=84064591694929) request_id=3460367 zil_blk_id=3063996 ccf_commit_seqno=3460367 nstreams_done_=766000 config.nstreams=1000000 avg_latency=0.5246 ms avg throuhgput (requests/sec) = 756.5431 res=false
*==== INFO ====*  stream_id=3065996 latency=0.494645 ms (tx_ts=84065291528682, rx_ts=84065292023327) request_id=3462065 zil_blk_id=3065996 ccf_commit_seqno=3462065 nstreams_done_=766500 config.nstreams=1000000 avg_latency=0.5246 ms avg throuhgput (requests/sec) = 756.5137 res=false
*==== INFO ====*  stream_id=3067996 latency=0.484877 ms (tx_ts=84065961215323, rx_ts=84065961700200) request_id=3463731 zil_blk_id=3067996 ccf_commit_seqno=3463731 nstreams_done_=767000 config.nstreams=1000000 avg_latency=0.5246 ms avg throuhgput (requests/sec) = 756.5071 res=false
*==== INFO ====*  stream_id=3069996 latency=0.558935 ms (tx_ts=84066604979258, rx_ts=84066605538193) request_id=3465334 zil_blk_id=3069996 ccf_commit_seqno=3465334 nstreams_done_=767500 config.nstreams=1000000 avg_latency=0.5246 ms avg throuhgput (requests/sec) = 756.5199 res=false
*==== INFO ====*  stream_id=3071996 latency=0.471672 ms (tx_ts=84067229087994, rx_ts=84067229559666) request_id=3466917 zil_blk_id=3071996 ccf_commit_seqno=3466917 nstreams_done_=768000 config.nstreams=1000000 avg_latency=0.5246 ms avg throuhgput (requests/sec) = 756.5474 res=false
*==== INFO ====*  stream_id=3073996 latency=0.487211 ms (tx_ts=84067881509746, rx_ts=84067881996957) request_id=3468548 zil_blk_id=3073996 ccf_commit_seqno=3468548 nstreams_done_=768500 config.nstreams=1000000 avg_latency=0.5246 ms avg throuhgput (requests/sec) = 756.5537 res=false
*==== INFO ====*  stream_id=3075996 latency=0.530522 ms (tx_ts=84068530946589, rx_ts=84068531477111) request_id=3470120 zil_blk_id=3075996 ccf_commit_seqno=3470120 nstreams_done_=769000 config.nstreams=1000000 avg_latency=0.5246 ms avg throuhgput (requests/sec) = 756.5622 res=false
*==== INFO ====*  stream_id=3077996 latency=0.534239 ms (tx_ts=84069201737316, rx_ts=84069202271555) request_id=3471702 zil_blk_id=3077996 ccf_commit_seqno=3471702 nstreams_done_=769500 config.nstreams=1000000 avg_latency=0.5246 ms avg throuhgput (requests/sec) = 756.5548 res=false
*==== INFO ====*  stream_id=3079996 latency=0.488654 ms (tx_ts=84069890262663, rx_ts=84069890751317) request_id=3473303 zil_blk_id=3079996 ccf_commit_seqno=3473303 nstreams_done_=770000 config.nstreams=1000000 avg_latency=0.5246 ms avg throuhgput (requests/sec) = 756.5343 res=false
*==== INFO ====*  stream_id=3081996 latency=0.465941 ms (tx_ts=84070544556960, rx_ts=84070545022901) request_id=3474869 zil_blk_id=3081996 ccf_commit_seqno=3474869 nstreams_done_=770500 config.nstreams=1000000 avg_latency=0.5246 ms avg throuhgput (requests/sec) = 756.5392 res=false
*==== INFO ====*  stream_id=3083996 latency=0.532005 ms (tx_ts=84071192179576, rx_ts=84071192711581) request_id=3476428 zil_blk_id=3083996 ccf_commit_seqno=3476428 nstreams_done_=771000 config.nstreams=1000000 avg_latency=0.5245 ms avg throuhgput (requests/sec) = 756.5490 res=false
*==== INFO ====*  stream_id=3085996 latency=0.474307 ms (tx_ts=84071864071543, rx_ts=84071864545850) request_id=3478029 zil_blk_id=3085996 ccf_commit_seqno=3478029 nstreams_done_=771500 config.nstreams=1000000 avg_latency=0.5245 ms avg throuhgput (requests/sec) = 756.5409 res=false
*==== INFO ====*  stream_id=3087996 latency=0.462846 ms (tx_ts=84072507366357, rx_ts=84072507829203) request_id=3479571 zil_blk_id=3087996 ccf_commit_seqno=3479571 nstreams_done_=772000 config.nstreams=1000000 avg_latency=0.5245 ms avg throuhgput (requests/sec) = 756.5540 res=false
*==== INFO ====*  stream_id=3089996 latency=0.549799 ms (tx_ts=84073147180270, rx_ts=84073147730069) request_id=3481134 zil_blk_id=3089996 ccf_commit_seqno=3481134 nstreams_done_=772500 config.nstreams=1000000 avg_latency=0.5245 ms avg throuhgput (requests/sec) = 756.5696 res=false
*==== INFO ====*  stream_id=3091996 latency=0.441606 ms (tx_ts=84073831089406, rx_ts=84073831531012) request_id=3482714 zil_blk_id=3091996 ccf_commit_seqno=3482714 nstreams_done_=773000 config.nstreams=1000000 avg_latency=0.5245 ms avg throuhgput (requests/sec) = 756.5526 res=false
*==== INFO ====*  stream_id=3093996 latency=0.475069 ms (tx_ts=84074506944046, rx_ts=84074507419115) request_id=3484286 zil_blk_id=3093996 ccf_commit_seqno=3484286 nstreams_done_=773500 config.nstreams=1000000 avg_latency=0.5245 ms avg throuhgput (requests/sec) = 756.5415 res=false
*==== INFO ====*  stream_id=3095996 latency=0.492913 ms (tx_ts=84075179363579, rx_ts=84075179856492) request_id=3485857 zil_blk_id=3095996 ccf_commit_seqno=3485857 nstreams_done_=774000 config.nstreams=1000000 avg_latency=0.5245 ms avg throuhgput (requests/sec) = 756.5330 res=false
*==== INFO ====*  stream_id=3097996 latency=0.507189 ms (tx_ts=84075843742538, rx_ts=84075844249727) request_id=3487422 zil_blk_id=3097996 ccf_commit_seqno=3487422 nstreams_done_=774500 config.nstreams=1000000 avg_latency=0.5245 ms avg throuhgput (requests/sec) = 756.5304 res=false
*==== INFO ====*  stream_id=3099996 latency=0.533457 ms (tx_ts=84076508015684, rx_ts=84076508549141) request_id=3488985 zil_blk_id=3099996 ccf_commit_seqno=3488985 nstreams_done_=775000 config.nstreams=1000000 avg_latency=0.5244 ms avg throuhgput (requests/sec) = 756.5279 res=false
*==== INFO ====*  stream_id=3101996 latency=0.483434 ms (tx_ts=84077169551736, rx_ts=84077170035170) request_id=3490547 zil_blk_id=3101996 ccf_commit_seqno=3490547 nstreams_done_=775500 config.nstreams=1000000 avg_latency=0.5244 ms avg throuhgput (requests/sec) = 756.5275 res=false
*==== INFO ====*  stream_id=3103996 latency=0.459640 ms (tx_ts=84077835184294, rx_ts=84077835643934) request_id=3492120 zil_blk_id=3103996 ccf_commit_seqno=3492120 nstreams_done_=776000 config.nstreams=1000000 avg_latency=0.5244 ms avg throuhgput (requests/sec) = 756.5240 res=false
*==== INFO ====*  stream_id=3105996 latency=0.470831 ms (tx_ts=84078496385133, rx_ts=84078496855964) request_id=3493686 zil_blk_id=3105996 ccf_commit_seqno=3493686 nstreams_done_=776500 config.nstreams=1000000 avg_latency=0.5244 ms avg throuhgput (requests/sec) = 756.5238 res=false
*==== INFO ====*  stream_id=3107996 latency=0.443238 ms (tx_ts=84079170750988, rx_ts=84079171194226) request_id=3495273 zil_blk_id=3107996 ccf_commit_seqno=3495273 nstreams_done_=777000 config.nstreams=1000000 avg_latency=0.5244 ms avg throuhgput (requests/sec) = 756.5139 res=false
*==== INFO ====*  stream_id=3109996 latency=1.181981 ms (tx_ts=84079836451800, rx_ts=84079837633781) request_id=3496811 zil_blk_id=3109996 ccf_commit_seqno=3496811 nstreams_done_=777500 config.nstreams=1000000 avg_latency=0.5244 ms avg throuhgput (requests/sec) = 756.5098 res=false
*==== INFO ====*  stream_id=3111996 latency=0.478535 ms (tx_ts=84080510080443, rx_ts=84080510558978) request_id=3498398 zil_blk_id=3111996 ccf_commit_seqno=3498398 nstreams_done_=778000 config.nstreams=1000000 avg_latency=0.5244 ms avg throuhgput (requests/sec) = 756.5010 res=false
*==== INFO ====*  stream_id=3113996 latency=0.455512 ms (tx_ts=84081235017149, rx_ts=84081235472661) request_id=3500039 zil_blk_id=3113996 ccf_commit_seqno=3500039 nstreams_done_=778500 config.nstreams=1000000 avg_latency=0.5244 ms avg throuhgput (requests/sec) = 756.4540 res=false
*==== INFO ====*  stream_id=3115996 latency=0.478525 ms (tx_ts=84081929371751, rx_ts=84081929850276) request_id=3501620 zil_blk_id=3115996 ccf_commit_seqno=3501620 nstreams_done_=779000 config.nstreams=1000000 avg_latency=0.5244 ms avg throuhgput (requests/sec) = 756.4294 res=false
*==== INFO ====*  stream_id=3117996 latency=0.501388 ms (tx_ts=84082593790529, rx_ts=84082594291917) request_id=3503169 zil_blk_id=3117996 ccf_commit_seqno=3503169 nstreams_done_=779500 config.nstreams=1000000 avg_latency=0.5244 ms avg throuhgput (requests/sec) = 756.4269 res=false
*==== INFO ====*  stream_id=3119996 latency=0.472133 ms (tx_ts=84083332174978, rx_ts=84083332647111) request_id=3504808 zil_blk_id=3119996 ccf_commit_seqno=3504808 nstreams_done_=780000 config.nstreams=1000000 avg_latency=0.5244 ms avg throuhgput (requests/sec) = 756.3702 res=false
*==== INFO ====*  stream_id=3121996 latency=0.494285 ms (tx_ts=84084046612076, rx_ts=84084047106361) request_id=3506511 zil_blk_id=3121996 ccf_commit_seqno=3506511 nstreams_done_=780500 config.nstreams=1000000 avg_latency=0.5244 ms avg throuhgput (requests/sec) = 756.3310 res=false
*==== INFO ====*  stream_id=3123996 latency=0.454340 ms (tx_ts=84084752737765, rx_ts=84084753192105) request_id=3508162 zil_blk_id=3123996 ccf_commit_seqno=3508162 nstreams_done_=781000 config.nstreams=1000000 avg_latency=0.5245 ms avg throuhgput (requests/sec) = 756.2981 res=false
*==== INFO ====*  stream_id=3125996 latency=0.528359 ms (tx_ts=84085495392369, rx_ts=84085495920728) request_id=3509770 zil_blk_id=3125996 ccf_commit_seqno=3509770 nstreams_done_=781500 config.nstreams=1000000 avg_latency=0.5245 ms avg throuhgput (requests/sec) = 756.2383 res=false
*==== INFO ====*  stream_id=3127996 latency=0.575156 ms (tx_ts=84086246504615, rx_ts=84086247079771) request_id=3511443 zil_blk_id=3127996 ccf_commit_seqno=3511443 nstreams_done_=782000 config.nstreams=1000000 avg_latency=0.5245 ms avg throuhgput (requests/sec) = 756.1725 res=false
*==== INFO ====*  stream_id=3129996 latency=0.504263 ms (tx_ts=84086957488665, rx_ts=84086957992928) request_id=3513155 zil_blk_id=3129996 ccf_commit_seqno=3513155 nstreams_done_=782500 config.nstreams=1000000 avg_latency=0.5245 ms avg throuhgput (requests/sec) = 756.1362 res=false
*==== INFO ====*  stream_id=3131996 latency=0.453648 ms (tx_ts=84087653271212, rx_ts=84087653724860) request_id=3514839 zil_blk_id=3131996 ccf_commit_seqno=3514839 nstreams_done_=783000 config.nstreams=1000000 avg_latency=0.5245 ms avg throuhgput (requests/sec) = 756.1111 res=false
*==== INFO ====*  stream_id=3133996 latency=0.471863 ms (tx_ts=84088375729189, rx_ts=84088376201052) request_id=3516501 zil_blk_id=3133996 ccf_commit_seqno=3516501 nstreams_done_=783500 config.nstreams=1000000 avg_latency=0.5246 ms avg throuhgput (requests/sec) = 756.0664 res=false
*==== INFO ====*  stream_id=3135996 latency=0.550409 ms (tx_ts=84089071201276, rx_ts=84089071751685) request_id=3518090 zil_blk_id=3135996 ccf_commit_seqno=3518090 nstreams_done_=784000 config.nstreams=1000000 avg_latency=0.5246 ms avg throuhgput (requests/sec) = 756.0415 res=false
*==== INFO ====*  stream_id=3137996 latency=0.480189 ms (tx_ts=84089759431271, rx_ts=84089759911460) request_id=3519678 zil_blk_id=3137996 ccf_commit_seqno=3519678 nstreams_done_=784500 config.nstreams=1000000 avg_latency=0.5245 ms avg throuhgput (requests/sec) = 756.0219 res=false
*==== INFO ====*  stream_id=3139996 latency=0.512549 ms (tx_ts=84090465131818, rx_ts=84090465644367) request_id=3521294 zil_blk_id=3139996 ccf_commit_seqno=3521294 nstreams_done_=785000 config.nstreams=1000000 avg_latency=0.5245 ms avg throuhgput (requests/sec) = 755.9896 res=false
*==== INFO ====*  stream_id=3141996 latency=0.472284 ms (tx_ts=84091163080248, rx_ts=84091163552532) request_id=3522906 zil_blk_id=3141996 ccf_commit_seqno=3522906 nstreams_done_=785500 config.nstreams=1000000 avg_latency=0.5246 ms avg throuhgput (requests/sec) = 755.9630 res=false
*==== INFO ====*  stream_id=3143996 latency=0.507079 ms (tx_ts=84091840840289, rx_ts=84091841347368) request_id=3524521 zil_blk_id=3143996 ccf_commit_seqno=3524521 nstreams_done_=786000 config.nstreams=1000000 avg_latency=0.5245 ms avg throuhgput (requests/sec) = 755.9511 res=false
*==== INFO ====*  stream_id=3145996 latency=4.824093 ms (tx_ts=84092614313993, rx_ts=84092619138086) request_id=3526359 zil_blk_id=3145996 ccf_commit_seqno=3526359 nstreams_done_=786500 config.nstreams=1000000 avg_latency=0.5246 ms avg throuhgput (requests/sec) = 755.8666 res=false
*==== INFO ====*  stream_id=3147996 latency=0.530772 ms (tx_ts=84093332172593, rx_ts=84093332703365) request_id=3528058 zil_blk_id=3147996 ccf_commit_seqno=3528059 nstreams_done_=787000 config.nstreams=1000000 avg_latency=0.5246 ms avg throuhgput (requests/sec) = 755.8288 res=false
*==== INFO ====*  stream_id=3149996 latency=0.510124 ms (tx_ts=84094078026599, rx_ts=84094078536723) request_id=3529695 zil_blk_id=3149996 ccf_commit_seqno=3529695 nstreams_done_=787500 config.nstreams=1000000 avg_latency=0.5246 ms avg throuhgput (requests/sec) = 755.7676 res=false
*==== INFO ====*  stream_id=3151996 latency=0.495337 ms (tx_ts=84094775116800, rx_ts=84094775612137) request_id=3531257 zil_blk_id=3151996 ccf_commit_seqno=3531257 nstreams_done_=788000 config.nstreams=1000000 avg_latency=0.5246 ms avg throuhgput (requests/sec) = 755.7419 res=false
*==== INFO ====*  stream_id=3153996 latency=0.464720 ms (tx_ts=84095447716045, rx_ts=84095448180765) request_id=3532837 zil_blk_id=3153996 ccf_commit_seqno=3532837 nstreams_done_=788500 config.nstreams=1000000 avg_latency=0.5246 ms avg throuhgput (requests/sec) = 755.7339 res=false
*==== INFO ====*  stream_id=3155996 latency=0.496949 ms (tx_ts=84096191921959, rx_ts=84096192418908) request_id=3534640 zil_blk_id=3155996 ccf_commit_seqno=3534640 nstreams_done_=789000 config.nstreams=1000000 avg_latency=0.5246 ms avg throuhgput (requests/sec) = 755.6741 res=false
*==== INFO ====*  stream_id=3157996 latency=0.480959 ms (tx_ts=84096943962032, rx_ts=84096944442991) request_id=3536414 zil_blk_id=3157996 ccf_commit_seqno=3536414 nstreams_done_=789500 config.nstreams=1000000 avg_latency=0.5246 ms avg throuhgput (requests/sec) = 755.6088 res=false
*==== INFO ====*  stream_id=3159996 latency=0.500416 ms (tx_ts=84097620539250, rx_ts=84097621039666) request_id=3538068 zil_blk_id=3159996 ccf_commit_seqno=3538068 nstreams_done_=790000 config.nstreams=1000000 avg_latency=0.5246 ms avg throuhgput (requests/sec) = 755.5980 res=false
*==== INFO ====*  stream_id=3161996 latency=0.468116 ms (tx_ts=84098358812715, rx_ts=84098359280831) request_id=3539687 zil_blk_id=3161996 ccf_commit_seqno=3539687 nstreams_done_=790500 config.nstreams=1000000 avg_latency=0.5247 ms avg throuhgput (requests/sec) = 755.5428 res=false
*==== INFO ====*  stream_id=3163996 latency=0.464929 ms (tx_ts=84099062748300, rx_ts=84099063213229) request_id=3541267 zil_blk_id=3163996 ccf_commit_seqno=3541267 nstreams_done_=791000 config.nstreams=1000000 avg_latency=0.5247 ms avg throuhgput (requests/sec) = 755.5123 res=false
*==== INFO ====*  stream_id=3165996 latency=0.525032 ms (tx_ts=84099794541791, rx_ts=84099795066823) request_id=3542872 zil_blk_id=3165996 ccf_commit_seqno=3542872 nstreams_done_=791500 config.nstreams=1000000 avg_latency=0.5247 ms avg throuhgput (requests/sec) = 755.4618 res=false
*==== INFO ====*  stream_id=3167996 latency=0.505515 ms (tx_ts=84100509540678, rx_ts=84100510046193) request_id=3544471 zil_blk_id=3167996 ccf_commit_seqno=3544471 nstreams_done_=792000 config.nstreams=1000000 avg_latency=0.5247 ms avg throuhgput (requests/sec) = 755.4235 res=false
*==== INFO ====*  stream_id=3169996 latency=0.471582 ms (tx_ts=84101188618915, rx_ts=84101189090497) request_id=3546148 zil_blk_id=3169996 ccf_commit_seqno=3546148 nstreams_done_=792500 config.nstreams=1000000 avg_latency=0.5247 ms avg throuhgput (requests/sec) = 755.4112 res=false
*==== INFO ====*  stream_id=3171996 latency=0.553926 ms (tx_ts=84101906525444, rx_ts=84101907079370) request_id=3547883 zil_blk_id=3171996 ccf_commit_seqno=3547883 nstreams_done_=793000 config.nstreams=1000000 avg_latency=0.5247 ms avg throuhgput (requests/sec) = 755.3708 res=false
*==== INFO ====*  stream_id=3173996 latency=0.489184 ms (tx_ts=84102603941909, rx_ts=84102604431093) request_id=3549621 zil_blk_id=3173996 ccf_commit_seqno=3549621 nstreams_done_=793500 config.nstreams=1000000 avg_latency=0.5247 ms avg throuhgput (requests/sec) = 755.3453 res=false
*==== INFO ====*  stream_id=3175996 latency=0.531003 ms (tx_ts=84103345710942, rx_ts=84103346241945) request_id=3551281 zil_blk_id=3175996 ccf_commit_seqno=3551281 nstreams_done_=794000 config.nstreams=1000000 avg_latency=0.5247 ms avg throuhgput (requests/sec) = 755.2880 res=false
*==== INFO ====*  stream_id=3177996 latency=0.460391 ms (tx_ts=84104040240230, rx_ts=84104040700621) request_id=3552868 zil_blk_id=3177996 ccf_commit_seqno=3552868 nstreams_done_=794500 config.nstreams=1000000 avg_latency=0.5247 ms avg throuhgput (requests/sec) = 755.2647 res=false
*==== INFO ====*  stream_id=3179996 latency=0.459098 ms (tx_ts=84104699030692, rx_ts=84104699489790) request_id=3554410 zil_blk_id=3179996 ccf_commit_seqno=3554410 nstreams_done_=795000 config.nstreams=1000000 avg_latency=0.5247 ms avg throuhgput (requests/sec) = 755.2670 res=false
*==== INFO ====*  stream_id=3181996 latency=0.475459 ms (tx_ts=84105371562917, rx_ts=84105372038376) request_id=3555986 zil_blk_id=3181996 ccf_commit_seqno=3555986 nstreams_done_=795500 config.nstreams=1000000 avg_latency=0.5247 ms avg throuhgput (requests/sec) = 755.2594 res=false
*==== INFO ====*  stream_id=3183996 latency=0.509192 ms (tx_ts=84106089086315, rx_ts=84106089595507) request_id=3557569 zil_blk_id=3183996 ccf_commit_seqno=3557569 nstreams_done_=796000 config.nstreams=1000000 avg_latency=0.5247 ms avg throuhgput (requests/sec) = 755.2196 res=false
*==== INFO ====*  stream_id=3185996 latency=0.456033 ms (tx_ts=84106777392998, rx_ts=84106777849031) request_id=3559161 zil_blk_id=3185996 ccf_commit_seqno=3559161 nstreams_done_=796500 config.nstreams=1000000 avg_latency=0.5247 ms avg throuhgput (requests/sec) = 755.2009 res=false
*==== INFO ====*  stream_id=3187996 latency=0.591206 ms (tx_ts=84107461545245, rx_ts=84107462136451) request_id=3560718 zil_blk_id=3187996 ccf_commit_seqno=3560718 nstreams_done_=797000 config.nstreams=1000000 avg_latency=0.5247 ms avg throuhgput (requests/sec) = 755.1850 res=false
*==== INFO ====*  stream_id=3189996 latency=0.452787 ms (tx_ts=84108194427154, rx_ts=84108194879941) request_id=3562280 zil_blk_id=3189996 ccf_commit_seqno=3562280 nstreams_done_=797500 config.nstreams=1000000 avg_latency=0.5248 ms avg throuhgput (requests/sec) = 755.1345 res=false
*==== INFO ====*  stream_id=3191996 latency=0.536233 ms (tx_ts=84108899460928, rx_ts=84108899997161) request_id=3563831 zil_blk_id=3191996 ccf_commit_seqno=3563831 nstreams_done_=798000 config.nstreams=1000000 avg_latency=0.5248 ms avg throuhgput (requests/sec) = 755.1037 res=false
*==== INFO ====*  stream_id=3193996 latency=0.530231 ms (tx_ts=84109559091914, rx_ts=84109559622145) request_id=3565382 zil_blk_id=3193996 ccf_commit_seqno=3565382 nstreams_done_=798500 config.nstreams=1000000 avg_latency=0.5247 ms avg throuhgput (requests/sec) = 755.1056 res=false
*==== INFO ====*  stream_id=3195996 latency=0.507640 ms (tx_ts=84110288161061, rx_ts=84110288668701) request_id=3566955 zil_blk_id=3195996 ccf_commit_seqno=3566955 nstreams_done_=799000 config.nstreams=1000000 avg_latency=0.5248 ms avg throuhgput (requests/sec) = 755.0578 res=false
*==== INFO ====*  stream_id=3197996 latency=0.454380 ms (tx_ts=84110982919380, rx_ts=84110983373760) request_id=3568493 zil_blk_id=3197996 ccf_commit_seqno=3568493 nstreams_done_=799500 config.nstreams=1000000 avg_latency=0.5248 ms avg throuhgput (requests/sec) = 755.0346 res=false
*==== INFO ====*  stream_id=3199996 latency=0.494154 ms (tx_ts=84111693720152, rx_ts=84111694214306) request_id=3570037 zil_blk_id=3199996 ccf_commit_seqno=3570037 nstreams_done_=800000 config.nstreams=1000000 avg_latency=0.5248 ms avg throuhgput (requests/sec) = 755.0000 res=false
*==== INFO ====*  stream_id=3201996 latency=0.486660 ms (tx_ts=84112393175922, rx_ts=84112393662582) request_id=3571595 zil_blk_id=3201996 ccf_commit_seqno=3571595 nstreams_done_=800500 config.nstreams=1000000 avg_latency=0.5248 ms avg throuhgput (requests/sec) = 754.9735 res=false
*==== INFO ====*  stream_id=3203996 latency=0.491990 ms (tx_ts=84113079071754, rx_ts=84113079563744) request_id=3573159 zil_blk_id=3203996 ccf_commit_seqno=3573159 nstreams_done_=801000 config.nstreams=1000000 avg_latency=0.5248 ms avg throuhgput (requests/sec) = 754.9567 res=false
*==== INFO ====*  stream_id=3205996 latency=0.453859 ms (tx_ts=84113757299577, rx_ts=84113757753436) request_id=3574710 zil_blk_id=3205996 ccf_commit_seqno=3574710 nstreams_done_=801500 config.nstreams=1000000 avg_latency=0.5247 ms avg throuhgput (requests/sec) = 754.9454 res=false
*==== INFO ====*  stream_id=3207996 latency=0.589833 ms (tx_ts=84114452950367, rx_ts=84114453540200) request_id=3576270 zil_blk_id=3207996 ccf_commit_seqno=3576270 nstreams_done_=802000 config.nstreams=1000000 avg_latency=0.5247 ms avg throuhgput (requests/sec) = 754.9216 res=false
*==== INFO ====*  stream_id=3209996 latency=0.448890 ms (tx_ts=84115129962156, rx_ts=84115130411046) request_id=3577816 zil_blk_id=3209996 ccf_commit_seqno=3577816 nstreams_done_=802500 config.nstreams=1000000 avg_latency=0.5247 ms avg throuhgput (requests/sec) = 754.9113 res=false
*==== INFO ====*  stream_id=3211996 latency=0.479292 ms (tx_ts=84115810172514, rx_ts=84115810651806) request_id=3579413 zil_blk_id=3211996 ccf_commit_seqno=3579413 nstreams_done_=803000 config.nstreams=1000000 avg_latency=0.5247 ms avg throuhgput (requests/sec) = 754.8986 res=false
*==== INFO ====*  stream_id=3213996 latency=0.469033 ms (tx_ts=84116471106275, rx_ts=84116471575308) request_id=3581020 zil_blk_id=3213996 ccf_commit_seqno=3581020 nstreams_done_=803500 config.nstreams=1000000 avg_latency=0.5247 ms avg throuhgput (requests/sec) = 754.8996 res=false
*==== INFO ====*  stream_id=3215996 latency=0.485297 ms (tx_ts=84117182377062, rx_ts=84117182862359) request_id=3582664 zil_blk_id=3215996 ccf_commit_seqno=3582664 nstreams_done_=804000 config.nstreams=1000000 avg_latency=0.5247 ms avg throuhgput (requests/sec) = 754.8649 res=false
*==== INFO ====*  stream_id=3217996 latency=0.460531 ms (tx_ts=84117890085709, rx_ts=84117890546240) request_id=3584273 zil_blk_id=3217996 ccf_commit_seqno=3584273 nstreams_done_=804500 config.nstreams=1000000 avg_latency=0.5248 ms avg throuhgput (requests/sec) = 754.8328 res=false
*==== INFO ====*  stream_id=3219996 latency=0.499063 ms (tx_ts=84118604065205, rx_ts=84118604564268) request_id=3585894 zil_blk_id=3219996 ccf_commit_seqno=3585894 nstreams_done_=805000 config.nstreams=1000000 avg_latency=0.5248 ms avg throuhgput (requests/sec) = 754.7962 res=false
*==== INFO ====*  stream_id=3221996 latency=0.445152 ms (tx_ts=84119243371626, rx_ts=84119243816778) request_id=3587466 zil_blk_id=3221996 ccf_commit_seqno=3587466 nstreams_done_=805500 config.nstreams=1000000 avg_latency=0.5247 ms avg throuhgput (requests/sec) = 754.8126 res=false
*==== INFO ====*  stream_id=3223996 latency=0.528953 ms (tx_ts=84119973972779, rx_ts=84119974501732) request_id=3589199 zil_blk_id=3223996 ccf_commit_seqno=3589199 nstreams_done_=806000 config.nstreams=1000000 avg_latency=0.5248 ms avg throuhgput (requests/sec) = 754.7644 res=false
*==== INFO ====*  stream_id=3225996 latency=0.480328 ms (tx_ts=84120677897232, rx_ts=84120678377560) request_id=3590831 zil_blk_id=3225996 ccf_commit_seqno=3590831 nstreams_done_=806500 config.nstreams=1000000 avg_latency=0.5248 ms avg throuhgput (requests/sec) = 754.7351 res=false
*==== INFO ====*  stream_id=3227996 latency=0.446095 ms (tx_ts=84121364776241, rx_ts=84121365222336) request_id=3592374 zil_blk_id=3227996 ccf_commit_seqno=3592374 nstreams_done_=807000 config.nstreams=1000000 avg_latency=0.5248 ms avg throuhgput (requests/sec) = 754.7179 res=false
*==== INFO ====*  stream_id=3229996 latency=0.473125 ms (tx_ts=84122089278197, rx_ts=84122089751322) request_id=3593989 zil_blk_id=3229996 ccf_commit_seqno=3593989 nstreams_done_=807500 config.nstreams=1000000 avg_latency=0.5248 ms avg throuhgput (requests/sec) = 754.6742 res=false
*==== INFO ====*  stream_id=3231996 latency=0.456964 ms (tx_ts=84122792121856, rx_ts=84122792578820) request_id=3595600 zil_blk_id=3231996 ccf_commit_seqno=3595600 nstreams_done_=808000 config.nstreams=1000000 avg_latency=0.5248 ms avg throuhgput (requests/sec) = 754.6458 res=false
*==== INFO ====*  stream_id=3233996 latency=0.447146 ms (tx_ts=84123507584886, rx_ts=84123508032032) request_id=3597258 zil_blk_id=3233996 ccf_commit_seqno=3597258 nstreams_done_=808500 config.nstreams=1000000 avg_latency=0.5248 ms avg throuhgput (requests/sec) = 754.6085 res=false
*==== INFO ====*  stream_id=3235996 latency=0.484476 ms (tx_ts=84124218830427, rx_ts=84124219314903) request_id=3598889 zil_blk_id=3235996 ccf_commit_seqno=3598889 nstreams_done_=809000 config.nstreams=1000000 avg_latency=0.5247 ms avg throuhgput (requests/sec) = 754.5743 res=false
*==== INFO ====*  stream_id=3237996 latency=0.504403 ms (tx_ts=84124916855316, rx_ts=84124917359719) request_id=3600479 zil_blk_id=3237996 ccf_commit_seqno=3600479 nstreams_done_=809500 config.nstreams=1000000 avg_latency=0.5248 ms avg throuhgput (requests/sec) = 754.5493 res=false
*==== INFO ====*  stream_id=3239996 latency=0.468817 ms (tx_ts=84125641215257, rx_ts=84125641684074) request_id=3602089 zil_blk_id=3239996 ccf_commit_seqno=3602089 nstreams_done_=810000 config.nstreams=1000000 avg_latency=0.5248 ms avg throuhgput (requests/sec) = 754.5060 res=false
*==== INFO ====*  stream_id=3241996 latency=0.442708 ms (tx_ts=84126312875741, rx_ts=84126313318449) request_id=3603683 zil_blk_id=3241996 ccf_commit_seqno=3603683 nstreams_done_=810500 config.nstreams=1000000 avg_latency=0.5247 ms avg throuhgput (requests/sec) = 754.4997 res=false
*==== INFO ====*  stream_id=3243996 latency=0.509382 ms (tx_ts=84126980167664, rx_ts=84126980677046) request_id=3605255 zil_blk_id=3243996 ccf_commit_seqno=3605255 nstreams_done_=811000 config.nstreams=1000000 avg_latency=0.5247 ms avg throuhgput (requests/sec) = 754.4964 res=false
*==== INFO ====*  stream_id=3245996 latency=0.445273 ms (tx_ts=84127646218927, rx_ts=84127646664200) request_id=3606828 zil_blk_id=3245996 ccf_commit_seqno=3606828 nstreams_done_=811500 config.nstreams=1000000 avg_latency=0.5247 ms avg throuhgput (requests/sec) = 754.4941 res=false
*==== INFO ====*  stream_id=3247996 latency=0.480790 ms (tx_ts=84128315079155, rx_ts=84128315559945) request_id=3608442 zil_blk_id=3247996 ccf_commit_seqno=3608442 nstreams_done_=812000 config.nstreams=1000000 avg_latency=0.5247 ms avg throuhgput (requests/sec) = 754.4898 res=false
*==== INFO ====*  stream_id=3249996 latency=0.481661 ms (tx_ts=84128984940896, rx_ts=84128985422557) request_id=3610021 zil_blk_id=3249996 ccf_commit_seqno=3610021 nstreams_done_=812500 config.nstreams=1000000 avg_latency=0.5247 ms avg throuhgput (requests/sec) = 754.4848 res=false
*==== INFO ====*  stream_id=3251996 latency=0.487962 ms (tx_ts=84129742707210, rx_ts=84129743195172) request_id=3611648 zil_blk_id=3251996 ccf_commit_seqno=3611648 nstreams_done_=813000 config.nstreams=1000000 avg_latency=0.5247 ms avg throuhgput (requests/sec) = 754.4182 res=false
*==== INFO ====*  stream_id=3253996 latency=0.486860 ms (tx_ts=84130409931589, rx_ts=84130410418449) request_id=3613235 zil_blk_id=3253996 ccf_commit_seqno=3613236 nstreams_done_=813500 config.nstreams=1000000 avg_latency=0.5247 ms avg throuhgput (requests/sec) = 754.4151 res=false
*==== INFO ====*  stream_id=3255996 latency=0.445583 ms (tx_ts=84131072285550, rx_ts=84131072731133) request_id=3614884 zil_blk_id=3255996 ccf_commit_seqno=3614884 nstreams_done_=814000 config.nstreams=1000000 avg_latency=0.5247 ms avg throuhgput (requests/sec) = 754.4154 res=false
*==== INFO ====*  stream_id=3257996 latency=0.480850 ms (tx_ts=84131756995856, rx_ts=84131757476706) request_id=3616553 zil_blk_id=3257996 ccf_commit_seqno=3616553 nstreams_done_=814500 config.nstreams=1000000 avg_latency=0.5247 ms avg throuhgput (requests/sec) = 754.4000 res=false
*==== INFO ====*  stream_id=3259996 latency=0.449671 ms (tx_ts=84132416059345, rx_ts=84132416509016) request_id=3618181 zil_blk_id=3259996 ccf_commit_seqno=3618181 nstreams_done_=815000 config.nstreams=1000000 avg_latency=0.5246 ms avg throuhgput (requests/sec) = 754.4027 res=false
*==== INFO ====*  stream_id=3261996 latency=0.598490 ms (tx_ts=84133095997569, rx_ts=84133096596059) request_id=3619861 zil_blk_id=3261996 ccf_commit_seqno=3619862 nstreams_done_=815500 config.nstreams=1000000 avg_latency=0.5246 ms avg throuhgput (requests/sec) = 754.3906 res=false
*==== INFO ====*  stream_id=3263996 latency=0.434312 ms (tx_ts=84133750220790, rx_ts=84133750655102) request_id=3621481 zil_blk_id=3263996 ccf_commit_seqno=3621481 nstreams_done_=816000 config.nstreams=1000000 avg_latency=0.5246 ms avg throuhgput (requests/sec) = 754.3967 res=false
*==== INFO ====*  stream_id=3265996 latency=0.439041 ms (tx_ts=84134475504751, rx_ts=84134475943792) request_id=3623119 zil_blk_id=3265996 ccf_commit_seqno=3623119 nstreams_done_=816500 config.nstreams=1000000 avg_latency=0.5246 ms avg throuhgput (requests/sec) = 754.3531 res=false
*==== INFO ====*  stream_id=3267996 latency=0.459419 ms (tx_ts=84135189572205, rx_ts=84135190031624) request_id=3624767 zil_blk_id=3267996 ccf_commit_seqno=3624767 nstreams_done_=817000 config.nstreams=1000000 avg_latency=0.5246 ms avg throuhgput (requests/sec) = 754.3174 res=false
*==== INFO ====*  stream_id=3269996 latency=0.477934 ms (tx_ts=84135843320630, rx_ts=84135843798564) request_id=3626395 zil_blk_id=3269996 ccf_commit_seqno=3626395 nstreams_done_=817500 config.nstreams=1000000 avg_latency=0.5246 ms avg throuhgput (requests/sec) = 754.3237 res=false
*==== INFO ====*  stream_id=3271996 latency=0.582179 ms (tx_ts=84136490528341, rx_ts=84136491110520) request_id=3628059 zil_blk_id=3271996 ccf_commit_seqno=3628059 nstreams_done_=818000 config.nstreams=1000000 avg_latency=0.5246 ms avg throuhgput (requests/sec) = 754.3345 res=false
*==== INFO ====*  stream_id=3273996 latency=0.472263 ms (tx_ts=84137171174720, rx_ts=84137171646983) request_id=3629644 zil_blk_id=3273996 ccf_commit_seqno=3629644 nstreams_done_=818500 config.nstreams=1000000 avg_latency=0.5246 ms avg throuhgput (requests/sec) = 754.3222 res=false
*==== INFO ====*  stream_id=3275996 latency=0.445072 ms (tx_ts=84137892492246, rx_ts=84137892937318) request_id=3631366 zil_blk_id=3275996 ccf_commit_seqno=3631366 nstreams_done_=819000 config.nstreams=1000000 avg_latency=0.5246 ms avg throuhgput (requests/sec) = 754.2816 res=false
*==== INFO ====*  stream_id=3277996 latency=0.448949 ms (tx_ts=84138594677846, rx_ts=84138595126795) request_id=3633012 zil_blk_id=3277996 ccf_commit_seqno=3633012 nstreams_done_=819500 config.nstreams=1000000 avg_latency=0.5246 ms avg throuhgput (requests/sec) = 754.2543 res=false
*==== INFO ====*  stream_id=3279996 latency=0.454089 ms (tx_ts=84139286596849, rx_ts=84139287050938) request_id=3634573 zil_blk_id=3279996 ccf_commit_seqno=3634573 nstreams_done_=820000 config.nstreams=1000000 avg_latency=0.5246 ms avg throuhgput (requests/sec) = 754.2342 res=false
*==== INFO ====*  stream_id=3281996 latency=0.464048 ms (tx_ts=84139967653727, rx_ts=84139968117775) request_id=3636179 zil_blk_id=3281996 ccf_commit_seqno=3636179 nstreams_done_=820500 config.nstreams=1000000 avg_latency=0.5246 ms avg throuhgput (requests/sec) = 754.2216 res=false
*==== INFO ====*  stream_id=3283996 latency=0.455011 ms (tx_ts=84140651256621, rx_ts=84140651711632) request_id=3637752 zil_blk_id=3283996 ccf_commit_seqno=3637752 nstreams_done_=821000 config.nstreams=1000000 avg_latency=0.5246 ms avg throuhgput (requests/sec) = 754.2073 res=false
*==== INFO ====*  stream_id=3285996 latency=0.605122 ms (tx_ts=84141337932519, rx_ts=84141338537641) request_id=3639308 zil_blk_id=3285996 ccf_commit_seqno=3639308 nstreams_done_=821500 config.nstreams=1000000 avg_latency=0.5246 ms avg throuhgput (requests/sec) = 754.1908 res=false
*==== INFO ====*  stream_id=3287996 latency=0.457616 ms (tx_ts=84142013610324, rx_ts=84142014067940) request_id=3640841 zil_blk_id=3287996 ccf_commit_seqno=3640841 nstreams_done_=822000 config.nstreams=1000000 avg_latency=0.5246 ms avg throuhgput (requests/sec) = 754.1821 res=false
*==== INFO ====*  stream_id=3289996 latency=0.478104 ms (tx_ts=84142717122798, rx_ts=84142717600902) request_id=3642393 zil_blk_id=3289996 ccf_commit_seqno=3642393 nstreams_done_=822500 config.nstreams=1000000 avg_latency=0.5246 ms avg throuhgput (requests/sec) = 754.1540 res=false
*==== INFO ====*  stream_id=3291996 latency=0.494946 ms (tx_ts=84143406418203, rx_ts=84143406913149) request_id=3643958 zil_blk_id=3291996 ccf_commit_seqno=3643958 nstreams_done_=823000 config.nstreams=1000000 avg_latency=0.5246 ms avg throuhgput (requests/sec) = 754.1358 res=false
*==== INFO ====*  stream_id=3293996 latency=0.504995 ms (tx_ts=84144115533427, rx_ts=84144116038422) request_id=3645549 zil_blk_id=3293996 ccf_commit_seqno=3645549 nstreams_done_=823500 config.nstreams=1000000 avg_latency=0.5246 ms avg throuhgput (requests/sec) = 754.1040 res=false
*==== INFO ====*  stream_id=3295996 latency=0.490708 ms (tx_ts=84144803055933, rx_ts=84144803546641) request_id=3647128 zil_blk_id=3295996 ccf_commit_seqno=3647129 nstreams_done_=824000 config.nstreams=1000000 avg_latency=0.5246 ms avg throuhgput (requests/sec) = 754.0871 res=false
*==== INFO ====*  stream_id=3297996 latency=0.456705 ms (tx_ts=84145489950736, rx_ts=84145490407441) request_id=3648676 zil_blk_id=3297996 ccf_commit_seqno=3648676 nstreams_done_=824500 config.nstreams=1000000 avg_latency=0.5246 ms avg throuhgput (requests/sec) = 754.0707 res=false
*==== INFO ====*  stream_id=3299996 latency=0.479477 ms (tx_ts=84146210491645, rx_ts=84146210971122) request_id=3650293 zil_blk_id=3299996 ccf_commit_seqno=3650293 nstreams_done_=825000 config.nstreams=1000000 avg_latency=0.5246 ms avg throuhgput (requests/sec) = 754.0310 res=false
*==== INFO ====*  stream_id=3301996 latency=0.432949 ms (tx_ts=84146930863482, rx_ts=84146931296431) request_id=3651872 zil_blk_id=3301996 ccf_commit_seqno=3651872 nstreams_done_=825500 config.nstreams=1000000 avg_latency=0.5246 ms avg throuhgput (requests/sec) = 753.9916 res=false
*==== INFO ====*  stream_id=3303996 latency=0.488845 ms (tx_ts=84147622244764, rx_ts=84147622733609) request_id=3653435 zil_blk_id=3303996 ccf_commit_seqno=3653435 nstreams_done_=826000 config.nstreams=1000000 avg_latency=0.5246 ms avg throuhgput (requests/sec) = 753.9722 res=false
*==== INFO ====*  stream_id=3305996 latency=0.459219 ms (tx_ts=84148302382034, rx_ts=84148302841253) request_id=3654993 zil_blk_id=3305996 ccf_commit_seqno=3654993 nstreams_done_=826500 config.nstreams=1000000 avg_latency=0.5246 ms avg throuhgput (requests/sec) = 753.9605 res=false
*==== INFO ====*  stream_id=3307996 latency=0.455622 ms (tx_ts=84148983703108, rx_ts=84148984158730) request_id=3656555 zil_blk_id=3307996 ccf_commit_seqno=3656555 nstreams_done_=827000 config.nstreams=1000000 avg_latency=0.5246 ms avg throuhgput (requests/sec) = 753.9480 res=false
*==== INFO ====*  stream_id=3309996 latency=0.476181 ms (tx_ts=84149685624316, rx_ts=84149686100497) request_id=3658154 zil_blk_id=3309996 ccf_commit_seqno=3658154 nstreams_done_=827500 config.nstreams=1000000 avg_latency=0.5246 ms avg throuhgput (requests/sec) = 753.9214 res=false
*==== INFO ====*  stream_id=3311996 latency=0.469078 ms (tx_ts=84150429905794, rx_ts=84150430374872) request_id=3659785 zil_blk_id=3311996 ccf_commit_seqno=3659785 nstreams_done_=828000 config.nstreams=1000000 avg_latency=0.5246 ms avg throuhgput (requests/sec) = 753.8657 res=false
*==== INFO ====*  stream_id=3313996 latency=0.478494 ms (tx_ts=84151155021230, rx_ts=84151155499724) request_id=3661437 zil_blk_id=3313996 ccf_commit_seqno=3661437 nstreams_done_=828500 config.nstreams=1000000 avg_latency=0.5246 ms avg throuhgput (requests/sec) = 753.8233 res=false
*==== INFO ====*  stream_id=3315996 latency=0.528028 ms (tx_ts=84151879192148, rx_ts=84151879720176) request_id=3663115 zil_blk_id=3315996 ccf_commit_seqno=3663115 nstreams_done_=829000 config.nstreams=1000000 avg_latency=0.5246 ms avg throuhgput (requests/sec) = 753.7815 res=false
*==== INFO ====*  stream_id=3317996 latency=0.470329 ms (tx_ts=84152578260682, rx_ts=84152578731011) request_id=3664746 zil_blk_id=3317996 ccf_commit_seqno=3664746 nstreams_done_=829500 config.nstreams=1000000 avg_latency=0.5246 ms avg throuhgput (requests/sec) = 753.7571 res=false
*==== INFO ====*  stream_id=3319996 latency=0.533037 ms (tx_ts=84153296465332, rx_ts=84153296998369) request_id=3666370 zil_blk_id=3319996 ccf_commit_seqno=3666370 nstreams_done_=830000 config.nstreams=1000000 avg_latency=0.5246 ms avg throuhgput (requests/sec) = 753.7195 res=false
*==== INFO ====*  stream_id=3321996 latency=0.525082 ms (tx_ts=84153990609397, rx_ts=84153991134479) request_id=3667922 zil_blk_id=3321996 ccf_commit_seqno=3667922 nstreams_done_=830500 config.nstreams=1000000 avg_latency=0.5246 ms avg throuhgput (requests/sec) = 753.6985 res=false
*==== INFO ====*  stream_id=3323996 latency=0.492141 ms (tx_ts=84154705467719, rx_ts=84154705959860) request_id=3669495 zil_blk_id=3323996 ccf_commit_seqno=3669495 nstreams_done_=831000 config.nstreams=1000000 avg_latency=0.5246 ms avg throuhgput (requests/sec) = 753.6633 res=false
*==== INFO ====*  stream_id=3325996 latency=0.489215 ms (tx_ts=84155437187004, rx_ts=84155437676219) request_id=3671087 zil_blk_id=3325996 ccf_commit_seqno=3671087 nstreams_done_=831500 config.nstreams=1000000 avg_latency=0.5246 ms avg throuhgput (requests/sec) = 753.6167 res=false
*==== INFO ====*  stream_id=3327996 latency=0.545289 ms (tx_ts=84156134021028, rx_ts=84156134566317) request_id=3672687 zil_blk_id=3327996 ccf_commit_seqno=3672687 nstreams_done_=832000 config.nstreams=1000000 avg_latency=0.5247 ms avg throuhgput (requests/sec) = 753.5938 res=false
*==== INFO ====*  stream_id=3329996 latency=0.462414 ms (tx_ts=84156826364140, rx_ts=84156826826554) request_id=3674235 zil_blk_id=3329996 ccf_commit_seqno=3674235 nstreams_done_=832500 config.nstreams=1000000 avg_latency=0.5247 ms avg throuhgput (requests/sec) = 753.5742 res=false
*==== INFO ====*  stream_id=3331996 latency=0.470951 ms (tx_ts=84157535118742, rx_ts=84157535589693) request_id=3675813 zil_blk_id=3331996 ccf_commit_seqno=3675813 nstreams_done_=833000 config.nstreams=1000000 avg_latency=0.5247 ms avg throuhgput (requests/sec) = 753.5434 res=false
*==== INFO ====*  stream_id=3333996 latency=0.478966 ms (tx_ts=84158241607666, rx_ts=84158242086632) request_id=3677443 zil_blk_id=3333996 ccf_commit_seqno=3677444 nstreams_done_=833500 config.nstreams=1000000 avg_latency=0.5246 ms avg throuhgput (requests/sec) = 753.5141 res=false
*==== INFO ====*  stream_id=3335996 latency=0.498592 ms (tx_ts=84158914953081, rx_ts=84158915451673) request_id=3679040 zil_blk_id=3335996 ccf_commit_seqno=3679040 nstreams_done_=834000 config.nstreams=1000000 avg_latency=0.5246 ms avg throuhgput (requests/sec) = 753.5074 res=false
*==== INFO ====*  stream_id=3337996 latency=0.472995 ms (tx_ts=84159592728911, rx_ts=84159593201906) request_id=3680631 zil_blk_id=3337996 ccf_commit_seqno=3680631 nstreams_done_=834500 config.nstreams=1000000 avg_latency=0.5246 ms avg throuhgput (requests/sec) = 753.4978 res=false
*==== INFO ====*  stream_id=3339996 latency=0.455282 ms (tx_ts=84160258390085, rx_ts=84160258845367) request_id=3682235 zil_blk_id=3339996 ccf_commit_seqno=3682235 nstreams_done_=835000 config.nstreams=1000000 avg_latency=0.5246 ms avg throuhgput (requests/sec) = 753.4964 res=false
*==== INFO ====*  stream_id=3341996 latency=0.505025 ms (tx_ts=84160925766297, rx_ts=84160926271322) request_id=3683858 zil_blk_id=3341996 ccf_commit_seqno=3683858 nstreams_done_=835500 config.nstreams=1000000 avg_latency=0.5246 ms avg throuhgput (requests/sec) = 753.4937 res=false
*==== INFO ====*  stream_id=3343996 latency=0.476581 ms (tx_ts=84161625861787, rx_ts=84161626338368) request_id=3685443 zil_blk_id=3343996 ccf_commit_seqno=3685443 nstreams_done_=836000 config.nstreams=1000000 avg_latency=0.5246 ms avg throuhgput (requests/sec) = 753.4690 res=false
*==== INFO ====*  stream_id=3345996 latency=0.778255 ms (tx_ts=84162298769463, rx_ts=84162299547718) request_id=3687034 zil_blk_id=3345996 ccf_commit_seqno=3687034 nstreams_done_=836500 config.nstreams=1000000 avg_latency=0.5246 ms avg throuhgput (requests/sec) = 753.4624 res=false
*==== INFO ====*  stream_id=3347996 latency=0.700851 ms (tx_ts=84162991890479, rx_ts=84162992591330) request_id=3688651 zil_blk_id=3347996 ccf_commit_seqno=3688651 nstreams_done_=837000 config.nstreams=1000000 avg_latency=0.5246 ms avg throuhgput (requests/sec) = 753.4425 res=false
*==== INFO ====*  stream_id=3349996 latency=0.542745 ms (tx_ts=84163707565538, rx_ts=84163708108283) request_id=3690278 zil_blk_id=3349996 ccf_commit_seqno=3690278 nstreams_done_=837500 config.nstreams=1000000 avg_latency=0.5246 ms avg throuhgput (requests/sec) = 753.4073 res=false
*==== INFO ====*  stream_id=3351996 latency=0.450583 ms (tx_ts=84164364438577, rx_ts=84164364889160) request_id=3691869 zil_blk_id=3351996 ccf_commit_seqno=3691869 nstreams_done_=838000 config.nstreams=1000000 avg_latency=0.5246 ms avg throuhgput (requests/sec) = 753.4119 res=false
*==== INFO ====*  stream_id=3353996 latency=1.178995 ms (tx_ts=84165016421849, rx_ts=84165017600844) request_id=3693446 zil_blk_id=3353996 ccf_commit_seqno=3693446 nstreams_done_=838500 config.nstreams=1000000 avg_latency=0.5246 ms avg throuhgput (requests/sec) = 753.4193 res=false
*==== INFO ====*  stream_id=3355996 latency=0.468436 ms (tx_ts=84165699691765, rx_ts=84165700160201) request_id=3695020 zil_blk_id=3355996 ccf_commit_seqno=3695020 nstreams_done_=839000 config.nstreams=1000000 avg_latency=0.5246 ms avg throuhgput (requests/sec) = 753.4065 res=false
*==== INFO ====*  stream_id=3357996 latency=0.483824 ms (tx_ts=84166429168865, rx_ts=84166429652689) request_id=3696698 zil_blk_id=3357996 ccf_commit_seqno=3696698 nstreams_done_=839500 config.nstreams=1000000 avg_latency=0.5246 ms avg throuhgput (requests/sec) = 753.3620 res=false
*==== INFO ====*  stream_id=3359996 latency=0.466813 ms (tx_ts=84167091869527, rx_ts=84167092336340) request_id=3698250 zil_blk_id=3359996 ccf_commit_seqno=3698250 nstreams_done_=840000 config.nstreams=1000000 avg_latency=0.5246 ms avg throuhgput (requests/sec) = 753.3627 res=false
*==== INFO ====*  stream_id=3361996 latency=0.455010 ms (tx_ts=84167777974356, rx_ts=84167778429366) request_id=3699824 zil_blk_id=3361996 ccf_commit_seqno=3699824 nstreams_done_=840500 config.nstreams=1000000 avg_latency=0.5246 ms avg throuhgput (requests/sec) = 753.3476 res=false
*==== INFO ====*  stream_id=3363996 latency=0.476711 ms (tx_ts=84168477989634, rx_ts=84168478466345) request_id=3701449 zil_blk_id=3363996 ccf_commit_seqno=3701449 nstreams_done_=841000 config.nstreams=1000000 avg_latency=0.5246 ms avg throuhgput (requests/sec) = 753.3231 res=false
*==== INFO ====*  stream_id=3365996 latency=2.085430 ms (tx_ts=84169177144061, rx_ts=84169179229491) request_id=3703150 zil_blk_id=3365996 ccf_commit_seqno=3703150 nstreams_done_=841500 config.nstreams=1000000 avg_latency=0.5246 ms avg throuhgput (requests/sec) = 753.2981 res=false
*==== INFO ====*  stream_id=3367996 latency=0.475609 ms (tx_ts=84169864756767, rx_ts=84169865232376) request_id=3704752 zil_blk_id=3367996 ccf_commit_seqno=3704752 nstreams_done_=842000 config.nstreams=1000000 avg_latency=0.5246 ms avg throuhgput (requests/sec) = 753.2831 res=false
*==== INFO ====*  stream_id=3369996 latency=0.486580 ms (tx_ts=84170533063723, rx_ts=84170533550303) request_id=3706339 zil_blk_id=3369996 ccf_commit_seqno=3706339 nstreams_done_=842500 config.nstreams=1000000 avg_latency=0.5246 ms avg throuhgput (requests/sec) = 753.2800 res=false
*==== INFO ====*  stream_id=3371996 latency=0.509857 ms (tx_ts=84171186994900, rx_ts=84171187504757) request_id=3707958 zil_blk_id=3371996 ccf_commit_seqno=3707958 nstreams_done_=843000 config.nstreams=1000000 avg_latency=0.5246 ms avg throuhgput (requests/sec) = 753.2866 res=false
*==== INFO ====*  stream_id=3373996 latency=0.506496 ms (tx_ts=84171865983645, rx_ts=84171866490141) request_id=3709549 zil_blk_id=3373996 ccf_commit_seqno=3709549 nstreams_done_=843500 config.nstreams=1000000 avg_latency=0.5246 ms avg throuhgput (requests/sec) = 753.2764 res=false
*==== INFO ====*  stream_id=3375996 latency=0.466643 ms (tx_ts=84172550899607, rx_ts=84172551366250) request_id=3711131 zil_blk_id=3375996 ccf_commit_seqno=3711131 nstreams_done_=844000 config.nstreams=1000000 avg_latency=0.5246 ms avg throuhgput (requests/sec) = 753.2622 res=false
*==== INFO ====*  stream_id=3377996 latency=0.475949 ms (tx_ts=84173239173310, rx_ts=84173239649259) request_id=3712762 zil_blk_id=3377996 ccf_commit_seqno=3712762 nstreams_done_=844500 config.nstreams=1000000 avg_latency=0.5246 ms avg throuhgput (requests/sec) = 753.2457 res=false
*==== INFO ====*  stream_id=3379996 latency=0.447547 ms (tx_ts=84173890957641, rx_ts=84173891405188) request_id=3714326 zil_blk_id=3379996 ccf_commit_seqno=3714326 nstreams_done_=845000 config.nstreams=1000000 avg_latency=0.5246 ms avg throuhgput (requests/sec) = 753.2538 res=false
*==== INFO ====*  stream_id=3381996 latency=0.522086 ms (tx_ts=84174537206552, rx_ts=84174537728638) request_id=3715874 zil_blk_id=3381996 ccf_commit_seqno=3715874 nstreams_done_=845500 config.nstreams=1000000 avg_latency=0.5246 ms avg throuhgput (requests/sec) = 753.2655 res=false
*==== INFO ====*  stream_id=3383996 latency=0.464279 ms (tx_ts=84175210321748, rx_ts=84175210786027) request_id=3717445 zil_blk_id=3383996 ccf_commit_seqno=3717445 nstreams_done_=846000 config.nstreams=1000000 avg_latency=0.5246 ms avg throuhgput (requests/sec) = 753.2593 res=false
*==== INFO ====*  stream_id=3385996 latency=0.482072 ms (tx_ts=84175899884608, rx_ts=84175900366680) request_id=3719053 zil_blk_id=3385996 ccf_commit_seqno=3719053 nstreams_done_=846500 config.nstreams=1000000 avg_latency=0.5246 ms avg throuhgput (requests/sec) = 753.2420 res=false
*==== INFO ====*  stream_id=3387996 latency=0.452435 ms (tx_ts=84176567027408, rx_ts=84176567479843) request_id=3720670 zil_blk_id=3387996 ccf_commit_seqno=3720670 nstreams_done_=847000 config.nstreams=1000000 avg_latency=0.5246 ms avg throuhgput (requests/sec) = 753.2398 res=false
*==== INFO ====*  stream_id=3389996 latency=0.486740 ms (tx_ts=84177253549585, rx_ts=84177254036325) request_id=3722270 zil_blk_id=3389996 ccf_commit_seqno=3722270 nstreams_done_=847500 config.nstreams=1000000 avg_latency=0.5246 ms avg throuhgput (requests/sec) = 753.2246 res=false
*==== INFO ====*  stream_id=3391996 latency=0.581467 ms (tx_ts=84177960159740, rx_ts=84177960741207) request_id=3723876 zil_blk_id=3391996 ccf_commit_seqno=3723876 nstreams_done_=848000 config.nstreams=1000000 avg_latency=0.5246 ms avg throuhgput (requests/sec) = 753.1959 res=false
*==== INFO ====*  stream_id=3393996 latency=0.534920 ms (tx_ts=84178653076052, rx_ts=84178653610972) request_id=3725499 zil_blk_id=3393996 ccf_commit_seqno=3725499 nstreams_done_=848500 config.nstreams=1000000 avg_latency=0.5246 ms avg throuhgput (requests/sec) = 753.1765 res=false
*==== INFO ====*  stream_id=3395996 latency=0.501398 ms (tx_ts=84179313978686, rx_ts=84179314480084) request_id=3727108 zil_blk_id=3395996 ccf_commit_seqno=3727109 nstreams_done_=849000 config.nstreams=1000000 avg_latency=0.5246 ms avg throuhgput (requests/sec) = 753.1784 res=false
*==== INFO ====*  stream_id=3397996 latency=0.459128 ms (tx_ts=84179981686651, rx_ts=84179982145779) request_id=3728721 zil_blk_id=3397996 ccf_commit_seqno=3728721 nstreams_done_=849500 config.nstreams=1000000 avg_latency=0.5246 ms avg throuhgput (requests/sec) = 753.1759 res=false
*==== INFO ====*  stream_id=3399996 latency=0.436667 ms (tx_ts=84180649732236, rx_ts=84180650168903) request_id=3730332 zil_blk_id=3399996 ccf_commit_seqno=3730332 nstreams_done_=850000 config.nstreams=1000000 avg_latency=0.5246 ms avg throuhgput (requests/sec) = 753.1731 res=false
*==== INFO ====*  stream_id=3401996 latency=0.446846 ms (tx_ts=84181324956100, rx_ts=84181325402946) request_id=3731950 zil_blk_id=3401996 ccf_commit_seqno=3731950 nstreams_done_=850500 config.nstreams=1000000 avg_latency=0.5245 ms avg throuhgput (requests/sec) = 753.1655 res=false
*==== INFO ====*  stream_id=3403996 latency=0.482422 ms (tx_ts=84182042485272, rx_ts=84182042967694) request_id=3733542 zil_blk_id=3403996 ccf_commit_seqno=3733542 nstreams_done_=851000 config.nstreams=1000000 avg_latency=0.5246 ms avg throuhgput (requests/sec) = 753.1297 res=false
*==== INFO ====*  stream_id=3405996 latency=0.460281 ms (tx_ts=84182740617600, rx_ts=84182741077881) request_id=3735147 zil_blk_id=3405996 ccf_commit_seqno=3735147 nstreams_done_=851500 config.nstreams=1000000 avg_latency=0.5245 ms avg throuhgput (requests/sec) = 753.1069 res=false
*==== INFO ====*  stream_id=3407996 latency=0.561070 ms (tx_ts=84183509345135, rx_ts=84183509906205) request_id=3736814 zil_blk_id=3407996 ccf_commit_seqno=3736814 nstreams_done_=852000 config.nstreams=1000000 avg_latency=0.5246 ms avg throuhgput (requests/sec) = 753.0371 res=false
*==== INFO ====*  stream_id=3409996 latency=0.471041 ms (tx_ts=84184186757041, rx_ts=84184187228082) request_id=3738376 zil_blk_id=3409996 ccf_commit_seqno=3738376 nstreams_done_=852500 config.nstreams=1000000 avg_latency=0.5246 ms avg throuhgput (requests/sec) = 753.0282 res=false
*==== INFO ====*  stream_id=3411996 latency=0.536824 ms (tx_ts=84184877169734, rx_ts=84184877706558) request_id=3740009 zil_blk_id=3411996 ccf_commit_seqno=3740009 nstreams_done_=853000 config.nstreams=1000000 avg_latency=0.5246 ms avg throuhgput (requests/sec) = 753.0106 res=false
*==== INFO ====*  stream_id=3413996 latency=0.544027 ms (tx_ts=84185538485781, rx_ts=84185539029808) request_id=3741585 zil_blk_id=3413996 ccf_commit_seqno=3741585 nstreams_done_=853500 config.nstreams=1000000 avg_latency=0.5246 ms avg throuhgput (requests/sec) = 753.0124 res=false
*==== INFO ====*  stream_id=3415996 latency=0.436215 ms (tx_ts=84186245517857, rx_ts=84186245954072) request_id=3743315 zil_blk_id=3415996 ccf_commit_seqno=3743315 nstreams_done_=854000 config.nstreams=1000000 avg_latency=0.5246 ms avg throuhgput (requests/sec) = 752.9839 res=false
*==== INFO ====*  stream_id=3417996 latency=0.461493 ms (tx_ts=84186932398534, rx_ts=84186932860027) request_id=3744902 zil_blk_id=3417996 ccf_commit_seqno=3744902 nstreams_done_=854500 config.nstreams=1000000 avg_latency=0.5245 ms avg throuhgput (requests/sec) = 752.9687 res=false
*==== INFO ====*  stream_id=3419996 latency=0.503983 ms (tx_ts=84187619811567, rx_ts=84187620315550) request_id=3746479 zil_blk_id=3419996 ccf_commit_seqno=3746479 nstreams_done_=855000 config.nstreams=1000000 avg_latency=0.5245 ms avg throuhgput (requests/sec) = 752.9532 res=false
*==== INFO ====*  stream_id=3421996 latency=0.524281 ms (tx_ts=84188313699430, rx_ts=84188314223711) request_id=3748061 zil_blk_id=3421996 ccf_commit_seqno=3748061 nstreams_done_=855500 config.nstreams=1000000 avg_latency=0.5245 ms avg throuhgput (requests/sec) = 752.9334 res=false
*==== INFO ====*  stream_id=3423996 latency=0.558294 ms (tx_ts=84188987479713, rx_ts=84188988038007) request_id=3749677 zil_blk_id=3423996 ccf_commit_seqno=3749677 nstreams_done_=856000 config.nstreams=1000000 avg_latency=0.5245 ms avg throuhgput (requests/sec) = 752.9270 res=false
*==== INFO ====*  stream_id=3425996 latency=0.462776 ms (tx_ts=84189715372762, rx_ts=84189715835538) request_id=3751295 zil_blk_id=3425996 ccf_commit_seqno=3751295 nstreams_done_=856500 config.nstreams=1000000 avg_latency=0.5245 ms avg throuhgput (requests/sec) = 752.8848 res=false
*==== INFO ====*  stream_id=3427996 latency=0.487111 ms (tx_ts=84190427435433, rx_ts=84190427922544) request_id=3752932 zil_blk_id=3427996 ccf_commit_seqno=3752932 nstreams_done_=857000 config.nstreams=1000000 avg_latency=0.5245 ms avg throuhgput (requests/sec) = 752.8531 res=false
*==== INFO ====*  stream_id=3429996 latency=0.548536 ms (tx_ts=84191151142252, rx_ts=84191151690788) request_id=3754536 zil_blk_id=3429996 ccf_commit_seqno=3754536 nstreams_done_=857500 config.nstreams=1000000 avg_latency=0.5245 ms avg throuhgput (requests/sec) = 752.8136 res=false
*==== INFO ====*  stream_id=3431996 latency=0.492230 ms (tx_ts=84191845381807, rx_ts=84191845874037) request_id=3756136 zil_blk_id=3431996 ccf_commit_seqno=3756136 nstreams_done_=858000 config.nstreams=1000000 avg_latency=0.5245 ms avg throuhgput (requests/sec) = 752.7938 res=false
*==== INFO ====*  stream_id=3433996 latency=0.491670 ms (tx_ts=84192539661256, rx_ts=84192540152926) request_id=3757731 zil_blk_id=3433996 ccf_commit_seqno=3757731 nstreams_done_=858500 config.nstreams=1000000 avg_latency=0.5245 ms avg throuhgput (requests/sec) = 752.7740 res=false
*==== INFO ====*  stream_id=3435996 latency=0.503482 ms (tx_ts=84193244782603, rx_ts=84193245286085) request_id=3759347 zil_blk_id=3435996 ccf_commit_seqno=3759347 nstreams_done_=859000 config.nstreams=1000000 avg_latency=0.5245 ms avg throuhgput (requests/sec) = 752.7470 res=false
*==== INFO ====*  stream_id=3437996 latency=0.483834 ms (tx_ts=84193938185856, rx_ts=84193938669690) request_id=3760954 zil_blk_id=3437996 ccf_commit_seqno=3760954 nstreams_done_=859500 config.nstreams=1000000 avg_latency=0.5245 ms avg throuhgput (requests/sec) = 752.7278 res=false
*==== INFO ====*  stream_id=3439996 latency=0.627534 ms (tx_ts=84194616268962, rx_ts=84194616896496) request_id=3762511 zil_blk_id=3439996 ccf_commit_seqno=3762511 nstreams_done_=860000 config.nstreams=1000000 avg_latency=0.5245 ms avg throuhgput (requests/sec) = 752.7185 res=false
*==== INFO ====*  stream_id=3441996 latency=0.471611 ms (tx_ts=84195255838327, rx_ts=84195256309938) request_id=3764028 zil_blk_id=3441996 ccf_commit_seqno=3764028 nstreams_done_=860500 config.nstreams=1000000 avg_latency=0.5245 ms avg throuhgput (requests/sec) = 752.7349 res=false
*==== INFO ====*  stream_id=3443996 latency=0.458197 ms (tx_ts=84195918326869, rx_ts=84195918785066) request_id=3765612 zil_blk_id=3443996 ccf_commit_seqno=3765612 nstreams_done_=861000 config.nstreams=1000000 avg_latency=0.5245 ms avg throuhgput (requests/sec) = 752.7361 res=false
*==== INFO ====*  stream_id=3445996 latency=0.511096 ms (tx_ts=84196595016679, rx_ts=84196595527775) request_id=3767177 zil_blk_id=3445996 ccf_commit_seqno=3767177 nstreams_done_=861500 config.nstreams=1000000 avg_latency=0.5245 ms avg throuhgput (requests/sec) = 752.7278 res=false
*==== INFO ====*  stream_id=3447996 latency=0.494796 ms (tx_ts=84197261899945, rx_ts=84197262394741) request_id=3768724 zil_blk_id=3447996 ccf_commit_seqno=3768724 nstreams_done_=862000 config.nstreams=1000000 avg_latency=0.5245 ms avg throuhgput (requests/sec) = 752.7261 res=false
*==== INFO ====*  stream_id=3449996 latency=0.488884 ms (tx_ts=84197938829161, rx_ts=84197939318045) request_id=3770277 zil_blk_id=3449996 ccf_commit_seqno=3770277 nstreams_done_=862500 config.nstreams=1000000 avg_latency=0.5245 ms avg throuhgput (requests/sec) = 752.7178 res=false
*==== INFO ====*  stream_id=3451996 latency=0.514522 ms (tx_ts=84198659946449, rx_ts=84198660460971) request_id=3771898 zil_blk_id=3451996 ccf_commit_seqno=3771898 nstreams_done_=863000 config.nstreams=1000000 avg_latency=0.5245 ms avg throuhgput (requests/sec) = 752.6805 res=false
*==== INFO ====*  stream_id=3453996 latency=0.596085 ms (tx_ts=84199348092502, rx_ts=84199348688587) request_id=3773492 zil_blk_id=3453996 ccf_commit_seqno=3773492 nstreams_done_=863500 config.nstreams=1000000 avg_latency=0.5245 ms avg throuhgput (requests/sec) = 752.6648 res=false
*==== INFO ====*  stream_id=3455996 latency=0.441165 ms (tx_ts=84200020101445, rx_ts=84200020542610) request_id=3775054 zil_blk_id=3455996 ccf_commit_seqno=3775054 nstreams_done_=864000 config.nstreams=1000000 avg_latency=0.5245 ms avg throuhgput (requests/sec) = 752.6598 res=false
*==== INFO ====*  stream_id=3457996 latency=0.503702 ms (tx_ts=84200677387232, rx_ts=84200677890934) request_id=3776599 zil_blk_id=3457996 ccf_commit_seqno=3776599 nstreams_done_=864500 config.nstreams=1000000 avg_latency=0.5245 ms avg throuhgput (requests/sec) = 752.6644 res=false
*==== INFO ====*  stream_id=3459996 latency=0.454861 ms (tx_ts=84201338346720, rx_ts=84201338801581) request_id=3778162 zil_blk_id=3459996 ccf_commit_seqno=3778162 nstreams_done_=865000 config.nstreams=1000000 avg_latency=0.5245 ms avg throuhgput (requests/sec) = 752.6666 res=false
*==== INFO ====*  stream_id=3461996 latency=0.973802 ms (tx_ts=84201998158311, rx_ts=84201999132113) request_id=3779703 zil_blk_id=3461996 ccf_commit_seqno=3779703 nstreams_done_=865500 config.nstreams=1000000 avg_latency=0.5245 ms avg throuhgput (requests/sec) = 752.6692 res=false
*==== INFO ====*  stream_id=3463996 latency=0.512529 ms (tx_ts=84202676893016, rx_ts=84202677405545) request_id=3781255 zil_blk_id=3463996 ccf_commit_seqno=3781255 nstreams_done_=866000 config.nstreams=1000000 avg_latency=0.5244 ms avg throuhgput (requests/sec) = 752.6601 res=false
*==== INFO ====*  stream_id=3465996 latency=0.465922 ms (tx_ts=84203370707394, rx_ts=84203371173316) request_id=3782854 zil_blk_id=3465996 ccf_commit_seqno=3782854 nstreams_done_=866500 config.nstreams=1000000 avg_latency=0.5244 ms avg throuhgput (requests/sec) = 752.6408 res=false
*==== INFO ====*  stream_id=3467996 latency=0.505726 ms (tx_ts=84204021200303, rx_ts=84204021706029) request_id=3784409 zil_blk_id=3467996 ccf_commit_seqno=3784409 nstreams_done_=867000 config.nstreams=1000000 avg_latency=0.5244 ms avg throuhgput (requests/sec) = 752.6498 res=false
*==== INFO ====*  stream_id=3469996 latency=0.507429 ms (tx_ts=84204677382990, rx_ts=84204677890419) request_id=3785965 zil_blk_id=3469996 ccf_commit_seqno=3785965 nstreams_done_=867500 config.nstreams=1000000 avg_latency=0.5244 ms avg throuhgput (requests/sec) = 752.6551 res=false
*==== INFO ====*  stream_id=3471996 latency=0.470690 ms (tx_ts=84205340643054, rx_ts=84205341113744) request_id=3787529 zil_blk_id=3471996 ccf_commit_seqno=3787529 nstreams_done_=868000 config.nstreams=1000000 avg_latency=0.5244 ms avg throuhgput (requests/sec) = 752.6558 res=false
*==== INFO ====*  stream_id=3473996 latency=0.514883 ms (tx_ts=84206006414636, rx_ts=84206006929519) request_id=3789087 zil_blk_id=3473996 ccf_commit_seqno=3789087 nstreams_done_=868500 config.nstreams=1000000 avg_latency=0.5244 ms avg throuhgput (requests/sec) = 752.6549 res=false
*==== INFO ====*  stream_id=3475996 latency=0.477332 ms (tx_ts=84206691251153, rx_ts=84206691728485) request_id=3790668 zil_blk_id=3475996 ccf_commit_seqno=3790668 nstreams_done_=869000 config.nstreams=1000000 avg_latency=0.5244 ms avg throuhgput (requests/sec) = 752.6415 res=false
*==== INFO ====*  stream_id=3477996 latency=0.509673 ms (tx_ts=84207363046123, rx_ts=84207363555796) request_id=3792235 zil_blk_id=3477996 ccf_commit_seqno=3792235 nstreams_done_=869500 config.nstreams=1000000 avg_latency=0.5243 ms avg throuhgput (requests/sec) = 752.6366 res=false
*==== INFO ====*  stream_id=3479996 latency=0.483003 ms (tx_ts=84208047133999, rx_ts=84208047617002) request_id=3793802 zil_blk_id=3479996 ccf_commit_seqno=3793802 nstreams_done_=870000 config.nstreams=1000000 avg_latency=0.5243 ms avg throuhgput (requests/sec) = 752.6238 res=false
*==== INFO ====*  stream_id=3481996 latency=0.467965 ms (tx_ts=84208716379282, rx_ts=84208716847247) request_id=3795365 zil_blk_id=3481996 ccf_commit_seqno=3795365 nstreams_done_=870500 config.nstreams=1000000 avg_latency=0.5243 ms avg throuhgput (requests/sec) = 752.6206 res=false
*==== INFO ====*  stream_id=3483996 latency=0.499615 ms (tx_ts=84209391861386, rx_ts=84209392361001) request_id=3796931 zil_blk_id=3483996 ccf_commit_seqno=3796931 nstreams_done_=871000 config.nstreams=1000000 avg_latency=0.5243 ms avg throuhgput (requests/sec) = 752.6133 res=false
*==== INFO ====*  stream_id=3485996 latency=0.466282 ms (tx_ts=84210081573349, rx_ts=84210082039631) request_id=3798500 zil_blk_id=3485996 ccf_commit_seqno=3798500 nstreams_done_=871500 config.nstreams=1000000 avg_latency=0.5243 ms avg throuhgput (requests/sec) = 752.5969 res=false
*==== INFO ====*  stream_id=3487996 latency=0.460741 ms (tx_ts=84210774270857, rx_ts=84210774731598) request_id=3800072 zil_blk_id=3487996 ccf_commit_seqno=3800072 nstreams_done_=872000 config.nstreams=1000000 avg_latency=0.5243 ms avg throuhgput (requests/sec) = 752.5785 res=false
*==== INFO ====*  stream_id=3489996 latency=0.478204 ms (tx_ts=84211473113448, rx_ts=84211473591652) request_id=3801695 zil_blk_id=3489996 ccf_commit_seqno=3801695 nstreams_done_=872500 config.nstreams=1000000 avg_latency=0.5243 ms avg throuhgput (requests/sec) = 752.5561 res=false
*==== INFO ====*  stream_id=3491996 latency=0.478965 ms (tx_ts=84212169939309, rx_ts=84212170418274) request_id=3803310 zil_blk_id=3491996 ccf_commit_seqno=3803310 nstreams_done_=873000 config.nstreams=1000000 avg_latency=0.5243 ms avg throuhgput (requests/sec) = 752.5351 res=false
*==== INFO ====*  stream_id=3493996 latency=0.479837 ms (tx_ts=84212881135805, rx_ts=84212881615642) request_id=3804919 zil_blk_id=3493996 ccf_commit_seqno=3804919 nstreams_done_=873500 config.nstreams=1000000 avg_latency=0.5243 ms avg throuhgput (requests/sec) = 752.5047 res=false
*==== INFO ====*  stream_id=3495996 latency=0.551932 ms (tx_ts=84213633418146, rx_ts=84213633970078) request_id=3806587 zil_blk_id=3495996 ccf_commit_seqno=3806587 nstreams_done_=874000 config.nstreams=1000000 avg_latency=0.5243 ms avg throuhgput (requests/sec) = 752.4478 res=false
*==== INFO ====*  stream_id=3497996 latency=0.508751 ms (tx_ts=84214386723320, rx_ts=84214387232071) request_id=3808242 zil_blk_id=3497996 ccf_commit_seqno=3808242 nstreams_done_=874500 config.nstreams=1000000 avg_latency=0.5244 ms avg throuhgput (requests/sec) = 752.3903 res=false
*==== INFO ====*  stream_id=3499996 latency=0.484426 ms (tx_ts=84215161020887, rx_ts=84215161505313) request_id=3810006 zil_blk_id=3499996 ccf_commit_seqno=3810006 nstreams_done_=875000 config.nstreams=1000000 avg_latency=0.5244 ms avg throuhgput (requests/sec) = 752.3193 res=false
*==== INFO ====*  stream_id=3501996 latency=0.537054 ms (tx_ts=84215859197538, rx_ts=84215859734592) request_id=3811637 zil_blk_id=3501996 ccf_commit_seqno=3811637 nstreams_done_=875500 config.nstreams=1000000 avg_latency=0.5244 ms avg throuhgput (requests/sec) = 752.2976 res=false
*==== INFO ====*  stream_id=3503996 latency=0.453037 ms (tx_ts=84216531372669, rx_ts=84216531825706) request_id=3813269 zil_blk_id=3503996 ccf_commit_seqno=3813269 nstreams_done_=876000 config.nstreams=1000000 avg_latency=0.5243 ms avg throuhgput (requests/sec) = 752.2928 res=false
*==== INFO ====*  stream_id=3505996 latency=0.489936 ms (tx_ts=84217217303902, rx_ts=84217217793838) request_id=3814918 zil_blk_id=3505996 ccf_commit_seqno=3814918 nstreams_done_=876500 config.nstreams=1000000 avg_latency=0.5243 ms avg throuhgput (requests/sec) = 752.2790 res=false
*==== INFO ====*  stream_id=3507996 latency=0.522707 ms (tx_ts=84217909218243, rx_ts=84217909740950) request_id=3816532 zil_blk_id=3507996 ccf_commit_seqno=3816533 nstreams_done_=877000 config.nstreams=1000000 avg_latency=0.5243 ms avg throuhgput (requests/sec) = 752.2614 res=false
*==== INFO ====*  stream_id=3509996 latency=0.451794 ms (tx_ts=84218587021108, rx_ts=84218587472902) request_id=3818150 zil_blk_id=3509996 ccf_commit_seqno=3818150 nstreams_done_=877500 config.nstreams=1000000 avg_latency=0.5243 ms avg throuhgput (requests/sec) = 752.2530 res=false
*==== INFO ====*  stream_id=3511996 latency=0.481541 ms (tx_ts=84219287923916, rx_ts=84219288405457) request_id=3819777 zil_blk_id=3511996 ccf_commit_seqno=3819777 nstreams_done_=878000 config.nstreams=1000000 avg_latency=0.5243 ms avg throuhgput (requests/sec) = 752.2296 res=false
*==== INFO ====*  stream_id=3513996 latency=0.523147 ms (tx_ts=84219990207802, rx_ts=84219990730949) request_id=3821464 zil_blk_id=3513996 ccf_commit_seqno=3821464 nstreams_done_=878500 config.nstreams=1000000 avg_latency=0.5243 ms avg throuhgput (requests/sec) = 752.2054 res=false
*==== INFO ====*  stream_id=3515996 latency=0.460050 ms (tx_ts=84220655880936, rx_ts=84220656340986) request_id=3823100 zil_blk_id=3515996 ccf_commit_seqno=3823100 nstreams_done_=879000 config.nstreams=1000000 avg_latency=0.5243 ms avg throuhgput (requests/sec) = 752.2048 res=false
*==== INFO ====*  stream_id=3517996 latency=0.463446 ms (tx_ts=84221322162637, rx_ts=84221322626083) request_id=3824651 zil_blk_id=3517996 ccf_commit_seqno=3824651 nstreams_done_=879500 config.nstreams=1000000 avg_latency=0.5243 ms avg throuhgput (requests/sec) = 752.2038 res=false
*==== INFO ====*  stream_id=3519996 latency=0.519402 ms (tx_ts=84222003105349, rx_ts=84222003624751) request_id=3826231 zil_blk_id=3519996 ccf_commit_seqno=3826231 nstreams_done_=880000 config.nstreams=1000000 avg_latency=0.5243 ms avg throuhgput (requests/sec) = 752.1933 res=false
*==== INFO ====*  stream_id=3521996 latency=0.437268 ms (tx_ts=84222708768121, rx_ts=84222709205389) request_id=3827817 zil_blk_id=3521996 ccf_commit_seqno=3827817 nstreams_done_=880500 config.nstreams=1000000 avg_latency=0.5243 ms avg throuhgput (requests/sec) = 752.1670 res=false
*==== INFO ====*  stream_id=3523996 latency=0.472173 ms (tx_ts=84223428742976, rx_ts=84223429215149) request_id=3829429 zil_blk_id=3523996 ccf_commit_seqno=3829429 nstreams_done_=881000 config.nstreams=1000000 avg_latency=0.5243 ms avg throuhgput (requests/sec) = 752.1316 res=false
*==== INFO ====*  stream_id=3525996 latency=0.453689 ms (tx_ts=84224099749319, rx_ts=84224100203008) request_id=3831003 zil_blk_id=3525996 ccf_commit_seqno=3831003 nstreams_done_=881500 config.nstreams=1000000 avg_latency=0.5243 ms avg throuhgput (requests/sec) = 752.1276 res=false
*==== INFO ====*  stream_id=3527996 latency=0.510384 ms (tx_ts=84224787256952, rx_ts=84224787767336) request_id=3832598 zil_blk_id=3527996 ccf_commit_seqno=3832598 nstreams_done_=882000 config.nstreams=1000000 avg_latency=0.5243 ms avg throuhgput (requests/sec) = 752.1130 res=false
*==== INFO ====*  stream_id=3529996 latency=0.456664 ms (tx_ts=84225480603365, rx_ts=84225481060029) request_id=3834164 zil_blk_id=3529996 ccf_commit_seqno=3834164 nstreams_done_=882500 config.nstreams=1000000 avg_latency=0.5243 ms avg throuhgput (requests/sec) = 752.0947 res=false
*==== INFO ====*  stream_id=3531996 latency=0.463708 ms (tx_ts=84226187911753, rx_ts=84226188375461) request_id=3835751 zil_blk_id=3531996 ccf_commit_seqno=3835751 nstreams_done_=883000 config.nstreams=1000000 avg_latency=0.5243 ms avg throuhgput (requests/sec) = 752.0675 res=false
*==== INFO ====*  stream_id=3533996 latency=0.481941 ms (tx_ts=84226853598277, rx_ts=84226854080218) request_id=3837322 zil_blk_id=3533996 ccf_commit_seqno=3837322 nstreams_done_=883500 config.nstreams=1000000 avg_latency=0.5243 ms avg throuhgput (requests/sec) = 752.0669 res=false
*==== INFO ====*  stream_id=3535996 latency=0.508230 ms (tx_ts=84227532973684, rx_ts=84227533481914) request_id=3838898 zil_blk_id=3535996 ccf_commit_seqno=3838898 nstreams_done_=884000 config.nstreams=1000000 avg_latency=0.5243 ms avg throuhgput (requests/sec) = 752.0576 res=false
*==== INFO ====*  stream_id=3537996 latency=0.482071 ms (tx_ts=84228204666840, rx_ts=84228205148911) request_id=3840470 zil_blk_id=3537996 ccf_commit_seqno=3840470 nstreams_done_=884500 config.nstreams=1000000 avg_latency=0.5243 ms avg throuhgput (requests/sec) = 752.0532 res=false
*==== INFO ====*  stream_id=3539996 latency=0.489776 ms (tx_ts=84228905253369, rx_ts=84228905743145) request_id=3842088 zil_blk_id=3539996 ccf_commit_seqno=3842088 nstreams_done_=885000 config.nstreams=1000000 avg_latency=0.5243 ms avg throuhgput (requests/sec) = 752.0304 res=false
*==== INFO ====*  stream_id=3541996 latency=1.269193 ms (tx_ts=84229583285558, rx_ts=84229584554751) request_id=3843762 zil_blk_id=3541996 ccf_commit_seqno=3843762 nstreams_done_=885500 config.nstreams=1000000 avg_latency=0.5243 ms avg throuhgput (requests/sec) = 752.0215 res=false
*==== INFO ====*  stream_id=3543996 latency=0.497129 ms (tx_ts=84230263682772, rx_ts=84230264179901) request_id=3845341 zil_blk_id=3543996 ccf_commit_seqno=3845341 nstreams_done_=886000 config.nstreams=1000000 avg_latency=0.5243 ms avg throuhgput (requests/sec) = 752.0121 res=false
*==== INFO ====*  stream_id=3545996 latency=0.659523 ms (tx_ts=84230934400161, rx_ts=84230935059684) request_id=3847016 zil_blk_id=3545996 ccf_commit_seqno=3847016 nstreams_done_=886500 config.nstreams=1000000 avg_latency=0.5243 ms avg throuhgput (requests/sec) = 752.0082 res=false
*==== INFO ====*  stream_id=3547996 latency=0.509359 ms (tx_ts=84231671975268, rx_ts=84231672484627) request_id=3848745 zil_blk_id=3547996 ccf_commit_seqno=3848745 nstreams_done_=887000 config.nstreams=1000000 avg_latency=0.5243 ms avg throuhgput (requests/sec) = 751.9620 res=false
*==== INFO ====*  stream_id=3549996 latency=0.616693 ms (tx_ts=84232347628168, rx_ts=84232348244861) request_id=3850404 zil_blk_id=3549996 ccf_commit_seqno=3850404 nstreams_done_=887500 config.nstreams=1000000 avg_latency=0.5243 ms avg throuhgput (requests/sec) = 751.9551 res=false
*==== INFO ====*  stream_id=3551996 latency=0.476441 ms (tx_ts=84233061964908, rx_ts=84233062441349) request_id=3851824 zil_blk_id=3551996 ccf_commit_seqno=3851824 nstreams_done_=888000 config.nstreams=1000000 avg_latency=0.5243 ms avg throuhgput (requests/sec) = 751.9237 res=false
*==== INFO ====*  stream_id=3553996 latency=0.484466 ms (tx_ts=84233810486752, rx_ts=84233810971218) request_id=3852856 zil_blk_id=3553996 ccf_commit_seqno=3852856 nstreams_done_=888500 config.nstreams=1000000 avg_latency=0.5243 ms avg throuhgput (requests/sec) = 751.8705 res=false
*==== INFO ====*  stream_id=3555996 latency=0.453078 ms (tx_ts=84234568083405, rx_ts=84234568536483) request_id=3853899 zil_blk_id=3555996 ccf_commit_seqno=3853899 nstreams_done_=889000 config.nstreams=1000000 avg_latency=0.5243 ms avg throuhgput (requests/sec) = 751.8117 res=false
*==== INFO ====*  stream_id=3557996 latency=0.498533 ms (tx_ts=84235325205205, rx_ts=84235325703738) request_id=3854932 zil_blk_id=3557996 ccf_commit_seqno=3854932 nstreams_done_=889500 config.nstreams=1000000 avg_latency=0.5243 ms avg throuhgput (requests/sec) = 751.7532 res=false
*==== INFO ====*  stream_id=3559996 latency=0.661437 ms (tx_ts=84236085149729, rx_ts=84236085811166) request_id=3855972 zil_blk_id=3559996 ccf_commit_seqno=3855972 nstreams_done_=890000 config.nstreams=1000000 avg_latency=0.5243 ms avg throuhgput (requests/sec) = 751.6928 res=false
*==== INFO ====*  stream_id=3561996 latency=0.481982 ms (tx_ts=84236860062157, rx_ts=84236860544139) request_id=3857005 zil_blk_id=3561996 ccf_commit_seqno=3857005 nstreams_done_=890500 config.nstreams=1000000 avg_latency=0.5243 ms avg throuhgput (requests/sec) = 751.6233 res=false
*==== INFO ====*  stream_id=3563996 latency=0.546141 ms (tx_ts=84237612438618, rx_ts=84237612984759) request_id=3858052 zil_blk_id=3563996 ccf_commit_seqno=3858052 nstreams_done_=891000 config.nstreams=1000000 avg_latency=0.5243 ms avg throuhgput (requests/sec) = 751.5680 res=false
*==== INFO ====*  stream_id=3565996 latency=0.512729 ms (tx_ts=84238339021474, rx_ts=84238339534203) request_id=3859084 zil_blk_id=3565996 ccf_commit_seqno=3859084 nstreams_done_=891500 config.nstreams=1000000 avg_latency=0.5242 ms avg throuhgput (requests/sec) = 751.5292 res=false
*==== INFO ====*  stream_id=3567996 latency=0.454620 ms (tx_ts=84239065083105, rx_ts=84239065537725) request_id=3860111 zil_blk_id=3567996 ccf_commit_seqno=3860111 nstreams_done_=892000 config.nstreams=1000000 avg_latency=0.5242 ms avg throuhgput (requests/sec) = 751.4908 res=false
*==== INFO ====*  stream_id=3569996 latency=0.457887 ms (tx_ts=84239801970258, rx_ts=84239802428145) request_id=3861138 zil_blk_id=3569996 ccf_commit_seqno=3861138 nstreams_done_=892500 config.nstreams=1000000 avg_latency=0.5242 ms avg throuhgput (requests/sec) = 751.4455 res=false
*==== INFO ====*  stream_id=3571996 latency=0.468727 ms (tx_ts=84240535712802, rx_ts=84240536181529) request_id=3862164 zil_blk_id=3571996 ccf_commit_seqno=3862164 nstreams_done_=893000 config.nstreams=1000000 avg_latency=0.5242 ms avg throuhgput (requests/sec) = 751.4023 res=false
*==== INFO ====*  stream_id=3573996 latency=0.453257 ms (tx_ts=84241270079625, rx_ts=84241270532882) request_id=3863194 zil_blk_id=3573996 ccf_commit_seqno=3863194 nstreams_done_=893500 config.nstreams=1000000 avg_latency=0.5242 ms avg throuhgput (requests/sec) = 751.3587 res=false
*==== INFO ====*  stream_id=3575996 latency=0.462485 ms (tx_ts=84242019023827, rx_ts=84242019486312) request_id=3864228 zil_blk_id=3575996 ccf_commit_seqno=3864228 nstreams_done_=894000 config.nstreams=1000000 avg_latency=0.5242 ms avg throuhgput (requests/sec) = 751.3060 res=false
*==== INFO ====*  stream_id=3577996 latency=0.461403 ms (tx_ts=84242759114705, rx_ts=84242759576108) request_id=3865255 zil_blk_id=3577996 ccf_commit_seqno=3865255 nstreams_done_=894500 config.nstreams=1000000 avg_latency=0.5241 ms avg throuhgput (requests/sec) = 751.2590 res=false
*==== INFO ====*  stream_id=3579996 latency=0.439142 ms (tx_ts=84243508367745, rx_ts=84243508806887) request_id=3866292 zil_blk_id=3579996 ccf_commit_seqno=3866292 nstreams_done_=895000 config.nstreams=1000000 avg_latency=0.5241 ms avg throuhgput (requests/sec) = 751.2062 res=false
*==== INFO ====*  stream_id=3581996 latency=0.441426 ms (tx_ts=84244250940204, rx_ts=84244251381630) request_id=3867320 zil_blk_id=3581996 ccf_commit_seqno=3867320 nstreams_done_=895500 config.nstreams=1000000 avg_latency=0.5241 ms avg throuhgput (requests/sec) = 751.1577 res=false
*==== INFO ====*  stream_id=3583996 latency=0.473595 ms (tx_ts=84244969563350, rx_ts=84244970036945) request_id=3868368 zil_blk_id=3583996 ccf_commit_seqno=3868368 nstreams_done_=896000 config.nstreams=1000000 avg_latency=0.5241 ms avg throuhgput (requests/sec) = 751.1243 res=false
*==== INFO ====*  stream_id=3585996 latency=0.463366 ms (tx_ts=84245719931010, rx_ts=84245720394376) request_id=3869405 zil_blk_id=3585996 ccf_commit_seqno=3869405 nstreams_done_=896500 config.nstreams=1000000 avg_latency=0.5241 ms avg throuhgput (requests/sec) = 751.0710 res=false
*==== INFO ====*  stream_id=3587996 latency=0.474397 ms (tx_ts=84246460864153, rx_ts=84246461338550) request_id=3870440 zil_blk_id=3587996 ccf_commit_seqno=3870440 nstreams_done_=897000 config.nstreams=1000000 avg_latency=0.5241 ms avg throuhgput (requests/sec) = 751.0237 res=false
*==== INFO ====*  stream_id=3589996 latency=0.476661 ms (tx_ts=84247198212935, rx_ts=84247198689596) request_id=3871470 zil_blk_id=3589996 ccf_commit_seqno=3871470 nstreams_done_=897500 config.nstreams=1000000 avg_latency=0.5241 ms avg throuhgput (requests/sec) = 750.9787 res=false
*==== INFO ====*  stream_id=3591996 latency=0.466161 ms (tx_ts=84247924614686, rx_ts=84247925080847) request_id=3872489 zil_blk_id=3591996 ccf_commit_seqno=3872489 nstreams_done_=898000 config.nstreams=1000000 avg_latency=0.5240 ms avg throuhgput (requests/sec) = 750.9407 res=false
*==== INFO ====*  stream_id=3593996 latency=0.452656 ms (tx_ts=84248642492835, rx_ts=84248642945491) request_id=3873511 zil_blk_id=3593996 ccf_commit_seqno=3873511 nstreams_done_=898500 config.nstreams=1000000 avg_latency=0.5240 ms avg throuhgput (requests/sec) = 750.9080 res=false
*==== INFO ====*  stream_id=3595996 latency=0.454590 ms (tx_ts=84249377290626, rx_ts=84249377745216) request_id=3874532 zil_blk_id=3595996 ccf_commit_seqno=3874532 nstreams_done_=899000 config.nstreams=1000000 avg_latency=0.5240 ms avg throuhgput (requests/sec) = 750.8648 res=false
*==== INFO ====*  stream_id=3597996 latency=0.475579 ms (tx_ts=84250113336292, rx_ts=84250113811871) request_id=3875569 zil_blk_id=3597996 ccf_commit_seqno=3875569 nstreams_done_=899500 config.nstreams=1000000 avg_latency=0.5240 ms avg throuhgput (requests/sec) = 750.8208 res=false
*==== INFO ====*  stream_id=3599996 latency=0.477092 ms (tx_ts=84250837517508, rx_ts=84250837994600) request_id=3876604 zil_blk_id=3599996 ccf_commit_seqno=3876604 nstreams_done_=900000 config.nstreams=1000000 avg_latency=0.5240 ms avg throuhgput (requests/sec) = 750.7843 res=false
*==== INFO ====*  stream_id=3601996 latency=0.475239 ms (tx_ts=84251594758810, rx_ts=84251595234049) request_id=3877645 zil_blk_id=3601996 ccf_commit_seqno=3877645 nstreams_done_=900500 config.nstreams=1000000 avg_latency=0.5240 ms avg throuhgput (requests/sec) = 750.7272 res=false
*==== INFO ====*  stream_id=3603996 latency=0.532636 ms (tx_ts=84252323789225, rx_ts=84252324321861) request_id=3878669 zil_blk_id=3603996 ccf_commit_seqno=3878669 nstreams_done_=901000 config.nstreams=1000000 avg_latency=0.5240 ms avg throuhgput (requests/sec) = 750.6877 res=false
*==== INFO ====*  stream_id=3605996 latency=0.454610 ms (tx_ts=84253056664056, rx_ts=84253057118666) request_id=3879700 zil_blk_id=3605996 ccf_commit_seqno=3879700 nstreams_done_=901500 config.nstreams=1000000 avg_latency=0.5240 ms avg throuhgput (requests/sec) = 750.6460 res=false
*==== INFO ====*  stream_id=3607996 latency=0.474046 ms (tx_ts=84253808243132, rx_ts=84253808717178) request_id=3880753 zil_blk_id=3607996 ccf_commit_seqno=3880753 nstreams_done_=902000 config.nstreams=1000000 avg_latency=0.5240 ms avg throuhgput (requests/sec) = 750.5926 res=false
*==== INFO ====*  stream_id=3609996 latency=0.499184 ms (tx_ts=84254591458326, rx_ts=84254591957510) request_id=3881829 zil_blk_id=3609996 ccf_commit_seqno=3881829 nstreams_done_=902500 config.nstreams=1000000 avg_latency=0.5240 ms avg throuhgput (requests/sec) = 750.5195 res=false
*==== INFO ====*  stream_id=3611996 latency=0.477874 ms (tx_ts=84255310118476, rx_ts=84255310596350) request_id=3882860 zil_blk_id=3611996 ccf_commit_seqno=3882860 nstreams_done_=903000 config.nstreams=1000000 avg_latency=0.5240 ms avg throuhgput (requests/sec) = 750.4868 res=false
*==== INFO ====*  stream_id=3613996 latency=0.501458 ms (tx_ts=84256051863127, rx_ts=84256052364585) request_id=3883899 zil_blk_id=3613996 ccf_commit_seqno=3883899 nstreams_done_=903500 config.nstreams=1000000 avg_latency=0.5240 ms avg throuhgput (requests/sec) = 750.4397 res=false
*==== INFO ====*  stream_id=3615996 latency=0.486009 ms (tx_ts=84256859708644, rx_ts=84256860194653) request_id=3884975 zil_blk_id=3615996 ccf_commit_seqno=3884975 nstreams_done_=904000 config.nstreams=1000000 avg_latency=0.5240 ms avg throuhgput (requests/sec) = 750.3515 res=false
*==== INFO ====*  stream_id=3617996 latency=0.463206 ms (tx_ts=84257632160227, rx_ts=84257632623433) request_id=3886009 zil_blk_id=3617996 ccf_commit_seqno=3886009 nstreams_done_=904500 config.nstreams=1000000 avg_latency=0.5240 ms avg throuhgput (requests/sec) = 750.2855 res=false
*==== INFO ====*  stream_id=3619996 latency=0.457675 ms (tx_ts=84258392495354, rx_ts=84258392953029) request_id=3887053 zil_blk_id=3619996 ccf_commit_seqno=3887053 nstreams_done_=905000 config.nstreams=1000000 avg_latency=0.5240 ms avg throuhgput (requests/sec) = 750.2271 res=false
*==== INFO ====*  stream_id=3621996 latency=0.463016 ms (tx_ts=84259144344582, rx_ts=84259144807598) request_id=3888075 zil_blk_id=3621996 ccf_commit_seqno=3888075 nstreams_done_=905500 config.nstreams=1000000 avg_latency=0.5240 ms avg throuhgput (requests/sec) = 750.1740 res=false
*==== INFO ====*  stream_id=3623996 latency=0.469398 ms (tx_ts=84259887490799, rx_ts=84259887960197) request_id=3889115 zil_blk_id=3623996 ccf_commit_seqno=3889115 nstreams_done_=906000 config.nstreams=1000000 avg_latency=0.5240 ms avg throuhgput (requests/sec) = 750.1264 res=false
*==== INFO ====*  stream_id=3625996 latency=0.473435 ms (tx_ts=84260637287637, rx_ts=84260637761072) request_id=3890161 zil_blk_id=3625996 ccf_commit_seqno=3890161 nstreams_done_=906500 config.nstreams=1000000 avg_latency=0.5240 ms avg throuhgput (requests/sec) = 750.0748 res=false
*==== INFO ====*  stream_id=3627996 latency=0.485268 ms (tx_ts=84261391722086, rx_ts=84261392207354) request_id=3891184 zil_blk_id=3627996 ccf_commit_seqno=3891184 nstreams_done_=907000 config.nstreams=1000000 avg_latency=0.5239 ms avg throuhgput (requests/sec) = 750.0203 res=false
*==== INFO ====*  stream_id=3629996 latency=0.464239 ms (tx_ts=84262154968505, rx_ts=84262155432744) request_id=3892210 zil_blk_id=3629996 ccf_commit_seqno=3892210 nstreams_done_=907500 config.nstreams=1000000 avg_latency=0.5239 ms avg throuhgput (requests/sec) = 749.9604 res=false
*==== INFO ====*  stream_id=3631996 latency=0.567672 ms (tx_ts=84262901411692, rx_ts=84262901979364) request_id=3893225 zil_blk_id=3631996 ccf_commit_seqno=3893225 nstreams_done_=908000 config.nstreams=1000000 avg_latency=0.5239 ms avg throuhgput (requests/sec) = 749.9110 res=false
*==== INFO ====*  stream_id=3633996 latency=0.472523 ms (tx_ts=84263627979123, rx_ts=84263628451646) request_id=3894255 zil_blk_id=3633996 ccf_commit_seqno=3894255 nstreams_done_=908500 config.nstreams=1000000 avg_latency=0.5239 ms avg throuhgput (requests/sec) = 749.8740 res=false
*==== INFO ====*  stream_id=3635996 latency=0.479116 ms (tx_ts=84264363151635, rx_ts=84264363630751) request_id=3895289 zil_blk_id=3635996 ccf_commit_seqno=3895289 nstreams_done_=909000 config.nstreams=1000000 avg_latency=0.5239 ms avg throuhgput (requests/sec) = 749.8317 res=false
*==== INFO ====*  stream_id=3637996 latency=0.478234 ms (tx_ts=84265106173785, rx_ts=84265106652019) request_id=3896324 zil_blk_id=3637996 ccf_commit_seqno=3896324 nstreams_done_=909500 config.nstreams=1000000 avg_latency=0.5239 ms avg throuhgput (requests/sec) = 749.7846 res=false
*==== INFO ====*  stream_id=3639996 latency=0.477724 ms (tx_ts=84265849052995, rx_ts=84265849530719) request_id=3897355 zil_blk_id=3639996 ccf_commit_seqno=3897355 nstreams_done_=910000 config.nstreams=1000000 avg_latency=0.5239 ms avg throuhgput (requests/sec) = 749.7376 res=false
*==== INFO ====*  stream_id=3641996 latency=0.456513 ms (tx_ts=84266591973295, rx_ts=84266592429808) request_id=3898393 zil_blk_id=3641996 ccf_commit_seqno=3898393 nstreams_done_=910500 config.nstreams=1000000 avg_latency=0.5239 ms avg throuhgput (requests/sec) = 749.6907 res=false
*==== INFO ====*  stream_id=3643996 latency=0.457635 ms (tx_ts=84267351779681, rx_ts=84267352237316) request_id=3899438 zil_blk_id=3643996 ccf_commit_seqno=3899438 nstreams_done_=911000 config.nstreams=1000000 avg_latency=0.5239 ms avg throuhgput (requests/sec) = 749.6334 res=false
*==== INFO ====*  stream_id=3645996 latency=0.467344 ms (tx_ts=84268110475278, rx_ts=84268110942622) request_id=3900475 zil_blk_id=3645996 ccf_commit_seqno=3900475 nstreams_done_=911500 config.nstreams=1000000 avg_latency=0.5238 ms avg throuhgput (requests/sec) = 749.5769 res=false
*==== INFO ====*  stream_id=3647996 latency=0.465351 ms (tx_ts=84268853412933, rx_ts=84268853878284) request_id=3901497 zil_blk_id=3647996 ccf_commit_seqno=3901497 nstreams_done_=912000 config.nstreams=1000000 avg_latency=0.5238 ms avg throuhgput (requests/sec) = 749.5301 res=false
*==== INFO ====*  stream_id=3649996 latency=0.453558 ms (tx_ts=84269597753783, rx_ts=84269598207341) request_id=3902521 zil_blk_id=3649996 ccf_commit_seqno=3902521 nstreams_done_=912500 config.nstreams=1000000 avg_latency=0.5238 ms avg throuhgput (requests/sec) = 749.4826 res=false
*==== INFO ====*  stream_id=3651996 latency=0.491219 ms (tx_ts=84270315245424, rx_ts=84270315736643) request_id=3903546 zil_blk_id=3651996 ccf_commit_seqno=3903546 nstreams_done_=913000 config.nstreams=1000000 avg_latency=0.5238 ms avg throuhgput (requests/sec) = 749.4516 res=false
*==== INFO ====*  stream_id=3653996 latency=0.481050 ms (tx_ts=84271016600893, rx_ts=84271017081943) request_id=3904564 zil_blk_id=3653996 ccf_commit_seqno=3904564 nstreams_done_=913500 config.nstreams=1000000 avg_latency=0.5238 ms avg throuhgput (requests/sec) = 749.4305 res=false
*==== INFO ====*  stream_id=3655996 latency=0.449982 ms (tx_ts=84271763392585, rx_ts=84271763842567) request_id=3905606 zil_blk_id=3655996 ccf_commit_seqno=3905606 nstreams_done_=914000 config.nstreams=1000000 avg_latency=0.5238 ms avg throuhgput (requests/sec) = 749.3816 res=false
*==== INFO ====*  stream_id=3657996 latency=0.557222 ms (tx_ts=84272483361850, rx_ts=84272483919072) request_id=3906634 zil_blk_id=3657996 ccf_commit_seqno=3906634 nstreams_done_=914500 config.nstreams=1000000 avg_latency=0.5238 ms avg throuhgput (requests/sec) = 749.3492 res=false
*==== INFO ====*  stream_id=3659996 latency=0.493262 ms (tx_ts=84273231253879, rx_ts=84273231747141) request_id=3907671 zil_blk_id=3659996 ccf_commit_seqno=3907671 nstreams_done_=915000 config.nstreams=1000000 avg_latency=0.5238 ms avg throuhgput (requests/sec) = 749.2997 res=false
*==== INFO ====*  stream_id=3661996 latency=0.448929 ms (tx_ts=84273987253108, rx_ts=84273987702037) request_id=3908723 zil_blk_id=3661996 ccf_commit_seqno=3908723 nstreams_done_=915500 config.nstreams=1000000 avg_latency=0.5237 ms avg throuhgput (requests/sec) = 749.2454 res=false
*==== INFO ====*  stream_id=3663996 latency=0.506076 ms (tx_ts=84274725368538, rx_ts=84274725874614) request_id=3909779 zil_blk_id=3663996 ccf_commit_seqno=3909779 nstreams_done_=916000 config.nstreams=1000000 avg_latency=0.5237 ms avg throuhgput (requests/sec) = 749.2019 res=false
*==== INFO ====*  stream_id=3665996 latency=0.496107 ms (tx_ts=84275461195917, rx_ts=84275461692024) request_id=3910811 zil_blk_id=3665996 ccf_commit_seqno=3910811 nstreams_done_=916500 config.nstreams=1000000 avg_latency=0.5237 ms avg throuhgput (requests/sec) = 749.1600 res=false
*==== INFO ====*  stream_id=3667996 latency=0.485438 ms (tx_ts=84276187892564, rx_ts=84276188378002) request_id=3911847 zil_blk_id=3667996 ccf_commit_seqno=3911847 nstreams_done_=917000 config.nstreams=1000000 avg_latency=0.5237 ms avg throuhgput (requests/sec) = 749.1238 res=false
*==== INFO ====*  stream_id=3669996 latency=0.503682 ms (tx_ts=84276953993039, rx_ts=84276954496721) request_id=3912865 zil_blk_id=3669996 ccf_commit_seqno=3912865 nstreams_done_=917500 config.nstreams=1000000 avg_latency=0.5237 ms avg throuhgput (requests/sec) = 749.0634 res=false
*==== INFO ====*  stream_id=3671996 latency=0.483695 ms (tx_ts=84277723990014, rx_ts=84277724473709) request_id=3913882 zil_blk_id=3671996 ccf_commit_seqno=3913882 nstreams_done_=918000 config.nstreams=1000000 avg_latency=0.5237 ms avg throuhgput (requests/sec) = 749.0008 res=false
*==== INFO ====*  stream_id=3673996 latency=0.452947 ms (tx_ts=84278492544653, rx_ts=84278492997600) request_id=3914898 zil_blk_id=3673996 ccf_commit_seqno=3914898 nstreams_done_=918500 config.nstreams=1000000 avg_latency=0.5237 ms avg throuhgput (requests/sec) = 748.9391 res=false
*==== INFO ====*  stream_id=3675996 latency=0.462264 ms (tx_ts=84279241303408, rx_ts=84279241765672) request_id=3915919 zil_blk_id=3675996 ccf_commit_seqno=3915919 nstreams_done_=919000 config.nstreams=1000000 avg_latency=0.5236 ms avg throuhgput (requests/sec) = 748.8896 res=false
*==== INFO ====*  stream_id=3677996 latency=0.516175 ms (tx_ts=84279981535772, rx_ts=84279982051947) request_id=3916942 zil_blk_id=3677996 ccf_commit_seqno=3916942 nstreams_done_=919500 config.nstreams=1000000 avg_latency=0.5236 ms avg throuhgput (requests/sec) = 748.8453 res=false
*==== INFO ====*  stream_id=3679996 latency=0.525653 ms (tx_ts=84280711963970, rx_ts=84280712489623) request_id=3917963 zil_blk_id=3679996 ccf_commit_seqno=3917963 nstreams_done_=920000 config.nstreams=1000000 avg_latency=0.5236 ms avg throuhgput (requests/sec) = 748.8070 res=false
*==== INFO ====*  stream_id=3681996 latency=0.525824 ms (tx_ts=84281464063303, rx_ts=84281464589127) request_id=3919002 zil_blk_id=3681996 ccf_commit_seqno=3919002 nstreams_done_=920500 config.nstreams=1000000 avg_latency=0.5236 ms avg throuhgput (requests/sec) = 748.7557 res=false
*==== INFO ====*  stream_id=3683996 latency=0.490528 ms (tx_ts=84282188455061, rx_ts=84282188945589) request_id=3920026 zil_blk_id=3683996 ccf_commit_seqno=3920026 nstreams_done_=921000 config.nstreams=1000000 avg_latency=0.5236 ms avg throuhgput (requests/sec) = 748.7212 res=false
*==== INFO ====*  stream_id=3685996 latency=0.534639 ms (tx_ts=84282940936877, rx_ts=84282941471516) request_id=3921052 zil_blk_id=3685996 ccf_commit_seqno=3921052 nstreams_done_=921500 config.nstreams=1000000 avg_latency=0.5236 ms avg throuhgput (requests/sec) = 748.6697 res=false
*==== INFO ====*  stream_id=3687996 latency=0.474117 ms (tx_ts=84283721311744, rx_ts=84283721785861) request_id=3922000 zil_blk_id=3687996 ccf_commit_seqno=3922000 nstreams_done_=922000 config.nstreams=1000000 avg_latency=0.5236 ms avg throuhgput (requests/sec) = 748.6013 res=false
*==== INFO ====*  stream_id=3689996 latency=0.468327 ms (tx_ts=84284628662762, rx_ts=84284629131089) request_id=3922500 zil_blk_id=3689996 ccf_commit_seqno=3922500 nstreams_done_=922500 config.nstreams=1000000 avg_latency=0.5236 ms avg throuhgput (requests/sec) = 748.4559 res=false
*==== INFO ====*  stream_id=3691996 latency=0.495427 ms (tx_ts=84285540605638, rx_ts=84285541101065) request_id=3923000 zil_blk_id=3691996 ccf_commit_seqno=3923000 nstreams_done_=923000 config.nstreams=1000000 avg_latency=0.5236 ms avg throuhgput (requests/sec) = 748.3079 res=false
*==== INFO ====*  stream_id=3693996 latency=0.471884 ms (tx_ts=84286451701671, rx_ts=84286452173555) request_id=3923500 zil_blk_id=3693996 ccf_commit_seqno=3923500 nstreams_done_=923500 config.nstreams=1000000 avg_latency=0.5236 ms avg throuhgput (requests/sec) = 748.1606 res=false
*==== INFO ====*  stream_id=3695996 latency=0.499636 ms (tx_ts=84287370049905, rx_ts=84287370549541) request_id=3924000 zil_blk_id=3695996 ccf_commit_seqno=3924000 nstreams_done_=924000 config.nstreams=1000000 avg_latency=0.5236 ms avg throuhgput (requests/sec) = 748.0092 res=false
*==== INFO ====*  stream_id=3697996 latency=0.531355 ms (tx_ts=84288293357172, rx_ts=84288293888527) request_id=3924500 zil_blk_id=3697996 ccf_commit_seqno=3924500 nstreams_done_=924500 config.nstreams=1000000 avg_latency=0.5236 ms avg throuhgput (requests/sec) = 747.8549 res=false
*==== INFO ====*  stream_id=3699996 latency=0.474999 ms (tx_ts=84289192662031, rx_ts=84289193137030) request_id=3925000 zil_blk_id=3699996 ccf_commit_seqno=3925000 nstreams_done_=925000 config.nstreams=1000000 avg_latency=0.5235 ms avg throuhgput (requests/sec) = 747.7155 res=false
*==== INFO ====*  stream_id=3701996 latency=0.500066 ms (tx_ts=84290117750985, rx_ts=84290118251051) request_id=3925500 zil_blk_id=3701996 ccf_commit_seqno=3925500 nstreams_done_=925500 config.nstreams=1000000 avg_latency=0.5235 ms avg throuhgput (requests/sec) = 747.5606 res=false
*==== INFO ====*  stream_id=3703996 latency=0.475920 ms (tx_ts=84291038933907, rx_ts=84291039409827) request_id=3926000 zil_blk_id=3703996 ccf_commit_seqno=3926000 nstreams_done_=926000 config.nstreams=1000000 avg_latency=0.5235 ms avg throuhgput (requests/sec) = 747.4084 res=false
*==== INFO ====*  stream_id=3705996 latency=0.497794 ms (tx_ts=84291950175688, rx_ts=84291950673482) request_id=3926500 zil_blk_id=3705996 ccf_commit_seqno=3926500 nstreams_done_=926500 config.nstreams=1000000 avg_latency=0.5235 ms avg throuhgput (requests/sec) = 747.2623 res=false
*==== INFO ====*  stream_id=3707996 latency=0.505959 ms (tx_ts=84292873557064, rx_ts=84292874063023) request_id=3927000 zil_blk_id=3707996 ccf_commit_seqno=3927000 nstreams_done_=927000 config.nstreams=1000000 avg_latency=0.5235 ms avg throuhgput (requests/sec) = 747.1092 res=false
*==== INFO ====*  stream_id=3709996 latency=0.488714 ms (tx_ts=84293798184268, rx_ts=84293798672982) request_id=3927500 zil_blk_id=3709996 ccf_commit_seqno=3927500 nstreams_done_=927500 config.nstreams=1000000 avg_latency=0.5235 ms avg throuhgput (requests/sec) = 746.9555 res=false
*==== INFO ====*  stream_id=3711996 latency=0.501959 ms (tx_ts=84294713913248, rx_ts=84294714415207) request_id=3928000 zil_blk_id=3711996 ccf_commit_seqno=3928000 nstreams_done_=928000 config.nstreams=1000000 avg_latency=0.5235 ms avg throuhgput (requests/sec) = 746.8075 res=false
*==== INFO ====*  stream_id=3713996 latency=0.513060 ms (tx_ts=84295620981979, rx_ts=84295621495039) request_id=3928500 zil_blk_id=3713996 ccf_commit_seqno=3928500 nstreams_done_=928500 config.nstreams=1000000 avg_latency=0.5235 ms avg throuhgput (requests/sec) = 746.6648 res=false
*==== INFO ====*  stream_id=3715996 latency=0.492762 ms (tx_ts=84296536169406, rx_ts=84296536662168) request_id=3929000 zil_blk_id=3715996 ccf_commit_seqno=3929000 nstreams_done_=929000 config.nstreams=1000000 avg_latency=0.5235 ms avg throuhgput (requests/sec) = 746.5175 res=false
*==== INFO ====*  stream_id=3717996 latency=0.474417 ms (tx_ts=84297429041575, rx_ts=84297429515992) request_id=3929500 zil_blk_id=3717996 ccf_commit_seqno=3929500 nstreams_done_=929500 config.nstreams=1000000 avg_latency=0.5234 ms avg throuhgput (requests/sec) = 746.3837 res=false
*==== INFO ====*  stream_id=3719996 latency=0.507168 ms (tx_ts=84298329814361, rx_ts=84298330321529) request_id=3930000 zil_blk_id=3719996 ccf_commit_seqno=3930000 nstreams_done_=930000 config.nstreams=1000000 avg_latency=0.5234 ms avg throuhgput (requests/sec) = 746.2455 res=false
*==== INFO ====*  stream_id=3721996 latency=0.832648 ms (tx_ts=84299235353542, rx_ts=84299236186190) request_id=3930500 zil_blk_id=3721996 ccf_commit_seqno=3930500 nstreams_done_=930500 config.nstreams=1000000 avg_latency=0.5234 ms avg throuhgput (requests/sec) = 746.1043 res=false
*==== INFO ====*  stream_id=3723996 latency=0.480548 ms (tx_ts=84300147410855, rx_ts=84300147891403) request_id=3931000 zil_blk_id=3723996 ccf_commit_seqno=3931000 nstreams_done_=931000 config.nstreams=1000000 avg_latency=0.5234 ms avg throuhgput (requests/sec) = 745.9599 res=false
*==== INFO ====*  stream_id=3725996 latency=0.501968 ms (tx_ts=84301066190245, rx_ts=84301066692213) request_id=3931500 zil_blk_id=3725996 ccf_commit_seqno=3931500 nstreams_done_=931500 config.nstreams=1000000 avg_latency=0.5234 ms avg throuhgput (requests/sec) = 745.8115 res=false
*==== INFO ====*  stream_id=3727996 latency=0.538607 ms (tx_ts=84301986263981, rx_ts=84301986802588) request_id=3932000 zil_blk_id=3727996 ccf_commit_seqno=3932000 nstreams_done_=932000 config.nstreams=1000000 avg_latency=0.5234 ms avg throuhgput (requests/sec) = 745.6625 res=false
*==== INFO ====*  stream_id=3729996 latency=0.481390 ms (tx_ts=84302891655452, rx_ts=84302892136842) request_id=3932500 zil_blk_id=3729996 ccf_commit_seqno=3932500 nstreams_done_=932500 config.nstreams=1000000 avg_latency=0.5234 ms avg throuhgput (requests/sec) = 745.5225 res=false
*==== INFO ====*  stream_id=3731996 latency=0.472895 ms (tx_ts=84303798718677, rx_ts=84303799191572) request_id=3933000 zil_blk_id=3731996 ccf_commit_seqno=3933000 nstreams_done_=933000 config.nstreams=1000000 avg_latency=0.5234 ms avg throuhgput (requests/sec) = 745.3817 res=false
*==== INFO ====*  stream_id=3733996 latency=0.478035 ms (tx_ts=84304698117799, rx_ts=84304698595834) request_id=3933500 zil_blk_id=3733996 ccf_commit_seqno=3933500 nstreams_done_=933500 config.nstreams=1000000 avg_latency=0.5233 ms avg throuhgput (requests/sec) = 745.2457 res=false
*==== INFO ====*  stream_id=3735996 latency=0.468296 ms (tx_ts=84305614101573, rx_ts=84305614569869) request_id=3934000 zil_blk_id=3735996 ccf_commit_seqno=3934000 nstreams_done_=934000 config.nstreams=1000000 avg_latency=0.5233 ms avg throuhgput (requests/sec) = 745.1000 res=false
*==== INFO ====*  stream_id=3737996 latency=0.474417 ms (tx_ts=84306520045358, rx_ts=84306520519775) request_id=3934500 zil_blk_id=3737996 ccf_commit_seqno=3934500 nstreams_done_=934500 config.nstreams=1000000 avg_latency=0.5233 ms avg throuhgput (requests/sec) = 744.9605 res=false
*==== INFO ====*  stream_id=3739996 latency=0.496640 ms (tx_ts=84307429974517, rx_ts=84307430471157) request_id=3935000 zil_blk_id=3739996 ccf_commit_seqno=3935000 nstreams_done_=935000 config.nstreams=1000000 avg_latency=0.5233 ms avg throuhgput (requests/sec) = 744.8188 res=false
*==== INFO ====*  stream_id=3741996 latency=0.492612 ms (tx_ts=84308338940940, rx_ts=84308339433552) request_id=3935500 zil_blk_id=3741996 ccf_commit_seqno=3935500 nstreams_done_=935500 config.nstreams=1000000 avg_latency=0.5233 ms avg throuhgput (requests/sec) = 744.6779 res=false
*==== INFO ====*  stream_id=3743996 latency=0.510234 ms (tx_ts=84309252535495, rx_ts=84309253045729) request_id=3936000 zil_blk_id=3743996 ccf_commit_seqno=3936000 nstreams_done_=936000 config.nstreams=1000000 avg_latency=0.5233 ms avg throuhgput (requests/sec) = 744.5344 res=false
*==== INFO ====*  stream_id=3745996 latency=0.458748 ms (tx_ts=84310156741639, rx_ts=84310157200387) request_id=3936500 zil_blk_id=3745996 ccf_commit_seqno=3936500 nstreams_done_=936500 config.nstreams=1000000 avg_latency=0.5232 ms avg throuhgput (requests/sec) = 744.3968 res=false
*==== INFO ====*  stream_id=3747996 latency=0.565788 ms (tx_ts=84311068128532, rx_ts=84311068694320) request_id=3937000 zil_blk_id=3747996 ccf_commit_seqno=3937000 nstreams_done_=937000 config.nstreams=1000000 avg_latency=0.5232 ms avg throuhgput (requests/sec) = 744.2550 res=false
*==== INFO ====*  stream_id=3749996 latency=0.461994 ms (tx_ts=84311963065771, rx_ts=84311963527765) request_id=3937500 zil_blk_id=3749996 ccf_commit_seqno=3937500 nstreams_done_=937500 config.nstreams=1000000 avg_latency=0.5232 ms avg throuhgput (requests/sec) = 744.1232 res=false
*==== INFO ====*  stream_id=3751996 latency=0.461654 ms (tx_ts=84312858953838, rx_ts=84312859415492) request_id=3938000 zil_blk_id=3751996 ccf_commit_seqno=3938000 nstreams_done_=938000 config.nstreams=1000000 avg_latency=0.5232 ms avg throuhgput (requests/sec) = 743.9911 res=false
*==== INFO ====*  stream_id=3753996 latency=0.468015 ms (tx_ts=84313760517460, rx_ts=84313760985475) request_id=3938500 zil_blk_id=3753996 ccf_commit_seqno=3938500 nstreams_done_=938500 config.nstreams=1000000 avg_latency=0.5232 ms avg throuhgput (requests/sec) = 743.8557 res=false
*==== INFO ====*  stream_id=3755996 latency=0.481030 ms (tx_ts=84314668976909, rx_ts=84314669457939) request_id=3939000 zil_blk_id=3755996 ccf_commit_seqno=3939000 nstreams_done_=939000 config.nstreams=1000000 avg_latency=0.5232 ms avg throuhgput (requests/sec) = 743.7165 res=false
*==== INFO ====*  stream_id=3757996 latency=0.521485 ms (tx_ts=84315579982692, rx_ts=84315580504177) request_id=3939500 zil_blk_id=3757996 ccf_commit_seqno=3939500 nstreams_done_=939500 config.nstreams=1000000 avg_latency=0.5232 ms avg throuhgput (requests/sec) = 743.5760 res=false
*==== INFO ====*  stream_id=3759996 latency=0.494024 ms (tx_ts=84316483860786, rx_ts=84316484354810) request_id=3940000 zil_blk_id=3759996 ccf_commit_seqno=3940000 nstreams_done_=940000 config.nstreams=1000000 avg_latency=0.5231 ms avg throuhgput (requests/sec) = 743.4399 res=false
*==== INFO ====*  stream_id=3761996 latency=0.486942 ms (tx_ts=84317380693124, rx_ts=84317381180066) request_id=3940500 zil_blk_id=3761996 ccf_commit_seqno=3940500 nstreams_done_=940500 config.nstreams=1000000 avg_latency=0.5231 ms avg throuhgput (requests/sec) = 743.3081 res=false
*==== INFO ====*  stream_id=3763996 latency=0.492121 ms (tx_ts=84318285721755, rx_ts=84318286213876) request_id=3941000 zil_blk_id=3763996 ccf_commit_seqno=3941000 nstreams_done_=941000 config.nstreams=1000000 avg_latency=0.5231 ms avg throuhgput (requests/sec) = 743.1717 res=false
*==== INFO ====*  stream_id=3765996 latency=0.453579 ms (tx_ts=84319174943090, rx_ts=84319175396669) request_id=3941500 zil_blk_id=3765996 ccf_commit_seqno=3941500 nstreams_done_=941500 config.nstreams=1000000 avg_latency=0.5231 ms avg throuhgput (requests/sec) = 743.0448 res=false
*==== INFO ====*  stream_id=3767996 latency=0.497752 ms (tx_ts=84320081062222, rx_ts=84320081559974) request_id=3942000 zil_blk_id=3767996 ccf_commit_seqno=3942000 nstreams_done_=942000 config.nstreams=1000000 avg_latency=0.5231 ms avg throuhgput (requests/sec) = 742.9081 res=false
*==== INFO ====*  stream_id=3769996 latency=0.547484 ms (tx_ts=84320993237761, rx_ts=84320993785245) request_id=3942500 zil_blk_id=3769996 ccf_commit_seqno=3942500 nstreams_done_=942500 config.nstreams=1000000 avg_latency=0.5231 ms avg throuhgput (requests/sec) = 742.7680 res=false
*==== INFO ====*  stream_id=3771996 latency=0.491710 ms (tx_ts=84321907859295, rx_ts=84321908351005) request_id=3943000 zil_blk_id=3771996 ccf_commit_seqno=3943000 nstreams_done_=943000 config.nstreams=1000000 avg_latency=0.5230 ms avg throuhgput (requests/sec) = 742.6268 res=false
*==== INFO ====*  stream_id=3773996 latency=0.466673 ms (tx_ts=84322808751478, rx_ts=84322809218151) request_id=3943500 zil_blk_id=3773996 ccf_commit_seqno=3943500 nstreams_done_=943500 config.nstreams=1000000 avg_latency=0.5230 ms avg throuhgput (requests/sec) = 742.4938 res=false
*==== INFO ====*  stream_id=3775996 latency=0.525934 ms (tx_ts=84323740020244, rx_ts=84323740546178) request_id=3944000 zil_blk_id=3775996 ccf_commit_seqno=3944000 nstreams_done_=944000 config.nstreams=1000000 avg_latency=0.5230 ms avg throuhgput (requests/sec) = 742.3432 res=false
*==== INFO ====*  stream_id=3777996 latency=0.481891 ms (tx_ts=84324645395998, rx_ts=84324645877889) request_id=3944500 zil_blk_id=3777996 ccf_commit_seqno=3944500 nstreams_done_=944500 config.nstreams=1000000 avg_latency=0.5230 ms avg throuhgput (requests/sec) = 742.2080 res=false
*==== INFO ====*  stream_id=3779996 latency=0.482423 ms (tx_ts=84325553036347, rx_ts=84325553518770) request_id=3945000 zil_blk_id=3779996 ccf_commit_seqno=3945000 nstreams_done_=945000 config.nstreams=1000000 avg_latency=0.5230 ms avg throuhgput (requests/sec) = 742.0716 res=false
*==== INFO ====*  stream_id=3781996 latency=0.485799 ms (tx_ts=84326462913348, rx_ts=84326463399147) request_id=3945500 zil_blk_id=3781996 ccf_commit_seqno=3945500 nstreams_done_=945500 config.nstreams=1000000 avg_latency=0.5230 ms avg throuhgput (requests/sec) = 741.9342 res=false
*==== INFO ====*  stream_id=3783996 latency=0.492892 ms (tx_ts=84327378073574, rx_ts=84327378566466) request_id=3946000 zil_blk_id=3783996 ccf_commit_seqno=3946000 nstreams_done_=946000 config.nstreams=1000000 avg_latency=0.5230 ms avg throuhgput (requests/sec) = 741.7938 res=false
*==== INFO ====*  stream_id=3785996 latency=0.483054 ms (tx_ts=84328290283033, rx_ts=84328290766087) request_id=3946500 zil_blk_id=3785996 ccf_commit_seqno=3946500 nstreams_done_=946500 config.nstreams=1000000 avg_latency=0.5230 ms avg throuhgput (requests/sec) = 741.6554 res=false
*==== INFO ====*  stream_id=3787996 latency=0.493413 ms (tx_ts=84329201293176, rx_ts=84329201786589) request_id=3947000 zil_blk_id=3787996 ccf_commit_seqno=3947000 nstreams_done_=947000 config.nstreams=1000000 avg_latency=0.5229 ms avg throuhgput (requests/sec) = 741.5178 res=false
*==== INFO ====*  stream_id=3789996 latency=0.456364 ms (tx_ts=84330112033512, rx_ts=84330112489876) request_id=3947500 zil_blk_id=3789996 ccf_commit_seqno=3947500 nstreams_done_=947500 config.nstreams=1000000 avg_latency=0.5229 ms avg throuhgput (requests/sec) = 741.3807 res=false
*==== INFO ====*  stream_id=3791996 latency=0.494705 ms (tx_ts=84331025527420, rx_ts=84331026022125) request_id=3948000 zil_blk_id=3791996 ccf_commit_seqno=3948000 nstreams_done_=948000 config.nstreams=1000000 avg_latency=0.5229 ms avg throuhgput (requests/sec) = 741.2421 res=false
*==== INFO ====*  stream_id=3793996 latency=0.485158 ms (tx_ts=84331930038471, rx_ts=84331930523629) request_id=3948500 zil_blk_id=3793996 ccf_commit_seqno=3948500 nstreams_done_=948500 config.nstreams=1000000 avg_latency=0.5229 ms avg throuhgput (requests/sec) = 741.1089 res=false
*==== INFO ====*  stream_id=3795996 latency=0.480729 ms (tx_ts=84332843490024, rx_ts=84332843970753) request_id=3949000 zil_blk_id=3795996 ccf_commit_seqno=3949000 nstreams_done_=949000 config.nstreams=1000000 avg_latency=0.5229 ms avg throuhgput (requests/sec) = 740.9707 res=false
*==== INFO ====*  stream_id=3797996 latency=0.501308 ms (tx_ts=84333763786271, rx_ts=84333764287579) request_id=3949500 zil_blk_id=3797996 ccf_commit_seqno=3949500 nstreams_done_=949500 config.nstreams=1000000 avg_latency=0.5229 ms avg throuhgput (requests/sec) = 740.8288 res=false
*==== INFO ====*  stream_id=3799996 latency=3.393458 ms (tx_ts=84334676364380, rx_ts=84334679757838) request_id=3950000 zil_blk_id=3799996 ccf_commit_seqno=3950000 nstreams_done_=950000 config.nstreams=1000000 avg_latency=0.5229 ms avg throuhgput (requests/sec) = 740.6898 res=false
*==== INFO ====*  stream_id=3801996 latency=0.517709 ms (tx_ts=84335585841530, rx_ts=84335586359239) request_id=3950500 zil_blk_id=3801996 ccf_commit_seqno=3950500 nstreams_done_=950500 config.nstreams=1000000 avg_latency=0.5229 ms avg throuhgput (requests/sec) = 740.5562 res=false
*==== INFO ====*  stream_id=3803996 latency=0.460882 ms (tx_ts=84336488858784, rx_ts=84336489319666) request_id=3951000 zil_blk_id=3803996 ccf_commit_seqno=3951000 nstreams_done_=951000 config.nstreams=1000000 avg_latency=0.5229 ms avg throuhgput (requests/sec) = 740.4248 res=false
*==== INFO ====*  stream_id=3805996 latency=0.465190 ms (tx_ts=84337395502642, rx_ts=84337395967832) request_id=3951500 zil_blk_id=3805996 ccf_commit_seqno=3951500 nstreams_done_=951500 config.nstreams=1000000 avg_latency=0.5228 ms avg throuhgput (requests/sec) = 740.2916 res=false
*==== INFO ====*  stream_id=3807996 latency=0.520233 ms (tx_ts=84338301735692, rx_ts=84338302255925) request_id=3952000 zil_blk_id=3807996 ccf_commit_seqno=3952000 nstreams_done_=952000 config.nstreams=1000000 avg_latency=0.5228 ms avg throuhgput (requests/sec) = 740.1587 res=false
*==== INFO ====*  stream_id=3809996 latency=0.491770 ms (tx_ts=84339208910429, rx_ts=84339209402199) request_id=3952500 zil_blk_id=3809996 ccf_commit_seqno=3952500 nstreams_done_=952500 config.nstreams=1000000 avg_latency=0.5228 ms avg throuhgput (requests/sec) = 740.0255 res=false
*==== INFO ====*  stream_id=3811996 latency=0.499916 ms (tx_ts=84340116824226, rx_ts=84340117324142) request_id=3953000 zil_blk_id=3811996 ccf_commit_seqno=3953000 nstreams_done_=953000 config.nstreams=1000000 avg_latency=0.5228 ms avg throuhgput (requests/sec) = 739.8920 res=false
*==== INFO ====*  stream_id=3813996 latency=0.493524 ms (tx_ts=84341016718522, rx_ts=84341017212046) request_id=3953500 zil_blk_id=3813996 ccf_commit_seqno=3953500 nstreams_done_=953500 config.nstreams=1000000 avg_latency=0.5228 ms avg throuhgput (requests/sec) = 739.7634 res=false
*==== INFO ====*  stream_id=3815996 latency=0.489406 ms (tx_ts=84341920870897, rx_ts=84341921360303) request_id=3954000 zil_blk_id=3815996 ccf_commit_seqno=3954000 nstreams_done_=954000 config.nstreams=1000000 avg_latency=0.5228 ms avg throuhgput (requests/sec) = 739.6325 res=false
*==== INFO ====*  stream_id=3817996 latency=0.476240 ms (tx_ts=84342832033347, rx_ts=84342832509587) request_id=3954500 zil_blk_id=3817996 ccf_commit_seqno=3954500 nstreams_done_=954500 config.nstreams=1000000 avg_latency=0.5228 ms avg throuhgput (requests/sec) = 739.4977 res=false
*==== INFO ====*  stream_id=3819996 latency=0.490819 ms (tx_ts=84343753695840, rx_ts=84343754186659) request_id=3955000 zil_blk_id=3819996 ccf_commit_seqno=3955000 nstreams_done_=955000 config.nstreams=1000000 avg_latency=0.5228 ms avg throuhgput (requests/sec) = 739.3572 res=false
*==== INFO ====*  stream_id=3821996 latency=0.469368 ms (tx_ts=84344669031076, rx_ts=84344669500444) request_id=3955500 zil_blk_id=3821996 ccf_commit_seqno=3955500 nstreams_done_=955500 config.nstreams=1000000 avg_latency=0.5228 ms avg throuhgput (requests/sec) = 739.2204 res=false
*==== INFO ====*  stream_id=3823996 latency=0.814364 ms (tx_ts=84345571443550, rx_ts=84345572257914) request_id=3956000 zil_blk_id=3823996 ccf_commit_seqno=3956000 nstreams_done_=956000 config.nstreams=1000000 avg_latency=0.5227 ms avg throuhgput (requests/sec) = 739.0911 res=false
*==== INFO ====*  stream_id=3825996 latency=0.453969 ms (tx_ts=84346473908768, rx_ts=84346474362737) request_id=3956500 zil_blk_id=3825996 ccf_commit_seqno=3956500 nstreams_done_=956500 config.nstreams=1000000 avg_latency=0.5227 ms avg throuhgput (requests/sec) = 738.9622 res=false
*==== INFO ====*  stream_id=3827996 latency=0.478355 ms (tx_ts=84347388565274, rx_ts=84347389043629) request_id=3957000 zil_blk_id=3827996 ccf_commit_seqno=3957000 nstreams_done_=957000 config.nstreams=1000000 avg_latency=0.5227 ms avg throuhgput (requests/sec) = 738.8264 res=false
*==== INFO ====*  stream_id=3829996 latency=0.470019 ms (tx_ts=84348302059440, rx_ts=84348302529459) request_id=3957500 zil_blk_id=3829996 ccf_commit_seqno=3957500 nstreams_done_=957500 config.nstreams=1000000 avg_latency=0.5227 ms avg throuhgput (requests/sec) = 738.6915 res=false
*==== INFO ====*  stream_id=3831996 latency=0.490067 ms (tx_ts=84349211996373, rx_ts=84349212486440) request_id=3958000 zil_blk_id=3831996 ccf_commit_seqno=3958000 nstreams_done_=958000 config.nstreams=1000000 avg_latency=0.5227 ms avg throuhgput (requests/sec) = 738.5587 res=false
*==== INFO ====*  stream_id=3833996 latency=0.465591 ms (tx_ts=84350115804841, rx_ts=84350116270432) request_id=3958500 zil_blk_id=3833996 ccf_commit_seqno=3958500 nstreams_done_=958500 config.nstreams=1000000 avg_latency=0.5227 ms avg throuhgput (requests/sec) = 738.4297 res=false
*==== INFO ====*  stream_id=3835996 latency=0.478175 ms (tx_ts=84351018821338, rx_ts=84351019299513) request_id=3959000 zil_blk_id=3835996 ccf_commit_seqno=3959000 nstreams_done_=959000 config.nstreams=1000000 avg_latency=0.5226 ms avg throuhgput (requests/sec) = 738.3013 res=false
*==== INFO ====*  stream_id=3837996 latency=0.488083 ms (tx_ts=84351925660647, rx_ts=84351926148730) request_id=3959500 zil_blk_id=3837996 ccf_commit_seqno=3959500 nstreams_done_=959500 config.nstreams=1000000 avg_latency=0.5226 ms avg throuhgput (requests/sec) = 738.1709 res=false
*==== INFO ====*  stream_id=3839996 latency=0.567111 ms (tx_ts=84352828052194, rx_ts=84352828619305) request_id=3960000 zil_blk_id=3839996 ccf_commit_seqno=3960000 nstreams_done_=960000 config.nstreams=1000000 avg_latency=0.5226 ms avg throuhgput (requests/sec) = 738.0431 res=false
*==== INFO ====*  stream_id=3841996 latency=0.471001 ms (tx_ts=84353736762121, rx_ts=84353737233122) request_id=3960500 zil_blk_id=3841996 ccf_commit_seqno=3960500 nstreams_done_=960500 config.nstreams=1000000 avg_latency=0.5226 ms avg throuhgput (requests/sec) = 737.9120 res=false
*==== INFO ====*  stream_id=3843996 latency=0.468726 ms (tx_ts=84354644960704, rx_ts=84354645429430) request_id=3961000 zil_blk_id=3843996 ccf_commit_seqno=3961000 nstreams_done_=961000 config.nstreams=1000000 avg_latency=0.5226 ms avg throuhgput (requests/sec) = 737.7814 res=false
*==== INFO ====*  stream_id=3845996 latency=0.452887 ms (tx_ts=84355546794537, rx_ts=84355547247424) request_id=3961500 zil_blk_id=3845996 ccf_commit_seqno=3961500 nstreams_done_=961500 config.nstreams=1000000 avg_latency=0.5226 ms avg throuhgput (requests/sec) = 737.6545 res=false
*==== INFO ====*  stream_id=3847996 latency=0.464519 ms (tx_ts=84356446808298, rx_ts=84356447272817) request_id=3962000 zil_blk_id=3847996 ccf_commit_seqno=3962000 nstreams_done_=962000 config.nstreams=1000000 avg_latency=0.5226 ms avg throuhgput (requests/sec) = 737.5289 res=false
*==== INFO ====*  stream_id=3849996 latency=0.547825 ms (tx_ts=84357355220218, rx_ts=84357355768043) request_id=3962500 zil_blk_id=3849996 ccf_commit_seqno=3962500 nstreams_done_=962500 config.nstreams=1000000 avg_latency=0.5225 ms avg throuhgput (requests/sec) = 737.3986 res=false
*==== INFO ====*  stream_id=3851996 latency=0.477814 ms (tx_ts=84358260150195, rx_ts=84358260628009) request_id=3963000 zil_blk_id=3851996 ccf_commit_seqno=3963000 nstreams_done_=963000 config.nstreams=1000000 avg_latency=0.5225 ms avg throuhgput (requests/sec) = 737.2706 res=false
*==== INFO ====*  stream_id=3853996 latency=0.499594 ms (tx_ts=84359177643774, rx_ts=84359178143368) request_id=3963500 zil_blk_id=3853996 ccf_commit_seqno=3963500 nstreams_done_=963500 config.nstreams=1000000 avg_latency=0.5225 ms avg throuhgput (requests/sec) = 737.1356 res=false
*==== INFO ====*  stream_id=3855996 latency=0.468867 ms (tx_ts=84360086245462, rx_ts=84360086714329) request_id=3964000 zil_blk_id=3855996 ccf_commit_seqno=3964000 nstreams_done_=964000 config.nstreams=1000000 avg_latency=0.5225 ms avg throuhgput (requests/sec) = 737.0058 res=false
*==== INFO ====*  stream_id=3857996 latency=0.489506 ms (tx_ts=84360999841815, rx_ts=84361000331321) request_id=3964500 zil_blk_id=3857996 ccf_commit_seqno=3964500 nstreams_done_=964500 config.nstreams=1000000 avg_latency=0.5225 ms avg throuhgput (requests/sec) = 736.8734 res=false
*==== INFO ====*  stream_id=3859996 latency=0.480499 ms (tx_ts=84361917491888, rx_ts=84361917972387) request_id=3965000 zil_blk_id=3859996 ccf_commit_seqno=3965000 nstreams_done_=965000 config.nstreams=1000000 avg_latency=0.5225 ms avg throuhgput (requests/sec) = 736.7389 res=false
*==== INFO ====*  stream_id=3861996 latency=0.504574 ms (tx_ts=84362839191325, rx_ts=84362839695899) request_id=3965500 zil_blk_id=3861996 ccf_commit_seqno=3965500 nstreams_done_=965500 config.nstreams=1000000 avg_latency=0.5225 ms avg throuhgput (requests/sec) = 736.6022 res=false
*==== INFO ====*  stream_id=3863996 latency=0.512700 ms (tx_ts=84363773076587, rx_ts=84363773589287) request_id=3966000 zil_blk_id=3863996 ccf_commit_seqno=3966000 nstreams_done_=966000 config.nstreams=1000000 avg_latency=0.5225 ms avg throuhgput (requests/sec) = 736.4590 res=false
*==== INFO ====*  stream_id=3865996 latency=0.480339 ms (tx_ts=84364689688921, rx_ts=84364690169260) request_id=3966500 zil_blk_id=3865996 ccf_commit_seqno=3966500 nstreams_done_=966500 config.nstreams=1000000 avg_latency=0.5225 ms avg throuhgput (requests/sec) = 736.3256 res=false
*==== INFO ====*  stream_id=3867996 latency=0.474077 ms (tx_ts=84365596982487, rx_ts=84365597456564) request_id=3967000 zil_blk_id=3867996 ccf_commit_seqno=3967000 nstreams_done_=967000 config.nstreams=1000000 avg_latency=0.5225 ms avg throuhgput (requests/sec) = 736.1977 res=false
*==== INFO ====*  stream_id=3869996 latency=0.476131 ms (tx_ts=84366507386767, rx_ts=84366507862898) request_id=3967500 zil_blk_id=3869996 ccf_commit_seqno=3967500 nstreams_done_=967500 config.nstreams=1000000 avg_latency=0.5225 ms avg throuhgput (requests/sec) = 736.0682 res=false
*==== INFO ====*  stream_id=3871996 latency=0.516006 ms (tx_ts=84367407805706, rx_ts=84367408321712) request_id=3968000 zil_blk_id=3871996 ccf_commit_seqno=3968000 nstreams_done_=968000 config.nstreams=1000000 avg_latency=0.5225 ms avg throuhgput (requests/sec) = 735.9444 res=false
*==== INFO ====*  stream_id=3873996 latency=0.451625 ms (tx_ts=84368306246652, rx_ts=84368306698277) request_id=3968500 zil_blk_id=3873996 ccf_commit_seqno=3968500 nstreams_done_=968500 config.nstreams=1000000 avg_latency=0.5225 ms avg throuhgput (requests/sec) = 735.8220 res=false
*==== INFO ====*  stream_id=3875996 latency=0.497190 ms (tx_ts=84369209119383, rx_ts=84369209616573) request_id=3969000 zil_blk_id=3875996 ccf_commit_seqno=3969000 nstreams_done_=969000 config.nstreams=1000000 avg_latency=0.5225 ms avg throuhgput (requests/sec) = 735.6972 res=false
*==== INFO ====*  stream_id=3877996 latency=0.478896 ms (tx_ts=84370132996867, rx_ts=84370133475763) request_id=3969500 zil_blk_id=3877996 ccf_commit_seqno=3969500 nstreams_done_=969500 config.nstreams=1000000 avg_latency=0.5225 ms avg throuhgput (requests/sec) = 735.5608 res=false
*==== INFO ====*  stream_id=3879996 latency=0.505666 ms (tx_ts=84371045881786, rx_ts=84371046387452) request_id=3970000 zil_blk_id=3879996 ccf_commit_seqno=3970000 nstreams_done_=970000 config.nstreams=1000000 avg_latency=0.5224 ms avg throuhgput (requests/sec) = 735.4308 res=false
*==== INFO ====*  stream_id=3881996 latency=0.473756 ms (tx_ts=84371962523845, rx_ts=84371962997601) request_id=3970500 zil_blk_id=3881996 ccf_commit_seqno=3970500 nstreams_done_=970500 config.nstreams=1000000 avg_latency=0.5224 ms avg throuhgput (requests/sec) = 735.2989 res=false
*==== INFO ====*  stream_id=3883996 latency=0.492000 ms (tx_ts=84372865392186, rx_ts=84372865884186) request_id=3971000 zil_blk_id=3883996 ccf_commit_seqno=3971000 nstreams_done_=971000 config.nstreams=1000000 avg_latency=0.5224 ms avg throuhgput (requests/sec) = 735.1748 res=false
*==== INFO ====*  stream_id=3885996 latency=0.539278 ms (tx_ts=84373772530458, rx_ts=84373773069736) request_id=3971500 zil_blk_id=3885996 ccf_commit_seqno=3971500 nstreams_done_=971500 config.nstreams=1000000 avg_latency=0.5224 ms avg throuhgput (requests/sec) = 735.0485 res=false
*==== INFO ====*  stream_id=3887996 latency=0.454681 ms (tx_ts=84374684098185, rx_ts=84374684552866) request_id=3972000 zil_blk_id=3887996 ccf_commit_seqno=3972000 nstreams_done_=972000 config.nstreams=1000000 avg_latency=0.5224 ms avg throuhgput (requests/sec) = 734.9200 res=false
*==== INFO ====*  stream_id=3889996 latency=0.557473 ms (tx_ts=84375591250788, rx_ts=84375591808261) request_id=3972500 zil_blk_id=3889996 ccf_commit_seqno=3972500 nstreams_done_=972500 config.nstreams=1000000 avg_latency=0.5224 ms avg throuhgput (requests/sec) = 734.7940 res=false
*==== INFO ====*  stream_id=3891996 latency=0.501398 ms (tx_ts=84376484928780, rx_ts=84376485430178) request_id=3973000 zil_blk_id=3891996 ccf_commit_seqno=3973000 nstreams_done_=973000 config.nstreams=1000000 avg_latency=0.5224 ms avg throuhgput (requests/sec) = 734.6757 res=false
*==== INFO ====*  stream_id=3893996 latency=0.495737 ms (tx_ts=84377376947597, rx_ts=84377377443334) request_id=3973500 zil_blk_id=3893996 ccf_commit_seqno=3973500 nstreams_done_=973500 config.nstreams=1000000 avg_latency=0.5223 ms avg throuhgput (requests/sec) = 734.5585 res=false
*==== INFO ====*  stream_id=3895996 latency=1.882241 ms (tx_ts=84378301693317, rx_ts=84378303575558) request_id=3974000 zil_blk_id=3895996 ccf_commit_seqno=3974000 nstreams_done_=974000 config.nstreams=1000000 avg_latency=0.5223 ms avg throuhgput (requests/sec) = 734.4225 res=false
*==== INFO ====*  stream_id=3897996 latency=0.502921 ms (tx_ts=84379229535889, rx_ts=84379230038810) request_id=3974500 zil_blk_id=3897996 ccf_commit_seqno=3974500 nstreams_done_=974500 config.nstreams=1000000 avg_latency=0.5223 ms avg throuhgput (requests/sec) = 734.2866 res=false
*==== INFO ====*  stream_id=3899996 latency=0.521205 ms (tx_ts=84380138096077, rx_ts=84380138617282) request_id=3975000 zil_blk_id=3899996 ccf_commit_seqno=3975000 nstreams_done_=975000 config.nstreams=1000000 avg_latency=0.5223 ms avg throuhgput (requests/sec) = 734.1607 res=false
*==== INFO ====*  stream_id=3901996 latency=0.478165 ms (tx_ts=84381052685462, rx_ts=84381053163627) request_id=3975500 zil_blk_id=3901996 ccf_commit_seqno=3975500 nstreams_done_=975500 config.nstreams=1000000 avg_latency=0.5223 ms avg throuhgput (requests/sec) = 734.0317 res=false
*==== INFO ====*  stream_id=3903996 latency=0.476842 ms (tx_ts=84381960378866, rx_ts=84381960855708) request_id=3976000 zil_blk_id=3903996 ccf_commit_seqno=3976000 nstreams_done_=976000 config.nstreams=1000000 avg_latency=0.5223 ms avg throuhgput (requests/sec) = 733.9067 res=false
*==== INFO ====*  stream_id=3905996 latency=0.506628 ms (tx_ts=84382869164053, rx_ts=84382869670681) request_id=3976500 zil_blk_id=3905996 ccf_commit_seqno=3976500 nstreams_done_=976500 config.nstreams=1000000 avg_latency=0.5223 ms avg throuhgput (requests/sec) = 733.7812 res=false
*==== INFO ====*  stream_id=3907996 latency=0.488664 ms (tx_ts=84383790539728, rx_ts=84383791028392) request_id=3977000 zil_blk_id=3907996 ccf_commit_seqno=3977000 nstreams_done_=977000 config.nstreams=1000000 avg_latency=0.5223 ms avg throuhgput (requests/sec) = 733.6490 res=false
*==== INFO ====*  stream_id=3909996 latency=2.283483 ms (tx_ts=84384709852498, rx_ts=84384712135981) request_id=3977500 zil_blk_id=3909996 ccf_commit_seqno=3977500 nstreams_done_=977500 config.nstreams=1000000 avg_latency=0.5223 ms avg throuhgput (requests/sec) = 733.5171 res=false
*==== INFO ====*  stream_id=3911996 latency=0.451625 ms (tx_ts=84385637970599, rx_ts=84385638422224) request_id=3978000 zil_blk_id=3911996 ccf_commit_seqno=3978000 nstreams_done_=978000 config.nstreams=1000000 avg_latency=0.5223 ms avg throuhgput (requests/sec) = 733.3826 res=false
*==== INFO ====*  stream_id=3913996 latency=0.483645 ms (tx_ts=84386534287798, rx_ts=84386534771443) request_id=3978500 zil_blk_id=3913996 ccf_commit_seqno=3978500 nstreams_done_=978500 config.nstreams=1000000 avg_latency=0.5222 ms avg throuhgput (requests/sec) = 733.2646 res=false
*==== INFO ====*  stream_id=3915996 latency=0.491740 ms (tx_ts=84387434233266, rx_ts=84387434725006) request_id=3979000 zil_blk_id=3915996 ccf_commit_seqno=3979000 nstreams_done_=979000 config.nstreams=1000000 avg_latency=0.5222 ms avg throuhgput (requests/sec) = 733.1449 res=false
*==== INFO ====*  stream_id=3917996 latency=0.456954 ms (tx_ts=84388342542116, rx_ts=84388342999070) request_id=3979500 zil_blk_id=3917996 ccf_commit_seqno=3979500 nstreams_done_=979500 config.nstreams=1000000 avg_latency=0.5222 ms avg throuhgput (requests/sec) = 733.0207 res=false
*==== INFO ====*  stream_id=3919996 latency=0.518329 ms (tx_ts=84389235915662, rx_ts=84389236433991) request_id=3980000 zil_blk_id=3919996 ccf_commit_seqno=3980000 nstreams_done_=980000 config.nstreams=1000000 avg_latency=0.5222 ms avg throuhgput (requests/sec) = 732.9049 res=false
*==== INFO ====*  stream_id=3921996 latency=0.483975 ms (tx_ts=84390135811198, rx_ts=84390136295173) request_id=3980500 zil_blk_id=3921996 ccf_commit_seqno=3980500 nstreams_done_=980500 config.nstreams=1000000 avg_latency=0.5222 ms avg throuhgput (requests/sec) = 732.7857 res=false
*==== INFO ====*  stream_id=3923996 latency=0.474328 ms (tx_ts=84391033485237, rx_ts=84391033959565) request_id=3981000 zil_blk_id=3923996 ccf_commit_seqno=3981000 nstreams_done_=981000 config.nstreams=1000000 avg_latency=0.5222 ms avg throuhgput (requests/sec) = 732.6678 res=false
*==== INFO ====*  stream_id=3925996 latency=0.454620 ms (tx_ts=84391939387197, rx_ts=84391939841817) request_id=3981500 zil_blk_id=3925996 ccf_commit_seqno=3981500 nstreams_done_=981500 config.nstreams=1000000 avg_latency=0.5221 ms avg throuhgput (requests/sec) = 732.5456 res=false
*==== INFO ====*  stream_id=3927996 latency=0.464939 ms (tx_ts=84392853283206, rx_ts=84392853748145) request_id=3982000 zil_blk_id=3927996 ccf_commit_seqno=3982000 nstreams_done_=982000 config.nstreams=1000000 avg_latency=0.5221 ms avg throuhgput (requests/sec) = 732.4192 res=false
*==== INFO ====*  stream_id=3929996 latency=0.469217 ms (tx_ts=84393786860695, rx_ts=84393787329912) request_id=3982500 zil_blk_id=3929996 ccf_commit_seqno=3982500 nstreams_done_=982500 config.nstreams=1000000 avg_latency=0.5221 ms avg throuhgput (requests/sec) = 732.2823 res=false
*==== INFO ====*  stream_id=3931996 latency=0.463467 ms (tx_ts=84394694856373, rx_ts=84394695319840) request_id=3983000 zil_blk_id=3931996 ccf_commit_seqno=3983000 nstreams_done_=983000 config.nstreams=1000000 avg_latency=0.5221 ms avg throuhgput (requests/sec) = 732.1594 res=false
*==== INFO ====*  stream_id=3933996 latency=0.496679 ms (tx_ts=84395609488767, rx_ts=84395609985446) request_id=3983500 zil_blk_id=3933996 ccf_commit_seqno=3983500 nstreams_done_=983500 config.nstreams=1000000 avg_latency=0.5221 ms avg throuhgput (requests/sec) = 732.0331 res=false
*==== INFO ====*  stream_id=3935996 latency=0.476031 ms (tx_ts=84396529943573, rx_ts=84396530419604) request_id=3984000 zil_blk_id=3935996 ccf_commit_seqno=3984000 nstreams_done_=984000 config.nstreams=1000000 avg_latency=0.5221 ms avg throuhgput (requests/sec) = 731.9039 res=false
*==== INFO ====*  stream_id=3937996 latency=0.466744 ms (tx_ts=84397432521727, rx_ts=84397432988471) request_id=3984500 zil_blk_id=3937996 ccf_commit_seqno=3984500 nstreams_done_=984500 config.nstreams=1000000 avg_latency=0.5221 ms avg throuhgput (requests/sec) = 731.7845 res=false
*==== INFO ====*  stream_id=3939996 latency=0.471582 ms (tx_ts=84398329614381, rx_ts=84398330085963) request_id=3985000 zil_blk_id=3939996 ccf_commit_seqno=3985000 nstreams_done_=985000 config.nstreams=1000000 avg_latency=0.5221 ms avg throuhgput (requests/sec) = 731.6683 res=false
*==== INFO ====*  stream_id=3941996 latency=0.473326 ms (tx_ts=84399264244380, rx_ts=84399264717706) request_id=3985500 zil_blk_id=3941996 ccf_commit_seqno=3985500 nstreams_done_=985500 config.nstreams=1000000 avg_latency=0.5221 ms avg throuhgput (requests/sec) = 731.5318 res=false
*==== INFO ====*  stream_id=3943996 latency=0.540411 ms (tx_ts=84400207839606, rx_ts=84400208380017) request_id=3986000 zil_blk_id=3943996 ccf_commit_seqno=3986000 nstreams_done_=986000 config.nstreams=1000000 avg_latency=0.5221 ms avg throuhgput (requests/sec) = 731.3906 res=false
*==== INFO ====*  stream_id=3945996 latency=0.483054 ms (tx_ts=84401133733421, rx_ts=84401134216475) request_id=3986500 zil_blk_id=3945996 ccf_commit_seqno=3986500 nstreams_done_=986500 config.nstreams=1000000 avg_latency=0.5221 ms avg throuhgput (requests/sec) = 731.2593 res=false
*==== INFO ====*  stream_id=3947996 latency=0.510255 ms (tx_ts=84402055032924, rx_ts=84402055543179) request_id=3987000 zil_blk_id=3947996 ccf_commit_seqno=3987000 nstreams_done_=987000 config.nstreams=1000000 avg_latency=0.5221 ms avg throuhgput (requests/sec) = 731.1306 res=false
*==== INFO ====*  stream_id=3949996 latency=0.477583 ms (tx_ts=84402957942995, rx_ts=84402958420578) request_id=3987500 zil_blk_id=3949996 ccf_commit_seqno=3987500 nstreams_done_=987500 config.nstreams=1000000 avg_latency=0.5221 ms avg throuhgput (requests/sec) = 731.0121 res=false
*==== INFO ====*  stream_id=3951996 latency=0.469538 ms (tx_ts=84403864268941, rx_ts=84403864738479) request_id=3988000 zil_blk_id=3951996 ccf_commit_seqno=3988000 nstreams_done_=988000 config.nstreams=1000000 avg_latency=0.5221 ms avg throuhgput (requests/sec) = 730.8919 res=false
*==== INFO ====*  stream_id=3953996 latency=0.459169 ms (tx_ts=84404772737802, rx_ts=84404773196971) request_id=3988500 zil_blk_id=3953996 ccf_commit_seqno=3988500 nstreams_done_=988500 config.nstreams=1000000 avg_latency=0.5220 ms avg throuhgput (requests/sec) = 730.7706 res=false
*==== INFO ====*  stream_id=3955996 latency=0.518860 ms (tx_ts=84405684909436, rx_ts=84405685428296) request_id=3989000 zil_blk_id=3955996 ccf_commit_seqno=3989000 nstreams_done_=989000 config.nstreams=1000000 avg_latency=0.5220 ms avg throuhgput (requests/sec) = 730.6475 res=false
*==== INFO ====*  stream_id=3957996 latency=0.471612 ms (tx_ts=84406593927887, rx_ts=84406594399499) request_id=3989500 zil_blk_id=3957996 ccf_commit_seqno=3989500 nstreams_done_=989500 config.nstreams=1000000 avg_latency=0.5220 ms avg throuhgput (requests/sec) = 730.5263 res=false
*==== INFO ====*  stream_id=3959996 latency=0.490847 ms (tx_ts=84407470936739, rx_ts=84407471427586) request_id=3990000 zil_blk_id=3959996 ccf_commit_seqno=3990000 nstreams_done_=990000 config.nstreams=1000000 avg_latency=0.5220 ms avg throuhgput (requests/sec) = 730.4225 res=false
*==== INFO ====*  stream_id=3961996 latency=0.481761 ms (tx_ts=84408374624761, rx_ts=84408375106522) request_id=3990500 zil_blk_id=3961996 ccf_commit_seqno=3990500 nstreams_done_=990500 config.nstreams=1000000 avg_latency=0.5220 ms avg throuhgput (requests/sec) = 730.3045 res=false
*==== INFO ====*  stream_id=3963996 latency=0.483695 ms (tx_ts=84409342318835, rx_ts=84409342802530) request_id=3991000 zil_blk_id=3963996 ccf_commit_seqno=3991000 nstreams_done_=991000 config.nstreams=1000000 avg_latency=0.5220 ms avg throuhgput (requests/sec) = 730.1522 res=false
*==== INFO ====*  stream_id=3965996 latency=0.503321 ms (tx_ts=84410261685639, rx_ts=84410262188960) request_id=3991500 zil_blk_id=3965996 ccf_commit_seqno=3991500 nstreams_done_=991500 config.nstreams=1000000 avg_latency=0.5220 ms avg throuhgput (requests/sec) = 730.0261 res=false
*==== INFO ====*  stream_id=3967996 latency=0.499103 ms (tx_ts=84411180168441, rx_ts=84411180667544) request_id=3992000 zil_blk_id=3967996 ccf_commit_seqno=3992000 nstreams_done_=992000 config.nstreams=1000000 avg_latency=0.5220 ms avg throuhgput (requests/sec) = 729.9006 res=false
*==== INFO ====*  stream_id=3969996 latency=0.487051 ms (tx_ts=84412091408981, rx_ts=84412091896032) request_id=3992500 zil_blk_id=3969996 ccf_commit_seqno=3992500 nstreams_done_=992500 config.nstreams=1000000 avg_latency=0.5220 ms avg throuhgput (requests/sec) = 729.7792 res=false
*==== INFO ====*  stream_id=3971996 latency=0.481030 ms (tx_ts=84413014753778, rx_ts=84413015234808) request_id=3993000 zil_blk_id=3971996 ccf_commit_seqno=3993000 nstreams_done_=993000 config.nstreams=1000000 avg_latency=0.5220 ms avg throuhgput (requests/sec) = 729.6515 res=false
*==== INFO ====*  stream_id=3973996 latency=0.486981 ms (tx_ts=84413934581646, rx_ts=84413935068627) request_id=3993500 zil_blk_id=3973996 ccf_commit_seqno=3993500 nstreams_done_=993500 config.nstreams=1000000 avg_latency=0.5220 ms avg throuhgput (requests/sec) = 729.5258 res=false
*==== INFO ====*  stream_id=3975996 latency=0.488244 ms (tx_ts=84414866509689, rx_ts=84414866997933) request_id=3994000 zil_blk_id=3975996 ccf_commit_seqno=3994000 nstreams_done_=994000 config.nstreams=1000000 avg_latency=0.5220 ms avg throuhgput (requests/sec) = 729.3938 res=false
*==== INFO ====*  stream_id=3977996 latency=0.481280 ms (tx_ts=84415781504282, rx_ts=84415781985562) request_id=3994500 zil_blk_id=3977996 ccf_commit_seqno=3994500 nstreams_done_=994500 config.nstreams=1000000 avg_latency=0.5220 ms avg throuhgput (requests/sec) = 729.2711 res=false
*==== INFO ====*  stream_id=3979996 latency=0.467876 ms (tx_ts=84416709753995, rx_ts=84416710221871) request_id=3995000 zil_blk_id=3979996 ccf_commit_seqno=3995000 nstreams_done_=995000 config.nstreams=1000000 avg_latency=0.5220 ms avg throuhgput (requests/sec) = 729.1414 res=false
*==== INFO ====*  stream_id=3981996 latency=0.481351 ms (tx_ts=84417626427531, rx_ts=84417626908882) request_id=3995500 zil_blk_id=3981996 ccf_commit_seqno=3995500 nstreams_done_=995500 config.nstreams=1000000 avg_latency=0.5220 ms avg throuhgput (requests/sec) = 729.0181 res=false
*==== INFO ====*  stream_id=3983996 latency=0.495748 ms (tx_ts=84418545725118, rx_ts=84418546220866) request_id=3996000 zil_blk_id=3983996 ccf_commit_seqno=3996000 nstreams_done_=996000 config.nstreams=1000000 avg_latency=0.5220 ms avg throuhgput (requests/sec) = 728.8936 res=false
*==== INFO ====*  stream_id=3985996 latency=0.466572 ms (tx_ts=84419453379985, rx_ts=84419453846557) request_id=3996500 zil_blk_id=3985996 ccf_commit_seqno=3996500 nstreams_done_=996500 config.nstreams=1000000 avg_latency=0.5220 ms avg throuhgput (requests/sec) = 728.7754 res=false
*==== INFO ====*  stream_id=3987996 latency=0.506808 ms (tx_ts=84420357534989, rx_ts=84420358041797) request_id=3997000 zil_blk_id=3987996 ccf_commit_seqno=3997000 nstreams_done_=997000 config.nstreams=1000000 avg_latency=0.5220 ms avg throuhgput (requests/sec) = 728.6592 res=false
*==== INFO ====*  stream_id=3989996 latency=0.495136 ms (tx_ts=84421267617360, rx_ts=84421268112496) request_id=3997500 zil_blk_id=3989996 ccf_commit_seqno=3997500 nstreams_done_=997500 config.nstreams=1000000 avg_latency=0.5219 ms avg throuhgput (requests/sec) = 728.5401 res=false
*==== INFO ====*  stream_id=3991996 latency=0.475410 ms (tx_ts=84422176049390, rx_ts=84422176524800) request_id=3998000 zil_blk_id=3991996 ccf_commit_seqno=3998000 nstreams_done_=998000 config.nstreams=1000000 avg_latency=0.5219 ms avg throuhgput (requests/sec) = 728.4220 res=false
*==== INFO ====*  stream_id=3993996 latency=0.472143 ms (tx_ts=84423090666962, rx_ts=84423091139105) request_id=3998500 zil_blk_id=3993996 ccf_commit_seqno=3998500 nstreams_done_=998500 config.nstreams=1000000 avg_latency=0.5219 ms avg throuhgput (requests/sec) = 728.3007 res=false
*==== INFO ====*  stream_id=3995996 latency=0.484967 ms (tx_ts=84424006850783, rx_ts=84424007335750) request_id=3999000 zil_blk_id=3995996 ccf_commit_seqno=3999000 nstreams_done_=999000 config.nstreams=1000000 avg_latency=0.5219 ms avg throuhgput (requests/sec) = 728.1788 res=false
*==== INFO ====*  stream_id=3997996 latency=0.501999 ms (tx_ts=84424945860836, rx_ts=84424946362835) request_id=3999500 zil_blk_id=3997996 ccf_commit_seqno=3999500 nstreams_done_=999500 config.nstreams=1000000 avg_latency=0.5219 ms avg throuhgput (requests/sec) = 728.0450 res=false
*==== INFO ====* http_end_stream ALL streams done! nstreams_done_=1000000 avg_latency=0.5219 ms
*==== INFO ====*  stream_id=3999996 latency=2.981046 ms (tx_ts=84425889937304, rx_ts=84425892918350) request_id=4000000 zil_blk_id=3999996 ccf_commit_seqno=4000000 nstreams_done_=1000000 config.nstreams=1000000 avg_latency=0.5219 ms avg throuhgput (requests/sec) = 727.9073 res=false
