Uniform: 712 734 857 406 1339 
Exponential: -2147483648 -2147483648 -2147483648 -2147483648 -2147483648 
Truncated Normal: 1151 1106 1202 1215 716 
*==== INFO ====*  stream_id=1996 latency=1.126877 ms (tx_ts=87142617681976, rx_ts=87142618808853) request_id=17957 zil_blk_id=1996 ccf_commit_seqno=17960 nstreams_done_=500 config.nstreams=400000 avg_latency=1.1131 ms avg throuhgput (requests/sec) = 573.8051 res=false
*==== INFO ====*  stream_id=3996 latency=0.850562 ms (tx_ts=87143503392294, rx_ts=87143504242856) request_id=36323 zil_blk_id=3996 ccf_commit_seqno=36324 nstreams_done_=1000 config.nstreams=400000 avg_latency=1.1185 ms avg throuhgput (requests/sec) = 569.2135 res=false
*==== INFO ====*  stream_id=5996 latency=1.533837 ms (tx_ts=87144459866549, rx_ts=87144461400386) request_id=54998 zil_blk_id=5996 ccf_commit_seqno=55010 nstreams_done_=1500 config.nstreams=400000 avg_latency=1.1647 ms avg throuhgput (requests/sec) = 552.6964 res=false
*==== INFO ====*  stream_id=7996 latency=0.961377 ms (tx_ts=87145372801530, rx_ts=87145373762907) request_id=73365 zil_blk_id=7996 ccf_commit_seqno=73366 nstreams_done_=2000 config.nstreams=400000 avg_latency=1.1662 ms avg throuhgput (requests/sec) = 551.5218 res=false
*==== INFO ====*  stream_id=9996 latency=0.915762 ms (tx_ts=87146261063345, rx_ts=87146261979107) request_id=92847 zil_blk_id=9996 ccf_commit_seqno=92852 nstreams_done_=2500 config.nstreams=400000 avg_latency=1.1482 ms avg throuhgput (requests/sec) = 553.7655 res=false
*==== INFO ====*  stream_id=11996 latency=1.302563 ms (tx_ts=87147109081180, rx_ts=87147110383743) request_id=112780 zil_blk_id=11996 ccf_commit_seqno=112787 nstreams_done_=3000 config.nstreams=400000 avg_latency=1.1349 ms avg throuhgput (requests/sec) = 559.3935 res=false
*==== INFO ====*  stream_id=13996 latency=1.270141 ms (tx_ts=87148052413326, rx_ts=87148053683467) request_id=133941 zil_blk_id=13996 ccf_commit_seqno=133946 nstreams_done_=3500 config.nstreams=400000 avg_latency=1.1466 ms avg throuhgput (requests/sec) = 555.0049 res=false
*==== INFO ====*  stream_id=15996 latency=1.024305 ms (tx_ts=87148893272330, rx_ts=87148894296635) request_id=152694 zil_blk_id=15996 ccf_commit_seqno=152696 nstreams_done_=4000 config.nstreams=400000 avg_latency=1.1497 ms avg throuhgput (requests/sec) = 559.6861 res=false
*==== INFO ====*  stream_id=17996 latency=1.292166 ms (tx_ts=87149754330521, rx_ts=87149755622687) request_id=172471 zil_blk_id=17996 ccf_commit_seqno=172475 nstreams_done_=4500 config.nstreams=400000 avg_latency=1.1531 ms avg throuhgput (requests/sec) = 561.9247 res=false
*==== INFO ====*  stream_id=19996 latency=1.874162 ms (tx_ts=87150652059859, rx_ts=87150653934021) request_id=192402 zil_blk_id=19996 ccf_commit_seqno=192413 nstreams_done_=5000 config.nstreams=400000 avg_latency=1.1604 ms avg throuhgput (requests/sec) = 561.3877 res=false
*==== INFO ====*  stream_id=21996 latency=1.238973 ms (tx_ts=87151528781451, rx_ts=87151530020424) request_id=212760 zil_blk_id=21996 ccf_commit_seqno=212763 nstreams_done_=5500 config.nstreams=400000 avg_latency=1.1589 ms avg throuhgput (requests/sec) = 562.2234 res=false
*==== INFO ====*  stream_id=23996 latency=1.437141 ms (tx_ts=87152504844297, rx_ts=87152506281438) request_id=232614 zil_blk_id=23996 ccf_commit_seqno=232626 nstreams_done_=6000 config.nstreams=400000 avg_latency=1.1768 ms avg throuhgput (requests/sec) = 557.6805 res=false
*==== INFO ====*  stream_id=25996 latency=1.648301 ms (tx_ts=87153382102613, rx_ts=87153383750914) request_id=253259 zil_blk_id=25996 ccf_commit_seqno=253277 nstreams_done_=6500 config.nstreams=400000 avg_latency=1.1723 ms avg throuhgput (requests/sec) = 558.5959 res=false
*==== INFO ====*  stream_id=27996 latency=1.349865 ms (tx_ts=87154328742563, rx_ts=87154330092428) request_id=273980 zil_blk_id=27996 ccf_commit_seqno=273981 nstreams_done_=7000 config.nstreams=400000 avg_latency=1.1788 ms avg throuhgput (requests/sec) = 556.3212 res=false
*==== INFO ====*  stream_id=29996 latency=0.808959 ms (tx_ts=87155282940104, rx_ts=87155283749063) request_id=295239 zil_blk_id=29996 ccf_commit_seqno=295241 nstreams_done_=7500 config.nstreams=400000 avg_latency=1.1829 ms avg throuhgput (requests/sec) = 554.0651 res=false
*==== INFO ====*  stream_id=31996 latency=1.455471 ms (tx_ts=87156203455161, rx_ts=87156204910632) request_id=315949 zil_blk_id=31996 ccf_commit_seqno=315964 nstreams_done_=8000 config.nstreams=400000 avg_latency=1.1853 ms avg throuhgput (requests/sec) = 553.3469 res=false
*==== INFO ====*  stream_id=33996 latency=0.898781 ms (tx_ts=87157130153762, rx_ts=87157131052543) request_id=336992 zil_blk_id=33996 ccf_commit_seqno=336994 nstreams_done_=8500 config.nstreams=400000 avg_latency=1.1855 ms avg throuhgput (requests/sec) = 552.5358 res=false
*==== INFO ====*  stream_id=35996 latency=1.193431 ms (tx_ts=87158054602294, rx_ts=87158055795725) request_id=357821 zil_blk_id=35996 ccf_commit_seqno=357827 nstreams_done_=9000 config.nstreams=400000 avg_latency=1.1869 ms avg throuhgput (requests/sec) = 551.8641 res=false
*==== INFO ====*  stream_id=37996 latency=1.369411 ms (tx_ts=87158974437431, rx_ts=87158975806842) request_id=377880 zil_blk_id=37996 ccf_commit_seqno=377882 nstreams_done_=9500 config.nstreams=400000 avg_latency=1.1894 ms avg throuhgput (requests/sec) = 551.4159 res=false
*==== INFO ====*  stream_id=39996 latency=1.585633 ms (tx_ts=87159880488499, rx_ts=87159882074132) request_id=398591 zil_blk_id=39996 ccf_commit_seqno=398609 nstreams_done_=10000 config.nstreams=400000 avg_latency=1.1892 ms avg throuhgput (requests/sec) = 551.4308 res=false
*==== INFO ====*  stream_id=41996 latency=1.169836 ms (tx_ts=87160803181639, rx_ts=87160804351475) request_id=418990 zil_blk_id=41996 ccf_commit_seqno=418990 nstreams_done_=10500 config.nstreams=400000 avg_latency=1.1912 ms avg throuhgput (requests/sec) = 550.9810 res=false
*==== INFO ====*  stream_id=43996 latency=1.071004 ms (tx_ts=87161728899683, rx_ts=87161729970687) request_id=441189 zil_blk_id=43996 ccf_commit_seqno=441194 nstreams_done_=11000 config.nstreams=400000 avg_latency=1.1892 ms avg throuhgput (requests/sec) = 550.4806 res=false
*==== INFO ====*  stream_id=45996 latency=0.888536 ms (tx_ts=87162663211971, rx_ts=87162664100507) request_id=461874 zil_blk_id=45996 ccf_commit_seqno=461877 nstreams_done_=11500 config.nstreams=400000 avg_latency=1.1917 ms avg throuhgput (requests/sec) = 549.8008 res=false
*==== INFO ====*  stream_id=47996 latency=1.477554 ms (tx_ts=87163525299013, rx_ts=87163526776567) request_id=481643 zil_blk_id=47996 ccf_commit_seqno=481647 nstreams_done_=12000 config.nstreams=400000 avg_latency=1.1909 ms avg throuhgput (requests/sec) = 550.9808 res=false
*==== INFO ====*  stream_id=49996 latency=1.335589 ms (tx_ts=87164436782049, rx_ts=87164438117638) request_id=501481 zil_blk_id=49996 ccf_commit_seqno=501481 nstreams_done_=12500 config.nstreams=400000 avg_latency=1.1938 ms avg throuhgput (requests/sec) = 550.8869 res=false
*==== INFO ====*  stream_id=51996 latency=1.015749 ms (tx_ts=87165352853206, rx_ts=87165353868955) request_id=521938 zil_blk_id=51996 ccf_commit_seqno=521943 nstreams_done_=13000 config.nstreams=400000 avg_latency=1.1949 ms avg throuhgput (requests/sec) = 550.6973 res=false
*==== INFO ====*  stream_id=53996 latency=1.400481 ms (tx_ts=87166283308144, rx_ts=87166284708625) request_id=542087 zil_blk_id=53996 ccf_commit_seqno=542099 nstreams_done_=13500 config.nstreams=400000 avg_latency=1.1979 ms avg throuhgput (requests/sec) = 550.1833 res=false
*==== INFO ====*  stream_id=55996 latency=1.334496 ms (tx_ts=87167175927246, rx_ts=87167177261742) request_id=563014 zil_blk_id=55996 ccf_commit_seqno=563022 nstreams_done_=14000 config.nstreams=400000 avg_latency=1.1959 ms avg throuhgput (requests/sec) = 550.5346 res=false
*==== INFO ====*  stream_id=57996 latency=1.288859 ms (tx_ts=87168099569144, rx_ts=87168100858003) request_id=583416 zil_blk_id=57996 ccf_commit_seqno=583425 nstreams_done_=14500 config.nstreams=400000 avg_latency=1.1971 ms avg throuhgput (requests/sec) = 550.2131 res=false
*==== INFO ====*  stream_id=59996 latency=1.020148 ms (tx_ts=87168985293302, rx_ts=87168986313450) request_id=603454 zil_blk_id=59996 ccf_commit_seqno=603457 nstreams_done_=15000 config.nstreams=400000 avg_latency=1.1960 ms avg throuhgput (requests/sec) = 550.6834 res=false
*==== INFO ====*  stream_id=61996 latency=0.920409 ms (tx_ts=87169931735455, rx_ts=87169932655864) request_id=625644 zil_blk_id=61996 ccf_commit_seqno=625644 nstreams_done_=15500 config.nstreams=400000 avg_latency=1.1955 ms avg throuhgput (requests/sec) = 549.9336 res=false
*==== INFO ====*  stream_id=63996 latency=1.651400 ms (tx_ts=87170876464059, rx_ts=87170878115459) request_id=646527 zil_blk_id=63996 ccf_commit_seqno=646547 nstreams_done_=16000 config.nstreams=400000 avg_latency=1.1975 ms avg throuhgput (requests/sec) = 549.2491 res=false
*==== INFO ====*  stream_id=65996 latency=1.000352 ms (tx_ts=87171826020879, rx_ts=87171827021231) request_id=666776 zil_blk_id=65996 ccf_commit_seqno=666780 nstreams_done_=16500 config.nstreams=400000 avg_latency=1.1999 ms avg throuhgput (requests/sec) = 548.5447 res=false
*==== INFO ====*  stream_id=67996 latency=1.009896 ms (tx_ts=87172735859442, rx_ts=87172736869338) request_id=686687 zil_blk_id=67996 ccf_commit_seqno=686690 nstreams_done_=17000 config.nstreams=400000 avg_latency=1.2006 ms avg throuhgput (requests/sec) = 548.5740 res=false
*==== INFO ====*  stream_id=69996 latency=1.046484 ms (tx_ts=87173635588406, rx_ts=87173636634890) request_id=706893 zil_blk_id=69996 ccf_commit_seqno=706893 nstreams_done_=17500 config.nstreams=400000 avg_latency=1.2004 ms avg throuhgput (requests/sec) = 548.7751 res=false
*==== INFO ====*  stream_id=71996 latency=0.776636 ms (tx_ts=87174553170717, rx_ts=87174553947353) request_id=726410 zil_blk_id=71996 ccf_commit_seqno=726412 nstreams_done_=18000 config.nstreams=400000 avg_latency=1.2025 ms avg throuhgput (requests/sec) = 548.6715 res=false
*==== INFO ====*  stream_id=73996 latency=1.528856 ms (tx_ts=87175479535090, rx_ts=87175481063946) request_id=747096 zil_blk_id=73996 ccf_commit_seqno=747101 nstreams_done_=18500 config.nstreams=400000 avg_latency=1.2030 ms avg throuhgput (requests/sec) = 548.4141 res=false
*==== INFO ====*  stream_id=75996 latency=1.742014 ms (tx_ts=87176388910539, rx_ts=87176390652553) request_id=766063 zil_blk_id=75996 ccf_commit_seqno=766085 nstreams_done_=19000 config.nstreams=400000 avg_latency=1.2059 ms avg throuhgput (requests/sec) = 548.4479 res=false
*==== INFO ====*  stream_id=77996 latency=1.022394 ms (tx_ts=87177349267319, rx_ts=87177350289713) request_id=786489 zil_blk_id=77996 ccf_commit_seqno=786490 nstreams_done_=19500 config.nstreams=400000 avg_latency=1.2086 ms avg throuhgput (requests/sec) = 547.7089 res=false
*==== INFO ====*  stream_id=79996 latency=1.082986 ms (tx_ts=87178263139058, rx_ts=87178264222044) request_id=806903 zil_blk_id=79996 ccf_commit_seqno=806906 nstreams_done_=20000 config.nstreams=400000 avg_latency=1.2087 ms avg throuhgput (requests/sec) = 547.6933 res=false
*==== INFO ====*  stream_id=81996 latency=1.617796 ms (tx_ts=87179203152476, rx_ts=87179204770272) request_id=827683 zil_blk_id=81996 ccf_commit_seqno=827686 nstreams_done_=20500 config.nstreams=400000 avg_latency=1.2096 ms avg throuhgput (requests/sec) = 547.2893 res=false
*==== INFO ====*  stream_id=83996 latency=1.082722 ms (tx_ts=87180103188063, rx_ts=87180104270785) request_id=848910 zil_blk_id=83996 ccf_commit_seqno=848913 nstreams_done_=21000 config.nstreams=400000 avg_latency=1.2081 ms avg throuhgput (requests/sec) = 547.4904 res=false
*==== INFO ====*  stream_id=85996 latency=1.683729 ms (tx_ts=87180992586383, rx_ts=87180994270112) request_id=869369 zil_blk_id=85996 ccf_commit_seqno=869386 nstreams_done_=21500 config.nstreams=400000 avg_latency=1.2076 ms avg throuhgput (requests/sec) = 547.8148 res=false
*==== INFO ====*  stream_id=87996 latency=1.120045 ms (tx_ts=87181907672440, rx_ts=87181908792485) request_id=889776 zil_blk_id=87996 ccf_commit_seqno=889776 nstreams_done_=22000 config.nstreams=400000 avg_latency=1.2087 ms avg throuhgput (requests/sec) = 547.7902 res=false
*==== INFO ====*  stream_id=89996 latency=0.871982 ms (tx_ts=87182789741484, rx_ts=87182790613466) request_id=909564 zil_blk_id=89996 ccf_commit_seqno=909567 nstreams_done_=22500 config.nstreams=400000 avg_latency=1.2086 ms avg throuhgput (requests/sec) = 548.2031 res=false
*==== INFO ====*  stream_id=91996 latency=1.539720 ms (tx_ts=87183732171111, rx_ts=87183733710831) request_id=930649 zil_blk_id=91996 ccf_commit_seqno=930662 nstreams_done_=23000 config.nstreams=400000 avg_latency=1.2086 ms avg throuhgput (requests/sec) = 547.7980 res=false
*==== INFO ====*  stream_id=93996 latency=0.877678 ms (tx_ts=87184655725313, rx_ts=87184656602991) request_id=950410 zil_blk_id=93996 ccf_commit_seqno=950414 nstreams_done_=23500 config.nstreams=400000 avg_latency=1.2104 ms avg throuhgput (requests/sec) = 547.6685 res=false
*==== INFO ====*  stream_id=95996 latency=1.431543 ms (tx_ts=87185624167099, rx_ts=87185625598642) request_id=970809 zil_blk_id=95996 ccf_commit_seqno=970811 nstreams_done_=24000 config.nstreams=400000 avg_latency=1.2126 ms avg throuhgput (requests/sec) = 546.9691 res=false
*==== INFO ====*  stream_id=97996 latency=1.166065 ms (tx_ts=87186570459972, rx_ts=87186571626037) request_id=991195 zil_blk_id=97996 ccf_commit_seqno=991198 nstreams_done_=24500 config.nstreams=400000 avg_latency=1.2143 ms avg throuhgput (requests/sec) = 546.5798 res=false
*==== INFO ====*  stream_id=99996 latency=1.457573 ms (tx_ts=87187496427748, rx_ts=87187497885321) request_id=1013159 zil_blk_id=99996 ccf_commit_seqno=1013162 nstreams_done_=25000 config.nstreams=400000 avg_latency=1.2133 ms avg throuhgput (requests/sec) = 546.4427 res=false
*==== INFO ====*  stream_id=101996 latency=0.942953 ms (tx_ts=87188412221555, rx_ts=87188413164508) request_id=1033848 zil_blk_id=101996 ccf_commit_seqno=1033849 nstreams_done_=25500 config.nstreams=400000 avg_latency=1.2136 ms avg throuhgput (requests/sec) = 546.4395 res=false
*==== INFO ====*  stream_id=103996 latency=0.926092 ms (tx_ts=87189356146525, rx_ts=87189357072617) request_id=1053050 zil_blk_id=103996 ccf_commit_seqno=1053053 nstreams_done_=26000 config.nstreams=400000 avg_latency=1.2164 ms avg throuhgput (requests/sec) = 546.1079 res=false
*==== INFO ====*  stream_id=105996 latency=1.080110 ms (tx_ts=87190289953264, rx_ts=87190291033374) request_id=1073946 zil_blk_id=105996 ccf_commit_seqno=1073951 nstreams_done_=26500 config.nstreams=400000 avg_latency=1.2168 ms avg throuhgput (requests/sec) = 545.9010 res=false
*==== INFO ====*  stream_id=107996 latency=0.791018 ms (tx_ts=87191272998915, rx_ts=87191273789933) request_id=1093887 zil_blk_id=107996 ccf_commit_seqno=1093887 nstreams_done_=27000 config.nstreams=400000 avg_latency=1.2199 ms avg throuhgput (requests/sec) = 545.1643 res=false
*==== INFO ====*  stream_id=109996 latency=1.333504 ms (tx_ts=87192232173476, rx_ts=87192233506980) request_id=1114293 zil_blk_id=109996 ccf_commit_seqno=1114300 nstreams_done_=27500 config.nstreams=400000 avg_latency=1.2212 ms avg throuhgput (requests/sec) = 544.7047 res=false
*==== INFO ====*  stream_id=111996 latency=0.811438 ms (tx_ts=87193156204255, rx_ts=87193157015693) request_id=1134893 zil_blk_id=111996 ccf_commit_seqno=1134893 nstreams_done_=28000 config.nstreams=400000 avg_latency=1.2209 ms avg throuhgput (requests/sec) = 544.6455 res=false
*==== INFO ====*  stream_id=113996 latency=0.923062 ms (tx_ts=87194072554289, rx_ts=87194073477351) request_id=1157106 zil_blk_id=113996 ccf_commit_seqno=1157106 nstreams_done_=28500 config.nstreams=400000 avg_latency=1.2194 ms avg throuhgput (requests/sec) = 544.6618 res=false
*==== INFO ====*  stream_id=115996 latency=1.569665 ms (tx_ts=87195002954921, rx_ts=87195004524586) request_id=1177332 zil_blk_id=115996 ccf_commit_seqno=1177338 nstreams_done_=29000 config.nstreams=400000 avg_latency=1.2198 ms avg throuhgput (requests/sec) = 544.5284 res=false
*==== INFO ====*  stream_id=117996 latency=1.587699 ms (tx_ts=87195920031600, rx_ts=87195921619299) request_id=1197973 zil_blk_id=117996 ccf_commit_seqno=1197981 nstreams_done_=29500 config.nstreams=400000 avg_latency=1.2195 ms avg throuhgput (requests/sec) = 544.5398 res=false
*==== INFO ====*  stream_id=119996 latency=1.339751 ms (tx_ts=87196809934153, rx_ts=87196811273904) request_id=1217522 zil_blk_id=119996 ccf_commit_seqno=1217533 nstreams_done_=30000 config.nstreams=400000 avg_latency=1.2195 ms avg throuhgput (requests/sec) = 544.8221 res=false
*==== INFO ====*  stream_id=121996 latency=1.014236 ms (tx_ts=87197765705073, rx_ts=87197766719309) request_id=1237886 zil_blk_id=121996 ccf_commit_seqno=1237891 nstreams_done_=30500 config.nstreams=400000 avg_latency=1.2208 ms avg throuhgput (requests/sec) = 544.4553 res=false
*==== INFO ====*  stream_id=123996 latency=1.113894 ms (tx_ts=87198700336961, rx_ts=87198701450855) request_id=1257818 zil_blk_id=123996 ccf_commit_seqno=1257824 nstreams_done_=31000 config.nstreams=400000 avg_latency=1.2219 ms avg throuhgput (requests/sec) = 544.2987 res=false
*==== INFO ====*  stream_id=125996 latency=1.016690 ms (tx_ts=87199593641661, rx_ts=87199594658351) request_id=1277623 zil_blk_id=125996 ccf_commit_seqno=1277624 nstreams_done_=31500 config.nstreams=400000 avg_latency=1.2218 ms avg throuhgput (requests/sec) = 544.5378 res=false
*==== INFO ====*  stream_id=127996 latency=0.832756 ms (tx_ts=87200481833450, rx_ts=87200482666206) request_id=1297291 zil_blk_id=127996 ccf_commit_seqno=1297294 nstreams_done_=32000 config.nstreams=400000 avg_latency=1.2219 ms avg throuhgput (requests/sec) = 544.8178 res=false
*==== INFO ====*  stream_id=129996 latency=1.580190 ms (tx_ts=87201361164653, rx_ts=87201362744843) request_id=1317413 zil_blk_id=129996 ccf_commit_seqno=1317422 nstreams_done_=32500 config.nstreams=400000 avg_latency=1.2211 ms avg throuhgput (requests/sec) = 545.1620 res=false
*==== INFO ====*  stream_id=131996 latency=1.019409 ms (tx_ts=87202280048040, rx_ts=87202281067449) request_id=1338316 zil_blk_id=131996 ccf_commit_seqno=1338316 nstreams_done_=33000 config.nstreams=400000 avg_latency=1.2203 ms avg throuhgput (requests/sec) = 545.1515 res=false
*==== INFO ====*  stream_id=133996 latency=1.700760 ms (tx_ts=87203211066080, rx_ts=87203212766840) request_id=1358714 zil_blk_id=133996 ccf_commit_seqno=1358724 nstreams_done_=33500 config.nstreams=400000 avg_latency=1.2202 ms avg throuhgput (requests/sec) = 545.0227 res=false
*==== INFO ====*  stream_id=135996 latency=0.982431 ms (tx_ts=87204138225612, rx_ts=87204139208043) request_id=1379059 zil_blk_id=135996 ccf_commit_seqno=1379061 nstreams_done_=34000 config.nstreams=400000 avg_latency=1.2201 ms avg throuhgput (requests/sec) = 544.9436 res=false
*==== INFO ====*  stream_id=137996 latency=1.443155 ms (tx_ts=87205073951297, rx_ts=87205075394452) request_id=1398474 zil_blk_id=137996 ccf_commit_seqno=1398488 nstreams_done_=34500 config.nstreams=400000 avg_latency=1.2209 ms avg throuhgput (requests/sec) = 544.7830 res=false
*==== INFO ====*  stream_id=139996 latency=1.440239 ms (tx_ts=87205960617188, rx_ts=87205962057427) request_id=1418352 zil_blk_id=139996 ccf_commit_seqno=1418358 nstreams_done_=35000 config.nstreams=400000 avg_latency=1.2207 ms avg throuhgput (requests/sec) = 545.0472 res=false
*==== INFO ====*  stream_id=141996 latency=1.459078 ms (tx_ts=87206864156028, rx_ts=87206865615106) request_id=1437878 zil_blk_id=141996 ccf_commit_seqno=1437882 nstreams_done_=35500 config.nstreams=400000 avg_latency=1.2213 ms avg throuhgput (requests/sec) = 545.1626 res=false
*==== INFO ====*  stream_id=143996 latency=0.956800 ms (tx_ts=87207803729850, rx_ts=87207804686650) request_id=1459596 zil_blk_id=143996 ccf_commit_seqno=1459598 nstreams_done_=36000 config.nstreams=400000 avg_latency=1.2208 ms avg throuhgput (requests/sec) = 544.9818 res=false
*==== INFO ====*  stream_id=145996 latency=1.212135 ms (tx_ts=87208757498047, rx_ts=87208758710182) request_id=1479443 zil_blk_id=145996 ccf_commit_seqno=1479446 nstreams_done_=36500 config.nstreams=400000 avg_latency=1.2223 ms avg throuhgput (requests/sec) = 544.6844 res=false
*==== INFO ====*  stream_id=147996 latency=1.397103 ms (tx_ts=87209705949136, rx_ts=87209707346239) request_id=1501408 zil_blk_id=147996 ccf_commit_seqno=1501412 nstreams_done_=37000 config.nstreams=400000 avg_latency=1.2222 ms avg throuhgput (requests/sec) = 544.4386 res=false
*==== INFO ====*  stream_id=149996 latency=1.009211 ms (tx_ts=87210666070221, rx_ts=87210667079432) request_id=1521830 zil_blk_id=149996 ccf_commit_seqno=1521830 nstreams_done_=37500 config.nstreams=400000 avg_latency=1.2233 ms avg throuhgput (requests/sec) = 544.1119 res=false
*==== INFO ====*  stream_id=151996 latency=0.915362 ms (tx_ts=87211559957662, rx_ts=87211560873024) request_id=1542049 zil_blk_id=151996 ccf_commit_seqno=1542049 nstreams_done_=38000 config.nstreams=400000 avg_latency=1.2225 ms avg throuhgput (requests/sec) = 544.3078 res=false
*==== INFO ====*  stream_id=153996 latency=1.749281 ms (tx_ts=87212461881295, rx_ts=87212463630576) request_id=1562561 zil_blk_id=153996 ccf_commit_seqno=1562582 nstreams_done_=38500 config.nstreams=400000 avg_latency=1.2221 ms avg throuhgput (requests/sec) = 544.4297 res=false
*==== INFO ====*  stream_id=155996 latency=1.231685 ms (tx_ts=87213297611821, rx_ts=87213298843506) request_id=1581356 zil_blk_id=155996 ccf_commit_seqno=1581364 nstreams_done_=39000 config.nstreams=400000 avg_latency=1.2211 ms avg throuhgput (requests/sec) = 545.0626 res=false
*==== INFO ====*  stream_id=157996 latency=1.123579 ms (tx_ts=87214171851665, rx_ts=87214172975244) request_id=1600664 zil_blk_id=157996 ccf_commit_seqno=1600669 nstreams_done_=39500 config.nstreams=400000 avg_latency=1.2207 ms avg throuhgput (requests/sec) = 545.3877 res=false
*==== INFO ====*  stream_id=159996 latency=0.960864 ms (tx_ts=87215042055594, rx_ts=87215043016458) request_id=1619579 zil_blk_id=159996 ccf_commit_seqno=1619584 nstreams_done_=40000 config.nstreams=400000 avg_latency=1.2209 ms avg throuhgput (requests/sec) = 545.7355 res=false
*==== INFO ====*  stream_id=161996 latency=1.661131 ms (tx_ts=87215952898724, rx_ts=87215954559855) request_id=1639444 zil_blk_id=161996 ccf_commit_seqno=1639444 nstreams_done_=40500 config.nstreams=400000 avg_latency=1.2213 ms avg throuhgput (requests/sec) = 545.7697 res=false
*==== INFO ====*  stream_id=163996 latency=1.853333 ms (tx_ts=87216881687961, rx_ts=87216883541294) request_id=1659320 zil_blk_id=163996 ccf_commit_seqno=1659341 nstreams_done_=41000 config.nstreams=400000 avg_latency=1.2222 ms avg throuhgput (requests/sec) = 545.6764 res=false
*==== INFO ====*  stream_id=165996 latency=1.567249 ms (tx_ts=87217813380053, rx_ts=87217814947302) request_id=1678621 zil_blk_id=165996 ccf_commit_seqno=1678626 nstreams_done_=41500 config.nstreams=400000 avg_latency=1.2234 ms avg throuhgput (requests/sec) = 545.5680 res=false
*==== INFO ====*  stream_id=167996 latency=1.282907 ms (tx_ts=87218736276797, rx_ts=87218737559704) request_id=1699576 zil_blk_id=167996 ccf_commit_seqno=1699580 nstreams_done_=42000 config.nstreams=400000 avg_latency=1.2230 ms avg throuhgput (requests/sec) = 545.5245 res=false
*==== INFO ====*  stream_id=169996 latency=0.812609 ms (tx_ts=87219639588585, rx_ts=87219640401194) request_id=1719623 zil_blk_id=169996 ccf_commit_seqno=1719623 nstreams_done_=42500 config.nstreams=400000 avg_latency=1.2229 ms avg throuhgput (requests/sec) = 545.6205 res=false
*==== INFO ====*  stream_id=171996 latency=0.949236 ms (tx_ts=87220568524314, rx_ts=87220569473550) request_id=1741375 zil_blk_id=171996 ccf_commit_seqno=1741376 nstreams_done_=43000 config.nstreams=400000 avg_latency=1.2224 ms avg throuhgput (requests/sec) = 545.5327 res=false
*==== INFO ====*  stream_id=173996 latency=0.953413 ms (tx_ts=87221431823770, rx_ts=87221432777183) request_id=1761110 zil_blk_id=173996 ccf_commit_seqno=1761113 nstreams_done_=43500 config.nstreams=400000 avg_latency=1.2218 ms avg throuhgput (requests/sec) = 545.8971 res=false
*==== INFO ====*  stream_id=175996 latency=1.695140 ms (tx_ts=87222404274197, rx_ts=87222405969337) request_id=1783135 zil_blk_id=175996 ccf_commit_seqno=1783142 nstreams_done_=44000 config.nstreams=400000 avg_latency=1.2219 ms avg throuhgput (requests/sec) = 545.5095 res=false
*==== INFO ====*  stream_id=177996 latency=1.227679 ms (tx_ts=87223268806901, rx_ts=87223270034580) request_id=1803019 zil_blk_id=177996 ccf_commit_seqno=1803021 nstreams_done_=44500 config.nstreams=400000 avg_latency=1.2202 ms avg throuhgput (requests/sec) = 545.8609 res=false
*==== INFO ====*  stream_id=179996 latency=0.887239 ms (tx_ts=87224232556790, rx_ts=87224233444029) request_id=1824015 zil_blk_id=179996 ccf_commit_seqno=1824016 nstreams_done_=45000 config.nstreams=400000 avg_latency=1.2209 ms avg throuhgput (requests/sec) = 545.5470 res=false
*==== INFO ====*  stream_id=181996 latency=1.091170 ms (tx_ts=87225155069807, rx_ts=87225156160977) request_id=1844593 zil_blk_id=181996 ccf_commit_seqno=1844596 nstreams_done_=45500 config.nstreams=400000 avg_latency=1.2210 ms avg throuhgput (requests/sec) = 545.5065 res=false
*==== INFO ====*  stream_id=183996 latency=0.910245 ms (tx_ts=87226094850750, rx_ts=87226095760995) request_id=1865436 zil_blk_id=183996 ccf_commit_seqno=1865436 nstreams_done_=46000 config.nstreams=400000 avg_latency=1.2214 ms avg throuhgput (requests/sec) = 545.3576 res=false
*==== INFO ====*  stream_id=185996 latency=2.174657 ms (tx_ts=87227073498354, rx_ts=87227075673011) request_id=1885213 zil_blk_id=185996 ccf_commit_seqno=1885236 nstreams_done_=46500 config.nstreams=400000 avg_latency=1.2232 ms avg throuhgput (requests/sec) = 544.9544 res=false
*==== INFO ====*  stream_id=187996 latency=1.316943 ms (tx_ts=87228043746553, rx_ts=87228045063496) request_id=1905895 zil_blk_id=187996 ccf_commit_seqno=1905902 nstreams_done_=47000 config.nstreams=400000 avg_latency=1.2241 ms avg throuhgput (requests/sec) = 544.6268 res=false
*==== INFO ====*  stream_id=189996 latency=2.095162 ms (tx_ts=87228957870506, rx_ts=87228959965668) request_id=1926214 zil_blk_id=189996 ccf_commit_seqno=1926221 nstreams_done_=47500 config.nstreams=400000 avg_latency=1.2242 ms avg throuhgput (requests/sec) = 544.6465 res=false
*==== INFO ====*  stream_id=191996 latency=1.156052 ms (tx_ts=87229924955644, rx_ts=87229926111696) request_id=1946452 zil_blk_id=191996 ccf_commit_seqno=1946455 nstreams_done_=48000 config.nstreams=400000 avg_latency=1.2254 ms avg throuhgput (requests/sec) = 544.3493 res=false
*==== INFO ====*  stream_id=193996 latency=1.108443 ms (tx_ts=87230853420897, rx_ts=87230854529340) request_id=1966901 zil_blk_id=193996 ccf_commit_seqno=1966904 nstreams_done_=48500 config.nstreams=400000 avg_latency=1.2256 ms avg throuhgput (requests/sec) = 544.2889 res=false
*==== INFO ====*  stream_id=195996 latency=1.778307 ms (tx_ts=87231829772995, rx_ts=87231831551302) request_id=1987236 zil_blk_id=195996 ccf_commit_seqno=1987246 nstreams_done_=49000 config.nstreams=400000 avg_latency=1.2269 ms avg throuhgput (requests/sec) = 543.9361 res=false
*==== INFO ====*  stream_id=197996 latency=1.631611 ms (tx_ts=87232738204718, rx_ts=87232739836329) request_id=2007476 zil_blk_id=197996 ccf_commit_seqno=2007490 nstreams_done_=49500 config.nstreams=400000 avg_latency=1.2269 ms avg throuhgput (requests/sec) = 544.0015 res=false
*==== INFO ====*  stream_id=199996 latency=0.858515 ms (tx_ts=87233634875489, rx_ts=87233635734004) request_id=2027156 zil_blk_id=199996 ccf_commit_seqno=2027156 nstreams_done_=50000 config.nstreams=400000 avg_latency=1.2270 ms avg throuhgput (requests/sec) = 544.1389 res=false
*==== INFO ====*  stream_id=201996 latency=0.974089 ms (tx_ts=87234572170507, rx_ts=87234573144596) request_id=2047249 zil_blk_id=201996 ccf_commit_seqno=2047251 nstreams_done_=50500 config.nstreams=400000 avg_latency=1.2276 ms avg throuhgput (requests/sec) = 544.0303 res=false
*==== INFO ====*  stream_id=203996 latency=1.335267 ms (tx_ts=87235520161902, rx_ts=87235521497169) request_id=2067544 zil_blk_id=203996 ccf_commit_seqno=2067556 nstreams_done_=51000 config.nstreams=400000 avg_latency=1.2285 ms avg throuhgput (requests/sec) = 543.8604 res=false
*==== INFO ====*  stream_id=205996 latency=1.128559 ms (tx_ts=87236407527720, rx_ts=87236408656279) request_id=2088683 zil_blk_id=205996 ccf_commit_seqno=2088686 nstreams_done_=51500 config.nstreams=400000 avg_latency=1.2277 ms avg throuhgput (requests/sec) = 544.0454 res=false
*==== INFO ====*  stream_id=207996 latency=0.888105 ms (tx_ts=87237359307541, rx_ts=87237360195646) request_id=2108983 zil_blk_id=207996 ccf_commit_seqno=2108989 nstreams_done_=52000 config.nstreams=400000 avg_latency=1.2285 ms avg throuhgput (requests/sec) = 543.8604 res=false
*==== INFO ====*  stream_id=209996 latency=0.754231 ms (tx_ts=87238269744497, rx_ts=87238270498728) request_id=2130046 zil_blk_id=209996 ccf_commit_seqno=2130046 nstreams_done_=52500 config.nstreams=400000 avg_latency=1.2279 ms avg throuhgput (requests/sec) = 543.9114 res=false
*==== INFO ====*  stream_id=211996 latency=1.379640 ms (tx_ts=87239214620104, rx_ts=87239215999744) request_id=2152181 zil_blk_id=211996 ccf_commit_seqno=2152185 nstreams_done_=53000 config.nstreams=400000 avg_latency=1.2276 ms avg throuhgput (requests/sec) = 543.7650 res=false
*==== INFO ====*  stream_id=213996 latency=0.900313 ms (tx_ts=87240088708825, rx_ts=87240089609138) request_id=2171771 zil_blk_id=213996 ccf_commit_seqno=2171774 nstreams_done_=53500 config.nstreams=400000 avg_latency=1.2272 ms avg throuhgput (requests/sec) = 544.0189 res=false
*==== INFO ====*  stream_id=215996 latency=1.170426 ms (tx_ts=87240995216191, rx_ts=87240996386617) request_id=2193157 zil_blk_id=215996 ccf_commit_seqno=2193163 nstreams_done_=54000 config.nstreams=400000 avg_latency=1.2267 ms avg throuhgput (requests/sec) = 544.0863 res=false
*==== INFO ====*  stream_id=217996 latency=2.516629 ms (tx_ts=87241940832952, rx_ts=87241943349581) request_id=2214163 zil_blk_id=217996 ccf_commit_seqno=2214174 nstreams_done_=54500 config.nstreams=400000 avg_latency=1.2271 ms avg throuhgput (requests/sec) = 543.9343 res=false
*==== INFO ====*  stream_id=219996 latency=1.468818 ms (tx_ts=87242851130075, rx_ts=87242852598893) request_id=2234968 zil_blk_id=219996 ccf_commit_seqno=2234979 nstreams_done_=55000 config.nstreams=400000 avg_latency=1.2266 ms avg throuhgput (requests/sec) = 543.9880 res=false
*==== INFO ====*  stream_id=221996 latency=1.553091 ms (tx_ts=87243808924496, rx_ts=87243810477587) request_id=2255028 zil_blk_id=221996 ccf_commit_seqno=2255032 nstreams_done_=55500 config.nstreams=400000 avg_latency=1.2277 ms avg throuhgput (requests/sec) = 543.7815 res=false
*==== INFO ====*  stream_id=223996 latency=1.013743 ms (tx_ts=87244738930426, rx_ts=87244739944169) request_id=2274896 zil_blk_id=223996 ccf_commit_seqno=2274898 nstreams_done_=56000 config.nstreams=400000 avg_latency=1.2282 ms avg throuhgput (requests/sec) = 543.7289 res=false
*==== INFO ====*  stream_id=225996 latency=1.959268 ms (tx_ts=87245607398413, rx_ts=87245609357681) request_id=2294963 zil_blk_id=225996 ccf_commit_seqno=2294968 nstreams_done_=56500 config.nstreams=400000 avg_latency=1.2275 ms avg throuhgput (requests/sec) = 543.9915 res=false
*==== INFO ====*  stream_id=227996 latency=1.024338 ms (tx_ts=87246536106733, rx_ts=87246537131071) request_id=2316482 zil_blk_id=227996 ccf_commit_seqno=2316486 nstreams_done_=57000 config.nstreams=400000 avg_latency=1.2271 ms avg throuhgput (requests/sec) = 543.9466 res=false
*==== INFO ====*  stream_id=229996 latency=1.197148 ms (tx_ts=87247509839199, rx_ts=87247511036347) request_id=2338171 zil_blk_id=229996 ccf_commit_seqno=2338173 nstreams_done_=57500 config.nstreams=400000 avg_latency=1.2272 ms avg throuhgput (requests/sec) = 543.6653 res=false
*==== INFO ====*  stream_id=231996 latency=0.882357 ms (tx_ts=87248525529367, rx_ts=87248526411724) request_id=2358633 zil_blk_id=231996 ccf_commit_seqno=2358634 nstreams_done_=58000 config.nstreams=400000 avg_latency=1.2286 ms avg throuhgput (requests/sec) = 543.1781 res=false
*==== INFO ====*  stream_id=233996 latency=1.414996 ms (tx_ts=87249430617227, rx_ts=87249432032223) request_id=2379389 zil_blk_id=233996 ccf_commit_seqno=2379394 nstreams_done_=58500 config.nstreams=400000 avg_latency=1.2282 ms avg throuhgput (requests/sec) = 543.2532 res=false
*==== INFO ====*  stream_id=235996 latency=1.183553 ms (tx_ts=87250366387133, rx_ts=87250367570686) request_id=2400431 zil_blk_id=235996 ccf_commit_seqno=2400432 nstreams_done_=59000 config.nstreams=400000 avg_latency=1.2281 ms avg throuhgput (requests/sec) = 543.1774 res=false
*==== INFO ====*  stream_id=237996 latency=0.849185 ms (tx_ts=87251273954908, rx_ts=87251274804093) request_id=2419387 zil_blk_id=237996 ccf_commit_seqno=2419388 nstreams_done_=59500 config.nstreams=400000 avg_latency=1.2287 ms avg throuhgput (requests/sec) = 543.2432 res=false
*==== INFO ====*  stream_id=239996 latency=1.853313 ms (tx_ts=87252146365437, rx_ts=87252148218750) request_id=2439031 zil_blk_id=239996 ccf_commit_seqno=2439038 nstreams_done_=60000 config.nstreams=400000 avg_latency=1.2286 ms avg throuhgput (requests/sec) = 543.4744 res=false
*==== INFO ====*  stream_id=241996 latency=1.827071 ms (tx_ts=87253045764459, rx_ts=87253047591530) request_id=2459297 zil_blk_id=241996 ccf_commit_seqno=2459302 nstreams_done_=60500 config.nstreams=400000 avg_latency=1.2285 ms avg throuhgput (requests/sec) = 543.5751 res=false
*==== INFO ====*  stream_id=243996 latency=1.284502 ms (tx_ts=87253963314776, rx_ts=87253964599278) request_id=2479471 zil_blk_id=243996 ccf_commit_seqno=2479477 nstreams_done_=61000 config.nstreams=400000 avg_latency=1.2288 ms avg throuhgput (requests/sec) = 543.5888 res=false
*==== INFO ====*  stream_id=245996 latency=1.455993 ms (tx_ts=87254893199960, rx_ts=87254894655953) request_id=2501217 zil_blk_id=245996 ccf_commit_seqno=2501219 nstreams_done_=61500 config.nstreams=400000 avg_latency=1.2284 ms avg throuhgput (requests/sec) = 543.5396 res=false
*==== INFO ====*  stream_id=247996 latency=0.886751 ms (tx_ts=87255846272270, rx_ts=87255847159021) request_id=2521103 zil_blk_id=247996 ccf_commit_seqno=2521104 nstreams_done_=62000 config.nstreams=400000 avg_latency=1.2293 ms avg throuhgput (requests/sec) = 543.3843 res=false
*==== INFO ====*  stream_id=249996 latency=1.014349 ms (tx_ts=87256729066056, rx_ts=87256730080405) request_id=2541152 zil_blk_id=249996 ccf_commit_seqno=2541156 nstreams_done_=62500 config.nstreams=400000 avg_latency=1.2290 ms avg throuhgput (requests/sec) = 543.5603 res=false
*==== INFO ====*  stream_id=251996 latency=1.153907 ms (tx_ts=87257616951590, rx_ts=87257618105497) request_id=2561309 zil_blk_id=251996 ccf_commit_seqno=2561313 nstreams_done_=63000 config.nstreams=400000 avg_latency=1.2287 ms avg throuhgput (requests/sec) = 543.7096 res=false
*==== INFO ====*  stream_id=253996 latency=2.112170 ms (tx_ts=87258528358228, rx_ts=87258530470398) request_id=2582326 zil_blk_id=253996 ccf_commit_seqno=2582341 nstreams_done_=63500 config.nstreams=400000 avg_latency=1.2284 ms avg throuhgput (requests/sec) = 543.7433 res=false
*==== INFO ====*  stream_id=255996 latency=1.667503 ms (tx_ts=87259422206281, rx_ts=87259423873784) request_id=2602045 zil_blk_id=255996 ccf_commit_seqno=2602045 nstreams_done_=64000 config.nstreams=400000 avg_latency=1.2284 ms avg throuhgput (requests/sec) = 543.8642 res=false
*==== INFO ====*  stream_id=257996 latency=0.958157 ms (tx_ts=87260362217742, rx_ts=87260363175899) request_id=2622655 zil_blk_id=257996 ccf_commit_seqno=2622655 nstreams_done_=64500 config.nstreams=400000 avg_latency=1.2288 ms avg throuhgput (requests/sec) = 543.7727 res=false
*==== INFO ====*  stream_id=259996 latency=1.194006 ms (tx_ts=87261300341245, rx_ts=87261301535251) request_id=2642490 zil_blk_id=259996 ccf_commit_seqno=2642496 nstreams_done_=65000 config.nstreams=400000 avg_latency=1.2294 ms avg throuhgput (requests/sec) = 543.6869 res=false
*==== INFO ====*  stream_id=261996 latency=2.043532 ms (tx_ts=87262164119297, rx_ts=87262166162829) request_id=2662758 zil_blk_id=261996 ccf_commit_seqno=2662775 nstreams_done_=65500 config.nstreams=400000 avg_latency=1.2287 ms avg throuhgput (requests/sec) = 543.9353 res=false
*==== INFO ====*  stream_id=263996 latency=1.000010 ms (tx_ts=87263101227272, rx_ts=87263102227282) request_id=2683830 zil_blk_id=263996 ccf_commit_seqno=2683833 nstreams_done_=66000 config.nstreams=400000 avg_latency=1.2285 ms avg throuhgput (requests/sec) = 543.8598 res=false
*==== INFO ====*  stream_id=265996 latency=0.929287 ms (tx_ts=87264052297375, rx_ts=87264053226662) request_id=2703323 zil_blk_id=265996 ccf_commit_seqno=2703326 nstreams_done_=66500 config.nstreams=400000 avg_latency=1.2293 ms avg throuhgput (requests/sec) = 543.7191 res=false
*==== INFO ====*  stream_id=267996 latency=1.303728 ms (tx_ts=87264979916066, rx_ts=87264981219794) request_id=2723345 zil_blk_id=267996 ccf_commit_seqno=2723347 nstreams_done_=67000 config.nstreams=400000 avg_latency=1.2295 ms avg throuhgput (requests/sec) = 543.6821 res=false
*==== INFO ====*  stream_id=269996 latency=1.048525 ms (tx_ts=87265912873042, rx_ts=87265913921567) request_id=2743739 zil_blk_id=269996 ccf_commit_seqno=2743745 nstreams_done_=67500 config.nstreams=400000 avg_latency=1.2297 ms avg throuhgput (requests/sec) = 543.6249 res=false
*==== INFO ====*  stream_id=271996 latency=1.851392 ms (tx_ts=87266837385487, rx_ts=87266839236879) request_id=2765211 zil_blk_id=271996 ccf_commit_seqno=2765224 nstreams_done_=68000 config.nstreams=400000 avg_latency=1.2295 ms avg throuhgput (requests/sec) = 543.6008 res=false
*==== INFO ====*  stream_id=273996 latency=0.996288 ms (tx_ts=87267770562869, rx_ts=87267771559157) request_id=2784874 zil_blk_id=273996 ccf_commit_seqno=2784874 nstreams_done_=68500 config.nstreams=400000 avg_latency=1.2300 ms avg throuhgput (requests/sec) = 543.5467 res=false
*==== INFO ====*  stream_id=275996 latency=0.952651 ms (tx_ts=87268664990901, rx_ts=87268665943552) request_id=2804909 zil_blk_id=275996 ccf_commit_seqno=2804913 nstreams_done_=69000 config.nstreams=400000 avg_latency=1.2298 ms avg throuhgput (requests/sec) = 543.6559 res=false
*==== INFO ====*  stream_id=277996 latency=1.309768 ms (tx_ts=87269553147077, rx_ts=87269554456845) request_id=2825930 zil_blk_id=277996 ccf_commit_seqno=2825933 nstreams_done_=69500 config.nstreams=400000 avg_latency=1.2292 ms avg throuhgput (requests/sec) = 543.7886 res=false
*==== INFO ====*  stream_id=279996 latency=0.728566 ms (tx_ts=87270474642223, rx_ts=87270475370789) request_id=2845761 zil_blk_id=279996 ccf_commit_seqno=2845761 nstreams_done_=70000 config.nstreams=400000 avg_latency=1.2295 ms avg throuhgput (requests/sec) = 543.7825 res=false
*==== INFO ====*  stream_id=281996 latency=1.176886 ms (tx_ts=87271396931522, rx_ts=87271398108408) request_id=2866086 zil_blk_id=281996 ccf_commit_seqno=2866089 nstreams_done_=70500 config.nstreams=400000 avg_latency=1.2296 ms avg throuhgput (requests/sec) = 543.7689 res=false
*==== INFO ====*  stream_id=283996 latency=2.088320 ms (tx_ts=87272321881292, rx_ts=87272323969612) request_id=2886375 zil_blk_id=283996 ccf_commit_seqno=2886403 nstreams_done_=71000 config.nstreams=400000 avg_latency=1.2298 ms avg throuhgput (requests/sec) = 543.7424 res=false
*==== INFO ====*  stream_id=285996 latency=0.804043 ms (tx_ts=87273207770170, rx_ts=87273208574213) request_id=2906439 zil_blk_id=285996 ccf_commit_seqno=2906439 nstreams_done_=71500 config.nstreams=400000 avg_latency=1.2294 ms avg throuhgput (requests/sec) = 543.8870 res=false
*==== INFO ====*  stream_id=287996 latency=0.998696 ms (tx_ts=87274093644109, rx_ts=87274094642805) request_id=2926697 zil_blk_id=287996 ccf_commit_seqno=2926698 nstreams_done_=72000 config.nstreams=400000 avg_latency=1.2291 ms avg throuhgput (requests/sec) = 544.0236 res=false
*==== INFO ====*  stream_id=289996 latency=1.199083 ms (tx_ts=87275028411132, rx_ts=87275029610215) request_id=2946710 zil_blk_id=289996 ccf_commit_seqno=2946711 nstreams_done_=72500 config.nstreams=400000 avg_latency=1.2296 ms avg throuhgput (requests/sec) = 543.9587 res=false
*==== INFO ====*  stream_id=291996 latency=1.164155 ms (tx_ts=87275922885056, rx_ts=87275924049211) request_id=2968071 zil_blk_id=291996 ccf_commit_seqno=2968078 nstreams_done_=73000 config.nstreams=400000 avg_latency=1.2288 ms avg throuhgput (requests/sec) = 544.0590 res=false
*==== INFO ====*  stream_id=293996 latency=1.832570 ms (tx_ts=87276811822814, rx_ts=87276813655384) request_id=2988161 zil_blk_id=293996 ccf_commit_seqno=2988173 nstreams_done_=73500 config.nstreams=400000 avg_latency=1.2287 ms avg throuhgput (requests/sec) = 544.1775 res=false
*==== INFO ====*  stream_id=295996 latency=1.724375 ms (tx_ts=87277720210932, rx_ts=87277721935307) request_id=3008011 zil_blk_id=295996 ccf_commit_seqno=3008033 nstreams_done_=74000 config.nstreams=400000 avg_latency=1.2288 ms avg throuhgput (requests/sec) = 544.2197 res=false
*==== INFO ====*  stream_id=297996 latency=1.547844 ms (tx_ts=87278631088904, rx_ts=87278632636748) request_id=3030006 zil_blk_id=297996 ccf_commit_seqno=3030010 nstreams_done_=74500 config.nstreams=400000 avg_latency=1.2282 ms avg throuhgput (requests/sec) = 544.2517 res=false
*==== INFO ====*  stream_id=299996 latency=0.993889 ms (tx_ts=87279577875004, rx_ts=87279578868893) request_id=3050506 zil_blk_id=299996 ccf_commit_seqno=3050507 nstreams_done_=75000 config.nstreams=400000 avg_latency=1.2287 ms avg throuhgput (requests/sec) = 544.1429 res=false
*==== INFO ====*  stream_id=301996 latency=1.224412 ms (tx_ts=87280493281429, rx_ts=87280494505841) request_id=3070649 zil_blk_id=301996 ccf_commit_seqno=3070658 nstreams_done_=75500 config.nstreams=400000 avg_latency=1.2288 ms avg throuhgput (requests/sec) = 544.1556 res=false
*==== INFO ====*  stream_id=303996 latency=0.787465 ms (tx_ts=87281429307032, rx_ts=87281430094497) request_id=3091089 zil_blk_id=303996 ccf_commit_seqno=3091090 nstreams_done_=76000 config.nstreams=400000 avg_latency=1.2290 ms avg throuhgput (requests/sec) = 544.0904 res=false
*==== INFO ====*  stream_id=305996 latency=1.287467 ms (tx_ts=87282331357721, rx_ts=87282332645188) request_id=3111307 zil_blk_id=305996 ccf_commit_seqno=3111309 nstreams_done_=76500 config.nstreams=400000 avg_latency=1.2289 ms avg throuhgput (requests/sec) = 544.1540 res=false
*==== INFO ====*  stream_id=307996 latency=1.003789 ms (tx_ts=87283246200388, rx_ts=87283247204177) request_id=3131620 zil_blk_id=307996 ccf_commit_seqno=3131623 nstreams_done_=77000 config.nstreams=400000 avg_latency=1.2289 ms avg throuhgput (requests/sec) = 544.1705 res=false
*==== INFO ====*  stream_id=309996 latency=1.013931 ms (tx_ts=87284179737539, rx_ts=87284180751470) request_id=3151346 zil_blk_id=309996 ccf_commit_seqno=3151347 nstreams_done_=77500 config.nstreams=400000 avg_latency=1.2294 ms avg throuhgput (requests/sec) = 544.1143 res=false
*==== INFO ====*  stream_id=311996 latency=0.896659 ms (tx_ts=87285083929743, rx_ts=87285084826402) request_id=3171744 zil_blk_id=311996 ccf_commit_seqno=3171748 nstreams_done_=78000 config.nstreams=400000 avg_latency=1.2293 ms avg throuhgput (requests/sec) = 544.1706 res=false
*==== INFO ====*  stream_id=313996 latency=0.873641 ms (tx_ts=87286018106777, rx_ts=87286018980418) request_id=3193220 zil_blk_id=313996 ccf_commit_seqno=3193220 nstreams_done_=78500 config.nstreams=400000 avg_latency=1.2290 ms avg throuhgput (requests/sec) = 544.1128 res=false
*==== INFO ====*  stream_id=315996 latency=1.043977 ms (tx_ts=87286929076619, rx_ts=87286930120596) request_id=3214144 zil_blk_id=315996 ccf_commit_seqno=3214144 nstreams_done_=79000 config.nstreams=400000 avg_latency=1.2287 ms avg throuhgput (requests/sec) = 544.1420 res=false
*==== INFO ====*  stream_id=317996 latency=1.068895 ms (tx_ts=87287822285706, rx_ts=87287823354601) request_id=3235084 zil_blk_id=317996 ccf_commit_seqno=3235092 nstreams_done_=79500 config.nstreams=400000 avg_latency=1.2283 ms avg throuhgput (requests/sec) = 544.2375 res=false
*==== INFO ====*  stream_id=319996 latency=1.377611 ms (tx_ts=87288754887199, rx_ts=87288756264810) request_id=3256006 zil_blk_id=319996 ccf_commit_seqno=3256019 nstreams_done_=80000 config.nstreams=400000 avg_latency=1.2283 ms avg throuhgput (requests/sec) = 544.1850 res=false
*==== INFO ====*  stream_id=321996 latency=1.522898 ms (tx_ts=87289677909056, rx_ts=87289679431954) request_id=3276389 zil_blk_id=321996 ccf_commit_seqno=3276396 nstreams_done_=80500 config.nstreams=400000 avg_latency=1.2283 ms avg throuhgput (requests/sec) = 544.1689 res=false
*==== INFO ====*  stream_id=323996 latency=1.233397 ms (tx_ts=87290574026390, rx_ts=87290575259787) request_id=3296644 zil_blk_id=323996 ccf_commit_seqno=3296644 nstreams_done_=81000 config.nstreams=400000 avg_latency=1.2281 ms avg throuhgput (requests/sec) = 544.2531 res=false
*==== INFO ====*  stream_id=325996 latency=1.690132 ms (tx_ts=87291519050390, rx_ts=87291520740522) request_id=3317095 zil_blk_id=325996 ccf_commit_seqno=3317100 nstreams_done_=81500 config.nstreams=400000 avg_latency=1.2285 ms avg throuhgput (requests/sec) = 544.1557 res=false
*==== INFO ====*  stream_id=327996 latency=1.337387 ms (tx_ts=87292433510088, rx_ts=87292434847475) request_id=3336489 zil_blk_id=327996 ccf_commit_seqno=3336496 nstreams_done_=82000 config.nstreams=400000 avg_latency=1.2288 ms avg throuhgput (requests/sec) = 544.1729 res=false
*==== INFO ====*  stream_id=329996 latency=1.063973 ms (tx_ts=87293385024420, rx_ts=87293386088393) request_id=3357381 zil_blk_id=329996 ccf_commit_seqno=3357386 nstreams_done_=82500 config.nstreams=400000 avg_latency=1.2289 ms avg throuhgput (requests/sec) = 544.0565 res=false
*==== INFO ====*  stream_id=331996 latency=0.840390 ms (tx_ts=87294291820046, rx_ts=87294292660436) request_id=3377447 zil_blk_id=331996 ccf_commit_seqno=3377447 nstreams_done_=83000 config.nstreams=400000 avg_latency=1.2288 ms avg throuhgput (requests/sec) = 544.1009 res=false
*==== INFO ====*  stream_id=333996 latency=1.066337 ms (tx_ts=87295162164954, rx_ts=87295163231291) request_id=3397551 zil_blk_id=333996 ccf_commit_seqno=3397551 nstreams_done_=83500 config.nstreams=400000 avg_latency=1.2283 ms avg throuhgput (requests/sec) = 544.2725 res=false
*==== INFO ====*  stream_id=335996 latency=1.087819 ms (tx_ts=87296032207222, rx_ts=87296033295041) request_id=3417974 zil_blk_id=335996 ccf_commit_seqno=3417975 nstreams_done_=84000 config.nstreams=400000 avg_latency=1.2277 ms avg throuhgput (requests/sec) = 544.4439 res=false
*==== INFO ====*  stream_id=337996 latency=1.082229 ms (tx_ts=87296954723888, rx_ts=87296955806117) request_id=3438642 zil_blk_id=337996 ccf_commit_seqno=3438649 nstreams_done_=84500 config.nstreams=400000 avg_latency=1.2277 ms avg throuhgput (requests/sec) = 544.4294 res=false
*==== INFO ====*  stream_id=339996 latency=0.938941 ms (tx_ts=87297879563520, rx_ts=87297880502461) request_id=3459838 zil_blk_id=339996 ccf_commit_seqno=3459843 nstreams_done_=85000 config.nstreams=400000 avg_latency=1.2275 ms avg throuhgput (requests/sec) = 544.4074 res=false
*==== INFO ====*  stream_id=341996 latency=1.345715 ms (tx_ts=87298807765721, rx_ts=87298809111436) request_id=3479927 zil_blk_id=341996 ccf_commit_seqno=3479930 nstreams_done_=85500 config.nstreams=400000 avg_latency=1.2276 ms avg throuhgput (requests/sec) = 544.3721 res=false
*==== INFO ====*  stream_id=343996 latency=1.329073 ms (tx_ts=87299757022075, rx_ts=87299758351148) request_id=3501177 zil_blk_id=343996 ccf_commit_seqno=3501184 nstreams_done_=86000 config.nstreams=400000 avg_latency=1.2278 ms avg throuhgput (requests/sec) = 544.2662 res=false
*==== INFO ====*  stream_id=345996 latency=1.075601 ms (tx_ts=87300619537497, rx_ts=87300620613098) request_id=3520865 zil_blk_id=345996 ccf_commit_seqno=3520867 nstreams_done_=86500 config.nstreams=400000 avg_latency=1.2274 ms avg throuhgput (requests/sec) = 544.4594 res=false
*==== INFO ====*  stream_id=347996 latency=0.926562 ms (tx_ts=87301556483306, rx_ts=87301557409868) request_id=3541217 zil_blk_id=347996 ccf_commit_seqno=3541221 nstreams_done_=87000 config.nstreams=400000 avg_latency=1.2277 ms avg throuhgput (requests/sec) = 544.3965 res=false
*==== INFO ====*  stream_id=349996 latency=1.765890 ms (tx_ts=87302489759150, rx_ts=87302491525040) request_id=3563152 zil_blk_id=349996 ccf_commit_seqno=3563167 nstreams_done_=87500 config.nstreams=400000 avg_latency=1.2276 ms avg throuhgput (requests/sec) = 544.3435 res=false
*==== INFO ====*  stream_id=351996 latency=1.005602 ms (tx_ts=87303374471338, rx_ts=87303375476940) request_id=3582604 zil_blk_id=351996 ccf_commit_seqno=3582609 nstreams_done_=88000 config.nstreams=400000 avg_latency=1.2273 ms avg throuhgput (requests/sec) = 544.4600 res=false
*==== INFO ====*  stream_id=353996 latency=1.309807 ms (tx_ts=87304294707095, rx_ts=87304296016902) request_id=3603438 zil_blk_id=353996 ccf_commit_seqno=3603439 nstreams_done_=88500 config.nstreams=400000 avg_latency=1.2271 ms avg throuhgput (requests/sec) = 544.4526 res=false
*==== INFO ====*  stream_id=355996 latency=1.031068 ms (tx_ts=87305224375124, rx_ts=87305225406192) request_id=3623739 zil_blk_id=355996 ccf_commit_seqno=3623741 nstreams_done_=89000 config.nstreams=400000 avg_latency=1.2271 ms avg throuhgput (requests/sec) = 544.4159 res=false
*==== INFO ====*  stream_id=357996 latency=1.143192 ms (tx_ts=87306141170365, rx_ts=87306142313557) request_id=3644022 zil_blk_id=357996 ccf_commit_seqno=3644027 nstreams_done_=89500 config.nstreams=400000 avg_latency=1.2271 ms avg throuhgput (requests/sec) = 544.4208 res=false
*==== INFO ====*  stream_id=359996 latency=1.410597 ms (tx_ts=87307042201824, rx_ts=87307043612421) request_id=3664235 zil_blk_id=359996 ccf_commit_seqno=3664243 nstreams_done_=90000 config.nstreams=400000 avg_latency=1.2270 ms avg throuhgput (requests/sec) = 544.4772 res=false
*==== INFO ====*  stream_id=361996 latency=1.638116 ms (tx_ts=87307896075186, rx_ts=87307897713302) request_id=3683859 zil_blk_id=361996 ccf_commit_seqno=3683862 nstreams_done_=90500 config.nstreams=400000 avg_latency=1.2267 ms avg throuhgput (requests/sec) = 544.6876 res=false
*==== INFO ====*  stream_id=363996 latency=1.194073 ms (tx_ts=87308832465669, rx_ts=87308833659742) request_id=3704271 zil_blk_id=363996 ccf_commit_seqno=3704276 nstreams_done_=91000 config.nstreams=400000 avg_latency=1.2270 ms avg throuhgput (requests/sec) = 544.6290 res=false
*==== INFO ====*  stream_id=365996 latency=1.679220 ms (tx_ts=87309714235775, rx_ts=87309715914995) request_id=3724493 zil_blk_id=365996 ccf_commit_seqno=3724511 nstreams_done_=91500 config.nstreams=400000 avg_latency=1.2266 ms avg throuhgput (requests/sec) = 544.7451 res=false
*==== INFO ====*  stream_id=367996 latency=0.996677 ms (tx_ts=87310648692351, rx_ts=87310649689028) request_id=3745041 zil_blk_id=367996 ccf_commit_seqno=3745042 nstreams_done_=92000 config.nstreams=400000 avg_latency=1.2269 ms avg throuhgput (requests/sec) = 544.6937 res=false
*==== INFO ====*  stream_id=369996 latency=0.897398 ms (tx_ts=87311563721140, rx_ts=87311564618538) request_id=3764757 zil_blk_id=369996 ccf_commit_seqno=3764758 nstreams_done_=92500 config.nstreams=400000 avg_latency=1.2272 ms avg throuhgput (requests/sec) = 544.7034 res=false
*==== INFO ====*  stream_id=371996 latency=0.882023 ms (tx_ts=87312481624906, rx_ts=87312482506929) request_id=3785256 zil_blk_id=371996 ccf_commit_seqno=3785258 nstreams_done_=93000 config.nstreams=400000 avg_latency=1.2274 ms avg throuhgput (requests/sec) = 544.7035 res=false
*==== INFO ====*  stream_id=373996 latency=0.866674 ms (tx_ts=87313360639074, rx_ts=87313361505748) request_id=3805679 zil_blk_id=373996 ccf_commit_seqno=3805683 nstreams_done_=93500 config.nstreams=400000 avg_latency=1.2271 ms avg throuhgput (requests/sec) = 544.8271 res=false
*==== INFO ====*  stream_id=375996 latency=0.938936 ms (tx_ts=87314260656878, rx_ts=87314261595814) request_id=3826160 zil_blk_id=375996 ccf_commit_seqno=3826160 nstreams_done_=94000 config.nstreams=400000 avg_latency=1.2269 ms avg throuhgput (requests/sec) = 544.8828 res=false
*==== INFO ====*  stream_id=377996 latency=0.836604 ms (tx_ts=87315220912239, rx_ts=87315221748843) request_id=3847577 zil_blk_id=377996 ccf_commit_seqno=3847580 nstreams_done_=94500 config.nstreams=400000 avg_latency=1.2271 ms avg throuhgput (requests/sec) = 544.7492 res=false
*==== INFO ====*  stream_id=379996 latency=0.980960 ms (tx_ts=87316139642176, rx_ts=87316140623136) request_id=3868297 zil_blk_id=379996 ccf_commit_seqno=3868302 nstreams_done_=95000 config.nstreams=400000 avg_latency=1.2270 ms avg throuhgput (requests/sec) = 544.7460 res=false
*==== INFO ====*  stream_id=381996 latency=1.719595 ms (tx_ts=87317062920381, rx_ts=87317064639976) request_id=3888468 zil_blk_id=381996 ccf_commit_seqno=3888482 nstreams_done_=95500 config.nstreams=400000 avg_latency=1.2271 ms avg throuhgput (requests/sec) = 544.7269 res=false
*==== INFO ====*  stream_id=383996 latency=1.732089 ms (tx_ts=87318005409889, rx_ts=87318007141978) request_id=3909872 zil_blk_id=383996 ccf_commit_seqno=3909874 nstreams_done_=96000 config.nstreams=400000 avg_latency=1.2272 ms avg throuhgput (requests/sec) = 544.6508 res=false
*==== INFO ====*  stream_id=385996 latency=0.691261 ms (tx_ts=87318954905100, rx_ts=87318955596361) request_id=3931010 zil_blk_id=385996 ccf_commit_seqno=3931010 nstreams_done_=96500 config.nstreams=400000 avg_latency=1.2270 ms avg throuhgput (requests/sec) = 544.5573 res=false
*==== INFO ====*  stream_id=387996 latency=3.002284 ms (tx_ts=87319880082935, rx_ts=87319883085219) request_id=3952576 zil_blk_id=387996 ccf_commit_seqno=3952581 nstreams_done_=97000 config.nstreams=400000 avg_latency=1.2269 ms avg throuhgput (requests/sec) = 544.5288 res=false
*==== INFO ====*  stream_id=389996 latency=1.451930 ms (tx_ts=87320791148150, rx_ts=87320792600080) request_id=3972294 zil_blk_id=389996 ccf_commit_seqno=3972295 nstreams_done_=97500 config.nstreams=400000 avg_latency=1.2270 ms avg throuhgput (requests/sec) = 544.5553 res=false
*==== INFO ====*  stream_id=391996 latency=1.057768 ms (tx_ts=87321763076696, rx_ts=87321764134464) request_id=3992798 zil_blk_id=391996 ccf_commit_seqno=3992799 nstreams_done_=98000 config.nstreams=400000 avg_latency=1.2276 ms avg throuhgput (requests/sec) = 544.3939 res=false
*==== INFO ====*  stream_id=393996 latency=0.940468 ms (tx_ts=87322723970544, rx_ts=87322724911012) request_id=4013884 zil_blk_id=393996 ccf_commit_seqno=4013888 nstreams_done_=98500 config.nstreams=400000 avg_latency=1.2278 ms avg throuhgput (requests/sec) = 544.2666 res=false
*==== INFO ====*  stream_id=395996 latency=1.103463 ms (tx_ts=87323642411757, rx_ts=87323643515220) request_id=4034939 zil_blk_id=395996 ccf_commit_seqno=4034946 nstreams_done_=99000 config.nstreams=400000 avg_latency=1.2275 ms avg throuhgput (requests/sec) = 544.2668 res=false
*==== INFO ====*  stream_id=397996 latency=1.073669 ms (tx_ts=87324522141443, rx_ts=87324523215112) request_id=4053965 zil_blk_id=397996 ccf_commit_seqno=4053969 nstreams_done_=99500 config.nstreams=400000 avg_latency=1.2276 ms avg throuhgput (requests/sec) = 544.3828 res=false
*==== INFO ====*  stream_id=399996 latency=1.573866 ms (tx_ts=87325497203683, rx_ts=87325498777549) request_id=4073953 zil_blk_id=399996 ccf_commit_seqno=4073960 nstreams_done_=100000 config.nstreams=400000 avg_latency=1.2284 ms avg throuhgput (requests/sec) = 544.2137 res=false
*==== INFO ====*  stream_id=401996 latency=0.962570 ms (tx_ts=87326440582781, rx_ts=87326441545351) request_id=4096272 zil_blk_id=401996 ccf_commit_seqno=4096274 nstreams_done_=100500 config.nstreams=400000 avg_latency=1.2280 ms avg throuhgput (requests/sec) = 544.1430 res=false
*==== INFO ====*  stream_id=403996 latency=0.933848 ms (tx_ts=87327366648269, rx_ts=87327367582117) request_id=4117422 zil_blk_id=403996 ccf_commit_seqno=4117423 nstreams_done_=101000 config.nstreams=400000 avg_latency=1.2280 ms avg throuhgput (requests/sec) = 544.1220 res=false
*==== INFO ====*  stream_id=405996 latency=0.991333 ms (tx_ts=87328291052300, rx_ts=87328292043633) request_id=4137985 zil_blk_id=405996 ccf_commit_seqno=4137985 nstreams_done_=101500 config.nstreams=400000 avg_latency=1.2281 ms avg throuhgput (requests/sec) = 544.1058 res=false
*==== INFO ====*  stream_id=407996 latency=0.826184 ms (tx_ts=87329222137779, rx_ts=87329222963963) request_id=4159831 zil_blk_id=407996 ccf_commit_seqno=4159831 nstreams_done_=102000 config.nstreams=400000 avg_latency=1.2279 ms avg throuhgput (requests/sec) = 544.0710 res=false
*==== INFO ====*  stream_id=409996 latency=2.253454 ms (tx_ts=87330156698886, rx_ts=87330158952340) request_id=4180791 zil_blk_id=409996 ccf_commit_seqno=4180793 nstreams_done_=102500 config.nstreams=400000 avg_latency=1.2279 ms avg throuhgput (requests/sec) = 544.0219 res=false
*==== INFO ====*  stream_id=411996 latency=1.384042 ms (tx_ts=87331233705477, rx_ts=87331235089519) request_id=4201402 zil_blk_id=411996 ccf_commit_seqno=4201416 nstreams_done_=103000 config.nstreams=400000 avg_latency=1.2291 ms avg throuhgput (requests/sec) = 543.5710 res=false
*==== INFO ====*  stream_id=413996 latency=1.012343 ms (tx_ts=87332134286347, rx_ts=87332135298690) request_id=4221266 zil_blk_id=413996 ccf_commit_seqno=4221267 nstreams_done_=103500 config.nstreams=400000 avg_latency=1.2290 ms avg throuhgput (requests/sec) = 543.6271 res=false
*==== INFO ====*  stream_id=415996 latency=0.911915 ms (tx_ts=87333065190982, rx_ts=87333066102897) request_id=4241234 zil_blk_id=415996 ccf_commit_seqno=4241238 nstreams_done_=104000 config.nstreams=400000 avg_latency=1.2292 ms avg throuhgput (requests/sec) = 543.5957 res=false
*==== INFO ====*  stream_id=417996 latency=1.286742 ms (tx_ts=87333988160554, rx_ts=87333989447296) request_id=4262059 zil_blk_id=417996 ccf_commit_seqno=4262059 nstreams_done_=104500 config.nstreams=400000 avg_latency=1.2290 ms avg throuhgput (requests/sec) = 543.5856 res=false
*==== INFO ====*  stream_id=419996 latency=1.550370 ms (tx_ts=87334917344701, rx_ts=87334918895071) request_id=4282471 zil_blk_id=419996 ccf_commit_seqno=4282479 nstreams_done_=105000 config.nstreams=400000 avg_latency=1.2289 ms avg throuhgput (requests/sec) = 543.5586 res=false
*==== INFO ====*  stream_id=421996 latency=1.314831 ms (tx_ts=87335793543013, rx_ts=87335794857844) request_id=4300778 zil_blk_id=421996 ccf_commit_seqno=4300778 nstreams_done_=105500 config.nstreams=400000 avg_latency=1.2285 ms avg throuhgput (requests/sec) = 543.6815 res=false
*==== INFO ====*  stream_id=423996 latency=0.782568 ms (tx_ts=87336651266935, rx_ts=87336652049503) request_id=4319650 zil_blk_id=423996 ccf_commit_seqno=4319653 nstreams_done_=106000 config.nstreams=400000 avg_latency=1.2279 ms avg throuhgput (requests/sec) = 543.8558 res=false
*==== INFO ====*  stream_id=425996 latency=1.003975 ms (tx_ts=87337560267073, rx_ts=87337561271048) request_id=4338940 zil_blk_id=425996 ccf_commit_seqno=4338941 nstreams_done_=106500 config.nstreams=400000 avg_latency=1.2275 ms avg throuhgput (requests/sec) = 543.8839 res=false
*==== INFO ====*  stream_id=427996 latency=1.095532 ms (tx_ts=87338461261000, rx_ts=87338462356532) request_id=4357618 zil_blk_id=427996 ccf_commit_seqno=4357623 nstreams_done_=107000 config.nstreams=400000 avg_latency=1.2273 ms avg throuhgput (requests/sec) = 543.9343 res=false
*==== INFO ====*  stream_id=429996 latency=1.210162 ms (tx_ts=87339375445036, rx_ts=87339376655198) request_id=4375389 zil_blk_id=429996 ccf_commit_seqno=4375392 nstreams_done_=107500 config.nstreams=400000 avg_latency=1.2274 ms avg throuhgput (requests/sec) = 543.9479 res=false
*==== INFO ====*  stream_id=431996 latency=1.320743 ms (tx_ts=87340299702603, rx_ts=87340301023346) request_id=4393170 zil_blk_id=431996 ccf_commit_seqno=4393182 nstreams_done_=108000 config.nstreams=400000 avg_latency=1.2275 ms avg throuhgput (requests/sec) = 543.9338 res=false
*==== INFO ====*  stream_id=433996 latency=1.644643 ms (tx_ts=87341180018182, rx_ts=87341181662825) request_id=4411457 zil_blk_id=433996 ccf_commit_seqno=4411469 nstreams_done_=108500 config.nstreams=400000 avg_latency=1.2272 ms avg throuhgput (requests/sec) = 544.0390 res=false
*==== INFO ====*  stream_id=435996 latency=0.786356 ms (tx_ts=87342037828004, rx_ts=87342038614360) request_id=4429095 zil_blk_id=435996 ccf_commit_seqno=4429096 nstreams_done_=109000 config.nstreams=400000 avg_latency=1.2270 ms avg throuhgput (requests/sec) = 544.2077 res=false
*==== INFO ====*  stream_id=437996 latency=1.309359 ms (tx_ts=87342940091320, rx_ts=87342941400679) request_id=4448468 zil_blk_id=437996 ccf_commit_seqno=4448475 nstreams_done_=109500 config.nstreams=400000 avg_latency=1.2266 ms avg throuhgput (requests/sec) = 544.2509 res=false
*==== INFO ====*  stream_id=439996 latency=0.926693 ms (tx_ts=87343858378480, rx_ts=87343859305173) request_id=4466308 zil_blk_id=439996 ccf_commit_seqno=4466310 nstreams_done_=110000 config.nstreams=400000 avg_latency=1.2268 ms avg throuhgput (requests/sec) = 544.2530 res=false
*==== INFO ====*  stream_id=441996 latency=1.098118 ms (tx_ts=87344759755539, rx_ts=87344760853657) request_id=4484972 zil_blk_id=441996 ccf_commit_seqno=4484976 nstreams_done_=110500 config.nstreams=400000 avg_latency=1.2267 ms avg throuhgput (requests/sec) = 544.2990 res=false
*==== INFO ====*  stream_id=443996 latency=0.982200 ms (tx_ts=87345674595963, rx_ts=87345675578163) request_id=4503416 zil_blk_id=443996 ccf_commit_seqno=4503418 nstreams_done_=111000 config.nstreams=400000 avg_latency=1.2267 ms avg throuhgput (requests/sec) = 544.3094 res=false
*==== INFO ====*  stream_id=445996 latency=1.441285 ms (tx_ts=87346595602143, rx_ts=87346597043428) request_id=4522221 zil_blk_id=445996 ccf_commit_seqno=4522233 nstreams_done_=111500 config.nstreams=400000 avg_latency=1.2267 ms avg throuhgput (requests/sec) = 544.3017 res=false
*==== INFO ====*  stream_id=447996 latency=0.803683 ms (tx_ts=87347493602299, rx_ts=87347494405982) request_id=4541865 zil_blk_id=447996 ccf_commit_seqno=4541866 nstreams_done_=112000 config.nstreams=400000 avg_latency=1.2263 ms avg throuhgput (requests/sec) = 544.3579 res=false
*==== INFO ====*  stream_id=449996 latency=0.833478 ms (tx_ts=87348416317965, rx_ts=87348417151443) request_id=4559951 zil_blk_id=449996 ccf_commit_seqno=4559951 nstreams_done_=112500 config.nstreams=400000 avg_latency=1.2265 ms avg throuhgput (requests/sec) = 544.3468 res=false
*==== INFO ====*  stream_id=451996 latency=0.896065 ms (tx_ts=87349182095754, rx_ts=87349182991819) request_id=4577133 zil_blk_id=451996 ccf_commit_seqno=4577134 nstreams_done_=113000 config.nstreams=400000 avg_latency=1.2256 ms avg throuhgput (requests/sec) = 544.7475 res=false
*==== INFO ====*  stream_id=453996 latency=0.923905 ms (tx_ts=87350095214090, rx_ts=87350096137995) request_id=4596271 zil_blk_id=453996 ccf_commit_seqno=4596274 nstreams_done_=113500 config.nstreams=400000 avg_latency=1.2254 ms avg throuhgput (requests/sec) = 544.7598 res=false
*==== INFO ====*  stream_id=455996 latency=1.267119 ms (tx_ts=87350967432836, rx_ts=87350968699955) request_id=4614532 zil_blk_id=455996 ccf_commit_seqno=4614539 nstreams_done_=114000 config.nstreams=400000 avg_latency=1.2251 ms avg throuhgput (requests/sec) = 544.8777 res=false
*==== INFO ====*  stream_id=457996 latency=1.221828 ms (tx_ts=87351866018495, rx_ts=87351867240323) request_id=4632770 zil_blk_id=457996 ccf_commit_seqno=4632777 nstreams_done_=114500 config.nstreams=400000 avg_latency=1.2249 ms avg throuhgput (requests/sec) = 544.9272 res=false
*==== INFO ====*  stream_id=459996 latency=0.775614 ms (tx_ts=87352750454898, rx_ts=87352751230512) request_id=4650366 zil_blk_id=459996 ccf_commit_seqno=4650366 nstreams_done_=115000 config.nstreams=400000 avg_latency=1.2250 ms avg throuhgput (requests/sec) = 545.0139 res=false
*==== INFO ====*  stream_id=461996 latency=1.818086 ms (tx_ts=87353601373839, rx_ts=87353603191925) request_id=4669020 zil_blk_id=461996 ccf_commit_seqno=4669030 nstreams_done_=115500 config.nstreams=400000 avg_latency=1.2244 ms avg throuhgput (requests/sec) = 545.1823 res=false
*==== INFO ====*  stream_id=463996 latency=0.958128 ms (tx_ts=87354480595162, rx_ts=87354481553290) request_id=4686567 zil_blk_id=463996 ccf_commit_seqno=4686567 nstreams_done_=116000 config.nstreams=400000 avg_latency=1.2243 ms avg throuhgput (requests/sec) = 545.2816 res=false
*==== INFO ====*  stream_id=465996 latency=0.852290 ms (tx_ts=87355343081189, rx_ts=87355343933479) request_id=4705599 zil_blk_id=465996 ccf_commit_seqno=4705600 nstreams_done_=116500 config.nstreams=400000 avg_latency=1.2239 ms avg throuhgput (requests/sec) = 545.4209 res=false
*==== INFO ====*  stream_id=467996 latency=1.427641 ms (tx_ts=87356172358563, rx_ts=87356173786204) request_id=4724160 zil_blk_id=467996 ccf_commit_seqno=4724164 nstreams_done_=117000 config.nstreams=400000 avg_latency=1.2231 ms avg throuhgput (requests/sec) = 545.6419 res=false
*==== INFO ====*  stream_id=469996 latency=0.823099 ms (tx_ts=87357026534107, rx_ts=87357027357206) request_id=4742789 zil_blk_id=469996 ccf_commit_seqno=4742790 nstreams_done_=117500 config.nstreams=400000 avg_latency=1.2227 ms avg throuhgput (requests/sec) = 545.8010 res=false
*==== INFO ====*  stream_id=471996 latency=1.476962 ms (tx_ts=87357930698873, rx_ts=87357932175835) request_id=4763062 zil_blk_id=471996 ccf_commit_seqno=4763069 nstreams_done_=118000 config.nstreams=400000 avg_latency=1.2221 ms avg throuhgput (requests/sec) = 545.8295 res=false
*==== INFO ====*  stream_id=473996 latency=0.931476 ms (tx_ts=87358840270400, rx_ts=87358841201876) request_id=4782660 zil_blk_id=473996 ccf_commit_seqno=4782665 nstreams_done_=118500 config.nstreams=400000 avg_latency=1.2218 ms avg throuhgput (requests/sec) = 545.8471 res=false
*==== INFO ====*  stream_id=475996 latency=0.752294 ms (tx_ts=87359633911292, rx_ts=87359634663586) request_id=4799832 zil_blk_id=475996 ccf_commit_seqno=4799833 nstreams_done_=119000 config.nstreams=400000 avg_latency=1.2212 ms avg throuhgput (requests/sec) = 546.1541 res=false
*==== INFO ====*  stream_id=477996 latency=1.341450 ms (tx_ts=87360537212511, rx_ts=87360538553961) request_id=4818594 zil_blk_id=477996 ccf_commit_seqno=4818596 nstreams_done_=119500 config.nstreams=400000 avg_latency=1.2211 ms avg throuhgput (requests/sec) = 546.1830 res=false
*==== INFO ====*  stream_id=479996 latency=0.722620 ms (tx_ts=87361393184883, rx_ts=87361393907503) request_id=4837345 zil_blk_id=479996 ccf_commit_seqno=4837345 nstreams_done_=120000 config.nstreams=400000 avg_latency=1.2205 ms avg throuhgput (requests/sec) = 546.3325 res=false
*==== INFO ====*  stream_id=481996 latency=1.167524 ms (tx_ts=87362298040441, rx_ts=87362299207965) request_id=4855794 zil_blk_id=481996 ccf_commit_seqno=4855798 nstreams_done_=120500 config.nstreams=400000 avg_latency=1.2206 ms avg throuhgput (requests/sec) = 546.3570 res=false
*==== INFO ====*  stream_id=483996 latency=1.128161 ms (tx_ts=87363158340539, rx_ts=87363159468700) request_id=4874351 zil_blk_id=483996 ccf_commit_seqno=4874352 nstreams_done_=121000 config.nstreams=400000 avg_latency=1.2201 ms avg throuhgput (requests/sec) = 546.4924 res=false
*==== INFO ====*  stream_id=485996 latency=1.193025 ms (tx_ts=87364024645685, rx_ts=87364025838710) request_id=4892902 zil_blk_id=485996 ccf_commit_seqno=4892906 nstreams_done_=121500 config.nstreams=400000 avg_latency=1.2197 ms avg throuhgput (requests/sec) = 546.6118 res=false
*==== INFO ====*  stream_id=487996 latency=1.236366 ms (tx_ts=87364880707129, rx_ts=87364881943495) request_id=4911221 zil_blk_id=487996 ccf_commit_seqno=4911224 nstreams_done_=122000 config.nstreams=400000 avg_latency=1.2193 ms avg throuhgput (requests/sec) = 546.7554 res=false
*==== INFO ====*  stream_id=489996 latency=1.154881 ms (tx_ts=87365776057052, rx_ts=87365777211933) request_id=4929319 zil_blk_id=489996 ccf_commit_seqno=4929321 nstreams_done_=122500 config.nstreams=400000 avg_latency=1.2193 ms avg throuhgput (requests/sec) = 546.8023 res=false
*==== INFO ====*  stream_id=491996 latency=1.283921 ms (tx_ts=87366645439455, rx_ts=87366646723376) request_id=4947865 zil_blk_id=491996 ccf_commit_seqno=4947868 nstreams_done_=123000 config.nstreams=400000 avg_latency=1.2189 ms avg throuhgput (requests/sec) = 546.9115 res=false
*==== INFO ====*  stream_id=493996 latency=1.171912 ms (tx_ts=87367558321919, rx_ts=87367559493831) request_id=4966903 zil_blk_id=493996 ccf_commit_seqno=4966910 nstreams_done_=123500 config.nstreams=400000 avg_latency=1.2188 ms avg throuhgput (requests/sec) = 546.9150 res=false
*==== INFO ====*  stream_id=495996 latency=1.094891 ms (tx_ts=87368441409118, rx_ts=87368442504009) request_id=4985965 zil_blk_id=495996 ccf_commit_seqno=4985969 nstreams_done_=124000 config.nstreams=400000 avg_latency=1.2183 ms avg throuhgput (requests/sec) = 546.9903 res=false
*==== INFO ====*  stream_id=497996 latency=1.565897 ms (tx_ts=87369299303492, rx_ts=87369300869389) request_id=5004271 zil_blk_id=497996 ccf_commit_seqno=5004276 nstreams_done_=124500 config.nstreams=400000 avg_latency=1.2180 ms avg throuhgput (requests/sec) = 547.1242 res=false
*==== INFO ====*  stream_id=499996 latency=0.913902 ms (tx_ts=87370179707596, rx_ts=87370180621498) request_id=5023185 zil_blk_id=499996 ccf_commit_seqno=5023188 nstreams_done_=125000 config.nstreams=400000 avg_latency=1.2177 ms avg throuhgput (requests/sec) = 547.2060 res=false
*==== INFO ====*  stream_id=501996 latency=1.048812 ms (tx_ts=87371034933411, rx_ts=87371035982223) request_id=5042482 zil_blk_id=501996 ccf_commit_seqno=5042486 nstreams_done_=125500 config.nstreams=400000 avg_latency=1.2172 ms avg throuhgput (requests/sec) = 547.3453 res=false
*==== INFO ====*  stream_id=503996 latency=1.113917 ms (tx_ts=87371971938237, rx_ts=87371973052154) request_id=5061025 zil_blk_id=503996 ccf_commit_seqno=5061029 nstreams_done_=126000 config.nstreams=400000 avg_latency=1.2174 ms avg throuhgput (requests/sec) = 547.2892 res=false
*==== INFO ====*  stream_id=505996 latency=1.010185 ms (tx_ts=87372866442220, rx_ts=87372867452405) request_id=5080926 zil_blk_id=505996 ccf_commit_seqno=5080931 nstreams_done_=126500 config.nstreams=400000 avg_latency=1.2169 ms avg throuhgput (requests/sec) = 547.3347 res=false
*==== INFO ====*  stream_id=507996 latency=1.723402 ms (tx_ts=87373788655081, rx_ts=87373790378483) request_id=5099781 zil_blk_id=507996 ccf_commit_seqno=5099795 nstreams_done_=127000 config.nstreams=400000 avg_latency=1.2169 ms avg throuhgput (requests/sec) = 547.3125 res=false
*==== INFO ====*  stream_id=509996 latency=0.955953 ms (tx_ts=87374631928575, rx_ts=87374632884528) request_id=5117940 zil_blk_id=509996 ccf_commit_seqno=5117940 nstreams_done_=127500 config.nstreams=400000 avg_latency=1.2164 ms avg throuhgput (requests/sec) = 547.4795 res=false
*==== INFO ====*  stream_id=511996 latency=1.083800 ms (tx_ts=87375524221614, rx_ts=87375525305414) request_id=5137686 zil_blk_id=511996 ccf_commit_seqno=5137689 nstreams_done_=128000 config.nstreams=400000 avg_latency=1.2160 ms avg throuhgput (requests/sec) = 547.5283 res=false
*==== INFO ====*  stream_id=513996 latency=0.903738 ms (tx_ts=87376424783586, rx_ts=87376425687324) request_id=5155107 zil_blk_id=513996 ccf_commit_seqno=5155110 nstreams_done_=128500 config.nstreams=400000 avg_latency=1.2162 ms avg throuhgput (requests/sec) = 547.5582 res=false
*==== INFO ====*  stream_id=515996 latency=1.500853 ms (tx_ts=87377310736866, rx_ts=87377312237719) request_id=5173883 zil_blk_id=515996 ccf_commit_seqno=5173887 nstreams_done_=129000 config.nstreams=400000 avg_latency=1.2160 ms avg throuhgput (requests/sec) = 547.6200 res=false
*==== INFO ====*  stream_id=517996 latency=0.916732 ms (tx_ts=87378214697188, rx_ts=87378215613920) request_id=5193045 zil_blk_id=517996 ccf_commit_seqno=5193048 nstreams_done_=129500 config.nstreams=400000 avg_latency=1.2158 ms avg throuhgput (requests/sec) = 547.6424 res=false
*==== INFO ====*  stream_id=519996 latency=1.501490 ms (tx_ts=87379073820632, rx_ts=87379075322122) request_id=5211481 zil_blk_id=519996 ccf_commit_seqno=5211482 nstreams_done_=130000 config.nstreams=400000 avg_latency=1.2154 ms avg throuhgput (requests/sec) = 547.7654 res=false
*==== INFO ====*  stream_id=521996 latency=0.967500 ms (tx_ts=87379948448357, rx_ts=87379949415857) request_id=5230208 zil_blk_id=521996 ccf_commit_seqno=5230209 nstreams_done_=130500 config.nstreams=400000 avg_latency=1.2150 ms avg throuhgput (requests/sec) = 547.8544 res=false
*==== INFO ====*  stream_id=523996 latency=1.233507 ms (tx_ts=87380777345485, rx_ts=87380778578992) request_id=5249198 zil_blk_id=523996 ccf_commit_seqno=5249200 nstreams_done_=131000 config.nstreams=400000 avg_latency=1.2143 ms avg throuhgput (requests/sec) = 548.0457 res=false
*==== INFO ====*  stream_id=525996 latency=1.172694 ms (tx_ts=87381662660072, rx_ts=87381663832766) request_id=5268283 zil_blk_id=525996 ccf_commit_seqno=5268284 nstreams_done_=131500 config.nstreams=400000 avg_latency=1.2139 ms avg throuhgput (requests/sec) = 548.1076 res=false
*==== INFO ====*  stream_id=527996 latency=1.664878 ms (tx_ts=87382566879548, rx_ts=87382568544426) request_id=5287003 zil_blk_id=527996 ccf_commit_seqno=5287015 nstreams_done_=132000 config.nstreams=400000 avg_latency=1.2138 ms avg throuhgput (requests/sec) = 548.1247 res=false
*==== INFO ====*  stream_id=529996 latency=0.987226 ms (tx_ts=87383451319696, rx_ts=87383452306922) request_id=5304733 zil_blk_id=529996 ccf_commit_seqno=5304736 nstreams_done_=132500 config.nstreams=400000 avg_latency=1.2137 ms avg throuhgput (requests/sec) = 548.1892 res=false
*==== INFO ====*  stream_id=531996 latency=0.927788 ms (tx_ts=87384347659091, rx_ts=87384348586879) request_id=5323610 zil_blk_id=531996 ccf_commit_seqno=5323610 nstreams_done_=133000 config.nstreams=400000 avg_latency=1.2135 ms avg throuhgput (requests/sec) = 548.2249 res=false
*==== INFO ====*  stream_id=533996 latency=0.864818 ms (tx_ts=87385271860062, rx_ts=87385272724880) request_id=5342639 zil_blk_id=533996 ccf_commit_seqno=5342639 nstreams_done_=133500 config.nstreams=400000 avg_latency=1.2135 ms avg throuhgput (requests/sec) = 548.1977 res=false
*==== INFO ====*  stream_id=535996 latency=1.290840 ms (tx_ts=87386167373604, rx_ts=87386168664444) request_id=5361235 zil_blk_id=535996 ccf_commit_seqno=5361243 nstreams_done_=134000 config.nstreams=400000 avg_latency=1.2134 ms avg throuhgput (requests/sec) = 548.2339 res=false
*==== INFO ====*  stream_id=537996 latency=1.928964 ms (tx_ts=87387099056152, rx_ts=87387100985116) request_id=5380342 zil_blk_id=537996 ccf_commit_seqno=5380366 nstreams_done_=134500 config.nstreams=400000 avg_latency=1.2135 ms avg throuhgput (requests/sec) = 548.1885 res=false
*==== INFO ====*  stream_id=539996 latency=0.973321 ms (tx_ts=87387975498243, rx_ts=87387976471564) request_id=5398279 zil_blk_id=539996 ccf_commit_seqno=5398281 nstreams_done_=135000 config.nstreams=400000 avg_latency=1.2133 ms avg throuhgput (requests/sec) = 548.2700 res=false
*==== INFO ====*  stream_id=541996 latency=1.792208 ms (tx_ts=87388869869126, rx_ts=87388871661334) request_id=5417161 zil_blk_id=541996 ccf_commit_seqno=5417181 nstreams_done_=135500 config.nstreams=400000 avg_latency=1.2131 ms avg throuhgput (requests/sec) = 548.3072 res=false
*==== INFO ====*  stream_id=543996 latency=1.131999 ms (tx_ts=87389757130799, rx_ts=87389758262798) request_id=5436632 zil_blk_id=543996 ccf_commit_seqno=5436640 nstreams_done_=136000 config.nstreams=400000 avg_latency=1.2127 ms avg throuhgput (requests/sec) = 548.3632 res=false
*==== INFO ====*  stream_id=545996 latency=0.815030 ms (tx_ts=87390643911363, rx_ts=87390644726393) request_id=5455225 zil_blk_id=545996 ccf_commit_seqno=5455227 nstreams_done_=136500 config.nstreams=400000 avg_latency=1.2125 ms avg throuhgput (requests/sec) = 548.4190 res=false
*==== INFO ====*  stream_id=547996 latency=1.632034 ms (tx_ts=87391495979935, rx_ts=87391497611969) request_id=5472981 zil_blk_id=547996 ccf_commit_seqno=5472989 nstreams_done_=137000 config.nstreams=400000 avg_latency=1.2123 ms avg throuhgput (requests/sec) = 548.5482 res=false
*==== INFO ====*  stream_id=549996 latency=1.120248 ms (tx_ts=87392333793663, rx_ts=87392334913911) request_id=5491652 zil_blk_id=549996 ccf_commit_seqno=5491653 nstreams_done_=137500 config.nstreams=400000 avg_latency=1.2118 ms avg throuhgput (requests/sec) = 548.7106 res=false
*==== INFO ====*  stream_id=551996 latency=0.995362 ms (tx_ts=87393184878509, rx_ts=87393185873871) request_id=5509746 zil_blk_id=551996 ccf_commit_seqno=5509752 nstreams_done_=138000 config.nstreams=400000 avg_latency=1.2115 ms avg throuhgput (requests/sec) = 548.8421 res=false
*==== INFO ====*  stream_id=553996 latency=1.073318 ms (tx_ts=87394027772823, rx_ts=87394028846141) request_id=5528365 zil_blk_id=553996 ccf_commit_seqno=5528372 nstreams_done_=138500 config.nstreams=400000 avg_latency=1.2111 ms avg throuhgput (requests/sec) = 548.9901 res=false
*==== INFO ====*  stream_id=555996 latency=1.510893 ms (tx_ts=87394930311846, rx_ts=87394931822739) request_id=5547373 zil_blk_id=555996 ccf_commit_seqno=5547376 nstreams_done_=139000 config.nstreams=400000 avg_latency=1.2110 ms avg throuhgput (requests/sec) = 549.0070 res=false
*==== INFO ====*  stream_id=557996 latency=1.149170 ms (tx_ts=87395808232947, rx_ts=87395809382117) request_id=5566038 zil_blk_id=557996 ccf_commit_seqno=5566044 nstreams_done_=139500 config.nstreams=400000 avg_latency=1.2108 ms avg throuhgput (requests/sec) = 549.0787 res=false
*==== INFO ====*  stream_id=559996 latency=1.020002 ms (tx_ts=87396736864516, rx_ts=87396737884518) request_id=5584133 zil_blk_id=559996 ccf_commit_seqno=5584134 nstreams_done_=140000 config.nstreams=400000 avg_latency=1.2111 ms avg throuhgput (requests/sec) = 549.0402 res=false
*==== INFO ====*  stream_id=561996 latency=1.060945 ms (tx_ts=87397615277946, rx_ts=87397616338891) request_id=5604280 zil_blk_id=561996 ccf_commit_seqno=5604286 nstreams_done_=140500 config.nstreams=400000 avg_latency=1.2106 ms avg throuhgput (requests/sec) = 549.1093 res=false
*==== INFO ====*  stream_id=563996 latency=0.850742 ms (tx_ts=87398511594229, rx_ts=87398512444971) request_id=5622413 zil_blk_id=563996 ccf_commit_seqno=5622417 nstreams_done_=141000 config.nstreams=400000 avg_latency=1.2107 ms avg throuhgput (requests/sec) = 549.1402 res=false
*==== INFO ====*  stream_id=565996 latency=1.193663 ms (tx_ts=87399380580021, rx_ts=87399381773684) request_id=5641039 zil_blk_id=565996 ccf_commit_seqno=5641044 nstreams_done_=141500 config.nstreams=400000 avg_latency=1.2104 ms avg throuhgput (requests/sec) = 549.2280 res=false
*==== INFO ====*  stream_id=567996 latency=1.288732 ms (tx_ts=87400280426325, rx_ts=87400281715057) request_id=5658888 zil_blk_id=567996 ccf_commit_seqno=5658896 nstreams_done_=142000 config.nstreams=400000 avg_latency=1.2104 ms avg throuhgput (requests/sec) = 549.2502 res=false
*==== INFO ====*  stream_id=569996 latency=1.054906 ms (tx_ts=87401178284394, rx_ts=87401179339300) request_id=5678063 zil_blk_id=569996 ccf_commit_seqno=5678065 nstreams_done_=142500 config.nstreams=400000 avg_latency=1.2102 ms avg throuhgput (requests/sec) = 549.2771 res=false
*==== INFO ====*  stream_id=571996 latency=0.894088 ms (tx_ts=87402084196505, rx_ts=87402085090593) request_id=5696232 zil_blk_id=571996 ccf_commit_seqno=5696232 nstreams_done_=143000 config.nstreams=400000 avg_latency=1.2103 ms avg throuhgput (requests/sec) = 549.2867 res=false
*==== INFO ====*  stream_id=573996 latency=1.092213 ms (tx_ts=87402960934975, rx_ts=87402962027188) request_id=5715075 zil_blk_id=573996 ccf_commit_seqno=5715082 nstreams_done_=143500 config.nstreams=400000 avg_latency=1.2100 ms avg throuhgput (requests/sec) = 549.3567 res=false
*==== INFO ====*  stream_id=575996 latency=1.169197 ms (tx_ts=87403883821026, rx_ts=87403884990223) request_id=5732943 zil_blk_id=575996 ccf_commit_seqno=5732947 nstreams_done_=144000 config.nstreams=400000 avg_latency=1.2102 ms avg throuhgput (requests/sec) = 549.3299 res=false
*==== INFO ====*  stream_id=577996 latency=0.933369 ms (tx_ts=87404797166215, rx_ts=87404798099584) request_id=5751852 zil_blk_id=577996 ccf_commit_seqno=5751856 nstreams_done_=144500 config.nstreams=400000 avg_latency=1.2100 ms avg throuhgput (requests/sec) = 549.3238 res=false
*==== INFO ====*  stream_id=579996 latency=1.395540 ms (tx_ts=87405609793405, rx_ts=87405611188945) request_id=5769289 zil_blk_id=579996 ccf_commit_seqno=5769293 nstreams_done_=145000 config.nstreams=400000 avg_latency=1.2096 ms avg throuhgput (requests/sec) = 549.5260 res=false
*==== INFO ====*  stream_id=581996 latency=1.411020 ms (tx_ts=87406483766741, rx_ts=87406485177761) request_id=5787435 zil_blk_id=581996 ccf_commit_seqno=5787439 nstreams_done_=145500 config.nstreams=400000 avg_latency=1.2094 ms avg throuhgput (requests/sec) = 549.6005 res=false
*==== INFO ====*  stream_id=583996 latency=0.862481 ms (tx_ts=87407355905990, rx_ts=87407356768471) request_id=5806314 zil_blk_id=583996 ccf_commit_seqno=5806316 nstreams_done_=146000 config.nstreams=400000 avg_latency=1.2091 ms avg throuhgput (requests/sec) = 549.6795 res=false
*==== INFO ====*  stream_id=585996 latency=1.357174 ms (tx_ts=87408240384734, rx_ts=87408241741908) request_id=5825502 zil_blk_id=585996 ccf_commit_seqno=5825506 nstreams_done_=146500 config.nstreams=400000 avg_latency=1.2088 ms avg throuhgput (requests/sec) = 549.7303 res=false
*==== INFO ====*  stream_id=587996 latency=2.039503 ms (tx_ts=87409151601161, rx_ts=87409153640664) request_id=5843773 zil_blk_id=587996 ccf_commit_seqno=5843785 nstreams_done_=147000 config.nstreams=400000 avg_latency=1.2089 ms avg throuhgput (requests/sec) = 549.7255 res=false
*==== INFO ====*  stream_id=589996 latency=1.128692 ms (tx_ts=87410065639781, rx_ts=87410066768473) request_id=5862518 zil_blk_id=589996 ccf_commit_seqno=5862521 nstreams_done_=147500 config.nstreams=400000 avg_latency=1.2089 ms avg throuhgput (requests/sec) = 549.7181 res=false
*==== INFO ====*  stream_id=591996 latency=1.208711 ms (tx_ts=87410931421802, rx_ts=87410932630513) request_id=5881738 zil_blk_id=591996 ccf_commit_seqno=5881743 nstreams_done_=148000 config.nstreams=400000 avg_latency=1.2085 ms avg throuhgput (requests/sec) = 549.8073 res=false
*==== INFO ====*  stream_id=593996 latency=1.600283 ms (tx_ts=87411817704816, rx_ts=87411819305099) request_id=5901178 zil_blk_id=593996 ccf_commit_seqno=5901179 nstreams_done_=148500 config.nstreams=400000 avg_latency=1.2082 ms avg throuhgput (requests/sec) = 549.8536 res=false
*==== INFO ====*  stream_id=595996 latency=1.149122 ms (tx_ts=87412691068233, rx_ts=87412692217355) request_id=5919570 zil_blk_id=595996 ccf_commit_seqno=5919572 nstreams_done_=149000 config.nstreams=400000 avg_latency=1.2081 ms avg throuhgput (requests/sec) = 549.9275 res=false
*==== INFO ====*  stream_id=597996 latency=0.955727 ms (tx_ts=87413572624161, rx_ts=87413573579888) request_id=5938568 zil_blk_id=597996 ccf_commit_seqno=5938573 nstreams_done_=149500 config.nstreams=400000 avg_latency=1.2078 ms avg throuhgput (requests/sec) = 549.9839 res=false
*==== INFO ====*  stream_id=599996 latency=1.333866 ms (tx_ts=87414481816234, rx_ts=87414483150100) request_id=5957540 zil_blk_id=599996 ccf_commit_seqno=5957547 nstreams_done_=150000 config.nstreams=400000 avg_latency=1.2078 ms avg throuhgput (requests/sec) = 549.9830 res=false
*==== INFO ====*  stream_id=601996 latency=1.299916 ms (tx_ts=87415362839213, rx_ts=87415364139129) request_id=5976914 zil_blk_id=601996 ccf_commit_seqno=5976924 nstreams_done_=150500 config.nstreams=400000 avg_latency=1.2074 ms avg throuhgput (requests/sec) = 550.0395 res=false
*==== INFO ====*  stream_id=603996 latency=0.935783 ms (tx_ts=87416257851492, rx_ts=87416258787275) request_id=5995747 zil_blk_id=603996 ccf_commit_seqno=5995748 nstreams_done_=151000 config.nstreams=400000 avg_latency=1.2073 ms avg throuhgput (requests/sec) = 550.0683 res=false
*==== INFO ====*  stream_id=605996 latency=1.541777 ms (tx_ts=87417126480753, rx_ts=87417128022530) request_id=6014872 zil_blk_id=605996 ccf_commit_seqno=6014878 nstreams_done_=151500 config.nstreams=400000 avg_latency=1.2071 ms avg throuhgput (requests/sec) = 550.1477 res=false
*==== INFO ====*  stream_id=607996 latency=0.999785 ms (tx_ts=87418036649160, rx_ts=87418037648945) request_id=6033011 zil_blk_id=607996 ccf_commit_seqno=6033011 nstreams_done_=152000 config.nstreams=400000 avg_latency=1.2072 ms avg throuhgput (requests/sec) = 550.1462 res=false
*==== INFO ====*  stream_id=609996 latency=1.129952 ms (tx_ts=87418931456956, rx_ts=87418932586908) request_id=6051691 zil_blk_id=609996 ccf_commit_seqno=6051691 nstreams_done_=152500 config.nstreams=400000 avg_latency=1.2071 ms avg throuhgput (requests/sec) = 550.1738 res=false
*==== INFO ====*  stream_id=611996 latency=1.802632 ms (tx_ts=87419857223278, rx_ts=87419859025910) request_id=6070922 zil_blk_id=611996 ccf_commit_seqno=6070938 nstreams_done_=153000 config.nstreams=400000 avg_latency=1.2071 ms avg throuhgput (requests/sec) = 550.1389 res=false
*==== INFO ====*  stream_id=613996 latency=0.771503 ms (tx_ts=87420740563470, rx_ts=87420741334973) request_id=6090150 zil_blk_id=613996 ccf_commit_seqno=6090150 nstreams_done_=153500 config.nstreams=400000 avg_latency=1.2069 ms avg throuhgput (requests/sec) = 550.1912 res=false
*==== INFO ====*  stream_id=615996 latency=1.019357 ms (tx_ts=87421637305901, rx_ts=87421638325258) request_id=6109996 zil_blk_id=615996 ccf_commit_seqno=6110000 nstreams_done_=154000 config.nstreams=400000 avg_latency=1.2065 ms avg throuhgput (requests/sec) = 550.2144 res=false
*==== INFO ====*  stream_id=617996 latency=1.177673 ms (tx_ts=87422501386298, rx_ts=87422502563971) request_id=6128539 zil_blk_id=617996 ccf_commit_seqno=6128549 nstreams_done_=154500 config.nstreams=400000 avg_latency=1.2063 ms avg throuhgput (requests/sec) = 550.3016 res=false
*==== INFO ====*  stream_id=619996 latency=1.177789 ms (tx_ts=87423409058431, rx_ts=87423410236220) request_id=6147386 zil_blk_id=619996 ccf_commit_seqno=6147394 nstreams_done_=155000 config.nstreams=400000 avg_latency=1.2062 ms avg throuhgput (requests/sec) = 550.3034 res=false
*==== INFO ====*  stream_id=621996 latency=1.023151 ms (tx_ts=87424240251563, rx_ts=87424241274714) request_id=6165596 zil_blk_id=621996 ccf_commit_seqno=6165600 nstreams_done_=155500 config.nstreams=400000 avg_latency=1.2058 ms avg throuhgput (requests/sec) = 550.4545 res=false
*==== INFO ====*  stream_id=623996 latency=1.907471 ms (tx_ts=87425145065622, rx_ts=87425146973093) request_id=6183862 zil_blk_id=623996 ccf_commit_seqno=6183870 nstreams_done_=156000 config.nstreams=400000 avg_latency=1.2059 ms avg throuhgput (requests/sec) = 550.4596 res=false
*==== INFO ====*  stream_id=625996 latency=1.083168 ms (tx_ts=87425989655711, rx_ts=87425990738879) request_id=6201895 zil_blk_id=625996 ccf_commit_seqno=6201895 nstreams_done_=156500 config.nstreams=400000 avg_latency=1.2056 ms avg throuhgput (requests/sec) = 550.5846 res=false
*==== INFO ====*  stream_id=627996 latency=1.458081 ms (tx_ts=87426886813311, rx_ts=87426888271392) request_id=6220438 zil_blk_id=627996 ccf_commit_seqno=6220445 nstreams_done_=157000 config.nstreams=400000 avg_latency=1.2055 ms avg throuhgput (requests/sec) = 550.6051 res=false
*==== INFO ====*  stream_id=629996 latency=1.027190 ms (tx_ts=87427800469739, rx_ts=87427801496929) request_id=6240511 zil_blk_id=629996 ccf_commit_seqno=6240516 nstreams_done_=157500 config.nstreams=400000 avg_latency=1.2053 ms avg throuhgput (requests/sec) = 550.5952 res=false
*==== INFO ====*  stream_id=631996 latency=0.743135 ms (tx_ts=87428688828528, rx_ts=87428689571663) request_id=6258701 zil_blk_id=631996 ccf_commit_seqno=6258701 nstreams_done_=158000 config.nstreams=400000 avg_latency=1.2053 ms avg throuhgput (requests/sec) = 550.6337 res=false
*==== INFO ====*  stream_id=633996 latency=0.748461 ms (tx_ts=87429550325779, rx_ts=87429551074240) request_id=6277705 zil_blk_id=633996 ccf_commit_seqno=6277705 nstreams_done_=158500 config.nstreams=400000 avg_latency=1.2050 ms avg throuhgput (requests/sec) = 550.7227 res=false
*==== INFO ====*  stream_id=635996 latency=0.959392 ms (tx_ts=87430445496982, rx_ts=87430446456374) request_id=6296824 zil_blk_id=635996 ccf_commit_seqno=6296826 nstreams_done_=159000 config.nstreams=400000 avg_latency=1.2047 ms avg throuhgput (requests/sec) = 550.7466 res=false
*==== INFO ====*  stream_id=637996 latency=0.977578 ms (tx_ts=87431310205175, rx_ts=87431311182753) request_id=6314532 zil_blk_id=637996 ccf_commit_seqno=6314533 nstreams_done_=159500 config.nstreams=400000 avg_latency=1.2046 ms avg throuhgput (requests/sec) = 550.8286 res=false
*==== INFO ====*  stream_id=639996 latency=0.858496 ms (tx_ts=87432216555796, rx_ts=87432217414292) request_id=6332438 zil_blk_id=639996 ccf_commit_seqno=6332441 nstreams_done_=160000 config.nstreams=400000 avg_latency=1.2049 ms avg throuhgput (requests/sec) = 550.8314 res=false
*==== INFO ====*  stream_id=641996 latency=1.139491 ms (tx_ts=87433136217545, rx_ts=87433137357036) request_id=6351031 zil_blk_id=641996 ccf_commit_seqno=6351035 nstreams_done_=160500 config.nstreams=400000 avg_latency=1.2049 ms avg throuhgput (requests/sec) = 550.8083 res=false
*==== INFO ====*  stream_id=643996 latency=1.271866 ms (tx_ts=87434015902082, rx_ts=87434017173948) request_id=6370220 zil_blk_id=643996 ccf_commit_seqno=6370223 nstreams_done_=161000 config.nstreams=400000 avg_latency=1.2046 ms avg throuhgput (requests/sec) = 550.8610 res=false
*==== INFO ====*  stream_id=645996 latency=1.615342 ms (tx_ts=87434882044816, rx_ts=87434883660158) request_id=6389402 zil_blk_id=645996 ccf_commit_seqno=6389404 nstreams_done_=161500 config.nstreams=400000 avg_latency=1.2043 ms avg throuhgput (requests/sec) = 550.9384 res=false
*==== INFO ====*  stream_id=647996 latency=1.045936 ms (tx_ts=87435765483135, rx_ts=87435766529071) request_id=6408882 zil_blk_id=647996 ccf_commit_seqno=6408882 nstreams_done_=162000 config.nstreams=400000 avg_latency=1.2039 ms avg throuhgput (requests/sec) = 550.9846 res=false
*==== INFO ====*  stream_id=649996 latency=1.024078 ms (tx_ts=87436634456693, rx_ts=87436635480771) request_id=6427056 zil_blk_id=649996 ccf_commit_seqno=6427059 nstreams_done_=162500 config.nstreams=400000 avg_latency=1.2038 ms avg throuhgput (requests/sec) = 551.0566 res=false
*==== INFO ====*  stream_id=651996 latency=1.183736 ms (tx_ts=87437466372453, rx_ts=87437467556189) request_id=6445167 zil_blk_id=651996 ccf_commit_seqno=6445167 nstreams_done_=163000 config.nstreams=400000 avg_latency=1.2035 ms avg throuhgput (requests/sec) = 551.1968 res=false
*==== INFO ====*  stream_id=653996 latency=0.866722 ms (tx_ts=87438357428839, rx_ts=87438358295561) request_id=6463831 zil_blk_id=653996 ccf_commit_seqno=6463832 nstreams_done_=163500 config.nstreams=400000 avg_latency=1.2033 ms avg throuhgput (requests/sec) = 551.2273 res=false
*==== INFO ====*  stream_id=655996 latency=0.862631 ms (tx_ts=87439267430440, rx_ts=87439268293071) request_id=6482075 zil_blk_id=655996 ccf_commit_seqno=6482075 nstreams_done_=164000 config.nstreams=400000 avg_latency=1.2031 ms avg throuhgput (requests/sec) = 551.2219 res=false
*==== INFO ====*  stream_id=657996 latency=0.868817 ms (tx_ts=87440191637317, rx_ts=87440192506134) request_id=6500226 zil_blk_id=657996 ccf_commit_seqno=6500226 nstreams_done_=164500 config.nstreams=400000 avg_latency=1.2030 ms avg throuhgput (requests/sec) = 551.1902 res=false
*==== INFO ====*  stream_id=659996 latency=1.199952 ms (tx_ts=87441087047113, rx_ts=87441088247065) request_id=6518529 zil_blk_id=659996 ccf_commit_seqno=6518535 nstreams_done_=165000 config.nstreams=400000 avg_latency=1.2028 ms avg throuhgput (requests/sec) = 551.2112 res=false
*==== INFO ====*  stream_id=661996 latency=0.915062 ms (tx_ts=87441940351784, rx_ts=87441941266846) request_id=6536602 zil_blk_id=661996 ccf_commit_seqno=6536602 nstreams_done_=165500 config.nstreams=400000 avg_latency=1.2026 ms avg throuhgput (requests/sec) = 551.3105 res=false
*==== INFO ====*  stream_id=663996 latency=0.756135 ms (tx_ts=87442882407853, rx_ts=87442883163988) request_id=6554625 zil_blk_id=663996 ccf_commit_seqno=6554626 nstreams_done_=166000 config.nstreams=400000 avg_latency=1.2028 ms avg throuhgput (requests/sec) = 551.2464 res=false
*==== INFO ====*  stream_id=665996 latency=1.316004 ms (tx_ts=87443773200332, rx_ts=87443774516336) request_id=6573445 zil_blk_id=665996 ccf_commit_seqno=6573446 nstreams_done_=166500 config.nstreams=400000 avg_latency=1.2026 ms avg throuhgput (requests/sec) = 551.2751 res=false
*==== INFO ====*  stream_id=667996 latency=1.351819 ms (tx_ts=87444617722732, rx_ts=87444619074551) request_id=6591102 zil_blk_id=667996 ccf_commit_seqno=6591105 nstreams_done_=167000 config.nstreams=400000 avg_latency=1.2024 ms avg throuhgput (requests/sec) = 551.3887 res=false
*==== INFO ====*  stream_id=669996 latency=1.004849 ms (tx_ts=87445453047022, rx_ts=87445454051871) request_id=6608352 zil_blk_id=669996 ccf_commit_seqno=6608355 nstreams_done_=167500 config.nstreams=400000 avg_latency=1.2022 ms avg throuhgput (requests/sec) = 551.5191 res=false
*==== INFO ====*  stream_id=671996 latency=1.572872 ms (tx_ts=87446343717285, rx_ts=87446345290157) request_id=6627722 zil_blk_id=671996 ccf_commit_seqno=6627739 nstreams_done_=168000 config.nstreams=400000 avg_latency=1.2019 ms avg throuhgput (requests/sec) = 551.5469 res=false
*==== INFO ====*  stream_id=673996 latency=0.929683 ms (tx_ts=87447186114093, rx_ts=87447187043776) request_id=6644934 zil_blk_id=673996 ccf_commit_seqno=6644935 nstreams_done_=168500 config.nstreams=400000 avg_latency=1.2019 ms avg throuhgput (requests/sec) = 551.6639 res=false
*==== INFO ====*  stream_id=675996 latency=0.973526 ms (tx_ts=87448125366901, rx_ts=87448126340427) request_id=6663465 zil_blk_id=675996 ccf_commit_seqno=6663469 nstreams_done_=169000 config.nstreams=400000 avg_latency=1.2021 ms avg throuhgput (requests/sec) = 551.6046 res=false
*==== INFO ====*  stream_id=677996 latency=1.062175 ms (tx_ts=87449024691936, rx_ts=87449025754111) request_id=6681200 zil_blk_id=677996 ccf_commit_seqno=6681204 nstreams_done_=169500 config.nstreams=400000 avg_latency=1.2022 ms avg throuhgput (requests/sec) = 551.6172 res=false
*==== INFO ====*  stream_id=679996 latency=1.026791 ms (tx_ts=87449908290860, rx_ts=87449909317651) request_id=6700860 zil_blk_id=679996 ccf_commit_seqno=6700867 nstreams_done_=170000 config.nstreams=400000 avg_latency=1.2020 ms avg throuhgput (requests/sec) = 551.6581 res=false
*==== INFO ====*  stream_id=681996 latency=1.172549 ms (tx_ts=87450763112302, rx_ts=87450764284851) request_id=6721067 zil_blk_id=681996 ccf_commit_seqno=6721070 nstreams_done_=170500 config.nstreams=400000 avg_latency=1.2015 ms avg throuhgput (requests/sec) = 551.7498 res=false
*==== INFO ====*  stream_id=683996 latency=0.741196 ms (tx_ts=87451626642442, rx_ts=87451627383638) request_id=6739016 zil_blk_id=683996 ccf_commit_seqno=6739016 nstreams_done_=171000 config.nstreams=400000 avg_latency=1.2013 ms avg throuhgput (requests/sec) = 551.8266 res=false
*==== INFO ====*  stream_id=685996 latency=1.830389 ms (tx_ts=87452507306224, rx_ts=87452509136613) request_id=6756798 zil_blk_id=685996 ccf_commit_seqno=6756812 nstreams_done_=171500 config.nstreams=400000 avg_latency=1.2013 ms avg throuhgput (requests/sec) = 551.8698 res=false
*==== INFO ====*  stream_id=687996 latency=1.383167 ms (tx_ts=87453358286194, rx_ts=87453359669361) request_id=6775635 zil_blk_id=687996 ccf_commit_seqno=6775637 nstreams_done_=172000 config.nstreams=400000 avg_latency=1.2010 ms avg throuhgput (requests/sec) = 551.9681 res=false
*==== INFO ====*  stream_id=689996 latency=0.913689 ms (tx_ts=87454234839292, rx_ts=87454235752981) request_id=6794081 zil_blk_id=689996 ccf_commit_seqno=6794084 nstreams_done_=172500 config.nstreams=400000 avg_latency=1.2009 ms avg throuhgput (requests/sec) = 552.0206 res=false
*==== INFO ====*  stream_id=691996 latency=1.772627 ms (tx_ts=87455144418618, rx_ts=87455146191245) request_id=6813064 zil_blk_id=691996 ccf_commit_seqno=6813086 nstreams_done_=173000 config.nstreams=400000 avg_latency=1.2008 ms avg throuhgput (requests/sec) = 552.0124 res=false
*==== INFO ====*  stream_id=693996 latency=1.707699 ms (tx_ts=87456012766284, rx_ts=87456014473983) request_id=6831402 zil_blk_id=693996 ccf_commit_seqno=6831422 nstreams_done_=173500 config.nstreams=400000 avg_latency=1.2007 ms avg throuhgput (requests/sec) = 552.0783 res=false
*==== INFO ====*  stream_id=695996 latency=1.350496 ms (tx_ts=87456930305266, rx_ts=87456931655762) request_id=6850163 zil_blk_id=695996 ccf_commit_seqno=6850167 nstreams_done_=174000 config.nstreams=400000 avg_latency=1.2007 ms avg throuhgput (requests/sec) = 552.0581 res=false
*==== INFO ====*  stream_id=697996 latency=0.968805 ms (tx_ts=87457829510640, rx_ts=87457830479445) request_id=6868242 zil_blk_id=697996 ccf_commit_seqno=6868244 nstreams_done_=174500 config.nstreams=400000 avg_latency=1.2007 ms avg throuhgput (requests/sec) = 552.0701 res=false
*==== INFO ====*  stream_id=699996 latency=1.892187 ms (tx_ts=87458710553901, rx_ts=87458712446088) request_id=6885940 zil_blk_id=699996 ccf_commit_seqno=6885954 nstreams_done_=175000 config.nstreams=400000 avg_latency=1.2008 ms avg throuhgput (requests/sec) = 552.1114 res=false
*==== INFO ====*  stream_id=701996 latency=1.339866 ms (tx_ts=87459608077186, rx_ts=87459609417052) request_id=6903859 zil_blk_id=701996 ccf_commit_seqno=6903872 nstreams_done_=175500 config.nstreams=400000 avg_latency=1.2009 ms avg throuhgput (requests/sec) = 552.1264 res=false
*==== INFO ====*  stream_id=703996 latency=1.226805 ms (tx_ts=87460546927598, rx_ts=87460548154403) request_id=6923765 zil_blk_id=703996 ccf_commit_seqno=6923770 nstreams_done_=176000 config.nstreams=400000 avg_latency=1.2008 ms avg throuhgput (requests/sec) = 552.0690 res=false
*==== INFO ====*  stream_id=705996 latency=1.472575 ms (tx_ts=87461447637096, rx_ts=87461449109671) request_id=6942083 zil_blk_id=705996 ccf_commit_seqno=6942089 nstreams_done_=176500 config.nstreams=400000 avg_latency=1.2009 ms avg throuhgput (requests/sec) = 552.0772 res=false
*==== INFO ====*  stream_id=707996 latency=0.714101 ms (tx_ts=87462328679443, rx_ts=87462329393544) request_id=6960401 zil_blk_id=707996 ccf_commit_seqno=6960402 nstreams_done_=177000 config.nstreams=400000 avg_latency=1.2008 ms avg throuhgput (requests/sec) = 552.1209 res=false
*==== INFO ====*  stream_id=709996 latency=1.198348 ms (tx_ts=87463185043083, rx_ts=87463186241431) request_id=6978159 zil_blk_id=709996 ccf_commit_seqno=6978160 nstreams_done_=177500 config.nstreams=400000 avg_latency=1.2006 ms avg throuhgput (requests/sec) = 552.2046 res=false
*==== INFO ====*  stream_id=711996 latency=1.286686 ms (tx_ts=87464052196722, rx_ts=87464053483408) request_id=6995863 zil_blk_id=711996 ccf_commit_seqno=6995867 nstreams_done_=178000 config.nstreams=400000 avg_latency=1.2006 ms avg throuhgput (requests/sec) = 552.2701 res=false
*==== INFO ====*  stream_id=713996 latency=1.082605 ms (tx_ts=87464940827119, rx_ts=87464941909724) request_id=7015452 zil_blk_id=713996 ccf_commit_seqno=7015455 nstreams_done_=178500 config.nstreams=400000 avg_latency=1.2004 ms avg throuhgput (requests/sec) = 552.2990 res=false
*==== INFO ====*  stream_id=715996 latency=0.826636 ms (tx_ts=87465811150933, rx_ts=87465811977569) request_id=7034239 zil_blk_id=715996 ccf_commit_seqno=7034243 nstreams_done_=179000 config.nstreams=400000 avg_latency=1.2001 ms avg throuhgput (requests/sec) = 552.3591 res=false
*==== INFO ====*  stream_id=717996 latency=0.962208 ms (tx_ts=87466654892323, rx_ts=87466655854531) request_id=7052321 zil_blk_id=717996 ccf_commit_seqno=7052323 nstreams_done_=179500 config.nstreams=400000 avg_latency=1.1999 ms avg throuhgput (requests/sec) = 552.4634 res=false
*==== INFO ====*  stream_id=719996 latency=0.959363 ms (tx_ts=87467561765382, rx_ts=87467562724745) request_id=7071662 zil_blk_id=719996 ccf_commit_seqno=7071664 nstreams_done_=180000 config.nstreams=400000 avg_latency=1.1998 ms avg throuhgput (requests/sec) = 552.4603 res=false
*==== INFO ====*  stream_id=721996 latency=0.806573 ms (tx_ts=87468438755486, rx_ts=87468439562059) request_id=7089564 zil_blk_id=721996 ccf_commit_seqno=7089564 nstreams_done_=180500 config.nstreams=400000 avg_latency=1.1998 ms avg throuhgput (requests/sec) = 552.5080 res=false
*==== INFO ====*  stream_id=723996 latency=1.078870 ms (tx_ts=87469325723295, rx_ts=87469326802165) request_id=7108314 zil_blk_id=723996 ccf_commit_seqno=7108314 nstreams_done_=181000 config.nstreams=400000 avg_latency=1.1996 ms avg throuhgput (requests/sec) = 552.5378 res=false
*==== INFO ====*  stream_id=725996 latency=1.376345 ms (tx_ts=87470225670435, rx_ts=87470227046780) request_id=7126745 zil_blk_id=725996 ccf_commit_seqno=7126748 nstreams_done_=181500 config.nstreams=400000 avg_latency=1.1996 ms avg throuhgput (requests/sec) = 552.5457 res=false
*==== INFO ====*  stream_id=727996 latency=1.321434 ms (tx_ts=87471138386787, rx_ts=87471139708221) request_id=7145685 zil_blk_id=727996 ccf_commit_seqno=7145695 nstreams_done_=182000 config.nstreams=400000 avg_latency=1.1997 ms avg throuhgput (requests/sec) = 552.5327 res=false
*==== INFO ====*  stream_id=729996 latency=1.423149 ms (tx_ts=87471994609278, rx_ts=87471996032427) request_id=7164571 zil_blk_id=729996 ccf_commit_seqno=7164574 nstreams_done_=182500 config.nstreams=400000 avg_latency=1.1994 ms avg throuhgput (requests/sec) = 552.6140 res=false
*==== INFO ====*  stream_id=731996 latency=1.225412 ms (tx_ts=87472912302032, rx_ts=87472913527444) request_id=7183329 zil_blk_id=731996 ccf_commit_seqno=7183333 nstreams_done_=183000 config.nstreams=400000 avg_latency=1.1994 ms avg throuhgput (requests/sec) = 552.5928 res=false
*==== INFO ====*  stream_id=733996 latency=1.678900 ms (tx_ts=87473849516578, rx_ts=87473851195478) request_id=7201887 zil_blk_id=733996 ccf_commit_seqno=7201897 nstreams_done_=183500 config.nstreams=400000 avg_latency=1.1996 ms avg throuhgput (requests/sec) = 552.5382 res=false
*==== INFO ====*  stream_id=735996 latency=0.924928 ms (tx_ts=87474756397052, rx_ts=87474757321980) request_id=7220194 zil_blk_id=735996 ccf_commit_seqno=7220195 nstreams_done_=184000 config.nstreams=400000 avg_latency=1.1996 ms avg throuhgput (requests/sec) = 552.5361 res=false
*==== INFO ====*  stream_id=737996 latency=1.138492 ms (tx_ts=87475682930480, rx_ts=87475684068972) request_id=7239893 zil_blk_id=737996 ccf_commit_seqno=7239894 nstreams_done_=184500 config.nstreams=400000 avg_latency=1.1994 ms avg throuhgput (requests/sec) = 552.5000 res=false
*==== INFO ====*  stream_id=739996 latency=0.846489 ms (tx_ts=87476563695053, rx_ts=87476564541542) request_id=7258806 zil_blk_id=739996 ccf_commit_seqno=7258807 nstreams_done_=185000 config.nstreams=400000 avg_latency=1.1992 ms avg throuhgput (requests/sec) = 552.5405 res=false
*==== INFO ====*  stream_id=741996 latency=0.999590 ms (tx_ts=87477463452509, rx_ts=87477464452099) request_id=7277229 zil_blk_id=741996 ccf_commit_seqno=7277231 nstreams_done_=185500 config.nstreams=400000 avg_latency=1.1992 ms avg throuhgput (requests/sec) = 552.5487 res=false
*==== INFO ====*  stream_id=743996 latency=0.956329 ms (tx_ts=87478318930135, rx_ts=87478319886464) request_id=7295947 zil_blk_id=743996 ccf_commit_seqno=7295948 nstreams_done_=186000 config.nstreams=400000 avg_latency=1.1989 ms avg throuhgput (requests/sec) = 552.6299 res=false
*==== INFO ====*  stream_id=745996 latency=1.074109 ms (tx_ts=87479173898677, rx_ts=87479174972786) request_id=7314363 zil_blk_id=745996 ccf_commit_seqno=7314365 nstreams_done_=186500 config.nstreams=400000 avg_latency=1.1987 ms avg throuhgput (requests/sec) = 552.7113 res=false
*==== INFO ====*  stream_id=747996 latency=1.041727 ms (tx_ts=87480050045216, rx_ts=87480051086943) request_id=7333418 zil_blk_id=747996 ccf_commit_seqno=7333418 nstreams_done_=187000 config.nstreams=400000 avg_latency=1.1985 ms avg throuhgput (requests/sec) = 552.7578 res=false
*==== INFO ====*  stream_id=749996 latency=0.898810 ms (tx_ts=87480957646100, rx_ts=87480958544910) request_id=7351481 zil_blk_id=749996 ccf_commit_seqno=7351483 nstreams_done_=187500 config.nstreams=400000 avg_latency=1.1986 ms avg throuhgput (requests/sec) = 552.7531 res=false
*==== INFO ====*  stream_id=751996 latency=1.004562 ms (tx_ts=87481826205296, rx_ts=87481827209858) request_id=7370249 zil_blk_id=751996 ccf_commit_seqno=7370255 nstreams_done_=188000 config.nstreams=400000 avg_latency=1.1984 ms avg throuhgput (requests/sec) = 552.8115 res=false
*==== INFO ====*  stream_id=753996 latency=1.025376 ms (tx_ts=87482686855427, rx_ts=87482687880803) request_id=7388095 zil_blk_id=753996 ccf_commit_seqno=7388099 nstreams_done_=188500 config.nstreams=400000 avg_latency=1.1983 ms avg throuhgput (requests/sec) = 552.8825 res=false
*==== INFO ====*  stream_id=755996 latency=1.786738 ms (tx_ts=87483584369483, rx_ts=87483586156221) request_id=7406808 zil_blk_id=755996 ccf_commit_seqno=7406820 nstreams_done_=189000 config.nstreams=400000 avg_latency=1.1982 ms avg throuhgput (requests/sec) = 552.8923 res=false
*==== INFO ====*  stream_id=757996 latency=2.174423 ms (tx_ts=87484433321096, rx_ts=87484435495519) request_id=7425184 zil_blk_id=757996 ccf_commit_seqno=7425186 nstreams_done_=189500 config.nstreams=400000 avg_latency=1.1980 ms avg throuhgput (requests/sec) = 552.9810 res=false
*==== INFO ====*  stream_id=759996 latency=1.133050 ms (tx_ts=87485314898500, rx_ts=87485316031550) request_id=7443138 zil_blk_id=759996 ccf_commit_seqno=7443138 nstreams_done_=190000 config.nstreams=400000 avg_latency=1.1980 ms avg throuhgput (requests/sec) = 553.0191 res=false
*==== INFO ====*  stream_id=761996 latency=1.178053 ms (tx_ts=87486182299778, rx_ts=87486183477831) request_id=7461972 zil_blk_id=761996 ccf_commit_seqno=7461974 nstreams_done_=190500 config.nstreams=400000 avg_latency=1.1978 ms avg throuhgput (requests/sec) = 553.0780 res=false
*==== INFO ====*  stream_id=763996 latency=0.984185 ms (tx_ts=87487064651567, rx_ts=87487065635752) request_id=7480322 zil_blk_id=763996 ccf_commit_seqno=7480322 nstreams_done_=191000 config.nstreams=400000 avg_latency=1.1978 ms avg throuhgput (requests/sec) = 553.1130 res=false
*==== INFO ====*  stream_id=765996 latency=1.240303 ms (tx_ts=87487913681138, rx_ts=87487914921441) request_id=7498346 zil_blk_id=765996 ccf_commit_seqno=7498350 nstreams_done_=191500 config.nstreams=400000 avg_latency=1.1976 ms avg throuhgput (requests/sec) = 553.2004 res=false
*==== INFO ====*  stream_id=767996 latency=1.434567 ms (tx_ts=87488803127332, rx_ts=87488804561899) request_id=7518037 zil_blk_id=767996 ccf_commit_seqno=7518043 nstreams_done_=192000 config.nstreams=400000 avg_latency=1.1974 ms avg throuhgput (requests/sec) = 553.2230 res=false
*==== INFO ====*  stream_id=769996 latency=1.549247 ms (tx_ts=87489674127707, rx_ts=87489675676954) request_id=7536938 zil_blk_id=769996 ccf_commit_seqno=7536941 nstreams_done_=192500 config.nstreams=400000 avg_latency=1.1972 ms avg throuhgput (requests/sec) = 553.2750 res=false
*==== INFO ====*  stream_id=771996 latency=1.222076 ms (tx_ts=87490563896618, rx_ts=87490565118694) request_id=7555470 zil_blk_id=771996 ccf_commit_seqno=7555477 nstreams_done_=193000 config.nstreams=400000 avg_latency=1.1972 ms avg throuhgput (requests/sec) = 553.2976 res=false
*==== INFO ====*  stream_id=773996 latency=1.331553 ms (tx_ts=87491439348686, rx_ts=87491440680239) request_id=7574812 zil_blk_id=773996 ccf_commit_seqno=7574815 nstreams_done_=193500 config.nstreams=400000 avg_latency=1.1968 ms avg throuhgput (requests/sec) = 553.3421 res=false
*==== INFO ====*  stream_id=775996 latency=1.479667 ms (tx_ts=87492321166031, rx_ts=87492322645698) request_id=7592429 zil_blk_id=775996 ccf_commit_seqno=7592436 nstreams_done_=194000 config.nstreams=400000 avg_latency=1.1969 ms avg throuhgput (requests/sec) = 553.3763 res=false
*==== INFO ====*  stream_id=777996 latency=0.993348 ms (tx_ts=87493205450095, rx_ts=87493206443443) request_id=7612057 zil_blk_id=777996 ccf_commit_seqno=7612058 nstreams_done_=194500 config.nstreams=400000 avg_latency=1.1966 ms avg throuhgput (requests/sec) = 553.4074 res=false
*==== INFO ====*  stream_id=779996 latency=1.010552 ms (tx_ts=87494094517692, rx_ts=87494095528244) request_id=7631744 zil_blk_id=779996 ccf_commit_seqno=7631749 nstreams_done_=195000 config.nstreams=400000 avg_latency=1.1964 ms avg throuhgput (requests/sec) = 553.4300 res=false
*==== INFO ====*  stream_id=781996 latency=0.882640 ms (tx_ts=87494972636220, rx_ts=87494973518860) request_id=7650250 zil_blk_id=781996 ccf_commit_seqno=7650250 nstreams_done_=195500 config.nstreams=400000 avg_latency=1.1963 ms avg throuhgput (requests/sec) = 553.4699 res=false
*==== INFO ====*  stream_id=783996 latency=1.384801 ms (tx_ts=87495832263676, rx_ts=87495833648477) request_id=7668506 zil_blk_id=783996 ccf_commit_seqno=7668512 nstreams_done_=196000 config.nstreams=400000 avg_latency=1.1961 ms avg throuhgput (requests/sec) = 553.5375 res=false
*==== INFO ====*  stream_id=785996 latency=1.683869 ms (tx_ts=87496712758175, rx_ts=87496714442044) request_id=7686672 zil_blk_id=785996 ccf_commit_seqno=7686672 nstreams_done_=196500 config.nstreams=400000 avg_latency=1.1961 ms avg throuhgput (requests/sec) = 553.5726 res=false
*==== INFO ====*  stream_id=787996 latency=1.482490 ms (tx_ts=87497632908669, rx_ts=87497634391159) request_id=7705145 zil_blk_id=787996 ccf_commit_seqno=7705148 nstreams_done_=197000 config.nstreams=400000 avg_latency=1.1961 ms avg throuhgput (requests/sec) = 553.5466 res=false
*==== INFO ====*  stream_id=789996 latency=0.963442 ms (tx_ts=87498582108741, rx_ts=87498583072183) request_id=7724041 zil_blk_id=789996 ccf_commit_seqno=7724044 nstreams_done_=197500 config.nstreams=400000 avg_latency=1.1963 ms avg throuhgput (requests/sec) = 553.4761 res=false
*==== INFO ====*  stream_id=791996 latency=1.203731 ms (tx_ts=87499486750379, rx_ts=87499487954110) request_id=7742125 zil_blk_id=791996 ccf_commit_seqno=7742125 nstreams_done_=198000 config.nstreams=400000 avg_latency=1.1964 ms avg throuhgput (requests/sec) = 553.4738 res=false
*==== INFO ====*  stream_id=793996 latency=0.924132 ms (tx_ts=87500366020286, rx_ts=87500366944418) request_id=7762209 zil_blk_id=793996 ccf_commit_seqno=7762209 nstreams_done_=198500 config.nstreams=400000 avg_latency=1.1961 ms avg throuhgput (requests/sec) = 553.5114 res=false
*==== INFO ====*  stream_id=795996 latency=1.324637 ms (tx_ts=87501253590591, rx_ts=87501254915228) request_id=7781065 zil_blk_id=795996 ccf_commit_seqno=7781065 nstreams_done_=199000 config.nstreams=400000 avg_latency=1.1960 ms avg throuhgput (requests/sec) = 553.5351 res=false
*==== INFO ====*  stream_id=797996 latency=1.069580 ms (tx_ts=87502156238650, rx_ts=87502157308230) request_id=7800712 zil_blk_id=797996 ccf_commit_seqno=7800712 nstreams_done_=199500 config.nstreams=400000 avg_latency=1.1958 ms avg throuhgput (requests/sec) = 553.5364 res=false
*==== INFO ====*  stream_id=799996 latency=1.989982 ms (tx_ts=87503038266460, rx_ts=87503040256442) request_id=7818004 zil_blk_id=799996 ccf_commit_seqno=7818010 nstreams_done_=200000 config.nstreams=400000 avg_latency=1.1959 ms avg throuhgput (requests/sec) = 553.5676 res=false
*==== INFO ====*  stream_id=801996 latency=0.915041 ms (tx_ts=87503904216894, rx_ts=87503905131935) request_id=7836510 zil_blk_id=801996 ccf_commit_seqno=7836510 nstreams_done_=200500 config.nstreams=400000 avg_latency=1.1957 ms avg throuhgput (requests/sec) = 553.6262 res=false
*==== INFO ====*  stream_id=803996 latency=1.957731 ms (tx_ts=87504816516003, rx_ts=87504818473734) request_id=7854936 zil_blk_id=803996 ccf_commit_seqno=7854946 nstreams_done_=201000 config.nstreams=400000 avg_latency=1.1957 ms avg throuhgput (requests/sec) = 553.6107 res=false
*==== INFO ====*  stream_id=805996 latency=1.068588 ms (tx_ts=87505760037414, rx_ts=87505761106002) request_id=7872906 zil_blk_id=805996 ccf_commit_seqno=7872908 nstreams_done_=201500 config.nstreams=400000 avg_latency=1.1961 ms avg throuhgput (requests/sec) = 553.5506 res=false
*==== INFO ====*  stream_id=807996 latency=1.026854 ms (tx_ts=87506628042139, rx_ts=87506629068993) request_id=7891853 zil_blk_id=807996 ccf_commit_seqno=7891853 nstreams_done_=202000 config.nstreams=400000 avg_latency=1.1958 ms avg throuhgput (requests/sec) = 553.6042 res=false
*==== INFO ====*  stream_id=809996 latency=1.204202 ms (tx_ts=87507512034151, rx_ts=87507513238353) request_id=7910192 zil_blk_id=809996 ccf_commit_seqno=7910195 nstreams_done_=202500 config.nstreams=400000 avg_latency=1.1958 ms avg throuhgput (requests/sec) = 553.6329 res=false
*==== INFO ====*  stream_id=811996 latency=1.713735 ms (tx_ts=87508376504333, rx_ts=87508378218068) request_id=7927766 zil_blk_id=811996 ccf_commit_seqno=7927773 nstreams_done_=203000 config.nstreams=400000 avg_latency=1.1958 ms avg throuhgput (requests/sec) = 553.6905 res=false
*==== INFO ====*  stream_id=813996 latency=1.260778 ms (tx_ts=87509242508617, rx_ts=87509243769395) request_id=7946519 zil_blk_id=813996 ccf_commit_seqno=7946522 nstreams_done_=203500 config.nstreams=400000 avg_latency=1.1955 ms avg throuhgput (requests/sec) = 553.7470 res=false
*==== INFO ====*  stream_id=815996 latency=1.173286 ms (tx_ts=87510143852263, rx_ts=87510145025549) request_id=7965728 zil_blk_id=815996 ccf_commit_seqno=7965729 nstreams_done_=204000 config.nstreams=400000 avg_latency=1.1955 ms avg throuhgput (requests/sec) = 553.7495 res=false
*==== INFO ====*  stream_id=817996 latency=0.861730 ms (tx_ts=87511041906250, rx_ts=87511042767980) request_id=7984562 zil_blk_id=817996 ccf_commit_seqno=7984563 nstreams_done_=204500 config.nstreams=400000 avg_latency=1.1954 ms avg throuhgput (requests/sec) = 553.7573 res=false
*==== INFO ====*  stream_id=819996 latency=0.879114 ms (tx_ts=87511965872263, rx_ts=87511966751377) request_id=8003486 zil_blk_id=819996 ccf_commit_seqno=8003486 nstreams_done_=205000 config.nstreams=400000 avg_latency=1.1954 ms avg throuhgput (requests/sec) = 553.7258 res=false
*==== INFO ====*  stream_id=821996 latency=0.992010 ms (tx_ts=87512826041745, rx_ts=87512827033755) request_id=8022066 zil_blk_id=821996 ccf_commit_seqno=8022069 nstreams_done_=205500 config.nstreams=400000 avg_latency=1.1951 ms avg throuhgput (requests/sec) = 553.7895 res=false
*==== INFO ====*  stream_id=823996 latency=1.226083 ms (tx_ts=87513751728468, rx_ts=87513752954551) request_id=8040492 zil_blk_id=823996 ccf_commit_seqno=8040495 nstreams_done_=206000 config.nstreams=400000 avg_latency=1.1953 ms avg throuhgput (requests/sec) = 553.7552 res=false
*==== INFO ====*  stream_id=825996 latency=0.830640 ms (tx_ts=87514651239185, rx_ts=87514652069825) request_id=8060002 zil_blk_id=825996 ccf_commit_seqno=8060004 nstreams_done_=206500 config.nstreams=400000 avg_latency=1.1952 ms avg throuhgput (requests/sec) = 553.7609 res=false
*==== INFO ====*  stream_id=827996 latency=1.304680 ms (tx_ts=87515520645270, rx_ts=87515521949950) request_id=8079211 zil_blk_id=827996 ccf_commit_seqno=8079212 nstreams_done_=207000 config.nstreams=400000 avg_latency=1.1950 ms avg throuhgput (requests/sec) = 553.8098 res=false
*==== INFO ====*  stream_id=829996 latency=1.067857 ms (tx_ts=87516456684957, rx_ts=87516457752814) request_id=8098335 zil_blk_id=829996 ccf_commit_seqno=8098339 nstreams_done_=207500 config.nstreams=400000 avg_latency=1.1951 ms avg throuhgput (requests/sec) = 553.7611 res=false
*==== INFO ====*  stream_id=831996 latency=1.271690 ms (tx_ts=87517331531162, rx_ts=87517332802852) request_id=8116878 zil_blk_id=831996 ccf_commit_seqno=8116883 nstreams_done_=208000 config.nstreams=400000 avg_latency=1.1949 ms avg throuhgput (requests/sec) = 553.8022 res=false
*==== INFO ====*  stream_id=833996 latency=1.125601 ms (tx_ts=87518245623699, rx_ts=87518246749300) request_id=8135407 zil_blk_id=833996 ccf_commit_seqno=8135410 nstreams_done_=208500 config.nstreams=400000 avg_latency=1.1949 ms avg throuhgput (requests/sec) = 553.7859 res=false
*==== INFO ====*  stream_id=835996 latency=1.730845 ms (tx_ts=87519123729564, rx_ts=87519125460409) request_id=8153367 zil_blk_id=835996 ccf_commit_seqno=8153380 nstreams_done_=209000 config.nstreams=400000 avg_latency=1.1950 ms avg throuhgput (requests/sec) = 553.8213 res=false
*==== INFO ====*  stream_id=837996 latency=0.864046 ms (tx_ts=87520008462320, rx_ts=87520009326366) request_id=8172185 zil_blk_id=837996 ccf_commit_seqno=8172187 nstreams_done_=209500 config.nstreams=400000 avg_latency=1.1949 ms avg throuhgput (requests/sec) = 553.8491 res=false
*==== INFO ====*  stream_id=839996 latency=0.764102 ms (tx_ts=87520913149439, rx_ts=87520913913541) request_id=8191214 zil_blk_id=839996 ccf_commit_seqno=8191215 nstreams_done_=210000 config.nstreams=400000 avg_latency=1.1948 ms avg throuhgput (requests/sec) = 553.8464 res=false
*==== INFO ====*  stream_id=841996 latency=1.638892 ms (tx_ts=87521823564142, rx_ts=87521825203034) request_id=8210024 zil_blk_id=841996 ccf_commit_seqno=8210044 nstreams_done_=210500 config.nstreams=400000 avg_latency=1.1948 ms avg throuhgput (requests/sec) = 553.8340 res=false
*==== INFO ====*  stream_id=843996 latency=0.922080 ms (tx_ts=87522715265051, rx_ts=87522716187131) request_id=8229123 zil_blk_id=843996 ccf_commit_seqno=8229126 nstreams_done_=211000 config.nstreams=400000 avg_latency=1.1946 ms avg throuhgput (requests/sec) = 553.8512 res=false
*==== INFO ====*  stream_id=845996 latency=0.825130 ms (tx_ts=87523597199946, rx_ts=87523598025076) request_id=8247488 zil_blk_id=845996 ccf_commit_seqno=8247492 nstreams_done_=211500 config.nstreams=400000 avg_latency=1.1945 ms avg throuhgput (requests/sec) = 553.8816 res=false
*==== INFO ====*  stream_id=847996 latency=0.990963 ms (tx_ts=87524446093373, rx_ts=87524447084336) request_id=8265816 zil_blk_id=847996 ccf_commit_seqno=8265817 nstreams_done_=212000 config.nstreams=400000 avg_latency=1.1942 ms avg throuhgput (requests/sec) = 553.9592 res=false
*==== INFO ====*  stream_id=849996 latency=1.680868 ms (tx_ts=87525320345954, rx_ts=87525322026822) request_id=8284681 zil_blk_id=849996 ccf_commit_seqno=8284702 nstreams_done_=212500 config.nstreams=400000 avg_latency=1.1940 ms avg throuhgput (requests/sec) = 553.9992 res=false
*==== INFO ====*  stream_id=851996 latency=1.010289 ms (tx_ts=87526230468203, rx_ts=87526231478492) request_id=8303835 zil_blk_id=851996 ccf_commit_seqno=8303840 nstreams_done_=213000 config.nstreams=400000 avg_latency=1.1940 ms avg throuhgput (requests/sec) = 553.9892 res=false
*==== INFO ====*  stream_id=853996 latency=0.904381 ms (tx_ts=87527073648061, rx_ts=87527074552442) request_id=8322249 zil_blk_id=853996 ccf_commit_seqno=8322249 nstreams_done_=213500 config.nstreams=400000 avg_latency=1.1937 ms avg throuhgput (requests/sec) = 554.0747 res=false
*==== INFO ====*  stream_id=855996 latency=1.037449 ms (tx_ts=87527915029925, rx_ts=87527916067374) request_id=8340617 zil_blk_id=855996 ccf_commit_seqno=8340618 nstreams_done_=214000 config.nstreams=400000 avg_latency=1.1935 ms avg throuhgput (requests/sec) = 554.1620 res=false
*==== INFO ====*  stream_id=857996 latency=1.029661 ms (tx_ts=87528759256607, rx_ts=87528760286268) request_id=8358399 zil_blk_id=857996 ccf_commit_seqno=8358400 nstreams_done_=214500 config.nstreams=400000 avg_latency=1.1934 ms avg throuhgput (requests/sec) = 554.2452 res=false
*==== INFO ====*  stream_id=859996 latency=1.353093 ms (tx_ts=87529634085752, rx_ts=87529635438845) request_id=8376591 zil_blk_id=859996 ccf_commit_seqno=8376597 nstreams_done_=215000 config.nstreams=400000 avg_latency=1.1933 ms avg throuhgput (requests/sec) = 554.2837 res=false
*==== INFO ====*  stream_id=861996 latency=0.973799 ms (tx_ts=87530729730779, rx_ts=87530730704578) request_id=8395687 zil_blk_id=861996 ccf_commit_seqno=8395687 nstreams_done_=215500 config.nstreams=400000 avg_latency=1.1941 ms avg throuhgput (requests/sec) = 554.0084 res=false
*==== INFO ====*  stream_id=863996 latency=1.251964 ms (tx_ts=87531646843581, rx_ts=87531648095545) request_id=8414086 zil_blk_id=863996 ccf_commit_seqno=8414092 nstreams_done_=216000 config.nstreams=400000 avg_latency=1.1942 ms avg throuhgput (requests/sec) = 553.9873 res=false
*==== INFO ====*  stream_id=865996 latency=1.850786 ms (tx_ts=87532492263178, rx_ts=87532494113964) request_id=8431815 zil_blk_id=865996 ccf_commit_seqno=8431841 nstreams_done_=216500 config.nstreams=400000 avg_latency=1.1941 ms avg throuhgput (requests/sec) = 554.0674 res=false
*==== INFO ====*  stream_id=867996 latency=0.984959 ms (tx_ts=87533369863874, rx_ts=87533370848833) request_id=8449807 zil_blk_id=867996 ccf_commit_seqno=8449813 nstreams_done_=217000 config.nstreams=400000 avg_latency=1.1941 ms avg throuhgput (requests/sec) = 554.1037 res=false
*==== INFO ====*  stream_id=869996 latency=1.457071 ms (tx_ts=87534249492097, rx_ts=87534250949168) request_id=8468418 zil_blk_id=869996 ccf_commit_seqno=8468436 nstreams_done_=217500 config.nstreams=400000 avg_latency=1.1940 ms avg throuhgput (requests/sec) = 554.1352 res=false
*==== INFO ====*  stream_id=871996 latency=1.359978 ms (tx_ts=87535133907848, rx_ts=87535135267826) request_id=8487632 zil_blk_id=871996 ccf_commit_seqno=8487644 nstreams_done_=218000 config.nstreams=400000 avg_latency=1.1938 ms avg throuhgput (requests/sec) = 554.1605 res=false
*==== INFO ====*  stream_id=873996 latency=0.843809 ms (tx_ts=87536057918779, rx_ts=87536058762588) request_id=8505678 zil_blk_id=873996 ccf_commit_seqno=8505679 nstreams_done_=218500 config.nstreams=400000 avg_latency=1.1940 ms avg throuhgput (requests/sec) = 554.1307 res=false
*==== INFO ====*  stream_id=875996 latency=1.456855 ms (tx_ts=87536937363238, rx_ts=87536938820093) request_id=8526114 zil_blk_id=875996 ccf_commit_seqno=8526122 nstreams_done_=219000 config.nstreams=400000 avg_latency=1.1937 ms avg throuhgput (requests/sec) = 554.1619 res=false
*==== INFO ====*  stream_id=877996 latency=1.399425 ms (tx_ts=87537839042751, rx_ts=87537840442176) request_id=8545846 zil_blk_id=877996 ccf_commit_seqno=8545857 nstreams_done_=219500 config.nstreams=400000 avg_latency=1.1935 ms avg throuhgput (requests/sec) = 554.1628 res=false
*==== INFO ====*  stream_id=879996 latency=1.002545 ms (tx_ts=87538708344164, rx_ts=87538709346709) request_id=8563533 zil_blk_id=879996 ccf_commit_seqno=8563537 nstreams_done_=220000 config.nstreams=400000 avg_latency=1.1934 ms avg throuhgput (requests/sec) = 554.2093 res=false
*==== INFO ====*  stream_id=881996 latency=0.888151 ms (tx_ts=87539582375491, rx_ts=87539583263642) request_id=8582152 zil_blk_id=881996 ccf_commit_seqno=8582154 nstreams_done_=220500 config.nstreams=400000 avg_latency=1.1934 ms avg throuhgput (requests/sec) = 554.2487 res=false
*==== INFO ====*  stream_id=883996 latency=1.229660 ms (tx_ts=87540476164180, rx_ts=87540477393840) request_id=8600216 zil_blk_id=883996 ccf_commit_seqno=8600216 nstreams_done_=221000 config.nstreams=400000 avg_latency=1.1934 ms avg throuhgput (requests/sec) = 554.2598 res=false
*==== INFO ====*  stream_id=885996 latency=0.719661 ms (tx_ts=87541333506897, rx_ts=87541334226558) request_id=8619190 zil_blk_id=885996 ccf_commit_seqno=8619190 nstreams_done_=221500 config.nstreams=400000 avg_latency=1.1932 ms avg throuhgput (requests/sec) = 554.3226 res=false
*==== INFO ====*  stream_id=887996 latency=1.071714 ms (tx_ts=87542231782110, rx_ts=87542232853824) request_id=8638021 zil_blk_id=887996 ccf_commit_seqno=8638024 nstreams_done_=222000 config.nstreams=400000 avg_latency=1.1932 ms avg throuhgput (requests/sec) = 554.3273 res=false
*==== INFO ====*  stream_id=889996 latency=1.223376 ms (tx_ts=87543110602880, rx_ts=87543111826256) request_id=8657181 zil_blk_id=889996 ccf_commit_seqno=8657185 nstreams_done_=222500 config.nstreams=400000 avg_latency=1.1930 ms avg throuhgput (requests/sec) = 554.3591 res=false
*==== INFO ====*  stream_id=891996 latency=1.770431 ms (tx_ts=87544020986399, rx_ts=87544022756830) request_id=8676330 zil_blk_id=891996 ccf_commit_seqno=8676336 nstreams_done_=223000 config.nstreams=400000 avg_latency=1.1930 ms avg throuhgput (requests/sec) = 554.3467 res=false
*==== INFO ====*  stream_id=893996 latency=0.982998 ms (tx_ts=87544918457374, rx_ts=87544919440372) request_id=8695976 zil_blk_id=893996 ccf_commit_seqno=8695976 nstreams_done_=223500 config.nstreams=400000 avg_latency=1.1928 ms avg throuhgput (requests/sec) = 554.3540 res=false
*==== INFO ====*  stream_id=895996 latency=1.665336 ms (tx_ts=87545779390543, rx_ts=87545781055879) request_id=8714485 zil_blk_id=895996 ccf_commit_seqno=8714491 nstreams_done_=224000 config.nstreams=400000 avg_latency=1.1927 ms avg throuhgput (requests/sec) = 554.4093 res=false
*==== INFO ====*  stream_id=897996 latency=1.539121 ms (tx_ts=87546603629333, rx_ts=87546605168454) request_id=8732272 zil_blk_id=897996 ccf_commit_seqno=8732278 nstreams_done_=224500 config.nstreams=400000 avg_latency=1.1925 ms avg throuhgput (requests/sec) = 554.5158 res=false
*==== INFO ====*  stream_id=899996 latency=1.071964 ms (tx_ts=87547533636610, rx_ts=87547534708574) request_id=8751805 zil_blk_id=899996 ccf_commit_seqno=8751808 nstreams_done_=225000 config.nstreams=400000 avg_latency=1.1925 ms avg throuhgput (requests/sec) = 554.4777 res=false
*==== INFO ====*  stream_id=901996 latency=1.163221 ms (tx_ts=87548401404695, rx_ts=87548402567916) request_id=8769822 zil_blk_id=901996 ccf_commit_seqno=8769825 nstreams_done_=225500 config.nstreams=400000 avg_latency=1.1925 ms avg throuhgput (requests/sec) = 554.5239 res=false
*==== INFO ====*  stream_id=903996 latency=0.786266 ms (tx_ts=87549261369124, rx_ts=87549262155390) request_id=8788704 zil_blk_id=903996 ccf_commit_seqno=8788704 nstreams_done_=226000 config.nstreams=400000 avg_latency=1.1923 ms avg throuhgput (requests/sec) = 554.5812 res=false
*==== INFO ====*  stream_id=905996 latency=1.209482 ms (tx_ts=87550134710224, rx_ts=87550135919706) request_id=8807324 zil_blk_id=905996 ccf_commit_seqno=8807327 nstreams_done_=226500 config.nstreams=400000 avg_latency=1.1922 ms avg throuhgput (requests/sec) = 554.6190 res=false
*==== INFO ====*  stream_id=907996 latency=0.820838 ms (tx_ts=87551038873417, rx_ts=87551039694255) request_id=8826216 zil_blk_id=907996 ccf_commit_seqno=8826216 nstreams_done_=227000 config.nstreams=400000 avg_latency=1.1923 ms avg throuhgput (requests/sec) = 554.6159 res=false
*==== INFO ====*  stream_id=909996 latency=1.248113 ms (tx_ts=87551901833323, rx_ts=87551903081436) request_id=8845153 zil_blk_id=909996 ccf_commit_seqno=8845155 nstreams_done_=227500 config.nstreams=400000 avg_latency=1.1921 ms avg throuhgput (requests/sec) = 554.6675 res=false
*==== INFO ====*  stream_id=911996 latency=1.805540 ms (tx_ts=87552809096147, rx_ts=87552810901687) request_id=8863455 zil_blk_id=911996 ccf_commit_seqno=8863458 nstreams_done_=228000 config.nstreams=400000 avg_latency=1.1922 ms avg throuhgput (requests/sec) = 554.6589 res=false
*==== INFO ====*  stream_id=913996 latency=0.898366 ms (tx_ts=87553617610990, rx_ts=87553618509356) request_id=8881593 zil_blk_id=913996 ccf_commit_seqno=8881593 nstreams_done_=228500 config.nstreams=400000 avg_latency=1.1918 ms avg throuhgput (requests/sec) = 554.7853 res=false
*==== INFO ====*  stream_id=915996 latency=0.816766 ms (tx_ts=87554487134344, rx_ts=87554487951110) request_id=8899208 zil_blk_id=915996 ccf_commit_seqno=8899208 nstreams_done_=229000 config.nstreams=400000 avg_latency=1.1918 ms avg throuhgput (requests/sec) = 554.8280 res=false
*==== INFO ====*  stream_id=917996 latency=1.195501 ms (tx_ts=87555381731655, rx_ts=87555382927156) request_id=8917719 zil_blk_id=917996 ccf_commit_seqno=8917725 nstreams_done_=229500 config.nstreams=400000 avg_latency=1.1919 ms avg throuhgput (requests/sec) = 554.8363 res=false
*==== INFO ====*  stream_id=919996 latency=0.806696 ms (tx_ts=87556231695132, rx_ts=87556232501828) request_id=8935228 zil_blk_id=919996 ccf_commit_seqno=8935228 nstreams_done_=230000 config.nstreams=400000 avg_latency=1.1918 ms avg throuhgput (requests/sec) = 554.9054 res=false
*==== INFO ====*  stream_id=921996 latency=1.905645 ms (tx_ts=87557067598150, rx_ts=87557069503795) request_id=8952766 zil_blk_id=921996 ccf_commit_seqno=8952770 nstreams_done_=230500 config.nstreams=400000 avg_latency=1.1917 ms avg throuhgput (requests/sec) = 554.9910 res=false
*==== INFO ====*  stream_id=923996 latency=0.889016 ms (tx_ts=87557901993818, rx_ts=87557902882834) request_id=8970111 zil_blk_id=923996 ccf_commit_seqno=8970113 nstreams_done_=231000 config.nstreams=400000 avg_latency=1.1916 ms avg throuhgput (requests/sec) = 555.0810 res=false
*==== INFO ====*  stream_id=925996 latency=1.212245 ms (tx_ts=87558791653260, rx_ts=87558792865505) request_id=8988645 zil_blk_id=925996 ccf_commit_seqno=8988651 nstreams_done_=231500 config.nstreams=400000 avg_latency=1.1915 ms avg throuhgput (requests/sec) = 555.0954 res=false
*==== INFO ====*  stream_id=927996 latency=0.901666 ms (tx_ts=87559708406038, rx_ts=87559709307704) request_id=9007390 zil_blk_id=927996 ccf_commit_seqno=9007392 nstreams_done_=232000 config.nstreams=400000 avg_latency=1.1915 ms avg throuhgput (requests/sec) = 555.0746 res=false
*==== INFO ====*  stream_id=929996 latency=1.440220 ms (tx_ts=87560568966216, rx_ts=87560570406436) request_id=9026839 zil_blk_id=929996 ccf_commit_seqno=9026847 nstreams_done_=232500 config.nstreams=400000 avg_latency=1.1912 ms avg throuhgput (requests/sec) = 555.1271 res=false
*==== INFO ====*  stream_id=931996 latency=1.089177 ms (tx_ts=87561484184491, rx_ts=87561485273668) request_id=9046376 zil_blk_id=931996 ccf_commit_seqno=9046380 nstreams_done_=233000 config.nstreams=400000 avg_latency=1.1911 ms avg throuhgput (requests/sec) = 555.1084 res=false
*==== INFO ====*  stream_id=933996 latency=1.078277 ms (tx_ts=87562391204646, rx_ts=87562392282923) request_id=9066413 zil_blk_id=933996 ccf_commit_seqno=9066418 nstreams_done_=233500 config.nstreams=400000 avg_latency=1.1910 ms avg throuhgput (requests/sec) = 555.1001 res=false
*==== INFO ====*  stream_id=935996 latency=0.948136 ms (tx_ts=87563273781780, rx_ts=87563274729916) request_id=9084613 zil_blk_id=935996 ccf_commit_seqno=9084615 nstreams_done_=234000 config.nstreams=400000 avg_latency=1.1910 ms avg throuhgput (requests/sec) = 555.1242 res=false
*==== INFO ====*  stream_id=937996 latency=0.973083 ms (tx_ts=87564166684292, rx_ts=87564167657375) request_id=9104001 zil_blk_id=937996 ccf_commit_seqno=9104003 nstreams_done_=234500 config.nstreams=400000 avg_latency=1.1909 ms avg throuhgput (requests/sec) = 555.1344 res=false
*==== INFO ====*  stream_id=939996 latency=1.498405 ms (tx_ts=87565069419642, rx_ts=87565070918047) request_id=9122724 zil_blk_id=939996 ccf_commit_seqno=9122732 nstreams_done_=235000 config.nstreams=400000 avg_latency=1.1908 ms avg throuhgput (requests/sec) = 555.1310 res=false
*==== INFO ====*  stream_id=941996 latency=0.761714 ms (tx_ts=87565930489917, rx_ts=87565931251631) request_id=9141797 zil_blk_id=941996 ccf_commit_seqno=9141797 nstreams_done_=235500 config.nstreams=400000 avg_latency=1.1906 ms avg throuhgput (requests/sec) = 555.1838 res=false
*==== INFO ====*  stream_id=943996 latency=1.267650 ms (tx_ts=87566799274016, rx_ts=87566800541666) request_id=9161017 zil_blk_id=943996 ccf_commit_seqno=9161019 nstreams_done_=236000 config.nstreams=400000 avg_latency=1.1904 ms avg throuhgput (requests/sec) = 555.2247 res=false
*==== INFO ====*  stream_id=945996 latency=0.867132 ms (tx_ts=87567737322979, rx_ts=87567738190111) request_id=9179132 zil_blk_id=945996 ccf_commit_seqno=9179135 nstreams_done_=236500 config.nstreams=400000 avg_latency=1.1906 ms avg throuhgput (requests/sec) = 555.1764 res=false
*==== INFO ====*  stream_id=947996 latency=0.960533 ms (tx_ts=87568619642650, rx_ts=87568620603183) request_id=9199056 zil_blk_id=947996 ccf_commit_seqno=9199058 nstreams_done_=237000 config.nstreams=400000 avg_latency=1.1904 ms avg throuhgput (requests/sec) = 555.2000 res=false
*==== INFO ====*  stream_id=949996 latency=0.815796 ms (tx_ts=87569541536916, rx_ts=87569542352712) request_id=9217462 zil_blk_id=949996 ccf_commit_seqno=9217464 nstreams_done_=237500 config.nstreams=400000 avg_latency=1.1905 ms avg throuhgput (requests/sec) = 555.1726 res=false
*==== INFO ====*  stream_id=951996 latency=0.853069 ms (tx_ts=87570424266529, rx_ts=87570425119598) request_id=9236439 zil_blk_id=951996 ccf_commit_seqno=9236440 nstreams_done_=238000 config.nstreams=400000 avg_latency=1.1904 ms avg throuhgput (requests/sec) = 555.1957 res=false
*==== INFO ====*  stream_id=953996 latency=1.499935 ms (tx_ts=87571300960275, rx_ts=87571302460210) request_id=9254241 zil_blk_id=953996 ccf_commit_seqno=9254250 nstreams_done_=238500 config.nstreams=400000 avg_latency=1.1904 ms avg throuhgput (requests/sec) = 555.2257 res=false
*==== INFO ====*  stream_id=955996 latency=1.087855 ms (tx_ts=87572098075635, rx_ts=87572099163490) request_id=9272486 zil_blk_id=955996 ccf_commit_seqno=9272491 nstreams_done_=239000 config.nstreams=400000 avg_latency=1.1900 ms avg throuhgput (requests/sec) = 555.3597 res=false
*==== INFO ====*  stream_id=957996 latency=0.858883 ms (tx_ts=87572973133416, rx_ts=87572973992299) request_id=9290975 zil_blk_id=957996 ccf_commit_seqno=9290975 nstreams_done_=239500 config.nstreams=400000 avg_latency=1.1899 ms avg throuhgput (requests/sec) = 555.3925 res=false
*==== INFO ====*  stream_id=959996 latency=1.282054 ms (tx_ts=87573858479965, rx_ts=87573859762019) request_id=9309522 zil_blk_id=959996 ccf_commit_seqno=9309525 nstreams_done_=240000 config.nstreams=400000 avg_latency=1.1899 ms avg throuhgput (requests/sec) = 555.4111 res=false
*==== INFO ====*  stream_id=961996 latency=1.253157 ms (tx_ts=87574718995367, rx_ts=87574720248524) request_id=9328023 zil_blk_id=961996 ccf_commit_seqno=9328023 nstreams_done_=240500 config.nstreams=400000 avg_latency=1.1897 ms avg throuhgput (requests/sec) = 555.4621 res=false
*==== INFO ====*  stream_id=963996 latency=0.905013 ms (tx_ts=87575626754801, rx_ts=87575627659814) request_id=9346110 zil_blk_id=963996 ccf_commit_seqno=9346111 nstreams_done_=241000 config.nstreams=400000 avg_latency=1.1899 ms avg throuhgput (requests/sec) = 555.4528 res=false
*==== INFO ====*  stream_id=965996 latency=1.014267 ms (tx_ts=87576581916119, rx_ts=87576582930386) request_id=9365647 zil_blk_id=965996 ccf_commit_seqno=9365652 nstreams_done_=241500 config.nstreams=400000 avg_latency=1.1899 ms avg throuhgput (requests/sec) = 555.3824 res=false
*==== INFO ====*  stream_id=967996 latency=1.249066 ms (tx_ts=87577470983766, rx_ts=87577472232832) request_id=9383803 zil_blk_id=967996 ccf_commit_seqno=9383804 nstreams_done_=242000 config.nstreams=400000 avg_latency=1.1900 ms avg throuhgput (requests/sec) = 555.3964 res=false
*==== INFO ====*  stream_id=969996 latency=0.926623 ms (tx_ts=87578372949992, rx_ts=87578373876615) request_id=9402168 zil_blk_id=969996 ccf_commit_seqno=9402168 nstreams_done_=242500 config.nstreams=400000 avg_latency=1.1900 ms avg throuhgput (requests/sec) = 555.3947 res=false
*==== INFO ====*  stream_id=971996 latency=1.246201 ms (tx_ts=87579221199475, rx_ts=87579222445676) request_id=9421645 zil_blk_id=971996 ccf_commit_seqno=9421650 nstreams_done_=243000 config.nstreams=400000 avg_latency=1.1897 ms avg throuhgput (requests/sec) = 555.4603 res=false
*==== INFO ====*  stream_id=973996 latency=0.959205 ms (tx_ts=87580125799851, rx_ts=87580126759056) request_id=9440151 zil_blk_id=973996 ccf_commit_seqno=9440153 nstreams_done_=243500 config.nstreams=400000 avg_latency=1.1897 ms avg throuhgput (requests/sec) = 555.4550 res=false
*==== INFO ====*  stream_id=975996 latency=1.403796 ms (tx_ts=87581013705232, rx_ts=87581015109028) request_id=9458689 zil_blk_id=975996 ccf_commit_seqno=9458698 nstreams_done_=244000 config.nstreams=400000 avg_latency=1.1898 ms avg throuhgput (requests/sec) = 555.4700 res=false
*==== INFO ====*  stream_id=977996 latency=0.917417 ms (tx_ts=87581894571100, rx_ts=87581895488517) request_id=9476849 zil_blk_id=977996 ccf_commit_seqno=9476851 nstreams_done_=244500 config.nstreams=400000 avg_latency=1.1897 ms avg throuhgput (requests/sec) = 555.4949 res=false
*==== INFO ====*  stream_id=979996 latency=1.690209 ms (tx_ts=87582721456379, rx_ts=87582723146588) request_id=9494279 zil_blk_id=979996 ccf_commit_seqno=9494280 nstreams_done_=245000 config.nstreams=400000 avg_latency=1.1896 ms avg throuhgput (requests/sec) = 555.5862 res=false
*==== INFO ====*  stream_id=981996 latency=0.995546 ms (tx_ts=87583599874495, rx_ts=87583600870041) request_id=9512169 zil_blk_id=981996 ccf_commit_seqno=9512172 nstreams_done_=245500 config.nstreams=400000 avg_latency=1.1896 ms avg throuhgput (requests/sec) = 555.6141 res=false
*==== INFO ====*  stream_id=983996 latency=1.192168 ms (tx_ts=87584431569932, rx_ts=87584432762100) request_id=9530090 zil_blk_id=983996 ccf_commit_seqno=9530094 nstreams_done_=246000 config.nstreams=400000 avg_latency=1.1894 ms avg throuhgput (requests/sec) = 555.6995 res=false
*==== INFO ====*  stream_id=985996 latency=0.993839 ms (tx_ts=87585345929229, rx_ts=87585346923068) request_id=9548979 zil_blk_id=985996 ccf_commit_seqno=9548980 nstreams_done_=246500 config.nstreams=400000 avg_latency=1.1894 ms avg throuhgput (requests/sec) = 555.6814 res=false
*==== INFO ====*  stream_id=987996 latency=1.128911 ms (tx_ts=87586158225441, rx_ts=87586159354352) request_id=9566421 zil_blk_id=987996 ccf_commit_seqno=9566425 nstreams_done_=247000 config.nstreams=400000 avg_latency=1.1892 ms avg throuhgput (requests/sec) = 555.7907 res=false
*==== INFO ====*  stream_id=989996 latency=0.776970 ms (tx_ts=87587022159041, rx_ts=87587022936011) request_id=9585129 zil_blk_id=989996 ccf_commit_seqno=9585130 nstreams_done_=247500 config.nstreams=400000 avg_latency=1.1890 ms avg throuhgput (requests/sec) = 555.8357 res=false
*==== INFO ====*  stream_id=991996 latency=1.022031 ms (tx_ts=87587887103291, rx_ts=87587888125322) request_id=9603903 zil_blk_id=991996 ccf_commit_seqno=9603904 nstreams_done_=248000 config.nstreams=400000 avg_latency=1.1888 ms avg throuhgput (requests/sec) = 555.8785 res=false
*==== INFO ====*  stream_id=993996 latency=0.998246 ms (tx_ts=87588757313269, rx_ts=87588758311515) request_id=9622297 zil_blk_id=993996 ccf_commit_seqno=9622303 nstreams_done_=248500 config.nstreams=400000 avg_latency=1.1887 ms avg throuhgput (requests/sec) = 555.9149 res=false
*==== INFO ====*  stream_id=995996 latency=0.773787 ms (tx_ts=87589655734737, rx_ts=87589656508524) request_id=9641319 zil_blk_id=995996 ccf_commit_seqno=9641319 nstreams_done_=249000 config.nstreams=400000 avg_latency=1.1886 ms avg throuhgput (requests/sec) = 555.9164 res=false
*==== INFO ====*  stream_id=997996 latency=1.297078 ms (tx_ts=87590537758717, rx_ts=87590539055795) request_id=9660768 zil_blk_id=997996 ccf_commit_seqno=9660772 nstreams_done_=249500 config.nstreams=400000 avg_latency=1.1885 ms avg throuhgput (requests/sec) = 555.9373 res=false
*==== INFO ====*  stream_id=999996 latency=1.031294 ms (tx_ts=87591433372441, rx_ts=87591434403735) request_id=9679616 zil_blk_id=999996 ccf_commit_seqno=9679616 nstreams_done_=250000 config.nstreams=400000 avg_latency=1.1885 ms avg throuhgput (requests/sec) = 555.9423 res=false
*==== INFO ====*  stream_id=1001996 latency=0.956248 ms (tx_ts=87592325020315, rx_ts=87592325976563) request_id=9699104 zil_blk_id=1001996 ccf_commit_seqno=9699104 nstreams_done_=250500 config.nstreams=400000 avg_latency=1.1884 ms avg throuhgput (requests/sec) = 555.9519 res=false
*==== INFO ====*  stream_id=1003996 latency=1.320712 ms (tx_ts=87593171515654, rx_ts=87593172836366) request_id=9717788 zil_blk_id=1003996 ccf_commit_seqno=9717800 nstreams_done_=251000 config.nstreams=400000 avg_latency=1.1881 ms avg throuhgput (requests/sec) = 556.0166 res=false
*==== INFO ====*  stream_id=1005996 latency=1.181676 ms (tx_ts=87594039297931, rx_ts=87594040479607) request_id=9736679 zil_blk_id=1005996 ccf_commit_seqno=9736684 nstreams_done_=251500 config.nstreams=400000 avg_latency=1.1880 ms avg throuhgput (requests/sec) = 556.0554 res=false
*==== INFO ====*  stream_id=1007996 latency=1.512321 ms (tx_ts=87594958989921, rx_ts=87594960502242) request_id=9755382 zil_blk_id=1007996 ccf_commit_seqno=9755394 nstreams_done_=252000 config.nstreams=400000 avg_latency=1.1881 ms avg throuhgput (requests/sec) = 556.0299 res=false
*==== INFO ====*  stream_id=1009996 latency=1.147649 ms (tx_ts=87595849413288, rx_ts=87595850560937) request_id=9773675 zil_blk_id=1009996 ccf_commit_seqno=9773680 nstreams_done_=252500 config.nstreams=400000 avg_latency=1.1881 ms avg throuhgput (requests/sec) = 556.0411 res=false
*==== INFO ====*  stream_id=1011996 latency=0.848607 ms (tx_ts=87596747933593, rx_ts=87596748782200) request_id=9793618 zil_blk_id=1011996 ccf_commit_seqno=9793618 nstreams_done_=253000 config.nstreams=400000 avg_latency=1.1879 ms avg throuhgput (requests/sec) = 556.0423 res=false
*==== INFO ====*  stream_id=1013996 latency=1.887359 ms (tx_ts=87597606428405, rx_ts=87597608315764) request_id=9811695 zil_blk_id=1013996 ccf_commit_seqno=9811695 nstreams_done_=253500 config.nstreams=400000 avg_latency=1.1878 ms avg throuhgput (requests/sec) = 556.0907 res=false
*==== INFO ====*  stream_id=1015996 latency=1.702173 ms (tx_ts=87598543754018, rx_ts=87598545456191) request_id=9829689 zil_blk_id=1015996 ccf_commit_seqno=9829705 nstreams_done_=254000 config.nstreams=400000 avg_latency=1.1881 ms avg throuhgput (requests/sec) = 556.0444 res=false
*==== INFO ====*  stream_id=1017996 latency=1.180099 ms (tx_ts=87599418200313, rx_ts=87599419380412) request_id=9848229 zil_blk_id=1017996 ccf_commit_seqno=9848233 nstreams_done_=254500 config.nstreams=400000 avg_latency=1.1880 ms avg throuhgput (requests/sec) = 556.0752 res=false
*==== INFO ====*  stream_id=1019996 latency=1.408915 ms (tx_ts=87600351073375, rx_ts=87600352482290) request_id=9866805 zil_blk_id=1019996 ccf_commit_seqno=9866819 nstreams_done_=255000 config.nstreams=400000 avg_latency=1.1881 ms avg throuhgput (requests/sec) = 556.0340 res=false
*==== INFO ====*  stream_id=1021996 latency=1.050965 ms (tx_ts=87601229050066, rx_ts=87601230101031) request_id=9885550 zil_blk_id=1021996 ccf_commit_seqno=9885551 nstreams_done_=255500 config.nstreams=400000 avg_latency=1.1881 ms avg throuhgput (requests/sec) = 556.0601 res=false
*==== INFO ====*  stream_id=1023996 latency=1.701015 ms (tx_ts=87602111260426, rx_ts=87602112961441) request_id=9904279 zil_blk_id=1023996 ccf_commit_seqno=9904290 nstreams_done_=256000 config.nstreams=400000 avg_latency=1.1880 ms avg throuhgput (requests/sec) = 556.0799 res=false
*==== INFO ====*  stream_id=1025996 latency=1.037590 ms (tx_ts=87603016153996, rx_ts=87603017191586) request_id=9923911 zil_blk_id=1025996 ccf_commit_seqno=9923916 nstreams_done_=256500 config.nstreams=400000 avg_latency=1.1878 ms avg throuhgput (requests/sec) = 556.0737 res=false
*==== INFO ====*  stream_id=1027996 latency=1.996201 ms (tx_ts=87603863179721, rx_ts=87603865175922) request_id=9943270 zil_blk_id=1027996 ccf_commit_seqno=9943291 nstreams_done_=257000 config.nstreams=400000 avg_latency=1.1875 ms avg throuhgput (requests/sec) = 556.1353 res=false
*==== INFO ====*  stream_id=1029996 latency=0.882500 ms (tx_ts=87604734897207, rx_ts=87604735779707) request_id=9962091 zil_blk_id=1029996 ccf_commit_seqno=9962094 nstreams_done_=257500 config.nstreams=400000 avg_latency=1.1874 ms avg throuhgput (requests/sec) = 556.1695 res=false
*==== INFO ====*  stream_id=1031996 latency=1.602320 ms (tx_ts=87605640318091, rx_ts=87605641920411) request_id=9981515 zil_blk_id=1031996 ccf_commit_seqno=9981529 nstreams_done_=258000 config.nstreams=400000 avg_latency=1.1873 ms avg throuhgput (requests/sec) = 556.1610 res=false
