Uniform: 928 1509 1413 1789 1495 
Exponential: -2147483648 -2147483648 -2147483648 -2147483648 -2147483648 
Truncated Normal: 320 1132 544 870 1138 
*==== INFO ====*  stream_id=1996 latency=0.518570 ms (tx_ts=84747704547573, rx_ts=84747705066143) request_id=3220 zil_blk_id=1996 ccf_commit_seqno=3220 nstreams_done_=500 config.nstreams=1000000 avg_latency=0.5667 ms avg throuhgput (requests/sec) = 981.3136 res=false
*==== INFO ====*  stream_id=3996 latency=0.511657 ms (tx_ts=84748207868881, rx_ts=84748208380538) request_id=6475 zil_blk_id=3996 ccf_commit_seqno=6475 nstreams_done_=1000 config.nstreams=1000000 avg_latency=0.5697 ms avg throuhgput (requests/sec) = 987.3272 res=false
*==== INFO ====*  stream_id=5996 latency=0.513936 ms (tx_ts=84748692483785, rx_ts=84748692997721) request_id=9782 zil_blk_id=5996 ccf_commit_seqno=9782 nstreams_done_=1500 config.nstreams=1000000 avg_latency=0.5589 ms avg throuhgput (requests/sec) = 1001.7011 res=false
*==== INFO ====*  stream_id=7996 latency=0.487596 ms (tx_ts=84749174680384, rx_ts=84749175167980) request_id=12982 zil_blk_id=7996 ccf_commit_seqno=12982 nstreams_done_=2000 config.nstreams=1000000 avg_latency=0.5592 ms avg throuhgput (requests/sec) = 1010.2934 res=false
*==== INFO ====*  stream_id=9996 latency=0.572358 ms (tx_ts=84749638540235, rx_ts=84749639112593) request_id=16224 zil_blk_id=9996 ccf_commit_seqno=16224 nstreams_done_=2500 config.nstreams=1000000 avg_latency=0.5544 ms avg throuhgput (requests/sec) = 1023.0943 res=false
*==== INFO ====*  stream_id=11996 latency=1.039763 ms (tx_ts=84750087126437, rx_ts=84750088166200) request_id=19358 zil_blk_id=11996 ccf_commit_seqno=19358 nstreams_done_=3000 config.nstreams=1000000 avg_latency=0.5502 ms avg throuhgput (requests/sec) = 1037.1216 res=false
*==== INFO ====*  stream_id=13996 latency=0.513280 ms (tx_ts=84750536894683, rx_ts=84750537407963) request_id=22447 zil_blk_id=13996 ccf_commit_seqno=22447 nstreams_done_=3500 config.nstreams=1000000 avg_latency=0.5477 ms avg throuhgput (requests/sec) = 1047.3200 res=false
*==== INFO ====*  stream_id=15996 latency=0.669472 ms (tx_ts=84750996132737, rx_ts=84750996802209) request_id=25630 zil_blk_id=15996 ccf_commit_seqno=25630 nstreams_done_=4000 config.nstreams=1000000 avg_latency=0.5467 ms avg throuhgput (requests/sec) = 1052.2834 res=false
*==== INFO ====*  stream_id=17996 latency=0.605716 ms (tx_ts=84751498775245, rx_ts=84751499380961) request_id=28823 zil_blk_id=17996 ccf_commit_seqno=28824 nstreams_done_=4500 config.nstreams=1000000 avg_latency=0.5558 ms avg throuhgput (requests/sec) = 1045.5789 res=false
*==== INFO ====*  stream_id=19996 latency=0.501571 ms (tx_ts=84751955324006, rx_ts=84751955825577) request_id=31999 zil_blk_id=19996 ccf_commit_seqno=31999 nstreams_done_=5000 config.nstreams=1000000 avg_latency=0.5528 ms avg throuhgput (requests/sec) = 1050.3583 res=false
*==== INFO ====*  stream_id=21996 latency=0.477523 ms (tx_ts=84752432899266, rx_ts=84752433376789) request_id=35814 zil_blk_id=21996 ccf_commit_seqno=35814 nstreams_done_=5500 config.nstreams=1000000 avg_latency=0.5514 ms avg throuhgput (requests/sec) = 1050.0528 res=false
*==== INFO ====*  stream_id=23996 latency=0.495657 ms (tx_ts=84752910602302, rx_ts=84752911097959) request_id=40653 zil_blk_id=23996 ccf_commit_seqno=40653 nstreams_done_=6000 config.nstreams=1000000 avg_latency=0.5519 ms avg throuhgput (requests/sec) = 1049.7672 res=false
*==== INFO ====*  stream_id=25996 latency=0.584393 ms (tx_ts=84753396740852, rx_ts=84753397325245) request_id=45449 zil_blk_id=25996 ccf_commit_seqno=45449 nstreams_done_=6500 config.nstreams=1000000 avg_latency=0.5532 ms avg throuhgput (requests/sec) = 1048.0862 res=false
*==== INFO ====*  stream_id=27996 latency=0.918107 ms (tx_ts=84753890833405, rx_ts=84753891751512) request_id=50233 zil_blk_id=27996 ccf_commit_seqno=50235 nstreams_done_=7000 config.nstreams=1000000 avg_latency=0.5565 ms avg throuhgput (requests/sec) = 1045.3680 res=false
*==== INFO ====*  stream_id=29996 latency=0.610102 ms (tx_ts=84754360451516, rx_ts=84754361061618) request_id=55039 zil_blk_id=29996 ccf_commit_seqno=55039 nstreams_done_=7500 config.nstreams=1000000 avg_latency=0.5563 ms avg throuhgput (requests/sec) = 1046.6796 res=false
*==== INFO ====*  stream_id=31996 latency=0.532316 ms (tx_ts=84754839228093, rx_ts=84754839760409) request_id=59800 zil_blk_id=31996 ccf_commit_seqno=59800 nstreams_done_=8000 config.nstreams=1000000 avg_latency=0.5570 ms avg throuhgput (requests/sec) = 1046.5430 res=false
*==== INFO ====*  stream_id=33996 latency=0.583481 ms (tx_ts=84755317652486, rx_ts=84755318235967) request_id=64707 zil_blk_id=33996 ccf_commit_seqno=64707 nstreams_done_=8500 config.nstreams=1000000 avg_latency=0.5572 ms avg throuhgput (requests/sec) = 1046.4512 res=false
*==== INFO ====*  stream_id=35996 latency=0.465911 ms (tx_ts=84755784309472, rx_ts=84755784775383) request_id=69570 zil_blk_id=35996 ccf_commit_seqno=69570 nstreams_done_=9000 config.nstreams=1000000 avg_latency=0.5565 ms avg throuhgput (requests/sec) = 1047.8238 res=false
*==== INFO ====*  stream_id=37996 latency=0.592087 ms (tx_ts=84756246961889, rx_ts=84756247553976) request_id=74385 zil_blk_id=37996 ccf_commit_seqno=74385 nstreams_done_=9500 config.nstreams=1000000 avg_latency=0.5557 ms avg throuhgput (requests/sec) = 1049.4908 res=false
*==== INFO ====*  stream_id=39996 latency=0.508893 ms (tx_ts=84756726843335, rx_ts=84756727352228) request_id=79396 zil_blk_id=39996 ccf_commit_seqno=79396 nstreams_done_=10000 config.nstreams=1000000 avg_latency=0.5558 ms avg throuhgput (requests/sec) = 1049.1190 res=false
*==== INFO ====*  stream_id=41996 latency=0.504806 ms (tx_ts=84757425701071, rx_ts=84757426205877) request_id=84388 zil_blk_id=41996 ccf_commit_seqno=84388 nstreams_done_=10500 config.nstreams=1000000 avg_latency=0.5779 ms avg throuhgput (requests/sec) = 1026.3267 res=false
*==== INFO ====*  stream_id=43996 latency=0.485443 ms (tx_ts=84757875738931, rx_ts=84757876224374) request_id=89075 zil_blk_id=43996 ccf_commit_seqno=89075 nstreams_done_=11000 config.nstreams=1000000 avg_latency=0.5755 ms avg throuhgput (requests/sec) = 1029.8970 res=false
*==== INFO ====*  stream_id=45996 latency=0.648734 ms (tx_ts=84758334276408, rx_ts=84758334925142) request_id=93832 zil_blk_id=45996 ccf_commit_seqno=93832 nstreams_done_=11500 config.nstreams=1000000 avg_latency=0.5738 ms avg throuhgput (requests/sec) = 1032.3734 res=false
*==== INFO ====*  stream_id=47996 latency=0.545742 ms (tx_ts=84758820746113, rx_ts=84758821291855) request_id=98616 zil_blk_id=47996 ccf_commit_seqno=98617 nstreams_done_=12000 config.nstreams=1000000 avg_latency=0.5723 ms avg throuhgput (requests/sec) = 1032.1918 res=false
*==== INFO ====*  stream_id=49996 latency=0.459500 ms (tx_ts=84759315911263, rx_ts=84759316370763) request_id=103670 zil_blk_id=49996 ccf_commit_seqno=103670 nstreams_done_=12500 config.nstreams=1000000 avg_latency=0.5725 ms avg throuhgput (requests/sec) = 1031.2829 res=false
*==== INFO ====*  stream_id=51996 latency=0.667210 ms (tx_ts=84759786549793, rx_ts=84759787217003) request_id=108402 zil_blk_id=51996 ccf_commit_seqno=108403 nstreams_done_=13000 config.nstreams=1000000 avg_latency=0.5721 ms avg throuhgput (requests/sec) = 1032.4284 res=false
*==== INFO ====*  stream_id=53996 latency=0.590314 ms (tx_ts=84760298374893, rx_ts=84760298965207) request_id=113504 zil_blk_id=53996 ccf_commit_seqno=113504 nstreams_done_=13500 config.nstreams=1000000 avg_latency=0.5735 ms avg throuhgput (requests/sec) = 1030.2654 res=false
*==== INFO ====*  stream_id=55996 latency=0.539750 ms (tx_ts=84760780827090, rx_ts=84760781366840) request_id=118589 zil_blk_id=55996 ccf_commit_seqno=118589 nstreams_done_=14000 config.nstreams=1000000 avg_latency=0.5735 ms avg throuhgput (requests/sec) = 1030.4861 res=false
*==== INFO ====*  stream_id=57996 latency=0.485608 ms (tx_ts=84761281694096, rx_ts=84761282179704) request_id=123525 zil_blk_id=57996 ccf_commit_seqno=123525 nstreams_done_=14500 config.nstreams=1000000 avg_latency=0.5737 ms avg throuhgput (requests/sec) = 1029.3445 res=false
*==== INFO ====*  stream_id=59996 latency=0.649925 ms (tx_ts=84761747384087, rx_ts=84761748034012) request_id=128198 zil_blk_id=59996 ccf_commit_seqno=128199 nstreams_done_=15000 config.nstreams=1000000 avg_latency=0.5726 ms avg throuhgput (requests/sec) = 1030.7515 res=false
*==== INFO ====*  stream_id=61996 latency=0.502089 ms (tx_ts=84762240623370, rx_ts=84762241125459) request_id=132864 zil_blk_id=61996 ccf_commit_seqno=132864 nstreams_done_=15500 config.nstreams=1000000 avg_latency=0.5736 ms avg throuhgput (requests/sec) = 1030.2029 res=false
*==== INFO ====*  stream_id=63996 latency=0.543867 ms (tx_ts=84762721796708, rx_ts=84762722340575) request_id=137680 zil_blk_id=63996 ccf_commit_seqno=137680 nstreams_done_=16000 config.nstreams=1000000 avg_latency=0.5733 ms avg throuhgput (requests/sec) = 1030.4766 res=false
*==== INFO ====*  stream_id=65996 latency=0.770251 ms (tx_ts=84763212806771, rx_ts=84763213577022) request_id=142611 zil_blk_id=65996 ccf_commit_seqno=142611 nstreams_done_=16500 config.nstreams=1000000 avg_latency=0.5726 ms avg throuhgput (requests/sec) = 1030.0891 res=false
*==== INFO ====*  stream_id=67996 latency=0.593600 ms (tx_ts=84763796474072, rx_ts=84763797067672) request_id=148372 zil_blk_id=67996 ccf_commit_seqno=148372 nstreams_done_=17000 config.nstreams=1000000 avg_latency=0.5738 ms avg throuhgput (requests/sec) = 1024.0025 res=false
*==== INFO ====*  stream_id=69996 latency=0.490848 ms (tx_ts=84764266441504, rx_ts=84764266932352) request_id=153094 zil_blk_id=69996 ccf_commit_seqno=153094 nstreams_done_=17500 config.nstreams=1000000 avg_latency=0.5732 ms avg throuhgput (requests/sec) = 1025.1071 res=false
*==== INFO ====*  stream_id=71996 latency=0.495035 ms (tx_ts=84764765352235, rx_ts=84764765847270) request_id=158095 zil_blk_id=71996 ccf_commit_seqno=158095 nstreams_done_=18000 config.nstreams=1000000 avg_latency=0.5728 ms avg throuhgput (requests/sec) = 1024.4559 res=false
*==== INFO ====*  stream_id=73996 latency=0.489636 ms (tx_ts=84765229680501, rx_ts=84765230170137) request_id=162971 zil_blk_id=73996 ccf_commit_seqno=162971 nstreams_done_=18500 config.nstreams=1000000 avg_latency=0.5719 ms avg throuhgput (requests/sec) = 1025.8045 res=false
*==== INFO ====*  stream_id=75996 latency=0.464259 ms (tx_ts=84765746449406, rx_ts=84765746913665) request_id=168100 zil_blk_id=75996 ccf_commit_seqno=168100 nstreams_done_=19000 config.nstreams=1000000 avg_latency=0.5722 ms avg throuhgput (requests/sec) = 1024.1832 res=false
*==== INFO ====*  stream_id=77996 latency=0.649726 ms (tx_ts=84766264993592, rx_ts=84766265643318) request_id=173235 zil_blk_id=77996 ccf_commit_seqno=173235 nstreams_done_=19500 config.nstreams=1000000 avg_latency=0.5721 ms avg throuhgput (requests/sec) = 1022.5432 res=false
*==== INFO ====*  stream_id=79996 latency=0.671596 ms (tx_ts=84766720767544, rx_ts=84766721439140) request_id=177878 zil_blk_id=79996 ccf_commit_seqno=177878 nstreams_done_=20000 config.nstreams=1000000 avg_latency=0.5713 ms avg throuhgput (requests/sec) = 1024.2809 res=false
*==== INFO ====*  stream_id=81996 latency=0.767285 ms (tx_ts=84767186978195, rx_ts=84767187745480) request_id=182609 zil_blk_id=81996 ccf_commit_seqno=182611 nstreams_done_=20500 config.nstreams=1000000 avg_latency=0.5703 ms avg throuhgput (requests/sec) = 1025.3999 res=false
*==== INFO ====*  stream_id=83996 latency=0.740005 ms (tx_ts=84767672715938, rx_ts=84767673455943) request_id=187607 zil_blk_id=83996 ccf_commit_seqno=187608 nstreams_done_=21000 config.nstreams=1000000 avg_latency=0.5697 ms avg throuhgput (requests/sec) = 1025.4952 res=false
*==== INFO ====*  stream_id=85996 latency=0.587569 ms (tx_ts=84768156340542, rx_ts=84768156928111) request_id=192760 zil_blk_id=85996 ccf_commit_seqno=192760 nstreams_done_=21500 config.nstreams=1000000 avg_latency=0.5688 ms avg throuhgput (requests/sec) = 1025.6957 res=false
*==== INFO ====*  stream_id=87996 latency=0.566199 ms (tx_ts=84768615396429, rx_ts=84768615962628) request_id=197547 zil_blk_id=87996 ccf_commit_seqno=197547 nstreams_done_=22000 config.nstreams=1000000 avg_latency=0.5679 ms avg throuhgput (requests/sec) = 1027.0575 res=false
*==== INFO ====*  stream_id=89996 latency=0.513420 ms (tx_ts=84769097983342, rx_ts=84769098496762) request_id=202117 zil_blk_id=89996 ccf_commit_seqno=202117 nstreams_done_=22500 config.nstreams=1000000 avg_latency=0.5676 ms avg throuhgput (requests/sec) = 1027.2588 res=false
*==== INFO ====*  stream_id=91996 latency=0.522407 ms (tx_ts=84769587412704, rx_ts=84769587935111) request_id=207087 zil_blk_id=91996 ccf_commit_seqno=207087 nstreams_done_=23000 config.nstreams=1000000 avg_latency=0.5674 ms avg throuhgput (requests/sec) = 1027.1347 res=false
*==== INFO ====*  stream_id=93996 latency=0.479347 ms (tx_ts=84770071628593, rx_ts=84770072107940) request_id=212231 zil_blk_id=93996 ccf_commit_seqno=212231 nstreams_done_=23500 config.nstreams=1000000 avg_latency=0.5666 ms avg throuhgput (requests/sec) = 1027.2522 res=false
*==== INFO ====*  stream_id=95996 latency=0.660245 ms (tx_ts=84770537713433, rx_ts=84770538373678) request_id=217051 zil_blk_id=95996 ccf_commit_seqno=217053 nstreams_done_=24000 config.nstreams=1000000 avg_latency=0.5662 ms avg throuhgput (requests/sec) = 1028.1530 res=false
*==== INFO ====*  stream_id=97996 latency=0.550320 ms (tx_ts=84771028902971, rx_ts=84771029453291) request_id=222139 zil_blk_id=97996 ccf_commit_seqno=222139 nstreams_done_=24500 config.nstreams=1000000 avg_latency=0.5658 ms avg throuhgput (requests/sec) = 1027.9472 res=false
*==== INFO ====*  stream_id=99996 latency=0.510494 ms (tx_ts=84771501257279, rx_ts=84771501767773) request_id=227033 zil_blk_id=99996 ccf_commit_seqno=227033 nstreams_done_=25000 config.nstreams=1000000 avg_latency=0.5652 ms avg throuhgput (requests/sec) = 1028.5432 res=false
*==== INFO ====*  stream_id=101996 latency=0.459500 ms (tx_ts=84771971699335, rx_ts=84771972158835) request_id=231907 zil_blk_id=101996 ccf_commit_seqno=231907 nstreams_done_=25500 config.nstreams=1000000 avg_latency=0.5649 ms avg throuhgput (requests/sec) = 1029.1963 res=false
*==== INFO ====*  stream_id=103996 latency=0.470370 ms (tx_ts=84772427743131, rx_ts=84772428213501) request_id=236678 zil_blk_id=103996 ccf_commit_seqno=236678 nstreams_done_=26000 config.nstreams=1000000 avg_latency=0.5639 ms avg throuhgput (requests/sec) = 1030.4102 res=false
*==== INFO ====*  stream_id=105996 latency=0.492452 ms (tx_ts=84772909825341, rx_ts=84772910317793) request_id=241609 zil_blk_id=105996 ccf_commit_seqno=241609 nstreams_done_=26500 config.nstreams=1000000 avg_latency=0.5636 ms avg throuhgput (requests/sec) = 1030.5360 res=false
*==== INFO ====*  stream_id=107996 latency=0.488114 ms (tx_ts=84773382335530, rx_ts=84773382823644) request_id=246488 zil_blk_id=107996 ccf_commit_seqno=246489 nstreams_done_=27000 config.nstreams=1000000 avg_latency=0.5634 ms avg throuhgput (requests/sec) = 1031.0350 res=false
*==== INFO ====*  stream_id=109996 latency=0.510134 ms (tx_ts=84773875910686, rx_ts=84773876420820) request_id=251429 zil_blk_id=109996 ccf_commit_seqno=251429 nstreams_done_=27500 config.nstreams=1000000 avg_latency=0.5632 ms avg throuhgput (requests/sec) = 1030.7008 res=false
*==== INFO ====*  stream_id=111996 latency=0.549308 ms (tx_ts=84774339881796, rx_ts=84774340431104) request_id=256246 zil_blk_id=111996 ccf_commit_seqno=256246 nstreams_done_=28000 config.nstreams=1000000 avg_latency=0.5629 ms avg throuhgput (requests/sec) = 1031.5018 res=false
*==== INFO ====*  stream_id=113996 latency=0.505696 ms (tx_ts=84774824091400, rx_ts=84774824597096) request_id=261068 zil_blk_id=113996 ccf_commit_seqno=261068 nstreams_done_=28500 config.nstreams=1000000 avg_latency=0.5629 ms avg throuhgput (requests/sec) = 1031.5229 res=false
*==== INFO ====*  stream_id=115996 latency=0.593180 ms (tx_ts=84775296444802, rx_ts=84775297037982) request_id=265963 zil_blk_id=115996 ccf_commit_seqno=265963 nstreams_done_=29000 config.nstreams=1000000 avg_latency=0.5627 ms avg throuhgput (requests/sec) = 1031.9736 res=false
*==== INFO ====*  stream_id=117996 latency=0.624949 ms (tx_ts=84775788280250, rx_ts=84775788905199) request_id=270781 zil_blk_id=117996 ccf_commit_seqno=270782 nstreams_done_=29500 config.nstreams=1000000 avg_latency=0.5630 ms avg throuhgput (requests/sec) = 1031.7081 res=false
*==== INFO ====*  stream_id=119996 latency=0.519502 ms (tx_ts=84776264544569, rx_ts=84776265064071) request_id=275616 zil_blk_id=119996 ccf_commit_seqno=275616 nstreams_done_=30000 config.nstreams=1000000 avg_latency=0.5629 ms avg throuhgput (requests/sec) = 1032.0088 res=false
*==== INFO ====*  stream_id=121996 latency=0.514091 ms (tx_ts=84776741274359, rx_ts=84776741788450) request_id=280344 zil_blk_id=121996 ccf_commit_seqno=280344 nstreams_done_=30500 config.nstreams=1000000 avg_latency=0.5630 ms avg throuhgput (requests/sec) = 1032.2801 res=false
*==== INFO ====*  stream_id=123996 latency=0.558064 ms (tx_ts=84777226619206, rx_ts=84777227177270) request_id=285378 zil_blk_id=123996 ccf_commit_seqno=285378 nstreams_done_=31000 config.nstreams=1000000 avg_latency=0.5629 ms avg throuhgput (requests/sec) = 1032.2449 res=false
*==== INFO ====*  stream_id=125996 latency=0.493243 ms (tx_ts=84777700838563, rx_ts=84777701331806) request_id=290291 zil_blk_id=125996 ccf_commit_seqno=290291 nstreams_done_=31500 config.nstreams=1000000 avg_latency=0.5627 ms avg throuhgput (requests/sec) = 1032.5910 res=false
*==== INFO ====*  stream_id=127996 latency=0.517247 ms (tx_ts=84778187644932, rx_ts=84778188162179) request_id=295167 zil_blk_id=127996 ccf_commit_seqno=295167 nstreams_done_=32000 config.nstreams=1000000 avg_latency=0.5629 ms avg throuhgput (requests/sec) = 1032.5040 res=false
*==== INFO ====*  stream_id=129996 latency=0.578192 ms (tx_ts=84778645076340, rx_ts=84778645654532) request_id=299798 zil_blk_id=129996 ccf_commit_seqno=299798 nstreams_done_=32500 config.nstreams=1000000 avg_latency=0.5627 ms avg throuhgput (requests/sec) = 1033.3827 res=false
*==== INFO ====*  stream_id=131996 latency=0.454370 ms (tx_ts=84779101612106, rx_ts=84779102066476) request_id=304473 zil_blk_id=131996 ccf_commit_seqno=304473 nstreams_done_=33000 config.nstreams=1000000 avg_latency=0.5623 ms avg throuhgput (requests/sec) = 1034.2713 res=false
*==== INFO ====*  stream_id=133996 latency=0.584023 ms (tx_ts=84779592770730, rx_ts=84779593354753) request_id=309518 zil_blk_id=133996 ccf_commit_seqno=309519 nstreams_done_=33500 config.nstreams=1000000 avg_latency=0.5624 ms avg throuhgput (requests/sec) = 1034.0205 res=false
*==== INFO ====*  stream_id=135996 latency=0.510174 ms (tx_ts=84780057128754, rx_ts=84780057638928) request_id=314365 zil_blk_id=135996 ccf_commit_seqno=314366 nstreams_done_=34000 config.nstreams=1000000 avg_latency=0.5621 ms avg throuhgput (requests/sec) = 1034.6267 res=false
*==== INFO ====*  stream_id=137996 latency=0.493764 ms (tx_ts=84780512047280, rx_ts=84780512541044) request_id=319096 zil_blk_id=137996 ccf_commit_seqno=319096 nstreams_done_=34500 config.nstreams=1000000 avg_latency=0.5617 ms avg throuhgput (requests/sec) = 1035.5075 res=false
*==== INFO ====*  stream_id=139996 latency=0.559691 ms (tx_ts=84780967116080, rx_ts=84780967675771) request_id=323911 zil_blk_id=139996 ccf_commit_seqno=323912 nstreams_done_=35000 config.nstreams=1000000 avg_latency=0.5613 ms avg throuhgput (requests/sec) = 1036.3575 res=false
*==== INFO ====*  stream_id=141996 latency=0.669683 ms (tx_ts=84781468028937, rx_ts=84781468698620) request_id=328734 zil_blk_id=141996 ccf_commit_seqno=328736 nstreams_done_=35500 config.nstreams=1000000 avg_latency=0.5618 ms avg throuhgput (requests/sec) = 1035.7961 res=false
*==== INFO ====*  stream_id=143996 latency=0.507510 ms (tx_ts=84781929195520, rx_ts=84781929703030) request_id=333457 zil_blk_id=143996 ccf_commit_seqno=333457 nstreams_done_=36000 config.nstreams=1000000 avg_latency=0.5616 ms avg throuhgput (requests/sec) = 1036.4437 res=false
*==== INFO ====*  stream_id=145996 latency=0.574054 ms (tx_ts=84782389948546, rx_ts=84782390522600) request_id=338367 zil_blk_id=145996 ccf_commit_seqno=338368 nstreams_done_=36500 config.nstreams=1000000 avg_latency=0.5612 ms avg throuhgput (requests/sec) = 1037.0798 res=false
*==== INFO ====*  stream_id=147996 latency=1.656820 ms (tx_ts=84782869024676, rx_ts=84782870681496) request_id=343282 zil_blk_id=147996 ccf_commit_seqno=343282 nstreams_done_=37000 config.nstreams=1000000 avg_latency=0.5611 ms avg throuhgput (requests/sec) = 1037.1369 res=false
*==== INFO ====*  stream_id=149996 latency=0.546272 ms (tx_ts=84783342192813, rx_ts=84783342739085) request_id=348080 zil_blk_id=149996 ccf_commit_seqno=348081 nstreams_done_=37500 config.nstreams=1000000 avg_latency=0.5610 ms avg throuhgput (requests/sec) = 1037.4249 res=false
*==== INFO ====*  stream_id=151996 latency=0.646950 ms (tx_ts=84783817871416, rx_ts=84783818518366) request_id=352843 zil_blk_id=151996 ccf_commit_seqno=352843 nstreams_done_=38000 config.nstreams=1000000 avg_latency=0.5613 ms avg throuhgput (requests/sec) = 1037.6001 res=false
*==== INFO ====*  stream_id=153996 latency=0.490618 ms (tx_ts=84784294257610, rx_ts=84784294748228) request_id=357881 zil_blk_id=153996 ccf_commit_seqno=357881 nstreams_done_=38500 config.nstreams=1000000 avg_latency=0.5614 ms avg throuhgput (requests/sec) = 1037.7581 res=false
*==== INFO ====*  stream_id=155996 latency=0.531945 ms (tx_ts=84784758942769, rx_ts=84784759474714) request_id=362757 zil_blk_id=155996 ccf_commit_seqno=362757 nstreams_done_=39000 config.nstreams=1000000 avg_latency=0.5613 ms avg throuhgput (requests/sec) = 1038.2300 res=false
*==== INFO ====*  stream_id=157996 latency=0.574214 ms (tx_ts=84785220637450, rx_ts=84785221211664) request_id=367663 zil_blk_id=157996 ccf_commit_seqno=367663 nstreams_done_=39500 config.nstreams=1000000 avg_latency=0.5611 ms avg throuhgput (requests/sec) = 1038.7721 res=false
*==== INFO ====*  stream_id=159996 latency=0.513691 ms (tx_ts=84785697300906, rx_ts=84785697814597) request_id=372698 zil_blk_id=159996 ccf_commit_seqno=372699 nstreams_done_=40000 config.nstreams=1000000 avg_latency=0.5610 ms avg throuhgput (requests/sec) = 1038.8998 res=false
*==== INFO ====*  stream_id=161996 latency=0.591998 ms (tx_ts=84786176161089, rx_ts=84786176753087) request_id=377735 zil_blk_id=161996 ccf_commit_seqno=377736 nstreams_done_=40500 config.nstreams=1000000 avg_latency=0.5605 ms avg throuhgput (requests/sec) = 1038.9622 res=false
*==== INFO ====*  stream_id=163996 latency=0.586677 ms (tx_ts=84786647773438, rx_ts=84786648360115) request_id=382839 zil_blk_id=163996 ccf_commit_seqno=382840 nstreams_done_=41000 config.nstreams=1000000 avg_latency=0.5603 ms avg throuhgput (requests/sec) = 1039.2161 res=false
*==== INFO ====*  stream_id=165996 latency=0.445473 ms (tx_ts=84787130128352, rx_ts=84787130573825) request_id=387933 zil_blk_id=165996 ccf_commit_seqno=387933 nstreams_done_=41500 config.nstreams=1000000 avg_latency=0.5601 ms avg throuhgput (requests/sec) = 1039.1879 res=false
*==== INFO ====*  stream_id=167996 latency=0.563394 ms (tx_ts=84787637820007, rx_ts=84787638383401) request_id=393294 zil_blk_id=167996 ccf_commit_seqno=393296 nstreams_done_=42000 config.nstreams=1000000 avg_latency=0.5600 ms avg throuhgput (requests/sec) = 1038.5028 res=false
*==== INFO ====*  stream_id=169996 latency=0.514011 ms (tx_ts=84788132120009, rx_ts=84788132634020) request_id=398417 zil_blk_id=169996 ccf_commit_seqno=398417 nstreams_done_=42500 config.nstreams=1000000 avg_latency=0.5597 ms avg throuhgput (requests/sec) = 1038.1784 res=false
*==== INFO ====*  stream_id=171996 latency=0.580917 ms (tx_ts=84788652270844, rx_ts=84788652851761) request_id=403785 zil_blk_id=171996 ccf_commit_seqno=403786 nstreams_done_=43000 config.nstreams=1000000 avg_latency=0.5597 ms avg throuhgput (requests/sec) = 1037.2116 res=false
*==== INFO ====*  stream_id=173996 latency=0.499455 ms (tx_ts=84789126541424, rx_ts=84789127040879) request_id=408801 zil_blk_id=173996 ccf_commit_seqno=408801 nstreams_done_=43500 config.nstreams=1000000 avg_latency=0.5593 ms avg throuhgput (requests/sec) = 1037.4063 res=false
*==== INFO ====*  stream_id=175996 latency=0.576559 ms (tx_ts=84789600750426, rx_ts=84789601326985) request_id=413732 zil_blk_id=175996 ccf_commit_seqno=413733 nstreams_done_=44000 config.nstreams=1000000 avg_latency=0.5588 ms avg throuhgput (requests/sec) = 1037.5944 res=false
*==== INFO ====*  stream_id=177996 latency=0.496308 ms (tx_ts=84790060975177, rx_ts=84790061471485) request_id=418392 zil_blk_id=177996 ccf_commit_seqno=418392 nstreams_done_=44500 config.nstreams=1000000 avg_latency=0.5585 ms avg throuhgput (requests/sec) = 1038.1206 res=false
*==== INFO ====*  stream_id=179996 latency=0.600313 ms (tx_ts=84790546648806, rx_ts=84790547249119) request_id=423328 zil_blk_id=179996 ccf_commit_seqno=423328 nstreams_done_=45000 config.nstreams=1000000 avg_latency=0.5584 ms avg throuhgput (requests/sec) = 1038.0215 res=false
*==== INFO ====*  stream_id=181996 latency=0.483695 ms (tx_ts=84791007938970, rx_ts=84791008422665) request_id=428073 zil_blk_id=181996 ccf_commit_seqno=428073 nstreams_done_=45500 config.nstreams=1000000 avg_latency=0.5582 ms avg throuhgput (requests/sec) = 1038.5075 res=false
*==== INFO ====*  stream_id=183996 latency=0.474938 ms (tx_ts=84791468125590, rx_ts=84791468600528) request_id=432995 zil_blk_id=183996 ccf_commit_seqno=432995 nstreams_done_=46000 config.nstreams=1000000 avg_latency=0.5580 ms avg throuhgput (requests/sec) = 1039.0067 res=false
*==== INFO ====*  stream_id=185996 latency=0.495407 ms (tx_ts=84791937153476, rx_ts=84791937648883) request_id=437898 zil_blk_id=185996 ccf_commit_seqno=437898 nstreams_done_=46500 config.nstreams=1000000 avg_latency=0.5578 ms avg throuhgput (requests/sec) = 1039.2895 res=false
*==== INFO ====*  stream_id=187996 latency=0.493142 ms (tx_ts=84792426821137, rx_ts=84792427314279) request_id=443087 zil_blk_id=187996 ccf_commit_seqno=443087 nstreams_done_=47000 config.nstreams=1000000 avg_latency=0.5577 ms avg throuhgput (requests/sec) = 1039.0927 res=false
*==== INFO ====*  stream_id=189996 latency=0.664323 ms (tx_ts=84792924089166, rx_ts=84792924753489) request_id=448094 zil_blk_id=189996 ccf_commit_seqno=448095 nstreams_done_=47500 config.nstreams=1000000 avg_latency=0.5579 ms avg throuhgput (requests/sec) = 1038.7234 res=false
*==== INFO ====*  stream_id=191996 latency=0.507139 ms (tx_ts=84793421943422, rx_ts=84793422450561) request_id=453266 zil_blk_id=191996 ccf_commit_seqno=453266 nstreams_done_=48000 config.nstreams=1000000 avg_latency=0.5578 ms avg throuhgput (requests/sec) = 1038.3563 res=false
*==== INFO ====*  stream_id=193996 latency=0.654815 ms (tx_ts=84793895250146, rx_ts=84793895904961) request_id=458121 zil_blk_id=193996 ccf_commit_seqno=458122 nstreams_done_=48500 config.nstreams=1000000 avg_latency=0.5577 ms avg throuhgput (requests/sec) = 1038.5359 res=false
*==== INFO ====*  stream_id=195996 latency=0.449701 ms (tx_ts=84794395155306, rx_ts=84794395605007) request_id=463347 zil_blk_id=195996 ccf_commit_seqno=463347 nstreams_done_=49000 config.nstreams=1000000 avg_latency=0.5577 ms avg throuhgput (requests/sec) = 1038.1343 res=false
*==== INFO ====*  stream_id=197996 latency=0.533869 ms (tx_ts=84794897751596, rx_ts=84794898285465) request_id=468394 zil_blk_id=197996 ccf_commit_seqno=468394 nstreams_done_=49500 config.nstreams=1000000 avg_latency=0.5577 ms avg throuhgput (requests/sec) = 1037.6762 res=false
*==== INFO ====*  stream_id=199996 latency=0.539349 ms (tx_ts=84795382113531, rx_ts=84795382652880) request_id=473495 zil_blk_id=199996 ccf_commit_seqno=473496 nstreams_done_=50000 config.nstreams=1000000 avg_latency=0.5576 ms avg throuhgput (requests/sec) = 1037.6219 res=false
*==== INFO ====*  stream_id=201996 latency=0.562442 ms (tx_ts=84795827915013, rx_ts=84795828477455) request_id=478335 zil_blk_id=201996 ccf_commit_seqno=478336 nstreams_done_=50500 config.nstreams=1000000 avg_latency=0.5573 ms avg throuhgput (requests/sec) = 1038.3910 res=false
*==== INFO ====*  stream_id=203996 latency=0.650427 ms (tx_ts=84796317231908, rx_ts=84796317882335) request_id=483472 zil_blk_id=203996 ccf_commit_seqno=483472 nstreams_done_=51000 config.nstreams=1000000 avg_latency=0.5572 ms avg throuhgput (requests/sec) = 1038.2242 res=false
*==== INFO ====*  stream_id=205996 latency=0.515986 ms (tx_ts=84796789345478, rx_ts=84796789861464) request_id=488378 zil_blk_id=205996 ccf_commit_seqno=488378 nstreams_done_=51500 config.nstreams=1000000 avg_latency=0.5574 ms avg throuhgput (requests/sec) = 1038.4254 res=false
*==== INFO ====*  stream_id=207996 latency=0.537355 ms (tx_ts=84797259870758, rx_ts=84797260408113) request_id=493429 zil_blk_id=207996 ccf_commit_seqno=493429 nstreams_done_=52000 config.nstreams=1000000 avg_latency=0.5573 ms avg throuhgput (requests/sec) = 1038.6526 res=false
*==== INFO ====*  stream_id=209996 latency=0.532757 ms (tx_ts=84797769571549, rx_ts=84797770104306) request_id=498630 zil_blk_id=209996 ccf_commit_seqno=498630 nstreams_done_=52500 config.nstreams=1000000 avg_latency=0.5577 ms avg throuhgput (requests/sec) = 1038.0713 res=false
*==== INFO ====*  stream_id=211996 latency=0.645017 ms (tx_ts=84798254804303, rx_ts=84798255449320) request_id=503620 zil_blk_id=211996 ccf_commit_seqno=503620 nstreams_done_=53000 config.nstreams=1000000 avg_latency=0.5578 ms avg throuhgput (requests/sec) = 1037.9965 res=false
*==== INFO ====*  stream_id=213996 latency=0.481931 ms (tx_ts=84798727057996, rx_ts=84798727539927) request_id=508456 zil_blk_id=213996 ccf_commit_seqno=508456 nstreams_done_=53500 config.nstreams=1000000 avg_latency=0.5578 ms avg throuhgput (requests/sec) = 1038.1900 res=false
*==== INFO ====*  stream_id=215996 latency=0.604692 ms (tx_ts=84799184657199, rx_ts=84799185261891) request_id=513233 zil_blk_id=215996 ccf_commit_seqno=513233 nstreams_done_=54000 config.nstreams=1000000 avg_latency=0.5575 ms avg throuhgput (requests/sec) = 1038.6669 res=false
*==== INFO ====*  stream_id=217996 latency=0.693227 ms (tx_ts=84799668334884, rx_ts=84799669028111) request_id=518210 zil_blk_id=217996 ccf_commit_seqno=518210 nstreams_done_=54500 config.nstreams=1000000 avg_latency=0.5574 ms avg throuhgput (requests/sec) = 1038.6198 res=false
*==== INFO ====*  stream_id=219996 latency=0.498523 ms (tx_ts=84800138078614, rx_ts=84800138577137) request_id=523128 zil_blk_id=219996 ccf_commit_seqno=523128 nstreams_done_=55000 config.nstreams=1000000 avg_latency=0.5573 ms avg throuhgput (requests/sec) = 1038.8525 res=false
*==== INFO ====*  stream_id=221996 latency=0.558043 ms (tx_ts=84800615424053, rx_ts=84800615982096) request_id=527893 zil_blk_id=221996 ccf_commit_seqno=527894 nstreams_done_=55500 config.nstreams=1000000 avg_latency=0.5574 ms avg throuhgput (requests/sec) = 1038.9282 res=false
*==== INFO ====*  stream_id=223996 latency=0.506657 ms (tx_ts=84801090617345, rx_ts=84801091124002) request_id=532507 zil_blk_id=223996 ccf_commit_seqno=532507 nstreams_done_=56000 config.nstreams=1000000 avg_latency=0.5574 ms avg throuhgput (requests/sec) = 1039.0463 res=false
*==== INFO ====*  stream_id=225996 latency=0.577991 ms (tx_ts=84801571549733, rx_ts=84801572127724) request_id=537149 zil_blk_id=225996 ccf_commit_seqno=537149 nstreams_done_=56500 config.nstreams=1000000 avg_latency=0.5574 ms avg throuhgput (requests/sec) = 1039.0502 res=false
*==== INFO ====*  stream_id=227996 latency=0.485259 ms (tx_ts=84802060064396, rx_ts=84802060549655) request_id=541879 zil_blk_id=227996 ccf_commit_seqno=541879 nstreams_done_=57000 config.nstreams=1000000 avg_latency=0.5574 ms avg throuhgput (requests/sec) = 1038.9136 res=false
*==== INFO ====*  stream_id=229996 latency=0.491800 ms (tx_ts=84802522234565, rx_ts=84802522726365) request_id=546345 zil_blk_id=229996 ccf_commit_seqno=546345 nstreams_done_=57500 config.nstreams=1000000 avg_latency=0.5572 ms avg throuhgput (requests/sec) = 1039.2722 res=false
*==== INFO ====*  stream_id=231996 latency=0.452406 ms (tx_ts=84803015408956, rx_ts=84803015861362) request_id=551146 zil_blk_id=231996 ccf_commit_seqno=551146 nstreams_done_=58000 config.nstreams=1000000 avg_latency=0.5574 ms avg throuhgput (requests/sec) = 1039.0482 res=false
*==== INFO ====*  stream_id=233996 latency=0.506217 ms (tx_ts=84803476918595, rx_ts=84803477424812) request_id=555784 zil_blk_id=233996 ccf_commit_seqno=555784 nstreams_done_=58500 config.nstreams=1000000 avg_latency=0.5572 ms avg throuhgput (requests/sec) = 1039.4109 res=false
*==== INFO ====*  stream_id=235996 latency=0.467595 ms (tx_ts=84803952899754, rx_ts=84803953367349) request_id=560644 zil_blk_id=235996 ccf_commit_seqno=560644 nstreams_done_=59000 config.nstreams=1000000 avg_latency=0.5572 ms avg throuhgput (requests/sec) = 1039.5043 res=false
*==== INFO ====*  stream_id=237996 latency=0.595384 ms (tx_ts=84804418866121, rx_ts=84804419461505) request_id=565569 zil_blk_id=237996 ccf_commit_seqno=565570 nstreams_done_=59500 config.nstreams=1000000 avg_latency=0.5572 ms avg throuhgput (requests/sec) = 1039.7750 res=false
*==== INFO ====*  stream_id=239996 latency=0.560179 ms (tx_ts=84804886934906, rx_ts=84804887495085) request_id=570411 zil_blk_id=239996 ccf_commit_seqno=570412 nstreams_done_=60000 config.nstreams=1000000 avg_latency=0.5571 ms avg throuhgput (requests/sec) = 1040.0064 res=false
*==== INFO ====*  stream_id=241996 latency=0.496609 ms (tx_ts=84805379700272, rx_ts=84805380196881) request_id=575349 zil_blk_id=241996 ccf_commit_seqno=575349 nstreams_done_=60500 config.nstreams=1000000 avg_latency=0.5570 ms avg throuhgput (requests/sec) = 1039.7931 res=false
*==== INFO ====*  stream_id=243996 latency=0.602667 ms (tx_ts=84805867762753, rx_ts=84805868365420) request_id=580034 zil_blk_id=243996 ccf_commit_seqno=580035 nstreams_done_=61000 config.nstreams=1000000 avg_latency=0.5571 ms avg throuhgput (requests/sec) = 1039.6637 res=false
*==== INFO ====*  stream_id=245996 latency=0.597137 ms (tx_ts=84806339959984, rx_ts=84806340557121) request_id=584827 zil_blk_id=245996 ccf_commit_seqno=584827 nstreams_done_=61500 config.nstreams=1000000 avg_latency=0.5571 ms avg throuhgput (requests/sec) = 1039.8172 res=false
*==== INFO ====*  stream_id=247996 latency=0.835433 ms (tx_ts=84806797635751, rx_ts=84806798471184) request_id=589611 zil_blk_id=247996 ccf_commit_seqno=589611 nstreams_done_=62000 config.nstreams=1000000 avg_latency=0.5569 ms avg throuhgput (requests/sec) = 1040.2174 res=false
*==== INFO ====*  stream_id=249996 latency=0.570367 ms (tx_ts=84807261860251, rx_ts=84807262430618) request_id=594421 zil_blk_id=249996 ccf_commit_seqno=594422 nstreams_done_=62500 config.nstreams=1000000 avg_latency=0.5568 ms avg throuhgput (requests/sec) = 1040.5068 res=false
*==== INFO ====*  stream_id=251996 latency=0.479637 ms (tx_ts=84807770471837, rx_ts=84807770951474) request_id=599140 zil_blk_id=251996 ccf_commit_seqno=599140 nstreams_done_=63000 config.nstreams=1000000 avg_latency=0.5573 ms avg throuhgput (requests/sec) = 1040.0260 res=false
*==== INFO ====*  stream_id=253996 latency=0.467926 ms (tx_ts=84808246051161, rx_ts=84808246519087) request_id=603894 zil_blk_id=253996 ccf_commit_seqno=603894 nstreams_done_=63500 config.nstreams=1000000 avg_latency=0.5573 ms avg throuhgput (requests/sec) = 1040.1144 res=false
*==== INFO ====*  stream_id=255996 latency=0.519212 ms (tx_ts=84808732866953, rx_ts=84808733386165) request_id=608929 zil_blk_id=255996 ccf_commit_seqno=608929 nstreams_done_=64000 config.nstreams=1000000 avg_latency=0.5572 ms avg throuhgput (requests/sec) = 1040.0105 res=false
*==== INFO ====*  stream_id=257996 latency=0.516383 ms (tx_ts=84809192729342, rx_ts=84809193245725) request_id=613641 zil_blk_id=257996 ccf_commit_seqno=613641 nstreams_done_=64500 config.nstreams=1000000 avg_latency=0.5571 ms avg throuhgput (requests/sec) = 1040.3612 res=false
*==== INFO ====*  stream_id=259996 latency=0.442348 ms (tx_ts=84809680027292, rx_ts=84809680469640) request_id=618591 zil_blk_id=259996 ccf_commit_seqno=618591 nstreams_done_=65000 config.nstreams=1000000 avg_latency=0.5572 ms avg throuhgput (requests/sec) = 1040.2509 res=false
*==== INFO ====*  stream_id=261996 latency=0.447346 ms (tx_ts=84810146342764, rx_ts=84810146790110) request_id=623322 zil_blk_id=261996 ccf_commit_seqno=623322 nstreams_done_=65500 config.nstreams=1000000 avg_latency=0.5571 ms avg throuhgput (requests/sec) = 1040.4878 res=false
*==== INFO ====*  stream_id=263996 latency=0.540961 ms (tx_ts=84810623598331, rx_ts=84810624139292) request_id=628093 zil_blk_id=263996 ccf_commit_seqno=628093 nstreams_done_=66000 config.nstreams=1000000 avg_latency=0.5572 ms avg throuhgput (requests/sec) = 1040.5402 res=false
*==== INFO ====*  stream_id=265996 latency=0.523310 ms (tx_ts=84811097904212, rx_ts=84811098427522) request_id=632862 zil_blk_id=265996 ccf_commit_seqno=632862 nstreams_done_=66500 config.nstreams=1000000 avg_latency=0.5571 ms avg throuhgput (requests/sec) = 1040.6416 res=false
*==== INFO ====*  stream_id=267996 latency=0.582670 ms (tx_ts=84811592925184, rx_ts=84811593507854) request_id=637858 zil_blk_id=267996 ccf_commit_seqno=637859 nstreams_done_=67000 config.nstreams=1000000 avg_latency=0.5570 ms avg throuhgput (requests/sec) = 1040.4056 res=false
*==== INFO ====*  stream_id=269996 latency=0.555145 ms (tx_ts=84812065921884, rx_ts=84812066477029) request_id=642732 zil_blk_id=269996 ccf_commit_seqno=642732 nstreams_done_=67500 config.nstreams=1000000 avg_latency=0.5569 ms avg throuhgput (requests/sec) = 1040.5277 res=false
*==== INFO ====*  stream_id=271996 latency=0.617005 ms (tx_ts=84812564832930, rx_ts=84812565449935) request_id=647656 zil_blk_id=271996 ccf_commit_seqno=647657 nstreams_done_=68000 config.nstreams=1000000 avg_latency=0.5570 ms avg throuhgput (requests/sec) = 1040.2340 res=false
*==== INFO ====*  stream_id=273996 latency=0.498343 ms (tx_ts=84813056831643, rx_ts=84813057329986) request_id=652521 zil_blk_id=273996 ccf_commit_seqno=652521 nstreams_done_=68500 config.nstreams=1000000 avg_latency=0.5572 ms avg throuhgput (requests/sec) = 1040.0568 res=false
*==== INFO ====*  stream_id=275996 latency=0.807851 ms (tx_ts=84813553741177, rx_ts=84813554549028) request_id=657203 zil_blk_id=275996 ccf_commit_seqno=657203 nstreams_done_=69000 config.nstreams=1000000 avg_latency=0.5575 ms avg throuhgput (requests/sec) = 1039.7986 res=false
*==== INFO ====*  stream_id=277996 latency=0.463294 ms (tx_ts=84814054656230, rx_ts=84814055119524) request_id=662223 zil_blk_id=277996 ccf_commit_seqno=662223 nstreams_done_=69500 config.nstreams=1000000 avg_latency=0.5577 ms avg throuhgput (requests/sec) = 1039.4921 res=false
*==== INFO ====*  stream_id=279996 latency=0.468426 ms (tx_ts=84814536759468, rx_ts=84814537227894) request_id=666967 zil_blk_id=279996 ccf_commit_seqno=666967 nstreams_done_=70000 config.nstreams=1000000 avg_latency=0.5578 ms avg throuhgput (requests/sec) = 1039.4751 res=false
*==== INFO ====*  stream_id=281996 latency=0.530462 ms (tx_ts=84815055867363, rx_ts=84815056397825) request_id=672002 zil_blk_id=281996 ccf_commit_seqno=672002 nstreams_done_=70500 config.nstreams=1000000 avg_latency=0.5579 ms avg throuhgput (requests/sec) = 1038.8906 res=false
*==== INFO ====*  stream_id=283996 latency=0.480919 ms (tx_ts=84815552517431, rx_ts=84815552998350) request_id=677059 zil_blk_id=283996 ccf_commit_seqno=677059 nstreams_done_=71000 config.nstreams=1000000 avg_latency=0.5577 ms avg throuhgput (requests/sec) = 1038.6578 res=false
*==== INFO ====*  stream_id=285996 latency=0.513601 ms (tx_ts=84816057024464, rx_ts=84816057538065) request_id=682008 zil_blk_id=285996 ccf_commit_seqno=682008 nstreams_done_=71500 config.nstreams=1000000 avg_latency=0.5579 ms avg throuhgput (requests/sec) = 1038.3086 res=false
*==== INFO ====*  stream_id=287996 latency=0.501929 ms (tx_ts=84816561037038, rx_ts=84816561538967) request_id=687084 zil_blk_id=287996 ccf_commit_seqno=687084 nstreams_done_=72000 config.nstreams=1000000 avg_latency=0.5581 ms avg throuhgput (requests/sec) = 1037.9726 res=false
*==== INFO ====*  stream_id=289996 latency=0.500777 ms (tx_ts=84817093302998, rx_ts=84817093803775) request_id=692182 zil_blk_id=289996 ccf_commit_seqno=692182 nstreams_done_=72500 config.nstreams=1000000 avg_latency=0.5584 ms avg throuhgput (requests/sec) = 1037.2218 res=false
*==== INFO ====*  stream_id=291996 latency=0.626281 ms (tx_ts=84817582622266, rx_ts=84817583248547) request_id=697055 zil_blk_id=291996 ccf_commit_seqno=697055 nstreams_done_=73000 config.nstreams=1000000 avg_latency=0.5586 ms avg throuhgput (requests/sec) = 1037.1130 res=false
*==== INFO ====*  stream_id=293996 latency=0.587409 ms (tx_ts=84818053270514, rx_ts=84818053857923) request_id=701833 zil_blk_id=293996 ccf_commit_seqno=701833 nstreams_done_=73500 config.nstreams=1000000 avg_latency=0.5586 ms avg throuhgput (requests/sec) = 1037.2813 res=false
*==== INFO ====*  stream_id=295996 latency=0.508692 ms (tx_ts=84818540096816, rx_ts=84818540605508) request_id=706941 zil_blk_id=295996 ccf_commit_seqno=706941 nstreams_done_=74000 config.nstreams=1000000 avg_latency=0.5586 ms avg throuhgput (requests/sec) = 1037.2127 res=false
*==== INFO ====*  stream_id=297996 latency=0.528508 ms (tx_ts=84819066794655, rx_ts=84819067323163) request_id=712395 zil_blk_id=297996 ccf_commit_seqno=712397 nstreams_done_=74500 config.nstreams=1000000 avg_latency=0.5587 ms avg throuhgput (requests/sec) = 1036.5682 res=false
*==== INFO ====*  stream_id=299996 latency=0.599020 ms (tx_ts=84819558233538, rx_ts=84819558832558) request_id=717468 zil_blk_id=299996 ccf_commit_seqno=717469 nstreams_done_=75000 config.nstreams=1000000 avg_latency=0.5586 ms avg throuhgput (requests/sec) = 1036.4372 res=false
*==== INFO ====*  stream_id=301996 latency=0.477082 ms (tx_ts=84820044720416, rx_ts=84820045197498) request_id=722475 zil_blk_id=301996 ccf_commit_seqno=722475 nstreams_done_=75500 config.nstreams=1000000 avg_latency=0.5585 ms avg throuhgput (requests/sec) = 1036.3811 res=false
*==== INFO ====*  stream_id=303996 latency=0.527927 ms (tx_ts=84820622195581, rx_ts=84820622723508) request_id=727574 zil_blk_id=303996 ccf_commit_seqno=727574 nstreams_done_=76000 config.nstreams=1000000 avg_latency=0.5595 ms avg throuhgput (requests/sec) = 1035.0391 res=false
*==== INFO ====*  stream_id=305996 latency=0.490468 ms (tx_ts=84821125098578, rx_ts=84821125589046) request_id=732718 zil_blk_id=305996 ccf_commit_seqno=732718 nstreams_done_=76500 config.nstreams=1000000 avg_latency=0.5594 ms avg throuhgput (requests/sec) = 1034.7620 res=false
*==== INFO ====*  stream_id=307996 latency=0.538888 ms (tx_ts=84821617023213, rx_ts=84821617562101) request_id=737734 zil_blk_id=307996 ccf_commit_seqno=737734 nstreams_done_=77000 config.nstreams=1000000 avg_latency=0.5593 ms avg throuhgput (requests/sec) = 1034.6401 res=false
*==== INFO ====*  stream_id=309996 latency=0.547905 ms (tx_ts=84822147423287, rx_ts=84822147971192) request_id=742863 zil_blk_id=309996 ccf_commit_seqno=742863 nstreams_done_=77500 config.nstreams=1000000 avg_latency=0.5597 ms avg throuhgput (requests/sec) = 1033.9892 res=false
*==== INFO ====*  stream_id=311996 latency=0.517028 ms (tx_ts=84822672522267, rx_ts=84822673039295) request_id=748190 zil_blk_id=311996 ccf_commit_seqno=748190 nstreams_done_=78000 config.nstreams=1000000 avg_latency=0.5597 ms avg throuhgput (requests/sec) = 1033.4206 res=false
*==== INFO ====*  stream_id=313996 latency=1.683379 ms (tx_ts=84823212826654, rx_ts=84823214510033) request_id=753556 zil_blk_id=313996 ccf_commit_seqno=753557 nstreams_done_=78500 config.nstreams=1000000 avg_latency=0.5598 ms avg throuhgput (requests/sec) = 1032.6371 res=false
*==== INFO ====*  stream_id=315996 latency=0.482082 ms (tx_ts=84823734042483, rx_ts=84823734524565) request_id=758537 zil_blk_id=315996 ccf_commit_seqno=758537 nstreams_done_=79000 config.nstreams=1000000 avg_latency=0.5601 ms avg throuhgput (requests/sec) = 1032.1538 res=false
*==== INFO ====*  stream_id=317996 latency=0.755102 ms (tx_ts=84824240752142, rx_ts=84824241507244) request_id=763640 zil_blk_id=317996 ccf_commit_seqno=763641 nstreams_done_=79500 config.nstreams=1000000 avg_latency=0.5603 ms avg throuhgput (requests/sec) = 1031.8516 res=false
*==== INFO ====*  stream_id=319996 latency=0.534319 ms (tx_ts=84824701362253, rx_ts=84824701896572) request_id=768516 zil_blk_id=319996 ccf_commit_seqno=768517 nstreams_done_=80000 config.nstreams=1000000 avg_latency=0.5601 ms avg throuhgput (requests/sec) = 1032.1735 res=false
*==== INFO ====*  stream_id=321996 latency=0.586086 ms (tx_ts=84825179086728, rx_ts=84825179672814) request_id=773469 zil_blk_id=321996 ccf_commit_seqno=773469 nstreams_done_=80500 config.nstreams=1000000 avg_latency=0.5601 ms avg throuhgput (requests/sec) = 1032.2613 res=false
*==== INFO ====*  stream_id=323996 latency=0.543557 ms (tx_ts=84825675485487, rx_ts=84825676029044) request_id=778329 zil_blk_id=323996 ccf_commit_seqno=778329 nstreams_done_=81000 config.nstreams=1000000 avg_latency=0.5602 ms avg throuhgput (requests/sec) = 1032.1037 res=false
*==== INFO ====*  stream_id=325996 latency=0.470881 ms (tx_ts=84826169595633, rx_ts=84826170066514) request_id=783435 zil_blk_id=325996 ccf_commit_seqno=783435 nstreams_done_=81500 config.nstreams=1000000 avg_latency=0.5601 ms avg throuhgput (requests/sec) = 1031.9784 res=false
*==== INFO ====*  stream_id=327996 latency=0.492100 ms (tx_ts=84826630590050, rx_ts=84826631082150) request_id=788197 zil_blk_id=327996 ccf_commit_seqno=788197 nstreams_done_=82000 config.nstreams=1000000 avg_latency=0.5599 ms avg throuhgput (requests/sec) = 1032.2836 res=false
*==== INFO ====*  stream_id=329996 latency=0.479835 ms (tx_ts=84827087716063, rx_ts=84827088195898) request_id=792959 zil_blk_id=329996 ccf_commit_seqno=792959 nstreams_done_=82500 config.nstreams=1000000 avg_latency=0.5598 ms avg throuhgput (requests/sec) = 1032.6357 res=false
*==== INFO ====*  stream_id=331996 latency=0.519863 ms (tx_ts=84827557331725, rx_ts=84827557851588) request_id=797833 zil_blk_id=331996 ccf_commit_seqno=797833 nstreams_done_=83000 config.nstreams=1000000 avg_latency=0.5596 ms avg throuhgput (requests/sec) = 1032.8225 res=false
*==== INFO ====*  stream_id=333996 latency=0.556290 ms (tx_ts=84828032729150, rx_ts=84828033285440) request_id=802608 zil_blk_id=333996 ccf_commit_seqno=802608 nstreams_done_=83500 config.nstreams=1000000 avg_latency=0.5596 ms avg throuhgput (requests/sec) = 1032.9334 res=false
*==== INFO ====*  stream_id=335996 latency=0.545360 ms (tx_ts=84828488872271, rx_ts=84828489417631) request_id=807496 zil_blk_id=335996 ccf_commit_seqno=807496 nstreams_done_=84000 config.nstreams=1000000 avg_latency=0.5595 ms avg throuhgput (requests/sec) = 1033.2882 res=false
*==== INFO ====*  stream_id=337996 latency=0.459399 ms (tx_ts=84828958424273, rx_ts=84828958883672) request_id=812289 zil_blk_id=337996 ccf_commit_seqno=812289 nstreams_done_=84500 config.nstreams=1000000 avg_latency=0.5594 ms avg throuhgput (requests/sec) = 1033.4705 res=false
*==== INFO ====*  stream_id=339996 latency=0.518340 ms (tx_ts=84829418914729, rx_ts=84829419433069) request_id=817062 zil_blk_id=339996 ccf_commit_seqno=817063 nstreams_done_=85000 config.nstreams=1000000 avg_latency=0.5593 ms avg throuhgput (requests/sec) = 1033.7628 res=false
*==== INFO ====*  stream_id=341996 latency=0.503191 ms (tx_ts=84829888166092, rx_ts=84829888669283) request_id=821842 zil_blk_id=341996 ccf_commit_seqno=821842 nstreams_done_=85500 config.nstreams=1000000 avg_latency=0.5593 ms avg throuhgput (requests/sec) = 1033.9433 res=false
*==== INFO ====*  stream_id=343996 latency=0.517859 ms (tx_ts=84830358052763, rx_ts=84830358570622) request_id=826648 zil_blk_id=343996 ccf_commit_seqno=826649 nstreams_done_=86000 config.nstreams=1000000 avg_latency=0.5592 ms avg throuhgput (requests/sec) = 1034.1134 res=false
*==== INFO ====*  stream_id=345996 latency=0.439923 ms (tx_ts=84830824226194, rx_ts=84830824666117) request_id=831429 zil_blk_id=345996 ccf_commit_seqno=831429 nstreams_done_=86500 config.nstreams=1000000 avg_latency=0.5591 ms avg throuhgput (requests/sec) = 1034.3287 res=false
*==== INFO ====*  stream_id=347996 latency=0.511447 ms (tx_ts=84831270170325, rx_ts=84831270681772) request_id=836157 zil_blk_id=347996 ccf_commit_seqno=836157 nstreams_done_=87000 config.nstreams=1000000 avg_latency=0.5588 ms avg throuhgput (requests/sec) = 1034.7887 res=false
*==== INFO ====*  stream_id=349996 latency=0.503081 ms (tx_ts=84831742771668, rx_ts=84831743274749) request_id=840785 zil_blk_id=349996 ccf_commit_seqno=840785 nstreams_done_=87500 config.nstreams=1000000 avg_latency=0.5587 ms avg throuhgput (requests/sec) = 1034.9184 res=false
*==== INFO ====*  stream_id=351996 latency=0.555259 ms (tx_ts=84832216087391, rx_ts=84832216642650) request_id=845580 zil_blk_id=351996 ccf_commit_seqno=845580 nstreams_done_=88000 config.nstreams=1000000 avg_latency=0.5587 ms avg throuhgput (requests/sec) = 1035.0372 res=false
*==== INFO ====*  stream_id=353996 latency=0.495226 ms (tx_ts=84832702793501, rx_ts=84832703288727) request_id=850445 zil_blk_id=353996 ccf_commit_seqno=850445 nstreams_done_=88500 config.nstreams=1000000 avg_latency=0.5587 ms avg throuhgput (requests/sec) = 1034.9940 res=false
*==== INFO ====*  stream_id=355996 latency=0.634247 ms (tx_ts=84833178340457, rx_ts=84833178974704) request_id=855137 zil_blk_id=355996 ccf_commit_seqno=855137 nstreams_done_=89000 config.nstreams=1000000 avg_latency=0.5587 ms avg throuhgput (requests/sec) = 1035.0832 res=false
*==== INFO ====*  stream_id=357996 latency=0.653542 ms (tx_ts=84833659868931, rx_ts=84833660522473) request_id=859919 zil_blk_id=357996 ccf_commit_seqno=859919 nstreams_done_=89500 config.nstreams=1000000 avg_latency=0.5586 ms avg throuhgput (requests/sec) = 1035.1012 res=false
*==== INFO ====*  stream_id=359996 latency=0.474548 ms (tx_ts=84834151039646, rx_ts=84834151514194) request_id=864958 zil_blk_id=359996 ccf_commit_seqno=864959 nstreams_done_=90000 config.nstreams=1000000 avg_latency=0.5586 ms avg throuhgput (requests/sec) = 1035.0066 res=false
*==== INFO ====*  stream_id=361996 latency=0.607557 ms (tx_ts=84834633940346, rx_ts=84834634547903) request_id=870034 zil_blk_id=361996 ccf_commit_seqno=870035 nstreams_done_=90500 config.nstreams=1000000 avg_latency=0.5585 ms avg throuhgput (requests/sec) = 1035.0072 res=false
*==== INFO ====*  stream_id=363996 latency=0.491860 ms (tx_ts=84835106609713, rx_ts=84835107101573) request_id=874976 zil_blk_id=363996 ccf_commit_seqno=874976 nstreams_done_=91000 config.nstreams=1000000 avg_latency=0.5585 ms avg throuhgput (requests/sec) = 1035.1313 res=false
*==== INFO ====*  stream_id=365996 latency=0.474928 ms (tx_ts=84835580767144, rx_ts=84835581242072) request_id=879988 zil_blk_id=365996 ccf_commit_seqno=879988 nstreams_done_=91500 config.nstreams=1000000 avg_latency=0.5583 ms avg throuhgput (requests/sec) = 1035.2354 res=false
*==== INFO ====*  stream_id=367996 latency=0.547955 ms (tx_ts=84836042802855, rx_ts=84836043350810) request_id=884813 zil_blk_id=367996 ccf_commit_seqno=884813 nstreams_done_=92000 config.nstreams=1000000 avg_latency=0.5581 ms avg throuhgput (requests/sec) = 1035.4786 res=false
*==== INFO ====*  stream_id=369996 latency=0.487873 ms (tx_ts=84836516492123, rx_ts=84836516979996) request_id=889676 zil_blk_id=369996 ccf_commit_seqno=889676 nstreams_done_=92500 config.nstreams=1000000 avg_latency=0.5581 ms avg throuhgput (requests/sec) = 1035.5857 res=false
*==== INFO ====*  stream_id=371996 latency=0.532566 ms (tx_ts=84837011874359, rx_ts=84837012406925) request_id=894814 zil_blk_id=371996 ccf_commit_seqno=894814 nstreams_done_=93000 config.nstreams=1000000 avg_latency=0.5580 ms avg throuhgput (requests/sec) = 1035.4403 res=false
*==== INFO ====*  stream_id=373996 latency=0.554196 ms (tx_ts=84837485119970, rx_ts=84837485674166) request_id=899803 zil_blk_id=373996 ccf_commit_seqno=899803 nstreams_done_=93500 config.nstreams=1000000 avg_latency=0.5579 ms avg throuhgput (requests/sec) = 1035.5506 res=false
*==== INFO ====*  stream_id=375996 latency=0.519692 ms (tx_ts=84837972156607, rx_ts=84837972676299) request_id=904929 zil_blk_id=375996 ccf_commit_seqno=904929 nstreams_done_=94000 config.nstreams=1000000 avg_latency=0.5580 ms avg throuhgput (requests/sec) = 1035.5031 res=false
*==== INFO ====*  stream_id=377996 latency=0.533908 ms (tx_ts=84838418299108, rx_ts=84838418833016) request_id=909702 zil_blk_id=377996 ccf_commit_seqno=909702 nstreams_done_=94500 config.nstreams=1000000 avg_latency=0.5578 ms avg throuhgput (requests/sec) = 1035.9197 res=false
*==== INFO ====*  stream_id=379996 latency=0.524591 ms (tx_ts=84838886650272, rx_ts=84838887174863) request_id=914460 zil_blk_id=379996 ccf_commit_seqno=914460 nstreams_done_=95000 config.nstreams=1000000 avg_latency=0.5577 ms avg throuhgput (requests/sec) = 1036.0815 res=false
*==== INFO ====*  stream_id=381996 latency=0.470992 ms (tx_ts=84839351645010, rx_ts=84839352116002) request_id=919204 zil_blk_id=381996 ccf_commit_seqno=919204 nstreams_done_=95500 config.nstreams=1000000 avg_latency=0.5576 ms avg throuhgput (requests/sec) = 1036.2799 res=false
*==== INFO ====*  stream_id=383996 latency=0.603359 ms (tx_ts=84839828757669, rx_ts=84839829361028) request_id=924036 zil_blk_id=383996 ccf_commit_seqno=924037 nstreams_done_=96000 config.nstreams=1000000 avg_latency=0.5576 ms avg throuhgput (requests/sec) = 1036.3386 res=false
*==== INFO ====*  stream_id=385996 latency=0.524942 ms (tx_ts=84840291948927, rx_ts=84840292473869) request_id=928964 zil_blk_id=385996 ccf_commit_seqno=928964 nstreams_done_=96500 config.nstreams=1000000 avg_latency=0.5575 ms avg throuhgput (requests/sec) = 1036.5541 res=false
*==== INFO ====*  stream_id=387996 latency=0.497361 ms (tx_ts=84840765495534, rx_ts=84840765992895) request_id=933973 zil_blk_id=387996 ccf_commit_seqno=933974 nstreams_done_=97000 config.nstreams=1000000 avg_latency=0.5573 ms avg throuhgput (requests/sec) = 1036.6521 res=false
*==== INFO ====*  stream_id=389996 latency=0.486099 ms (tx_ts=84841239773379, rx_ts=84841240259478) request_id=938881 zil_blk_id=389996 ccf_commit_seqno=938881 nstreams_done_=97500 config.nstreams=1000000 avg_latency=0.5573 ms avg throuhgput (requests/sec) = 1036.7409 res=false
*==== INFO ====*  stream_id=391996 latency=0.492993 ms (tx_ts=84841721923212, rx_ts=84841722416205) request_id=943818 zil_blk_id=391996 ccf_commit_seqno=943818 nstreams_done_=98000 config.nstreams=1000000 avg_latency=0.5572 ms avg throuhgput (requests/sec) = 1036.7422 res=false
*==== INFO ====*  stream_id=393996 latency=0.496990 ms (tx_ts=84842194970731, rx_ts=84842195467721) request_id=948658 zil_blk_id=393996 ccf_commit_seqno=948658 nstreams_done_=98500 config.nstreams=1000000 avg_latency=0.5571 ms avg throuhgput (requests/sec) = 1036.8429 res=false
*==== INFO ====*  stream_id=395996 latency=0.583992 ms (tx_ts=84842678256010, rx_ts=84842678840002) request_id=953508 zil_blk_id=395996 ccf_commit_seqno=953508 nstreams_done_=99000 config.nstreams=1000000 avg_latency=0.5570 ms avg throuhgput (requests/sec) = 1036.8306 res=false
*==== INFO ====*  stream_id=397996 latency=0.595434 ms (tx_ts=84843201521619, rx_ts=84843202117053) request_id=958822 zil_blk_id=397996 ccf_commit_seqno=958822 nstreams_done_=99500 config.nstreams=1000000 avg_latency=0.5570 ms avg throuhgput (requests/sec) = 1036.3874 res=false
*==== INFO ====*  stream_id=399996 latency=0.457646 ms (tx_ts=84843675579502, rx_ts=84843676037148) request_id=963746 zil_blk_id=399996 ccf_commit_seqno=963746 nstreams_done_=100000 config.nstreams=1000000 avg_latency=0.5569 ms avg throuhgput (requests/sec) = 1036.4790 res=false
*==== INFO ====*  stream_id=401996 latency=0.499915 ms (tx_ts=84844135489275, rx_ts=84844135989190) request_id=968625 zil_blk_id=401996 ccf_commit_seqno=968626 nstreams_done_=100500 config.nstreams=1000000 avg_latency=0.5567 ms avg throuhgput (requests/sec) = 1036.7190 res=false
*==== INFO ====*  stream_id=403996 latency=0.492521 ms (tx_ts=84844603802521, rx_ts=84844604295042) request_id=973585 zil_blk_id=403996 ccf_commit_seqno=973585 nstreams_done_=101000 config.nstreams=1000000 avg_latency=0.5567 ms avg throuhgput (requests/sec) = 1036.8678 res=false
*==== INFO ====*  stream_id=405996 latency=0.473826 ms (tx_ts=84845059241931, rx_ts=84845059715757) request_id=978447 zil_blk_id=405996 ccf_commit_seqno=978447 nstreams_done_=101500 config.nstreams=1000000 avg_latency=0.5565 ms avg throuhgput (requests/sec) = 1037.1518 res=false
*==== INFO ====*  stream_id=407996 latency=0.575964 ms (tx_ts=84845547722105, rx_ts=84845548298069) request_id=983458 zil_blk_id=407996 ccf_commit_seqno=983458 nstreams_done_=102000 config.nstreams=1000000 avg_latency=0.5568 ms avg throuhgput (requests/sec) = 1037.0833 res=false
*==== INFO ====*  stream_id=409996 latency=0.569786 ms (tx_ts=84846027825221, rx_ts=84846028395007) request_id=988330 zil_blk_id=409996 ccf_commit_seqno=988330 nstreams_done_=102500 config.nstreams=1000000 avg_latency=0.5568 ms avg throuhgput (requests/sec) = 1037.1046 res=false
*==== INFO ====*  stream_id=411996 latency=0.609500 ms (tx_ts=84846515637733, rx_ts=84846516247233) request_id=993392 zil_blk_id=411996 ccf_commit_seqno=993392 nstreams_done_=103000 config.nstreams=1000000 avg_latency=0.5567 ms avg throuhgput (requests/sec) = 1037.0446 res=false
*==== INFO ====*  stream_id=413996 latency=0.552764 ms (tx_ts=84847002566882, rx_ts=84847003119646) request_id=998329 zil_blk_id=413996 ccf_commit_seqno=998329 nstreams_done_=103500 config.nstreams=1000000 avg_latency=0.5567 ms avg throuhgput (requests/sec) = 1036.9954 res=false
*==== INFO ====*  stream_id=415996 latency=0.572180 ms (tx_ts=84847488155394, rx_ts=84847488727574) request_id=1003274 zil_blk_id=415996 ccf_commit_seqno=1003274 nstreams_done_=104000 config.nstreams=1000000 avg_latency=0.5567 ms avg throuhgput (requests/sec) = 1036.9598 res=false
*==== INFO ====*  stream_id=417996 latency=0.552674 ms (tx_ts=84848002052713, rx_ts=84848002605387) request_id=1008395 zil_blk_id=417996 ccf_commit_seqno=1008395 nstreams_done_=104500 config.nstreams=1000000 avg_latency=0.5568 ms avg throuhgput (requests/sec) = 1036.6337 res=false
*==== INFO ====*  stream_id=419996 latency=0.553555 ms (tx_ts=84848483803225, rx_ts=84848484356780) request_id=1013479 zil_blk_id=419996 ccf_commit_seqno=1013480 nstreams_done_=105000 config.nstreams=1000000 avg_latency=0.5567 ms avg throuhgput (requests/sec) = 1036.6397 res=false
*==== INFO ====*  stream_id=421996 latency=0.508752 ms (tx_ts=84848958864255, rx_ts=84848959373007) request_id=1018470 zil_blk_id=421996 ccf_commit_seqno=1018470 nstreams_done_=105500 config.nstreams=1000000 avg_latency=0.5566 ms avg throuhgput (requests/sec) = 1036.7141 res=false
*==== INFO ====*  stream_id=423996 latency=0.558835 ms (tx_ts=84849446205415, rx_ts=84849446764250) request_id=1023615 zil_blk_id=423996 ccf_commit_seqno=1023615 nstreams_done_=106000 config.nstreams=1000000 avg_latency=0.5567 ms avg throuhgput (requests/sec) = 1036.6625 res=false
*==== INFO ====*  stream_id=425996 latency=0.514833 ms (tx_ts=84849958717493, rx_ts=84849959232326) request_id=1028791 zil_blk_id=425996 ccf_commit_seqno=1028791 nstreams_done_=106500 config.nstreams=1000000 avg_latency=0.5567 ms avg throuhgput (requests/sec) = 1036.3583 res=false
*==== INFO ====*  stream_id=427996 latency=0.513411 ms (tx_ts=84850465429571, rx_ts=84850465942982) request_id=1034024 zil_blk_id=427996 ccf_commit_seqno=1034024 nstreams_done_=107000 config.nstreams=1000000 avg_latency=0.5567 ms avg throuhgput (requests/sec) = 1036.1149 res=false
*==== INFO ====*  stream_id=429996 latency=0.552814 ms (tx_ts=84850966359860, rx_ts=84850966912674) request_id=1039183 zil_blk_id=429996 ccf_commit_seqno=1039183 nstreams_done_=107500 config.nstreams=1000000 avg_latency=0.5566 ms avg throuhgput (requests/sec) = 1035.9312 res=false
*==== INFO ====*  stream_id=431996 latency=0.606575 ms (tx_ts=84851474268950, rx_ts=84851474875525) request_id=1044371 zil_blk_id=431996 ccf_commit_seqno=1044372 nstreams_done_=108000 config.nstreams=1000000 avg_latency=0.5567 ms avg throuhgput (requests/sec) = 1035.6798 res=false
*==== INFO ====*  stream_id=433996 latency=0.472814 ms (tx_ts=84851967490972, rx_ts=84851967963786) request_id=1049202 zil_blk_id=433996 ccf_commit_seqno=1049202 nstreams_done_=108500 config.nstreams=1000000 avg_latency=0.5568 ms avg throuhgput (requests/sec) = 1035.5779 res=false
*==== INFO ====*  stream_id=435996 latency=0.588581 ms (tx_ts=84852465950752, rx_ts=84852466539333) request_id=1054261 zil_blk_id=435996 ccf_commit_seqno=1054262 nstreams_done_=109000 config.nstreams=1000000 avg_latency=0.5568 ms avg throuhgput (requests/sec) = 1035.4229 res=false
*==== INFO ====*  stream_id=437996 latency=0.644686 ms (tx_ts=84852967336391, rx_ts=84852967981077) request_id=1059546 zil_blk_id=437996 ccf_commit_seqno=1059547 nstreams_done_=109500 config.nstreams=1000000 avg_latency=0.5566 ms avg throuhgput (requests/sec) = 1035.2414 res=false
*==== INFO ====*  stream_id=439996 latency=0.501468 ms (tx_ts=84853453982816, rx_ts=84853454484284) request_id=1064694 zil_blk_id=439996 ccf_commit_seqno=1064694 nstreams_done_=110000 config.nstreams=1000000 avg_latency=0.5565 ms avg throuhgput (requests/sec) = 1035.2070 res=false
*==== INFO ====*  stream_id=441996 latency=0.484577 ms (tx_ts=84853961221785, rx_ts=84853961706362) request_id=1069795 zil_blk_id=441996 ccf_commit_seqno=1069795 nstreams_done_=110500 config.nstreams=1000000 avg_latency=0.5565 ms avg throuhgput (requests/sec) = 1034.9721 res=false
*==== INFO ====*  stream_id=443996 latency=0.443440 ms (tx_ts=84854447958351, rx_ts=84854448401791) request_id=1074818 zil_blk_id=443996 ccf_commit_seqno=1074818 nstreams_done_=111000 config.nstreams=1000000 avg_latency=0.5565 ms avg throuhgput (requests/sec) = 1034.9375 res=false
*==== INFO ====*  stream_id=445996 latency=0.568814 ms (tx_ts=84854931022541, rx_ts=84854931591355) request_id=1079897 zil_blk_id=445996 ccf_commit_seqno=1079897 nstreams_done_=111500 config.nstreams=1000000 avg_latency=0.5564 ms avg throuhgput (requests/sec) = 1034.9368 res=false
*==== INFO ====*  stream_id=447996 latency=0.492962 ms (tx_ts=84855416580209, rx_ts=84855417073171) request_id=1084986 zil_blk_id=447996 ccf_commit_seqno=1084986 nstreams_done_=112000 config.nstreams=1000000 avg_latency=0.5563 ms avg throuhgput (requests/sec) = 1034.9142 res=false
*==== INFO ====*  stream_id=449996 latency=0.739623 ms (tx_ts=84855905020931, rx_ts=84855905760554) request_id=1089912 zil_blk_id=449996 ccf_commit_seqno=1089916 nstreams_done_=112500 config.nstreams=1000000 avg_latency=0.5563 ms avg throuhgput (requests/sec) = 1034.8613 res=false
*==== INFO ====*  stream_id=451996 latency=0.655536 ms (tx_ts=84856382819484, rx_ts=84856383475020) request_id=1094869 zil_blk_id=451996 ccf_commit_seqno=1094870 nstreams_done_=113000 config.nstreams=1000000 avg_latency=0.5562 ms avg throuhgput (requests/sec) = 1034.9129 res=false
*==== INFO ====*  stream_id=453996 latency=0.675073 ms (tx_ts=84856893485152, rx_ts=84856894160225) request_id=1099890 zil_blk_id=453996 ccf_commit_seqno=1099890 nstreams_done_=113500 config.nstreams=1000000 avg_latency=0.5562 ms avg throuhgput (requests/sec) = 1034.6530 res=false
*==== INFO ====*  stream_id=455996 latency=0.585074 ms (tx_ts=84857417859505, rx_ts=84857418444579) request_id=1105138 zil_blk_id=455996 ccf_commit_seqno=1105138 nstreams_done_=114000 config.nstreams=1000000 avg_latency=0.5564 ms avg throuhgput (requests/sec) = 1034.2678 res=false
*==== INFO ====*  stream_id=457996 latency=0.692575 ms (tx_ts=84857909655083, rx_ts=84857910347658) request_id=1110210 zil_blk_id=457996 ccf_commit_seqno=1110212 nstreams_done_=114500 config.nstreams=1000000 avg_latency=0.5564 ms avg throuhgput (requests/sec) = 1034.1887 res=false
*==== INFO ====*  stream_id=459996 latency=0.509293 ms (tx_ts=84858379102233, rx_ts=84858379611526) request_id=1115102 zil_blk_id=459996 ccf_commit_seqno=1115103 nstreams_done_=115000 config.nstreams=1000000 avg_latency=0.5563 ms avg throuhgput (requests/sec) = 1034.3209 res=false
*==== INFO ====*  stream_id=461996 latency=0.629839 ms (tx_ts=84858862177273, rx_ts=84858862807112) request_id=1119874 zil_blk_id=461996 ccf_commit_seqno=1119875 nstreams_done_=115500 config.nstreams=1000000 avg_latency=0.5563 ms avg throuhgput (requests/sec) = 1034.3228 res=false
*==== INFO ====*  stream_id=463996 latency=0.564576 ms (tx_ts=84859335470181, rx_ts=84859336034757) request_id=1124864 zil_blk_id=463996 ccf_commit_seqno=1124864 nstreams_done_=116000 config.nstreams=1000000 avg_latency=0.5563 ms avg throuhgput (requests/sec) = 1034.4167 res=false
*==== INFO ====*  stream_id=465996 latency=0.538136 ms (tx_ts=84859803102573, rx_ts=84859803640709) request_id=1129658 zil_blk_id=465996 ccf_commit_seqno=1129658 nstreams_done_=116500 config.nstreams=1000000 avg_latency=0.5562 ms avg throuhgput (requests/sec) = 1034.5615 res=false
*==== INFO ====*  stream_id=467996 latency=0.641952 ms (tx_ts=84860302302862, rx_ts=84860302944814) request_id=1134788 zil_blk_id=467996 ccf_commit_seqno=1134788 nstreams_done_=117000 config.nstreams=1000000 avg_latency=0.5562 ms avg throuhgput (requests/sec) = 1034.4151 res=false
*==== INFO ====*  stream_id=469996 latency=0.461874 ms (tx_ts=84860799779646, rx_ts=84860800241520) request_id=1139768 zil_blk_id=469996 ccf_commit_seqno=1139768 nstreams_done_=117500 config.nstreams=1000000 avg_latency=0.5562 ms avg throuhgput (requests/sec) = 1034.2882 res=false
*==== INFO ====*  stream_id=471996 latency=0.578702 ms (tx_ts=84861299623613, rx_ts=84861300202315) request_id=1144777 zil_blk_id=471996 ccf_commit_seqno=1144777 nstreams_done_=118000 config.nstreams=1000000 avg_latency=0.5562 ms avg throuhgput (requests/sec) = 1034.1383 res=false
*==== INFO ====*  stream_id=473996 latency=0.590519 ms (tx_ts=84861811451501, rx_ts=84861812042020) request_id=1149799 zil_blk_id=473996 ccf_commit_seqno=1149799 nstreams_done_=118500 config.nstreams=1000000 avg_latency=0.5562 ms avg throuhgput (requests/sec) = 1033.8826 res=false
*==== INFO ====*  stream_id=475996 latency=0.527316 ms (tx_ts=84862302383307, rx_ts=84862302910623) request_id=1154739 zil_blk_id=475996 ccf_commit_seqno=1154739 nstreams_done_=119000 config.nstreams=1000000 avg_latency=0.5563 ms avg throuhgput (requests/sec) = 1033.8174 res=false
*==== INFO ====*  stream_id=477996 latency=0.518600 ms (tx_ts=84862760465104, rx_ts=84862760983704) request_id=1159561 zil_blk_id=477996 ccf_commit_seqno=1159561 nstreams_done_=119500 config.nstreams=1000000 avg_latency=0.5562 ms avg throuhgput (requests/sec) = 1034.0462 res=false
*==== INFO ====*  stream_id=479996 latency=0.480108 ms (tx_ts=84863235953676, rx_ts=84863236433784) request_id=1164314 zil_blk_id=479996 ccf_commit_seqno=1164314 nstreams_done_=120000 config.nstreams=1000000 avg_latency=0.5561 ms avg throuhgput (requests/sec) = 1034.1182 res=false
*==== INFO ====*  stream_id=481996 latency=0.688679 ms (tx_ts=84863714702417, rx_ts=84863715391096) request_id=1169213 zil_blk_id=481996 ccf_commit_seqno=1169215 nstreams_done_=120500 config.nstreams=1000000 avg_latency=0.5562 ms avg throuhgput (requests/sec) = 1034.1586 res=false
*==== INFO ====*  stream_id=483996 latency=0.540531 ms (tx_ts=84864197047216, rx_ts=84864197587747) request_id=1174195 zil_blk_id=483996 ccf_commit_seqno=1174196 nstreams_done_=121000 config.nstreams=1000000 avg_latency=0.5562 ms avg throuhgput (requests/sec) = 1034.1700 res=false
*==== INFO ====*  stream_id=485996 latency=0.497661 ms (tx_ts=84864670072190, rx_ts=84864670569851) request_id=1179106 zil_blk_id=485996 ccf_commit_seqno=1179106 nstreams_done_=121500 config.nstreams=1000000 avg_latency=0.5562 ms avg throuhgput (requests/sec) = 1034.2624 res=false
*==== INFO ====*  stream_id=487996 latency=0.463117 ms (tx_ts=84865129044549, rx_ts=84865129507666) request_id=1184013 zil_blk_id=487996 ccf_commit_seqno=1184013 nstreams_done_=122000 config.nstreams=1000000 avg_latency=0.5561 ms avg throuhgput (requests/sec) = 1034.4772 res=false
*==== INFO ====*  stream_id=489996 latency=0.495908 ms (tx_ts=84865634908474, rx_ts=84865635404382) request_id=1188993 zil_blk_id=489996 ccf_commit_seqno=1188993 nstreams_done_=122500 config.nstreams=1000000 avg_latency=0.5561 ms avg throuhgput (requests/sec) = 1034.2802 res=false
*==== INFO ====*  stream_id=491996 latency=0.571670 ms (tx_ts=84866112953609, rx_ts=84866113525279) request_id=1193928 zil_blk_id=491996 ccf_commit_seqno=1193929 nstreams_done_=123000 config.nstreams=1000000 avg_latency=0.5561 ms avg throuhgput (requests/sec) = 1034.3263 res=false
*==== INFO ====*  stream_id=493996 latency=0.641010 ms (tx_ts=84866590872284, rx_ts=84866591513294) request_id=1198841 zil_blk_id=493996 ccf_commit_seqno=1198843 nstreams_done_=123500 config.nstreams=1000000 avg_latency=0.5560 ms avg throuhgput (requests/sec) = 1034.3733 res=false
*==== INFO ====*  stream_id=495996 latency=0.502600 ms (tx_ts=84867110401536, rx_ts=84867110904136) request_id=1203395 zil_blk_id=495996 ccf_commit_seqno=1203395 nstreams_done_=124000 config.nstreams=1000000 avg_latency=0.5565 ms avg throuhgput (requests/sec) = 1034.0627 res=false
*==== INFO ====*  stream_id=497996 latency=0.515106 ms (tx_ts=84867589920385, rx_ts=84867590435491) request_id=1208155 zil_blk_id=497996 ccf_commit_seqno=1208155 nstreams_done_=124500 config.nstreams=1000000 avg_latency=0.5565 ms avg throuhgput (requests/sec) = 1034.0970 res=false
*==== INFO ====*  stream_id=499996 latency=0.555809 ms (tx_ts=84868059109413, rx_ts=84868059665222) request_id=1212975 zil_blk_id=499996 ccf_commit_seqno=1212975 nstreams_done_=125000 config.nstreams=1000000 avg_latency=0.5564 ms avg throuhgput (requests/sec) = 1034.2193 res=false
*==== INFO ====*  stream_id=501996 latency=0.476862 ms (tx_ts=84868519973087, rx_ts=84868520449949) request_id=1217773 zil_blk_id=501996 ccf_commit_seqno=1217773 nstreams_done_=125500 config.nstreams=1000000 avg_latency=0.5564 ms avg throuhgput (requests/sec) = 1034.4125 res=false
*==== INFO ====*  stream_id=503996 latency=0.451334 ms (tx_ts=84868963768937, rx_ts=84868964220271) request_id=1222367 zil_blk_id=503996 ccf_commit_seqno=1222367 nstreams_done_=126000 config.nstreams=1000000 avg_latency=0.5562 ms avg throuhgput (requests/sec) = 1034.7489 res=false
*==== INFO ====*  stream_id=505996 latency=0.556208 ms (tx_ts=84869430184811, rx_ts=84869430741019) request_id=1227180 zil_blk_id=505996 ccf_commit_seqno=1227180 nstreams_done_=126500 config.nstreams=1000000 avg_latency=0.5562 ms avg throuhgput (requests/sec) = 1034.8901 res=false
*==== INFO ====*  stream_id=507996 latency=0.442458 ms (tx_ts=84869898242151, rx_ts=84869898684609) request_id=1231864 zil_blk_id=507996 ccf_commit_seqno=1231864 nstreams_done_=127000 config.nstreams=1000000 avg_latency=0.5562 ms avg throuhgput (requests/sec) = 1035.0183 res=false
*==== INFO ====*  stream_id=509996 latency=0.522357 ms (tx_ts=84870422832096, rx_ts=84870423354453) request_id=1237340 zil_blk_id=509996 ccf_commit_seqno=1237340 nstreams_done_=127500 config.nstreams=1000000 avg_latency=0.5563 ms avg throuhgput (requests/sec) = 1034.6690 res=false
*==== INFO ====*  stream_id=511996 latency=0.514101 ms (tx_ts=84870930162673, rx_ts=84870930676774) request_id=1242684 zil_blk_id=511996 ccf_commit_seqno=1242684 nstreams_done_=128000 config.nstreams=1000000 avg_latency=0.5563 ms avg throuhgput (requests/sec) = 1034.4677 res=false
*==== INFO ====*  stream_id=513996 latency=0.448719 ms (tx_ts=84871408072732, rx_ts=84871408521451) request_id=1247619 zil_blk_id=513996 ccf_commit_seqno=1247620 nstreams_done_=128500 config.nstreams=1000000 avg_latency=0.5563 ms avg throuhgput (requests/sec) = 1034.5135 res=false
*==== INFO ====*  stream_id=515996 latency=0.460461 ms (tx_ts=84871890507957, rx_ts=84871890968418) request_id=1252628 zil_blk_id=515996 ccf_commit_seqno=1252628 nstreams_done_=129000 config.nstreams=1000000 avg_latency=0.5563 ms avg throuhgput (requests/sec) = 1034.5207 res=false
*==== INFO ====*  stream_id=517996 latency=0.655867 ms (tx_ts=84872381188362, rx_ts=84872381844229) request_id=1257669 zil_blk_id=517996 ccf_commit_seqno=1257670 nstreams_done_=129500 config.nstreams=1000000 avg_latency=0.5563 ms avg throuhgput (requests/sec) = 1034.4583 res=false
*==== INFO ====*  stream_id=519996 latency=0.470330 ms (tx_ts=84872870604055, rx_ts=84872871074385) request_id=1262574 zil_blk_id=519996 ccf_commit_seqno=1262574 nstreams_done_=130000 config.nstreams=1000000 avg_latency=0.5563 ms avg throuhgput (requests/sec) = 1034.4098 res=false
*==== INFO ====*  stream_id=521996 latency=0.539329 ms (tx_ts=84873402630138, rx_ts=84873403169467) request_id=1267936 zil_blk_id=521996 ccf_commit_seqno=1267936 nstreams_done_=130500 config.nstreams=1000000 avg_latency=0.5564 ms avg throuhgput (requests/sec) = 1034.0104 res=false
*==== INFO ====*  stream_id=523996 latency=0.524080 ms (tx_ts=84873881065588, rx_ts=84873881589668) request_id=1272883 zil_blk_id=523996 ccf_commit_seqno=1272883 nstreams_done_=131000 config.nstreams=1000000 avg_latency=0.5564 ms avg throuhgput (requests/sec) = 1034.0523 res=false
*==== INFO ====*  stream_id=525996 latency=0.512509 ms (tx_ts=84874363473720, rx_ts=84874363986229) request_id=1278023 zil_blk_id=525996 ccf_commit_seqno=1278023 nstreams_done_=131500 config.nstreams=1000000 avg_latency=0.5563 ms avg throuhgput (requests/sec) = 1034.0616 res=false
*==== INFO ====*  stream_id=527996 latency=0.459409 ms (tx_ts=84874849155500, rx_ts=84874849614909) request_id=1283253 zil_blk_id=527996 ccf_commit_seqno=1283253 nstreams_done_=132000 config.nstreams=1000000 avg_latency=0.5562 ms avg throuhgput (requests/sec) = 1034.0446 res=false
*==== INFO ====*  stream_id=529996 latency=0.553245 ms (tx_ts=84875327669589, rx_ts=84875328222834) request_id=1288226 zil_blk_id=529996 ccf_commit_seqno=1288226 nstreams_done_=132500 config.nstreams=1000000 avg_latency=0.5561 ms avg throuhgput (requests/sec) = 1034.0844 res=false
*==== INFO ====*  stream_id=531996 latency=0.545911 ms (tx_ts=84875816802431, rx_ts=84875817348342) request_id=1293307 zil_blk_id=531996 ccf_commit_seqno=1293307 nstreams_done_=133000 config.nstreams=1000000 avg_latency=0.5561 ms avg throuhgput (requests/sec) = 1034.0393 res=false
*==== INFO ====*  stream_id=533996 latency=0.547915 ms (tx_ts=84876315884079, rx_ts=84876316431994) request_id=1298349 zil_blk_id=533996 ccf_commit_seqno=1298349 nstreams_done_=133500 config.nstreams=1000000 avg_latency=0.5561 ms avg throuhgput (requests/sec) = 1033.9148 res=false
*==== INFO ====*  stream_id=535996 latency=0.712884 ms (tx_ts=84876840435801, rx_ts=84876841148685) request_id=1303568 zil_blk_id=535996 ccf_commit_seqno=1303569 nstreams_done_=134000 config.nstreams=1000000 avg_latency=0.5560 ms avg throuhgput (requests/sec) = 1033.5869 res=false
*==== INFO ====*  stream_id=537996 latency=0.527627 ms (tx_ts=84877388045651, rx_ts=84877388573278) request_id=1308787 zil_blk_id=537996 ccf_commit_seqno=1308787 nstreams_done_=134500 config.nstreams=1000000 avg_latency=0.5560 ms avg throuhgput (requests/sec) = 1033.0814 res=false
*==== INFO ====*  stream_id=539996 latency=0.479537 ms (tx_ts=84877933139303, rx_ts=84877933618840) request_id=1314099 zil_blk_id=539996 ccf_commit_seqno=1314099 nstreams_done_=135000 config.nstreams=1000000 avg_latency=0.5560 ms avg throuhgput (requests/sec) = 1032.5990 res=false
*==== INFO ====*  stream_id=541996 latency=1.377788 ms (tx_ts=84878459546305, rx_ts=84878460924093) request_id=1319193 zil_blk_id=541996 ccf_commit_seqno=1319193 nstreams_done_=135500 config.nstreams=1000000 avg_latency=0.5560 ms avg throuhgput (requests/sec) = 1032.2600 res=false
*==== INFO ====*  stream_id=543996 latency=0.570327 ms (tx_ts=84878973120087, rx_ts=84878973690414) request_id=1324276 zil_blk_id=543996 ccf_commit_seqno=1324276 nstreams_done_=136000 config.nstreams=1000000 avg_latency=0.5561 ms avg throuhgput (requests/sec) = 1032.0376 res=false
*==== INFO ====*  stream_id=545996 latency=0.526485 ms (tx_ts=84879480159184, rx_ts=84879480685669) request_id=1329388 zil_blk_id=545996 ccf_commit_seqno=1329388 nstreams_done_=136500 config.nstreams=1000000 avg_latency=0.5561 ms avg throuhgput (requests/sec) = 1031.8619 res=false
*==== INFO ====*  stream_id=547996 latency=0.453829 ms (tx_ts=84879996265764, rx_ts=84879996719593) request_id=1334584 zil_blk_id=547996 ccf_commit_seqno=1334584 nstreams_done_=137000 config.nstreams=1000000 avg_latency=0.5560 ms avg throuhgput (requests/sec) = 1031.6174 res=false
*==== INFO ====*  stream_id=549996 latency=0.580396 ms (tx_ts=84880498813918, rx_ts=84880499394314) request_id=1339641 zil_blk_id=549996 ccf_commit_seqno=1339641 nstreams_done_=137500 config.nstreams=1000000 avg_latency=0.5560 ms avg throuhgput (requests/sec) = 1031.4781 res=false
*==== INFO ====*  stream_id=551996 latency=0.540612 ms (tx_ts=84881003791698, rx_ts=84881004332310) request_id=1344978 zil_blk_id=551996 ccf_commit_seqno=1344979 nstreams_done_=138000 config.nstreams=1000000 avg_latency=0.5559 ms avg throuhgput (requests/sec) = 1031.3224 res=false
*==== INFO ====*  stream_id=553996 latency=0.530963 ms (tx_ts=84881502931138, rx_ts=84881503462101) request_id=1350056 zil_blk_id=553996 ccf_commit_seqno=1350056 nstreams_done_=138500 config.nstreams=1000000 avg_latency=0.5558 ms avg throuhgput (requests/sec) = 1031.2125 res=false
*==== INFO ====*  stream_id=555996 latency=0.583612 ms (tx_ts=84881993440068, rx_ts=84881994023680) request_id=1354923 zil_blk_id=555996 ccf_commit_seqno=1354923 nstreams_done_=139000 config.nstreams=1000000 avg_latency=0.5557 ms avg throuhgput (requests/sec) = 1031.1689 res=false
*==== INFO ====*  stream_id=557996 latency=0.696813 ms (tx_ts=84882509590138, rx_ts=84882510286951) request_id=1360163 zil_blk_id=557996 ccf_commit_seqno=1360164 nstreams_done_=139500 config.nstreams=1000000 avg_latency=0.5557 ms avg throuhgput (requests/sec) = 1030.9298 res=false
*==== INFO ====*  stream_id=559996 latency=0.573373 ms (tx_ts=84883014822303, rx_ts=84883015395676) request_id=1365202 zil_blk_id=559996 ccf_commit_seqno=1365203 nstreams_done_=140000 config.nstreams=1000000 avg_latency=0.5557 ms avg throuhgput (requests/sec) = 1030.7772 res=false
*==== INFO ====*  stream_id=561996 latency=0.494766 ms (tx_ts=84883535872222, rx_ts=84883536366988) request_id=1370527 zil_blk_id=561996 ccf_commit_seqno=1370527 nstreams_done_=140500 config.nstreams=1000000 avg_latency=0.5556 ms avg throuhgput (requests/sec) = 1030.5057 res=false
*==== INFO ====*  stream_id=563996 latency=0.530242 ms (tx_ts=84884028391674, rx_ts=84884028921916) request_id=1375588 zil_blk_id=563996 ccf_commit_seqno=1375588 nstreams_done_=141000 config.nstreams=1000000 avg_latency=0.5555 ms avg throuhgput (requests/sec) = 1030.4503 res=false
*==== INFO ====*  stream_id=565996 latency=0.638725 ms (tx_ts=84884516272978, rx_ts=84884516911703) request_id=1380834 zil_blk_id=565996 ccf_commit_seqno=1380834 nstreams_done_=141500 config.nstreams=1000000 avg_latency=0.5554 ms avg throuhgput (requests/sec) = 1030.4296 res=false
*==== INFO ====*  stream_id=567996 latency=0.536684 ms (tx_ts=84885013752287, rx_ts=84885014288971) request_id=1386068 zil_blk_id=567996 ccf_commit_seqno=1386068 nstreams_done_=142000 config.nstreams=1000000 avg_latency=0.5553 ms avg throuhgput (requests/sec) = 1030.3388 res=false
*==== INFO ====*  stream_id=569996 latency=0.553014 ms (tx_ts=84885518941991, rx_ts=84885519495005) request_id=1391315 zil_blk_id=569996 ccf_commit_seqno=1391315 nstreams_done_=142500 config.nstreams=1000000 avg_latency=0.5552 ms avg throuhgput (requests/sec) = 1030.1904 res=false
*==== INFO ====*  stream_id=571996 latency=0.483454 ms (tx_ts=84886027451090, rx_ts=84886027934544) request_id=1396525 zil_blk_id=571996 ccf_commit_seqno=1396525 nstreams_done_=143000 config.nstreams=1000000 avg_latency=0.5552 ms avg throuhgput (requests/sec) = 1030.0190 res=false
*==== INFO ====*  stream_id=573996 latency=0.585836 ms (tx_ts=84886542913071, rx_ts=84886543498907) request_id=1401749 zil_blk_id=573996 ccf_commit_seqno=1401750 nstreams_done_=143500 config.nstreams=1000000 avg_latency=0.5552 ms avg throuhgput (requests/sec) = 1029.7962 res=false
*==== INFO ====*  stream_id=575996 latency=0.553144 ms (tx_ts=84887054024636, rx_ts=84887054577780) request_id=1406908 zil_blk_id=575996 ccf_commit_seqno=1406908 nstreams_done_=144000 config.nstreams=1000000 avg_latency=0.5552 ms avg throuhgput (requests/sec) = 1029.6082 res=false
*==== INFO ====*  stream_id=577996 latency=0.553586 ms (tx_ts=84887563725852, rx_ts=84887564279438) request_id=1412066 zil_blk_id=577996 ccf_commit_seqno=1412067 nstreams_done_=144500 config.nstreams=1000000 avg_latency=0.5552 ms avg throuhgput (requests/sec) = 1029.4315 res=false
*==== INFO ====*  stream_id=579996 latency=0.505766 ms (tx_ts=84888064640695, rx_ts=84888065146461) request_id=1417243 zil_blk_id=579996 ccf_commit_seqno=1417244 nstreams_done_=145000 config.nstreams=1000000 avg_latency=0.5552 ms avg throuhgput (requests/sec) = 1029.3207 res=false
*==== INFO ====*  stream_id=581996 latency=0.561089 ms (tx_ts=84888566468555, rx_ts=84888567029644) request_id=1422474 zil_blk_id=581996 ccf_commit_seqno=1422475 nstreams_done_=145500 config.nstreams=1000000 avg_latency=0.5552 ms avg throuhgput (requests/sec) = 1029.2033 res=false
*==== INFO ====*  stream_id=583996 latency=0.590043 ms (tx_ts=84889065530447, rx_ts=84889066120490) request_id=1427753 zil_blk_id=583996 ccf_commit_seqno=1427753 nstreams_done_=146000 config.nstreams=1000000 avg_latency=0.5551 ms avg throuhgput (requests/sec) = 1029.1070 res=false
*==== INFO ====*  stream_id=585996 latency=0.498874 ms (tx_ts=84889595669467, rx_ts=84889596168341) request_id=1433281 zil_blk_id=585996 ccf_commit_seqno=1433281 nstreams_done_=146500 config.nstreams=1000000 avg_latency=0.5551 ms avg throuhgput (requests/sec) = 1028.7876 res=false
*==== INFO ====*  stream_id=587996 latency=0.544779 ms (tx_ts=84890090240915, rx_ts=84890090785694) request_id=1438365 zil_blk_id=587996 ccf_commit_seqno=1438365 nstreams_done_=147000 config.nstreams=1000000 avg_latency=0.5551 ms avg throuhgput (requests/sec) = 1028.7257 res=false
*==== INFO ====*  stream_id=589996 latency=0.543808 ms (tx_ts=84890612958539, rx_ts=84890613502347) request_id=1443736 zil_blk_id=589996 ccf_commit_seqno=1443736 nstreams_done_=147500 config.nstreams=1000000 avg_latency=0.5551 ms avg throuhgput (requests/sec) = 1028.4626 res=false
*==== INFO ====*  stream_id=591996 latency=0.479738 ms (tx_ts=84891115691500, rx_ts=84891116171238) request_id=1448978 zil_blk_id=591996 ccf_commit_seqno=1448978 nstreams_done_=148000 config.nstreams=1000000 avg_latency=0.5551 ms avg throuhgput (requests/sec) = 1028.3446 res=false
*==== INFO ====*  stream_id=593996 latency=0.503482 ms (tx_ts=84891620618199, rx_ts=84891621121681) request_id=1454030 zil_blk_id=593996 ccf_commit_seqno=1454030 nstreams_done_=148500 config.nstreams=1000000 avg_latency=0.5551 ms avg throuhgput (requests/sec) = 1028.2112 res=false
*==== INFO ====*  stream_id=595996 latency=0.555949 ms (tx_ts=84892143570460, rx_ts=84892144126409) request_id=1459407 zil_blk_id=595996 ccf_commit_seqno=1459408 nstreams_done_=149000 config.nstreams=1000000 avg_latency=0.5551 ms avg throuhgput (requests/sec) = 1027.9507 res=false
*==== INFO ====*  stream_id=597996 latency=0.462114 ms (tx_ts=84892656742175, rx_ts=84892657204289) request_id=1464733 zil_blk_id=597996 ccf_commit_seqno=1464733 nstreams_done_=149500 config.nstreams=1000000 avg_latency=0.5551 ms avg throuhgput (requests/sec) = 1027.7622 res=false
*==== INFO ====*  stream_id=599996 latency=0.476532 ms (tx_ts=84893168378655, rx_ts=84893168855187) request_id=1469972 zil_blk_id=599996 ccf_commit_seqno=1469972 nstreams_done_=150000 config.nstreams=1000000 avg_latency=0.5551 ms avg throuhgput (requests/sec) = 1027.5851 res=false
*==== INFO ====*  stream_id=601996 latency=0.528889 ms (tx_ts=84893651218963, rx_ts=84893651747852) request_id=1475032 zil_blk_id=601996 ccf_commit_seqno=1475032 nstreams_done_=150500 config.nstreams=1000000 avg_latency=0.5551 ms avg throuhgput (requests/sec) = 1027.6110 res=false
*==== INFO ====*  stream_id=603996 latency=0.485819 ms (tx_ts=84894105377391, rx_ts=84894105863210) request_id=1479823 zil_blk_id=603996 ccf_commit_seqno=1479823 nstreams_done_=151000 config.nstreams=1000000 avg_latency=0.5550 ms avg throuhgput (requests/sec) = 1027.8379 res=false
*==== INFO ====*  stream_id=605996 latency=0.575737 ms (tx_ts=84894589147059, rx_ts=84894589722796) request_id=1484848 zil_blk_id=605996 ccf_commit_seqno=1484848 nstreams_done_=151500 config.nstreams=1000000 avg_latency=0.5550 ms avg throuhgput (requests/sec) = 1027.8561 res=false
*==== INFO ====*  stream_id=607996 latency=0.564365 ms (tx_ts=84895060600413, rx_ts=84895061164778) request_id=1489761 zil_blk_id=607996 ccf_commit_seqno=1489762 nstreams_done_=152000 config.nstreams=1000000 avg_latency=0.5550 ms avg throuhgput (requests/sec) = 1027.9604 res=false
*==== INFO ====*  stream_id=609996 latency=0.498442 ms (tx_ts=84895535538456, rx_ts=84895536036898) request_id=1494609 zil_blk_id=609996 ccf_commit_seqno=1494609 nstreams_done_=152500 config.nstreams=1000000 avg_latency=0.5550 ms avg throuhgput (requests/sec) = 1028.0403 res=false
*==== INFO ====*  stream_id=611996 latency=0.516726 ms (tx_ts=84896009677659, rx_ts=84896010194385) request_id=1499473 zil_blk_id=611996 ccf_commit_seqno=1499473 nstreams_done_=153000 config.nstreams=1000000 avg_latency=0.5550 ms avg throuhgput (requests/sec) = 1028.1246 res=false
*==== INFO ====*  stream_id=613996 latency=0.566930 ms (tx_ts=84896481722428, rx_ts=84896482289358) request_id=1504281 zil_blk_id=613996 ccf_commit_seqno=1504282 nstreams_done_=153500 config.nstreams=1000000 avg_latency=0.5550 ms avg throuhgput (requests/sec) = 1028.2226 res=false
*==== INFO ====*  stream_id=615996 latency=0.479387 ms (tx_ts=84896943192339, rx_ts=84896943671726) request_id=1508940 zil_blk_id=615996 ccf_commit_seqno=1508940 nstreams_done_=154000 config.nstreams=1000000 avg_latency=0.5550 ms avg throuhgput (requests/sec) = 1028.3935 res=false
*==== INFO ====*  stream_id=617996 latency=0.476280 ms (tx_ts=84897442908341, rx_ts=84897443384621) request_id=1513819 zil_blk_id=617996 ccf_commit_seqno=1513819 nstreams_done_=154500 config.nstreams=1000000 avg_latency=0.5551 ms avg throuhgput (requests/sec) = 1028.3010 res=false
*==== INFO ====*  stream_id=619996 latency=0.773727 ms (tx_ts=84897926559427, rx_ts=84897927333154) request_id=1518651 zil_blk_id=619996 ccf_commit_seqno=1518652 nstreams_done_=155000 config.nstreams=1000000 avg_latency=0.5552 ms avg throuhgput (requests/sec) = 1028.3166 res=false
*==== INFO ====*  stream_id=621996 latency=0.536803 ms (tx_ts=84898383503689, rx_ts=84898384040492) request_id=1523495 zil_blk_id=621996 ccf_commit_seqno=1523495 nstreams_done_=155500 config.nstreams=1000000 avg_latency=0.5550 ms avg throuhgput (requests/sec) = 1028.5174 res=false
*==== INFO ====*  stream_id=623996 latency=0.445052 ms (tx_ts=84898847458346, rx_ts=84898847903398) request_id=1528337 zil_blk_id=623996 ccf_commit_seqno=1528337 nstreams_done_=156000 config.nstreams=1000000 avg_latency=0.5550 ms avg throuhgput (requests/sec) = 1028.6685 res=false
*==== INFO ====*  stream_id=625996 latency=0.532085 ms (tx_ts=84899319193764, rx_ts=84899319725849) request_id=1532996 zil_blk_id=625996 ccf_commit_seqno=1532997 nstreams_done_=156500 config.nstreams=1000000 avg_latency=0.5550 ms avg throuhgput (requests/sec) = 1028.7648 res=false
*==== INFO ====*  stream_id=627996 latency=0.510374 ms (tx_ts=84899791937913, rx_ts=84899792448287) request_id=1537979 zil_blk_id=627996 ccf_commit_seqno=1537980 nstreams_done_=157000 config.nstreams=1000000 avg_latency=0.5549 ms avg throuhgput (requests/sec) = 1028.8544 res=false
*==== INFO ====*  stream_id=629996 latency=0.574906 ms (tx_ts=84900294286519, rx_ts=84900294861425) request_id=1543173 zil_blk_id=629996 ccf_commit_seqno=1543174 nstreams_done_=157500 config.nstreams=1000000 avg_latency=0.5550 ms avg throuhgput (requests/sec) = 1028.7440 res=false
*==== INFO ====*  stream_id=631996 latency=0.548085 ms (tx_ts=84900776875476, rx_ts=84900777423561) request_id=1548050 zil_blk_id=631996 ccf_commit_seqno=1548050 nstreams_done_=158000 config.nstreams=1000000 avg_latency=0.5550 ms avg throuhgput (requests/sec) = 1028.7672 res=false
*==== INFO ====*  stream_id=633996 latency=0.464870 ms (tx_ts=84901240384752, rx_ts=84901240849622) request_id=1552731 zil_blk_id=633996 ccf_commit_seqno=1552731 nstreams_done_=158500 config.nstreams=1000000 avg_latency=0.5550 ms avg throuhgput (requests/sec) = 1028.9181 res=false
*==== INFO ====*  stream_id=635996 latency=0.495106 ms (tx_ts=84901718776956, rx_ts=84901719272062) request_id=1557641 zil_blk_id=635996 ccf_commit_seqno=1557641 nstreams_done_=159000 config.nstreams=1000000 avg_latency=0.5550 ms avg throuhgput (requests/sec) = 1028.9682 res=false
*==== INFO ====*  stream_id=637996 latency=0.587258 ms (tx_ts=84902193595182, rx_ts=84902194182440) request_id=1562491 zil_blk_id=637996 ccf_commit_seqno=1562492 nstreams_done_=159500 config.nstreams=1000000 avg_latency=0.5550 ms avg throuhgput (requests/sec) = 1029.0413 res=false
*==== INFO ====*  stream_id=639996 latency=0.561891 ms (tx_ts=84902654909780, rx_ts=84902655471671) request_id=1567343 zil_blk_id=639996 ccf_commit_seqno=1567343 nstreams_done_=160000 config.nstreams=1000000 avg_latency=0.5549 ms avg throuhgput (requests/sec) = 1029.2041 res=false
*==== INFO ====*  stream_id=641996 latency=0.503792 ms (tx_ts=84903102301339, rx_ts=84903102805131) request_id=1571915 zil_blk_id=641996 ccf_commit_seqno=1571915 nstreams_done_=160500 config.nstreams=1000000 avg_latency=0.5548 ms avg throuhgput (requests/sec) = 1029.4582 res=false
*==== INFO ====*  stream_id=643996 latency=0.545684 ms (tx_ts=84903555252873, rx_ts=84903555798557) request_id=1576636 zil_blk_id=643996 ccf_commit_seqno=1576637 nstreams_done_=161000 config.nstreams=1000000 avg_latency=0.5548 ms avg throuhgput (requests/sec) = 1029.6734 res=false
*==== INFO ====*  stream_id=645996 latency=0.483705 ms (tx_ts=84904016832817, rx_ts=84904017316522) request_id=1581413 zil_blk_id=645996 ccf_commit_seqno=1581413 nstreams_done_=161500 config.nstreams=1000000 avg_latency=0.5547 ms avg throuhgput (requests/sec) = 1029.8315 res=false
*==== INFO ====*  stream_id=647996 latency=0.554236 ms (tx_ts=84904462214969, rx_ts=84904462769205) request_id=1586142 zil_blk_id=647996 ccf_commit_seqno=1586143 nstreams_done_=162000 config.nstreams=1000000 avg_latency=0.5546 ms avg throuhgput (requests/sec) = 1030.0938 res=false
*==== INFO ====*  stream_id=649996 latency=0.460231 ms (tx_ts=84904905571671, rx_ts=84904906031902) request_id=1590775 zil_blk_id=649996 ccf_commit_seqno=1590775 nstreams_done_=162500 config.nstreams=1000000 avg_latency=0.5545 ms avg throuhgput (requests/sec) = 1030.3690 res=false
*==== INFO ====*  stream_id=651996 latency=0.496779 ms (tx_ts=84905373101083, rx_ts=84905373597862) request_id=1595584 zil_blk_id=651996 ccf_commit_seqno=1595584 nstreams_done_=163000 config.nstreams=1000000 avg_latency=0.5545 ms avg throuhgput (requests/sec) = 1030.4843 res=false
*==== INFO ====*  stream_id=653996 latency=0.467425 ms (tx_ts=84905841450026, rx_ts=84905841917451) request_id=1600214 zil_blk_id=653996 ccf_commit_seqno=1600214 nstreams_done_=163500 config.nstreams=1000000 avg_latency=0.5544 ms avg throuhgput (requests/sec) = 1030.5940 res=false
*==== INFO ====*  stream_id=655996 latency=0.537716 ms (tx_ts=84906310528885, rx_ts=84906311066601) request_id=1605087 zil_blk_id=655996 ccf_commit_seqno=1605089 nstreams_done_=164000 config.nstreams=1000000 avg_latency=0.5545 ms avg throuhgput (requests/sec) = 1030.6977 res=false
*==== INFO ====*  stream_id=657996 latency=0.581337 ms (tx_ts=84906764680397, rx_ts=84906765261734) request_id=1610002 zil_blk_id=657996 ccf_commit_seqno=1610003 nstreams_done_=164500 config.nstreams=1000000 avg_latency=0.5543 ms avg throuhgput (requests/sec) = 1030.8974 res=false
*==== INFO ====*  stream_id=659996 latency=0.562312 ms (tx_ts=84907231898636, rx_ts=84907232460948) request_id=1614958 zil_blk_id=659996 ccf_commit_seqno=1614959 nstreams_done_=165000 config.nstreams=1000000 avg_latency=0.5543 ms avg throuhgput (requests/sec) = 1031.0121 res=false
*==== INFO ====*  stream_id=661996 latency=1.846514 ms (tx_ts=84907726927076, rx_ts=84907728773590) request_id=1620178 zil_blk_id=661996 ccf_commit_seqno=1620178 nstreams_done_=165500 config.nstreams=1000000 avg_latency=0.5543 ms avg throuhgput (requests/sec) = 1030.9392 res=false
*==== INFO ====*  stream_id=663996 latency=0.539810 ms (tx_ts=84908205892365, rx_ts=84908206432175) request_id=1625026 zil_blk_id=663996 ccf_commit_seqno=1625026 nstreams_done_=166000 config.nstreams=1000000 avg_latency=0.5543 ms avg throuhgput (requests/sec) = 1030.9862 res=false
*==== INFO ====*  stream_id=665996 latency=0.495864 ms (tx_ts=84908673379039, rx_ts=84908673874903) request_id=1629788 zil_blk_id=665996 ccf_commit_seqno=1629788 nstreams_done_=166500 config.nstreams=1000000 avg_latency=0.5543 ms avg throuhgput (requests/sec) = 1031.0981 res=false
*==== INFO ====*  stream_id=667996 latency=0.548563 ms (tx_ts=84909146239342, rx_ts=84909146787905) request_id=1634809 zil_blk_id=667996 ccf_commit_seqno=1634809 nstreams_done_=167000 config.nstreams=1000000 avg_latency=0.5543 ms avg throuhgput (requests/sec) = 1031.1746 res=false
*==== INFO ====*  stream_id=669996 latency=0.534135 ms (tx_ts=84909605028157, rx_ts=84909605562292) request_id=1639488 zil_blk_id=669996 ccf_commit_seqno=1639488 nstreams_done_=167500 config.nstreams=1000000 avg_latency=0.5542 ms avg throuhgput (requests/sec) = 1031.3403 res=false
*==== INFO ====*  stream_id=671996 latency=0.557348 ms (tx_ts=84910064875958, rx_ts=84910065433306) request_id=1644344 zil_blk_id=671996 ccf_commit_seqno=1644344 nstreams_done_=168000 config.nstreams=1000000 avg_latency=0.5542 ms avg throuhgput (requests/sec) = 1031.4982 res=false
*==== INFO ====*  stream_id=673996 latency=0.483682 ms (tx_ts=84910529342962, rx_ts=84910529826644) request_id=1649250 zil_blk_id=673996 ccf_commit_seqno=1649250 nstreams_done_=168500 config.nstreams=1000000 avg_latency=0.5542 ms avg throuhgput (requests/sec) = 1031.6267 res=false
*==== INFO ====*  stream_id=675996 latency=0.701347 ms (tx_ts=84910991197168, rx_ts=84910991898515) request_id=1654010 zil_blk_id=675996 ccf_commit_seqno=1654011 nstreams_done_=169000 config.nstreams=1000000 avg_latency=0.5543 ms avg throuhgput (requests/sec) = 1031.7690 res=false
*==== INFO ====*  stream_id=677996 latency=0.526295 ms (tx_ts=84911440520516, rx_ts=84911441046811) request_id=1658797 zil_blk_id=677996 ccf_commit_seqno=1658797 nstreams_done_=169500 config.nstreams=1000000 avg_latency=0.5542 ms avg throuhgput (requests/sec) = 1031.9917 res=false
*==== INFO ====*  stream_id=679996 latency=0.516997 ms (tx_ts=84911893915624, rx_ts=84911894432621) request_id=1663646 zil_blk_id=679996 ccf_commit_seqno=1663646 nstreams_done_=170000 config.nstreams=1000000 avg_latency=0.5542 ms avg throuhgput (requests/sec) = 1032.1867 res=false
*==== INFO ====*  stream_id=681996 latency=0.519241 ms (tx_ts=84912351929254, rx_ts=84912352448495) request_id=1668478 zil_blk_id=681996 ccf_commit_seqno=1668478 nstreams_done_=170500 config.nstreams=1000000 avg_latency=0.5542 ms avg throuhgput (requests/sec) = 1032.3516 res=false
*==== INFO ====*  stream_id=683996 latency=0.478345 ms (tx_ts=84912833124721, rx_ts=84912833603066) request_id=1673445 zil_blk_id=683996 ccf_commit_seqno=1673445 nstreams_done_=171000 config.nstreams=1000000 avg_latency=0.5541 ms avg throuhgput (requests/sec) = 1032.3714 res=false
*==== INFO ====*  stream_id=685996 latency=0.523319 ms (tx_ts=84913333367569, rx_ts=84913333890888) request_id=1678422 zil_blk_id=685996 ccf_commit_seqno=1678422 nstreams_done_=171500 config.nstreams=1000000 avg_latency=0.5542 ms avg throuhgput (requests/sec) = 1032.2722 res=false
*==== INFO ====*  stream_id=687996 latency=0.586126 ms (tx_ts=84913799758372, rx_ts=84913800344498) request_id=1683170 zil_blk_id=687996 ccf_commit_seqno=1683170 nstreams_done_=172000 config.nstreams=1000000 avg_latency=0.5542 ms avg throuhgput (requests/sec) = 1032.3832 res=false
*==== INFO ====*  stream_id=689996 latency=0.566009 ms (tx_ts=84914277211718, rx_ts=84914277777727) request_id=1688129 zil_blk_id=689996 ccf_commit_seqno=1688129 nstreams_done_=172500 config.nstreams=1000000 avg_latency=0.5541 ms avg throuhgput (requests/sec) = 1032.4258 res=false
*==== INFO ====*  stream_id=691996 latency=0.749959 ms (tx_ts=84914768952168, rx_ts=84914769702127) request_id=1693037 zil_blk_id=691996 ccf_commit_seqno=1693038 nstreams_done_=173000 config.nstreams=1000000 avg_latency=0.5542 ms avg throuhgput (requests/sec) = 1032.3788 res=false
*==== INFO ====*  stream_id=693996 latency=0.487672 ms (tx_ts=84915243408118, rx_ts=84915243895790) request_id=1697878 zil_blk_id=693996 ccf_commit_seqno=1697878 nstreams_done_=173500 config.nstreams=1000000 avg_latency=0.5542 ms avg throuhgput (requests/sec) = 1032.4410 res=false
*==== INFO ====*  stream_id=695996 latency=0.525302 ms (tx_ts=84915731353984, rx_ts=84915731879286) request_id=1702578 zil_blk_id=695996 ccf_commit_seqno=1702578 nstreams_done_=174000 config.nstreams=1000000 avg_latency=0.5543 ms avg throuhgput (requests/sec) = 1032.4183 res=false
*==== INFO ====*  stream_id=697996 latency=0.614269 ms (tx_ts=84916197953604, rx_ts=84916198567873) request_id=1707486 zil_blk_id=697996 ccf_commit_seqno=1707487 nstreams_done_=174500 config.nstreams=1000000 avg_latency=0.5543 ms avg throuhgput (requests/sec) = 1032.5259 res=false
*==== INFO ====*  stream_id=699996 latency=0.519483 ms (tx_ts=84916677527582, rx_ts=84916678047065) request_id=1712348 zil_blk_id=699996 ccf_commit_seqno=1712348 nstreams_done_=175000 config.nstreams=1000000 avg_latency=0.5543 ms avg throuhgput (requests/sec) = 1032.5550 res=false
*==== INFO ====*  stream_id=701996 latency=0.491441 ms (tx_ts=84917158577659, rx_ts=84917159069100) request_id=1717270 zil_blk_id=701996 ccf_commit_seqno=1717270 nstreams_done_=175500 config.nstreams=1000000 avg_latency=0.5544 ms avg throuhgput (requests/sec) = 1032.5745 res=false
*==== INFO ====*  stream_id=703996 latency=0.530384 ms (tx_ts=84917623709417, rx_ts=84917624239801) request_id=1722066 zil_blk_id=703996 ccf_commit_seqno=1722067 nstreams_done_=176000 config.nstreams=1000000 avg_latency=0.5543 ms avg throuhgput (requests/sec) = 1032.6899 res=false
*==== INFO ====*  stream_id=705996 latency=0.513051 ms (tx_ts=84918111790183, rx_ts=84918112303234) request_id=1727072 zil_blk_id=705996 ccf_commit_seqno=1727073 nstreams_done_=176500 config.nstreams=1000000 avg_latency=0.5543 ms avg throuhgput (requests/sec) = 1032.6664 res=false
*==== INFO ====*  stream_id=707996 latency=0.617827 ms (tx_ts=84918593111097, rx_ts=84918593728924) request_id=1731988 zil_blk_id=707996 ccf_commit_seqno=1731990 nstreams_done_=177000 config.nstreams=1000000 avg_latency=0.5543 ms avg throuhgput (requests/sec) = 1032.6831 res=false
*==== INFO ====*  stream_id=709996 latency=0.483946 ms (tx_ts=84919063435594, rx_ts=84919063919540) request_id=1736642 zil_blk_id=709996 ccf_commit_seqno=1736642 nstreams_done_=177500 config.nstreams=1000000 avg_latency=0.5543 ms avg throuhgput (requests/sec) = 1032.7671 res=false
*==== INFO ====*  stream_id=711996 latency=0.506682 ms (tx_ts=84919522185431, rx_ts=84919522692113) request_id=1741329 zil_blk_id=711996 ccf_commit_seqno=1741329 nstreams_done_=178000 config.nstreams=1000000 avg_latency=0.5542 ms avg throuhgput (requests/sec) = 1032.9191 res=false
*==== INFO ====*  stream_id=713996 latency=0.586248 ms (tx_ts=84919974104744, rx_ts=84919974690992) request_id=1746030 zil_blk_id=713996 ccf_commit_seqno=1746030 nstreams_done_=178500 config.nstreams=1000000 avg_latency=0.5542 ms avg throuhgput (requests/sec) = 1033.1108 res=false
*==== INFO ====*  stream_id=715996 latency=0.459284 ms (tx_ts=84920451293791, rx_ts=84920451753075) request_id=1750918 zil_blk_id=715996 ccf_commit_seqno=1750918 nstreams_done_=179000 config.nstreams=1000000 avg_latency=0.5542 ms avg throuhgput (requests/sec) = 1033.1520 res=false
*==== INFO ====*  stream_id=717996 latency=0.592811 ms (tx_ts=84920908453852, rx_ts=84920909046663) request_id=1755545 zil_blk_id=717996 ccf_commit_seqno=1755547 nstreams_done_=179500 config.nstreams=1000000 avg_latency=0.5542 ms avg throuhgput (requests/sec) = 1033.3106 res=false
*==== INFO ====*  stream_id=719996 latency=0.450492 ms (tx_ts=84921386642949, rx_ts=84921387093441) request_id=1760326 zil_blk_id=719996 ccf_commit_seqno=1760326 nstreams_done_=180000 config.nstreams=1000000 avg_latency=0.5542 ms avg throuhgput (requests/sec) = 1033.3452 res=false
*==== INFO ====*  stream_id=721996 latency=0.585816 ms (tx_ts=84921857645394, rx_ts=84921858231210) request_id=1765213 zil_blk_id=721996 ccf_commit_seqno=1765215 nstreams_done_=180500 config.nstreams=1000000 avg_latency=0.5542 ms avg throuhgput (requests/sec) = 1033.4205 res=false
*==== INFO ====*  stream_id=723996 latency=0.498582 ms (tx_ts=84922334104590, rx_ts=84922334603172) request_id=1770120 zil_blk_id=723996 ccf_commit_seqno=1770120 nstreams_done_=181000 config.nstreams=1000000 avg_latency=0.5542 ms avg throuhgput (requests/sec) = 1033.4645 res=false
*==== INFO ====*  stream_id=725996 latency=0.496468 ms (tx_ts=84922819017469, rx_ts=84922819513937) request_id=1774990 zil_blk_id=725996 ccf_commit_seqno=1774990 nstreams_done_=181500 config.nstreams=1000000 avg_latency=0.5541 ms avg throuhgput (requests/sec) = 1033.4580 res=false
*==== INFO ====*  stream_id=727996 latency=0.814673 ms (tx_ts=84923297226459, rx_ts=84923298041132) request_id=1779686 zil_blk_id=727996 ccf_commit_seqno=1779690 nstreams_done_=182000 config.nstreams=1000000 avg_latency=0.5542 ms avg throuhgput (requests/sec) = 1033.4890 res=false
*==== INFO ====*  stream_id=729996 latency=0.628997 ms (tx_ts=84923765732366, rx_ts=84923766361363) request_id=1784498 zil_blk_id=729996 ccf_commit_seqno=1784499 nstreams_done_=182500 config.nstreams=1000000 avg_latency=0.5542 ms avg throuhgput (requests/sec) = 1033.5796 res=false
*==== INFO ====*  stream_id=731996 latency=0.484880 ms (tx_ts=84924194939929, rx_ts=84924195424809) request_id=1789072 zil_blk_id=731996 ccf_commit_seqno=1789072 nstreams_done_=183000 config.nstreams=1000000 avg_latency=0.5542 ms avg throuhgput (requests/sec) = 1033.8990 res=false
*==== INFO ====*  stream_id=733996 latency=0.559357 ms (tx_ts=84924639903545, rx_ts=84924640462902) request_id=1793699 zil_blk_id=733996 ccf_commit_seqno=1793699 nstreams_done_=183500 config.nstreams=1000000 avg_latency=0.5542 ms avg throuhgput (requests/sec) = 1034.1237 res=false
*==== INFO ====*  stream_id=735996 latency=0.508280 ms (tx_ts=84925100361880, rx_ts=84925100870160) request_id=1798506 zil_blk_id=735996 ccf_commit_seqno=1798506 nstreams_done_=184000 config.nstreams=1000000 avg_latency=0.5542 ms avg throuhgput (requests/sec) = 1034.2580 res=false
*==== INFO ====*  stream_id=737996 latency=0.492261 ms (tx_ts=84925616121799, rx_ts=84925616614060) request_id=1803581 zil_blk_id=737996 ccf_commit_seqno=1803581 nstreams_done_=184500 config.nstreams=1000000 avg_latency=0.5542 ms avg throuhgput (requests/sec) = 1034.0707 res=false
*==== INFO ====*  stream_id=739996 latency=0.523379 ms (tx_ts=84926082981198, rx_ts=84926083504577) request_id=1808508 zil_blk_id=739996 ccf_commit_seqno=1808508 nstreams_done_=185000 config.nstreams=1000000 avg_latency=0.5541 ms avg throuhgput (requests/sec) = 1034.1669 res=false
*==== INFO ====*  stream_id=741996 latency=0.583242 ms (tx_ts=84926554179100, rx_ts=84926554762342) request_id=1813477 zil_blk_id=741996 ccf_commit_seqno=1813477 nstreams_done_=185500 config.nstreams=1000000 avg_latency=0.5541 ms avg throuhgput (requests/sec) = 1034.2373 res=false
*==== INFO ====*  stream_id=743996 latency=0.465611 ms (tx_ts=84927007044594, rx_ts=84927007510205) request_id=1818364 zil_blk_id=743996 ccf_commit_seqno=1818364 nstreams_done_=186000 config.nstreams=1000000 avg_latency=0.5540 ms avg throuhgput (requests/sec) = 1034.4139 res=false
*==== INFO ====*  stream_id=745996 latency=0.499784 ms (tx_ts=84927460090780, rx_ts=84927460590564) request_id=1823002 zil_blk_id=745996 ccf_commit_seqno=1823002 nstreams_done_=186500 config.nstreams=1000000 avg_latency=0.5540 ms avg throuhgput (requests/sec) = 1034.5877 res=false
*==== INFO ====*  stream_id=747996 latency=0.471712 ms (tx_ts=84927926680400, rx_ts=84927927152112) request_id=1827781 zil_blk_id=747996 ccf_commit_seqno=1827781 nstreams_done_=187000 config.nstreams=1000000 avg_latency=0.5540 ms avg throuhgput (requests/sec) = 1034.6834 res=false
*==== INFO ====*  stream_id=749996 latency=0.535441 ms (tx_ts=84928387885192, rx_ts=84928388420633) request_id=1832343 zil_blk_id=749996 ccf_commit_seqno=1832344 nstreams_done_=187500 config.nstreams=1000000 avg_latency=0.5539 ms avg throuhgput (requests/sec) = 1034.8089 res=false
*==== INFO ====*  stream_id=751996 latency=0.614109 ms (tx_ts=84928891698929, rx_ts=84928892313038) request_id=1837590 zil_blk_id=751996 ccf_commit_seqno=1837590 nstreams_done_=188000 config.nstreams=1000000 avg_latency=0.5539 ms avg throuhgput (requests/sec) = 1034.6909 res=false
*==== INFO ====*  stream_id=753996 latency=0.550009 ms (tx_ts=84929356247559, rx_ts=84929356797568) request_id=1842360 zil_blk_id=753996 ccf_commit_seqno=1842360 nstreams_done_=188500 config.nstreams=1000000 avg_latency=0.5539 ms avg throuhgput (requests/sec) = 1034.7975 res=false
*==== INFO ====*  stream_id=755996 latency=0.716841 ms (tx_ts=84929825862753, rx_ts=84929826579594) request_id=1847165 zil_blk_id=755996 ccf_commit_seqno=1847165 nstreams_done_=189000 config.nstreams=1000000 avg_latency=0.5538 ms avg throuhgput (requests/sec) = 1034.8734 res=false
*==== INFO ====*  stream_id=757996 latency=0.582630 ms (tx_ts=84930310168226, rx_ts=84930310750856) request_id=1851982 zil_blk_id=757996 ccf_commit_seqno=1851982 nstreams_done_=189500 config.nstreams=1000000 avg_latency=0.5539 ms avg throuhgput (requests/sec) = 1034.8676 res=false
*==== INFO ====*  stream_id=759996 latency=0.495186 ms (tx_ts=84930787497654, rx_ts=84930787992840) request_id=1856892 zil_blk_id=759996 ccf_commit_seqno=1856892 nstreams_done_=190000 config.nstreams=1000000 avg_latency=0.5539 ms avg throuhgput (requests/sec) = 1034.9010 res=false
*==== INFO ====*  stream_id=761996 latency=0.515815 ms (tx_ts=84931265761089, rx_ts=84931266276904) request_id=1861779 zil_blk_id=761996 ccf_commit_seqno=1861779 nstreams_done_=190500 config.nstreams=1000000 avg_latency=0.5539 ms avg throuhgput (requests/sec) = 1034.9282 res=false
*==== INFO ====*  stream_id=763996 latency=1.668400 ms (tx_ts=84931730308386, rx_ts=84931731976786) request_id=1866570 zil_blk_id=763996 ccf_commit_seqno=1866570 nstreams_done_=191000 config.nstreams=1000000 avg_latency=0.5539 ms avg throuhgput (requests/sec) = 1035.0260 res=false
*==== INFO ====*  stream_id=765996 latency=0.459540 ms (tx_ts=84932216192057, rx_ts=84932216651597) request_id=1871534 zil_blk_id=765996 ccf_commit_seqno=1871534 nstreams_done_=191500 config.nstreams=1000000 avg_latency=0.5538 ms avg throuhgput (requests/sec) = 1035.0171 res=false
*==== INFO ====*  stream_id=767996 latency=0.515194 ms (tx_ts=84932677535820, rx_ts=84932678051014) request_id=1876241 zil_blk_id=767996 ccf_commit_seqno=1876241 nstreams_done_=192000 config.nstreams=1000000 avg_latency=0.5538 ms avg throuhgput (requests/sec) = 1035.1381 res=false
*==== INFO ====*  stream_id=769996 latency=0.496388 ms (tx_ts=84933174961287, rx_ts=84933175457675) request_id=1881072 zil_blk_id=769996 ccf_commit_seqno=1881072 nstreams_done_=192500 config.nstreams=1000000 avg_latency=0.5538 ms avg throuhgput (requests/sec) = 1035.0580 res=false
*==== INFO ====*  stream_id=771996 latency=0.476181 ms (tx_ts=84933658186330, rx_ts=84933658662511) request_id=1885842 zil_blk_id=771996 ccf_commit_seqno=1885842 nstreams_done_=193000 config.nstreams=1000000 avg_latency=0.5537 ms avg throuhgput (requests/sec) = 1035.0572 res=false
*==== INFO ====*  stream_id=773996 latency=0.586056 ms (tx_ts=84934120478502, rx_ts=84934121064558) request_id=1890382 zil_blk_id=773996 ccf_commit_seqno=1890383 nstreams_done_=193500 config.nstreams=1000000 avg_latency=0.5537 ms avg throuhgput (requests/sec) = 1035.1717 res=false
*==== INFO ====*  stream_id=775996 latency=0.589703 ms (tx_ts=84934583491248, rx_ts=84934584080951) request_id=1895081 zil_blk_id=775996 ccf_commit_seqno=1895083 nstreams_done_=194000 config.nstreams=1000000 avg_latency=0.5536 ms avg throuhgput (requests/sec) = 1035.2821 res=false
*==== INFO ====*  stream_id=777996 latency=0.472223 ms (tx_ts=84935053852622, rx_ts=84935054324845) request_id=1899924 zil_blk_id=777996 ccf_commit_seqno=1899924 nstreams_done_=194500 config.nstreams=1000000 avg_latency=0.5536 ms avg throuhgput (requests/sec) = 1035.3522 res=false
*==== INFO ====*  stream_id=779996 latency=0.454059 ms (tx_ts=84935510591267, rx_ts=84935511045326) request_id=1904515 zil_blk_id=779996 ccf_commit_seqno=1904515 nstreams_done_=195000 config.nstreams=1000000 avg_latency=0.5535 ms avg throuhgput (requests/sec) = 1035.4963 res=false
*==== INFO ====*  stream_id=781996 latency=0.521275 ms (tx_ts=84935972245215, rx_ts=84935972766490) request_id=1909213 zil_blk_id=781996 ccf_commit_seqno=1909213 nstreams_done_=195500 config.nstreams=1000000 avg_latency=0.5535 ms avg throuhgput (requests/sec) = 1035.6122 res=false
*==== INFO ====*  stream_id=783996 latency=0.451174 ms (tx_ts=84936446018952, rx_ts=84936446470126) request_id=1914205 zil_blk_id=783996 ccf_commit_seqno=1914205 nstreams_done_=196000 config.nstreams=1000000 avg_latency=0.5534 ms avg throuhgput (requests/sec) = 1035.6620 res=false
*==== INFO ====*  stream_id=785996 latency=0.465170 ms (tx_ts=84936913901139, rx_ts=84936914366309) request_id=1919057 zil_blk_id=785996 ccf_commit_seqno=1919057 nstreams_done_=196500 config.nstreams=1000000 avg_latency=0.5534 ms avg throuhgput (requests/sec) = 1035.7433 res=false
*==== INFO ====*  stream_id=787996 latency=0.462255 ms (tx_ts=84937397896623, rx_ts=84937398358878) request_id=1924101 zil_blk_id=787996 ccf_commit_seqno=1924101 nstreams_done_=197000 config.nstreams=1000000 avg_latency=0.5534 ms avg throuhgput (requests/sec) = 1035.7365 res=false
*==== INFO ====*  stream_id=789996 latency=0.500876 ms (tx_ts=84937853347019, rx_ts=84937853847895) request_id=1928939 zil_blk_id=789996 ccf_commit_seqno=1928939 nstreams_done_=197500 config.nstreams=1000000 avg_latency=0.5533 ms avg throuhgput (requests/sec) = 1035.8846 res=false
*==== INFO ====*  stream_id=791996 latency=0.490257 ms (tx_ts=84938322619319, rx_ts=84938323109576) request_id=1933948 zil_blk_id=791996 ccf_commit_seqno=1933948 nstreams_done_=198000 config.nstreams=1000000 avg_latency=0.5533 ms avg throuhgput (requests/sec) = 1035.9573 res=false
*==== INFO ====*  stream_id=793996 latency=0.469217 ms (tx_ts=84938785097766, rx_ts=84938785566983) request_id=1938705 zil_blk_id=793996 ccf_commit_seqno=1938705 nstreams_done_=198500 config.nstreams=1000000 avg_latency=0.5532 ms avg throuhgput (requests/sec) = 1036.0665 res=false
*==== INFO ====*  stream_id=795996 latency=0.731037 ms (tx_ts=84939250321571, rx_ts=84939251052608) request_id=1943545 zil_blk_id=795996 ccf_commit_seqno=1943549 nstreams_done_=199000 config.nstreams=1000000 avg_latency=0.5532 ms avg throuhgput (requests/sec) = 1036.1588 res=false
*==== INFO ====*  stream_id=797996 latency=0.513981 ms (tx_ts=84939726013485, rx_ts=84939726527466) request_id=1948348 zil_blk_id=797996 ccf_commit_seqno=1948348 nstreams_done_=199500 config.nstreams=1000000 avg_latency=0.5532 ms avg throuhgput (requests/sec) = 1036.1969 res=false
*==== INFO ====*  stream_id=799996 latency=0.652771 ms (tx_ts=84940206788496, rx_ts=84940207441267) request_id=1953375 zil_blk_id=799996 ccf_commit_seqno=1953377 nstreams_done_=200000 config.nstreams=1000000 avg_latency=0.5532 ms avg throuhgput (requests/sec) = 1036.2056 res=false
*==== INFO ====*  stream_id=801996 latency=0.696262 ms (tx_ts=84940686999314, rx_ts=84940687695576) request_id=1958231 zil_blk_id=801996 ccf_commit_seqno=1958234 nstreams_done_=200500 config.nstreams=1000000 avg_latency=0.5532 ms avg throuhgput (requests/sec) = 1036.2177 res=false
*==== INFO ====*  stream_id=803996 latency=0.592778 ms (tx_ts=84941189088939, rx_ts=84941189681717) request_id=1963422 zil_blk_id=803996 ccf_commit_seqno=1963423 nstreams_done_=201000 config.nstreams=1000000 avg_latency=0.5532 ms avg throuhgput (requests/sec) = 1036.1138 res=false
*==== INFO ====*  stream_id=805996 latency=0.525122 ms (tx_ts=84941652223008, rx_ts=84941652748130) request_id=1968092 zil_blk_id=805996 ccf_commit_seqno=1968093 nstreams_done_=201500 config.nstreams=1000000 avg_latency=0.5532 ms avg throuhgput (requests/sec) = 1036.2177 res=false
*==== INFO ====*  stream_id=807996 latency=0.487712 ms (tx_ts=84942130689870, rx_ts=84942131177582) request_id=1972905 zil_blk_id=807996 ccf_commit_seqno=1972905 nstreams_done_=202000 config.nstreams=1000000 avg_latency=0.5532 ms avg throuhgput (requests/sec) = 1036.2395 res=false
*==== INFO ====*  stream_id=809996 latency=0.539889 ms (tx_ts=84942631290460, rx_ts=84942631830349) request_id=1977828 zil_blk_id=809996 ccf_commit_seqno=1977828 nstreams_done_=202500 config.nstreams=1000000 avg_latency=0.5533 ms avg throuhgput (requests/sec) = 1036.1433 res=false
*==== INFO ====*  stream_id=811996 latency=0.539208 ms (tx_ts=84943107729326, rx_ts=84943108268534) request_id=1982610 zil_blk_id=811996 ccf_commit_seqno=1982611 nstreams_done_=203000 config.nstreams=1000000 avg_latency=0.5533 ms avg throuhgput (requests/sec) = 1036.1757 res=false
*==== INFO ====*  stream_id=813996 latency=0.519642 ms (tx_ts=84943561895165, rx_ts=84943562414807) request_id=1987257 zil_blk_id=813996 ccf_commit_seqno=1987257 nstreams_done_=203500 config.nstreams=1000000 avg_latency=0.5533 ms avg throuhgput (requests/sec) = 1036.3255 res=false
*==== INFO ====*  stream_id=815996 latency=0.432459 ms (tx_ts=84944044704269, rx_ts=84944045136728) request_id=1992182 zil_blk_id=815996 ccf_commit_seqno=1992182 nstreams_done_=204000 config.nstreams=1000000 avg_latency=0.5532 ms avg throuhgput (requests/sec) = 1036.3242 res=false
*==== INFO ====*  stream_id=817996 latency=0.548996 ms (tx_ts=84944504074080, rx_ts=84944504623076) request_id=1997041 zil_blk_id=817996 ccf_commit_seqno=1997042 nstreams_done_=204500 config.nstreams=1000000 avg_latency=0.5532 ms avg throuhgput (requests/sec) = 1036.4450 res=false
*==== INFO ====*  stream_id=819996 latency=0.511998 ms (tx_ts=84944992235289, rx_ts=84944992747287) request_id=2002043 zil_blk_id=819996 ccf_commit_seqno=2002043 nstreams_done_=205000 config.nstreams=1000000 avg_latency=0.5532 ms avg throuhgput (requests/sec) = 1036.4151 res=false
*==== INFO ====*  stream_id=821996 latency=0.565658 ms (tx_ts=84945475181794, rx_ts=84945475747452) request_id=2006817 zil_blk_id=821996 ccf_commit_seqno=2006817 nstreams_done_=205500 config.nstreams=1000000 avg_latency=0.5533 ms avg throuhgput (requests/sec) = 1036.4121 res=false
*==== INFO ====*  stream_id=823996 latency=0.584694 ms (tx_ts=84945933629069, rx_ts=84945934213763) request_id=2011575 zil_blk_id=823996 ccf_commit_seqno=2011575 nstreams_done_=206000 config.nstreams=1000000 avg_latency=0.5533 ms avg throuhgput (requests/sec) = 1036.5371 res=false
*==== INFO ====*  stream_id=825996 latency=0.484497 ms (tx_ts=84946384438936, rx_ts=84946384923433) request_id=2016316 zil_blk_id=825996 ccf_commit_seqno=2016316 nstreams_done_=206500 config.nstreams=1000000 avg_latency=0.5532 ms avg throuhgput (requests/sec) = 1036.7019 res=false
*==== INFO ====*  stream_id=827996 latency=0.557202 ms (tx_ts=84946843996298, rx_ts=84946844553500) request_id=2021088 zil_blk_id=827996 ccf_commit_seqno=2021088 nstreams_done_=207000 config.nstreams=1000000 avg_latency=0.5532 ms avg throuhgput (requests/sec) = 1036.8196 res=false
*==== INFO ====*  stream_id=829996 latency=0.571278 ms (tx_ts=84947309062571, rx_ts=84947309633849) request_id=2026028 zil_blk_id=829996 ccf_commit_seqno=2026028 nstreams_done_=207500 config.nstreams=1000000 avg_latency=0.5532 ms avg throuhgput (requests/sec) = 1036.9085 res=false
*==== INFO ====*  stream_id=831996 latency=0.476702 ms (tx_ts=84947773070624, rx_ts=84947773547326) request_id=2030822 zil_blk_id=831996 ccf_commit_seqno=2030822 nstreams_done_=208000 config.nstreams=1000000 avg_latency=0.5532 ms avg throuhgput (requests/sec) = 1037.0030 res=false
*==== INFO ====*  stream_id=833996 latency=0.533267 ms (tx_ts=84948248598129, rx_ts=84948249131396) request_id=2035739 zil_blk_id=833996 ccf_commit_seqno=2035740 nstreams_done_=208500 config.nstreams=1000000 avg_latency=0.5532 ms avg throuhgput (requests/sec) = 1037.0370 res=false
*==== INFO ====*  stream_id=835996 latency=0.497911 ms (tx_ts=84948749630978, rx_ts=84948750128889) request_id=2040796 zil_blk_id=835996 ccf_commit_seqno=2040797 nstreams_done_=209000 config.nstreams=1000000 avg_latency=0.5532 ms avg throuhgput (requests/sec) = 1036.9399 res=false
*==== INFO ====*  stream_id=837996 latency=0.506838 ms (tx_ts=84949231388686, rx_ts=84949231895524) request_id=2045743 zil_blk_id=837996 ccf_commit_seqno=2045744 nstreams_done_=209500 config.nstreams=1000000 avg_latency=0.5532 ms avg throuhgput (requests/sec) = 1036.9421 res=false
*==== INFO ====*  stream_id=839996 latency=0.462665 ms (tx_ts=84949710931526, rx_ts=84949711394191) request_id=2050663 zil_blk_id=839996 ccf_commit_seqno=2050663 nstreams_done_=210000 config.nstreams=1000000 avg_latency=0.5531 ms avg throuhgput (requests/sec) = 1036.9559 res=false
*==== INFO ====*  stream_id=841996 latency=0.614599 ms (tx_ts=84950179540604, rx_ts=84950180155203) request_id=2055617 zil_blk_id=841996 ccf_commit_seqno=2055617 nstreams_done_=210500 config.nstreams=1000000 avg_latency=0.5531 ms avg throuhgput (requests/sec) = 1037.0244 res=false
*==== INFO ====*  stream_id=843996 latency=0.647811 ms (tx_ts=84950664030636, rx_ts=84950664678447) request_id=2060523 zil_blk_id=843996 ccf_commit_seqno=2060524 nstreams_done_=211000 config.nstreams=1000000 avg_latency=0.5531 ms avg throuhgput (requests/sec) = 1037.0123 res=false
*==== INFO ====*  stream_id=845996 latency=0.448529 ms (tx_ts=84951125075173, rx_ts=84951125523702) request_id=2065322 zil_blk_id=845996 ccf_commit_seqno=2065322 nstreams_done_=211500 config.nstreams=1000000 avg_latency=0.5531 ms avg throuhgput (requests/sec) = 1037.1207 res=false
*==== INFO ====*  stream_id=847996 latency=0.512198 ms (tx_ts=84951595995590, rx_ts=84951596507788) request_id=2070242 zil_blk_id=847996 ccf_commit_seqno=2070242 nstreams_done_=212000 config.nstreams=1000000 avg_latency=0.5530 ms avg throuhgput (requests/sec) = 1037.1771 res=false
*==== INFO ====*  stream_id=849996 latency=0.489656 ms (tx_ts=84952060919656, rx_ts=84952061409312) request_id=2075019 zil_blk_id=849996 ccf_commit_seqno=2075019 nstreams_done_=212500 config.nstreams=1000000 avg_latency=0.5530 ms avg throuhgput (requests/sec) = 1037.2641 res=false
*==== INFO ====*  stream_id=851996 latency=0.609821 ms (tx_ts=84952579791529, rx_ts=84952580401350) request_id=2080203 zil_blk_id=851996 ccf_commit_seqno=2080203 nstreams_done_=213000 config.nstreams=1000000 avg_latency=0.5530 ms avg throuhgput (requests/sec) = 1037.0774 res=false
*==== INFO ====*  stream_id=853996 latency=0.511106 ms (tx_ts=84953088328036, rx_ts=84953088839142) request_id=2085424 zil_blk_id=853996 ccf_commit_seqno=2085424 nstreams_done_=213500 config.nstreams=1000000 avg_latency=0.5531 ms avg throuhgput (requests/sec) = 1036.9449 res=false
*==== INFO ====*  stream_id=855996 latency=0.568032 ms (tx_ts=84953597805376, rx_ts=84953598373408) request_id=2090584 zil_blk_id=855996 ccf_commit_seqno=2090586 nstreams_done_=214000 config.nstreams=1000000 avg_latency=0.5531 ms avg throuhgput (requests/sec) = 1036.8075 res=false
*==== INFO ====*  stream_id=857996 latency=0.458718 ms (tx_ts=84954108074173, rx_ts=84954108532891) request_id=2095796 zil_blk_id=857996 ccf_commit_seqno=2095796 nstreams_done_=214500 config.nstreams=1000000 avg_latency=0.5531 ms avg throuhgput (requests/sec) = 1036.6676 res=false
*==== INFO ====*  stream_id=859996 latency=0.521376 ms (tx_ts=84954641058198, rx_ts=84954641579574) request_id=2100726 zil_blk_id=859996 ccf_commit_seqno=2100726 nstreams_done_=215000 config.nstreams=1000000 avg_latency=0.5533 ms avg throuhgput (requests/sec) = 1036.4141 res=false
*==== INFO ====*  stream_id=861996 latency=0.591335 ms (tx_ts=84955114240256, rx_ts=84955114831591) request_id=2105534 zil_blk_id=861996 ccf_commit_seqno=2105534 nstreams_done_=215500 config.nstreams=1000000 avg_latency=0.5533 ms avg throuhgput (requests/sec) = 1036.4599 res=false
*==== INFO ====*  stream_id=863996 latency=0.577196 ms (tx_ts=84955603777854, rx_ts=84955604355050) request_id=2110646 zil_blk_id=863996 ccf_commit_seqno=2110646 nstreams_done_=216000 config.nstreams=1000000 avg_latency=0.5534 ms avg throuhgput (requests/sec) = 1036.4245 res=false
*==== INFO ====*  stream_id=865996 latency=0.487332 ms (tx_ts=84956069871153, rx_ts=84956070358485) request_id=2115437 zil_blk_id=865996 ccf_commit_seqno=2115437 nstreams_done_=216500 config.nstreams=1000000 avg_latency=0.5534 ms avg throuhgput (requests/sec) = 1036.5060 res=false
*==== INFO ====*  stream_id=867996 latency=0.592598 ms (tx_ts=84956515041199, rx_ts=84956515633797) request_id=2120104 zil_blk_id=867996 ccf_commit_seqno=2120104 nstreams_done_=217000 config.nstreams=1000000 avg_latency=0.5533 ms avg throuhgput (requests/sec) = 1036.6898 res=false
*==== INFO ====*  stream_id=869996 latency=0.463518 ms (tx_ts=84956979376338, rx_ts=84956979839856) request_id=2124709 zil_blk_id=869996 ccf_commit_seqno=2124709 nstreams_done_=217500 config.nstreams=1000000 avg_latency=0.5532 ms avg throuhgput (requests/sec) = 1036.7792 res=false
*==== INFO ====*  stream_id=871996 latency=0.554236 ms (tx_ts=84957430895979, rx_ts=84957431450215) request_id=2129336 zil_blk_id=871996 ccf_commit_seqno=2129337 nstreams_done_=218000 config.nstreams=1000000 avg_latency=0.5532 ms avg throuhgput (requests/sec) = 1036.9304 res=false
*==== INFO ====*  stream_id=873996 latency=0.507599 ms (tx_ts=84957893346596, rx_ts=84957893854195) request_id=2134097 zil_blk_id=873996 ccf_commit_seqno=2134098 nstreams_done_=218500 config.nstreams=1000000 avg_latency=0.5532 ms avg throuhgput (requests/sec) = 1037.0278 res=false
*==== INFO ====*  stream_id=875996 latency=0.509676 ms (tx_ts=84958370758240, rx_ts=84958371267916) request_id=2138938 zil_blk_id=875996 ccf_commit_seqno=2138938 nstreams_done_=219000 config.nstreams=1000000 avg_latency=0.5532 ms avg throuhgput (requests/sec) = 1037.0510 res=false
*==== INFO ====*  stream_id=877996 latency=0.573893 ms (tx_ts=84958842852940, rx_ts=84958843426833) request_id=2143758 zil_blk_id=877996 ccf_commit_seqno=2143759 nstreams_done_=219500 config.nstreams=1000000 avg_latency=0.5532 ms avg throuhgput (requests/sec) = 1037.0999 res=false
*==== INFO ====*  stream_id=879996 latency=0.632152 ms (tx_ts=84959324348397, rx_ts=84959324980549) request_id=2148591 zil_blk_id=879996 ccf_commit_seqno=2148591 nstreams_done_=220000 config.nstreams=1000000 avg_latency=0.5532 ms avg throuhgput (requests/sec) = 1037.1027 res=false
*==== INFO ====*  stream_id=881996 latency=0.471872 ms (tx_ts=84959789514169, rx_ts=84959789986041) request_id=2153333 zil_blk_id=881996 ccf_commit_seqno=2153333 nstreams_done_=220500 config.nstreams=1000000 avg_latency=0.5532 ms avg throuhgput (requests/sec) = 1037.1861 res=false
*==== INFO ====*  stream_id=883996 latency=0.479407 ms (tx_ts=84960241500191, rx_ts=84960241979598) request_id=2158030 zil_blk_id=883996 ccf_commit_seqno=2158030 nstreams_done_=221000 config.nstreams=1000000 avg_latency=0.5532 ms avg throuhgput (requests/sec) = 1037.3325 res=false
*==== INFO ====*  stream_id=885996 latency=0.532666 ms (tx_ts=84960703426130, rx_ts=84960703958796) request_id=2162775 zil_blk_id=885996 ccf_commit_seqno=2162776 nstreams_done_=221500 config.nstreams=1000000 avg_latency=0.5531 ms avg throuhgput (requests/sec) = 1037.4298 res=false
*==== INFO ====*  stream_id=887996 latency=0.547504 ms (tx_ts=84961186854239, rx_ts=84961187401743) request_id=2167764 zil_blk_id=887996 ccf_commit_seqno=2167765 nstreams_done_=222000 config.nstreams=1000000 avg_latency=0.5531 ms avg throuhgput (requests/sec) = 1037.4227 res=false
*==== INFO ====*  stream_id=889996 latency=0.526395 ms (tx_ts=84961649930412, rx_ts=84961650456807) request_id=2172513 zil_blk_id=889996 ccf_commit_seqno=2172514 nstreams_done_=222500 config.nstreams=1000000 avg_latency=0.5531 ms avg throuhgput (requests/sec) = 1037.5141 res=false
*==== INFO ====*  stream_id=891996 latency=0.525563 ms (tx_ts=84962115545731, rx_ts=84962116071294) request_id=2177435 zil_blk_id=891996 ccf_commit_seqno=2177437 nstreams_done_=223000 config.nstreams=1000000 avg_latency=0.5531 ms avg throuhgput (requests/sec) = 1037.5928 res=false
*==== INFO ====*  stream_id=893996 latency=0.528044 ms (tx_ts=84962575384483, rx_ts=84962575912527) request_id=2182142 zil_blk_id=893996 ccf_commit_seqno=2182143 nstreams_done_=223500 config.nstreams=1000000 avg_latency=0.5531 ms avg throuhgput (requests/sec) = 1037.6990 res=false
*==== INFO ====*  stream_id=895996 latency=0.478575 ms (tx_ts=84963091034190, rx_ts=84963091512765) request_id=2186785 zil_blk_id=895996 ccf_commit_seqno=2186785 nstreams_done_=224000 config.nstreams=1000000 avg_latency=0.5533 ms avg throuhgput (requests/sec) = 1037.5367 res=false
*==== INFO ====*  stream_id=897996 latency=0.485217 ms (tx_ts=84963572417262, rx_ts=84963572902479) request_id=2191651 zil_blk_id=897996 ccf_commit_seqno=2191652 nstreams_done_=224500 config.nstreams=1000000 avg_latency=0.5534 ms avg throuhgput (requests/sec) = 1037.5392 res=false
*==== INFO ====*  stream_id=899996 latency=0.579954 ms (tx_ts=84964029319195, rx_ts=84964029899149) request_id=2196473 zil_blk_id=899996 ccf_commit_seqno=2196473 nstreams_done_=225000 config.nstreams=1000000 avg_latency=0.5533 ms avg throuhgput (requests/sec) = 1037.6585 res=false
*==== INFO ====*  stream_id=901996 latency=0.486089 ms (tx_ts=84964506303342, rx_ts=84964506789431) request_id=2201485 zil_blk_id=901996 ccf_commit_seqno=2201485 nstreams_done_=225500 config.nstreams=1000000 avg_latency=0.5533 ms avg throuhgput (requests/sec) = 1037.6822 res=false
*==== INFO ====*  stream_id=903996 latency=0.542825 ms (tx_ts=84964969229213, rx_ts=84964969772038) request_id=2206433 zil_blk_id=903996 ccf_commit_seqno=2206435 nstreams_done_=226000 config.nstreams=1000000 avg_latency=0.5532 ms avg throuhgput (requests/sec) = 1037.7720 res=false
*==== INFO ====*  stream_id=905996 latency=0.749926 ms (tx_ts=84965418460605, rx_ts=84965419210531) request_id=2211018 zil_blk_id=905996 ccf_commit_seqno=2211018 nstreams_done_=226500 config.nstreams=1000000 avg_latency=0.5532 ms avg throuhgput (requests/sec) = 1037.9259 res=false
*==== INFO ====*  stream_id=907996 latency=0.479247 ms (tx_ts=84965895412651, rx_ts=84965895891898) request_id=2215835 zil_blk_id=907996 ccf_commit_seqno=2215835 nstreams_done_=227000 config.nstreams=1000000 avg_latency=0.5532 ms avg throuhgput (requests/sec) = 1037.9499 res=false
*==== INFO ====*  stream_id=909996 latency=0.542304 ms (tx_ts=84966383494734, rx_ts=84966384037038) request_id=2220815 zil_blk_id=909996 ccf_commit_seqno=2220815 nstreams_done_=227500 config.nstreams=1000000 avg_latency=0.5532 ms avg throuhgput (requests/sec) = 1037.9195 res=false
*==== INFO ====*  stream_id=911996 latency=0.491152 ms (tx_ts=84966873714153, rx_ts=84966874205305) request_id=2225809 zil_blk_id=911996 ccf_commit_seqno=2225809 nstreams_done_=228000 config.nstreams=1000000 avg_latency=0.5533 ms avg throuhgput (requests/sec) = 1037.8796 res=false
*==== INFO ====*  stream_id=913996 latency=0.573713 ms (tx_ts=84967357099080, rx_ts=84967357672793) request_id=2230847 zil_blk_id=913996 ccf_commit_seqno=2230847 nstreams_done_=228500 config.nstreams=1000000 avg_latency=0.5533 ms avg throuhgput (requests/sec) = 1037.8715 res=false
*==== INFO ====*  stream_id=915996 latency=0.487682 ms (tx_ts=84967820605404, rx_ts=84967821093086) request_id=2235537 zil_blk_id=915996 ccf_commit_seqno=2235537 nstreams_done_=229000 config.nstreams=1000000 avg_latency=0.5533 ms avg throuhgput (requests/sec) = 1037.9578 res=false
*==== INFO ====*  stream_id=917996 latency=0.444611 ms (tx_ts=84968290341595, rx_ts=84968290786206) request_id=2240396 zil_blk_id=917996 ccf_commit_seqno=2240396 nstreams_done_=229500 config.nstreams=1000000 avg_latency=0.5532 ms avg throuhgput (requests/sec) = 1038.0142 res=false
*==== INFO ====*  stream_id=919996 latency=0.598950 ms (tx_ts=84968773859848, rx_ts=84968774458798) request_id=2245332 zil_blk_id=919996 ccf_commit_seqno=2245332 nstreams_done_=230000 config.nstreams=1000000 avg_latency=0.5533 ms avg throuhgput (requests/sec) = 1038.0049 res=false
*==== INFO ====*  stream_id=921996 latency=0.553194 ms (tx_ts=84969267602467, rx_ts=84969268155661) request_id=2250272 zil_blk_id=921996 ccf_commit_seqno=2250272 nstreams_done_=230500 config.nstreams=1000000 avg_latency=0.5534 ms avg throuhgput (requests/sec) = 1037.9488 res=false
*==== INFO ====*  stream_id=923996 latency=0.499054 ms (tx_ts=84969731749688, rx_ts=84969732248742) request_id=2255140 zil_blk_id=923996 ccf_commit_seqno=2255140 nstreams_done_=231000 config.nstreams=1000000 avg_latency=0.5534 ms avg throuhgput (requests/sec) = 1038.0310 res=false
*==== INFO ====*  stream_id=925996 latency=0.462805 ms (tx_ts=84970218032896, rx_ts=84970218495701) request_id=2260012 zil_blk_id=925996 ccf_commit_seqno=2260012 nstreams_done_=231500 config.nstreams=1000000 avg_latency=0.5534 ms avg throuhgput (requests/sec) = 1038.0098 res=false
*==== INFO ====*  stream_id=927996 latency=0.458928 ms (tx_ts=84970691484115, rx_ts=84970691943043) request_id=2264628 zil_blk_id=927996 ccf_commit_seqno=2264628 nstreams_done_=232000 config.nstreams=1000000 avg_latency=0.5534 ms avg throuhgput (requests/sec) = 1038.0480 res=false
*==== INFO ====*  stream_id=929996 latency=0.520310 ms (tx_ts=84971153016703, rx_ts=84971153537013) request_id=2269178 zil_blk_id=929996 ccf_commit_seqno=2269178 nstreams_done_=232500 config.nstreams=1000000 avg_latency=0.5534 ms avg throuhgput (requests/sec) = 1038.1411 res=false
*==== INFO ====*  stream_id=931996 latency=0.723433 ms (tx_ts=84971631634425, rx_ts=84971632357858) request_id=2273941 zil_blk_id=931996 ccf_commit_seqno=2273943 nstreams_done_=233000 config.nstreams=1000000 avg_latency=0.5534 ms avg throuhgput (requests/sec) = 1038.1541 res=false
*==== INFO ====*  stream_id=933996 latency=0.496008 ms (tx_ts=84972109625514, rx_ts=84972110121522) request_id=2278775 zil_blk_id=933996 ccf_commit_seqno=2278775 nstreams_done_=233500 config.nstreams=1000000 avg_latency=0.5534 ms avg throuhgput (requests/sec) = 1038.1719 res=false
*==== INFO ====*  stream_id=935996 latency=0.518990 ms (tx_ts=84972602831787, rx_ts=84972603350777) request_id=2283779 zil_blk_id=935996 ccf_commit_seqno=2283780 nstreams_done_=234000 config.nstreams=1000000 avg_latency=0.5534 ms avg throuhgput (requests/sec) = 1038.1184 res=false
*==== INFO ====*  stream_id=937996 latency=0.564506 ms (tx_ts=84973114252493, rx_ts=84973114816999) request_id=2288757 zil_blk_id=937996 ccf_commit_seqno=2288759 nstreams_done_=234500 config.nstreams=1000000 avg_latency=0.5535 ms avg throuhgput (requests/sec) = 1037.9814 res=false
*==== INFO ====*  stream_id=939996 latency=0.573409 ms (tx_ts=84973593641857, rx_ts=84973594215266) request_id=2293446 zil_blk_id=939996 ccf_commit_seqno=2293446 nstreams_done_=235000 config.nstreams=1000000 avg_latency=0.5536 ms avg throuhgput (requests/sec) = 1037.9920 res=false
*==== INFO ====*  stream_id=941996 latency=0.526555 ms (tx_ts=84974111110874, rx_ts=84974111637429) request_id=2298751 zil_blk_id=941996 ccf_commit_seqno=2298751 nstreams_done_=235500 config.nstreams=1000000 avg_latency=0.5536 ms avg throuhgput (requests/sec) = 1037.8286 res=false
*==== INFO ====*  stream_id=943996 latency=0.488063 ms (tx_ts=84974597158356, rx_ts=84974597646419) request_id=2303681 zil_blk_id=943996 ccf_commit_seqno=2303681 nstreams_done_=236000 config.nstreams=1000000 avg_latency=0.5536 ms avg throuhgput (requests/sec) = 1037.8092 res=false
*==== INFO ====*  stream_id=945996 latency=0.533608 ms (tx_ts=84975062261128, rx_ts=84975062794736) request_id=2308398 zil_blk_id=945996 ccf_commit_seqno=2308398 nstreams_done_=236500 config.nstreams=1000000 avg_latency=0.5536 ms avg throuhgput (requests/sec) = 1037.8850 res=false
*==== INFO ====*  stream_id=947996 latency=0.569284 ms (tx_ts=84975537031370, rx_ts=84975537600654) request_id=2313135 zil_blk_id=947996 ccf_commit_seqno=2313135 nstreams_done_=237000 config.nstreams=1000000 avg_latency=0.5536 ms avg throuhgput (requests/sec) = 1037.9166 res=false
*==== INFO ====*  stream_id=949996 latency=0.520133 ms (tx_ts=84976006731048, rx_ts=84976007251181) request_id=2317908 zil_blk_id=949996 ccf_commit_seqno=2317909 nstreams_done_=237500 config.nstreams=1000000 avg_latency=0.5535 ms avg throuhgput (requests/sec) = 1037.9714 res=false
*==== INFO ====*  stream_id=951996 latency=0.449080 ms (tx_ts=84976472711892, rx_ts=84976473160972) request_id=2322754 zil_blk_id=951996 ccf_commit_seqno=2322754 nstreams_done_=238000 config.nstreams=1000000 avg_latency=0.5535 ms avg throuhgput (requests/sec) = 1038.0429 res=false
*==== INFO ====*  stream_id=953996 latency=0.521364 ms (tx_ts=84976929082860, rx_ts=84976929604224) request_id=2327472 zil_blk_id=953996 ccf_commit_seqno=2327472 nstreams_done_=238500 config.nstreams=1000000 avg_latency=0.5534 ms avg throuhgput (requests/sec) = 1038.1569 res=false
*==== INFO ====*  stream_id=955996 latency=0.451655 ms (tx_ts=84977439852067, rx_ts=84977440303722) request_id=2332468 zil_blk_id=955996 ccf_commit_seqno=2332468 nstreams_done_=239000 config.nstreams=1000000 avg_latency=0.5535 ms avg throuhgput (requests/sec) = 1038.0258 res=false
*==== INFO ====*  stream_id=957996 latency=0.498362 ms (tx_ts=84977949787308, rx_ts=84977950285670) request_id=2337717 zil_blk_id=957996 ccf_commit_seqno=2337717 nstreams_done_=239500 config.nstreams=1000000 avg_latency=0.5535 ms avg throuhgput (requests/sec) = 1037.8985 res=false
*==== INFO ====*  stream_id=959996 latency=0.598122 ms (tx_ts=84978453553014, rx_ts=84978454151136) request_id=2342872 zil_blk_id=959996 ccf_commit_seqno=2342873 nstreams_done_=240000 config.nstreams=1000000 avg_latency=0.5535 ms avg throuhgput (requests/sec) = 1037.7992 res=false
*==== INFO ====*  stream_id=961996 latency=0.605412 ms (tx_ts=84978934032884, rx_ts=84978934638296) request_id=2347712 zil_blk_id=961996 ccf_commit_seqno=2347713 nstreams_done_=240500 config.nstreams=1000000 avg_latency=0.5535 ms avg throuhgput (requests/sec) = 1037.8050 res=false
*==== INFO ====*  stream_id=963996 latency=0.493323 ms (tx_ts=84979419023409, rx_ts=84979419516732) request_id=2352586 zil_blk_id=963996 ccf_commit_seqno=2352586 nstreams_done_=241000 config.nstreams=1000000 avg_latency=0.5536 ms avg throuhgput (requests/sec) = 1037.7912 res=false
*==== INFO ====*  stream_id=965996 latency=0.677066 ms (tx_ts=84979908548980, rx_ts=84979909226046) request_id=2357701 zil_blk_id=965996 ccf_commit_seqno=2357702 nstreams_done_=241500 config.nstreams=1000000 avg_latency=0.5536 ms avg throuhgput (requests/sec) = 1037.7559 res=false
*==== INFO ====*  stream_id=967996 latency=0.520113 ms (tx_ts=84980422399707, rx_ts=84980422919820) request_id=2363004 zil_blk_id=967996 ccf_commit_seqno=2363004 nstreams_done_=242000 config.nstreams=1000000 avg_latency=0.5536 ms avg throuhgput (requests/sec) = 1037.6140 res=false
*==== INFO ====*  stream_id=969996 latency=0.487342 ms (tx_ts=84980892119107, rx_ts=84980892606449) request_id=2367972 zil_blk_id=969996 ccf_commit_seqno=2367972 nstreams_done_=242500 config.nstreams=1000000 avg_latency=0.5536 ms avg throuhgput (requests/sec) = 1037.6682 res=false
*==== INFO ====*  stream_id=971996 latency=0.513450 ms (tx_ts=84981364115147, rx_ts=84981364628597) request_id=2372708 zil_blk_id=971996 ccf_commit_seqno=2372708 nstreams_done_=243000 config.nstreams=1000000 avg_latency=0.5535 ms avg throuhgput (requests/sec) = 1037.7117 res=false
*==== INFO ====*  stream_id=973996 latency=0.466011 ms (tx_ts=84981873853983, rx_ts=84981874319994) request_id=2377963 zil_blk_id=973996 ccf_commit_seqno=2377963 nstreams_done_=243500 config.nstreams=1000000 avg_latency=0.5534 ms avg throuhgput (requests/sec) = 1037.5885 res=false
*==== INFO ====*  stream_id=975996 latency=0.512448 ms (tx_ts=84982393934579, rx_ts=84982394447027) request_id=2383124 zil_blk_id=975996 ccf_commit_seqno=2383125 nstreams_done_=244000 config.nstreams=1000000 avg_latency=0.5534 ms avg throuhgput (requests/sec) = 1037.4198 res=false
*==== INFO ====*  stream_id=977996 latency=0.509292 ms (tx_ts=84982891720121, rx_ts=84982892229413) request_id=2387959 zil_blk_id=977996 ccf_commit_seqno=2387959 nstreams_done_=244500 config.nstreams=1000000 avg_latency=0.5534 ms avg throuhgput (requests/sec) = 1037.3502 res=false
*==== INFO ====*  stream_id=979996 latency=0.581066 ms (tx_ts=84983424672599, rx_ts=84983425253665) request_id=2392984 zil_blk_id=979996 ccf_commit_seqno=2392984 nstreams_done_=245000 config.nstreams=1000000 avg_latency=0.5534 ms avg throuhgput (requests/sec) = 1037.1261 res=false
*==== INFO ====*  stream_id=981996 latency=0.560228 ms (tx_ts=84983961705503, rx_ts=84983962265731) request_id=2398262 zil_blk_id=981996 ccf_commit_seqno=2398262 nstreams_done_=245500 config.nstreams=1000000 avg_latency=0.5535 ms avg throuhgput (requests/sec) = 1036.8856 res=false
*==== INFO ====*  stream_id=983996 latency=0.523248 ms (tx_ts=84984472602956, rx_ts=84984473126204) request_id=2403252 zil_blk_id=983996 ccf_commit_seqno=2403253 nstreams_done_=246000 config.nstreams=1000000 avg_latency=0.5535 ms avg throuhgput (requests/sec) = 1036.7604 res=false
*==== INFO ====*  stream_id=985996 latency=0.500836 ms (tx_ts=84984984535632, rx_ts=84984985036468) request_id=2408379 zil_blk_id=985996 ccf_commit_seqno=2408379 nstreams_done_=246500 config.nstreams=1000000 avg_latency=0.5535 ms avg throuhgput (requests/sec) = 1036.6312 res=false
*==== INFO ====*  stream_id=987996 latency=0.648904 ms (tx_ts=84985477140204, rx_ts=84985477789108) request_id=2413309 zil_blk_id=987996 ccf_commit_seqno=2413309 nstreams_done_=247000 config.nstreams=1000000 avg_latency=0.5534 ms avg throuhgput (requests/sec) = 1036.5858 res=false
*==== INFO ====*  stream_id=989996 latency=0.542083 ms (tx_ts=84985974047949, rx_ts=84985974590032) request_id=2418228 zil_blk_id=989996 ccf_commit_seqno=2418230 nstreams_done_=247500 config.nstreams=1000000 avg_latency=0.5535 ms avg throuhgput (requests/sec) = 1036.5231 res=false
*==== INFO ====*  stream_id=991996 latency=0.624358 ms (tx_ts=84986440764328, rx_ts=84986441388686) request_id=2422972 zil_blk_id=991996 ccf_commit_seqno=2422974 nstreams_done_=248000 config.nstreams=1000000 avg_latency=0.5534 ms avg throuhgput (requests/sec) = 1036.5906 res=false
*==== INFO ====*  stream_id=993996 latency=0.538658 ms (tx_ts=84986888943190, rx_ts=84986889481848) request_id=2427574 zil_blk_id=993996 ccf_commit_seqno=2427575 nstreams_done_=248500 config.nstreams=1000000 avg_latency=0.5534 ms avg throuhgput (requests/sec) = 1036.7388 res=false
*==== INFO ====*  stream_id=995996 latency=0.577150 ms (tx_ts=84987354974395, rx_ts=84987355551545) request_id=2432240 zil_blk_id=995996 ccf_commit_seqno=2432241 nstreams_done_=249000 config.nstreams=1000000 avg_latency=0.5534 ms avg throuhgput (requests/sec) = 1036.8088 res=false
*==== INFO ====*  stream_id=997996 latency=0.539890 ms (tx_ts=84987878659866, rx_ts=84987879199756) request_id=2437435 zil_blk_id=997996 ccf_commit_seqno=2437436 nstreams_done_=249500 config.nstreams=1000000 avg_latency=0.5534 ms avg throuhgput (requests/sec) = 1036.6304 res=false
*==== INFO ====*  stream_id=999996 latency=0.552714 ms (tx_ts=84988349663934, rx_ts=84988350216648) request_id=2442172 zil_blk_id=999996 ccf_commit_seqno=2442173 nstreams_done_=250000 config.nstreams=1000000 avg_latency=0.5535 ms avg throuhgput (requests/sec) = 1036.6791 res=false
*==== INFO ====*  stream_id=1001996 latency=0.459439 ms (tx_ts=84988852025108, rx_ts=84988852484547) request_id=2447281 zil_blk_id=1001996 ccf_commit_seqno=2447281 nstreams_done_=250500 config.nstreams=1000000 avg_latency=0.5535 ms avg throuhgput (requests/sec) = 1036.5934 res=false
*==== INFO ====*  stream_id=1003996 latency=0.503872 ms (tx_ts=84989361968485, rx_ts=84989362472357) request_id=2452273 zil_blk_id=1003996 ccf_commit_seqno=2452274 nstreams_done_=251000 config.nstreams=1000000 avg_latency=0.5535 ms avg throuhgput (requests/sec) = 1036.4751 res=false
*==== INFO ====*  stream_id=1005996 latency=0.487221 ms (tx_ts=84989868559517, rx_ts=84989869046738) request_id=2457361 zil_blk_id=1005996 ccf_commit_seqno=2457361 nstreams_done_=251500 config.nstreams=1000000 avg_latency=0.5535 ms avg throuhgput (requests/sec) = 1036.3719 res=false
*==== INFO ====*  stream_id=1007996 latency=0.562923 ms (tx_ts=84990363894935, rx_ts=84990364457858) request_id=2462416 zil_blk_id=1007996 ccf_commit_seqno=2462417 nstreams_done_=252000 config.nstreams=1000000 avg_latency=0.5534 ms avg throuhgput (requests/sec) = 1036.3167 res=false
*==== INFO ====*  stream_id=1009996 latency=0.532947 ms (tx_ts=84990870153665, rx_ts=84990870686612) request_id=2467414 zil_blk_id=1009996 ccf_commit_seqno=2467415 nstreams_done_=252500 config.nstreams=1000000 avg_latency=0.5534 ms avg throuhgput (requests/sec) = 1036.2157 res=false
*==== INFO ====*  stream_id=1011996 latency=0.634126 ms (tx_ts=84991389306876, rx_ts=84991389941002) request_id=2472500 zil_blk_id=1011996 ccf_commit_seqno=2472501 nstreams_done_=253000 config.nstreams=1000000 avg_latency=0.5534 ms avg throuhgput (requests/sec) = 1036.0598 res=false
*==== INFO ====*  stream_id=1013996 latency=0.578882 ms (tx_ts=84991901348259, rx_ts=84991901927141) request_id=2477697 zil_blk_id=1013996 ccf_commit_seqno=2477700 nstreams_done_=253500 config.nstreams=1000000 avg_latency=0.5535 ms avg throuhgput (requests/sec) = 1035.9354 res=false
*==== INFO ====*  stream_id=1015996 latency=0.532145 ms (tx_ts=84992402822270, rx_ts=84992403354415) request_id=2482736 zil_blk_id=1015996 ccf_commit_seqno=2482737 nstreams_done_=254000 config.nstreams=1000000 avg_latency=0.5534 ms avg throuhgput (requests/sec) = 1035.8561 res=false
*==== INFO ====*  stream_id=1017996 latency=0.536153 ms (tx_ts=84992891784130, rx_ts=84992892320283) request_id=2487861 zil_blk_id=1017996 ccf_commit_seqno=2487863 nstreams_done_=254500 config.nstreams=1000000 avg_latency=0.5534 ms avg throuhgput (requests/sec) = 1035.8296 res=false
*==== INFO ====*  stream_id=1019996 latency=0.525763 ms (tx_ts=84993378115580, rx_ts=84993378641343) request_id=2492866 zil_blk_id=1019996 ccf_commit_seqno=2492866 nstreams_done_=255000 config.nstreams=1000000 avg_latency=0.5533 ms avg throuhgput (requests/sec) = 1035.8144 res=false
*==== INFO ====*  stream_id=1021996 latency=0.486850 ms (tx_ts=84993874148941, rx_ts=84993874635791) request_id=2497870 zil_blk_id=1021996 ccf_commit_seqno=2497870 nstreams_done_=255500 config.nstreams=1000000 avg_latency=0.5533 ms avg throuhgput (requests/sec) = 1035.7586 res=false
*==== INFO ====*  stream_id=1023996 latency=0.516906 ms (tx_ts=84994371509533, rx_ts=84994372026439) request_id=2502851 zil_blk_id=1023996 ccf_commit_seqno=2502852 nstreams_done_=256000 config.nstreams=1000000 avg_latency=0.5532 ms avg throuhgput (requests/sec) = 1035.6972 res=false
*==== INFO ====*  stream_id=1025996 latency=0.510324 ms (tx_ts=84994877029552, rx_ts=84994877539876) request_id=2507818 zil_blk_id=1025996 ccf_commit_seqno=2507819 nstreams_done_=256500 config.nstreams=1000000 avg_latency=0.5532 ms avg throuhgput (requests/sec) = 1035.6021 res=false
*==== INFO ====*  stream_id=1027996 latency=0.534069 ms (tx_ts=84995346388075, rx_ts=84995346922144) request_id=2512720 zil_blk_id=1027996 ccf_commit_seqno=2512720 nstreams_done_=257000 config.nstreams=1000000 avg_latency=0.5531 ms avg throuhgput (requests/sec) = 1035.6582 res=false
*==== INFO ====*  stream_id=1029996 latency=0.670390 ms (tx_ts=84995845171701, rx_ts=84995845842091) request_id=2517855 zil_blk_id=1029996 ccf_commit_seqno=2517856 nstreams_done_=257500 config.nstreams=1000000 avg_latency=0.5531 ms avg throuhgput (requests/sec) = 1035.5910 res=false
*==== INFO ====*  stream_id=1031996 latency=0.494355 ms (tx_ts=84996328703878, rx_ts=84996329198233) request_id=2522821 zil_blk_id=1031996 ccf_commit_seqno=2522821 nstreams_done_=258000 config.nstreams=1000000 avg_latency=0.5531 ms avg throuhgput (requests/sec) = 1035.5887 res=false
*==== INFO ====*  stream_id=1033996 latency=0.515874 ms (tx_ts=84996808143778, rx_ts=84996808659652) request_id=2527645 zil_blk_id=1033996 ccf_commit_seqno=2527645 nstreams_done_=258500 config.nstreams=1000000 avg_latency=0.5531 ms avg throuhgput (requests/sec) = 1035.6026 res=false
*==== INFO ====*  stream_id=1035996 latency=0.587939 ms (tx_ts=84997272226229, rx_ts=84997272814168) request_id=2532363 zil_blk_id=1035996 ccf_commit_seqno=2532363 nstreams_done_=259000 config.nstreams=1000000 avg_latency=0.5531 ms avg throuhgput (requests/sec) = 1035.6799 res=false
*==== INFO ====*  stream_id=1037996 latency=0.775059 ms (tx_ts=84997745360588, rx_ts=84997746135647) request_id=2537230 zil_blk_id=1037996 ccf_commit_seqno=2537232 nstreams_done_=259500 config.nstreams=1000000 avg_latency=0.5531 ms avg throuhgput (requests/sec) = 1035.7190 res=false
*==== INFO ====*  stream_id=1039996 latency=0.479447 ms (tx_ts=84998237477474, rx_ts=84998237956921) request_id=2542094 zil_blk_id=1039996 ccf_commit_seqno=2542094 nstreams_done_=260000 config.nstreams=1000000 avg_latency=0.5531 ms avg throuhgput (requests/sec) = 1035.6816 res=false
*==== INFO ====*  stream_id=1041996 latency=0.590865 ms (tx_ts=84998686066363, rx_ts=84998686657228) request_id=2546654 zil_blk_id=1041996 ccf_commit_seqno=2546654 nstreams_done_=260500 config.nstreams=1000000 avg_latency=0.5530 ms avg throuhgput (requests/sec) = 1035.8219 res=false
*==== INFO ====*  stream_id=1043996 latency=0.575005 ms (tx_ts=84999162631529, rx_ts=84999163206534) request_id=2551345 zil_blk_id=1043996 ccf_commit_seqno=2551346 nstreams_done_=261000 config.nstreams=1000000 avg_latency=0.5531 ms avg throuhgput (requests/sec) = 1035.8472 res=false
*==== INFO ====*  stream_id=1045996 latency=0.515093 ms (tx_ts=84999625509023, rx_ts=84999626024116) request_id=2556098 zil_blk_id=1045996 ccf_commit_seqno=2556098 nstreams_done_=261500 config.nstreams=1000000 avg_latency=0.5531 ms avg throuhgput (requests/sec) = 1035.9288 res=false
*==== INFO ====*  stream_id=1047996 latency=0.481931 ms (tx_ts=85000080704407, rx_ts=85000081186338) request_id=2560717 zil_blk_id=1047996 ccf_commit_seqno=2560717 nstreams_done_=262000 config.nstreams=1000000 avg_latency=0.5530 ms avg throuhgput (requests/sec) = 1036.0414 res=false
*==== INFO ====*  stream_id=1049996 latency=0.558144 ms (tx_ts=85000537305523, rx_ts=85000537863667) request_id=2565473 zil_blk_id=1049996 ccf_commit_seqno=2565474 nstreams_done_=262500 config.nstreams=1000000 avg_latency=0.5530 ms avg throuhgput (requests/sec) = 1036.1475 res=false
*==== INFO ====*  stream_id=1051996 latency=0.521455 ms (tx_ts=85001015027405, rx_ts=85001015548860) request_id=2570411 zil_blk_id=1051996 ccf_commit_seqno=2570411 nstreams_done_=263000 config.nstreams=1000000 avg_latency=0.5529 ms avg throuhgput (requests/sec) = 1036.1673 res=false
*==== INFO ====*  stream_id=1053996 latency=0.557002 ms (tx_ts=85001484117130, rx_ts=85001484674132) request_id=2575387 zil_blk_id=1053996 ccf_commit_seqno=2575387 nstreams_done_=263500 config.nstreams=1000000 avg_latency=0.5529 ms avg throuhgput (requests/sec) = 1036.2220 res=false
*==== INFO ====*  stream_id=1055996 latency=0.477583 ms (tx_ts=85001939500102, rx_ts=85001939977685) request_id=2580035 zil_blk_id=1055996 ccf_commit_seqno=2580035 nstreams_done_=264000 config.nstreams=1000000 avg_latency=0.5528 ms avg throuhgput (requests/sec) = 1036.3328 res=false
*==== INFO ====*  stream_id=1057996 latency=0.462715 ms (tx_ts=85002414957305, rx_ts=85002415420020) request_id=2584805 zil_blk_id=1057996 ccf_commit_seqno=2584805 nstreams_done_=264500 config.nstreams=1000000 avg_latency=0.5528 ms avg throuhgput (requests/sec) = 1036.3613 res=false
*==== INFO ====*  stream_id=1059996 latency=0.637563 ms (tx_ts=85002926327448, rx_ts=85002926965011) request_id=2589843 zil_blk_id=1059996 ccf_commit_seqno=2589844 nstreams_done_=265000 config.nstreams=1000000 avg_latency=0.5529 ms avg throuhgput (requests/sec) = 1036.2434 res=false
*==== INFO ====*  stream_id=1061996 latency=0.448268 ms (tx_ts=85003462128445, rx_ts=85003462576713) request_id=2595186 zil_blk_id=1061996 ccf_commit_seqno=2595186 nstreams_done_=265500 config.nstreams=1000000 avg_latency=0.5529 ms avg throuhgput (requests/sec) = 1036.0287 res=false
*==== INFO ====*  stream_id=1063996 latency=1.045321 ms (tx_ts=85003968719898, rx_ts=85003969765219) request_id=2600086 zil_blk_id=1063996 ccf_commit_seqno=2600086 nstreams_done_=266000 config.nstreams=1000000 avg_latency=0.5530 ms avg throuhgput (requests/sec) = 1035.9295 res=false
*==== INFO ====*  stream_id=1065996 latency=0.573382 ms (tx_ts=85004476988093, rx_ts=85004477561475) request_id=2605211 zil_blk_id=1065996 ccf_commit_seqno=2605211 nstreams_done_=266500 config.nstreams=1000000 avg_latency=0.5530 ms avg throuhgput (requests/sec) = 1035.8283 res=false
*==== INFO ====*  stream_id=1067996 latency=0.522397 ms (tx_ts=85004956024848, rx_ts=85004956547245) request_id=2610171 zil_blk_id=1067996 ccf_commit_seqno=2610171 nstreams_done_=267000 config.nstreams=1000000 avg_latency=0.5530 ms avg throuhgput (requests/sec) = 1035.8433 res=false
*==== INFO ====*  stream_id=1069996 latency=0.534118 ms (tx_ts=85005432590034, rx_ts=85005433124152) request_id=2615167 zil_blk_id=1069996 ccf_commit_seqno=2615167 nstreams_done_=267500 config.nstreams=1000000 avg_latency=0.5529 ms avg throuhgput (requests/sec) = 1035.8678 res=false
*==== INFO ====*  stream_id=1071996 latency=0.475038 ms (tx_ts=85005935062448, rx_ts=85005935537486) request_id=2620174 zil_blk_id=1071996 ccf_commit_seqno=2620175 nstreams_done_=268000 config.nstreams=1000000 avg_latency=0.5529 ms avg throuhgput (requests/sec) = 1035.7889 res=false
*==== INFO ====*  stream_id=1073996 latency=0.508731 ms (tx_ts=85006455393158, rx_ts=85006455901889) request_id=2625392 zil_blk_id=1073996 ccf_commit_seqno=2625392 nstreams_done_=268500 config.nstreams=1000000 avg_latency=0.5530 ms avg throuhgput (requests/sec) = 1035.6385 res=false
*==== INFO ====*  stream_id=1075996 latency=0.500736 ms (tx_ts=85006964303844, rx_ts=85006964804580) request_id=2630531 zil_blk_id=1075996 ccf_commit_seqno=2630532 nstreams_done_=269000 config.nstreams=1000000 avg_latency=0.5530 ms avg throuhgput (requests/sec) = 1035.5344 res=false
*==== INFO ====*  stream_id=1077996 latency=0.490197 ms (tx_ts=85007456177624, rx_ts=85007456667821) request_id=2635503 zil_blk_id=1077996 ccf_commit_seqno=2635503 nstreams_done_=269500 config.nstreams=1000000 avg_latency=0.5530 ms avg throuhgput (requests/sec) = 1035.4985 res=false
*==== INFO ====*  stream_id=1079996 latency=0.628075 ms (tx_ts=85007943258913, rx_ts=85007943886988) request_id=2640304 zil_blk_id=1079996 ccf_commit_seqno=2640305 nstreams_done_=270000 config.nstreams=1000000 avg_latency=0.5530 ms avg throuhgput (requests/sec) = 1035.4812 res=false
*==== INFO ====*  stream_id=1081996 latency=0.542123 ms (tx_ts=85008456901027, rx_ts=85008457443150) request_id=2645316 zil_blk_id=1081996 ccf_commit_seqno=2645316 nstreams_done_=270500 config.nstreams=1000000 avg_latency=0.5531 ms avg throuhgput (requests/sec) = 1035.3595 res=false
*==== INFO ====*  stream_id=1083996 latency=0.566009 ms (tx_ts=85008969500570, rx_ts=85008970066579) request_id=2650416 zil_blk_id=1083996 ccf_commit_seqno=2650416 nstreams_done_=271000 config.nstreams=1000000 avg_latency=0.5531 ms avg throuhgput (requests/sec) = 1035.2421 res=false
*==== INFO ====*  stream_id=1085996 latency=0.496558 ms (tx_ts=85009434044011, rx_ts=85009434540569) request_id=2655090 zil_blk_id=1085996 ccf_commit_seqno=2655091 nstreams_done_=271500 config.nstreams=1000000 avg_latency=0.5531 ms avg throuhgput (requests/sec) = 1035.3151 res=false
*==== INFO ====*  stream_id=1087996 latency=0.572000 ms (tx_ts=85009940679813, rx_ts=85009941251813) request_id=2660151 zil_blk_id=1087996 ccf_commit_seqno=2660151 nstreams_done_=272000 config.nstreams=1000000 avg_latency=0.5532 ms avg throuhgput (requests/sec) = 1035.2215 res=false
*==== INFO ====*  stream_id=1089996 latency=0.509132 ms (tx_ts=85010410822998, rx_ts=85010411332130) request_id=2665048 zil_blk_id=1089996 ccf_commit_seqno=2665048 nstreams_done_=272500 config.nstreams=1000000 avg_latency=0.5531 ms avg throuhgput (requests/sec) = 1035.2722 res=false
*==== INFO ====*  stream_id=1091996 latency=0.579504 ms (tx_ts=85010861539644, rx_ts=85010862119148) request_id=2669720 zil_blk_id=1091996 ccf_commit_seqno=2669720 nstreams_done_=273000 config.nstreams=1000000 avg_latency=0.5531 ms avg throuhgput (requests/sec) = 1035.3986 res=false
*==== INFO ====*  stream_id=1093996 latency=0.490066 ms (tx_ts=85011310778174, rx_ts=85011311268240) request_id=2674396 zil_blk_id=1093996 ccf_commit_seqno=2674396 nstreams_done_=273500 config.nstreams=1000000 avg_latency=0.5530 ms avg throuhgput (requests/sec) = 1035.5309 res=false
*==== INFO ====*  stream_id=1095996 latency=0.462836 ms (tx_ts=85011775219405, rx_ts=85011775682241) request_id=2679233 zil_blk_id=1095996 ccf_commit_seqno=2679233 nstreams_done_=274000 config.nstreams=1000000 avg_latency=0.5529 ms avg throuhgput (requests/sec) = 1035.6031 res=false
*==== INFO ====*  stream_id=1097996 latency=0.603799 ms (tx_ts=85012238695651, rx_ts=85012239299450) request_id=2683963 zil_blk_id=1097996 ccf_commit_seqno=2683963 nstreams_done_=274500 config.nstreams=1000000 avg_latency=0.5529 ms avg throuhgput (requests/sec) = 1035.6781 res=false
*==== INFO ====*  stream_id=1099996 latency=0.606804 ms (tx_ts=85012724928832, rx_ts=85012725535636) request_id=2688767 zil_blk_id=1099996 ccf_commit_seqno=2688767 nstreams_done_=275000 config.nstreams=1000000 avg_latency=0.5529 ms avg throuhgput (requests/sec) = 1035.6646 res=false
*==== INFO ====*  stream_id=1101996 latency=0.534399 ms (tx_ts=85013181503605, rx_ts=85013182038004) request_id=2693368 zil_blk_id=1101996 ccf_commit_seqno=2693368 nstreams_done_=275500 config.nstreams=1000000 avg_latency=0.5528 ms avg throuhgput (requests/sec) = 1035.7669 res=false
*==== INFO ====*  stream_id=1103996 latency=0.538187 ms (tx_ts=85013662439551, rx_ts=85013662977738) request_id=2698187 zil_blk_id=1103996 ccf_commit_seqno=2698188 nstreams_done_=276000 config.nstreams=1000000 avg_latency=0.5528 ms avg throuhgput (requests/sec) = 1035.7739 res=false
*==== INFO ====*  stream_id=1105996 latency=0.433350 ms (tx_ts=85014185420181, rx_ts=85014185853531) request_id=2703151 zil_blk_id=1105996 ccf_commit_seqno=2703151 nstreams_done_=276500 config.nstreams=1000000 avg_latency=0.5530 ms avg throuhgput (requests/sec) = 1035.6181 res=false
*==== INFO ====*  stream_id=1107996 latency=0.527777 ms (tx_ts=85014651112619, rx_ts=85014651640396) request_id=2707868 zil_blk_id=1107996 ccf_commit_seqno=2707868 nstreams_done_=277000 config.nstreams=1000000 avg_latency=0.5530 ms avg throuhgput (requests/sec) = 1035.6840 res=false
*==== INFO ====*  stream_id=1109996 latency=0.569915 ms (tx_ts=85015095677483, rx_ts=85015096247398) request_id=2712513 zil_blk_id=1109996 ccf_commit_seqno=2712513 nstreams_done_=277500 config.nstreams=1000000 avg_latency=0.5530 ms avg throuhgput (requests/sec) = 1035.8316 res=false
*==== INFO ====*  stream_id=1111996 latency=0.605212 ms (tx_ts=85015555795028, rx_ts=85015556400240) request_id=2717410 zil_blk_id=1111996 ccf_commit_seqno=2717410 nstreams_done_=278000 config.nstreams=1000000 avg_latency=0.5529 ms avg throuhgput (requests/sec) = 1035.9186 res=false
*==== INFO ====*  stream_id=1113996 latency=0.555249 ms (tx_ts=85016007036641, rx_ts=85016007591890) request_id=2722183 zil_blk_id=1113996 ccf_commit_seqno=2722183 nstreams_done_=278500 config.nstreams=1000000 avg_latency=0.5529 ms avg throuhgput (requests/sec) = 1036.0399 res=false
*==== INFO ====*  stream_id=1115996 latency=0.564787 ms (tx_ts=85016454805920, rx_ts=85016455370707) request_id=2726926 zil_blk_id=1115996 ccf_commit_seqno=2726927 nstreams_done_=279000 config.nstreams=1000000 avg_latency=0.5528 ms avg throuhgput (requests/sec) = 1036.1739 res=false
*==== INFO ====*  stream_id=1117996 latency=0.636040 ms (tx_ts=85016925734571, rx_ts=85016926370611) request_id=2731835 zil_blk_id=1117996 ccf_commit_seqno=2731837 nstreams_done_=279500 config.nstreams=1000000 avg_latency=0.5528 ms avg throuhgput (requests/sec) = 1036.2182 res=false
*==== INFO ====*  stream_id=1119996 latency=0.496288 ms (tx_ts=85017404450997, rx_ts=85017404947285) request_id=2736639 zil_blk_id=1119996 ccf_commit_seqno=2736639 nstreams_done_=280000 config.nstreams=1000000 avg_latency=0.5528 ms avg throuhgput (requests/sec) = 1036.2334 res=false
*==== INFO ====*  stream_id=1121996 latency=0.493693 ms (tx_ts=85017892781773, rx_ts=85017893275466) request_id=2741788 zil_blk_id=1121996 ccf_commit_seqno=2741788 nstreams_done_=280500 config.nstreams=1000000 avg_latency=0.5528 ms avg throuhgput (requests/sec) = 1036.2111 res=false
*==== INFO ====*  stream_id=1123996 latency=0.526635 ms (tx_ts=85018368756931, rx_ts=85018369283566) request_id=2746592 zil_blk_id=1123996 ccf_commit_seqno=2746594 nstreams_done_=281000 config.nstreams=1000000 avg_latency=0.5528 ms avg throuhgput (requests/sec) = 1036.2360 res=false
*==== INFO ====*  stream_id=1125996 latency=0.436527 ms (tx_ts=85018840866871, rx_ts=85018841303398) request_id=2751274 zil_blk_id=1125996 ccf_commit_seqno=2751274 nstreams_done_=281500 config.nstreams=1000000 avg_latency=0.5528 ms avg throuhgput (requests/sec) = 1036.2761 res=false
*==== INFO ====*  stream_id=1127996 latency=0.533217 ms (tx_ts=85019300053523, rx_ts=85019300586740) request_id=2755995 zil_blk_id=1127996 ccf_commit_seqno=2755995 nstreams_done_=282000 config.nstreams=1000000 avg_latency=0.5527 ms avg throuhgput (requests/sec) = 1036.3645 res=false
*==== INFO ====*  stream_id=1129996 latency=0.492201 ms (tx_ts=85019761775786, rx_ts=85019762267987) request_id=2760851 zil_blk_id=1129996 ccf_commit_seqno=2760851 nstreams_done_=282500 config.nstreams=1000000 avg_latency=0.5526 ms avg throuhgput (requests/sec) = 1036.4435 res=false
*==== INFO ====*  stream_id=1131996 latency=0.507489 ms (tx_ts=85020225817087, rx_ts=85020226324576) request_id=2765576 zil_blk_id=1131996 ccf_commit_seqno=2765576 nstreams_done_=283000 config.nstreams=1000000 avg_latency=0.5526 ms avg throuhgput (requests/sec) = 1036.5132 res=false
*==== INFO ====*  stream_id=1133996 latency=0.545549 ms (tx_ts=85020698030430, rx_ts=85020698575979) request_id=2770487 zil_blk_id=1133996 ccf_commit_seqno=2770488 nstreams_done_=283500 config.nstreams=1000000 avg_latency=0.5526 ms avg throuhgput (requests/sec) = 1036.5516 res=false
*==== INFO ====*  stream_id=1135996 latency=0.589671 ms (tx_ts=85021178104227, rx_ts=85021178693898) request_id=2775363 zil_blk_id=1135996 ccf_commit_seqno=2775363 nstreams_done_=284000 config.nstreams=1000000 avg_latency=0.5526 ms avg throuhgput (requests/sec) = 1036.5601 res=false
*==== INFO ====*  stream_id=1137996 latency=0.578440 ms (tx_ts=85021635926365, rx_ts=85021636504805) request_id=2779944 zil_blk_id=1137996 ccf_commit_seqno=2779944 nstreams_done_=284500 config.nstreams=1000000 avg_latency=0.5525 ms avg throuhgput (requests/sec) = 1036.6528 res=false
*==== INFO ====*  stream_id=1139996 latency=0.494624 ms (tx_ts=85022109537640, rx_ts=85022110032264) request_id=2784870 zil_blk_id=1139996 ccf_commit_seqno=2784870 nstreams_done_=285000 config.nstreams=1000000 avg_latency=0.5525 ms avg throuhgput (requests/sec) = 1036.6860 res=false
*==== INFO ====*  stream_id=1141996 latency=0.486699 ms (tx_ts=85022596118572, rx_ts=85022596605271) request_id=2789860 zil_blk_id=1141996 ccf_commit_seqno=2789860 nstreams_done_=285500 config.nstreams=1000000 avg_latency=0.5525 ms avg throuhgput (requests/sec) = 1036.6699 res=false
*==== INFO ====*  stream_id=1143996 latency=0.541060 ms (tx_ts=85023090289217, rx_ts=85023090830277) request_id=2794829 zil_blk_id=1143996 ccf_commit_seqno=2794830 nstreams_done_=286000 config.nstreams=1000000 avg_latency=0.5525 ms avg throuhgput (requests/sec) = 1036.6252 res=false
*==== INFO ====*  stream_id=1145996 latency=0.654402 ms (tx_ts=85023582436480, rx_ts=85023583090882) request_id=2799785 zil_blk_id=1145996 ccf_commit_seqno=2799786 nstreams_done_=286500 config.nstreams=1000000 avg_latency=0.5525 ms avg throuhgput (requests/sec) = 1036.5880 res=false
*==== INFO ====*  stream_id=1147996 latency=0.574232 ms (tx_ts=85024067065927, rx_ts=85024067640159) request_id=2804773 zil_blk_id=1147996 ccf_commit_seqno=2804774 nstreams_done_=287000 config.nstreams=1000000 avg_latency=0.5525 ms avg throuhgput (requests/sec) = 1036.5797 res=false
*==== INFO ====*  stream_id=1149996 latency=0.504993 ms (tx_ts=85024533981966, rx_ts=85024534486959) request_id=2809689 zil_blk_id=1149996 ccf_commit_seqno=2809689 nstreams_done_=287500 config.nstreams=1000000 avg_latency=0.5525 ms avg throuhgput (requests/sec) = 1036.6377 res=false
*==== INFO ====*  stream_id=1151996 latency=0.520233 ms (tx_ts=85025000233369, rx_ts=85025000753602) request_id=2814482 zil_blk_id=1151996 ccf_commit_seqno=2814482 nstreams_done_=288000 config.nstreams=1000000 avg_latency=0.5525 ms avg throuhgput (requests/sec) = 1036.6976 res=false
*==== INFO ====*  stream_id=1153996 latency=0.540501 ms (tx_ts=85025472105992, rx_ts=85025472646493) request_id=2819164 zil_blk_id=1153996 ccf_commit_seqno=2819164 nstreams_done_=288500 config.nstreams=1000000 avg_latency=0.5525 ms avg throuhgput (requests/sec) = 1036.7364 res=false
*==== INFO ====*  stream_id=1155996 latency=0.490708 ms (tx_ts=85025955869138, rx_ts=85025956359846) request_id=2824046 zil_blk_id=1155996 ccf_commit_seqno=2824046 nstreams_done_=289000 config.nstreams=1000000 avg_latency=0.5525 ms avg throuhgput (requests/sec) = 1036.7311 res=false
*==== INFO ====*  stream_id=1157996 latency=0.483594 ms (tx_ts=85026412166987, rx_ts=85026412650581) request_id=2828730 zil_blk_id=1157996 ccf_commit_seqno=2828730 nstreams_done_=289500 config.nstreams=1000000 avg_latency=0.5525 ms avg throuhgput (requests/sec) = 1036.8276 res=false
*==== INFO ====*  stream_id=1159996 latency=1.013586 ms (tx_ts=85026883294706, rx_ts=85026884308292) request_id=2833652 zil_blk_id=1159996 ccf_commit_seqno=2833652 nstreams_done_=290000 config.nstreams=1000000 avg_latency=0.5525 ms avg throuhgput (requests/sec) = 1036.8668 res=false
*==== INFO ====*  stream_id=1161996 latency=0.518384 ms (tx_ts=85027362064694, rx_ts=85027362583078) request_id=2838533 zil_blk_id=1161996 ccf_commit_seqno=2838533 nstreams_done_=290500 config.nstreams=1000000 avg_latency=0.5525 ms avg throuhgput (requests/sec) = 1036.8814 res=false
*==== INFO ====*  stream_id=1163996 latency=0.480949 ms (tx_ts=85027833141012, rx_ts=85027833621961) request_id=2843283 zil_blk_id=1163996 ccf_commit_seqno=2843283 nstreams_done_=291000 config.nstreams=1000000 avg_latency=0.5526 ms avg throuhgput (requests/sec) = 1036.9227 res=false
*==== INFO ====*  stream_id=1165996 latency=0.512689 ms (tx_ts=85028331389160, rx_ts=85028331901849) request_id=2848399 zil_blk_id=1165996 ccf_commit_seqno=2848399 nstreams_done_=291500 config.nstreams=1000000 avg_latency=0.5526 ms avg throuhgput (requests/sec) = 1036.8634 res=false
*==== INFO ====*  stream_id=1167996 latency=0.457255 ms (tx_ts=85028800654068, rx_ts=85028801111323) request_id=2852991 zil_blk_id=1167996 ccf_commit_seqno=2852991 nstreams_done_=292000 config.nstreams=1000000 avg_latency=0.5526 ms avg throuhgput (requests/sec) = 1036.9113 res=false
*==== INFO ====*  stream_id=1169996 latency=0.521686 ms (tx_ts=85029261268880, rx_ts=85029261790566) request_id=2857711 zil_blk_id=1169996 ccf_commit_seqno=2857711 nstreams_done_=292500 config.nstreams=1000000 avg_latency=0.5526 ms avg throuhgput (requests/sec) = 1036.9904 res=false
*==== INFO ====*  stream_id=1171996 latency=0.549216 ms (tx_ts=85029718319649, rx_ts=85029718868865) request_id=2862411 zil_blk_id=1171996 ccf_commit_seqno=2862412 nstreams_done_=293000 config.nstreams=1000000 avg_latency=0.5526 ms avg throuhgput (requests/sec) = 1037.0825 res=false
*==== INFO ====*  stream_id=1173996 latency=0.494465 ms (tx_ts=85030207676848, rx_ts=85030208171313) request_id=2867464 zil_blk_id=1173996 ccf_commit_seqno=2867464 nstreams_done_=293500 config.nstreams=1000000 avg_latency=0.5527 ms avg throuhgput (requests/sec) = 1037.0562 res=false
*==== INFO ====*  stream_id=1175996 latency=0.549307 ms (tx_ts=85030657820021, rx_ts=85030658369328) request_id=2872180 zil_blk_id=1175996 ccf_commit_seqno=2872183 nstreams_done_=294000 config.nstreams=1000000 avg_latency=0.5527 ms avg throuhgput (requests/sec) = 1037.1730 res=false
*==== INFO ====*  stream_id=1177996 latency=0.532255 ms (tx_ts=85031118964634, rx_ts=85031119496889) request_id=2877037 zil_blk_id=1177996 ccf_commit_seqno=2877037 nstreams_done_=294500 config.nstreams=1000000 avg_latency=0.5526 ms avg throuhgput (requests/sec) = 1037.2496 res=false
*==== INFO ====*  stream_id=1179996 latency=0.566813 ms (tx_ts=85031598327080, rx_ts=85031598893893) request_id=2881982 zil_blk_id=1179996 ccf_commit_seqno=2881982 nstreams_done_=295000 config.nstreams=1000000 avg_latency=0.5527 ms avg throuhgput (requests/sec) = 1037.2592 res=false
*==== INFO ====*  stream_id=1181996 latency=0.718734 ms (tx_ts=85032071415454, rx_ts=85032072134188) request_id=2886817 zil_blk_id=1181996 ccf_commit_seqno=2886819 nstreams_done_=295500 config.nstreams=1000000 avg_latency=0.5527 ms avg throuhgput (requests/sec) = 1037.2913 res=false
*==== INFO ====*  stream_id=1183996 latency=0.672187 ms (tx_ts=85032538364029, rx_ts=85032539036216) request_id=2891419 zil_blk_id=1183996 ccf_commit_seqno=2891420 nstreams_done_=296000 config.nstreams=1000000 avg_latency=0.5527 ms avg throuhgput (requests/sec) = 1037.3462 res=false
*==== INFO ====*  stream_id=1185996 latency=0.550559 ms (tx_ts=85033000503152, rx_ts=85033001053711) request_id=2896228 zil_blk_id=1185996 ccf_commit_seqno=2896229 nstreams_done_=296500 config.nstreams=1000000 avg_latency=0.5526 ms avg throuhgput (requests/sec) = 1037.4188 res=false
*==== INFO ====*  stream_id=1187996 latency=0.557944 ms (tx_ts=85033484999205, rx_ts=85033485557149) request_id=2901199 zil_blk_id=1187996 ccf_commit_seqno=2901199 nstreams_done_=297000 config.nstreams=1000000 avg_latency=0.5527 ms avg throuhgput (requests/sec) = 1037.4096 res=false
*==== INFO ====*  stream_id=1189996 latency=0.471972 ms (tx_ts=85033969870902, rx_ts=85033970342874) request_id=2905939 zil_blk_id=1189996 ccf_commit_seqno=2905939 nstreams_done_=297500 config.nstreams=1000000 avg_latency=0.5528 ms avg throuhgput (requests/sec) = 1037.3994 res=false
*==== INFO ====*  stream_id=1191996 latency=0.495540 ms (tx_ts=85034412025749, rx_ts=85034412521289) request_id=2910505 zil_blk_id=1191996 ccf_commit_seqno=2910505 nstreams_done_=298000 config.nstreams=1000000 avg_latency=0.5527 ms avg throuhgput (requests/sec) = 1037.5431 res=false
*==== INFO ====*  stream_id=1193996 latency=0.541979 ms (tx_ts=85034872505192, rx_ts=85034873047171) request_id=2914964 zil_blk_id=1193996 ccf_commit_seqno=2914964 nstreams_done_=298500 config.nstreams=1000000 avg_latency=0.5527 ms avg throuhgput (requests/sec) = 1037.6202 res=false
*==== INFO ====*  stream_id=1195996 latency=0.552363 ms (tx_ts=85035365881957, rx_ts=85035366434320) request_id=2919784 zil_blk_id=1195996 ccf_commit_seqno=2919784 nstreams_done_=299000 config.nstreams=1000000 avg_latency=0.5528 ms avg throuhgput (requests/sec) = 1037.5788 res=false
*==== INFO ====*  stream_id=1197996 latency=0.478805 ms (tx_ts=85035826403609, rx_ts=85035826882414) request_id=2924605 zil_blk_id=1197996 ccf_commit_seqno=2924605 nstreams_done_=299500 config.nstreams=1000000 avg_latency=0.5527 ms avg throuhgput (requests/sec) = 1037.6559 res=false
*==== INFO ====*  stream_id=1199996 latency=0.495637 ms (tx_ts=85036284017236, rx_ts=85036284512873) request_id=2929295 zil_blk_id=1199996 ccf_commit_seqno=2929296 nstreams_done_=300000 config.nstreams=1000000 avg_latency=0.5527 ms avg throuhgput (requests/sec) = 1037.7428 res=false
*==== INFO ====*  stream_id=1201996 latency=0.741166 ms (tx_ts=85036738973316, rx_ts=85036739714482) request_id=2933907 zil_blk_id=1201996 ccf_commit_seqno=2933909 nstreams_done_=300500 config.nstreams=1000000 avg_latency=0.5527 ms avg throuhgput (requests/sec) = 1037.8382 res=false
*==== INFO ====*  stream_id=1203996 latency=0.490915 ms (tx_ts=85037201336492, rx_ts=85037201827407) request_id=2938727 zil_blk_id=1203996 ccf_commit_seqno=2938727 nstreams_done_=301000 config.nstreams=1000000 avg_latency=0.5527 ms avg throuhgput (requests/sec) = 1037.9085 res=false
*==== INFO ====*  stream_id=1205996 latency=0.548636 ms (tx_ts=85037667958592, rx_ts=85037668507228) request_id=2943529 zil_blk_id=1205996 ccf_commit_seqno=2943529 nstreams_done_=301500 config.nstreams=1000000 avg_latency=0.5527 ms avg throuhgput (requests/sec) = 1037.9624 res=false
*==== INFO ====*  stream_id=1207996 latency=0.631431 ms (tx_ts=85038129047712, rx_ts=85038129679143) request_id=2948278 zil_blk_id=1207996 ccf_commit_seqno=2948278 nstreams_done_=302000 config.nstreams=1000000 avg_latency=0.5528 ms avg throuhgput (requests/sec) = 1038.0356 res=false
*==== INFO ====*  stream_id=1209996 latency=0.499053 ms (tx_ts=85038631552776, rx_ts=85038632051829) request_id=2953005 zil_blk_id=1209996 ccf_commit_seqno=2953005 nstreams_done_=302500 config.nstreams=1000000 avg_latency=0.5529 ms avg throuhgput (requests/sec) = 1037.9619 res=false
*==== INFO ====*  stream_id=1211996 latency=0.462926 ms (tx_ts=85039100059630, rx_ts=85039100522556) request_id=2958004 zil_blk_id=1211996 ccf_commit_seqno=2958004 nstreams_done_=303000 config.nstreams=1000000 avg_latency=0.5529 ms avg throuhgput (requests/sec) = 1038.0090 res=false
*==== INFO ====*  stream_id=1213996 latency=0.493342 ms (tx_ts=85039582308021, rx_ts=85039582801363) request_id=2962868 zil_blk_id=1213996 ccf_commit_seqno=2962868 nstreams_done_=303500 config.nstreams=1000000 avg_latency=0.5529 ms avg throuhgput (requests/sec) = 1038.0069 res=false
*==== INFO ====*  stream_id=1215996 latency=0.467304 ms (tx_ts=85040069014918, rx_ts=85040069482222) request_id=2967666 zil_blk_id=1215996 ccf_commit_seqno=2967666 nstreams_done_=304000 config.nstreams=1000000 avg_latency=0.5529 ms avg throuhgput (requests/sec) = 1037.9893 res=false
*==== INFO ====*  stream_id=1217996 latency=0.523582 ms (tx_ts=85040537353585, rx_ts=85040537877167) request_id=2972472 zil_blk_id=1217996 ccf_commit_seqno=2972473 nstreams_done_=304500 config.nstreams=1000000 avg_latency=0.5529 ms avg throuhgput (requests/sec) = 1038.0363 res=false
*==== INFO ====*  stream_id=1219996 latency=0.518659 ms (tx_ts=85040987429197, rx_ts=85040987947856) request_id=2977203 zil_blk_id=1219996 ccf_commit_seqno=2977203 nstreams_done_=305000 config.nstreams=1000000 avg_latency=0.5529 ms avg throuhgput (requests/sec) = 1038.1480 res=false
*==== INFO ====*  stream_id=1221996 latency=0.465240 ms (tx_ts=85041456698654, rx_ts=85041457163894) request_id=2982126 zil_blk_id=1221996 ccf_commit_seqno=2982126 nstreams_done_=305500 config.nstreams=1000000 avg_latency=0.5529 ms avg throuhgput (requests/sec) = 1038.1918 res=false
*==== INFO ====*  stream_id=1223996 latency=0.515895 ms (tx_ts=85041930960620, rx_ts=85041931476515) request_id=2987187 zil_blk_id=1223996 ccf_commit_seqno=2987187 nstreams_done_=306000 config.nstreams=1000000 avg_latency=0.5529 ms avg throuhgput (requests/sec) = 1038.2175 res=false
*==== INFO ====*  stream_id=1225996 latency=0.462926 ms (tx_ts=85042408579864, rx_ts=85042409042790) request_id=2991987 zil_blk_id=1225996 ccf_commit_seqno=2991987 nstreams_done_=306500 config.nstreams=1000000 avg_latency=0.5529 ms avg throuhgput (requests/sec) = 1038.2317 res=false
*==== INFO ====*  stream_id=1227996 latency=0.538878 ms (tx_ts=85042878401150, rx_ts=85042878940028) request_id=2996775 zil_blk_id=1227996 ccf_commit_seqno=2996777 nstreams_done_=307000 config.nstreams=1000000 avg_latency=0.5529 ms avg throuhgput (requests/sec) = 1038.2727 res=false
*==== INFO ====*  stream_id=1229996 latency=0.704240 ms (tx_ts=85043385042411, rx_ts=85043385746651) request_id=3001664 zil_blk_id=1229996 ccf_commit_seqno=3001666 nstreams_done_=307500 config.nstreams=1000000 avg_latency=0.5529 ms avg throuhgput (requests/sec) = 1038.1842 res=false
*==== INFO ====*  stream_id=1231996 latency=0.460190 ms (tx_ts=85043865918549, rx_ts=85043866378739) request_id=3006537 zil_blk_id=1231996 ccf_commit_seqno=3006537 nstreams_done_=308000 config.nstreams=1000000 avg_latency=0.5529 ms avg throuhgput (requests/sec) = 1038.1877 res=false
*==== INFO ====*  stream_id=1233996 latency=0.524524 ms (tx_ts=85044329709291, rx_ts=85044330233815) request_id=3011245 zil_blk_id=1233996 ccf_commit_seqno=3011245 nstreams_done_=308500 config.nstreams=1000000 avg_latency=0.5529 ms avg throuhgput (requests/sec) = 1038.2497 res=false
*==== INFO ====*  stream_id=1235996 latency=0.527830 ms (tx_ts=85044799141293, rx_ts=85044799669123) request_id=3016075 zil_blk_id=1235996 ccf_commit_seqno=3016076 nstreams_done_=309000 config.nstreams=1000000 avg_latency=0.5528 ms avg throuhgput (requests/sec) = 1038.2921 res=false
*==== INFO ====*  stream_id=1237996 latency=0.550109 ms (tx_ts=85045269081815, rx_ts=85045269631924) request_id=3020710 zil_blk_id=1237996 ccf_commit_seqno=3020710 nstreams_done_=309500 config.nstreams=1000000 avg_latency=0.5528 ms avg throuhgput (requests/sec) = 1038.3325 res=false
*==== INFO ====*  stream_id=1239996 latency=0.500095 ms (tx_ts=85045766319796, rx_ts=85045766819891) request_id=3025638 zil_blk_id=1239996 ccf_commit_seqno=3025638 nstreams_done_=310000 config.nstreams=1000000 avg_latency=0.5528 ms avg throuhgput (requests/sec) = 1038.2780 res=false
*==== INFO ====*  stream_id=1241996 latency=0.472891 ms (tx_ts=85046239235021, rx_ts=85046239707912) request_id=3030317 zil_blk_id=1241996 ccf_commit_seqno=3030317 nstreams_done_=310500 config.nstreams=1000000 avg_latency=0.5529 ms avg throuhgput (requests/sec) = 1038.3082 res=false
*==== INFO ====*  stream_id=1243996 latency=0.505295 ms (tx_ts=85046731528239, rx_ts=85046732033534) request_id=3035148 zil_blk_id=1243996 ccf_commit_seqno=3035148 nstreams_done_=311000 config.nstreams=1000000 avg_latency=0.5529 ms avg throuhgput (requests/sec) = 1038.2708 res=false
*==== INFO ====*  stream_id=1245996 latency=0.508110 ms (tx_ts=85047196360025, rx_ts=85047196868135) request_id=3039949 zil_blk_id=1245996 ccf_commit_seqno=3039949 nstreams_done_=311500 config.nstreams=1000000 avg_latency=0.5529 ms avg throuhgput (requests/sec) = 1038.3288 res=false
*==== INFO ====*  stream_id=1247996 latency=0.519932 ms (tx_ts=85047678571276, rx_ts=85047679091208) request_id=3044907 zil_blk_id=1247996 ccf_commit_seqno=3044907 nstreams_done_=312000 config.nstreams=1000000 avg_latency=0.5529 ms avg throuhgput (requests/sec) = 1038.3264 res=false
*==== INFO ====*  stream_id=1249996 latency=0.467955 ms (tx_ts=85048175568704, rx_ts=85048176036659) request_id=3049950 zil_blk_id=1249996 ccf_commit_seqno=3049950 nstreams_done_=312500 config.nstreams=1000000 avg_latency=0.5529 ms avg throuhgput (requests/sec) = 1038.2733 res=false
*==== INFO ====*  stream_id=1251996 latency=0.585525 ms (tx_ts=85048686232844, rx_ts=85048686818369) request_id=3055207 zil_blk_id=1251996 ccf_commit_seqno=3055207 nstreams_done_=313000 config.nstreams=1000000 avg_latency=0.5529 ms avg throuhgput (requests/sec) = 1038.1727 res=false
*==== INFO ====*  stream_id=1253996 latency=0.515413 ms (tx_ts=85049227025359, rx_ts=85049227540772) request_id=3060739 zil_blk_id=1253996 ccf_commit_seqno=3060740 nstreams_done_=313500 config.nstreams=1000000 avg_latency=0.5530 ms avg throuhgput (requests/sec) = 1037.9695 res=false
*==== INFO ====*  stream_id=1255996 latency=0.562933 ms (tx_ts=85049722919339, rx_ts=85049723482272) request_id=3065990 zil_blk_id=1255996 ccf_commit_seqno=3065990 nstreams_done_=314000 config.nstreams=1000000 avg_latency=0.5529 ms avg throuhgput (requests/sec) = 1037.9207 res=false
*==== INFO ====*  stream_id=1257996 latency=0.567822 ms (tx_ts=85050232711138, rx_ts=85050233278960) request_id=3071340 zil_blk_id=1257996 ccf_commit_seqno=3071340 nstreams_done_=314500 config.nstreams=1000000 avg_latency=0.5529 ms avg throuhgput (requests/sec) = 1037.8246 res=false
*==== INFO ====*  stream_id=1259996 latency=0.519542 ms (tx_ts=85050727990138, rx_ts=85050728509680) request_id=3076610 zil_blk_id=1259996 ccf_commit_seqno=3076610 nstreams_done_=315000 config.nstreams=1000000 avg_latency=0.5529 ms avg throuhgput (requests/sec) = 1037.7786 res=false
*==== INFO ====*  stream_id=1261996 latency=0.619268 ms (tx_ts=85051257849085, rx_ts=85051258468353) request_id=3081919 zil_blk_id=1261996 ccf_commit_seqno=3081919 nstreams_done_=315500 config.nstreams=1000000 avg_latency=0.5529 ms avg throuhgput (requests/sec) = 1037.6142 res=false
*==== INFO ====*  stream_id=1263996 latency=0.575336 ms (tx_ts=85051717373216, rx_ts=85051717948552) request_id=3086542 zil_blk_id=1263996 ccf_commit_seqno=3086542 nstreams_done_=316000 config.nstreams=1000000 avg_latency=0.5529 ms avg throuhgput (requests/sec) = 1037.6905 res=false
*==== INFO ====*  stream_id=1265996 latency=0.452817 ms (tx_ts=85052163520240, rx_ts=85052163973057) request_id=3091246 zil_blk_id=1265996 ccf_commit_seqno=3091246 nstreams_done_=316500 config.nstreams=1000000 avg_latency=0.5529 ms avg throuhgput (requests/sec) = 1037.8123 res=false
*==== INFO ====*  stream_id=1267996 latency=0.545540 ms (tx_ts=85052636607514, rx_ts=85052637153054) request_id=3096029 zil_blk_id=1267996 ccf_commit_seqno=3096030 nstreams_done_=317000 config.nstreams=1000000 avg_latency=0.5528 ms avg throuhgput (requests/sec) = 1037.8416 res=false
*==== INFO ====*  stream_id=1269996 latency=0.645497 ms (tx_ts=85053115506475, rx_ts=85053116151972) request_id=3100777 zil_blk_id=1269996 ccf_commit_seqno=3100778 nstreams_done_=317500 config.nstreams=1000000 avg_latency=0.5529 ms avg throuhgput (requests/sec) = 1037.8510 res=false
*==== INFO ====*  stream_id=1271996 latency=0.506020 ms (tx_ts=85053569306893, rx_ts=85053569812913) request_id=3105566 zil_blk_id=1271996 ccf_commit_seqno=3105566 nstreams_done_=318000 config.nstreams=1000000 avg_latency=0.5529 ms avg throuhgput (requests/sec) = 1037.9462 res=false
*==== INFO ====*  stream_id=1273996 latency=0.603780 ms (tx_ts=85054070029889, rx_ts=85054070633669) request_id=3110770 zil_blk_id=1273996 ccf_commit_seqno=3110771 nstreams_done_=318500 config.nstreams=1000000 avg_latency=0.5529 ms avg throuhgput (requests/sec) = 1037.8816 res=false
*==== INFO ====*  stream_id=1275996 latency=0.633435 ms (tx_ts=85054595151072, rx_ts=85054595784507) request_id=3116096 zil_blk_id=1275996 ccf_commit_seqno=3116097 nstreams_done_=319000 config.nstreams=1000000 avg_latency=0.5530 ms avg throuhgput (requests/sec) = 1037.7350 res=false
*==== INFO ====*  stream_id=1277996 latency=0.514362 ms (tx_ts=85055067552563, rx_ts=85055068066925) request_id=3121088 zil_blk_id=1277996 ccf_commit_seqno=3121089 nstreams_done_=319500 config.nstreams=1000000 avg_latency=0.5529 ms avg throuhgput (requests/sec) = 1037.7672 res=false
*==== INFO ====*  stream_id=1279996 latency=0.454510 ms (tx_ts=85055526029960, rx_ts=85055526484470) request_id=3125866 zil_blk_id=1279996 ccf_commit_seqno=3125866 nstreams_done_=320000 config.nstreams=1000000 avg_latency=0.5529 ms avg throuhgput (requests/sec) = 1037.8459 res=false
*==== INFO ====*  stream_id=1281996 latency=0.469498 ms (tx_ts=85055993059396, rx_ts=85055993528894) request_id=3130116 zil_blk_id=1281996 ccf_commit_seqno=3130116 nstreams_done_=320500 config.nstreams=1000000 avg_latency=0.5529 ms avg throuhgput (requests/sec) = 1037.8954 res=false
*==== INFO ====*  stream_id=1283996 latency=0.532192 ms (tx_ts=85056445887175, rx_ts=85056446419367) request_id=3133306 zil_blk_id=1283996 ccf_commit_seqno=3133306 nstreams_done_=321000 config.nstreams=1000000 avg_latency=0.5528 ms avg throuhgput (requests/sec) = 1037.9922 res=false
*==== INFO ====*  stream_id=1285996 latency=0.524210 ms (tx_ts=85056893557116, rx_ts=85056894081326) request_id=3136487 zil_blk_id=1285996 ccf_commit_seqno=3136487 nstreams_done_=321500 config.nstreams=1000000 avg_latency=0.5528 ms avg throuhgput (requests/sec) = 1038.1063 res=false
*==== INFO ====*  stream_id=1287996 latency=0.516626 ms (tx_ts=85057350331978, rx_ts=85057350848604) request_id=3139651 zil_blk_id=1287996 ccf_commit_seqno=3139651 nstreams_done_=322000 config.nstreams=1000000 avg_latency=0.5527 ms avg throuhgput (requests/sec) = 1038.1896 res=false
*==== INFO ====*  stream_id=1289996 latency=0.517989 ms (tx_ts=85057827224509, rx_ts=85057827742498) request_id=3142930 zil_blk_id=1289996 ccf_commit_seqno=3142930 nstreams_done_=322500 config.nstreams=1000000 avg_latency=0.5527 ms avg throuhgput (requests/sec) = 1038.2053 res=false
*==== INFO ====*  stream_id=1291996 latency=0.503411 ms (tx_ts=85058314469936, rx_ts=85058314973347) request_id=3146165 zil_blk_id=1291996 ccf_commit_seqno=3146165 nstreams_done_=323000 config.nstreams=1000000 avg_latency=0.5527 ms avg throuhgput (requests/sec) = 1038.1865 res=false
*==== INFO ====*  stream_id=1293996 latency=0.461463 ms (tx_ts=85058785229633, rx_ts=85058785691096) request_id=3149461 zil_blk_id=1293996 ccf_commit_seqno=3149461 nstreams_done_=323500 config.nstreams=1000000 avg_latency=0.5527 ms avg throuhgput (requests/sec) = 1038.2228 res=false
*==== INFO ====*  stream_id=1295996 latency=0.540932 ms (tx_ts=85059283250438, rx_ts=85059283791370) request_id=3152860 zil_blk_id=1295996 ccf_commit_seqno=3152860 nstreams_done_=324000 config.nstreams=1000000 avg_latency=0.5527 ms avg throuhgput (requests/sec) = 1038.1679 res=false
*==== INFO ====*  stream_id=1297996 latency=0.461603 ms (tx_ts=85059774068377, rx_ts=85059774529980) request_id=3156238 zil_blk_id=1297996 ccf_commit_seqno=3156238 nstreams_done_=324500 config.nstreams=1000000 avg_latency=0.5527 ms avg throuhgput (requests/sec) = 1038.1376 res=false
*==== INFO ====*  stream_id=1299996 latency=0.545570 ms (tx_ts=85060271071836, rx_ts=85060271617406) request_id=3159642 zil_blk_id=1299996 ccf_commit_seqno=3159642 nstreams_done_=325000 config.nstreams=1000000 avg_latency=0.5526 ms avg throuhgput (requests/sec) = 1038.0864 res=false
*==== INFO ====*  stream_id=1301996 latency=0.509665 ms (tx_ts=85060758807587, rx_ts=85060759317252) request_id=3162938 zil_blk_id=1301996 ccf_commit_seqno=3162938 nstreams_done_=325500 config.nstreams=1000000 avg_latency=0.5526 ms avg throuhgput (requests/sec) = 1038.0663 res=false
*==== INFO ====*  stream_id=1303996 latency=0.524722 ms (tx_ts=85061252710198, rx_ts=85061253234920) request_id=3166375 zil_blk_id=1303996 ccf_commit_seqno=3166375 nstreams_done_=326000 config.nstreams=1000000 avg_latency=0.5526 ms avg throuhgput (requests/sec) = 1038.0258 res=false
*==== INFO ====*  stream_id=1305996 latency=0.497979 ms (tx_ts=85061730079644, rx_ts=85061730577623) request_id=3169656 zil_blk_id=1305996 ccf_commit_seqno=3169656 nstreams_done_=326500 config.nstreams=1000000 avg_latency=0.5526 ms avg throuhgput (requests/sec) = 1038.0402 res=false
*==== INFO ====*  stream_id=1307996 latency=0.661979 ms (tx_ts=85062171378585, rx_ts=85062172040564) request_id=3172771 zil_blk_id=1307996 ccf_commit_seqno=3172771 nstreams_done_=327000 config.nstreams=1000000 avg_latency=0.5525 ms avg throuhgput (requests/sec) = 1038.1727 res=false
*==== INFO ====*  stream_id=1309996 latency=0.581368 ms (tx_ts=85062630613974, rx_ts=85062631195342) request_id=3176006 zil_blk_id=1309996 ccf_commit_seqno=3176006 nstreams_done_=327500 config.nstreams=1000000 avg_latency=0.5525 ms avg throuhgput (requests/sec) = 1038.2466 res=false
*==== INFO ====*  stream_id=1311996 latency=0.575737 ms (tx_ts=85063114687165, rx_ts=85063115262902) request_id=3179346 zil_blk_id=1311996 ccf_commit_seqno=3179347 nstreams_done_=328000 config.nstreams=1000000 avg_latency=0.5525 ms avg throuhgput (requests/sec) = 1038.2385 res=false
*==== INFO ====*  stream_id=1313996 latency=0.554458 ms (tx_ts=85063565274339, rx_ts=85063565828797) request_id=3182571 zil_blk_id=1313996 ccf_commit_seqno=3182571 nstreams_done_=328500 config.nstreams=1000000 avg_latency=0.5525 ms avg throuhgput (requests/sec) = 1038.3403 res=false
*==== INFO ====*  stream_id=1315996 latency=0.551422 ms (tx_ts=85064034986308, rx_ts=85064035537730) request_id=3185817 zil_blk_id=1315996 ccf_commit_seqno=3185817 nstreams_done_=329000 config.nstreams=1000000 avg_latency=0.5524 ms avg throuhgput (requests/sec) = 1038.3790 res=false
*==== INFO ====*  stream_id=1317996 latency=0.495447 ms (tx_ts=85064516579086, rx_ts=85064517074533) request_id=3189222 zil_blk_id=1317996 ccf_commit_seqno=3189222 nstreams_done_=329500 config.nstreams=1000000 avg_latency=0.5524 ms avg throuhgput (requests/sec) = 1038.3790 res=false
*==== INFO ====*  stream_id=1319996 latency=0.501149 ms (tx_ts=85064992761984, rx_ts=85064993263133) request_id=3192552 zil_blk_id=1319996 ccf_commit_seqno=3192552 nstreams_done_=330000 config.nstreams=1000000 avg_latency=0.5523 ms avg throuhgput (requests/sec) = 1038.3964 res=false
*==== INFO ====*  stream_id=1321996 latency=0.542416 ms (tx_ts=85065522407029, rx_ts=85065522949445) request_id=3196112 zil_blk_id=1321996 ccf_commit_seqno=3196112 nstreams_done_=330500 config.nstreams=1000000 avg_latency=0.5523 ms avg throuhgput (requests/sec) = 1038.2392 res=false
*==== INFO ====*  stream_id=1323996 latency=0.516246 ms (tx_ts=85066001745571, rx_ts=85066002261817) request_id=3199477 zil_blk_id=1323996 ccf_commit_seqno=3199477 nstreams_done_=331000 config.nstreams=1000000 avg_latency=0.5523 ms avg throuhgput (requests/sec) = 1038.2466 res=false
*==== INFO ====*  stream_id=1325996 latency=0.530343 ms (tx_ts=85066475782075, rx_ts=85066476312418) request_id=3202776 zil_blk_id=1325996 ccf_commit_seqno=3202776 nstreams_done_=331500 config.nstreams=1000000 avg_latency=0.5523 ms avg throuhgput (requests/sec) = 1038.2711 res=false
*==== INFO ====*  stream_id=1327996 latency=0.522047 ms (tx_ts=85066935860338, rx_ts=85066936382385) request_id=3205967 zil_blk_id=1327996 ccf_commit_seqno=3205967 nstreams_done_=332000 config.nstreams=1000000 avg_latency=0.5522 ms avg throuhgput (requests/sec) = 1038.3409 res=false
*==== INFO ====*  stream_id=1329996 latency=0.527997 ms (tx_ts=85067394854723, rx_ts=85067395382720) request_id=3209217 zil_blk_id=1329996 ccf_commit_seqno=3209217 nstreams_done_=332500 config.nstreams=1000000 avg_latency=0.5522 ms avg throuhgput (requests/sec) = 1038.4140 res=false
*==== INFO ====*  stream_id=1331996 latency=0.483234 ms (tx_ts=85067857138738, rx_ts=85067857621972) request_id=3212493 zil_blk_id=1331996 ccf_commit_seqno=3212493 nstreams_done_=333000 config.nstreams=1000000 avg_latency=0.5521 ms avg throuhgput (requests/sec) = 1038.4764 res=false
*==== INFO ====*  stream_id=1333996 latency=0.508380 ms (tx_ts=85068315490862, rx_ts=85068315999242) request_id=3215670 zil_blk_id=1333996 ccf_commit_seqno=3215670 nstreams_done_=333500 config.nstreams=1000000 avg_latency=0.5520 ms avg throuhgput (requests/sec) = 1038.5511 res=false
*==== INFO ====*  stream_id=1335996 latency=0.502453 ms (tx_ts=85068788101465, rx_ts=85068788603918) request_id=3218831 zil_blk_id=1335996 ccf_commit_seqno=3218831 nstreams_done_=334000 config.nstreams=1000000 avg_latency=0.5520 ms avg throuhgput (requests/sec) = 1038.5796 res=false
*==== INFO ====*  stream_id=1337996 latency=0.508154 ms (tx_ts=85069236547230, rx_ts=85069237055384) request_id=3222027 zil_blk_id=1337996 ccf_commit_seqno=3222027 nstreams_done_=334500 config.nstreams=1000000 avg_latency=0.5519 ms avg throuhgput (requests/sec) = 1038.6860 res=false
*==== INFO ====*  stream_id=1339996 latency=0.476725 ms (tx_ts=85069702208351, rx_ts=85069702685076) request_id=3225289 zil_blk_id=1339996 ccf_commit_seqno=3225289 nstreams_done_=335000 config.nstreams=1000000 avg_latency=0.5519 ms avg throuhgput (requests/sec) = 1038.7367 res=false
*==== INFO ====*  stream_id=1341996 latency=0.545936 ms (tx_ts=85070165327094, rx_ts=85070165873030) request_id=3228562 zil_blk_id=1341996 ccf_commit_seqno=3228562 nstreams_done_=335500 config.nstreams=1000000 avg_latency=0.5519 ms avg throuhgput (requests/sec) = 1038.7951 res=false
*==== INFO ====*  stream_id=1343996 latency=0.676074 ms (tx_ts=85070628119292, rx_ts=85070628795366) request_id=3231858 zil_blk_id=1343996 ccf_commit_seqno=3231858 nstreams_done_=336000 config.nstreams=1000000 avg_latency=0.5518 ms avg throuhgput (requests/sec) = 1038.8542 res=false
*==== INFO ====*  stream_id=1345996 latency=0.497991 ms (tx_ts=85071103447745, rx_ts=85071103945736) request_id=3235183 zil_blk_id=1345996 ccf_commit_seqno=3235183 nstreams_done_=336500 config.nstreams=1000000 avg_latency=0.5518 ms avg throuhgput (requests/sec) = 1038.8740 res=false
*==== INFO ====*  stream_id=1347996 latency=0.540851 ms (tx_ts=85071563079266, rx_ts=85071563620117) request_id=3238479 zil_blk_id=1347996 ccf_commit_seqno=3238479 nstreams_done_=337000 config.nstreams=1000000 avg_latency=0.5517 ms avg throuhgput (requests/sec) = 1038.9432 res=false
*==== INFO ====*  stream_id=1349996 latency=0.560809 ms (tx_ts=85072045884698, rx_ts=85072046445507) request_id=3241798 zil_blk_id=1349996 ccf_commit_seqno=3241798 nstreams_done_=337500 config.nstreams=1000000 avg_latency=0.5517 ms avg throuhgput (requests/sec) = 1038.9382 res=false
*==== INFO ====*  stream_id=1351996 latency=0.572141 ms (tx_ts=85072504242743, rx_ts=85072504814884) request_id=3245117 zil_blk_id=1351996 ccf_commit_seqno=3245118 nstreams_done_=338000 config.nstreams=1000000 avg_latency=0.5517 ms avg throuhgput (requests/sec) = 1039.0113 res=false
*==== INFO ====*  stream_id=1353996 latency=0.459840 ms (tx_ts=85072974400989, rx_ts=85072974860829) request_id=3248387 zil_blk_id=1353996 ccf_commit_seqno=3248387 nstreams_done_=338500 config.nstreams=1000000 avg_latency=0.5516 ms avg throuhgput (requests/sec) = 1039.0469 res=false
*==== INFO ====*  stream_id=1355996 latency=0.478595 ms (tx_ts=85073454866477, rx_ts=85073455345072) request_id=3251722 zil_blk_id=1355996 ccf_commit_seqno=3251722 nstreams_done_=339000 config.nstreams=1000000 avg_latency=0.5516 ms avg throuhgput (requests/sec) = 1039.0492 res=false
*==== INFO ====*  stream_id=1357996 latency=0.480609 ms (tx_ts=85073972722914, rx_ts=85073973203523) request_id=3255263 zil_blk_id=1357996 ccf_commit_seqno=3255263 nstreams_done_=339500 config.nstreams=1000000 avg_latency=0.5516 ms avg throuhgput (requests/sec) = 1038.9327 res=false
*==== INFO ====*  stream_id=1359996 latency=0.518930 ms (tx_ts=85074434882050, rx_ts=85074435400980) request_id=3258530 zil_blk_id=1359996 ccf_commit_seqno=3258530 nstreams_done_=340000 config.nstreams=1000000 avg_latency=0.5516 ms avg throuhgput (requests/sec) = 1038.9932 res=false
*==== INFO ====*  stream_id=1361996 latency=1.555660 ms (tx_ts=85074899650039, rx_ts=85074901205699) request_id=3261798 zil_blk_id=1361996 ccf_commit_seqno=3261798 nstreams_done_=340500 config.nstreams=1000000 avg_latency=0.5515 ms avg throuhgput (requests/sec) = 1039.0422 res=false
*==== INFO ====*  stream_id=1363996 latency=0.458848 ms (tx_ts=85075379901731, rx_ts=85075380360579) request_id=3265153 zil_blk_id=1363996 ccf_commit_seqno=3265153 nstreams_done_=341000 config.nstreams=1000000 avg_latency=0.5515 ms avg throuhgput (requests/sec) = 1039.0487 res=false
*==== INFO ====*  stream_id=1365996 latency=0.530853 ms (tx_ts=85075869066799, rx_ts=85075869597652) request_id=3268422 zil_blk_id=1365996 ccf_commit_seqno=3268422 nstreams_done_=341500 config.nstreams=1000000 avg_latency=0.5514 ms avg throuhgput (requests/sec) = 1039.0233 res=false
*==== INFO ====*  stream_id=1367996 latency=1.561841 ms (tx_ts=85076338293829, rx_ts=85076339855670) request_id=3271699 zil_blk_id=1367996 ccf_commit_seqno=3271699 nstreams_done_=342000 config.nstreams=1000000 avg_latency=0.5514 ms avg throuhgput (requests/sec) = 1039.0579 res=false
*==== INFO ====*  stream_id=1369996 latency=0.561310 ms (tx_ts=85076792844114, rx_ts=85076793405424) request_id=3274900 zil_blk_id=1369996 ccf_commit_seqno=3274900 nstreams_done_=342500 config.nstreams=1000000 avg_latency=0.5514 ms avg throuhgput (requests/sec) = 1039.1451 res=false
*==== INFO ====*  stream_id=1371996 latency=0.523660 ms (tx_ts=85077260018481, rx_ts=85077260542141) request_id=3278157 zil_blk_id=1371996 ccf_commit_seqno=3278157 nstreams_done_=343000 config.nstreams=1000000 avg_latency=0.5513 ms avg throuhgput (requests/sec) = 1039.1893 res=false
*==== INFO ====*  stream_id=1373996 latency=0.512619 ms (tx_ts=85077745427569, rx_ts=85077745940188) request_id=3281370 zil_blk_id=1373996 ccf_commit_seqno=3281370 nstreams_done_=343500 config.nstreams=1000000 avg_latency=0.5514 ms avg throuhgput (requests/sec) = 1039.1759 res=false
*==== INFO ====*  stream_id=1375996 latency=0.600283 ms (tx_ts=85078211994654, rx_ts=85078212594937) request_id=3284624 zil_blk_id=1375996 ccf_commit_seqno=3284624 nstreams_done_=344000 config.nstreams=1000000 avg_latency=0.5513 ms avg throuhgput (requests/sec) = 1039.2214 res=false
*==== INFO ====*  stream_id=1377996 latency=0.520925 ms (tx_ts=85078680383774, rx_ts=85078680904699) request_id=3287730 zil_blk_id=1377996 ccf_commit_seqno=3287730 nstreams_done_=344500 config.nstreams=1000000 avg_latency=0.5513 ms avg throuhgput (requests/sec) = 1039.2616 res=false
*==== INFO ====*  stream_id=1379996 latency=0.554176 ms (tx_ts=85079138576518, rx_ts=85079139130694) request_id=3290952 zil_blk_id=1379996 ccf_commit_seqno=3290952 nstreams_done_=345000 config.nstreams=1000000 avg_latency=0.5513 ms avg throuhgput (requests/sec) = 1039.3332 res=false
*==== INFO ====*  stream_id=1381996 latency=0.500526 ms (tx_ts=85079609127435, rx_ts=85079609627961) request_id=3294221 zil_blk_id=1381996 ccf_commit_seqno=3294221 nstreams_done_=345500 config.nstreams=1000000 avg_latency=0.5513 ms avg throuhgput (requests/sec) = 1039.3663 res=false
*==== INFO ====*  stream_id=1383996 latency=0.533608 ms (tx_ts=85080088990488, rx_ts=85080089524096) request_id=3297469 zil_blk_id=1383996 ccf_commit_seqno=3297469 nstreams_done_=346000 config.nstreams=1000000 avg_latency=0.5512 ms avg throuhgput (requests/sec) = 1039.3700 res=false
*==== INFO ====*  stream_id=1385996 latency=0.517327 ms (tx_ts=85080593908339, rx_ts=85080594425666) request_id=3300848 zil_blk_id=1385996 ccf_commit_seqno=3300848 nstreams_done_=346500 config.nstreams=1000000 avg_latency=0.5512 ms avg throuhgput (requests/sec) = 1039.2956 res=false
*==== INFO ====*  stream_id=1387996 latency=0.597127 ms (tx_ts=85081096419708, rx_ts=85081097016835) request_id=3304264 zil_blk_id=1387996 ccf_commit_seqno=3304265 nstreams_done_=347000 config.nstreams=1000000 avg_latency=0.5512 ms avg throuhgput (requests/sec) = 1039.2287 res=false
*==== INFO ====*  stream_id=1389996 latency=0.504824 ms (tx_ts=85081565262908, rx_ts=85081565767732) request_id=3307534 zil_blk_id=1389996 ccf_commit_seqno=3307534 nstreams_done_=347500 config.nstreams=1000000 avg_latency=0.5512 ms avg throuhgput (requests/sec) = 1039.2672 res=false
*==== INFO ====*  stream_id=1391996 latency=0.481191 ms (tx_ts=85082036362164, rx_ts=85082036843355) request_id=3310829 zil_blk_id=1391996 ccf_commit_seqno=3310829 nstreams_done_=348000 config.nstreams=1000000 avg_latency=0.5512 ms avg throuhgput (requests/sec) = 1039.2983 res=false
*==== INFO ====*  stream_id=1393996 latency=0.522107 ms (tx_ts=85082492342185, rx_ts=85082492864292) request_id=3314029 zil_blk_id=1393996 ccf_commit_seqno=3314029 nstreams_done_=348500 config.nstreams=1000000 avg_latency=0.5511 ms avg throuhgput (requests/sec) = 1039.3760 res=false
*==== INFO ====*  stream_id=1395996 latency=0.536524 ms (tx_ts=85082991644461, rx_ts=85082992180985) request_id=3317431 zil_blk_id=1395996 ccf_commit_seqno=3317431 nstreams_done_=349000 config.nstreams=1000000 avg_latency=0.5512 ms avg throuhgput (requests/sec) = 1039.3195 res=false
*==== INFO ====*  stream_id=1397996 latency=0.509674 ms (tx_ts=85083471265298, rx_ts=85083471774972) request_id=3320822 zil_blk_id=1397996 ccf_commit_seqno=3320822 nstreams_done_=349500 config.nstreams=1000000 avg_latency=0.5512 ms avg throuhgput (requests/sec) = 1039.3241 res=false
*==== INFO ====*  stream_id=1399996 latency=0.622444 ms (tx_ts=85083941839546, rx_ts=85083942461990) request_id=3324052 zil_blk_id=1399996 ccf_commit_seqno=3324053 nstreams_done_=350000 config.nstreams=1000000 avg_latency=0.5511 ms avg throuhgput (requests/sec) = 1039.3562 res=false
*==== INFO ====*  stream_id=1401996 latency=0.470240 ms (tx_ts=85084460617757, rx_ts=85084461087997) request_id=3327389 zil_blk_id=1401996 ccf_commit_seqno=3327389 nstreams_done_=350500 config.nstreams=1000000 avg_latency=0.5512 ms avg throuhgput (requests/sec) = 1039.2405 res=false
*==== INFO ====*  stream_id=1403996 latency=0.621943 ms (tx_ts=85084948847255, rx_ts=85084949469198) request_id=3330827 zil_blk_id=1403996 ccf_commit_seqno=3330827 nstreams_done_=351000 config.nstreams=1000000 avg_latency=0.5512 ms avg throuhgput (requests/sec) = 1039.2181 res=false
*==== INFO ====*  stream_id=1405996 latency=0.501427 ms (tx_ts=85085470233098, rx_ts=85085470734525) request_id=3334413 zil_blk_id=1405996 ccf_commit_seqno=3334413 nstreams_done_=351500 config.nstreams=1000000 avg_latency=0.5512 ms avg throuhgput (requests/sec) = 1039.0948 res=false
*==== INFO ====*  stream_id=1407996 latency=0.495066 ms (tx_ts=85085997037124, rx_ts=85085997532190) request_id=3337998 zil_blk_id=1407996 ccf_commit_seqno=3337998 nstreams_done_=352000 config.nstreams=1000000 avg_latency=0.5512 ms avg throuhgput (requests/sec) = 1038.9549 res=false
*==== INFO ====*  stream_id=1409996 latency=0.524381 ms (tx_ts=85086458044781, rx_ts=85086458569162) request_id=3341267 zil_blk_id=1409996 ccf_commit_seqno=3341267 nstreams_done_=352500 config.nstreams=1000000 avg_latency=0.5511 ms avg throuhgput (requests/sec) = 1039.0169 res=false
*==== INFO ====*  stream_id=1411996 latency=0.466566 ms (tx_ts=85086923692227, rx_ts=85086924158793) request_id=3344569 zil_blk_id=1411996 ccf_commit_seqno=3344569 nstreams_done_=353000 config.nstreams=1000000 avg_latency=0.5511 ms avg throuhgput (requests/sec) = 1039.0647 res=false
*==== INFO ====*  stream_id=1413996 latency=0.498843 ms (tx_ts=85087372150845, rx_ts=85087372649688) request_id=3347792 zil_blk_id=1413996 ccf_commit_seqno=3347792 nstreams_done_=353500 config.nstreams=1000000 avg_latency=0.5510 ms avg throuhgput (requests/sec) = 1039.1646 res=false
*==== INFO ====*  stream_id=1415996 latency=0.502901 ms (tx_ts=85087878153374, rx_ts=85087878656275) request_id=3351262 zil_blk_id=1415996 ccf_commit_seqno=3351262 nstreams_done_=354000 config.nstreams=1000000 avg_latency=0.5510 ms avg throuhgput (requests/sec) = 1039.0888 res=false
*==== INFO ====*  stream_id=1417996 latency=0.517659 ms (tx_ts=85088358869163, rx_ts=85088359386822) request_id=3354504 zil_blk_id=1417996 ccf_commit_seqno=3354505 nstreams_done_=354500 config.nstreams=1000000 avg_latency=0.5510 ms avg throuhgput (requests/sec) = 1039.0902 res=false
*==== INFO ====*  stream_id=1419996 latency=0.509172 ms (tx_ts=85088834972304, rx_ts=85088835481476) request_id=3357793 zil_blk_id=1419996 ccf_commit_seqno=3357793 nstreams_done_=355000 config.nstreams=1000000 avg_latency=0.5510 ms avg throuhgput (requests/sec) = 1039.1057 res=false
*==== INFO ====*  stream_id=1421996 latency=0.592639 ms (tx_ts=85089318889192, rx_ts=85089319481831) request_id=3361225 zil_blk_id=1421996 ccf_commit_seqno=3361226 nstreams_done_=355500 config.nstreams=1000000 avg_latency=0.5510 ms avg throuhgput (requests/sec) = 1039.0971 res=false
*==== INFO ====*  stream_id=1423996 latency=0.569745 ms (tx_ts=85089789487169, rx_ts=85089790056914) request_id=3364465 zil_blk_id=1423996 ccf_commit_seqno=3364465 nstreams_done_=356000 config.nstreams=1000000 avg_latency=0.5510 ms avg throuhgput (requests/sec) = 1039.1293 res=false
*==== INFO ====*  stream_id=1425996 latency=0.506227 ms (tx_ts=85090285812583, rx_ts=85090286318810) request_id=3367840 zil_blk_id=1425996 ccf_commit_seqno=3367840 nstreams_done_=356500 config.nstreams=1000000 avg_latency=0.5509 ms avg throuhgput (requests/sec) = 1039.0836 res=false
*==== INFO ====*  stream_id=1427996 latency=0.508952 ms (tx_ts=85090754973205, rx_ts=85090755482157) request_id=3371098 zil_blk_id=1427996 ccf_commit_seqno=3371098 nstreams_done_=357000 config.nstreams=1000000 avg_latency=0.5509 ms avg throuhgput (requests/sec) = 1039.1200 res=false
*==== INFO ====*  stream_id=1429996 latency=0.456795 ms (tx_ts=85091223754003, rx_ts=85091224210798) request_id=3374340 zil_blk_id=1429996 ccf_commit_seqno=3374341 nstreams_done_=357500 config.nstreams=1000000 avg_latency=0.5509 ms avg throuhgput (requests/sec) = 1039.1576 res=false
*==== INFO ====*  stream_id=1431996 latency=0.538958 ms (tx_ts=85091703876438, rx_ts=85091704415396) request_id=3377662 zil_blk_id=1431996 ccf_commit_seqno=3377662 nstreams_done_=358000 config.nstreams=1000000 avg_latency=0.5509 ms avg throuhgput (requests/sec) = 1039.1605 res=false
*==== INFO ====*  stream_id=1433996 latency=0.461714 ms (tx_ts=85092169031959, rx_ts=85092169493673) request_id=3380934 zil_blk_id=1433996 ccf_commit_seqno=3380934 nstreams_done_=358500 config.nstreams=1000000 avg_latency=0.5509 ms avg throuhgput (requests/sec) = 1039.2089 res=false
*==== INFO ====*  stream_id=1435996 latency=0.493112 ms (tx_ts=85092634637556, rx_ts=85092635130668) request_id=3384174 zil_blk_id=1435996 ccf_commit_seqno=3384174 nstreams_done_=359000 config.nstreams=1000000 avg_latency=0.5508 ms avg throuhgput (requests/sec) = 1039.2555 res=false
*==== INFO ====*  stream_id=1437996 latency=0.490777 ms (tx_ts=85093095295116, rx_ts=85093095785893) request_id=3387382 zil_blk_id=1437996 ccf_commit_seqno=3387382 nstreams_done_=359500 config.nstreams=1000000 avg_latency=0.5508 ms avg throuhgput (requests/sec) = 1039.3170 res=false
*==== INFO ====*  stream_id=1439996 latency=0.512368 ms (tx_ts=85093618505465, rx_ts=85093619017833) request_id=3390957 zil_blk_id=1439996 ccf_commit_seqno=3390957 nstreams_done_=360000 config.nstreams=1000000 avg_latency=0.5508 ms avg throuhgput (requests/sec) = 1039.1906 res=false
*==== INFO ====*  stream_id=1441996 latency=0.526715 ms (tx_ts=85094081118767, rx_ts=85094081645482) request_id=3394180 zil_blk_id=1441996 ccf_commit_seqno=3394180 nstreams_done_=360500 config.nstreams=1000000 avg_latency=0.5508 ms avg throuhgput (requests/sec) = 1039.2460 res=false
*==== INFO ====*  stream_id=1443996 latency=0.549748 ms (tx_ts=85094610883690, rx_ts=85094611433438) request_id=3397755 zil_blk_id=1443996 ccf_commit_seqno=3397755 nstreams_done_=361000 config.nstreams=1000000 avg_latency=0.5508 ms avg throuhgput (requests/sec) = 1039.1004 res=false
*==== INFO ====*  stream_id=1445996 latency=0.577159 ms (tx_ts=85095093460474, rx_ts=85095094037633) request_id=3401037 zil_blk_id=1445996 ccf_commit_seqno=3401037 nstreams_done_=361500 config.nstreams=1000000 avg_latency=0.5508 ms avg throuhgput (requests/sec) = 1039.0962 res=false
*==== INFO ====*  stream_id=1447996 latency=0.519481 ms (tx_ts=85095613838558, rx_ts=85095614358039) request_id=3404499 zil_blk_id=1447996 ccf_commit_seqno=3404499 nstreams_done_=362000 config.nstreams=1000000 avg_latency=0.5508 ms avg throuhgput (requests/sec) = 1038.9795 res=false
*==== INFO ====*  stream_id=1449996 latency=0.461924 ms (tx_ts=85096123534722, rx_ts=85096123996646) request_id=3408006 zil_blk_id=1449996 ccf_commit_seqno=3408006 nstreams_done_=362500 config.nstreams=1000000 avg_latency=0.5507 ms avg throuhgput (requests/sec) = 1038.8949 res=false
*==== INFO ====*  stream_id=1451996 latency=0.456163 ms (tx_ts=85096624430714, rx_ts=85096624886877) request_id=3411438 zil_blk_id=1451996 ccf_commit_seqno=3411438 nstreams_done_=363000 config.nstreams=1000000 avg_latency=0.5507 ms avg throuhgput (requests/sec) = 1038.8366 res=false
*==== INFO ====*  stream_id=1453996 latency=0.467845 ms (tx_ts=85097104381442, rx_ts=85097104849287) request_id=3414791 zil_blk_id=1453996 ccf_commit_seqno=3414791 nstreams_done_=363500 config.nstreams=1000000 avg_latency=0.5506 ms avg throuhgput (requests/sec) = 1038.8406 res=false
*==== INFO ====*  stream_id=1455996 latency=0.591365 ms (tx_ts=85097601439540, rx_ts=85097602030905) request_id=3418221 zil_blk_id=1455996 ccf_commit_seqno=3418222 nstreams_done_=364000 config.nstreams=1000000 avg_latency=0.5506 ms avg throuhgput (requests/sec) = 1038.7936 res=false
*==== INFO ====*  stream_id=1457996 latency=0.502510 ms (tx_ts=85098114019697, rx_ts=85098114522207) request_id=3421631 zil_blk_id=1457996 ccf_commit_seqno=3421631 nstreams_done_=364500 config.nstreams=1000000 avg_latency=0.5506 ms avg throuhgput (requests/sec) = 1038.7013 res=false
*==== INFO ====*  stream_id=1459996 latency=0.487491 ms (tx_ts=85098592419435, rx_ts=85098592906926) request_id=3424962 zil_blk_id=1459996 ccf_commit_seqno=3424962 nstreams_done_=365000 config.nstreams=1000000 avg_latency=0.5506 ms avg throuhgput (requests/sec) = 1038.7101 res=false
*==== INFO ====*  stream_id=1461996 latency=0.484797 ms (tx_ts=85099059842134, rx_ts=85099060326931) request_id=3428290 zil_blk_id=1461996 ccf_commit_seqno=3428290 nstreams_done_=365500 config.nstreams=1000000 avg_latency=0.5506 ms avg throuhgput (requests/sec) = 1038.7513 res=false
*==== INFO ====*  stream_id=1463996 latency=0.767846 ms (tx_ts=85099545578451, rx_ts=85099546346297) request_id=3431699 zil_blk_id=1463996 ccf_commit_seqno=3431700 nstreams_done_=366000 config.nstreams=1000000 avg_latency=0.5505 ms avg throuhgput (requests/sec) = 1038.7375 res=false
*==== INFO ====*  stream_id=1465996 latency=0.520032 ms (tx_ts=85100008886925, rx_ts=85100009406957) request_id=3434995 zil_blk_id=1465996 ccf_commit_seqno=3434996 nstreams_done_=366500 config.nstreams=1000000 avg_latency=0.5505 ms avg throuhgput (requests/sec) = 1038.7914 res=false
*==== INFO ====*  stream_id=1467996 latency=0.463908 ms (tx_ts=85100472612956, rx_ts=85100473076864) request_id=3438244 zil_blk_id=1467996 ccf_commit_seqno=3438244 nstreams_done_=367000 config.nstreams=1000000 avg_latency=0.5505 ms avg throuhgput (requests/sec) = 1038.8433 res=false
*==== INFO ====*  stream_id=1469996 latency=0.559356 ms (tx_ts=85100943896307, rx_ts=85100944455663) request_id=3441527 zil_blk_id=1469996 ccf_commit_seqno=3441527 nstreams_done_=367500 config.nstreams=1000000 avg_latency=0.5505 ms avg throuhgput (requests/sec) = 1038.8725 res=false
*==== INFO ====*  stream_id=1471996 latency=0.500005 ms (tx_ts=85101422844002, rx_ts=85101423344007) request_id=3444890 zil_blk_id=1471996 ccf_commit_seqno=3444890 nstreams_done_=368000 config.nstreams=1000000 avg_latency=0.5504 ms avg throuhgput (requests/sec) = 1038.8795 res=false
*==== INFO ====*  stream_id=1473996 latency=0.513961 ms (tx_ts=85101899885850, rx_ts=85101900399811) request_id=3448237 zil_blk_id=1473996 ccf_commit_seqno=3448237 nstreams_done_=368500 config.nstreams=1000000 avg_latency=0.5504 ms avg throuhgput (requests/sec) = 1038.8919 res=false
*==== INFO ====*  stream_id=1475996 latency=0.541954 ms (tx_ts=85102379916394, rx_ts=85102380458348) request_id=3451567 zil_blk_id=1475996 ccf_commit_seqno=3451567 nstreams_done_=369000 config.nstreams=1000000 avg_latency=0.5504 ms avg throuhgput (requests/sec) = 1038.8955 res=false
*==== INFO ====*  stream_id=1477996 latency=0.607737 ms (tx_ts=85102857665738, rx_ts=85102858273475) request_id=3454802 zil_blk_id=1477996 ccf_commit_seqno=3454802 nstreams_done_=369500 config.nstreams=1000000 avg_latency=0.5503 ms avg throuhgput (requests/sec) = 1038.9056 res=false
*==== INFO ====*  stream_id=1479996 latency=0.475590 ms (tx_ts=85103439495992, rx_ts=85103439971582) request_id=3458622 zil_blk_id=1479996 ccf_commit_seqno=3458622 nstreams_done_=370000 config.nstreams=1000000 avg_latency=0.5504 ms avg throuhgput (requests/sec) = 1038.6127 res=false
*==== INFO ====*  stream_id=1481996 latency=0.529791 ms (tx_ts=85103893500182, rx_ts=85103894029973) request_id=3461846 zil_blk_id=1481996 ccf_commit_seqno=3461846 nstreams_done_=370500 config.nstreams=1000000 avg_latency=0.5503 ms avg throuhgput (requests/sec) = 1038.6924 res=false
*==== INFO ====*  stream_id=1483996 latency=0.533598 ms (tx_ts=85104359685434, rx_ts=85104360219032) request_id=3465072 zil_blk_id=1483996 ccf_commit_seqno=3465074 nstreams_done_=371000 config.nstreams=1000000 avg_latency=0.5503 ms avg throuhgput (requests/sec) = 1038.7365 res=false
*==== INFO ====*  stream_id=1485996 latency=0.482692 ms (tx_ts=85104853212849, rx_ts=85104853695541) request_id=3468445 zil_blk_id=1485996 ccf_commit_seqno=3468445 nstreams_done_=371500 config.nstreams=1000000 avg_latency=0.5503 ms avg throuhgput (requests/sec) = 1038.7013 res=false
*==== INFO ====*  stream_id=1487996 latency=0.515475 ms (tx_ts=85105338677379, rx_ts=85105339192854) request_id=3471721 zil_blk_id=1487996 ccf_commit_seqno=3471721 nstreams_done_=372000 config.nstreams=1000000 avg_latency=0.5503 ms avg throuhgput (requests/sec) = 1038.6894 res=false
*==== INFO ====*  stream_id=1489996 latency=0.488725 ms (tx_ts=85105838062536, rx_ts=85105838551261) request_id=3475127 zil_blk_id=1489996 ccf_commit_seqno=3475127 nstreams_done_=372500 config.nstreams=1000000 avg_latency=0.5503 ms avg throuhgput (requests/sec) = 1038.6373 res=false
*==== INFO ====*  stream_id=1491996 latency=0.538297 ms (tx_ts=85106320906266, rx_ts=85106321444563) request_id=3478501 zil_blk_id=1491996 ccf_commit_seqno=3478501 nstreams_done_=373000 config.nstreams=1000000 avg_latency=0.5502 ms avg throuhgput (requests/sec) = 1038.6330 res=false
*==== INFO ====*  stream_id=1493996 latency=2.549498 ms (tx_ts=85106819717286, rx_ts=85106822266784) request_id=3481878 zil_blk_id=1493996 ccf_commit_seqno=3481878 nstreams_done_=373500 config.nstreams=1000000 avg_latency=0.5502 ms avg throuhgput (requests/sec) = 1038.5769 res=false
*==== INFO ====*  stream_id=1495996 latency=0.545069 ms (tx_ts=85107334044931, rx_ts=85107334590000) request_id=3485434 zil_blk_id=1495996 ccf_commit_seqno=3485435 nstreams_done_=374000 config.nstreams=1000000 avg_latency=0.5502 ms avg throuhgput (requests/sec) = 1038.4878 res=false
*==== INFO ====*  stream_id=1497996 latency=0.544809 ms (tx_ts=85107811821963, rx_ts=85107812366772) request_id=3488776 zil_blk_id=1497996 ccf_commit_seqno=3488776 nstreams_done_=374500 config.nstreams=1000000 avg_latency=0.5502 ms avg throuhgput (requests/sec) = 1038.4984 res=false
*==== INFO ====*  stream_id=1499996 latency=0.640377 ms (tx_ts=85108316639541, rx_ts=85108317279918) request_id=3492299 zil_blk_id=1499996 ccf_commit_seqno=3492300 nstreams_done_=375000 config.nstreams=1000000 avg_latency=0.5502 ms avg throuhgput (requests/sec) = 1038.4310 res=false
*==== INFO ====*  stream_id=1501996 latency=0.564666 ms (tx_ts=85108770591296, rx_ts=85108771155962) request_id=3495522 zil_blk_id=1501996 ccf_commit_seqno=3495522 nstreams_done_=375500 config.nstreams=1000000 avg_latency=0.5502 ms avg throuhgput (requests/sec) = 1038.5103 res=false
*==== INFO ====*  stream_id=1503996 latency=0.508992 ms (tx_ts=85109228306362, rx_ts=85109228815354) request_id=3498783 zil_blk_id=1503996 ccf_commit_seqno=3498783 nstreams_done_=376000 config.nstreams=1000000 avg_latency=0.5502 ms avg throuhgput (requests/sec) = 1038.5786 res=false
*==== INFO ====*  stream_id=1505996 latency=0.480579 ms (tx_ts=85109727329112, rx_ts=85109727809691) request_id=3502219 zil_blk_id=1505996 ccf_commit_seqno=3502219 nstreams_done_=376500 config.nstreams=1000000 avg_latency=0.5502 ms avg throuhgput (requests/sec) = 1038.5283 res=false
*==== INFO ====*  stream_id=1507996 latency=0.499504 ms (tx_ts=85110198145647, rx_ts=85110198645151) request_id=3505538 zil_blk_id=1507996 ccf_commit_seqno=3505538 nstreams_done_=377000 config.nstreams=1000000 avg_latency=0.5501 ms avg throuhgput (requests/sec) = 1038.5586 res=false
*==== INFO ====*  stream_id=1509996 latency=0.510224 ms (tx_ts=85110668088190, rx_ts=85110668598414) request_id=3508740 zil_blk_id=1509996 ccf_commit_seqno=3508740 nstreams_done_=377500 config.nstreams=1000000 avg_latency=0.5502 ms avg throuhgput (requests/sec) = 1038.5914 res=false
*==== INFO ====*  stream_id=1511996 latency=0.595073 ms (tx_ts=85111125757234, rx_ts=85111126352307) request_id=3512073 zil_blk_id=1511996 ccf_commit_seqno=3512074 nstreams_done_=378000 config.nstreams=1000000 avg_latency=0.5501 ms avg throuhgput (requests/sec) = 1038.6590 res=false
*==== INFO ====*  stream_id=1513996 latency=0.588992 ms (tx_ts=85111579679978, rx_ts=85111580268970) request_id=3515308 zil_blk_id=1513996 ccf_commit_seqno=3515308 nstreams_done_=378500 config.nstreams=1000000 avg_latency=0.5501 ms avg throuhgput (requests/sec) = 1038.7373 res=false
*==== INFO ====*  stream_id=1515996 latency=0.533498 ms (tx_ts=85112035848616, rx_ts=85112036382114) request_id=3518489 zil_blk_id=1515996 ccf_commit_seqno=3518490 nstreams_done_=379000 config.nstreams=1000000 avg_latency=0.5501 ms avg throuhgput (requests/sec) = 1038.8092 res=false
*==== INFO ====*  stream_id=1517996 latency=0.545079 ms (tx_ts=85112502617480, rx_ts=85112503162559) request_id=3521776 zil_blk_id=1517996 ccf_commit_seqno=3521776 nstreams_done_=379500 config.nstreams=1000000 avg_latency=0.5500 ms avg throuhgput (requests/sec) = 1038.8505 res=false
*==== INFO ====*  stream_id=1519996 latency=0.443239 ms (tx_ts=85113076631604, rx_ts=85113077074843) request_id=3525661 zil_blk_id=1519996 ccf_commit_seqno=3525661 nstreams_done_=380000 config.nstreams=1000000 avg_latency=0.5501 ms avg throuhgput (requests/sec) = 1038.5875 res=false
*==== INFO ====*  stream_id=1521996 latency=0.685299 ms (tx_ts=85113615066739, rx_ts=85113615752038) request_id=3529308 zil_blk_id=1521996 ccf_commit_seqno=3529309 nstreams_done_=380500 config.nstreams=1000000 avg_latency=0.5501 ms avg throuhgput (requests/sec) = 1038.4253 res=false
*==== INFO ====*  stream_id=1523996 latency=0.445533 ms (tx_ts=85114114136735, rx_ts=85114114582268) request_id=3532746 zil_blk_id=1523996 ccf_commit_seqno=3532746 nstreams_done_=381000 config.nstreams=1000000 avg_latency=0.5501 ms avg throuhgput (requests/sec) = 1038.3762 res=false
*==== INFO ====*  stream_id=1525996 latency=0.523760 ms (tx_ts=85114586324444, rx_ts=85114586848204) request_id=3536031 zil_blk_id=1525996 ccf_commit_seqno=3536031 nstreams_done_=381500 config.nstreams=1000000 avg_latency=0.5500 ms avg throuhgput (requests/sec) = 1038.4024 res=false
*==== INFO ====*  stream_id=1527996 latency=0.487381 ms (tx_ts=85115052937767, rx_ts=85115053425148) request_id=3539313 zil_blk_id=1527996 ccf_commit_seqno=3539313 nstreams_done_=382000 config.nstreams=1000000 avg_latency=0.5500 ms avg throuhgput (requests/sec) = 1038.4445 res=false
*==== INFO ====*  stream_id=1529996 latency=0.500035 ms (tx_ts=85115528806631, rx_ts=85115529306666) request_id=3542724 zil_blk_id=1529996 ccf_commit_seqno=3542724 nstreams_done_=382500 config.nstreams=1000000 avg_latency=0.5500 ms avg throuhgput (requests/sec) = 1038.4603 res=false
*==== INFO ====*  stream_id=1531996 latency=0.820545 ms (tx_ts=85116014068002, rx_ts=85116014888547) request_id=3546102 zil_blk_id=1531996 ccf_commit_seqno=3546102 nstreams_done_=383000 config.nstreams=1000000 avg_latency=0.5500 ms avg throuhgput (requests/sec) = 1038.4488 res=false
*==== INFO ====*  stream_id=1533996 latency=0.542395 ms (tx_ts=85116486834387, rx_ts=85116487376782) request_id=3549450 zil_blk_id=1533996 ccf_commit_seqno=3549450 nstreams_done_=383500 config.nstreams=1000000 avg_latency=0.5499 ms avg throuhgput (requests/sec) = 1038.4741 res=false
*==== INFO ====*  stream_id=1535996 latency=0.483203 ms (tx_ts=85116973299332, rx_ts=85116973782535) request_id=3552795 zil_blk_id=1535996 ccf_commit_seqno=3552795 nstreams_done_=384000 config.nstreams=1000000 avg_latency=0.5499 ms avg throuhgput (requests/sec) = 1038.4602 res=false
*==== INFO ====*  stream_id=1537996 latency=0.553404 ms (tx_ts=85117478864697, rx_ts=85117479418101) request_id=3556318 zil_blk_id=1537996 ccf_commit_seqno=3556318 nstreams_done_=384500 config.nstreams=1000000 avg_latency=0.5499 ms avg throuhgput (requests/sec) = 1038.3925 res=false
*==== INFO ====*  stream_id=1539996 latency=0.534670 ms (tx_ts=85117965806226, rx_ts=85117966340896) request_id=3559730 zil_blk_id=1539996 ccf_commit_seqno=3559730 nstreams_done_=385000 config.nstreams=1000000 avg_latency=0.5499 ms avg throuhgput (requests/sec) = 1038.3774 res=false
*==== INFO ====*  stream_id=1541996 latency=0.564295 ms (tx_ts=85118489635203, rx_ts=85118490199498) request_id=3563185 zil_blk_id=1541996 ccf_commit_seqno=3563185 nstreams_done_=385500 config.nstreams=1000000 avg_latency=0.5499 ms avg throuhgput (requests/sec) = 1038.2590 res=false
*==== INFO ====*  stream_id=1543996 latency=0.590604 ms (tx_ts=85118972121402, rx_ts=85118972712006) request_id=3566606 zil_blk_id=1543996 ccf_commit_seqno=3566606 nstreams_done_=386000 config.nstreams=1000000 avg_latency=0.5499 ms avg throuhgput (requests/sec) = 1038.2563 res=false
*==== INFO ====*  stream_id=1545996 latency=0.518199 ms (tx_ts=85119478776177, rx_ts=85119479294376) request_id=3570133 zil_blk_id=1545996 ccf_commit_seqno=3570133 nstreams_done_=386500 config.nstreams=1000000 avg_latency=0.5499 ms avg throuhgput (requests/sec) = 1038.1866 res=false
*==== INFO ====*  stream_id=1547996 latency=0.509522 ms (tx_ts=85119974853502, rx_ts=85119975363024) request_id=3573618 zil_blk_id=1547996 ccf_commit_seqno=3573618 nstreams_done_=387000 config.nstreams=1000000 avg_latency=0.5499 ms avg throuhgput (requests/sec) = 1038.1463 res=false
*==== INFO ====*  stream_id=1549996 latency=0.697227 ms (tx_ts=85120449255395, rx_ts=85120449952622) request_id=3576947 zil_blk_id=1549996 ccf_commit_seqno=3576948 nstreams_done_=387500 config.nstreams=1000000 avg_latency=0.5498 ms avg throuhgput (requests/sec) = 1038.1659 res=false
*==== INFO ====*  stream_id=1551996 latency=0.555548 ms (tx_ts=85120910741044, rx_ts=85120911296592) request_id=3580174 zil_blk_id=1551996 ccf_commit_seqno=3580174 nstreams_done_=388000 config.nstreams=1000000 avg_latency=0.5498 ms avg throuhgput (requests/sec) = 1038.2222 res=false
*==== INFO ====*  stream_id=1553996 latency=0.526625 ms (tx_ts=85121368333497, rx_ts=85121368860122) request_id=3583406 zil_blk_id=1553996 ccf_commit_seqno=3583406 nstreams_done_=388500 config.nstreams=1000000 avg_latency=0.5498 ms avg throuhgput (requests/sec) = 1038.2889 res=false
*==== INFO ====*  stream_id=1555996 latency=0.507259 ms (tx_ts=85121855617743, rx_ts=85121856125002) request_id=3586820 zil_blk_id=1555996 ccf_commit_seqno=3586820 nstreams_done_=389000 config.nstreams=1000000 avg_latency=0.5498 ms avg throuhgput (requests/sec) = 1038.2731 res=false
*==== INFO ====*  stream_id=1557996 latency=0.550790 ms (tx_ts=85122348713132, rx_ts=85122349263922) request_id=3590230 zil_blk_id=1557996 ccf_commit_seqno=3590230 nstreams_done_=389500 config.nstreams=1000000 avg_latency=0.5498 ms avg throuhgput (requests/sec) = 1038.2411 res=false
*==== INFO ====*  stream_id=1559996 latency=0.535351 ms (tx_ts=85122862036066, rx_ts=85122862571417) request_id=3593746 zil_blk_id=1559996 ccf_commit_seqno=3593746 nstreams_done_=390000 config.nstreams=1000000 avg_latency=0.5498 ms avg throuhgput (requests/sec) = 1038.1534 res=false
*==== INFO ====*  stream_id=1561996 latency=0.542595 ms (tx_ts=85123390141260, rx_ts=85123390683855) request_id=3597248 zil_blk_id=1561996 ccf_commit_seqno=3597248 nstreams_done_=390500 config.nstreams=1000000 avg_latency=0.5497 ms avg throuhgput (requests/sec) = 1038.0251 res=false
*==== INFO ====*  stream_id=1563996 latency=0.530102 ms (tx_ts=85123863022950, rx_ts=85123863553052) request_id=3600499 zil_blk_id=1563996 ccf_commit_seqno=3600499 nstreams_done_=391000 config.nstreams=1000000 avg_latency=0.5497 ms avg throuhgput (requests/sec) = 1038.0494 res=false
*==== INFO ====*  stream_id=1565996 latency=0.528348 ms (tx_ts=85124362240807, rx_ts=85124362769155) request_id=3603883 zil_blk_id=1565996 ccf_commit_seqno=3603883 nstreams_done_=391500 config.nstreams=1000000 avg_latency=0.5497 ms avg throuhgput (requests/sec) = 1038.0011 res=false
*==== INFO ====*  stream_id=1567996 latency=0.511056 ms (tx_ts=85124881338006, rx_ts=85124881849062) request_id=3607285 zil_blk_id=1567996 ccf_commit_seqno=3607285 nstreams_done_=392000 config.nstreams=1000000 avg_latency=0.5497 ms avg throuhgput (requests/sec) = 1037.8984 res=false
*==== INFO ====*  stream_id=1569996 latency=0.512619 ms (tx_ts=85125366124343, rx_ts=85125366636962) request_id=3610569 zil_blk_id=1569996 ccf_commit_seqno=3610569 nstreams_done_=392500 config.nstreams=1000000 avg_latency=0.5497 ms avg throuhgput (requests/sec) = 1037.8900 res=false
*==== INFO ====*  stream_id=1571996 latency=0.515695 ms (tx_ts=85125872171206, rx_ts=85125872686901) request_id=3613965 zil_blk_id=1571996 ccf_commit_seqno=3613965 nstreams_done_=393000 config.nstreams=1000000 avg_latency=0.5497 ms avg throuhgput (requests/sec) = 1037.8234 res=false
*==== INFO ====*  stream_id=1573996 latency=0.477333 ms (tx_ts=85126351238600, rx_ts=85126351715933) request_id=3617288 zil_blk_id=1573996 ccf_commit_seqno=3617288 nstreams_done_=393500 config.nstreams=1000000 avg_latency=0.5497 ms avg throuhgput (requests/sec) = 1037.8309 res=false
*==== INFO ====*  stream_id=1575996 latency=0.508491 ms (tx_ts=85126820805498, rx_ts=85126821313989) request_id=3620568 zil_blk_id=1575996 ccf_commit_seqno=3620568 nstreams_done_=394000 config.nstreams=1000000 avg_latency=0.5497 ms avg throuhgput (requests/sec) = 1037.8642 res=false
*==== INFO ====*  stream_id=1577996 latency=0.465080 ms (tx_ts=85127316353122, rx_ts=85127316818202) request_id=3624004 zil_blk_id=1577996 ccf_commit_seqno=3624004 nstreams_done_=394500 config.nstreams=1000000 avg_latency=0.5497 ms avg throuhgput (requests/sec) = 1037.8267 res=false
*==== INFO ====*  stream_id=1579996 latency=0.496589 ms (tx_ts=85127802155943, rx_ts=85127802652532) request_id=3627363 zil_blk_id=1579996 ccf_commit_seqno=3627363 nstreams_done_=395000 config.nstreams=1000000 avg_latency=0.5496 ms avg throuhgput (requests/sec) = 1037.8156 res=false
*==== INFO ====*  stream_id=1581996 latency=0.515424 ms (tx_ts=85128300667653, rx_ts=85128301183077) request_id=3630633 zil_blk_id=1581996 ccf_commit_seqno=3630633 nstreams_done_=395500 config.nstreams=1000000 avg_latency=0.5497 ms avg throuhgput (requests/sec) = 1037.7700 res=false
*==== INFO ====*  stream_id=1583996 latency=0.504133 ms (tx_ts=85128798747846, rx_ts=85128799251979) request_id=3633924 zil_blk_id=1583996 ccf_commit_seqno=3633924 nstreams_done_=396000 config.nstreams=1000000 avg_latency=0.5497 ms avg throuhgput (requests/sec) = 1037.7258 res=false
*==== INFO ====*  stream_id=1585996 latency=0.460441 ms (tx_ts=85129277111574, rx_ts=85129277572015) request_id=3637246 zil_blk_id=1585996 ccf_commit_seqno=3637246 nstreams_done_=396500 config.nstreams=1000000 avg_latency=0.5496 ms avg throuhgput (requests/sec) = 1037.7353 res=false
*==== INFO ====*  stream_id=1587996 latency=0.528699 ms (tx_ts=85129785378970, rx_ts=85129785907669) request_id=3640745 zil_blk_id=1587996 ccf_commit_seqno=3640746 nstreams_done_=397000 config.nstreams=1000000 avg_latency=0.5496 ms avg throuhgput (requests/sec) = 1037.6634 res=false
*==== INFO ====*  stream_id=1589996 latency=0.480609 ms (tx_ts=85130297250087, rx_ts=85130297730696) request_id=3644276 zil_blk_id=1589996 ccf_commit_seqno=3644276 nstreams_done_=397500 config.nstreams=1000000 avg_latency=0.5495 ms avg throuhgput (requests/sec) = 1037.5822 res=false
*==== INFO ====*  stream_id=1591996 latency=0.488002 ms (tx_ts=85130787497030, rx_ts=85130787985032) request_id=3647697 zil_blk_id=1591996 ccf_commit_seqno=3647697 nstreams_done_=398000 config.nstreams=1000000 avg_latency=0.5495 ms avg throuhgput (requests/sec) = 1037.5596 res=false
*==== INFO ====*  stream_id=1593996 latency=0.458678 ms (tx_ts=85131268068988, rx_ts=85131268527666) request_id=3650983 zil_blk_id=1593996 ccf_commit_seqno=3650983 nstreams_done_=398500 config.nstreams=1000000 avg_latency=0.5495 ms avg throuhgput (requests/sec) = 1037.5632 res=false
*==== INFO ====*  stream_id=1595996 latency=0.479557 ms (tx_ts=85131757468208, rx_ts=85131757947765) request_id=3654322 zil_blk_id=1595996 ccf_commit_seqno=3654322 nstreams_done_=399000 config.nstreams=1000000 avg_latency=0.5495 ms avg throuhgput (requests/sec) = 1037.5429 res=false
*==== INFO ====*  stream_id=1597996 latency=0.428040 ms (tx_ts=85132227223416, rx_ts=85132227651456) request_id=3657601 zil_blk_id=1597996 ccf_commit_seqno=3657601 nstreams_done_=399500 config.nstreams=1000000 avg_latency=0.5495 ms avg throuhgput (requests/sec) = 1037.5758 res=false
*==== INFO ====*  stream_id=1599996 latency=0.533388 ms (tx_ts=85132680324041, rx_ts=85132680857429) request_id=3660802 zil_blk_id=1599996 ccf_commit_seqno=3660802 nstreams_done_=400000 config.nstreams=1000000 avg_latency=0.5494 ms avg throuhgput (requests/sec) = 1037.6530 res=false
*==== INFO ====*  stream_id=1601996 latency=0.563634 ms (tx_ts=85133166052603, rx_ts=85133166616237) request_id=3664112 zil_blk_id=1601996 ccf_commit_seqno=3664113 nstreams_done_=400500 config.nstreams=1000000 avg_latency=0.5494 ms avg throuhgput (requests/sec) = 1037.6425 res=false
*==== INFO ====*  stream_id=1603996 latency=0.516115 ms (tx_ts=85133639636333, rx_ts=85133640152448) request_id=3667384 zil_blk_id=1603996 ccf_commit_seqno=3667384 nstreams_done_=401000 config.nstreams=1000000 avg_latency=0.5493 ms avg throuhgput (requests/sec) = 1037.6649 res=false
*==== INFO ====*  stream_id=1605996 latency=0.458477 ms (tx_ts=85134132322634, rx_ts=85134132781111) request_id=3670746 zil_blk_id=1605996 ccf_commit_seqno=3670746 nstreams_done_=401500 config.nstreams=1000000 avg_latency=0.5493 ms avg throuhgput (requests/sec) = 1037.6360 res=false
*==== INFO ====*  stream_id=1607996 latency=0.489866 ms (tx_ts=85134585955500, rx_ts=85134586445366) request_id=3673855 zil_blk_id=1607996 ccf_commit_seqno=3673855 nstreams_done_=402000 config.nstreams=1000000 avg_latency=0.5493 ms avg throuhgput (requests/sec) = 1037.7115 res=false
*==== INFO ====*  stream_id=1609996 latency=0.618246 ms (tx_ts=85135068970476, rx_ts=85135069588722) request_id=3677183 zil_blk_id=1609996 ccf_commit_seqno=3677184 nstreams_done_=402500 config.nstreams=1000000 avg_latency=0.5493 ms avg throuhgput (requests/sec) = 1037.7080 res=false
*==== INFO ====*  stream_id=1611996 latency=0.513951 ms (tx_ts=85135553592685, rx_ts=85135554106636) request_id=3680493 zil_blk_id=1611996 ccf_commit_seqno=3680493 nstreams_done_=403000 config.nstreams=1000000 avg_latency=0.5493 ms avg throuhgput (requests/sec) = 1037.7008 res=false
*==== INFO ====*  stream_id=1613996 latency=0.478785 ms (tx_ts=85136017307257, rx_ts=85136017786042) request_id=3683786 zil_blk_id=1613996 ccf_commit_seqno=3683786 nstreams_done_=403500 config.nstreams=1000000 avg_latency=0.5492 ms avg throuhgput (requests/sec) = 1037.7493 res=false
*==== INFO ====*  stream_id=1615996 latency=0.563574 ms (tx_ts=85136470894915, rx_ts=85136471458489) request_id=3687025 zil_blk_id=1615996 ccf_commit_seqno=3687025 nstreams_done_=404000 config.nstreams=1000000 avg_latency=0.5492 ms avg throuhgput (requests/sec) = 1037.8243 res=false
*==== INFO ====*  stream_id=1617996 latency=0.552343 ms (tx_ts=85136927103933, rx_ts=85136927656276) request_id=3690276 zil_blk_id=1617996 ccf_commit_seqno=3690276 nstreams_done_=404500 config.nstreams=1000000 avg_latency=0.5491 ms avg throuhgput (requests/sec) = 1037.8924 res=false
*==== INFO ====*  stream_id=1619996 latency=0.576418 ms (tx_ts=85137381272949, rx_ts=85137381849367) request_id=3693459 zil_blk_id=1619996 ccf_commit_seqno=3693460 nstreams_done_=405000 config.nstreams=1000000 avg_latency=0.5491 ms avg throuhgput (requests/sec) = 1037.9657 res=false
*==== INFO ====*  stream_id=1621996 latency=0.528539 ms (tx_ts=85137859712357, rx_ts=85137860240896) request_id=3696747 zil_blk_id=1621996 ccf_commit_seqno=3696747 nstreams_done_=405500 config.nstreams=1000000 avg_latency=0.5491 ms avg throuhgput (requests/sec) = 1037.9745 res=false
*==== INFO ====*  stream_id=1623996 latency=0.773838 ms (tx_ts=85138334924042, rx_ts=85138335697880) request_id=3700020 zil_blk_id=1623996 ccf_commit_seqno=3700021 nstreams_done_=406000 config.nstreams=1000000 avg_latency=0.5491 ms avg throuhgput (requests/sec) = 1037.9911 res=false
*==== INFO ====*  stream_id=1625996 latency=0.525566 ms (tx_ts=85138812882318, rx_ts=85138813407884) request_id=3703331 zil_blk_id=1625996 ccf_commit_seqno=3703331 nstreams_done_=406500 config.nstreams=1000000 avg_latency=0.5490 ms avg throuhgput (requests/sec) = 1038.0017 res=false
*==== INFO ====*  stream_id=1627996 latency=0.558434 ms (tx_ts=85139314259697, rx_ts=85139314818131) request_id=3706749 zil_blk_id=1627996 ccf_commit_seqno=3706750 nstreams_done_=407000 config.nstreams=1000000 avg_latency=0.5490 ms avg throuhgput (requests/sec) = 1037.9495 res=false
*==== INFO ====*  stream_id=1629996 latency=1.289712 ms (tx_ts=85139796506897, rx_ts=85139797796609) request_id=3710110 zil_blk_id=1629996 ccf_commit_seqno=3710110 nstreams_done_=407500 config.nstreams=1000000 avg_latency=0.5490 ms avg throuhgput (requests/sec) = 1037.9462 res=false
*==== INFO ====*  stream_id=1631996 latency=0.437788 ms (tx_ts=85140252594244, rx_ts=85140253032032) request_id=3713321 zil_blk_id=1631996 ccf_commit_seqno=3713321 nstreams_done_=408000 config.nstreams=1000000 avg_latency=0.5490 ms avg throuhgput (requests/sec) = 1038.0161 res=false
*==== INFO ====*  stream_id=1633996 latency=0.585334 ms (tx_ts=85140695772524, rx_ts=85140696357858) request_id=3716488 zil_blk_id=1633996 ccf_commit_seqno=3716489 nstreams_done_=408500 config.nstreams=1000000 avg_latency=0.5489 ms avg throuhgput (requests/sec) = 1038.1173 res=false
*==== INFO ====*  stream_id=1635996 latency=0.530593 ms (tx_ts=85141160276968, rx_ts=85141160807561) request_id=3719687 zil_blk_id=1635996 ccf_commit_seqno=3719687 nstreams_done_=409000 config.nstreams=1000000 avg_latency=0.5489 ms avg throuhgput (requests/sec) = 1038.1626 res=false
*==== INFO ====*  stream_id=1637996 latency=0.542946 ms (tx_ts=85141629783096, rx_ts=85141630326042) request_id=3722962 zil_blk_id=1637996 ccf_commit_seqno=3722962 nstreams_done_=409500 config.nstreams=1000000 avg_latency=0.5488 ms avg throuhgput (requests/sec) = 1038.1944 res=false
*==== INFO ====*  stream_id=1639996 latency=0.512849 ms (tx_ts=85142101931483, rx_ts=85142102444332) request_id=3726258 zil_blk_id=1639996 ccf_commit_seqno=3726258 nstreams_done_=410000 config.nstreams=1000000 avg_latency=0.5488 ms avg throuhgput (requests/sec) = 1038.2194 res=false
*==== INFO ====*  stream_id=1641996 latency=0.517418 ms (tx_ts=85142560665574, rx_ts=85142561182992) request_id=3729525 zil_blk_id=1641996 ccf_commit_seqno=3729525 nstreams_done_=410500 config.nstreams=1000000 avg_latency=0.5488 ms avg throuhgput (requests/sec) = 1038.2794 res=false
*==== INFO ====*  stream_id=1643996 latency=0.525382 ms (tx_ts=85143008071432, rx_ts=85143008596814) request_id=3732694 zil_blk_id=1643996 ccf_commit_seqno=3732694 nstreams_done_=411000 config.nstreams=1000000 avg_latency=0.5487 ms avg throuhgput (requests/sec) = 1038.3690 res=false
*==== INFO ====*  stream_id=1645996 latency=0.544038 ms (tx_ts=85143469713131, rx_ts=85143470257169) request_id=3735920 zil_blk_id=1645996 ccf_commit_seqno=3735920 nstreams_done_=411500 config.nstreams=1000000 avg_latency=0.5487 ms avg throuhgput (requests/sec) = 1038.4210 res=false
*==== INFO ====*  stream_id=1647996 latency=0.666787 ms (tx_ts=85143937222492, rx_ts=85143937889279) request_id=3739173 zil_blk_id=1647996 ccf_commit_seqno=3739175 nstreams_done_=412000 config.nstreams=1000000 avg_latency=0.5487 ms avg throuhgput (requests/sec) = 1038.4573 res=false
*==== INFO ====*  stream_id=1649996 latency=0.467284 ms (tx_ts=85144407038459, rx_ts=85144407505743) request_id=3742439 zil_blk_id=1649996 ccf_commit_seqno=3742439 nstreams_done_=412500 config.nstreams=1000000 avg_latency=0.5487 ms avg throuhgput (requests/sec) = 1038.4884 res=false
*==== INFO ====*  stream_id=1651996 latency=0.544609 ms (tx_ts=85144875598137, rx_ts=85144876142746) request_id=3745714 zil_blk_id=1651996 ccf_commit_seqno=3745714 nstreams_done_=413000 config.nstreams=1000000 avg_latency=0.5487 ms avg throuhgput (requests/sec) = 1038.5219 res=false
*==== INFO ====*  stream_id=1653996 latency=0.498943 ms (tx_ts=85145333709377, rx_ts=85145334208320) request_id=3748902 zil_blk_id=1653996 ccf_commit_seqno=3748902 nstreams_done_=413500 config.nstreams=1000000 avg_latency=0.5486 ms avg throuhgput (requests/sec) = 1038.5829 res=false
*==== INFO ====*  stream_id=1655996 latency=0.498993 ms (tx_ts=85145820804939, rx_ts=85145821303932) request_id=3752234 zil_blk_id=1655996 ccf_commit_seqno=3752234 nstreams_done_=414000 config.nstreams=1000000 avg_latency=0.5486 ms avg throuhgput (requests/sec) = 1038.5681 res=false
*==== INFO ====*  stream_id=1657996 latency=0.491700 ms (tx_ts=85146266034015, rx_ts=85146266525715) request_id=3755436 zil_blk_id=1657996 ccf_commit_seqno=3755436 nstreams_done_=414500 config.nstreams=1000000 avg_latency=0.5486 ms avg throuhgput (requests/sec) = 1038.6623 res=false
*==== INFO ====*  stream_id=1659996 latency=0.510635 ms (tx_ts=85146717992985, rx_ts=85146718503620) request_id=3758637 zil_blk_id=1659996 ccf_commit_seqno=3758637 nstreams_done_=415000 config.nstreams=1000000 avg_latency=0.5485 ms avg throuhgput (requests/sec) = 1038.7388 res=false
*==== INFO ====*  stream_id=1661996 latency=0.480218 ms (tx_ts=85147203545782, rx_ts=85147204026000) request_id=3762021 zil_blk_id=1661996 ccf_commit_seqno=3762021 nstreams_done_=415500 config.nstreams=1000000 avg_latency=0.5485 ms avg throuhgput (requests/sec) = 1038.7280 res=false
*==== INFO ====*  stream_id=1663996 latency=0.570066 ms (tx_ts=85147709552920, rx_ts=85147710122986) request_id=3765514 zil_blk_id=1663996 ccf_commit_seqno=3765514 nstreams_done_=416000 config.nstreams=1000000 avg_latency=0.5486 ms avg throuhgput (requests/sec) = 1038.6638 res=false
*==== INFO ====*  stream_id=1665996 latency=0.492562 ms (tx_ts=85148180223693, rx_ts=85148180716255) request_id=3768788 zil_blk_id=1665996 ccf_commit_seqno=3768788 nstreams_done_=416500 config.nstreams=1000000 avg_latency=0.5485 ms avg throuhgput (requests/sec) = 1038.6918 res=false
*==== INFO ====*  stream_id=1667996 latency=0.471402 ms (tx_ts=85148646642510, rx_ts=85148647113912) request_id=3772115 zil_blk_id=1667996 ccf_commit_seqno=3772115 nstreams_done_=417000 config.nstreams=1000000 avg_latency=0.5485 ms avg throuhgput (requests/sec) = 1038.7305 res=false
*==== INFO ====*  stream_id=1669996 latency=0.516756 ms (tx_ts=85149144199733, rx_ts=85149144716489) request_id=3775659 zil_blk_id=1669996 ccf_commit_seqno=3775659 nstreams_done_=417500 config.nstreams=1000000 avg_latency=0.5485 ms avg throuhgput (requests/sec) = 1038.6885 res=false
*==== INFO ====*  stream_id=1671996 latency=0.515534 ms (tx_ts=85149633232490, rx_ts=85149633748024) request_id=3779190 zil_blk_id=1671996 ccf_commit_seqno=3779190 nstreams_done_=418000 config.nstreams=1000000 avg_latency=0.5484 ms avg throuhgput (requests/sec) = 1038.6688 res=false
*==== INFO ====*  stream_id=1673996 latency=1.563223 ms (tx_ts=85150122569939, rx_ts=85150124133162) request_id=3782716 zil_blk_id=1673996 ccf_commit_seqno=3782716 nstreams_done_=418500 config.nstreams=1000000 avg_latency=0.5484 ms avg throuhgput (requests/sec) = 1038.6456 res=false
*==== INFO ====*  stream_id=1675996 latency=0.463607 ms (tx_ts=85150610491972, rx_ts=85150610955579) request_id=3786222 zil_blk_id=1675996 ccf_commit_seqno=3786222 nstreams_done_=419000 config.nstreams=1000000 avg_latency=0.5484 ms avg throuhgput (requests/sec) = 1038.6316 res=false
*==== INFO ====*  stream_id=1677996 latency=0.484559 ms (tx_ts=85151068565329, rx_ts=85151069049888) request_id=3789526 zil_blk_id=1677996 ccf_commit_seqno=3789526 nstreams_done_=419500 config.nstreams=1000000 avg_latency=0.5483 ms avg throuhgput (requests/sec) = 1038.6916 res=false
*==== INFO ====*  stream_id=1679996 latency=0.558905 ms (tx_ts=85151556574427, rx_ts=85151557133332) request_id=3792959 zil_blk_id=1679996 ccf_commit_seqno=3792959 nstreams_done_=420000 config.nstreams=1000000 avg_latency=0.5483 ms avg throuhgput (requests/sec) = 1038.6743 res=false
*==== INFO ====*  stream_id=1681996 latency=0.553735 ms (tx_ts=85152063595489, rx_ts=85152064149224) request_id=3796445 zil_blk_id=1681996 ccf_commit_seqno=3796445 nstreams_done_=420500 config.nstreams=1000000 avg_latency=0.5483 ms avg throuhgput (requests/sec) = 1038.6086 res=false
*==== INFO ====*  stream_id=1683996 latency=0.464618 ms (tx_ts=85152531381303, rx_ts=85152531845921) request_id=3799729 zil_blk_id=1683996 ccf_commit_seqno=3799729 nstreams_done_=421000 config.nstreams=1000000 avg_latency=0.5483 ms avg throuhgput (requests/sec) = 1038.6437 res=false
*==== INFO ====*  stream_id=1685996 latency=0.465761 ms (tx_ts=85153020552838, rx_ts=85153021018599) request_id=3803098 zil_blk_id=1685996 ccf_commit_seqno=3803098 nstreams_done_=421500 config.nstreams=1000000 avg_latency=0.5483 ms avg throuhgput (requests/sec) = 1038.6238 res=false
*==== INFO ====*  stream_id=1687996 latency=0.480799 ms (tx_ts=85153534387340, rx_ts=85153534868139) request_id=3806652 zil_blk_id=1687996 ccf_commit_seqno=3806652 nstreams_done_=422000 config.nstreams=1000000 avg_latency=0.5482 ms avg throuhgput (requests/sec) = 1038.5409 res=false
*==== INFO ====*  stream_id=1689996 latency=0.535090 ms (tx_ts=85154079906090, rx_ts=85154080441180) request_id=3810354 zil_blk_id=1689996 ccf_commit_seqno=3810354 nstreams_done_=422500 config.nstreams=1000000 avg_latency=0.5483 ms avg throuhgput (requests/sec) = 1038.3772 res=false
*==== INFO ====*  stream_id=1691996 latency=0.716940 ms (tx_ts=85154620307932, rx_ts=85154621024872) request_id=3814027 zil_blk_id=1691996 ccf_commit_seqno=3814027 nstreams_done_=423000 config.nstreams=1000000 avg_latency=0.5482 ms avg throuhgput (requests/sec) = 1038.2267 res=false
*==== INFO ====*  stream_id=1693996 latency=0.535401 ms (tx_ts=85155157574045, rx_ts=85155158109446) request_id=3817564 zil_blk_id=1693996 ccf_commit_seqno=3817564 nstreams_done_=423500 config.nstreams=1000000 avg_latency=0.5482 ms avg throuhgput (requests/sec) = 1038.0854 res=false
*==== INFO ====*  stream_id=1695996 latency=0.522016 ms (tx_ts=85155687040602, rx_ts=85155687562618) request_id=3821014 zil_blk_id=1695996 ccf_commit_seqno=3821014 nstreams_done_=424000 config.nstreams=1000000 avg_latency=0.5482 ms avg throuhgput (requests/sec) = 1037.9640 res=false
*==== INFO ====*  stream_id=1697996 latency=0.468706 ms (tx_ts=85156240672383, rx_ts=85156241141089) request_id=3824711 zil_blk_id=1697996 ccf_commit_seqno=3824711 nstreams_done_=424500 config.nstreams=1000000 avg_latency=0.5483 ms avg throuhgput (requests/sec) = 1037.7816 res=false
*==== INFO ====*  stream_id=1699996 latency=0.523078 ms (tx_ts=85156776567873, rx_ts=85156777090951) request_id=3828272 zil_blk_id=1699996 ccf_commit_seqno=3828272 nstreams_done_=425000 config.nstreams=1000000 avg_latency=0.5483 ms avg throuhgput (requests/sec) = 1037.6444 res=false
*==== INFO ====*  stream_id=1701996 latency=0.501508 ms (tx_ts=85157368019215, rx_ts=85157368520723) request_id=3832028 zil_blk_id=1701996 ccf_commit_seqno=3832028 nstreams_done_=425500 config.nstreams=1000000 avg_latency=0.5484 ms avg throuhgput (requests/sec) = 1037.3672 res=false
*==== INFO ====*  stream_id=1703996 latency=0.627013 ms (tx_ts=85157904475937, rx_ts=85157905102950) request_id=3835663 zil_blk_id=1703996 ccf_commit_seqno=3835664 nstreams_done_=426000 config.nstreams=1000000 avg_latency=0.5484 ms avg throuhgput (requests/sec) = 1037.2293 res=false
*==== INFO ====*  stream_id=1705996 latency=0.633185 ms (tx_ts=85158389232684, rx_ts=85158389865869) request_id=3838986 zil_blk_id=1705996 ccf_commit_seqno=3838986 nstreams_done_=426500 config.nstreams=1000000 avg_latency=0.5483 ms avg throuhgput (requests/sec) = 1037.2225 res=false
*==== INFO ====*  stream_id=1707996 latency=0.516416 ms (tx_ts=85158854134512, rx_ts=85158854650928) request_id=3842202 zil_blk_id=1707996 ccf_commit_seqno=3842202 nstreams_done_=427000 config.nstreams=1000000 avg_latency=0.5483 ms avg throuhgput (requests/sec) = 1037.2660 res=false
*==== INFO ====*  stream_id=1709996 latency=0.506658 ms (tx_ts=85159322401971, rx_ts=85159322908629) request_id=3845436 zil_blk_id=1709996 ccf_commit_seqno=3845436 nstreams_done_=427500 config.nstreams=1000000 avg_latency=0.5483 ms avg throuhgput (requests/sec) = 1037.3007 res=false
*==== INFO ====*  stream_id=1711996 latency=0.564756 ms (tx_ts=85159790086152, rx_ts=85159790650908) request_id=3848537 zil_blk_id=1711996 ccf_commit_seqno=3848537 nstreams_done_=428000 config.nstreams=1000000 avg_latency=0.5483 ms avg throuhgput (requests/sec) = 1037.3366 res=false
*==== INFO ====*  stream_id=1713996 latency=0.531664 ms (tx_ts=85160274526967, rx_ts=85160275058631) request_id=3851880 zil_blk_id=1713996 ccf_commit_seqno=3851880 nstreams_done_=428500 config.nstreams=1000000 avg_latency=0.5483 ms avg throuhgput (requests/sec) = 1037.3306 res=false
*==== INFO ====*  stream_id=1715996 latency=0.542344 ms (tx_ts=85160745831826, rx_ts=85160746374170) request_id=3855178 zil_blk_id=1715996 ccf_commit_seqno=3855178 nstreams_done_=429000 config.nstreams=1000000 avg_latency=0.5483 ms avg throuhgput (requests/sec) = 1037.3574 res=false
*==== INFO ====*  stream_id=1717996 latency=0.896597 ms (tx_ts=85161228291724, rx_ts=85161229188321) request_id=3858464 zil_blk_id=1717996 ccf_commit_seqno=3858464 nstreams_done_=429500 config.nstreams=1000000 avg_latency=0.5482 ms avg throuhgput (requests/sec) = 1037.3553 res=false
*==== INFO ====*  stream_id=1719996 latency=0.542335 ms (tx_ts=85161758522814, rx_ts=85161759065149) request_id=3862007 zil_blk_id=1719996 ccf_commit_seqno=3862007 nstreams_done_=430000 config.nstreams=1000000 avg_latency=0.5482 ms avg throuhgput (requests/sec) = 1037.2355 res=false
*==== INFO ====*  stream_id=1721996 latency=0.496278 ms (tx_ts=85162269782903, rx_ts=85162270279181) request_id=3865392 zil_blk_id=1721996 ccf_commit_seqno=3865392 nstreams_done_=430500 config.nstreams=1000000 avg_latency=0.5482 ms avg throuhgput (requests/sec) = 1037.1626 res=false
*==== INFO ====*  stream_id=1723996 latency=0.505525 ms (tx_ts=85162745052921, rx_ts=85162745558446) request_id=3868633 zil_blk_id=1723996 ccf_commit_seqno=3868633 nstreams_done_=431000 config.nstreams=1000000 avg_latency=0.5482 ms avg throuhgput (requests/sec) = 1037.1796 res=false
*==== INFO ====*  stream_id=1725996 latency=0.494545 ms (tx_ts=85163242476382, rx_ts=85163242970927) request_id=3872119 zil_blk_id=1725996 ccf_commit_seqno=3872119 nstreams_done_=431500 config.nstreams=1000000 avg_latency=0.5482 ms avg throuhgput (requests/sec) = 1037.1414 res=false
*==== INFO ====*  stream_id=1727996 latency=0.536654 ms (tx_ts=85163701018752, rx_ts=85163701555406) request_id=3875380 zil_blk_id=1727996 ccf_commit_seqno=3875380 nstreams_done_=432000 config.nstreams=1000000 avg_latency=0.5482 ms avg throuhgput (requests/sec) = 1037.1999 res=false
*==== INFO ====*  stream_id=1729996 latency=0.564777 ms (tx_ts=85164161724083, rx_ts=85164162288860) request_id=3878490 zil_blk_id=1729996 ccf_commit_seqno=3878490 nstreams_done_=432500 config.nstreams=1000000 avg_latency=0.5481 ms avg throuhgput (requests/sec) = 1037.2530 res=false
*==== INFO ====*  stream_id=1731996 latency=0.608949 ms (tx_ts=85164631777826, rx_ts=85164632386775) request_id=3881756 zil_blk_id=1731996 ccf_commit_seqno=3881756 nstreams_done_=433000 config.nstreams=1000000 avg_latency=0.5481 ms avg throuhgput (requests/sec) = 1037.2827 res=false
*==== INFO ====*  stream_id=1733996 latency=0.544789 ms (tx_ts=85165141109898, rx_ts=85165141654687) request_id=3885281 zil_blk_id=1733996 ccf_commit_seqno=3885281 nstreams_done_=433500 config.nstreams=1000000 avg_latency=0.5481 ms avg throuhgput (requests/sec) = 1037.2151 res=false
*==== INFO ====*  stream_id=1735996 latency=0.640258 ms (tx_ts=85165637029818, rx_ts=85165637670076) request_id=3888601 zil_blk_id=1735996 ccf_commit_seqno=3888602 nstreams_done_=434000 config.nstreams=1000000 avg_latency=0.5481 ms avg throuhgput (requests/sec) = 1037.1805 res=false
*==== INFO ====*  stream_id=1737996 latency=0.549789 ms (tx_ts=85166114194690, rx_ts=85166114744479) request_id=3891915 zil_blk_id=1737996 ccf_commit_seqno=3891916 nstreams_done_=434500 config.nstreams=1000000 avg_latency=0.5481 ms avg throuhgput (requests/sec) = 1037.1929 res=false
*==== INFO ====*  stream_id=1739996 latency=0.518961 ms (tx_ts=85166617141054, rx_ts=85166617660015) request_id=3895289 zil_blk_id=1739996 ccf_commit_seqno=3895289 nstreams_done_=435000 config.nstreams=1000000 avg_latency=0.5481 ms avg throuhgput (requests/sec) = 1037.1413 res=false
*==== INFO ====*  stream_id=1741996 latency=0.473235 ms (tx_ts=85167115805498, rx_ts=85167116278733) request_id=3898705 zil_blk_id=1741996 ccf_commit_seqno=3898705 nstreams_done_=435500 config.nstreams=1000000 avg_latency=0.5480 ms avg throuhgput (requests/sec) = 1037.1005 res=false
*==== INFO ====*  stream_id=1743996 latency=0.482422 ms (tx_ts=85167599715094, rx_ts=85167600197516) request_id=3902008 zil_blk_id=1743996 ccf_commit_seqno=3902008 nstreams_done_=436000 config.nstreams=1000000 avg_latency=0.5480 ms avg throuhgput (requests/sec) = 1037.0960 res=false
*==== INFO ====*  stream_id=1745996 latency=0.575256 ms (tx_ts=85168068469033, rx_ts=85168069044289) request_id=3905251 zil_blk_id=1745996 ccf_commit_seqno=3905251 nstreams_done_=436500 config.nstreams=1000000 avg_latency=0.5480 ms avg throuhgput (requests/sec) = 1037.1287 res=false
*==== INFO ====*  stream_id=1747996 latency=0.527346 ms (tx_ts=85168571618745, rx_ts=85168572146091) request_id=3908819 zil_blk_id=1747996 ccf_commit_seqno=3908819 nstreams_done_=437000 config.nstreams=1000000 avg_latency=0.5480 ms avg throuhgput (requests/sec) = 1037.0770 res=false
*==== INFO ====*  stream_id=1749996 latency=0.563554 ms (tx_ts=85169050476169, rx_ts=85169051039723) request_id=3912184 zil_blk_id=1749996 ccf_commit_seqno=3912184 nstreams_done_=437500 config.nstreams=1000000 avg_latency=0.5480 ms avg throuhgput (requests/sec) = 1037.0850 res=false
*==== INFO ====*  stream_id=1751996 latency=0.512679 ms (tx_ts=85169569467820, rx_ts=85169569980499) request_id=3915709 zil_blk_id=1751996 ccf_commit_seqno=3915709 nstreams_done_=438000 config.nstreams=1000000 avg_latency=0.5480 ms avg throuhgput (requests/sec) = 1036.9946 res=false
*==== INFO ====*  stream_id=1753996 latency=0.574605 ms (tx_ts=85170049224199, rx_ts=85170049798804) request_id=3919092 zil_blk_id=1753996 ccf_commit_seqno=3919092 nstreams_done_=438500 config.nstreams=1000000 avg_latency=0.5480 ms avg throuhgput (requests/sec) = 1037.0003 res=false
*==== INFO ====*  stream_id=1755996 latency=0.548385 ms (tx_ts=85170518223368, rx_ts=85170518771753) request_id=3922387 zil_blk_id=1755996 ccf_commit_seqno=3922387 nstreams_done_=439000 config.nstreams=1000000 avg_latency=0.5480 ms avg throuhgput (requests/sec) = 1037.0326 res=false
*==== INFO ====*  stream_id=1757996 latency=0.543256 ms (tx_ts=85170998102870, rx_ts=85170998646126) request_id=3925705 zil_blk_id=1757996 ccf_commit_seqno=3925706 nstreams_done_=439500 config.nstreams=1000000 avg_latency=0.5480 ms avg throuhgput (requests/sec) = 1037.0382 res=false
*==== INFO ====*  stream_id=1759996 latency=0.489275 ms (tx_ts=85171483567114, rx_ts=85171484056389) request_id=3929084 zil_blk_id=1759996 ccf_commit_seqno=3929084 nstreams_done_=440000 config.nstreams=1000000 avg_latency=0.5480 ms avg throuhgput (requests/sec) = 1037.0302 res=false
*==== INFO ====*  stream_id=1761996 latency=0.502009 ms (tx_ts=85172001312935, rx_ts=85172001814944) request_id=3932598 zil_blk_id=1761996 ccf_commit_seqno=3932598 nstreams_done_=440500 config.nstreams=1000000 avg_latency=0.5480 ms avg throuhgput (requests/sec) = 1036.9433 res=false
*==== INFO ====*  stream_id=1763996 latency=0.552343 ms (tx_ts=85172512500750, rx_ts=85172513053093) request_id=3936002 zil_blk_id=1763996 ccf_commit_seqno=3936002 nstreams_done_=441000 config.nstreams=1000000 avg_latency=0.5480 ms avg throuhgput (requests/sec) = 1036.8724 res=false
*==== INFO ====*  stream_id=1765996 latency=0.575857 ms (tx_ts=85173005259177, rx_ts=85173005835034) request_id=3939372 zil_blk_id=1765996 ccf_commit_seqno=3939372 nstreams_done_=441500 config.nstreams=1000000 avg_latency=0.5480 ms avg throuhgput (requests/sec) = 1036.8467 res=false
*==== INFO ====*  stream_id=1767996 latency=0.501217 ms (tx_ts=85173488852062, rx_ts=85173489353279) request_id=3942714 zil_blk_id=1767996 ccf_commit_seqno=3942714 nstreams_done_=442000 config.nstreams=1000000 avg_latency=0.5480 ms avg throuhgput (requests/sec) = 1036.8436 res=false
*==== INFO ====*  stream_id=1769996 latency=0.547745 ms (tx_ts=85173998090060, rx_ts=85173998637805) request_id=3946176 zil_blk_id=1769996 ccf_commit_seqno=3946176 nstreams_done_=442500 config.nstreams=1000000 avg_latency=0.5480 ms avg throuhgput (requests/sec) = 1036.7779 res=false
*==== INFO ====*  stream_id=1771996 latency=0.717242 ms (tx_ts=85174484074862, rx_ts=85174484792104) request_id=3949542 zil_blk_id=1771996 ccf_commit_seqno=3949544 nstreams_done_=443000 config.nstreams=1000000 avg_latency=0.5480 ms avg throuhgput (requests/sec) = 1036.7684 res=false
*==== INFO ====*  stream_id=1773996 latency=0.515544 ms (tx_ts=85175027822741, rx_ts=85175028338285) request_id=3953138 zil_blk_id=1773996 ccf_commit_seqno=3953138 nstreams_done_=443500 config.nstreams=1000000 avg_latency=0.5480 ms avg throuhgput (requests/sec) = 1036.6199 res=false
*==== INFO ====*  stream_id=1775996 latency=0.563604 ms (tx_ts=85175516723550, rx_ts=85175517287154) request_id=3956531 zil_blk_id=1775996 ccf_commit_seqno=3956531 nstreams_done_=444000 config.nstreams=1000000 avg_latency=0.5480 ms avg throuhgput (requests/sec) = 1036.6039 res=false
*==== INFO ====*  stream_id=1777996 latency=0.496839 ms (tx_ts=85175989693209, rx_ts=85175990190048) request_id=3959823 zil_blk_id=1777996 ccf_commit_seqno=3959823 nstreams_done_=444500 config.nstreams=1000000 avg_latency=0.5480 ms avg throuhgput (requests/sec) = 1036.6268 res=false
*==== INFO ====*  stream_id=1779996 latency=0.599201 ms (tx_ts=85176426789407, rx_ts=85176427388608) request_id=3962954 zil_blk_id=1779996 ccf_commit_seqno=3962954 nstreams_done_=445000 config.nstreams=1000000 avg_latency=0.5479 ms avg throuhgput (requests/sec) = 1036.7358 res=false
*==== INFO ====*  stream_id=1781996 latency=0.534369 ms (tx_ts=85176882966595, rx_ts=85176883500964) request_id=3966167 zil_blk_id=1781996 ccf_commit_seqno=3966167 nstreams_done_=445500 config.nstreams=1000000 avg_latency=0.5479 ms avg throuhgput (requests/sec) = 1036.7989 res=false
*==== INFO ====*  stream_id=1783996 latency=0.534790 ms (tx_ts=85177349893819, rx_ts=85177350428609) request_id=3969481 zil_blk_id=1783996 ccf_commit_seqno=3969481 nstreams_done_=446000 config.nstreams=1000000 avg_latency=0.5479 ms avg throuhgput (requests/sec) = 1036.8358 res=false
*==== INFO ====*  stream_id=1785996 latency=0.630677 ms (tx_ts=85177805694572, rx_ts=85177806325249) request_id=3972739 zil_blk_id=1785996 ccf_commit_seqno=3972740 nstreams_done_=446500 config.nstreams=1000000 avg_latency=0.5479 ms avg throuhgput (requests/sec) = 1036.8993 res=false
*==== INFO ====*  stream_id=1787996 latency=0.478435 ms (tx_ts=85178252282430, rx_ts=85178252760865) request_id=3975919 zil_blk_id=1787996 ccf_commit_seqno=3975919 nstreams_done_=447000 config.nstreams=1000000 avg_latency=0.5478 ms avg throuhgput (requests/sec) = 1036.9853 res=false
*==== INFO ====*  stream_id=1789996 latency=0.509683 ms (tx_ts=85178712979622, rx_ts=85178713489305) request_id=3979180 zil_blk_id=1789996 ccf_commit_seqno=3979180 nstreams_done_=447500 config.nstreams=1000000 avg_latency=0.5478 ms avg throuhgput (requests/sec) = 1037.0368 res=false
*==== INFO ====*  stream_id=1791996 latency=0.517037 ms (tx_ts=85179208932367, rx_ts=85179209449404) request_id=3982632 zil_blk_id=1791996 ccf_commit_seqno=3982632 nstreams_done_=448000 config.nstreams=1000000 avg_latency=0.5478 ms avg throuhgput (requests/sec) = 1037.0037 res=false
*==== INFO ====*  stream_id=1793996 latency=0.520204 ms (tx_ts=85179686828664, rx_ts=85179687348868) request_id=3985977 zil_blk_id=1793996 ccf_commit_seqno=3985977 nstreams_done_=448500 config.nstreams=1000000 avg_latency=0.5478 ms avg throuhgput (requests/sec) = 1037.0139 res=false
*==== INFO ====*  stream_id=1795996 latency=0.477643 ms (tx_ts=85180156884183, rx_ts=85180157361826) request_id=3989265 zil_blk_id=1795996 ccf_commit_seqno=3989265 nstreams_done_=449000 config.nstreams=1000000 avg_latency=0.5478 ms avg throuhgput (requests/sec) = 1037.0430 res=false
*==== INFO ====*  stream_id=1797996 latency=0.505155 ms (tx_ts=85180627592997, rx_ts=85180628098152) request_id=3992504 zil_blk_id=1797996 ccf_commit_seqno=3992504 nstreams_done_=449500 config.nstreams=1000000 avg_latency=0.5478 ms avg throuhgput (requests/sec) = 1037.0702 res=false
*==== INFO ====*  stream_id=1799996 latency=0.563694 ms (tx_ts=85181102075620, rx_ts=85181102639314) request_id=3995858 zil_blk_id=1799996 ccf_commit_seqno=3995859 nstreams_done_=450000 config.nstreams=1000000 avg_latency=0.5478 ms avg throuhgput (requests/sec) = 1037.0884 res=false
*==== INFO ====*  stream_id=1801996 latency=0.457065 ms (tx_ts=85181563216404, rx_ts=85181563673469) request_id=3998973 zil_blk_id=1801996 ccf_commit_seqno=3998973 nstreams_done_=450500 config.nstreams=1000000 avg_latency=0.5478 ms avg throuhgput (requests/sec) = 1037.1387 res=false
*==== INFO ====*  stream_id=1803996 latency=0.443239 ms (tx_ts=85182067974143, rx_ts=85182068417382) request_id=4002359 zil_blk_id=1803996 ccf_commit_seqno=4002359 nstreams_done_=451000 config.nstreams=1000000 avg_latency=0.5478 ms avg throuhgput (requests/sec) = 1037.0847 res=false
*==== INFO ====*  stream_id=1805996 latency=0.530513 ms (tx_ts=85182550431214, rx_ts=85182550961727) request_id=4005630 zil_blk_id=1805996 ccf_commit_seqno=4005630 nstreams_done_=451500 config.nstreams=1000000 avg_latency=0.5477 ms avg throuhgput (requests/sec) = 1037.0837 res=false
*==== INFO ====*  stream_id=1807996 latency=0.545801 ms (tx_ts=85183040700526, rx_ts=85183041246327) request_id=4008980 zil_blk_id=1807996 ccf_commit_seqno=4008980 nstreams_done_=452000 config.nstreams=1000000 avg_latency=0.5477 ms avg throuhgput (requests/sec) = 1037.0643 res=false
*==== INFO ====*  stream_id=1809996 latency=0.508401 ms (tx_ts=85183532840877, rx_ts=85183533349278) request_id=4012354 zil_blk_id=1809996 ccf_commit_seqno=4012354 nstreams_done_=452500 config.nstreams=1000000 avg_latency=0.5477 ms avg throuhgput (requests/sec) = 1037.0406 res=false
*==== INFO ====*  stream_id=1811996 latency=0.467886 ms (tx_ts=85184010967840, rx_ts=85184011435726) request_id=4015661 zil_blk_id=1811996 ccf_commit_seqno=4015661 nstreams_done_=453000 config.nstreams=1000000 avg_latency=0.5477 ms avg throuhgput (requests/sec) = 1037.0502 res=false
*==== INFO ====*  stream_id=1813996 latency=0.528799 ms (tx_ts=85184486844237, rx_ts=85184487373036) request_id=4018996 zil_blk_id=1813996 ccf_commit_seqno=4018996 nstreams_done_=453500 config.nstreams=1000000 avg_latency=0.5476 ms avg throuhgput (requests/sec) = 1037.0649 res=false
*==== INFO ====*  stream_id=1815996 latency=0.661918 ms (tx_ts=85184957418024, rx_ts=85184958079942) request_id=4022274 zil_blk_id=1815996 ccf_commit_seqno=4022274 nstreams_done_=454000 config.nstreams=1000000 avg_latency=0.5476 ms avg throuhgput (requests/sec) = 1037.0919 res=false
*==== INFO ====*  stream_id=1817996 latency=0.644856 ms (tx_ts=85185432793230, rx_ts=85185433438086) request_id=4025517 zil_blk_id=1817996 ccf_commit_seqno=4025517 nstreams_done_=454500 config.nstreams=1000000 avg_latency=0.5476 ms avg throuhgput (requests/sec) = 1037.1079 res=false
*==== INFO ====*  stream_id=1819996 latency=0.481891 ms (tx_ts=85185924150467, rx_ts=85185924632358) request_id=4028914 zil_blk_id=1819996 ccf_commit_seqno=4028914 nstreams_done_=455000 config.nstreams=1000000 avg_latency=0.5476 ms avg throuhgput (requests/sec) = 1037.0865 res=false
*==== INFO ====*  stream_id=1821996 latency=0.500045 ms (tx_ts=85186434045400, rx_ts=85186434545445) request_id=4032355 zil_blk_id=1821996 ccf_commit_seqno=4032356 nstreams_done_=455500 config.nstreams=1000000 avg_latency=0.5476 ms avg throuhgput (requests/sec) = 1037.0208 res=false
*==== INFO ====*  stream_id=1823996 latency=0.490398 ms (tx_ts=85186934585966, rx_ts=85186935076364) request_id=4035809 zil_blk_id=1823996 ccf_commit_seqno=4035809 nstreams_done_=456000 config.nstreams=1000000 avg_latency=0.5476 ms avg throuhgput (requests/sec) = 1036.9775 res=false
*==== INFO ====*  stream_id=1825996 latency=0.471772 ms (tx_ts=85187434931293, rx_ts=85187435403065) request_id=4039161 zil_blk_id=1825996 ccf_commit_seqno=4039161 nstreams_done_=456500 config.nstreams=1000000 avg_latency=0.5476 ms avg throuhgput (requests/sec) = 1036.9347 res=false
*==== INFO ====*  stream_id=1827996 latency=0.533467 ms (tx_ts=85187925143829, rx_ts=85187925677296) request_id=4042560 zil_blk_id=1827996 ccf_commit_seqno=4042560 nstreams_done_=457000 config.nstreams=1000000 avg_latency=0.5476 ms avg throuhgput (requests/sec) = 1036.9157 res=false
*==== INFO ====*  stream_id=1829996 latency=0.482763 ms (tx_ts=85188427548557, rx_ts=85188428031320) request_id=4046113 zil_blk_id=1829996 ccf_commit_seqno=4046113 nstreams_done_=457500 config.nstreams=1000000 avg_latency=0.5476 ms avg throuhgput (requests/sec) = 1036.8683 res=false
*==== INFO ====*  stream_id=1831996 latency=0.478875 ms (tx_ts=85188906778998, rx_ts=85188907257873) request_id=4049484 zil_blk_id=1831996 ccf_commit_seqno=4049484 nstreams_done_=458000 config.nstreams=1000000 avg_latency=0.5476 ms avg throuhgput (requests/sec) = 1036.8754 res=false
*==== INFO ====*  stream_id=1833996 latency=0.503712 ms (tx_ts=85189390906912, rx_ts=85189391410624) request_id=4052726 zil_blk_id=1833996 ccf_commit_seqno=4052726 nstreams_done_=458500 config.nstreams=1000000 avg_latency=0.5476 ms avg throuhgput (requests/sec) = 1036.8708 res=false
*==== INFO ====*  stream_id=1835996 latency=0.581604 ms (tx_ts=85189842878016, rx_ts=85189843459620) request_id=4055982 zil_blk_id=1835996 ccf_commit_seqno=4055982 nstreams_done_=459000 config.nstreams=1000000 avg_latency=0.5476 ms avg throuhgput (requests/sec) = 1036.9415 res=false
*==== INFO ====*  stream_id=1837996 latency=0.512387 ms (tx_ts=85190288363952, rx_ts=85190288876339) request_id=4059172 zil_blk_id=1837996 ccf_commit_seqno=4059172 nstreams_done_=459500 config.nstreams=1000000 avg_latency=0.5476 ms avg throuhgput (requests/sec) = 1037.0276 res=false
*==== INFO ====*  stream_id=1839996 latency=0.491179 ms (tx_ts=85190753077000, rx_ts=85190753568179) request_id=4062458 zil_blk_id=1839996 ccf_commit_seqno=4062458 nstreams_done_=460000 config.nstreams=1000000 avg_latency=0.5476 ms avg throuhgput (requests/sec) = 1037.0684 res=false
*==== INFO ====*  stream_id=1841996 latency=0.584753 ms (tx_ts=85191191228424, rx_ts=85191191813177) request_id=4065641 zil_blk_id=1841996 ccf_commit_seqno=4065642 nstreams_done_=460500 config.nstreams=1000000 avg_latency=0.5476 ms avg throuhgput (requests/sec) = 1037.1709 res=false
*==== INFO ====*  stream_id=1843996 latency=0.497951 ms (tx_ts=85191636940632, rx_ts=85191637438583) request_id=4068803 zil_blk_id=1843996 ccf_commit_seqno=4068803 nstreams_done_=461000 config.nstreams=1000000 avg_latency=0.5475 ms avg throuhgput (requests/sec) = 1037.2560 res=false
*==== INFO ====*  stream_id=1845996 latency=0.445382 ms (tx_ts=85192102432434, rx_ts=85192102877816) request_id=4072122 zil_blk_id=1845996 ccf_commit_seqno=4072122 nstreams_done_=461500 config.nstreams=1000000 avg_latency=0.5475 ms avg throuhgput (requests/sec) = 1037.2947 res=false
*==== INFO ====*  stream_id=1847996 latency=0.499715 ms (tx_ts=85192563845072, rx_ts=85192564344787) request_id=4075368 zil_blk_id=1847996 ccf_commit_seqno=4075368 nstreams_done_=462000 config.nstreams=1000000 avg_latency=0.5475 ms avg throuhgput (requests/sec) = 1037.3425 res=false
*==== INFO ====*  stream_id=1849996 latency=0.645737 ms (tx_ts=85193061218408, rx_ts=85193061864145) request_id=4078709 zil_blk_id=1849996 ccf_commit_seqno=4078709 nstreams_done_=462500 config.nstreams=1000000 avg_latency=0.5475 ms avg throuhgput (requests/sec) = 1037.3064 res=false
*==== INFO ====*  stream_id=1851996 latency=0.500275 ms (tx_ts=85193558075933, rx_ts=85193558576208) request_id=4082130 zil_blk_id=1851996 ccf_commit_seqno=4082130 nstreams_done_=463000 config.nstreams=1000000 avg_latency=0.5475 ms avg throuhgput (requests/sec) = 1037.2723 res=false
*==== INFO ====*  stream_id=1853996 latency=0.511497 ms (tx_ts=85194058832419, rx_ts=85194059343916) request_id=4085531 zil_blk_id=1853996 ccf_commit_seqno=4085531 nstreams_done_=463500 config.nstreams=1000000 avg_latency=0.5475 ms avg throuhgput (requests/sec) = 1037.2288 res=false
*==== INFO ====*  stream_id=1855996 latency=0.517177 ms (tx_ts=85194559297653, rx_ts=85194559814830) request_id=4089015 zil_blk_id=1855996 ccf_commit_seqno=4089016 nstreams_done_=464000 config.nstreams=1000000 avg_latency=0.5474 ms avg throuhgput (requests/sec) = 1037.1861 res=false
*==== INFO ====*  stream_id=1857996 latency=0.530723 ms (tx_ts=85195054282189, rx_ts=85195054812912) request_id=4092501 zil_blk_id=1857996 ccf_commit_seqno=4092501 nstreams_done_=464500 config.nstreams=1000000 avg_latency=0.5474 ms avg throuhgput (requests/sec) = 1037.1562 res=false
*==== INFO ====*  stream_id=1859996 latency=0.471652 ms (tx_ts=85195553940244, rx_ts=85195554411896) request_id=4096069 zil_blk_id=1859996 ccf_commit_seqno=4096069 nstreams_done_=465000 config.nstreams=1000000 avg_latency=0.5474 ms avg throuhgput (requests/sec) = 1037.1157 res=false
*==== INFO ====*  stream_id=1861996 latency=0.581437 ms (tx_ts=85196020784408, rx_ts=85196021365845) request_id=4099340 zil_blk_id=1861996 ccf_commit_seqno=4099340 nstreams_done_=465500 config.nstreams=1000000 avg_latency=0.5474 ms avg throuhgput (requests/sec) = 1037.1507 res=false
*==== INFO ====*  stream_id=1863996 latency=0.585442 ms (tx_ts=85196488236369, rx_ts=85196488821811) request_id=4102617 zil_blk_id=1863996 ccf_commit_seqno=4102618 nstreams_done_=466000 config.nstreams=1000000 avg_latency=0.5474 ms avg throuhgput (requests/sec) = 1037.1844 res=false
*==== INFO ====*  stream_id=1865996 latency=0.643423 ms (tx_ts=85196943259968, rx_ts=85196943903391) request_id=4105812 zil_blk_id=1865996 ccf_commit_seqno=4105812 nstreams_done_=466500 config.nstreams=1000000 avg_latency=0.5473 ms avg throuhgput (requests/sec) = 1037.2467 res=false
*==== INFO ====*  stream_id=1867996 latency=0.500296 ms (tx_ts=85197410199173, rx_ts=85197410699469) request_id=4109092 zil_blk_id=1867996 ccf_commit_seqno=4109092 nstreams_done_=467000 config.nstreams=1000000 avg_latency=0.5473 ms avg throuhgput (requests/sec) = 1037.2818 res=false
*==== INFO ====*  stream_id=1869996 latency=0.593791 ms (tx_ts=85197897133778, rx_ts=85197897727569) request_id=4112448 zil_blk_id=1869996 ccf_commit_seqno=4112448 nstreams_done_=467500 config.nstreams=1000000 avg_latency=0.5473 ms avg throuhgput (requests/sec) = 1037.2703 res=false
*==== INFO ====*  stream_id=1871996 latency=0.571095 ms (tx_ts=85198393567077, rx_ts=85198394138172) request_id=4115780 zil_blk_id=1871996 ccf_commit_seqno=4115780 nstreams_done_=468000 config.nstreams=1000000 avg_latency=0.5473 ms avg throuhgput (requests/sec) = 1037.2373 res=false
*==== INFO ====*  stream_id=1873996 latency=0.449280 ms (tx_ts=85198853306431, rx_ts=85198853755711) request_id=4118999 zil_blk_id=1873996 ccf_commit_seqno=4118999 nstreams_done_=468500 config.nstreams=1000000 avg_latency=0.5473 ms avg throuhgput (requests/sec) = 1037.2888 res=false
*==== INFO ====*  stream_id=1875996 latency=0.506658 ms (tx_ts=85199334087148, rx_ts=85199334593806) request_id=4122324 zil_blk_id=1875996 ccf_commit_seqno=4122324 nstreams_done_=469000 config.nstreams=1000000 avg_latency=0.5473 ms avg throuhgput (requests/sec) = 1037.2915 res=false
*==== INFO ====*  stream_id=1877996 latency=0.502590 ms (tx_ts=85199815182206, rx_ts=85199815684796) request_id=4125665 zil_blk_id=1877996 ccf_commit_seqno=4125665 nstreams_done_=469500 config.nstreams=1000000 avg_latency=0.5473 ms avg throuhgput (requests/sec) = 1037.2937 res=false
*==== INFO ====*  stream_id=1879996 latency=0.461874 ms (tx_ts=85200273956375, rx_ts=85200274418249) request_id=4128862 zil_blk_id=1879996 ccf_commit_seqno=4128862 nstreams_done_=470000 config.nstreams=1000000 avg_latency=0.5473 ms avg throuhgput (requests/sec) = 1037.3470 res=false
*==== INFO ====*  stream_id=1881996 latency=0.444181 ms (tx_ts=85200745418435, rx_ts=85200745862616) request_id=4132199 zil_blk_id=1881996 ccf_commit_seqno=4132199 nstreams_done_=470500 config.nstreams=1000000 avg_latency=0.5473 ms avg throuhgput (requests/sec) = 1037.3711 res=false
*==== INFO ====*  stream_id=1883996 latency=0.459219 ms (tx_ts=85201223028843, rx_ts=85201223488062) request_id=4135494 zil_blk_id=1883996 ccf_commit_seqno=4135494 nstreams_done_=471000 config.nstreams=1000000 avg_latency=0.5472 ms avg throuhgput (requests/sec) = 1037.3811 res=false
*==== INFO ====*  stream_id=1885996 latency=0.492110 ms (tx_ts=85201673716005, rx_ts=85201674208115) request_id=4138768 zil_blk_id=1885996 ccf_commit_seqno=4138768 nstreams_done_=471500 config.nstreams=1000000 avg_latency=0.5472 ms avg throuhgput (requests/sec) = 1037.4524 res=false
*==== INFO ====*  stream_id=1887996 latency=0.475029 ms (tx_ts=85202141202760, rx_ts=85202141677789) request_id=4142089 zil_blk_id=1887996 ccf_commit_seqno=4142089 nstreams_done_=472000 config.nstreams=1000000 avg_latency=0.5472 ms avg throuhgput (requests/sec) = 1037.4855 res=false
*==== INFO ====*  stream_id=1889996 latency=0.597537 ms (tx_ts=85202609328161, rx_ts=85202609925698) request_id=4145412 zil_blk_id=1889996 ccf_commit_seqno=4145413 nstreams_done_=472500 config.nstreams=1000000 avg_latency=0.5471 ms avg throuhgput (requests/sec) = 1037.5166 res=false
*==== INFO ====*  stream_id=1891996 latency=0.497330 ms (tx_ts=85203080976155, rx_ts=85203081473485) request_id=4148758 zil_blk_id=1891996 ccf_commit_seqno=4148758 nstreams_done_=473000 config.nstreams=1000000 avg_latency=0.5471 ms avg throuhgput (requests/sec) = 1037.5402 res=false
*==== INFO ====*  stream_id=1893996 latency=0.514342 ms (tx_ts=85203559558210, rx_ts=85203560072552) request_id=4152048 zil_blk_id=1893996 ccf_commit_seqno=4152048 nstreams_done_=473500 config.nstreams=1000000 avg_latency=0.5471 ms avg throuhgput (requests/sec) = 1037.5478 res=false
*==== INFO ====*  stream_id=1895996 latency=0.485568 ms (tx_ts=85204016572083, rx_ts=85204017057651) request_id=4155290 zil_blk_id=1895996 ccf_commit_seqno=4155290 nstreams_done_=474000 config.nstreams=1000000 avg_latency=0.5471 ms avg throuhgput (requests/sec) = 1037.6044 res=false
*==== INFO ====*  stream_id=1897996 latency=0.556060 ms (tx_ts=85204496271795, rx_ts=85204496827855) request_id=4158604 zil_blk_id=1897996 ccf_commit_seqno=4158604 nstreams_done_=474500 config.nstreams=1000000 avg_latency=0.5471 ms avg throuhgput (requests/sec) = 1037.6092 res=false
*==== INFO ====*  stream_id=1899996 latency=1.551378 ms (tx_ts=85204978494203, rx_ts=85204980045581) request_id=4161997 zil_blk_id=1899996 ccf_commit_seqno=4161997 nstreams_done_=475000 config.nstreams=1000000 avg_latency=0.5471 ms avg throuhgput (requests/sec) = 1037.6061 res=false
*==== INFO ====*  stream_id=1901996 latency=0.567871 ms (tx_ts=85205478668840, rx_ts=85205479236711) request_id=4165412 zil_blk_id=1901996 ccf_commit_seqno=4165412 nstreams_done_=475500 config.nstreams=1000000 avg_latency=0.5471 ms avg throuhgput (requests/sec) = 1037.5669 res=false
*==== INFO ====*  stream_id=1903996 latency=0.532746 ms (tx_ts=85205940697107, rx_ts=85205941229853) request_id=4168639 zil_blk_id=1903996 ccf_commit_seqno=4168639 nstreams_done_=476000 config.nstreams=1000000 avg_latency=0.5470 ms avg throuhgput (requests/sec) = 1037.6119 res=false
*==== INFO ====*  stream_id=1905996 latency=0.456212 ms (tx_ts=85206395827433, rx_ts=85206396283645) request_id=4171785 zil_blk_id=1905996 ccf_commit_seqno=4171785 nstreams_done_=476500 config.nstreams=1000000 avg_latency=0.5470 ms avg throuhgput (requests/sec) = 1037.6725 res=false
*==== INFO ====*  stream_id=1907996 latency=0.544217 ms (tx_ts=85206900181409, rx_ts=85206900725626) request_id=4175242 zil_blk_id=1907996 ccf_commit_seqno=4175242 nstreams_done_=477000 config.nstreams=1000000 avg_latency=0.5470 ms avg throuhgput (requests/sec) = 1037.6215 res=false
*==== INFO ====*  stream_id=1909996 latency=0.457074 ms (tx_ts=85207361127114, rx_ts=85207361584188) request_id=4178403 zil_blk_id=1909996 ccf_commit_seqno=4178403 nstreams_done_=477500 config.nstreams=1000000 avg_latency=0.5470 ms avg throuhgput (requests/sec) = 1037.6689 res=false
*==== INFO ====*  stream_id=1911996 latency=0.490246 ms (tx_ts=85207831023850, rx_ts=85207831514096) request_id=4181543 zil_blk_id=1911996 ccf_commit_seqno=4181543 nstreams_done_=478000 config.nstreams=1000000 avg_latency=0.5470 ms avg throuhgput (requests/sec) = 1037.6958 res=false
*==== INFO ====*  stream_id=1913996 latency=0.633764 ms (tx_ts=85208326941804, rx_ts=85208327575568) request_id=4184908 zil_blk_id=1913996 ccf_commit_seqno=4184908 nstreams_done_=478500 config.nstreams=1000000 avg_latency=0.5470 ms avg throuhgput (requests/sec) = 1037.6638 res=false
*==== INFO ====*  stream_id=1915996 latency=0.541293 ms (tx_ts=85208805880033, rx_ts=85208806421326) request_id=4188128 zil_blk_id=1915996 ccf_commit_seqno=4188128 nstreams_done_=479000 config.nstreams=1000000 avg_latency=0.5470 ms avg throuhgput (requests/sec) = 1037.6705 res=false
*==== INFO ====*  stream_id=1917996 latency=0.517287 ms (tx_ts=85209290086851, rx_ts=85209290604138) request_id=4191391 zil_blk_id=1917996 ccf_commit_seqno=4191391 nstreams_done_=479500 config.nstreams=1000000 avg_latency=0.5470 ms avg throuhgput (requests/sec) = 1037.6653 res=false
*==== INFO ====*  stream_id=1919996 latency=0.479126 ms (tx_ts=85209896916756, rx_ts=85209897395882) request_id=4194724 zil_blk_id=1919996 ccf_commit_seqno=4194724 nstreams_done_=480000 config.nstreams=1000000 avg_latency=0.5471 ms avg throuhgput (requests/sec) = 1037.3851 res=false
*==== INFO ====*  stream_id=1921996 latency=0.550830 ms (tx_ts=85210371542695, rx_ts=85210372093525) request_id=4198003 zil_blk_id=1921996 ccf_commit_seqno=4198004 nstreams_done_=480500 config.nstreams=1000000 avg_latency=0.5471 ms avg throuhgput (requests/sec) = 1037.4014 res=false
*==== INFO ====*  stream_id=1923996 latency=0.484286 ms (tx_ts=85210869798116, rx_ts=85210870282402) request_id=4201416 zil_blk_id=1923996 ccf_commit_seqno=4201416 nstreams_done_=481000 config.nstreams=1000000 avg_latency=0.5471 ms avg throuhgput (requests/sec) = 1037.3651 res=false
*==== INFO ====*  stream_id=1925996 latency=0.567412 ms (tx_ts=85211386477653, rx_ts=85211387045065) request_id=4204941 zil_blk_id=1925996 ccf_commit_seqno=4204941 nstreams_done_=481500 config.nstreams=1000000 avg_latency=0.5471 ms avg throuhgput (requests/sec) = 1037.2874 res=false
*==== INFO ====*  stream_id=1927996 latency=0.464188 ms (tx_ts=85211896043988, rx_ts=85211896508176) request_id=4208440 zil_blk_id=1927996 ccf_commit_seqno=4208440 nstreams_done_=482000 config.nstreams=1000000 avg_latency=0.5471 ms avg throuhgput (requests/sec) = 1037.2262 res=false
*==== INFO ====*  stream_id=1929996 latency=0.478255 ms (tx_ts=85212404029175, rx_ts=85212404507430) request_id=4211922 zil_blk_id=1929996 ccf_commit_seqno=4211922 nstreams_done_=482500 config.nstreams=1000000 avg_latency=0.5471 ms avg throuhgput (requests/sec) = 1037.1683 res=false
*==== INFO ====*  stream_id=1931996 latency=0.576147 ms (tx_ts=85212926265657, rx_ts=85212926841804) request_id=4215310 zil_blk_id=1931996 ccf_commit_seqno=4215310 nstreams_done_=483000 config.nstreams=1000000 avg_latency=0.5471 ms avg throuhgput (requests/sec) = 1037.0787 res=false
*==== INFO ====*  stream_id=1933996 latency=0.538016 ms (tx_ts=85213414166301, rx_ts=85213414704317) request_id=4218567 zil_blk_id=1933996 ccf_commit_seqno=4218567 nstreams_done_=483500 config.nstreams=1000000 avg_latency=0.5471 ms avg throuhgput (requests/sec) = 1037.0659 res=false
*==== INFO ====*  stream_id=1935996 latency=0.517337 ms (tx_ts=85213930401953, rx_ts=85213930919290) request_id=4222079 zil_blk_id=1935996 ccf_commit_seqno=4222079 nstreams_done_=484000 config.nstreams=1000000 avg_latency=0.5471 ms avg throuhgput (requests/sec) = 1036.9902 res=false
*==== INFO ====*  stream_id=1937996 latency=0.570374 ms (tx_ts=85214414103264, rx_ts=85214414673638) request_id=4225303 zil_blk_id=1937996 ccf_commit_seqno=4225303 nstreams_done_=484500 config.nstreams=1000000 avg_latency=0.5471 ms avg throuhgput (requests/sec) = 1036.9867 res=false
*==== INFO ====*  stream_id=1939996 latency=0.480499 ms (tx_ts=85214890303949, rx_ts=85214890784448) request_id=4228490 zil_blk_id=1939996 ccf_commit_seqno=4228490 nstreams_done_=485000 config.nstreams=1000000 avg_latency=0.5471 ms avg throuhgput (requests/sec) = 1037.0001 res=false
*==== INFO ====*  stream_id=1941996 latency=0.708224 ms (tx_ts=85215400996883, rx_ts=85215401705107) request_id=4231862 zil_blk_id=1941996 ccf_commit_seqno=4231863 nstreams_done_=485500 config.nstreams=1000000 avg_latency=0.5471 ms avg throuhgput (requests/sec) = 1036.9364 res=false
*==== INFO ====*  stream_id=1943996 latency=0.507309 ms (tx_ts=85215925639269, rx_ts=85215926146578) request_id=4235307 zil_blk_id=1943996 ccf_commit_seqno=4235307 nstreams_done_=486000 config.nstreams=1000000 avg_latency=0.5471 ms avg throuhgput (requests/sec) = 1036.8429 res=false
*==== INFO ====*  stream_id=1945996 latency=0.495246 ms (tx_ts=85216451250043, rx_ts=85216451745289) request_id=4238854 zil_blk_id=1945996 ccf_commit_seqno=4238854 nstreams_done_=486500 config.nstreams=1000000 avg_latency=0.5471 ms avg throuhgput (requests/sec) = 1036.7471 res=false
*==== INFO ====*  stream_id=1947996 latency=0.519621 ms (tx_ts=85216952324012, rx_ts=85216952843633) request_id=4242302 zil_blk_id=1947996 ccf_commit_seqno=4242302 nstreams_done_=487000 config.nstreams=1000000 avg_latency=0.5471 ms avg throuhgput (requests/sec) = 1036.7056 res=false
*==== INFO ====*  stream_id=1949996 latency=0.541072 ms (tx_ts=85217434145197, rx_ts=85217434686269) request_id=4245673 zil_blk_id=1949996 ccf_commit_seqno=4245673 nstreams_done_=487500 config.nstreams=1000000 avg_latency=0.5471 ms avg throuhgput (requests/sec) = 1036.7066 res=false
*==== INFO ====*  stream_id=1951996 latency=0.517658 ms (tx_ts=85217936273528, rx_ts=85217936791186) request_id=4249071 zil_blk_id=1951996 ccf_commit_seqno=4249071 nstreams_done_=488000 config.nstreams=1000000 avg_latency=0.5471 ms avg throuhgput (requests/sec) = 1036.6629 res=false
*==== INFO ====*  stream_id=1953996 latency=0.594161 ms (tx_ts=85218473596250, rx_ts=85218474190411) request_id=4252476 zil_blk_id=1953996 ccf_commit_seqno=4252477 nstreams_done_=488500 config.nstreams=1000000 avg_latency=0.5471 ms avg throuhgput (requests/sec) = 1036.5418 res=false
*==== INFO ====*  stream_id=1955996 latency=0.485619 ms (tx_ts=85219038815877, rx_ts=85219039301496) request_id=4256001 zil_blk_id=1955996 ccf_commit_seqno=4256001 nstreams_done_=489000 config.nstreams=1000000 avg_latency=0.5472 ms avg throuhgput (requests/sec) = 1036.3600 res=false
*==== INFO ====*  stream_id=1957996 latency=0.519963 ms (tx_ts=85219558029889, rx_ts=85219558549852) request_id=4259565 zil_blk_id=1957996 ccf_commit_seqno=4259565 nstreams_done_=489500 config.nstreams=1000000 avg_latency=0.5472 ms avg throuhgput (requests/sec) = 1036.2793 res=false
*==== INFO ====*  stream_id=1959996 latency=0.460922 ms (tx_ts=85220088718789, rx_ts=85220089179711) request_id=4263078 zil_blk_id=1959996 ccf_commit_seqno=4263078 nstreams_done_=490000 config.nstreams=1000000 avg_latency=0.5472 ms avg throuhgput (requests/sec) = 1036.1738 res=false
*==== INFO ====*  stream_id=1961996 latency=0.504884 ms (tx_ts=85220603681180, rx_ts=85220604186064) request_id=4266537 zil_blk_id=1961996 ccf_commit_seqno=4266537 nstreams_done_=490500 config.nstreams=1000000 avg_latency=0.5472 ms avg throuhgput (requests/sec) = 1036.1028 res=false
*==== INFO ====*  stream_id=1963996 latency=0.476792 ms (tx_ts=85221110733065, rx_ts=85221111209857) request_id=4270021 zil_blk_id=1963996 ccf_commit_seqno=4270021 nstreams_done_=491000 config.nstreams=1000000 avg_latency=0.5472 ms avg throuhgput (requests/sec) = 1036.0493 res=false
*==== INFO ====*  stream_id=1965996 latency=0.525352 ms (tx_ts=85221609148485, rx_ts=85221609673837) request_id=4273460 zil_blk_id=1965996 ccf_commit_seqno=4273460 nstreams_done_=491500 config.nstreams=1000000 avg_latency=0.5472 ms avg throuhgput (requests/sec) = 1036.0147 res=false
*==== INFO ====*  stream_id=1967996 latency=0.495507 ms (tx_ts=85222166124915, rx_ts=85222166620422) request_id=4277149 zil_blk_id=1967996 ccf_commit_seqno=4277149 nstreams_done_=492000 config.nstreams=1000000 avg_latency=0.5472 ms avg throuhgput (requests/sec) = 1035.8526 res=false
*==== INFO ====*  stream_id=1969996 latency=0.500296 ms (tx_ts=85222707846809, rx_ts=85222708347105) request_id=4280676 zil_blk_id=1969996 ccf_commit_seqno=4280676 nstreams_done_=492500 config.nstreams=1000000 avg_latency=0.5473 ms avg throuhgput (requests/sec) = 1035.7240 res=false
*==== INFO ====*  stream_id=1971996 latency=0.510605 ms (tx_ts=85223229390900, rx_ts=85223229901505) request_id=4284170 zil_blk_id=1971996 ccf_commit_seqno=4284170 nstreams_done_=493000 config.nstreams=1000000 avg_latency=0.5473 ms avg throuhgput (requests/sec) = 1035.6395 res=false
*==== INFO ====*  stream_id=1973996 latency=0.500897 ms (tx_ts=85223740168758, rx_ts=85223740669655) request_id=4287708 zil_blk_id=1973996 ccf_commit_seqno=4287708 nstreams_done_=493500 config.nstreams=1000000 avg_latency=0.5473 ms avg throuhgput (requests/sec) = 1035.5787 res=false
*==== INFO ====*  stream_id=1975996 latency=0.486239 ms (tx_ts=85224233638209, rx_ts=85224234124448) request_id=4291134 zil_blk_id=1975996 ccf_commit_seqno=4291134 nstreams_done_=494000 config.nstreams=1000000 avg_latency=0.5473 ms avg throuhgput (requests/sec) = 1035.5557 res=false
*==== INFO ====*  stream_id=1977996 latency=0.507579 ms (tx_ts=85224729639210, rx_ts=85224730146789) request_id=4294565 zil_blk_id=1977996 ccf_commit_seqno=4294565 nstreams_done_=494500 config.nstreams=1000000 avg_latency=0.5473 ms avg throuhgput (requests/sec) = 1035.5271 res=false
*==== INFO ====*  stream_id=1979996 latency=0.901646 ms (tx_ts=85225236779790, rx_ts=85225237681436) request_id=4298049 zil_blk_id=1979996 ccf_commit_seqno=4298049 nstreams_done_=495000 config.nstreams=1000000 avg_latency=0.5473 ms avg throuhgput (requests/sec) = 1035.4736 res=false
*==== INFO ====*  stream_id=1981996 latency=0.510625 ms (tx_ts=85225780884720, rx_ts=85225781395345) request_id=4301591 zil_blk_id=1981996 ccf_commit_seqno=4301591 nstreams_done_=495500 config.nstreams=1000000 avg_latency=0.5473 ms avg throuhgput (requests/sec) = 1035.3419 res=false
*==== INFO ====*  stream_id=1983996 latency=0.514933 ms (tx_ts=85226246649719, rx_ts=85226247164652) request_id=4304843 zil_blk_id=1983996 ccf_commit_seqno=4304843 nstreams_done_=496000 config.nstreams=1000000 avg_latency=0.5473 ms avg throuhgput (requests/sec) = 1035.3790 res=false
*==== INFO ====*  stream_id=1985996 latency=0.477814 ms (tx_ts=85226718235520, rx_ts=85226718713334) request_id=4308126 zil_blk_id=1985996 ccf_commit_seqno=4308126 nstreams_done_=496500 config.nstreams=1000000 avg_latency=0.5473 ms avg throuhgput (requests/sec) = 1035.4036 res=false
*==== INFO ====*  stream_id=1987996 latency=0.486971 ms (tx_ts=85227186203920, rx_ts=85227186690891) request_id=4311365 zil_blk_id=1987996 ccf_commit_seqno=4311365 nstreams_done_=497000 config.nstreams=1000000 avg_latency=0.5473 ms avg throuhgput (requests/sec) = 1035.4358 res=false
*==== INFO ====*  stream_id=1989996 latency=0.491389 ms (tx_ts=85227658599686, rx_ts=85227659091075) request_id=4314689 zil_blk_id=1989996 ccf_commit_seqno=4314689 nstreams_done_=497500 config.nstreams=1000000 avg_latency=0.5473 ms avg throuhgput (requests/sec) = 1035.4584 res=false
*==== INFO ====*  stream_id=1991996 latency=0.487873 ms (tx_ts=85228141783161, rx_ts=85228142271034) request_id=4318038 zil_blk_id=1991996 ccf_commit_seqno=4318038 nstreams_done_=498000 config.nstreams=1000000 avg_latency=0.5473 ms avg throuhgput (requests/sec) = 1035.4577 res=false
*==== INFO ====*  stream_id=1993996 latency=0.489685 ms (tx_ts=85228634153574, rx_ts=85228634643259) request_id=4321318 zil_blk_id=1993996 ccf_commit_seqno=4321318 nstreams_done_=498500 config.nstreams=1000000 avg_latency=0.5473 ms avg throuhgput (requests/sec) = 1035.4373 res=false
*==== INFO ====*  stream_id=1995996 latency=0.504684 ms (tx_ts=85229118229257, rx_ts=85229118733941) request_id=4324676 zil_blk_id=1995996 ccf_commit_seqno=4324676 nstreams_done_=499000 config.nstreams=1000000 avg_latency=0.5473 ms avg throuhgput (requests/sec) = 1035.4347 res=false
*==== INFO ====*  stream_id=1997996 latency=0.467505 ms (tx_ts=85229635822677, rx_ts=85229636290182) request_id=4328219 zil_blk_id=1997996 ccf_commit_seqno=4328219 nstreams_done_=499500 config.nstreams=1000000 avg_latency=0.5473 ms avg throuhgput (requests/sec) = 1035.3603 res=false
*==== INFO ====*  stream_id=1999996 latency=0.570317 ms (tx_ts=85230171382125, rx_ts=85230171952442) request_id=4331873 zil_blk_id=1999996 ccf_commit_seqno=4331873 nstreams_done_=500000 config.nstreams=1000000 avg_latency=0.5473 ms avg throuhgput (requests/sec) = 1035.2473 res=false
*==== INFO ====*  stream_id=2001996 latency=0.473485 ms (tx_ts=85230685345122, rx_ts=85230685818607) request_id=4335405 zil_blk_id=2001996 ccf_commit_seqno=4335405 nstreams_done_=500500 config.nstreams=1000000 avg_latency=0.5473 ms avg throuhgput (requests/sec) = 1035.1811 res=false
*==== INFO ====*  stream_id=2003996 latency=0.473476 ms (tx_ts=85231196949380, rx_ts=85231197422856) request_id=4338836 zil_blk_id=2003996 ccf_commit_seqno=4338836 nstreams_done_=501000 config.nstreams=1000000 avg_latency=0.5473 ms avg throuhgput (requests/sec) = 1035.1200 res=false
*==== INFO ====*  stream_id=2005996 latency=0.639727 ms (tx_ts=85231670312885, rx_ts=85231670952612) request_id=4342207 zil_blk_id=2005996 ccf_commit_seqno=4342208 nstreams_done_=501500 config.nstreams=1000000 avg_latency=0.5472 ms avg throuhgput (requests/sec) = 1035.1403 res=false
*==== INFO ====*  stream_id=2007996 latency=0.530452 ms (tx_ts=85232171492261, rx_ts=85232172022713) request_id=4345616 zil_blk_id=2007996 ccf_commit_seqno=4345616 nstreams_done_=502000 config.nstreams=1000000 avg_latency=0.5472 ms avg throuhgput (requests/sec) = 1035.1017 res=false
*==== INFO ====*  stream_id=2009996 latency=0.481440 ms (tx_ts=85232667708178, rx_ts=85232668189618) request_id=4349016 zil_blk_id=2009996 ccf_commit_seqno=4349016 nstreams_done_=502500 config.nstreams=1000000 avg_latency=0.5471 ms avg throuhgput (requests/sec) = 1035.0738 res=false
*==== INFO ====*  stream_id=2011996 latency=0.591145 ms (tx_ts=85233196746601, rx_ts=85233197337746) request_id=4352585 zil_blk_id=2011996 ccf_commit_seqno=4352585 nstreams_done_=503000 config.nstreams=1000000 avg_latency=0.5471 ms avg throuhgput (requests/sec) = 1034.9756 res=false
*==== INFO ====*  stream_id=2013996 latency=0.441957 ms (tx_ts=85233740285127, rx_ts=85233740727084) request_id=4356239 zil_blk_id=2013996 ccf_commit_seqno=4356239 nstreams_done_=503500 config.nstreams=1000000 avg_latency=0.5472 ms avg throuhgput (requests/sec) = 1034.8474 res=false
*==== INFO ====*  stream_id=2015996 latency=0.570567 ms (tx_ts=85234243589287, rx_ts=85234244159854) request_id=4359700 zil_blk_id=2015996 ccf_commit_seqno=4359700 nstreams_done_=504000 config.nstreams=1000000 avg_latency=0.5471 ms avg throuhgput (requests/sec) = 1034.8043 res=false
*==== INFO ====*  stream_id=2017996 latency=0.543507 ms (tx_ts=85234751536809, rx_ts=85234752080316) request_id=4363124 zil_blk_id=2017996 ccf_commit_seqno=4363124 nstreams_done_=504500 config.nstreams=1000000 avg_latency=0.5471 ms avg throuhgput (requests/sec) = 1034.7518 res=false
*==== INFO ====*  stream_id=2019996 latency=1.961599 ms (tx_ts=85235244285749, rx_ts=85235246247348) request_id=4366580 zil_blk_id=2019996 ccf_commit_seqno=4366580 nstreams_done_=505000 config.nstreams=1000000 avg_latency=0.5471 ms avg throuhgput (requests/sec) = 1034.7286 res=false
*==== INFO ====*  stream_id=2021996 latency=0.590334 ms (tx_ts=85235770094543, rx_ts=85235770684877) request_id=4370145 zil_blk_id=2021996 ccf_commit_seqno=4370145 nstreams_done_=505500 config.nstreams=1000000 avg_latency=0.5471 ms avg throuhgput (requests/sec) = 1034.6413 res=false
*==== INFO ====*  stream_id=2023996 latency=0.564626 ms (tx_ts=85236271314915, rx_ts=85236271879541) request_id=4373598 zil_blk_id=2023996 ccf_commit_seqno=4373598 nstreams_done_=506000 config.nstreams=1000000 avg_latency=0.5470 ms avg throuhgput (requests/sec) = 1034.6033 res=false
*==== INFO ====*  stream_id=2025996 latency=0.485327 ms (tx_ts=85236749554258, rx_ts=85236750039585) request_id=4376899 zil_blk_id=2025996 ccf_commit_seqno=4376899 nstreams_done_=506500 config.nstreams=1000000 avg_latency=0.5470 ms avg throuhgput (requests/sec) = 1034.6141 res=false
*==== INFO ====*  stream_id=2027996 latency=0.541463 ms (tx_ts=85237252881677, rx_ts=85237253423140) request_id=4380314 zil_blk_id=2027996 ccf_commit_seqno=4380314 nstreams_done_=507000 config.nstreams=1000000 avg_latency=0.5470 ms avg throuhgput (requests/sec) = 1034.5717 res=false
*==== INFO ====*  stream_id=2029996 latency=0.521956 ms (tx_ts=85237716501855, rx_ts=85237717023811) request_id=4383599 zil_blk_id=2029996 ccf_commit_seqno=4383599 nstreams_done_=507500 config.nstreams=1000000 avg_latency=0.5470 ms avg throuhgput (requests/sec) = 1034.6132 res=false
*==== INFO ====*  stream_id=2031996 latency=0.458317 ms (tx_ts=85238177662483, rx_ts=85238178120800) request_id=4386846 zil_blk_id=2031996 ccf_commit_seqno=4386846 nstreams_done_=508000 config.nstreams=1000000 avg_latency=0.5469 ms avg throuhgput (requests/sec) = 1034.6599 res=false
*==== INFO ====*  stream_id=2033996 latency=0.466913 ms (tx_ts=85238645720520, rx_ts=85238646187433) request_id=4390124 zil_blk_id=2033996 ccf_commit_seqno=4390124 nstreams_done_=508500 config.nstreams=1000000 avg_latency=0.5469 ms avg throuhgput (requests/sec) = 1034.6919 res=false
*==== INFO ====*  stream_id=2035996 latency=0.557663 ms (tx_ts=85239122190396, rx_ts=85239122748059) request_id=4393413 zil_blk_id=2035996 ccf_commit_seqno=4393413 nstreams_done_=509000 config.nstreams=1000000 avg_latency=0.5469 ms avg throuhgput (requests/sec) = 1034.7059 res=false
*==== INFO ====*  stream_id=2037996 latency=0.524260 ms (tx_ts=85239608256498, rx_ts=85239608780758) request_id=4396754 zil_blk_id=2037996 ccf_commit_seqno=4396754 nstreams_done_=509500 config.nstreams=1000000 avg_latency=0.5468 ms avg throuhgput (requests/sec) = 1034.7001 res=false
*==== INFO ====*  stream_id=2039996 latency=0.772554 ms (tx_ts=85240086508758, rx_ts=85240087281312) request_id=4400044 zil_blk_id=2039996 ccf_commit_seqno=4400044 nstreams_done_=510000 config.nstreams=1000000 avg_latency=0.5468 ms avg throuhgput (requests/sec) = 1034.7100 res=false
*==== INFO ====*  stream_id=2041996 latency=0.482423 ms (tx_ts=85240558225716, rx_ts=85240558708139) request_id=4403289 zil_blk_id=2041996 ccf_commit_seqno=4403289 nstreams_done_=510500 config.nstreams=1000000 avg_latency=0.5468 ms avg throuhgput (requests/sec) = 1034.7347 res=false
*==== INFO ====*  stream_id=2043996 latency=0.492541 ms (tx_ts=85241074485604, rx_ts=85241074978145) request_id=4406785 zil_blk_id=2043996 ccf_commit_seqno=4406785 nstreams_done_=511000 config.nstreams=1000000 avg_latency=0.5469 ms avg throuhgput (requests/sec) = 1034.6655 res=false
*==== INFO ====*  stream_id=2045996 latency=0.463397 ms (tx_ts=85241547879098, rx_ts=85241548342495) request_id=4410064 zil_blk_id=2045996 ccf_commit_seqno=4410064 nstreams_done_=511500 config.nstreams=1000000 avg_latency=0.5468 ms avg throuhgput (requests/sec) = 1034.6862 res=false
*==== INFO ====*  stream_id=2047996 latency=0.563073 ms (tx_ts=85242014176622, rx_ts=85242014739695) request_id=4413308 zil_blk_id=2047996 ccf_commit_seqno=4413308 nstreams_done_=512000 config.nstreams=1000000 avg_latency=0.5468 ms avg throuhgput (requests/sec) = 1034.7214 res=false
*==== INFO ====*  stream_id=2049996 latency=0.652380 ms (tx_ts=85242489644245, rx_ts=85242490296625) request_id=4416629 zil_blk_id=2049996 ccf_commit_seqno=4416629 nstreams_done_=512500 config.nstreams=1000000 avg_latency=0.5468 ms avg throuhgput (requests/sec) = 1034.7374 res=false
*==== INFO ====*  stream_id=2051996 latency=0.602968 ms (tx_ts=85242955863252, rx_ts=85242956466220) request_id=4419845 zil_blk_id=2051996 ccf_commit_seqno=4419845 nstreams_done_=513000 config.nstreams=1000000 avg_latency=0.5467 ms avg throuhgput (requests/sec) = 1034.7730 res=false
*==== INFO ====*  stream_id=2053996 latency=0.527116 ms (tx_ts=85243429021606, rx_ts=85243429548722) request_id=4423089 zil_blk_id=2053996 ccf_commit_seqno=4423089 nstreams_done_=513500 config.nstreams=1000000 avg_latency=0.5467 ms avg throuhgput (requests/sec) = 1034.7941 res=false
*==== INFO ====*  stream_id=2055996 latency=0.475449 ms (tx_ts=85243907896728, rx_ts=85243908372177) request_id=4426378 zil_blk_id=2055996 ccf_commit_seqno=4426378 nstreams_done_=514000 config.nstreams=1000000 avg_latency=0.5467 ms avg throuhgput (requests/sec) = 1034.8032 res=false
*==== INFO ====*  stream_id=2057996 latency=0.514442 ms (tx_ts=85244363096158, rx_ts=85244363610600) request_id=4429588 zil_blk_id=2057996 ccf_commit_seqno=4429588 nstreams_done_=514500 config.nstreams=1000000 avg_latency=0.5467 ms avg throuhgput (requests/sec) = 1034.8613 res=false
*==== INFO ====*  stream_id=2059996 latency=0.494204 ms (tx_ts=85244832567869, rx_ts=85244833062073) request_id=4432854 zil_blk_id=2059996 ccf_commit_seqno=4432854 nstreams_done_=515000 config.nstreams=1000000 avg_latency=0.5466 ms avg throuhgput (requests/sec) = 1034.8898 res=false
*==== INFO ====*  stream_id=2061996 latency=0.485236 ms (tx_ts=85245316653174, rx_ts=85245317138410) request_id=4436197 zil_blk_id=2061996 ccf_commit_seqno=4436197 nstreams_done_=515500 config.nstreams=1000000 avg_latency=0.5466 ms avg throuhgput (requests/sec) = 1034.8879 res=false
*==== INFO ====*  stream_id=2063996 latency=0.551338 ms (tx_ts=85245812769301, rx_ts=85245813320639) request_id=4439553 zil_blk_id=2063996 ccf_commit_seqno=4439554 nstreams_done_=516000 config.nstreams=1000000 avg_latency=0.5466 ms avg throuhgput (requests/sec) = 1034.8608 res=false
*==== INFO ====*  stream_id=2065996 latency=0.551860 ms (tx_ts=85246312381763, rx_ts=85246312933623) request_id=4442960 zil_blk_id=2065996 ccf_commit_seqno=4442961 nstreams_done_=516500 config.nstreams=1000000 avg_latency=0.5466 ms avg throuhgput (requests/sec) = 1034.8267 res=false
*==== INFO ====*  stream_id=2067996 latency=0.488572 ms (tx_ts=85246790356183, rx_ts=85246790844755) request_id=4446246 zil_blk_id=2067996 ccf_commit_seqno=4446246 nstreams_done_=517000 config.nstreams=1000000 avg_latency=0.5466 ms avg throuhgput (requests/sec) = 1034.8376 res=false
*==== INFO ====*  stream_id=2069996 latency=0.509110 ms (tx_ts=85247263220320, rx_ts=85247263729430) request_id=4449546 zil_blk_id=2069996 ccf_commit_seqno=4449546 nstreams_done_=517500 config.nstreams=1000000 avg_latency=0.5466 ms avg throuhgput (requests/sec) = 1034.8589 res=false
*==== INFO ====*  stream_id=2071996 latency=0.508549 ms (tx_ts=85247743579973, rx_ts=85247744088522) request_id=4452864 zil_blk_id=2071996 ccf_commit_seqno=4452864 nstreams_done_=518000 config.nstreams=1000000 avg_latency=0.5466 ms avg throuhgput (requests/sec) = 1034.8647 res=false
*==== INFO ====*  stream_id=2073996 latency=0.531301 ms (tx_ts=85248237396226, rx_ts=85248237927527) request_id=4456304 zil_blk_id=2073996 ccf_commit_seqno=4456304 nstreams_done_=518500 config.nstreams=1000000 avg_latency=0.5466 ms avg throuhgput (requests/sec) = 1034.8426 res=false
*==== INFO ====*  stream_id=2075996 latency=0.541172 ms (tx_ts=85248703057973, rx_ts=85248703599145) request_id=4459616 zil_blk_id=2075996 ccf_commit_seqno=4459616 nstreams_done_=519000 config.nstreams=1000000 avg_latency=0.5465 ms avg throuhgput (requests/sec) = 1034.8787 res=false
*==== INFO ====*  stream_id=2077996 latency=0.458878 ms (tx_ts=85249171668126, rx_ts=85249172127004) request_id=4462866 zil_blk_id=2077996 ccf_commit_seqno=4462866 nstreams_done_=519500 config.nstreams=1000000 avg_latency=0.5465 ms avg throuhgput (requests/sec) = 1034.9088 res=false
*==== INFO ====*  stream_id=2079996 latency=0.444702 ms (tx_ts=85249662238322, rx_ts=85249662683024) request_id=4466199 zil_blk_id=2079996 ccf_commit_seqno=4466199 nstreams_done_=520000 config.nstreams=1000000 avg_latency=0.5465 ms avg throuhgput (requests/sec) = 1034.8935 res=false
*==== INFO ====*  stream_id=2081996 latency=0.461683 ms (tx_ts=85250135736119, rx_ts=85250136197802) request_id=4469466 zil_blk_id=2081996 ccf_commit_seqno=4469466 nstreams_done_=520500 config.nstreams=1000000 avg_latency=0.5465 ms avg throuhgput (requests/sec) = 1034.9134 res=false
*==== INFO ====*  stream_id=2083996 latency=0.556260 ms (tx_ts=85250612020977, rx_ts=85250612577237) request_id=4472776 zil_blk_id=2083996 ccf_commit_seqno=4472776 nstreams_done_=521000 config.nstreams=1000000 avg_latency=0.5465 ms avg throuhgput (requests/sec) = 1034.9272 res=false
*==== INFO ====*  stream_id=2085996 latency=0.497079 ms (tx_ts=85251088925394, rx_ts=85251089422473) request_id=4476082 zil_blk_id=2085996 ccf_commit_seqno=4476082 nstreams_done_=521500 config.nstreams=1000000 avg_latency=0.5465 ms avg throuhgput (requests/sec) = 1034.9401 res=false
*==== INFO ====*  stream_id=2087996 latency=0.496018 ms (tx_ts=85251565889412, rx_ts=85251566385430) request_id=4479414 zil_blk_id=2087996 ccf_commit_seqno=4479414 nstreams_done_=522000 config.nstreams=1000000 avg_latency=0.5464 ms avg throuhgput (requests/sec) = 1034.9528 res=false
*==== INFO ====*  stream_id=2089996 latency=0.596986 ms (tx_ts=85252058905028, rx_ts=85252059502014) request_id=4482819 zil_blk_id=2089996 ccf_commit_seqno=4482819 nstreams_done_=522500 config.nstreams=1000000 avg_latency=0.5464 ms avg throuhgput (requests/sec) = 1034.9323 res=false
*==== INFO ====*  stream_id=2091996 latency=0.508080 ms (tx_ts=85252549971458, rx_ts=85252550479538) request_id=4486238 zil_blk_id=2091996 ccf_commit_seqno=4486238 nstreams_done_=523000 config.nstreams=1000000 avg_latency=0.5464 ms avg throuhgput (requests/sec) = 1034.9162 res=false
*==== INFO ====*  stream_id=2093996 latency=0.480499 ms (tx_ts=85253043057002, rx_ts=85253043537501) request_id=4489457 zil_blk_id=2093996 ccf_commit_seqno=4489457 nstreams_done_=523500 config.nstreams=1000000 avg_latency=0.5464 ms avg throuhgput (requests/sec) = 1034.8959 res=false
*==== INFO ====*  stream_id=2095996 latency=0.493363 ms (tx_ts=85253527926959, rx_ts=85253528420322) request_id=4492779 zil_blk_id=2095996 ccf_commit_seqno=4492779 nstreams_done_=524000 config.nstreams=1000000 avg_latency=0.5464 ms avg throuhgput (requests/sec) = 1034.8923 res=false
*==== INFO ====*  stream_id=2097996 latency=0.506548 ms (tx_ts=85254018326431, rx_ts=85254018832979) request_id=4496129 zil_blk_id=2097996 ccf_commit_seqno=4496129 nstreams_done_=524500 config.nstreams=1000000 avg_latency=0.5464 ms avg throuhgput (requests/sec) = 1034.8775 res=false
*==== INFO ====*  stream_id=2099996 latency=0.649585 ms (tx_ts=85254483210816, rx_ts=85254483860401) request_id=4499368 zil_blk_id=2099996 ccf_commit_seqno=4499368 nstreams_done_=525000 config.nstreams=1000000 avg_latency=0.5464 ms avg throuhgput (requests/sec) = 1034.9144 res=false
*==== INFO ====*  stream_id=2101996 latency=0.467965 ms (tx_ts=85254958114133, rx_ts=85254958582098) request_id=4502686 zil_blk_id=2101996 ccf_commit_seqno=4502686 nstreams_done_=525500 config.nstreams=1000000 avg_latency=0.5464 ms avg throuhgput (requests/sec) = 1034.9316 res=false
*==== INFO ====*  stream_id=2103996 latency=0.481671 ms (tx_ts=85255461091260, rx_ts=85255461572931) request_id=4506170 zil_blk_id=2103996 ccf_commit_seqno=4506170 nstreams_done_=526000 config.nstreams=1000000 avg_latency=0.5463 ms avg throuhgput (requests/sec) = 1034.8911 res=false
*==== INFO ====*  stream_id=2105996 latency=0.498312 ms (tx_ts=85255966617293, rx_ts=85255967115605) request_id=4509655 zil_blk_id=2105996 ccf_commit_seqno=4509655 nstreams_done_=526500 config.nstreams=1000000 avg_latency=0.5463 ms avg throuhgput (requests/sec) = 1034.8456 res=false
*==== INFO ====*  stream_id=2107996 latency=0.467655 ms (tx_ts=85256461515479, rx_ts=85256461983134) request_id=4513127 zil_blk_id=2107996 ccf_commit_seqno=4513127 nstreams_done_=527000 config.nstreams=1000000 avg_latency=0.5463 ms avg throuhgput (requests/sec) = 1034.8218 res=false
*==== INFO ====*  stream_id=2109996 latency=0.481320 ms (tx_ts=85256956124387, rx_ts=85256956605707) request_id=4516601 zil_blk_id=2109996 ccf_commit_seqno=4516601 nstreams_done_=527500 config.nstreams=1000000 avg_latency=0.5463 ms avg throuhgput (requests/sec) = 1034.7985 res=false
*==== INFO ====*  stream_id=2111996 latency=0.525042 ms (tx_ts=85257446540831, rx_ts=85257447065873) request_id=4520031 zil_blk_id=2111996 ccf_commit_seqno=4520031 nstreams_done_=528000 config.nstreams=1000000 avg_latency=0.5463 ms avg throuhgput (requests/sec) = 1034.7838 res=false
*==== INFO ====*  stream_id=2113996 latency=0.545320 ms (tx_ts=85257935569158, rx_ts=85257936114478) request_id=4523436 zil_blk_id=2113996 ccf_commit_seqno=4523436 nstreams_done_=528500 config.nstreams=1000000 avg_latency=0.5463 ms avg throuhgput (requests/sec) = 1034.7719 res=false
*==== INFO ====*  stream_id=2115996 latency=0.513451 ms (tx_ts=85258409366301, rx_ts=85258409879752) request_id=4526743 zil_blk_id=2115996 ccf_commit_seqno=4526743 nstreams_done_=529000 config.nstreams=1000000 avg_latency=0.5463 ms avg throuhgput (requests/sec) = 1034.7910 res=false
*==== INFO ====*  stream_id=2117996 latency=0.592318 ms (tx_ts=85258903100750, rx_ts=85258903693068) request_id=4530137 zil_blk_id=2117996 ccf_commit_seqno=4530137 nstreams_done_=529500 config.nstreams=1000000 avg_latency=0.5462 ms avg throuhgput (requests/sec) = 1034.7695 res=false
*==== INFO ====*  stream_id=2119996 latency=0.477213 ms (tx_ts=85259410742391, rx_ts=85259411219604) request_id=4533617 zil_blk_id=2119996 ccf_commit_seqno=4533617 nstreams_done_=530000 config.nstreams=1000000 avg_latency=0.5462 ms avg throuhgput (requests/sec) = 1034.7204 res=false
*==== INFO ====*  stream_id=2121996 latency=0.673390 ms (tx_ts=85259917833312, rx_ts=85259918506702) request_id=4537062 zil_blk_id=2121996 ccf_commit_seqno=4537062 nstreams_done_=530500 config.nstreams=1000000 avg_latency=0.5462 ms avg throuhgput (requests/sec) = 1034.6718 res=false
*==== INFO ====*  stream_id=2123996 latency=0.530873 ms (tx_ts=85260440506130, rx_ts=85260441037003) request_id=4540605 zil_blk_id=2123996 ccf_commit_seqno=4540605 nstreams_done_=531000 config.nstreams=1000000 avg_latency=0.5462 ms avg throuhgput (requests/sec) = 1034.5926 res=false
*==== INFO ====*  stream_id=2125996 latency=0.507099 ms (tx_ts=85260944123772, rx_ts=85260944630871) request_id=4543997 zil_blk_id=2125996 ccf_commit_seqno=4543997 nstreams_done_=531500 config.nstreams=1000000 avg_latency=0.5462 ms avg throuhgput (requests/sec) = 1034.5517 res=false
*==== INFO ====*  stream_id=2127996 latency=0.461893 ms (tx_ts=85261430342905, rx_ts=85261430804798) request_id=4547229 zil_blk_id=2127996 ccf_commit_seqno=4547229 nstreams_done_=532000 config.nstreams=1000000 avg_latency=0.5462 ms avg throuhgput (requests/sec) = 1034.5459 res=false
*==== INFO ====*  stream_id=2129996 latency=0.509963 ms (tx_ts=85261921461998, rx_ts=85261921971961) request_id=4550547 zil_blk_id=2129996 ccf_commit_seqno=4550547 nstreams_done_=532500 config.nstreams=1000000 avg_latency=0.5462 ms avg throuhgput (requests/sec) = 1034.5301 res=false
*==== INFO ====*  stream_id=2131996 latency=0.453809 ms (tx_ts=85262385281710, rx_ts=85262385735519) request_id=4553678 zil_blk_id=2131996 ccf_commit_seqno=4553678 nstreams_done_=533000 config.nstreams=1000000 avg_latency=0.5462 ms avg throuhgput (requests/sec) = 1034.5694 res=false
*==== INFO ====*  stream_id=2133996 latency=0.526034 ms (tx_ts=85262912872952, rx_ts=85262913398986) request_id=4556977 zil_blk_id=2133996 ccf_commit_seqno=4556977 nstreams_done_=533500 config.nstreams=1000000 avg_latency=0.5462 ms avg throuhgput (requests/sec) = 1034.4804 res=false
*==== INFO ====*  stream_id=2135996 latency=0.469287 ms (tx_ts=85263436793424, rx_ts=85263437262711) request_id=4560453 zil_blk_id=2135996 ccf_commit_seqno=4560453 nstreams_done_=534000 config.nstreams=1000000 avg_latency=0.5462 ms avg throuhgput (requests/sec) = 1034.3992 res=false
*==== INFO ====*  stream_id=2137996 latency=0.518800 ms (tx_ts=85263910122860, rx_ts=85263910641660) request_id=4563769 zil_blk_id=2137996 ccf_commit_seqno=4563769 nstreams_done_=534500 config.nstreams=1000000 avg_latency=0.5462 ms avg throuhgput (requests/sec) = 1034.4192 res=false
*==== INFO ====*  stream_id=2139996 latency=0.545069 ms (tx_ts=85264422487475, rx_ts=85264423032544) request_id=4567245 zil_blk_id=2139996 ccf_commit_seqno=4567245 nstreams_done_=535000 config.nstreams=1000000 avg_latency=0.5461 ms avg throuhgput (requests/sec) = 1034.3611 res=false
*==== INFO ====*  stream_id=2141996 latency=0.623145 ms (tx_ts=85264904766554, rx_ts=85264905389699) request_id=4570580 zil_blk_id=2141996 ccf_commit_seqno=4570581 nstreams_done_=535500 config.nstreams=1000000 avg_latency=0.5461 ms avg throuhgput (requests/sec) = 1034.3632 res=false
*==== INFO ====*  stream_id=2143996 latency=0.499223 ms (tx_ts=85265372925942, rx_ts=85265373425165) request_id=4573824 zil_blk_id=2143996 ccf_commit_seqno=4573824 nstreams_done_=536000 config.nstreams=1000000 avg_latency=0.5461 ms avg throuhgput (requests/sec) = 1034.3938 res=false
*==== INFO ====*  stream_id=2145996 latency=0.644335 ms (tx_ts=85265886090750, rx_ts=85265886735085) request_id=4577262 zil_blk_id=2145996 ccf_commit_seqno=4577263 nstreams_done_=536500 config.nstreams=1000000 avg_latency=0.5461 ms avg throuhgput (requests/sec) = 1034.3341 res=false
*==== INFO ====*  stream_id=2147996 latency=0.534139 ms (tx_ts=85266359926082, rx_ts=85266360460221) request_id=4580562 zil_blk_id=2147996 ccf_commit_seqno=4580562 nstreams_done_=537000 config.nstreams=1000000 avg_latency=0.5461 ms avg throuhgput (requests/sec) = 1034.3534 res=false
*==== INFO ====*  stream_id=2149996 latency=0.469748 ms (tx_ts=85266838517728, rx_ts=85266838987476) request_id=4583876 zil_blk_id=2149996 ccf_commit_seqno=4583876 nstreams_done_=537500 config.nstreams=1000000 avg_latency=0.5461 ms avg throuhgput (requests/sec) = 1034.3631 res=false
*==== INFO ====*  stream_id=2151996 latency=0.490598 ms (tx_ts=85267315454259, rx_ts=85267315944857) request_id=4587114 zil_blk_id=2151996 ccf_commit_seqno=4587114 nstreams_done_=538000 config.nstreams=1000000 avg_latency=0.5461 ms avg throuhgput (requests/sec) = 1034.3759 res=false
*==== INFO ====*  stream_id=2153996 latency=0.601575 ms (tx_ts=85267810312494, rx_ts=85267810914069) request_id=4590506 zil_blk_id=2153996 ccf_commit_seqno=4590507 nstreams_done_=538500 config.nstreams=1000000 avg_latency=0.5461 ms avg throuhgput (requests/sec) = 1034.3529 res=false
*==== INFO ====*  stream_id=2155996 latency=0.505755 ms (tx_ts=85268295527757, rx_ts=85268296033512) request_id=4593903 zil_blk_id=2155996 ccf_commit_seqno=4593903 nstreams_done_=539000 config.nstreams=1000000 avg_latency=0.5461 ms avg throuhgput (requests/sec) = 1034.3494 res=false
*==== INFO ====*  stream_id=2157996 latency=0.527657 ms (tx_ts=85268781503521, rx_ts=85268782031178) request_id=4597274 zil_blk_id=2157996 ccf_commit_seqno=4597274 nstreams_done_=539500 config.nstreams=1000000 avg_latency=0.5461 ms avg throuhgput (requests/sec) = 1034.3443 res=false
*==== INFO ====*  stream_id=2159996 latency=0.520654 ms (tx_ts=85269278943501, rx_ts=85269279464155) request_id=4600589 zil_blk_id=2159996 ccf_commit_seqno=4600589 nstreams_done_=540000 config.nstreams=1000000 avg_latency=0.5461 ms avg throuhgput (requests/sec) = 1034.3165 res=false
*==== INFO ====*  stream_id=2161996 latency=0.493844 ms (tx_ts=85269783878074, rx_ts=85269784371918) request_id=4603912 zil_blk_id=2161996 ccf_commit_seqno=4603912 nstreams_done_=540500 config.nstreams=1000000 avg_latency=0.5461 ms avg throuhgput (requests/sec) = 1034.2739 res=false
*==== INFO ====*  stream_id=2163996 latency=0.460682 ms (tx_ts=85270268333468, rx_ts=85270268794150) request_id=4607161 zil_blk_id=2163996 ccf_commit_seqno=4607161 nstreams_done_=541000 config.nstreams=1000000 avg_latency=0.5461 ms avg throuhgput (requests/sec) = 1034.2720 res=false
*==== INFO ====*  stream_id=2165996 latency=0.537425 ms (tx_ts=85270751154905, rx_ts=85270751692330) request_id=4610389 zil_blk_id=2165996 ccf_commit_seqno=4610389 nstreams_done_=541500 config.nstreams=1000000 avg_latency=0.5460 ms avg throuhgput (requests/sec) = 1034.2730 res=false
*==== INFO ====*  stream_id=2167996 latency=0.523733 ms (tx_ts=85271218970760, rx_ts=85271219494493) request_id=4613601 zil_blk_id=2167996 ccf_commit_seqno=4613601 nstreams_done_=542000 config.nstreams=1000000 avg_latency=0.5460 ms avg throuhgput (requests/sec) = 1034.3039 res=false
*==== INFO ====*  stream_id=2169996 latency=0.511927 ms (tx_ts=85271693072293, rx_ts=85271693584220) request_id=4616796 zil_blk_id=2169996 ccf_commit_seqno=4616796 nstreams_done_=542500 config.nstreams=1000000 avg_latency=0.5460 ms avg throuhgput (requests/sec) = 1034.3223 res=false
*==== INFO ====*  stream_id=2171996 latency=0.470069 ms (tx_ts=85272167768912, rx_ts=85272168238981) request_id=4619985 zil_blk_id=2171996 ccf_commit_seqno=4619985 nstreams_done_=543000 config.nstreams=1000000 avg_latency=0.5459 ms avg throuhgput (requests/sec) = 1034.3395 res=false
*==== INFO ====*  stream_id=2173996 latency=0.460020 ms (tx_ts=85272648087038, rx_ts=85272648547058) request_id=4623280 zil_blk_id=2173996 ccf_commit_seqno=4623280 nstreams_done_=543500 config.nstreams=1000000 avg_latency=0.5459 ms avg throuhgput (requests/sec) = 1034.3456 res=false
*==== INFO ====*  stream_id=2175996 latency=0.492021 ms (tx_ts=85273137892380, rx_ts=85273138384401) request_id=4626592 zil_blk_id=2175996 ccf_commit_seqno=4626592 nstreams_done_=544000 config.nstreams=1000000 avg_latency=0.5459 ms avg throuhgput (requests/sec) = 1034.3329 res=false
*==== INFO ====*  stream_id=2177996 latency=0.566510 ms (tx_ts=85273628791344, rx_ts=85273629357854) request_id=4629962 zil_blk_id=2177996 ccf_commit_seqno=4629962 nstreams_done_=544500 config.nstreams=1000000 avg_latency=0.5459 ms avg throuhgput (requests/sec) = 1034.3181 res=false
*==== INFO ====*  stream_id=2179996 latency=0.530612 ms (tx_ts=85274152019156, rx_ts=85274152549768) request_id=4633484 zil_blk_id=2179996 ccf_commit_seqno=4633484 nstreams_done_=545000 config.nstreams=1000000 avg_latency=0.5459 ms avg throuhgput (requests/sec) = 1034.2400 res=false
*==== INFO ====*  stream_id=2181996 latency=0.522538 ms (tx_ts=85274651237689, rx_ts=85274651760227) request_id=4636869 zil_blk_id=2181996 ccf_commit_seqno=4636869 nstreams_done_=545500 config.nstreams=1000000 avg_latency=0.5459 ms avg throuhgput (requests/sec) = 1034.2091 res=false
*==== INFO ====*  stream_id=2183996 latency=0.524260 ms (tx_ts=85275122680290, rx_ts=85275123204550) request_id=4640156 zil_blk_id=2183996 ccf_commit_seqno=4640156 nstreams_done_=546000 config.nstreams=1000000 avg_latency=0.5459 ms avg throuhgput (requests/sec) = 1034.2326 res=false
*==== INFO ====*  stream_id=2185996 latency=0.515735 ms (tx_ts=85275625102705, rx_ts=85275625618440) request_id=4643503 zil_blk_id=2185996 ccf_commit_seqno=4643503 nstreams_done_=546500 config.nstreams=1000000 avg_latency=0.5459 ms avg throuhgput (requests/sec) = 1034.1955 res=false
*==== INFO ====*  stream_id=2187996 latency=0.489776 ms (tx_ts=85276116979638, rx_ts=85276117469414) request_id=4646872 zil_blk_id=2187996 ccf_commit_seqno=4646873 nstreams_done_=547000 config.nstreams=1000000 avg_latency=0.5459 ms avg throuhgput (requests/sec) = 1034.1791 res=false
*==== INFO ====*  stream_id=2189996 latency=0.509092 ms (tx_ts=85276596318493, rx_ts=85276596827585) request_id=4650089 zil_blk_id=2189996 ccf_commit_seqno=4650089 nstreams_done_=547500 config.nstreams=1000000 avg_latency=0.5459 ms avg throuhgput (requests/sec) = 1034.1871 res=false
*==== INFO ====*  stream_id=2191996 latency=0.701682 ms (tx_ts=85277048932759, rx_ts=85277049634441) request_id=4653270 zil_blk_id=2191996 ccf_commit_seqno=4653270 nstreams_done_=548000 config.nstreams=1000000 avg_latency=0.5459 ms avg throuhgput (requests/sec) = 1034.2470 res=false
*==== INFO ====*  stream_id=2193996 latency=0.484656 ms (tx_ts=85277506930213, rx_ts=85277507414869) request_id=4656478 zil_blk_id=2193996 ccf_commit_seqno=4656478 nstreams_done_=548500 config.nstreams=1000000 avg_latency=0.5459 ms avg throuhgput (requests/sec) = 1034.2970 res=false
*==== INFO ====*  stream_id=2195996 latency=0.511015 ms (tx_ts=85277995135416, rx_ts=85277995646431) request_id=4659776 zil_blk_id=2195996 ccf_commit_seqno=4659776 nstreams_done_=549000 config.nstreams=1000000 avg_latency=0.5458 ms avg throuhgput (requests/sec) = 1034.2877 res=false
*==== INFO ====*  stream_id=2197996 latency=0.445924 ms (tx_ts=85278463827453, rx_ts=85278464273377) request_id=4663048 zil_blk_id=2197996 ccf_commit_seqno=4663048 nstreams_done_=549500 config.nstreams=1000000 avg_latency=0.5458 ms avg throuhgput (requests/sec) = 1034.3165 res=false
*==== INFO ====*  stream_id=2199996 latency=0.642912 ms (tx_ts=85278948090123, rx_ts=85278948733035) request_id=4666333 zil_blk_id=2199996 ccf_commit_seqno=4666333 nstreams_done_=550000 config.nstreams=1000000 avg_latency=0.5458 ms avg throuhgput (requests/sec) = 1034.3144 res=false
*==== INFO ====*  stream_id=2201996 latency=0.556590 ms (tx_ts=85279434825913, rx_ts=85279435382503) request_id=4669687 zil_blk_id=2201996 ccf_commit_seqno=4669687 nstreams_done_=550500 config.nstreams=1000000 avg_latency=0.5458 ms avg throuhgput (requests/sec) = 1034.3081 res=false
*==== INFO ====*  stream_id=2203996 latency=0.574555 ms (tx_ts=85279931827074, rx_ts=85279932401629) request_id=4673021 zil_blk_id=2203996 ccf_commit_seqno=4673022 nstreams_done_=551000 config.nstreams=1000000 avg_latency=0.5458 ms avg throuhgput (requests/sec) = 1034.2817 res=false
*==== INFO ====*  stream_id=2205996 latency=0.547834 ms (tx_ts=85280416040773, rx_ts=85280416588607) request_id=4676371 zil_blk_id=2205996 ccf_commit_seqno=4676371 nstreams_done_=551500 config.nstreams=1000000 avg_latency=0.5458 ms avg throuhgput (requests/sec) = 1034.2803 res=false
*==== INFO ====*  stream_id=2207996 latency=0.508691 ms (tx_ts=85280919026566, rx_ts=85280919535257) request_id=4679772 zil_blk_id=2207996 ccf_commit_seqno=4679772 nstreams_done_=552000 config.nstreams=1000000 avg_latency=0.5457 ms avg throuhgput (requests/sec) = 1034.2424 res=false
*==== INFO ====*  stream_id=2209996 latency=0.492060 ms (tx_ts=85281419324655, rx_ts=85281419816715) request_id=4683256 zil_blk_id=2209996 ccf_commit_seqno=4683256 nstreams_done_=552500 config.nstreams=1000000 avg_latency=0.5457 ms avg throuhgput (requests/sec) = 1034.2098 res=false
*==== INFO ====*  stream_id=2211996 latency=0.557623 ms (tx_ts=85281921094294, rx_ts=85281921651917) request_id=4686697 zil_blk_id=2211996 ccf_commit_seqno=4686698 nstreams_done_=553000 config.nstreams=1000000 avg_latency=0.5457 ms avg throuhgput (requests/sec) = 1034.1743 res=false
*==== INFO ====*  stream_id=2213996 latency=0.599011 ms (tx_ts=85282413275014, rx_ts=85282413874025) request_id=4690013 zil_blk_id=2213996 ccf_commit_seqno=4690013 nstreams_done_=553500 config.nstreams=1000000 avg_latency=0.5457 ms avg throuhgput (requests/sec) = 1034.1574 res=false
*==== INFO ====*  stream_id=2215996 latency=0.494755 ms (tx_ts=85282908652363, rx_ts=85282909147118) request_id=4693295 zil_blk_id=2215996 ccf_commit_seqno=4693295 nstreams_done_=554000 config.nstreams=1000000 avg_latency=0.5457 ms avg throuhgput (requests/sec) = 1034.1347 res=false
*==== INFO ====*  stream_id=2217996 latency=0.466132 ms (tx_ts=85283410743670, rx_ts=85283411209802) request_id=4696705 zil_blk_id=2217996 ccf_commit_seqno=4696705 nstreams_done_=554500 config.nstreams=1000000 avg_latency=0.5457 ms avg throuhgput (requests/sec) = 1034.0988 res=false
*==== INFO ====*  stream_id=2219996 latency=0.495958 ms (tx_ts=85283877032598, rx_ts=85283877528556) request_id=4699926 zil_blk_id=2219996 ccf_commit_seqno=4699926 nstreams_done_=555000 config.nstreams=1000000 avg_latency=0.5456 ms avg throuhgput (requests/sec) = 1034.1320 res=false
*==== INFO ====*  stream_id=2221996 latency=0.528559 ms (tx_ts=85284367549083, rx_ts=85284368077642) request_id=4703255 zil_blk_id=2221996 ccf_commit_seqno=4703255 nstreams_done_=555500 config.nstreams=1000000 avg_latency=0.5456 ms avg throuhgput (requests/sec) = 1034.1184 res=false
*==== INFO ====*  stream_id=2223996 latency=0.491449 ms (tx_ts=85284864652065, rx_ts=85284865143514) request_id=4706691 zil_blk_id=2223996 ccf_commit_seqno=4706691 nstreams_done_=556000 config.nstreams=1000000 avg_latency=0.5456 ms avg throuhgput (requests/sec) = 1034.0923 res=false
*==== INFO ====*  stream_id=2225996 latency=0.461092 ms (tx_ts=85285335511059, rx_ts=85285335972151) request_id=4709949 zil_blk_id=2225996 ccf_commit_seqno=4709949 nstreams_done_=556500 config.nstreams=1000000 avg_latency=0.5456 ms avg throuhgput (requests/sec) = 1034.1167 res=false
*==== INFO ====*  stream_id=2227996 latency=0.495006 ms (tx_ts=85285809502620, rx_ts=85285809997626) request_id=4713146 zil_blk_id=2227996 ccf_commit_seqno=4713146 nstreams_done_=557000 config.nstreams=1000000 avg_latency=0.5456 ms avg throuhgput (requests/sec) = 1034.1349 res=false
*==== INFO ====*  stream_id=2229996 latency=0.667679 ms (tx_ts=85286312553013, rx_ts=85286313220692) request_id=4716655 zil_blk_id=2229996 ccf_commit_seqno=4716656 nstreams_done_=557500 config.nstreams=1000000 avg_latency=0.5456 ms avg throuhgput (requests/sec) = 1034.0971 res=false
*==== INFO ====*  stream_id=2231996 latency=0.516185 ms (tx_ts=85286764945964, rx_ts=85286765462149) request_id=4719835 zil_blk_id=2231996 ccf_commit_seqno=4719835 nstreams_done_=558000 config.nstreams=1000000 avg_latency=0.5456 ms avg throuhgput (requests/sec) = 1034.1570 res=false
*==== INFO ====*  stream_id=2233996 latency=0.455151 ms (tx_ts=85287238276672, rx_ts=85287238731823) request_id=4723077 zil_blk_id=2233996 ccf_commit_seqno=4723077 nstreams_done_=558500 config.nstreams=1000000 avg_latency=0.5456 ms avg throuhgput (requests/sec) = 1034.1766 res=false
*==== INFO ====*  stream_id=2235996 latency=0.579193 ms (tx_ts=85287706997056, rx_ts=85287707576249) request_id=4726346 zil_blk_id=2235996 ccf_commit_seqno=4726346 nstreams_done_=559000 config.nstreams=1000000 avg_latency=0.5455 ms avg throuhgput (requests/sec) = 1034.2045 res=false
*==== INFO ====*  stream_id=2237996 latency=0.516796 ms (tx_ts=85288171670319, rx_ts=85288172187115) request_id=4729525 zil_blk_id=2237996 ccf_commit_seqno=4729525 nstreams_done_=559500 config.nstreams=1000000 avg_latency=0.5455 ms avg throuhgput (requests/sec) = 1034.2406 res=false
*==== INFO ====*  stream_id=2239996 latency=0.582469 ms (tx_ts=85288625834081, rx_ts=85288626416550) request_id=4732712 zil_blk_id=2239996 ccf_commit_seqno=4732713 nstreams_done_=560000 config.nstreams=1000000 avg_latency=0.5455 ms avg throuhgput (requests/sec) = 1034.2964 res=false
*==== INFO ====*  stream_id=2241996 latency=0.501809 ms (tx_ts=85289094077292, rx_ts=85289094579101) request_id=4735954 zil_blk_id=2241996 ccf_commit_seqno=4735954 nstreams_done_=560500 config.nstreams=1000000 avg_latency=0.5455 ms avg throuhgput (requests/sec) = 1034.3255 res=false
*==== INFO ====*  stream_id=2243996 latency=0.486019 ms (tx_ts=85289582267165, rx_ts=85289582753184) request_id=4739288 zil_blk_id=2243996 ccf_commit_seqno=4739288 nstreams_done_=561000 config.nstreams=1000000 avg_latency=0.5455 ms avg throuhgput (requests/sec) = 1034.3164 res=false
*==== INFO ====*  stream_id=2245996 latency=0.522958 ms (tx_ts=85290094909586, rx_ts=85290095432544) request_id=4742586 zil_blk_id=2245996 ccf_commit_seqno=4742586 nstreams_done_=561500 config.nstreams=1000000 avg_latency=0.5455 ms avg throuhgput (requests/sec) = 1034.2607 res=false
*==== INFO ====*  stream_id=2247996 latency=0.439623 ms (tx_ts=85290590623158, rx_ts=85290591062781) request_id=4745944 zil_blk_id=2247996 ccf_commit_seqno=4745944 nstreams_done_=562000 config.nstreams=1000000 avg_latency=0.5455 ms avg throuhgput (requests/sec) = 1034.2375 res=false
*==== INFO ====*  stream_id=2249996 latency=1.555479 ms (tx_ts=85291092239319, rx_ts=85291093794798) request_id=4749432 zil_blk_id=2249996 ccf_commit_seqno=4749432 nstreams_done_=562500 config.nstreams=1000000 avg_latency=0.5455 ms avg throuhgput (requests/sec) = 1034.2008 res=false
*==== INFO ====*  stream_id=2251996 latency=0.544959 ms (tx_ts=85291590257662, rx_ts=85291590802621) request_id=4752882 zil_blk_id=2251996 ccf_commit_seqno=4752882 nstreams_done_=563000 config.nstreams=1000000 avg_latency=0.5455 ms avg throuhgput (requests/sec) = 1034.1751 res=false
*==== INFO ====*  stream_id=2253996 latency=0.495146 ms (tx_ts=85292074616671, rx_ts=85292075111817) request_id=4756257 zil_blk_id=2253996 ccf_commit_seqno=4756257 nstreams_done_=563500 config.nstreams=1000000 avg_latency=0.5455 ms avg throuhgput (requests/sec) = 1034.1735 res=false
*==== INFO ====*  stream_id=2255996 latency=0.559597 ms (tx_ts=85292617898893, rx_ts=85292618458490) request_id=4759945 zil_blk_id=2255996 ccf_commit_seqno=4759945 nstreams_done_=564000 config.nstreams=1000000 avg_latency=0.5455 ms avg throuhgput (requests/sec) = 1034.0600 res=false
*==== INFO ====*  stream_id=2257996 latency=0.493944 ms (tx_ts=85293083928239, rx_ts=85293084422183) request_id=4763094 zil_blk_id=2257996 ccf_commit_seqno=4763094 nstreams_done_=564500 config.nstreams=1000000 avg_latency=0.5455 ms avg throuhgput (requests/sec) = 1034.0932 res=false
*==== INFO ====*  stream_id=2259996 latency=0.568854 ms (tx_ts=85293543555230, rx_ts=85293544124084) request_id=4766298 zil_blk_id=2259996 ccf_commit_seqno=4766298 nstreams_done_=565000 config.nstreams=1000000 avg_latency=0.5455 ms avg throuhgput (requests/sec) = 1034.1383 res=false
*==== INFO ====*  stream_id=2261996 latency=0.520604 ms (tx_ts=85294024950028, rx_ts=85294025470632) request_id=4769605 zil_blk_id=2261996 ccf_commit_seqno=4769605 nstreams_done_=565500 config.nstreams=1000000 avg_latency=0.5455 ms avg throuhgput (requests/sec) = 1034.1424 res=false
*==== INFO ====*  stream_id=2263996 latency=0.513120 ms (tx_ts=85294543867222, rx_ts=85294544380342) request_id=4773125 zil_blk_id=2263996 ccf_commit_seqno=4773125 nstreams_done_=566000 config.nstreams=1000000 avg_latency=0.5454 ms avg throuhgput (requests/sec) = 1034.0755 res=false
*==== INFO ====*  stream_id=2265996 latency=0.490428 ms (tx_ts=85295031652363, rx_ts=85295032142791) request_id=4776522 zil_blk_id=2265996 ccf_commit_seqno=4776522 nstreams_done_=566500 config.nstreams=1000000 avg_latency=0.5454 ms avg throuhgput (requests/sec) = 1034.0675 res=false
*==== INFO ====*  stream_id=2267996 latency=0.497080 ms (tx_ts=85295512532986, rx_ts=85295513030066) request_id=4779750 zil_blk_id=2267996 ccf_commit_seqno=4779750 nstreams_done_=567000 config.nstreams=1000000 avg_latency=0.5454 ms avg throuhgput (requests/sec) = 1034.0724 res=false
*==== INFO ====*  stream_id=2269996 latency=0.508040 ms (tx_ts=85296000858292, rx_ts=85296001366332) request_id=4783067 zil_blk_id=2269996 ccf_commit_seqno=4783067 nstreams_done_=567500 config.nstreams=1000000 avg_latency=0.5454 ms avg throuhgput (requests/sec) = 1034.0634 res=false
*==== INFO ====*  stream_id=2271996 latency=0.522817 ms (tx_ts=85296485557070, rx_ts=85296486079887) request_id=4786414 zil_blk_id=2271996 ccf_commit_seqno=4786414 nstreams_done_=568000 config.nstreams=1000000 avg_latency=0.5454 ms avg throuhgput (requests/sec) = 1034.0611 res=false
*==== INFO ====*  stream_id=2273996 latency=0.533959 ms (tx_ts=85296993941181, rx_ts=85296994475140) request_id=4789853 zil_blk_id=2273996 ccf_commit_seqno=4789853 nstreams_done_=568500 config.nstreams=1000000 avg_latency=0.5454 ms avg throuhgput (requests/sec) = 1034.0144 res=false
*==== INFO ====*  stream_id=2275996 latency=0.488985 ms (tx_ts=85297468935487, rx_ts=85297469424472) request_id=4793147 zil_blk_id=2275996 ccf_commit_seqno=4793147 nstreams_done_=569000 config.nstreams=1000000 avg_latency=0.5454 ms avg throuhgput (requests/sec) = 1034.0305 res=false
*==== INFO ====*  stream_id=2277996 latency=0.504844 ms (tx_ts=85297953083285, rx_ts=85297953588129) request_id=4796458 zil_blk_id=2277996 ccf_commit_seqno=4796458 nstreams_done_=569500 config.nstreams=1000000 avg_latency=0.5454 ms avg throuhgput (requests/sec) = 1034.0294 res=false
*==== INFO ====*  stream_id=2279996 latency=0.568443 ms (tx_ts=85298447344650, rx_ts=85298447913093) request_id=4799800 zil_blk_id=2279996 ccf_commit_seqno=4799800 nstreams_done_=570000 config.nstreams=1000000 avg_latency=0.5454 ms avg throuhgput (requests/sec) = 1034.0092 res=false
*==== INFO ====*  stream_id=2281996 latency=0.569555 ms (tx_ts=85298952716056, rx_ts=85298953285611) request_id=4803255 zil_blk_id=2281996 ccf_commit_seqno=4803255 nstreams_done_=570500 config.nstreams=1000000 avg_latency=0.5454 ms avg throuhgput (requests/sec) = 1033.9683 res=false
*==== INFO ====*  stream_id=2283996 latency=0.535973 ms (tx_ts=85299483772416, rx_ts=85299484308389) request_id=4806809 zil_blk_id=2283996 ccf_commit_seqno=4806810 nstreams_done_=571000 config.nstreams=1000000 avg_latency=0.5454 ms avg throuhgput (requests/sec) = 1033.8794 res=false
*==== INFO ====*  stream_id=2285996 latency=0.532506 ms (tx_ts=85299959534078, rx_ts=85299960066584) request_id=4810057 zil_blk_id=2285996 ccf_commit_seqno=4810057 nstreams_done_=571500 config.nstreams=1000000 avg_latency=0.5454 ms avg throuhgput (requests/sec) = 1033.8941 res=false
*==== INFO ====*  stream_id=2287996 latency=0.475940 ms (tx_ts=85300424117287, rx_ts=85300424593227) request_id=4813239 zil_blk_id=2287996 ccf_commit_seqno=4813239 nstreams_done_=572000 config.nstreams=1000000 avg_latency=0.5454 ms avg throuhgput (requests/sec) = 1033.9298 res=false
*==== INFO ====*  stream_id=2289996 latency=0.496198 ms (tx_ts=85300903133609, rx_ts=85300903629807) request_id=4816519 zil_blk_id=2289996 ccf_commit_seqno=4816519 nstreams_done_=572500 config.nstreams=1000000 avg_latency=0.5454 ms avg throuhgput (requests/sec) = 1033.9383 res=false
*==== INFO ====*  stream_id=2291996 latency=0.523609 ms (tx_ts=85301372688045, rx_ts=85301373211654) request_id=4819742 zil_blk_id=2291996 ccf_commit_seqno=4819742 nstreams_done_=573000 config.nstreams=1000000 avg_latency=0.5453 ms avg throuhgput (requests/sec) = 1033.9644 res=false
*==== INFO ====*  stream_id=2293996 latency=0.543065 ms (tx_ts=85301869962398, rx_ts=85301870505463) request_id=4823177 zil_blk_id=2293996 ccf_commit_seqno=4823177 nstreams_done_=573500 config.nstreams=1000000 avg_latency=0.5453 ms avg throuhgput (requests/sec) = 1033.9389 res=false
*==== INFO ====*  stream_id=2295996 latency=0.480278 ms (tx_ts=85302359214158, rx_ts=85302359694436) request_id=4826504 zil_blk_id=2295996 ccf_commit_seqno=4826504 nstreams_done_=574000 config.nstreams=1000000 avg_latency=0.5453 ms avg throuhgput (requests/sec) = 1033.9284 res=false
*==== INFO ====*  stream_id=2297996 latency=0.519752 ms (tx_ts=85302858103525, rx_ts=85302858623277) request_id=4829982 zil_blk_id=2297996 ccf_commit_seqno=4829983 nstreams_done_=574500 config.nstreams=1000000 avg_latency=0.5453 ms avg throuhgput (requests/sec) = 1033.8999 res=false
*==== INFO ====*  stream_id=2299996 latency=0.477814 ms (tx_ts=85303350477786, rx_ts=85303350955600) request_id=4833329 zil_blk_id=2299996 ccf_commit_seqno=4833329 nstreams_done_=575000 config.nstreams=1000000 avg_latency=0.5453 ms avg throuhgput (requests/sec) = 1033.8837 res=false
*==== INFO ====*  stream_id=2301996 latency=0.453619 ms (tx_ts=85303808412540, rx_ts=85303808866159) request_id=4836450 zil_blk_id=2301996 ccf_commit_seqno=4836450 nstreams_done_=575500 config.nstreams=1000000 avg_latency=0.5453 ms avg throuhgput (requests/sec) = 1033.9314 res=false
*==== INFO ====*  stream_id=2303996 latency=0.520013 ms (tx_ts=85304280443173, rx_ts=85304280963186) request_id=4839678 zil_blk_id=2303996 ccf_commit_seqno=4839678 nstreams_done_=576000 config.nstreams=1000000 avg_latency=0.5452 ms avg throuhgput (requests/sec) = 1033.9527 res=false
*==== INFO ====*  stream_id=2305996 latency=0.486019 ms (tx_ts=85304750819565, rx_ts=85304751305584) request_id=4842952 zil_blk_id=2305996 ccf_commit_seqno=4842952 nstreams_done_=576500 config.nstreams=1000000 avg_latency=0.5452 ms avg throuhgput (requests/sec) = 1033.9773 res=false
*==== INFO ====*  stream_id=2307996 latency=0.529149 ms (tx_ts=85305213577942, rx_ts=85305214107091) request_id=4846159 zil_blk_id=2307996 ccf_commit_seqno=4846159 nstreams_done_=577000 config.nstreams=1000000 avg_latency=0.5452 ms avg throuhgput (requests/sec) = 1034.0158 res=false
*==== INFO ====*  stream_id=2309996 latency=0.485108 ms (tx_ts=85305701986740, rx_ts=85305702471848) request_id=4849473 zil_blk_id=2309996 ccf_commit_seqno=4849473 nstreams_done_=577500 config.nstreams=1000000 avg_latency=0.5452 ms avg throuhgput (requests/sec) = 1034.0069 res=false
*==== INFO ====*  stream_id=2311996 latency=0.519732 ms (tx_ts=85306197838269, rx_ts=85306198358001) request_id=4852794 zil_blk_id=2311996 ccf_commit_seqno=4852794 nstreams_done_=578000 config.nstreams=1000000 avg_latency=0.5452 ms avg throuhgput (requests/sec) = 1033.9841 res=false
*==== INFO ====*  stream_id=2313996 latency=0.498953 ms (tx_ts=85306709212092, rx_ts=85306709711045) request_id=4856269 zil_blk_id=2313996 ccf_commit_seqno=4856269 nstreams_done_=578500 config.nstreams=1000000 avg_latency=0.5452 ms avg throuhgput (requests/sec) = 1033.9327 res=false
*==== INFO ====*  stream_id=2315996 latency=0.709947 ms (tx_ts=85307200166247, rx_ts=85307200876194) request_id=4859607 zil_blk_id=2315996 ccf_commit_seqno=4859607 nstreams_done_=579000 config.nstreams=1000000 avg_latency=0.5452 ms avg throuhgput (requests/sec) = 1033.9187 res=false
*==== INFO ====*  stream_id=2317996 latency=0.527116 ms (tx_ts=85307684228938, rx_ts=85307684756054) request_id=4862922 zil_blk_id=2317996 ccf_commit_seqno=4862922 nstreams_done_=579500 config.nstreams=1000000 avg_latency=0.5451 ms avg throuhgput (requests/sec) = 1033.9182 res=false
*==== INFO ====*  stream_id=2319996 latency=0.494776 ms (tx_ts=85308179311738, rx_ts=85308179806514) request_id=4866336 zil_blk_id=2319996 ccf_commit_seqno=4866336 nstreams_done_=580000 config.nstreams=1000000 avg_latency=0.5451 ms avg throuhgput (requests/sec) = 1033.8971 res=false
*==== INFO ====*  stream_id=2321996 latency=0.500135 ms (tx_ts=85308643814638, rx_ts=85308644314773) request_id=4869573 zil_blk_id=2321996 ccf_commit_seqno=4869573 nstreams_done_=580500 config.nstreams=1000000 avg_latency=0.5451 ms avg throuhgput (requests/sec) = 1033.9323 res=false
*==== INFO ====*  stream_id=2323996 latency=0.496549 ms (tx_ts=85309119173006, rx_ts=85309119669555) request_id=4872850 zil_blk_id=2323996 ccf_commit_seqno=4872851 nstreams_done_=581000 config.nstreams=1000000 avg_latency=0.5451 ms avg throuhgput (requests/sec) = 1033.9474 res=false
*==== INFO ====*  stream_id=2325996 latency=0.550379 ms (tx_ts=85309558864261, rx_ts=85309559414640) request_id=4875932 zil_blk_id=2325996 ccf_commit_seqno=4875932 nstreams_done_=581500 config.nstreams=1000000 avg_latency=0.5451 ms avg throuhgput (requests/sec) = 1034.0280 res=false
*==== INFO ====*  stream_id=2327996 latency=0.488854 ms (tx_ts=85310011501284, rx_ts=85310011990138) request_id=4879036 zil_blk_id=2327996 ccf_commit_seqno=4879036 nstreams_done_=582000 config.nstreams=1000000 avg_latency=0.5451 ms avg throuhgput (requests/sec) = 1034.0849 res=false
*==== INFO ====*  stream_id=2329996 latency=0.494816 ms (tx_ts=85310458906142, rx_ts=85310459400958) request_id=4882185 zil_blk_id=2329996 ccf_commit_seqno=4882185 nstreams_done_=582500 config.nstreams=1000000 avg_latency=0.5451 ms avg throuhgput (requests/sec) = 1034.1512 res=false
*==== INFO ====*  stream_id=2331996 latency=0.659283 ms (tx_ts=85310945381653, rx_ts=85310946040936) request_id=4885371 zil_blk_id=2331996 ccf_commit_seqno=4885371 nstreams_done_=583000 config.nstreams=1000000 avg_latency=0.5451 ms avg throuhgput (requests/sec) = 1034.1454 res=false
*==== INFO ====*  stream_id=2333996 latency=0.518751 ms (tx_ts=85311498538868, rx_ts=85311499057619) request_id=4888763 zil_blk_id=2333996 ccf_commit_seqno=4888764 nstreams_done_=583500 config.nstreams=1000000 avg_latency=0.5451 ms avg throuhgput (requests/sec) = 1034.0180 res=false
*==== INFO ====*  stream_id=2335996 latency=0.713826 ms (tx_ts=85312065230787, rx_ts=85312065944613) request_id=4892213 zil_blk_id=2335996 ccf_commit_seqno=4892213 nstreams_done_=584000 config.nstreams=1000000 avg_latency=0.5451 ms avg throuhgput (requests/sec) = 1033.8655 res=false
*==== INFO ====*  stream_id=2337996 latency=0.567144 ms (tx_ts=85312569846349, rx_ts=85312570413493) request_id=4895385 zil_blk_id=2337996 ccf_commit_seqno=4895385 nstreams_done_=584500 config.nstreams=1000000 avg_latency=0.5451 ms avg throuhgput (requests/sec) = 1033.8273 res=false
*==== INFO ====*  stream_id=2339996 latency=0.511327 ms (tx_ts=85313097074968, rx_ts=85313097586295) request_id=4898632 zil_blk_id=2339996 ccf_commit_seqno=4898632 nstreams_done_=585000 config.nstreams=1000000 avg_latency=0.5451 ms avg throuhgput (requests/sec) = 1033.7478 res=false
*==== INFO ====*  stream_id=2341996 latency=0.499721 ms (tx_ts=85313598492102, rx_ts=85313598991823) request_id=4901916 zil_blk_id=2341996 ccf_commit_seqno=4901916 nstreams_done_=585500 config.nstreams=1000000 avg_latency=0.5451 ms avg throuhgput (requests/sec) = 1033.7155 res=false
*==== INFO ====*  stream_id=2343996 latency=0.476482 ms (tx_ts=85314062392675, rx_ts=85314062869157) request_id=4905115 zil_blk_id=2343996 ccf_commit_seqno=4905115 nstreams_done_=586000 config.nstreams=1000000 avg_latency=0.5451 ms avg throuhgput (requests/sec) = 1033.7516 res=false
*==== INFO ====*  stream_id=2345996 latency=0.551192 ms (tx_ts=85314554512360, rx_ts=85314555063552) request_id=4908537 zil_blk_id=2345996 ccf_commit_seqno=4908537 nstreams_done_=586500 config.nstreams=1000000 avg_latency=0.5451 ms avg throuhgput (requests/sec) = 1033.7361 res=false
*==== INFO ====*  stream_id=2347996 latency=0.505165 ms (tx_ts=85315025094991, rx_ts=85315025600156) request_id=4911824 zil_blk_id=2347996 ccf_commit_seqno=4911825 nstreams_done_=587000 config.nstreams=1000000 avg_latency=0.5451 ms avg throuhgput (requests/sec) = 1033.7600 res=false
*==== INFO ====*  stream_id=2349996 latency=0.467204 ms (tx_ts=85315503137899, rx_ts=85315503605103) request_id=4915153 zil_blk_id=2349996 ccf_commit_seqno=4915153 nstreams_done_=587500 config.nstreams=1000000 avg_latency=0.5451 ms avg throuhgput (requests/sec) = 1033.7703 res=false
*==== INFO ====*  stream_id=2351996 latency=0.524902 ms (tx_ts=85316010973138, rx_ts=85316011498040) request_id=4918563 zil_blk_id=2351996 ccf_commit_seqno=4918563 nstreams_done_=588000 config.nstreams=1000000 avg_latency=0.5452 ms avg throuhgput (requests/sec) = 1033.7263 res=false
*==== INFO ====*  stream_id=2353996 latency=0.526745 ms (tx_ts=85316487792108, rx_ts=85316488318853) request_id=4921857 zil_blk_id=2353996 ccf_commit_seqno=4921857 nstreams_done_=588500 config.nstreams=1000000 avg_latency=0.5451 ms avg throuhgput (requests/sec) = 1033.7387 res=false
*==== INFO ====*  stream_id=2355996 latency=0.512969 ms (tx_ts=85316971278384, rx_ts=85316971791353) request_id=4925236 zil_blk_id=2355996 ccf_commit_seqno=4925236 nstreams_done_=589000 config.nstreams=1000000 avg_latency=0.5451 ms avg throuhgput (requests/sec) = 1033.7391 res=false
*==== INFO ====*  stream_id=2357996 latency=0.530666 ms (tx_ts=85317429504647, rx_ts=85317430035313) request_id=4928488 zil_blk_id=2357996 ccf_commit_seqno=4928488 nstreams_done_=589500 config.nstreams=1000000 avg_latency=0.5451 ms avg throuhgput (requests/sec) = 1033.7852 res=false
*==== INFO ====*  stream_id=2359996 latency=0.469400 ms (tx_ts=85317947761042, rx_ts=85317948230442) request_id=4932036 zil_blk_id=2359996 ccf_commit_seqno=4932036 nstreams_done_=590000 config.nstreams=1000000 avg_latency=0.5451 ms avg throuhgput (requests/sec) = 1033.7227 res=false
*==== INFO ====*  stream_id=2361996 latency=0.467517 ms (tx_ts=85318479890359, rx_ts=85318480357876) request_id=4935682 zil_blk_id=2361996 ccf_commit_seqno=4935682 nstreams_done_=590500 config.nstreams=1000000 avg_latency=0.5451 ms avg throuhgput (requests/sec) = 1033.6350 res=false
*==== INFO ====*  stream_id=2363996 latency=0.463277 ms (tx_ts=85318962106073, rx_ts=85318962569350) request_id=4939111 zil_blk_id=2363996 ccf_commit_seqno=4939111 nstreams_done_=591000 config.nstreams=1000000 avg_latency=0.5451 ms avg throuhgput (requests/sec) = 1033.6378 res=false
*==== INFO ====*  stream_id=2365996 latency=0.594522 ms (tx_ts=85319430738235, rx_ts=85319431332757) request_id=4942462 zil_blk_id=2365996 ccf_commit_seqno=4942462 nstreams_done_=591500 config.nstreams=1000000 avg_latency=0.5451 ms avg throuhgput (requests/sec) = 1033.6648 res=false
*==== INFO ====*  stream_id=2367996 latency=0.458818 ms (tx_ts=85319941142261, rx_ts=85319941601079) request_id=4945942 zil_blk_id=2367996 ccf_commit_seqno=4945942 nstreams_done_=592000 config.nstreams=1000000 avg_latency=0.5451 ms avg throuhgput (requests/sec) = 1033.6169 res=false
*==== INFO ====*  stream_id=2369996 latency=0.516626 ms (tx_ts=85320418735224, rx_ts=85320419251850) request_id=4949184 zil_blk_id=2369996 ccf_commit_seqno=4949184 nstreams_done_=592500 config.nstreams=1000000 avg_latency=0.5451 ms avg throuhgput (requests/sec) = 1033.6279 res=false
*==== INFO ====*  stream_id=2371996 latency=0.521155 ms (tx_ts=85320904933603, rx_ts=85320905454758) request_id=4952557 zil_blk_id=2371996 ccf_commit_seqno=4952557 nstreams_done_=593000 config.nstreams=1000000 avg_latency=0.5451 ms avg throuhgput (requests/sec) = 1033.6234 res=false
*==== INFO ====*  stream_id=2373996 latency=0.510855 ms (tx_ts=85321393054028, rx_ts=85321393564883) request_id=4955889 zil_blk_id=2373996 ccf_commit_seqno=4955889 nstreams_done_=593500 config.nstreams=1000000 avg_latency=0.5451 ms avg throuhgput (requests/sec) = 1033.6155 res=false
*==== INFO ====*  stream_id=2375996 latency=0.478114 ms (tx_ts=85321871514484, rx_ts=85321871992598) request_id=4959209 zil_blk_id=2375996 ccf_commit_seqno=4959209 nstreams_done_=594000 config.nstreams=1000000 avg_latency=0.5450 ms avg throuhgput (requests/sec) = 1033.6251 res=false
*==== INFO ====*  stream_id=2377996 latency=0.563394 ms (tx_ts=85322359500379, rx_ts=85322360063773) request_id=4962650 zil_blk_id=2377996 ccf_commit_seqno=4962651 nstreams_done_=594500 config.nstreams=1000000 avg_latency=0.5450 ms avg throuhgput (requests/sec) = 1033.6173 res=false
*==== INFO ====*  stream_id=2379996 latency=0.482212 ms (tx_ts=85322863300243, rx_ts=85322863782455) request_id=4966025 zil_blk_id=2379996 ccf_commit_seqno=4966025 nstreams_done_=595000 config.nstreams=1000000 avg_latency=0.5450 ms avg throuhgput (requests/sec) = 1033.5814 res=false
*==== INFO ====*  stream_id=2381996 latency=0.547224 ms (tx_ts=85323360426673, rx_ts=85323360973897) request_id=4969331 zil_blk_id=2381996 ccf_commit_seqno=4969332 nstreams_done_=595500 config.nstreams=1000000 avg_latency=0.5450 ms avg throuhgput (requests/sec) = 1033.5573 res=false
*==== INFO ====*  stream_id=2383996 latency=0.526494 ms (tx_ts=85323816126846, rx_ts=85323816653340) request_id=4972470 zil_blk_id=2383996 ccf_commit_seqno=4972470 nstreams_done_=596000 config.nstreams=1000000 avg_latency=0.5450 ms avg throuhgput (requests/sec) = 1033.6077 res=false
*==== INFO ====*  stream_id=2385996 latency=0.517287 ms (tx_ts=85324278316767, rx_ts=85324278834054) request_id=4975580 zil_blk_id=2385996 ccf_commit_seqno=4975580 nstreams_done_=596500 config.nstreams=1000000 avg_latency=0.5450 ms avg throuhgput (requests/sec) = 1033.6463 res=false
*==== INFO ====*  stream_id=2387996 latency=0.603649 ms (tx_ts=85324750884280, rx_ts=85324751487929) request_id=4978824 zil_blk_id=2387996 ccf_commit_seqno=4978824 nstreams_done_=597000 config.nstreams=1000000 avg_latency=0.5450 ms avg throuhgput (requests/sec) = 1033.6661 res=false
*==== INFO ====*  stream_id=2389996 latency=0.598659 ms (tx_ts=85325220792374, rx_ts=85325221391033) request_id=4982023 zil_blk_id=2389996 ccf_commit_seqno=4982024 nstreams_done_=597500 config.nstreams=1000000 avg_latency=0.5449 ms avg throuhgput (requests/sec) = 1033.6908 res=false
*==== INFO ====*  stream_id=2391996 latency=0.467634 ms (tx_ts=85325712144805, rx_ts=85325712612439) request_id=4985345 zil_blk_id=2391996 ccf_commit_seqno=4985345 nstreams_done_=598000 config.nstreams=1000000 avg_latency=0.5449 ms avg throuhgput (requests/sec) = 1033.6774 res=false
*==== INFO ====*  stream_id=2393996 latency=0.474858 ms (tx_ts=85326200227302, rx_ts=85326200702160) request_id=4988645 zil_blk_id=2393996 ccf_commit_seqno=4988645 nstreams_done_=598500 config.nstreams=1000000 avg_latency=0.5449 ms avg throuhgput (requests/sec) = 1033.6695 res=false
*==== INFO ====*  stream_id=2395996 latency=0.574625 ms (tx_ts=85326694551178, rx_ts=85326695125803) request_id=4992025 zil_blk_id=2395996 ccf_commit_seqno=4992025 nstreams_done_=599000 config.nstreams=1000000 avg_latency=0.5449 ms avg throuhgput (requests/sec) = 1033.6504 res=false
*==== INFO ====*  stream_id=2397996 latency=0.479396 ms (tx_ts=85327199169653, rx_ts=85327199649049) request_id=4995467 zil_blk_id=2397996 ccf_commit_seqno=4995467 nstreams_done_=599500 config.nstreams=1000000 avg_latency=0.5449 ms avg throuhgput (requests/sec) = 1033.6134 res=false
*==== INFO ====*  stream_id=2399996 latency=0.651068 ms (tx_ts=85327669237427, rx_ts=85327669888495) request_id=4998682 zil_blk_id=2399996 ccf_commit_seqno=4998684 nstreams_done_=600000 config.nstreams=1000000 avg_latency=0.5448 ms avg throuhgput (requests/sec) = 1033.6374 res=false
*==== INFO ====*  stream_id=2401996 latency=0.538377 ms (tx_ts=85328136176803, rx_ts=85328136715180) request_id=5001952 zil_blk_id=2401996 ccf_commit_seqno=5001952 nstreams_done_=600500 config.nstreams=1000000 avg_latency=0.5448 ms avg throuhgput (requests/sec) = 1033.6675 res=false
*==== INFO ====*  stream_id=2403996 latency=0.515263 ms (tx_ts=85328593708179, rx_ts=85328594223442) request_id=5005147 zil_blk_id=2403996 ccf_commit_seqno=5005147 nstreams_done_=601000 config.nstreams=1000000 avg_latency=0.5448 ms avg throuhgput (requests/sec) = 1033.7141 res=false
*==== INFO ====*  stream_id=2405996 latency=0.712142 ms (tx_ts=85329053861286, rx_ts=85329054573428) request_id=5008387 zil_blk_id=2405996 ccf_commit_seqno=5008387 nstreams_done_=601500 config.nstreams=1000000 avg_latency=0.5448 ms avg throuhgput (requests/sec) = 1033.7556 res=false
*==== INFO ====*  stream_id=2407996 latency=0.486800 ms (tx_ts=85329536549858, rx_ts=85329537036658) request_id=5011718 zil_blk_id=2407996 ccf_commit_seqno=5011718 nstreams_done_=602000 config.nstreams=1000000 avg_latency=0.5447 ms avg throuhgput (requests/sec) = 1033.7577 res=false
*==== INFO ====*  stream_id=2409996 latency=0.559897 ms (tx_ts=85330015986109, rx_ts=85330016546006) request_id=5015078 zil_blk_id=2409996 ccf_commit_seqno=5015079 nstreams_done_=602500 config.nstreams=1000000 avg_latency=0.5447 ms avg throuhgput (requests/sec) = 1033.7651 res=false
*==== INFO ====*  stream_id=2411996 latency=0.603820 ms (tx_ts=85330481841464, rx_ts=85330482445284) request_id=5018383 zil_blk_id=2411996 ccf_commit_seqno=5018384 nstreams_done_=603000 config.nstreams=1000000 avg_latency=0.5447 ms avg throuhgput (requests/sec) = 1033.7966 res=false
*==== INFO ====*  stream_id=2413996 latency=0.478985 ms (tx_ts=85330933924182, rx_ts=85330934403167) request_id=5021582 zil_blk_id=2413996 ccf_commit_seqno=5021582 nstreams_done_=603500 config.nstreams=1000000 avg_latency=0.5447 ms avg throuhgput (requests/sec) = 1033.8527 res=false
*==== INFO ====*  stream_id=2415996 latency=0.499554 ms (tx_ts=85331391136430, rx_ts=85331391635984) request_id=5024788 zil_blk_id=2415996 ccf_commit_seqno=5024788 nstreams_done_=604000 config.nstreams=1000000 avg_latency=0.5447 ms avg throuhgput (requests/sec) = 1033.8994 res=false
*==== INFO ====*  stream_id=2417996 latency=0.635966 ms (tx_ts=85331864720848, rx_ts=85331865356814) request_id=5028107 zil_blk_id=2417996 ccf_commit_seqno=5028107 nstreams_done_=604500 config.nstreams=1000000 avg_latency=0.5447 ms avg throuhgput (requests/sec) = 1033.9169 res=false
*==== INFO ====*  stream_id=2419996 latency=0.473515 ms (tx_ts=85332313266977, rx_ts=85332313740492) request_id=5031331 zil_blk_id=2419996 ccf_commit_seqno=5031331 nstreams_done_=605000 config.nstreams=1000000 avg_latency=0.5447 ms avg throuhgput (requests/sec) = 1033.9791 res=false
*==== INFO ====*  stream_id=2421996 latency=0.494879 ms (tx_ts=85332792295725, rx_ts=85332792790604) request_id=5034610 zil_blk_id=2421996 ccf_commit_seqno=5034610 nstreams_done_=605500 config.nstreams=1000000 avg_latency=0.5447 ms avg throuhgput (requests/sec) = 1033.9871 res=false
*==== INFO ====*  stream_id=2423996 latency=0.474538 ms (tx_ts=85333269148945, rx_ts=85333269623483) request_id=5037812 zil_blk_id=2423996 ccf_commit_seqno=5037812 nstreams_done_=606000 config.nstreams=1000000 avg_latency=0.5447 ms avg throuhgput (requests/sec) = 1033.9990 res=false
*==== INFO ====*  stream_id=2425996 latency=0.504053 ms (tx_ts=85333744517780, rx_ts=85333745021833) request_id=5041019 zil_blk_id=2425996 ccf_commit_seqno=5041019 nstreams_done_=606500 config.nstreams=1000000 avg_latency=0.5447 ms avg throuhgput (requests/sec) = 1034.0134 res=false
*==== INFO ====*  stream_id=2427996 latency=0.565360 ms (tx_ts=85334222244977, rx_ts=85334222810337) request_id=5044282 zil_blk_id=2427996 ccf_commit_seqno=5044282 nstreams_done_=607000 config.nstreams=1000000 avg_latency=0.5446 ms avg throuhgput (requests/sec) = 1034.0235 res=false
*==== INFO ====*  stream_id=2429996 latency=0.486029 ms (tx_ts=85334695342493, rx_ts=85334695828522) request_id=5047447 zil_blk_id=2429996 ccf_commit_seqno=5047447 nstreams_done_=607500 config.nstreams=1000000 avg_latency=0.5446 ms avg throuhgput (requests/sec) = 1034.0421 res=false
*==== INFO ====*  stream_id=2431996 latency=0.451224 ms (tx_ts=85335179531486, rx_ts=85335179982710) request_id=5050771 zil_blk_id=2431996 ccf_commit_seqno=5050771 nstreams_done_=608000 config.nstreams=1000000 avg_latency=0.5446 ms avg throuhgput (requests/sec) = 1034.0410 res=false
*==== INFO ====*  stream_id=2433996 latency=0.488945 ms (tx_ts=85335729132859, rx_ts=85335729621804) request_id=5054244 zil_blk_id=2433996 ccf_commit_seqno=5054244 nstreams_done_=608500 config.nstreams=1000000 avg_latency=0.5447 ms avg throuhgput (requests/sec) = 1033.9248 res=false
*==== INFO ====*  stream_id=2435996 latency=0.593871 ms (tx_ts=85336273067016, rx_ts=85336273660887) request_id=5057801 zil_blk_id=2435996 ccf_commit_seqno=5057801 nstreams_done_=609000 config.nstreams=1000000 avg_latency=0.5447 ms avg throuhgput (requests/sec) = 1033.8187 res=false
*==== INFO ====*  stream_id=2437996 latency=0.504764 ms (tx_ts=85336774919177, rx_ts=85336775423941) request_id=5061244 zil_blk_id=2437996 ccf_commit_seqno=5061244 nstreams_done_=609500 config.nstreams=1000000 avg_latency=0.5447 ms avg throuhgput (requests/sec) = 1033.7870 res=false
*==== INFO ====*  stream_id=2439996 latency=0.554207 ms (tx_ts=85337283404164, rx_ts=85337283958371) request_id=5064793 zil_blk_id=2439996 ccf_commit_seqno=5064793 nstreams_done_=610000 config.nstreams=1000000 avg_latency=0.5447 ms avg throuhgput (requests/sec) = 1033.7434 res=false
*==== INFO ====*  stream_id=2441996 latency=0.461894 ms (tx_ts=85337754946242, rx_ts=85337755408136) request_id=5068118 zil_blk_id=2441996 ccf_commit_seqno=5068118 nstreams_done_=610500 config.nstreams=1000000 avg_latency=0.5446 ms avg throuhgput (requests/sec) = 1033.7648 res=false
*==== INFO ====*  stream_id=2443996 latency=0.493674 ms (tx_ts=85338218543318, rx_ts=85338219036992) request_id=5071400 zil_blk_id=2443996 ccf_commit_seqno=5071400 nstreams_done_=611000 config.nstreams=1000000 avg_latency=0.5446 ms avg throuhgput (requests/sec) = 1033.7999 res=false
*==== INFO ====*  stream_id=2445996 latency=0.502851 ms (tx_ts=85338706272022, rx_ts=85338706774873) request_id=5074762 zil_blk_id=2445996 ccf_commit_seqno=5074762 nstreams_done_=611500 config.nstreams=1000000 avg_latency=0.5446 ms avg throuhgput (requests/sec) = 1033.7927 res=false
*==== INFO ====*  stream_id=2447996 latency=0.481691 ms (tx_ts=85339190720500, rx_ts=85339191202191) request_id=5078078 zil_blk_id=2447996 ccf_commit_seqno=5078078 nstreams_done_=612000 config.nstreams=1000000 avg_latency=0.5446 ms avg throuhgput (requests/sec) = 1033.7914 res=false
*==== INFO ====*  stream_id=2449996 latency=0.580176 ms (tx_ts=85339685178447, rx_ts=85339685758623) request_id=5081489 zil_blk_id=2449996 ccf_commit_seqno=5081489 nstreams_done_=612500 config.nstreams=1000000 avg_latency=0.5446 ms avg throuhgput (requests/sec) = 1033.7723 res=false
*==== INFO ====*  stream_id=2451996 latency=0.494856 ms (tx_ts=85340158493551, rx_ts=85340158988407) request_id=5084715 zil_blk_id=2451996 ccf_commit_seqno=5084715 nstreams_done_=613000 config.nstreams=1000000 avg_latency=0.5446 ms avg throuhgput (requests/sec) = 1033.7905 res=false
*==== INFO ====*  stream_id=2453996 latency=0.641780 ms (tx_ts=85340627645919, rx_ts=85340628287699) request_id=5087942 zil_blk_id=2453996 ccf_commit_seqno=5087943 nstreams_done_=613500 config.nstreams=1000000 avg_latency=0.5445 ms avg throuhgput (requests/sec) = 1033.8156 res=false
*==== INFO ====*  stream_id=2455996 latency=0.506728 ms (tx_ts=85341120642595, rx_ts=85341121149323) request_id=5091296 zil_blk_id=2455996 ccf_commit_seqno=5091296 nstreams_done_=614000 config.nstreams=1000000 avg_latency=0.5445 ms avg throuhgput (requests/sec) = 1033.7995 res=false
*==== INFO ====*  stream_id=2457996 latency=0.512860 ms (tx_ts=85341612880789, rx_ts=85341613393649) request_id=5094682 zil_blk_id=2457996 ccf_commit_seqno=5094682 nstreams_done_=614500 config.nstreams=1000000 avg_latency=0.5445 ms avg throuhgput (requests/sec) = 1033.7846 res=false
*==== INFO ====*  stream_id=2459996 latency=0.480849 ms (tx_ts=85342128975606, rx_ts=85342129456455) request_id=5098162 zil_blk_id=2459996 ccf_commit_seqno=5098162 nstreams_done_=615000 config.nstreams=1000000 avg_latency=0.5445 ms avg throuhgput (requests/sec) = 1033.7283 res=false
*==== INFO ====*  stream_id=2461996 latency=0.529330 ms (tx_ts=85342626201329, rx_ts=85342626730659) request_id=5101436 zil_blk_id=2461996 ccf_commit_seqno=5101436 nstreams_done_=615500 config.nstreams=1000000 avg_latency=0.5445 ms avg throuhgput (requests/sec) = 1033.7047 res=false
*==== INFO ====*  stream_id=2463996 latency=0.529320 ms (tx_ts=85343101635341, rx_ts=85343102164661) request_id=5104661 zil_blk_id=2463996 ccf_commit_seqno=5104661 nstreams_done_=616000 config.nstreams=1000000 avg_latency=0.5445 ms avg throuhgput (requests/sec) = 1033.7190 res=false
*==== INFO ====*  stream_id=2465996 latency=0.607116 ms (tx_ts=85343586059269, rx_ts=85343586666385) request_id=5107876 zil_blk_id=2465996 ccf_commit_seqno=5107877 nstreams_done_=616500 config.nstreams=1000000 avg_latency=0.5445 ms avg throuhgput (requests/sec) = 1033.7176 res=false
*==== INFO ====*  stream_id=2467996 latency=0.556080 ms (tx_ts=85344088157506, rx_ts=85344088713586) request_id=5111307 zil_blk_id=2467996 ccf_commit_seqno=5111307 nstreams_done_=617000 config.nstreams=1000000 avg_latency=0.5445 ms avg throuhgput (requests/sec) = 1033.6858 res=false
*==== INFO ====*  stream_id=2469996 latency=0.520714 ms (tx_ts=85344582213142, rx_ts=85344582733856) request_id=5114713 zil_blk_id=2469996 ccf_commit_seqno=5114713 nstreams_done_=617500 config.nstreams=1000000 avg_latency=0.5444 ms avg throuhgput (requests/sec) = 1033.6680 res=false
*==== INFO ====*  stream_id=2471996 latency=0.549427 ms (tx_ts=85345097094960, rx_ts=85345097644387) request_id=5118272 zil_blk_id=2471996 ccf_commit_seqno=5118272 nstreams_done_=618000 config.nstreams=1000000 avg_latency=0.5444 ms avg throuhgput (requests/sec) = 1033.6140 res=false
*==== INFO ====*  stream_id=2473996 latency=0.478064 ms (tx_ts=85345597871725, rx_ts=85345598349789) request_id=5121677 zil_blk_id=2473996 ccf_commit_seqno=5121677 nstreams_done_=618500 config.nstreams=1000000 avg_latency=0.5444 ms avg throuhgput (requests/sec) = 1033.5847 res=false
*==== INFO ====*  stream_id=2475996 latency=0.487242 ms (tx_ts=85346067443993, rx_ts=85346067931235) request_id=5124880 zil_blk_id=2475996 ccf_commit_seqno=5124880 nstreams_done_=619000 config.nstreams=1000000 avg_latency=0.5444 ms avg throuhgput (requests/sec) = 1033.6092 res=false
*==== INFO ====*  stream_id=2477996 latency=0.472704 ms (tx_ts=85346535516196, rx_ts=85346535988900) request_id=5128095 zil_blk_id=2477996 ccf_commit_seqno=5128095 nstreams_done_=619500 config.nstreams=1000000 avg_latency=0.5444 ms avg throuhgput (requests/sec) = 1033.6362 res=false
*==== INFO ====*  stream_id=2479996 latency=0.661588 ms (tx_ts=85347012355968, rx_ts=85347013017556) request_id=5131379 zil_blk_id=2479996 ccf_commit_seqno=5131379 nstreams_done_=620000 config.nstreams=1000000 avg_latency=0.5444 ms avg throuhgput (requests/sec) = 1033.6478 res=false
*==== INFO ====*  stream_id=2481996 latency=0.483925 ms (tx_ts=85347499884172, rx_ts=85347500368097) request_id=5134759 zil_blk_id=2481996 ccf_commit_seqno=5134759 nstreams_done_=620500 config.nstreams=1000000 avg_latency=0.5443 ms avg throuhgput (requests/sec) = 1033.6415 res=false
*==== INFO ====*  stream_id=2483996 latency=0.473847 ms (tx_ts=85347944089393, rx_ts=85347944563240) request_id=5137849 zil_blk_id=2483996 ccf_commit_seqno=5137849 nstreams_done_=621000 config.nstreams=1000000 avg_latency=0.5443 ms avg throuhgput (requests/sec) = 1033.7096 res=false
*==== INFO ====*  stream_id=2485996 latency=0.558876 ms (tx_ts=85348418148090, rx_ts=85348418706966) request_id=5141085 zil_blk_id=2485996 ccf_commit_seqno=5141086 nstreams_done_=621500 config.nstreams=1000000 avg_latency=0.5443 ms avg throuhgput (requests/sec) = 1033.7260 res=false
*==== INFO ====*  stream_id=2487996 latency=0.496629 ms (tx_ts=85348897478264, rx_ts=85348897974893) request_id=5144353 zil_blk_id=2487996 ccf_commit_seqno=5144353 nstreams_done_=622000 config.nstreams=1000000 avg_latency=0.5443 ms avg throuhgput (requests/sec) = 1033.7336 res=false
*==== INFO ====*  stream_id=2489996 latency=0.502980 ms (tx_ts=85349364818779, rx_ts=85349365321759) request_id=5147592 zil_blk_id=2489996 ccf_commit_seqno=5147592 nstreams_done_=622500 config.nstreams=1000000 avg_latency=0.5443 ms avg throuhgput (requests/sec) = 1033.7616 res=false
*==== INFO ====*  stream_id=2491996 latency=0.486731 ms (tx_ts=85349846868500, rx_ts=85349847355231) request_id=5150831 zil_blk_id=2491996 ccf_commit_seqno=5150831 nstreams_done_=623000 config.nstreams=1000000 avg_latency=0.5443 ms avg throuhgput (requests/sec) = 1033.7644 res=false
*==== INFO ====*  stream_id=2493996 latency=0.504173 ms (tx_ts=85350320874808, rx_ts=85350321378981) request_id=5154042 zil_blk_id=2493996 ccf_commit_seqno=5154042 nstreams_done_=623500 config.nstreams=1000000 avg_latency=0.5443 ms avg throuhgput (requests/sec) = 1033.7810 res=false
*==== INFO ====*  stream_id=2495996 latency=0.535691 ms (tx_ts=85350803128081, rx_ts=85350803663772) request_id=5157318 zil_blk_id=2495996 ccf_commit_seqno=5157318 nstreams_done_=624000 config.nstreams=1000000 avg_latency=0.5443 ms avg throuhgput (requests/sec) = 1033.7833 res=false
*==== INFO ====*  stream_id=2497996 latency=0.583762 ms (tx_ts=85351306087800, rx_ts=85351306671562) request_id=5160708 zil_blk_id=2497996 ccf_commit_seqno=5160708 nstreams_done_=624500 config.nstreams=1000000 avg_latency=0.5443 ms avg throuhgput (requests/sec) = 1033.7502 res=false
*==== INFO ====*  stream_id=2499996 latency=0.541843 ms (tx_ts=85351789831227, rx_ts=85351790373070) request_id=5164026 zil_blk_id=2499996 ccf_commit_seqno=5164027 nstreams_done_=625000 config.nstreams=1000000 avg_latency=0.5443 ms avg throuhgput (requests/sec) = 1033.7502 res=false
*==== INFO ====*  stream_id=2501996 latency=0.509183 ms (tx_ts=85352292906913, rx_ts=85352293416096) request_id=5167384 zil_blk_id=2501996 ccf_commit_seqno=5167384 nstreams_done_=625500 config.nstreams=1000000 avg_latency=0.5443 ms avg throuhgput (requests/sec) = 1033.7171 res=false
*==== INFO ====*  stream_id=2503996 latency=0.516065 ms (tx_ts=85352775725393, rx_ts=85352776241458) request_id=5170638 zil_blk_id=2503996 ccf_commit_seqno=5170638 nstreams_done_=626000 config.nstreams=1000000 avg_latency=0.5442 ms avg throuhgput (requests/sec) = 1033.7186 res=false
*==== INFO ====*  stream_id=2505996 latency=0.495426 ms (tx_ts=85353251555783, rx_ts=85353252051209) request_id=5173961 zil_blk_id=2505996 ccf_commit_seqno=5173961 nstreams_done_=626500 config.nstreams=1000000 avg_latency=0.5442 ms avg throuhgput (requests/sec) = 1033.7320 res=false
*==== INFO ====*  stream_id=2507996 latency=0.640157 ms (tx_ts=85353730151775, rx_ts=85353730791932) request_id=5177268 zil_blk_id=2507996 ccf_commit_seqno=5177269 nstreams_done_=627000 config.nstreams=1000000 avg_latency=0.5442 ms avg throuhgput (requests/sec) = 1033.7404 res=false
*==== INFO ====*  stream_id=2509996 latency=0.552804 ms (tx_ts=85354239492509, rx_ts=85354240045313) request_id=5180684 zil_blk_id=2509996 ccf_commit_seqno=5180684 nstreams_done_=627500 config.nstreams=1000000 avg_latency=0.5442 ms avg throuhgput (requests/sec) = 1033.6969 res=false
*==== INFO ====*  stream_id=2511996 latency=0.532024 ms (tx_ts=85354710491994, rx_ts=85354711024018) request_id=5183983 zil_blk_id=2511996 ccf_commit_seqno=5183983 nstreams_done_=628000 config.nstreams=1000000 avg_latency=0.5442 ms avg throuhgput (requests/sec) = 1033.7185 res=false
*==== INFO ====*  stream_id=2513996 latency=0.587649 ms (tx_ts=85355190972140, rx_ts=85355191559789) request_id=5187338 zil_blk_id=2513996 ccf_commit_seqno=5187338 nstreams_done_=628500 config.nstreams=1000000 avg_latency=0.5442 ms avg throuhgput (requests/sec) = 1033.7239 res=false
*==== INFO ====*  stream_id=2515996 latency=0.491028 ms (tx_ts=85355663229597, rx_ts=85355663720625) request_id=5190616 zil_blk_id=2515996 ccf_commit_seqno=5190616 nstreams_done_=629000 config.nstreams=1000000 avg_latency=0.5442 ms avg throuhgput (requests/sec) = 1033.7435 res=false
*==== INFO ====*  stream_id=2517996 latency=0.494404 ms (tx_ts=85356128448430, rx_ts=85356128942834) request_id=5193832 zil_blk_id=2517996 ccf_commit_seqno=5193832 nstreams_done_=629500 config.nstreams=1000000 avg_latency=0.5441 ms avg throuhgput (requests/sec) = 1033.7748 res=false
*==== INFO ====*  stream_id=2519996 latency=0.560308 ms (tx_ts=85356615337853, rx_ts=85356615898161) request_id=5197185 zil_blk_id=2519996 ccf_commit_seqno=5197186 nstreams_done_=630000 config.nstreams=1000000 avg_latency=0.5441 ms avg throuhgput (requests/sec) = 1033.7692 res=false
*==== INFO ====*  stream_id=2521996 latency=0.579744 ms (tx_ts=85357087296161, rx_ts=85357087875905) request_id=5200426 zil_blk_id=2521996 ccf_commit_seqno=5200426 nstreams_done_=630500 config.nstreams=1000000 avg_latency=0.5441 ms avg throuhgput (requests/sec) = 1033.7890 res=false
*==== INFO ====*  stream_id=2523996 latency=0.478385 ms (tx_ts=85357563072544, rx_ts=85357563550929) request_id=5203691 zil_blk_id=2523996 ccf_commit_seqno=5203691 nstreams_done_=631000 config.nstreams=1000000 avg_latency=0.5441 ms avg throuhgput (requests/sec) = 1033.8025 res=false
*==== INFO ====*  stream_id=2525996 latency=0.577821 ms (tx_ts=85358024538813, rx_ts=85358025116634) request_id=5206868 zil_blk_id=2525996 ccf_commit_seqno=5206868 nstreams_done_=631500 config.nstreams=1000000 avg_latency=0.5441 ms avg throuhgput (requests/sec) = 1033.8399 res=false
*==== INFO ====*  stream_id=2527996 latency=0.588370 ms (tx_ts=85358542996987, rx_ts=85358543585357) request_id=5210369 zil_blk_id=2527996 ccf_commit_seqno=5210369 nstreams_done_=632000 config.nstreams=1000000 avg_latency=0.5441 ms avg throuhgput (requests/sec) = 1033.7810 res=false
*==== INFO ====*  stream_id=2529996 latency=0.493283 ms (tx_ts=85359050785995, rx_ts=85359051279278) request_id=5213754 zil_blk_id=2529996 ccf_commit_seqno=5213754 nstreams_done_=632500 config.nstreams=1000000 avg_latency=0.5441 ms avg throuhgput (requests/sec) = 1033.7404 res=false
*==== INFO ====*  stream_id=2531996 latency=0.500487 ms (tx_ts=85359513092939, rx_ts=85359513593426) request_id=5216944 zil_blk_id=2531996 ccf_commit_seqno=5216944 nstreams_done_=633000 config.nstreams=1000000 avg_latency=0.5440 ms avg throuhgput (requests/sec) = 1033.7765 res=false
*==== INFO ====*  stream_id=2533996 latency=0.510434 ms (tx_ts=85359983242890, rx_ts=85359983753324) request_id=5220132 zil_blk_id=2533996 ccf_commit_seqno=5220132 nstreams_done_=633500 config.nstreams=1000000 avg_latency=0.5440 ms avg throuhgput (requests/sec) = 1033.7993 res=false
*==== INFO ====*  stream_id=2535996 latency=0.505846 ms (tx_ts=85360456290670, rx_ts=85360456796516) request_id=5223382 zil_blk_id=2535996 ccf_commit_seqno=5223383 nstreams_done_=634000 config.nstreams=1000000 avg_latency=0.5440 ms avg throuhgput (requests/sec) = 1033.8172 res=false
*==== INFO ====*  stream_id=2537996 latency=0.537295 ms (tx_ts=85360920206891, rx_ts=85360920744186) request_id=5226656 zil_blk_id=2537996 ccf_commit_seqno=5226656 nstreams_done_=634500 config.nstreams=1000000 avg_latency=0.5440 ms avg throuhgput (requests/sec) = 1033.8503 res=false
*==== INFO ====*  stream_id=2539996 latency=0.471732 ms (tx_ts=85361440559037, rx_ts=85361441030769) request_id=5230052 zil_blk_id=2539996 ccf_commit_seqno=5230052 nstreams_done_=635000 config.nstreams=1000000 avg_latency=0.5440 ms avg throuhgput (requests/sec) = 1033.7886 res=false
*==== INFO ====*  stream_id=2541996 latency=0.498352 ms (tx_ts=85361907616590, rx_ts=85361908114942) request_id=5233268 zil_blk_id=2541996 ccf_commit_seqno=5233268 nstreams_done_=635500 config.nstreams=1000000 avg_latency=0.5440 ms avg throuhgput (requests/sec) = 1033.8165 res=false
*==== INFO ====*  stream_id=2543996 latency=0.438140 ms (tx_ts=85362390552848, rx_ts=85362390990988) request_id=5236620 zil_blk_id=2543996 ccf_commit_seqno=5236620 nstreams_done_=636000 config.nstreams=1000000 avg_latency=0.5440 ms avg throuhgput (requests/sec) = 1033.8178 res=false
*==== INFO ====*  stream_id=2545996 latency=0.501278 ms (tx_ts=85362867451050, rx_ts=85362867952328) request_id=5239873 zil_blk_id=2545996 ccf_commit_seqno=5239873 nstreams_done_=636500 config.nstreams=1000000 avg_latency=0.5439 ms avg throuhgput (requests/sec) = 1033.8290 res=false
*==== INFO ====*  stream_id=2547996 latency=0.511988 ms (tx_ts=85363341283745, rx_ts=85363341795733) request_id=5243118 zil_blk_id=2547996 ccf_commit_seqno=5243118 nstreams_done_=637000 config.nstreams=1000000 avg_latency=0.5439 ms avg throuhgput (requests/sec) = 1033.8455 res=false
*==== INFO ====*  stream_id=2549996 latency=0.552313 ms (tx_ts=85363857029599, rx_ts=85363857581912) request_id=5246551 zil_blk_id=2549996 ccf_commit_seqno=5246551 nstreams_done_=637500 config.nstreams=1000000 avg_latency=0.5439 ms avg throuhgput (requests/sec) = 1033.7915 res=false
*==== INFO ====*  stream_id=2551996 latency=0.450522 ms (tx_ts=85364337792059, rx_ts=85364338242581) request_id=5249794 zil_blk_id=2551996 ccf_commit_seqno=5249794 nstreams_done_=638000 config.nstreams=1000000 avg_latency=0.5439 ms avg throuhgput (requests/sec) = 1033.7966 res=false
*==== INFO ====*  stream_id=2553996 latency=0.543406 ms (tx_ts=85364856952216, rx_ts=85364857495622) request_id=5253209 zil_blk_id=2553996 ccf_commit_seqno=5253209 nstreams_done_=638500 config.nstreams=1000000 avg_latency=0.5439 ms avg throuhgput (requests/sec) = 1033.7370 res=false
*==== INFO ====*  stream_id=2555996 latency=0.574254 ms (tx_ts=85365340971079, rx_ts=85365341545333) request_id=5256496 zil_blk_id=2555996 ccf_commit_seqno=5256497 nstreams_done_=639000 config.nstreams=1000000 avg_latency=0.5439 ms avg throuhgput (requests/sec) = 1033.7364 res=false
*==== INFO ====*  stream_id=2557996 latency=0.500968 ms (tx_ts=85365820560029, rx_ts=85365821060997) request_id=5259754 zil_blk_id=2557996 ccf_commit_seqno=5259754 nstreams_done_=639500 config.nstreams=1000000 avg_latency=0.5439 ms avg throuhgput (requests/sec) = 1033.7433 res=false
*==== INFO ====*  stream_id=2559996 latency=0.532526 ms (tx_ts=85366310642673, rx_ts=85366311175199) request_id=5263116 zil_blk_id=2559996 ccf_commit_seqno=5263116 nstreams_done_=640000 config.nstreams=1000000 avg_latency=0.5439 ms avg throuhgput (requests/sec) = 1033.7326 res=false
*==== INFO ====*  stream_id=2561996 latency=0.629197 ms (tx_ts=85366776441996, rx_ts=85366777071193) request_id=5266423 zil_blk_id=2561996 ccf_commit_seqno=5266423 nstreams_done_=640500 config.nstreams=1000000 avg_latency=0.5439 ms avg throuhgput (requests/sec) = 1033.7623 res=false
*==== INFO ====*  stream_id=2563996 latency=0.721248 ms (tx_ts=85367267620436, rx_ts=85367268341684) request_id=5269767 zil_blk_id=2563996 ccf_commit_seqno=5269767 nstreams_done_=641000 config.nstreams=1000000 avg_latency=0.5439 ms avg throuhgput (requests/sec) = 1033.7496 res=false
*==== INFO ====*  stream_id=2565996 latency=0.514652 ms (tx_ts=85367802989986, rx_ts=85367803504638) request_id=5273241 zil_blk_id=2565996 ccf_commit_seqno=5273241 nstreams_done_=641500 config.nstreams=1000000 avg_latency=0.5440 ms avg throuhgput (requests/sec) = 1033.6638 res=false
*==== INFO ====*  stream_id=2567996 latency=0.541894 ms (tx_ts=85368284760626, rx_ts=85368285302520) request_id=5276538 zil_blk_id=2567996 ccf_commit_seqno=5276538 nstreams_done_=642000 config.nstreams=1000000 avg_latency=0.5440 ms avg throuhgput (requests/sec) = 1033.6670 res=false
*==== INFO ====*  stream_id=2569996 latency=0.510485 ms (tx_ts=85368794121913, rx_ts=85368794632398) request_id=5279992 zil_blk_id=2569996 ccf_commit_seqno=5279992 nstreams_done_=642500 config.nstreams=1000000 avg_latency=0.5440 ms avg throuhgput (requests/sec) = 1033.6244 res=false
*==== INFO ====*  stream_id=2571996 latency=0.560057 ms (tx_ts=85369289330300, rx_ts=85369289890357) request_id=5283372 zil_blk_id=2571996 ccf_commit_seqno=5283373 nstreams_done_=643000 config.nstreams=1000000 avg_latency=0.5440 ms avg throuhgput (requests/sec) = 1033.6053 res=false
*==== INFO ====*  stream_id=2573996 latency=0.501788 ms (tx_ts=85369768253853, rx_ts=85369768755641) request_id=5286683 zil_blk_id=2573996 ccf_commit_seqno=5286683 nstreams_done_=643500 config.nstreams=1000000 avg_latency=0.5440 ms avg throuhgput (requests/sec) = 1033.6134 res=false
*==== INFO ====*  stream_id=2575996 latency=0.483074 ms (tx_ts=85370240623180, rx_ts=85370241106254) request_id=5289950 zil_blk_id=2575996 ccf_commit_seqno=5289950 nstreams_done_=644000 config.nstreams=1000000 avg_latency=0.5440 ms avg throuhgput (requests/sec) = 1033.6323 res=false
*==== INFO ====*  stream_id=2577996 latency=0.544829 ms (tx_ts=85370722296833, rx_ts=85370722841662) request_id=5293262 zil_blk_id=2577996 ccf_commit_seqno=5293263 nstreams_done_=644500 config.nstreams=1000000 avg_latency=0.5439 ms avg throuhgput (requests/sec) = 1033.6356 res=false
*==== INFO ====*  stream_id=2579996 latency=0.500796 ms (tx_ts=85371192738890, rx_ts=85371193239686) request_id=5296521 zil_blk_id=2579996 ccf_commit_seqno=5296521 nstreams_done_=645000 config.nstreams=1000000 avg_latency=0.5439 ms avg throuhgput (requests/sec) = 1033.6577 res=false
*==== INFO ====*  stream_id=2581996 latency=0.475870 ms (tx_ts=85371659019723, rx_ts=85371659495593) request_id=5299648 zil_blk_id=2581996 ccf_commit_seqno=5299648 nstreams_done_=645500 config.nstreams=1000000 avg_latency=0.5439 ms avg throuhgput (requests/sec) = 1033.6866 res=false
*==== INFO ====*  stream_id=2583996 latency=0.481721 ms (tx_ts=85372143081005, rx_ts=85372143562726) request_id=5302912 zil_blk_id=2583996 ccf_commit_seqno=5302912 nstreams_done_=646000 config.nstreams=1000000 avg_latency=0.5439 ms avg throuhgput (requests/sec) = 1033.6860 res=false
*==== INFO ====*  stream_id=2585996 latency=0.504123 ms (tx_ts=85372633157433, rx_ts=85372633661556) request_id=5306323 zil_blk_id=2585996 ccf_commit_seqno=5306323 nstreams_done_=646500 config.nstreams=1000000 avg_latency=0.5439 ms avg throuhgput (requests/sec) = 1033.6754 res=false
*==== INFO ====*  stream_id=2587996 latency=0.502911 ms (tx_ts=85373110724680, rx_ts=85373111227591) request_id=5309492 zil_blk_id=2587996 ccf_commit_seqno=5309492 nstreams_done_=647000 config.nstreams=1000000 avg_latency=0.5439 ms avg throuhgput (requests/sec) = 1033.6856 res=false
*==== INFO ====*  stream_id=2589996 latency=1.286565 ms (tx_ts=85373593176159, rx_ts=85373594462724) request_id=5312825 zil_blk_id=2589996 ccf_commit_seqno=5312825 nstreams_done_=647500 config.nstreams=1000000 avg_latency=0.5439 ms avg throuhgput (requests/sec) = 1033.6863 res=false
*==== INFO ====*  stream_id=2591996 latency=0.560995 ms (tx_ts=85374076819530, rx_ts=85374077380525) request_id=5316110 zil_blk_id=2591996 ccf_commit_seqno=5316110 nstreams_done_=648000 config.nstreams=1000000 avg_latency=0.5439 ms avg throuhgput (requests/sec) = 1033.6876 res=false
*==== INFO ====*  stream_id=2593996 latency=0.455161 ms (tx_ts=85374561296543, rx_ts=85374561751704) request_id=5319438 zil_blk_id=2593996 ccf_commit_seqno=5319438 nstreams_done_=648500 config.nstreams=1000000 avg_latency=0.5439 ms avg throuhgput (requests/sec) = 1033.6865 res=false
*==== INFO ====*  stream_id=2595996 latency=0.518720 ms (tx_ts=85375039915669, rx_ts=85375040434389) request_id=5322790 zil_blk_id=2595996 ccf_commit_seqno=5322790 nstreams_done_=649000 config.nstreams=1000000 avg_latency=0.5439 ms avg throuhgput (requests/sec) = 1033.6948 res=false
*==== INFO ====*  stream_id=2597996 latency=0.713303 ms (tx_ts=85375524681493, rx_ts=85375525394796) request_id=5326196 zil_blk_id=2597996 ccf_commit_seqno=5326197 nstreams_done_=649500 config.nstreams=1000000 avg_latency=0.5439 ms avg throuhgput (requests/sec) = 1033.6927 res=false
*==== INFO ====*  stream_id=2599996 latency=0.470830 ms (tx_ts=85376004966250, rx_ts=85376005437080) request_id=5329511 zil_blk_id=2599996 ccf_commit_seqno=5329511 nstreams_done_=650000 config.nstreams=1000000 avg_latency=0.5439 ms avg throuhgput (requests/sec) = 1033.6988 res=false
*==== INFO ====*  stream_id=2601996 latency=0.460501 ms (tx_ts=85376464441473, rx_ts=85376464901974) request_id=5332782 zil_blk_id=2601996 ccf_commit_seqno=5332782 nstreams_done_=650500 config.nstreams=1000000 avg_latency=0.5439 ms avg throuhgput (requests/sec) = 1033.7386 res=false
*==== INFO ====*  stream_id=2603996 latency=0.476070 ms (tx_ts=85376932221566, rx_ts=85376932697636) request_id=5335978 zil_blk_id=2603996 ccf_commit_seqno=5335978 nstreams_done_=651000 config.nstreams=1000000 avg_latency=0.5439 ms avg throuhgput (requests/sec) = 1033.7646 res=false
*==== INFO ====*  stream_id=2605996 latency=0.460291 ms (tx_ts=85377396802507, rx_ts=85377397262798) request_id=5339246 zil_blk_id=2605996 ccf_commit_seqno=5339246 nstreams_done_=651500 config.nstreams=1000000 avg_latency=0.5439 ms avg throuhgput (requests/sec) = 1033.7960 res=false
*==== INFO ====*  stream_id=2607996 latency=0.638575 ms (tx_ts=85377863608989, rx_ts=85377864247564) request_id=5342549 zil_blk_id=2607996 ccf_commit_seqno=5342549 nstreams_done_=652000 config.nstreams=1000000 avg_latency=0.5439 ms avg throuhgput (requests/sec) = 1033.8233 res=false
*==== INFO ====*  stream_id=2609996 latency=0.466192 ms (tx_ts=85378317049267, rx_ts=85378317515459) request_id=5345724 zil_blk_id=2609996 ccf_commit_seqno=5345724 nstreams_done_=652500 config.nstreams=1000000 avg_latency=0.5438 ms avg throuhgput (requests/sec) = 1033.8731 res=false
*==== INFO ====*  stream_id=2611996 latency=0.485658 ms (tx_ts=85378787806651, rx_ts=85378788292309) request_id=5348978 zil_blk_id=2611996 ccf_commit_seqno=5348978 nstreams_done_=653000 config.nstreams=1000000 avg_latency=0.5438 ms avg throuhgput (requests/sec) = 1033.8941 res=false
*==== INFO ====*  stream_id=2613996 latency=0.565107 ms (tx_ts=85379267142534, rx_ts=85379267707641) request_id=5352243 zil_blk_id=2613996 ccf_commit_seqno=5352244 nstreams_done_=653500 config.nstreams=1000000 avg_latency=0.5438 ms avg throuhgput (requests/sec) = 1033.9009 res=false
*==== INFO ====*  stream_id=2615996 latency=0.493593 ms (tx_ts=85379751372181, rx_ts=85379751865774) request_id=5355560 zil_blk_id=2615996 ccf_commit_seqno=5355560 nstreams_done_=654000 config.nstreams=1000000 avg_latency=0.5438 ms avg throuhgput (requests/sec) = 1033.9000 res=false
*==== INFO ====*  stream_id=2617996 latency=0.569756 ms (tx_ts=85380208899548, rx_ts=85380209469304) request_id=5358717 zil_blk_id=2617996 ccf_commit_seqno=5358718 nstreams_done_=654500 config.nstreams=1000000 avg_latency=0.5438 ms avg throuhgput (requests/sec) = 1033.9425 res=false
*==== INFO ====*  stream_id=2619996 latency=0.714426 ms (tx_ts=85380676996612, rx_ts=85380677711038) request_id=5361956 zil_blk_id=2619996 ccf_commit_seqno=5361956 nstreams_done_=655000 config.nstreams=1000000 avg_latency=0.5438 ms avg throuhgput (requests/sec) = 1033.9675 res=false
*==== INFO ====*  stream_id=2621996 latency=0.528077 ms (tx_ts=85381145088713, rx_ts=85381145616790) request_id=5365279 zil_blk_id=2621996 ccf_commit_seqno=5365279 nstreams_done_=655500 config.nstreams=1000000 avg_latency=0.5438 ms avg throuhgput (requests/sec) = 1033.9931 res=false
*==== INFO ====*  stream_id=2623996 latency=0.503071 ms (tx_ts=85381604469014, rx_ts=85381604972085) request_id=5368546 zil_blk_id=2623996 ccf_commit_seqno=5368546 nstreams_done_=656000 config.nstreams=1000000 avg_latency=0.5437 ms avg throuhgput (requests/sec) = 1034.0326 res=false
*==== INFO ====*  stream_id=2625996 latency=0.546131 ms (tx_ts=85382059063481, rx_ts=85382059609612) request_id=5371757 zil_blk_id=2625996 ccf_commit_seqno=5371757 nstreams_done_=656500 config.nstreams=1000000 avg_latency=0.5437 ms avg throuhgput (requests/sec) = 1034.0796 res=false
*==== INFO ====*  stream_id=2627996 latency=0.502600 ms (tx_ts=85382553646645, rx_ts=85382554149245) request_id=5375174 zil_blk_id=2627996 ccf_commit_seqno=5375174 nstreams_done_=657000 config.nstreams=1000000 avg_latency=0.5437 ms avg throuhgput (requests/sec) = 1034.0617 res=false
*==== INFO ====*  stream_id=2629996 latency=0.548226 ms (tx_ts=85383038262876, rx_ts=85383038811102) request_id=5378529 zil_blk_id=2629996 ccf_commit_seqno=5378530 nstreams_done_=657500 config.nstreams=1000000 avg_latency=0.5437 ms avg throuhgput (requests/sec) = 1034.0599 res=false
*==== INFO ====*  stream_id=2631996 latency=0.566289 ms (tx_ts=85383515861413, rx_ts=85383516427702) request_id=5381882 zil_blk_id=2631996 ccf_commit_seqno=5381883 nstreams_done_=658000 config.nstreams=1000000 avg_latency=0.5437 ms avg throuhgput (requests/sec) = 1034.0695 res=false
*==== INFO ====*  stream_id=2633996 latency=0.481681 ms (tx_ts=85383984830742, rx_ts=85383985312423) request_id=5385269 zil_blk_id=2633996 ccf_commit_seqno=5385269 nstreams_done_=658500 config.nstreams=1000000 avg_latency=0.5437 ms avg throuhgput (requests/sec) = 1034.0932 res=false
*==== INFO ====*  stream_id=2635996 latency=0.554457 ms (tx_ts=85384477210986, rx_ts=85384477765443) request_id=5388629 zil_blk_id=2635996 ccf_commit_seqno=5388629 nstreams_done_=659000 config.nstreams=1000000 avg_latency=0.5437 ms avg throuhgput (requests/sec) = 1034.0787 res=false
*==== INFO ====*  stream_id=2637996 latency=0.524041 ms (tx_ts=85384953515047, rx_ts=85384954039088) request_id=5391955 zil_blk_id=2637996 ccf_commit_seqno=5391955 nstreams_done_=659500 config.nstreams=1000000 avg_latency=0.5437 ms avg throuhgput (requests/sec) = 1034.0905 res=false
*==== INFO ====*  stream_id=2639996 latency=0.486089 ms (tx_ts=85385457894744, rx_ts=85385458380833) request_id=5395361 zil_blk_id=2639996 ccf_commit_seqno=5395361 nstreams_done_=660000 config.nstreams=1000000 avg_latency=0.5437 ms avg throuhgput (requests/sec) = 1034.0568 res=false
*==== INFO ====*  stream_id=2641996 latency=0.560538 ms (tx_ts=85385964390783, rx_ts=85385964951321) request_id=5398821 zil_blk_id=2641996 ccf_commit_seqno=5398821 nstreams_done_=660500 config.nstreams=1000000 avg_latency=0.5437 ms avg throuhgput (requests/sec) = 1034.0195 res=false
*==== INFO ====*  stream_id=2643996 latency=0.502420 ms (tx_ts=85386436178591, rx_ts=85386436681011) request_id=5402017 zil_blk_id=2643996 ccf_commit_seqno=5402017 nstreams_done_=661000 config.nstreams=1000000 avg_latency=0.5437 ms avg throuhgput (requests/sec) = 1034.0386 res=false
*==== INFO ====*  stream_id=2645996 latency=0.484155 ms (tx_ts=85386900474383, rx_ts=85386900958538) request_id=5405224 zil_blk_id=2645996 ccf_commit_seqno=5405224 nstreams_done_=661500 config.nstreams=1000000 avg_latency=0.5437 ms avg throuhgput (requests/sec) = 1034.0697 res=false
*==== INFO ====*  stream_id=2647996 latency=0.534159 ms (tx_ts=85387383947897, rx_ts=85387384482056) request_id=5408542 zil_blk_id=2647996 ccf_commit_seqno=5408543 nstreams_done_=662000 config.nstreams=1000000 avg_latency=0.5437 ms avg throuhgput (requests/sec) = 1034.0697 res=false
*==== INFO ====*  stream_id=2649996 latency=0.507099 ms (tx_ts=85387865447072, rx_ts=85387865954171) request_id=5411825 zil_blk_id=2649996 ccf_commit_seqno=5411825 nstreams_done_=662500 config.nstreams=1000000 avg_latency=0.5437 ms avg throuhgput (requests/sec) = 1034.0730 res=false
*==== INFO ====*  stream_id=2651996 latency=0.512248 ms (tx_ts=85388347945630, rx_ts=85388348457878) request_id=5415113 zil_blk_id=2651996 ccf_commit_seqno=5415113 nstreams_done_=663000 config.nstreams=1000000 avg_latency=0.5437 ms avg throuhgput (requests/sec) = 1034.0747 res=false
*==== INFO ====*  stream_id=2653996 latency=0.482242 ms (tx_ts=85388805925332, rx_ts=85388806407574) request_id=5418293 zil_blk_id=2653996 ccf_commit_seqno=5418293 nstreams_done_=663500 config.nstreams=1000000 avg_latency=0.5437 ms avg throuhgput (requests/sec) = 1034.1159 res=false
*==== INFO ====*  stream_id=2655996 latency=0.477353 ms (tx_ts=85389264957993, rx_ts=85389265435346) request_id=5421569 zil_blk_id=2655996 ccf_commit_seqno=5421569 nstreams_done_=664000 config.nstreams=1000000 avg_latency=0.5436 ms avg throuhgput (requests/sec) = 1034.1553 res=false
*==== INFO ====*  stream_id=2657996 latency=0.497199 ms (tx_ts=85389733026483, rx_ts=85389733523682) request_id=5424874 zil_blk_id=2657996 ccf_commit_seqno=5424874 nstreams_done_=664500 config.nstreams=1000000 avg_latency=0.5436 ms avg throuhgput (requests/sec) = 1034.1801 res=false
*==== INFO ====*  stream_id=2659996 latency=0.559487 ms (tx_ts=85390194153011, rx_ts=85390194712498) request_id=5428151 zil_blk_id=2659996 ccf_commit_seqno=5428151 nstreams_done_=665000 config.nstreams=1000000 avg_latency=0.5436 ms avg throuhgput (requests/sec) = 1034.2160 res=false
*==== INFO ====*  stream_id=2661996 latency=0.436235 ms (tx_ts=85390656176648, rx_ts=85390656612883) request_id=5431303 zil_blk_id=2661996 ccf_commit_seqno=5431303 nstreams_done_=665500 config.nstreams=1000000 avg_latency=0.5436 ms avg throuhgput (requests/sec) = 1034.2506 res=false
*==== INFO ====*  stream_id=2663996 latency=0.476862 ms (tx_ts=85391114320748, rx_ts=85391114797610) request_id=5434457 zil_blk_id=2663996 ccf_commit_seqno=5434457 nstreams_done_=666000 config.nstreams=1000000 avg_latency=0.5436 ms avg throuhgput (requests/sec) = 1034.2912 res=false
*==== INFO ====*  stream_id=2665996 latency=0.512348 ms (tx_ts=85391622116414, rx_ts=85391622628762) request_id=5437936 zil_blk_id=2665996 ccf_commit_seqno=5437936 nstreams_done_=666500 config.nstreams=1000000 avg_latency=0.5436 ms avg throuhgput (requests/sec) = 1034.2520 res=false
*==== INFO ====*  stream_id=2667996 latency=0.504363 ms (tx_ts=85392113318565, rx_ts=85392113822928) request_id=5441350 zil_blk_id=2667996 ccf_commit_seqno=5441350 nstreams_done_=667000 config.nstreams=1000000 avg_latency=0.5436 ms avg throuhgput (requests/sec) = 1034.2396 res=false
*==== INFO ====*  stream_id=2669996 latency=0.541674 ms (tx_ts=85392589103573, rx_ts=85392589645247) request_id=5444627 zil_blk_id=2669996 ccf_commit_seqno=5444627 nstreams_done_=667500 config.nstreams=1000000 avg_latency=0.5435 ms avg throuhgput (requests/sec) = 1034.2518 res=false
*==== INFO ====*  stream_id=2671996 latency=0.475720 ms (tx_ts=85393082814606, rx_ts=85393083290326) request_id=5448022 zil_blk_id=2671996 ccf_commit_seqno=5448022 nstreams_done_=668000 config.nstreams=1000000 avg_latency=0.5435 ms avg throuhgput (requests/sec) = 1034.2354 res=false
*==== INFO ====*  stream_id=2673996 latency=0.660726 ms (tx_ts=85393618373606, rx_ts=85393619034332) request_id=5451533 zil_blk_id=2673996 ccf_commit_seqno=5451533 nstreams_done_=668500 config.nstreams=1000000 avg_latency=0.5435 ms avg throuhgput (requests/sec) = 1034.1518 res=false
*==== INFO ====*  stream_id=2675996 latency=0.472204 ms (tx_ts=85394126297637, rx_ts=85394126769841) request_id=5455033 zil_blk_id=2675996 ccf_commit_seqno=5455033 nstreams_done_=669000 config.nstreams=1000000 avg_latency=0.5435 ms avg throuhgput (requests/sec) = 1034.1130 res=false
*==== INFO ====*  stream_id=2677996 latency=0.521064 ms (tx_ts=85394647020863, rx_ts=85394647541927) request_id=5458648 zil_blk_id=2677996 ccf_commit_seqno=5458649 nstreams_done_=669500 config.nstreams=1000000 avg_latency=0.5435 ms avg throuhgput (requests/sec) = 1034.0535 res=false
*==== INFO ====*  stream_id=2679996 latency=0.512759 ms (tx_ts=85395142968780, rx_ts=85395143481539) request_id=5461988 zil_blk_id=2679996 ccf_commit_seqno=5461988 nstreams_done_=670000 config.nstreams=1000000 avg_latency=0.5435 ms avg throuhgput (requests/sec) = 1034.0337 res=false
*==== INFO ====*  stream_id=2681996 latency=0.628215 ms (tx_ts=85395657870216, rx_ts=85395658498431) request_id=5465506 zil_blk_id=2681996 ccf_commit_seqno=5465507 nstreams_done_=670500 config.nstreams=1000000 avg_latency=0.5435 ms avg throuhgput (requests/sec) = 1033.9835 res=false
*==== INFO ====*  stream_id=2683996 latency=0.520212 ms (tx_ts=85396175509484, rx_ts=85396176029696) request_id=5469068 zil_blk_id=2683996 ccf_commit_seqno=5469068 nstreams_done_=671000 config.nstreams=1000000 avg_latency=0.5435 ms avg throuhgput (requests/sec) = 1033.9294 res=false
*==== INFO ====*  stream_id=2685996 latency=0.569175 ms (tx_ts=85396702019079, rx_ts=85396702588254) request_id=5472565 zil_blk_id=2685996 ccf_commit_seqno=5472567 nstreams_done_=671500 config.nstreams=1000000 avg_latency=0.5435 ms avg throuhgput (requests/sec) = 1033.8610 res=false
*==== INFO ====*  stream_id=2687996 latency=0.540972 ms (tx_ts=85397215542557, rx_ts=85397216083529) request_id=5476027 zil_blk_id=2687996 ccf_commit_seqno=5476028 nstreams_done_=672000 config.nstreams=1000000 avg_latency=0.5435 ms avg throuhgput (requests/sec) = 1033.8135 res=false
*==== INFO ====*  stream_id=2689996 latency=0.520283 ms (tx_ts=85397723518824, rx_ts=85397724039107) request_id=5479559 zil_blk_id=2689996 ccf_commit_seqno=5479559 nstreams_done_=672500 config.nstreams=1000000 avg_latency=0.5435 ms avg throuhgput (requests/sec) = 1033.7749 res=false
*==== INFO ====*  stream_id=2691996 latency=0.441967 ms (tx_ts=85398241822034, rx_ts=85398242264001) request_id=5483081 zil_blk_id=2691996 ccf_commit_seqno=5483081 nstreams_done_=673000 config.nstreams=1000000 avg_latency=0.5435 ms avg throuhgput (requests/sec) = 1033.7200 res=false
*==== INFO ====*  stream_id=2693996 latency=0.463707 ms (tx_ts=85398783382142, rx_ts=85398783845849) request_id=5486739 zil_blk_id=2693996 ccf_commit_seqno=5486739 nstreams_done_=673500 config.nstreams=1000000 avg_latency=0.5435 ms avg throuhgput (requests/sec) = 1033.6281 res=false
*==== INFO ====*  stream_id=2695996 latency=0.510796 ms (tx_ts=85399293122416, rx_ts=85399293633212) request_id=5490237 zil_blk_id=2695996 ccf_commit_seqno=5490238 nstreams_done_=674000 config.nstreams=1000000 avg_latency=0.5435 ms avg throuhgput (requests/sec) = 1033.5868 res=false
*==== INFO ====*  stream_id=2697996 latency=0.452486 ms (tx_ts=85399802814230, rx_ts=85399803266716) request_id=5493666 zil_blk_id=2697996 ccf_commit_seqno=5493666 nstreams_done_=674500 config.nstreams=1000000 avg_latency=0.5434 ms avg throuhgput (requests/sec) = 1033.5458 res=false
*==== INFO ====*  stream_id=2699996 latency=0.456775 ms (tx_ts=85400306196452, rx_ts=85400306653227) request_id=5497171 zil_blk_id=2699996 ccf_commit_seqno=5497171 nstreams_done_=675000 config.nstreams=1000000 avg_latency=0.5434 ms avg throuhgput (requests/sec) = 1033.5148 res=false
*==== INFO ====*  stream_id=2701996 latency=0.492471 ms (tx_ts=85400801240946, rx_ts=85400801733417) request_id=5500643 zil_blk_id=2701996 ccf_commit_seqno=5500643 nstreams_done_=675500 config.nstreams=1000000 avg_latency=0.5434 ms avg throuhgput (requests/sec) = 1033.4969 res=false
*==== INFO ====*  stream_id=2703996 latency=0.508892 ms (tx_ts=85401294172683, rx_ts=85401294681575) request_id=5504066 zil_blk_id=2703996 ccf_commit_seqno=5504066 nstreams_done_=676000 config.nstreams=1000000 avg_latency=0.5434 ms avg throuhgput (requests/sec) = 1033.4825 res=false
*==== INFO ====*  stream_id=2705996 latency=0.479597 ms (tx_ts=85401778655487, rx_ts=85401779135084) request_id=5507488 zil_blk_id=2705996 ccf_commit_seqno=5507488 nstreams_done_=676500 config.nstreams=1000000 avg_latency=0.5434 ms avg throuhgput (requests/sec) = 1033.4815 res=false
*==== INFO ====*  stream_id=2707996 latency=0.620942 ms (tx_ts=85402246688124, rx_ts=85402247309066) request_id=5510806 zil_blk_id=2707996 ccf_commit_seqno=5510807 nstreams_done_=677000 config.nstreams=1000000 avg_latency=0.5434 ms avg throuhgput (requests/sec) = 1033.5061 res=false
*==== INFO ====*  stream_id=2709996 latency=0.465681 ms (tx_ts=85402721860418, rx_ts=85402722326099) request_id=5514103 zil_blk_id=2709996 ccf_commit_seqno=5514103 nstreams_done_=677500 config.nstreams=1000000 avg_latency=0.5434 ms avg throuhgput (requests/sec) = 1033.5199 res=false
*==== INFO ====*  stream_id=2711996 latency=0.515594 ms (tx_ts=85403196985691, rx_ts=85403197501285) request_id=5517421 zil_blk_id=2711996 ccf_commit_seqno=5517421 nstreams_done_=678000 config.nstreams=1000000 avg_latency=0.5434 ms avg throuhgput (requests/sec) = 1033.5335 res=false
*==== INFO ====*  stream_id=2713996 latency=0.511317 ms (tx_ts=85403687488741, rx_ts=85403688000058) request_id=5520844 zil_blk_id=2713996 ccf_commit_seqno=5520844 nstreams_done_=678500 config.nstreams=1000000 avg_latency=0.5434 ms avg throuhgput (requests/sec) = 1033.5229 res=false
*==== INFO ====*  stream_id=2715996 latency=0.498520 ms (tx_ts=85404163492270, rx_ts=85404163990790) request_id=5524123 zil_blk_id=2715996 ccf_commit_seqno=5524123 nstreams_done_=679000 config.nstreams=1000000 avg_latency=0.5434 ms avg throuhgput (requests/sec) = 1033.5352 res=false
*==== INFO ====*  stream_id=2717996 latency=0.532897 ms (tx_ts=85404686022793, rx_ts=85404686555690) request_id=5527457 zil_blk_id=2717996 ccf_commit_seqno=5527457 nstreams_done_=679500 config.nstreams=1000000 avg_latency=0.5434 ms avg throuhgput (requests/sec) = 1033.4742 res=false
*==== INFO ====*  stream_id=2719996 latency=0.505956 ms (tx_ts=85405145591379, rx_ts=85405146097335) request_id=5530661 zil_blk_id=2719996 ccf_commit_seqno=5530661 nstreams_done_=680000 config.nstreams=1000000 avg_latency=0.5434 ms avg throuhgput (requests/sec) = 1033.5123 res=false
*==== INFO ====*  stream_id=2721996 latency=0.634597 ms (tx_ts=85405621137488, rx_ts=85405621772085) request_id=5533973 zil_blk_id=2721996 ccf_commit_seqno=5533973 nstreams_done_=680500 config.nstreams=1000000 avg_latency=0.5434 ms avg throuhgput (requests/sec) = 1033.5251 res=false
*==== INFO ====*  stream_id=2723996 latency=0.509263 ms (tx_ts=85406102525060, rx_ts=85406103034323) request_id=5537271 zil_blk_id=2723996 ccf_commit_seqno=5537271 nstreams_done_=681000 config.nstreams=1000000 avg_latency=0.5434 ms avg throuhgput (requests/sec) = 1033.5290 res=false
*==== INFO ====*  stream_id=2725996 latency=0.482092 ms (tx_ts=85406605704260, rx_ts=85406606186352) request_id=5540767 zil_blk_id=2725996 ccf_commit_seqno=5540767 nstreams_done_=681500 config.nstreams=1000000 avg_latency=0.5434 ms avg throuhgput (requests/sec) = 1033.4986 res=false
*==== INFO ====*  stream_id=2727996 latency=0.497430 ms (tx_ts=85407121052485, rx_ts=85407121549915) request_id=5544295 zil_blk_id=2727996 ccf_commit_seqno=5544295 nstreams_done_=682000 config.nstreams=1000000 avg_latency=0.5434 ms avg throuhgput (requests/sec) = 1033.4492 res=false
*==== INFO ====*  stream_id=2729996 latency=0.504043 ms (tx_ts=85407632670493, rx_ts=85407633174536) request_id=5547815 zil_blk_id=2729996 ccf_commit_seqno=5547815 nstreams_done_=682500 config.nstreams=1000000 avg_latency=0.5434 ms avg throuhgput (requests/sec) = 1033.4057 res=false
*==== INFO ====*  stream_id=2731996 latency=0.536584 ms (tx_ts=85408152519945, rx_ts=85408153056529) request_id=5551289 zil_blk_id=2731996 ccf_commit_seqno=5551289 nstreams_done_=683000 config.nstreams=1000000 avg_latency=0.5434 ms avg throuhgput (requests/sec) = 1033.3493 res=false
*==== INFO ====*  stream_id=2733996 latency=0.504373 ms (tx_ts=85408658189379, rx_ts=85408658693752) request_id=5554684 zil_blk_id=2733996 ccf_commit_seqno=5554684 nstreams_done_=683500 config.nstreams=1000000 avg_latency=0.5434 ms avg throuhgput (requests/sec) = 1033.3153 res=false
*==== INFO ====*  stream_id=2735996 latency=0.514482 ms (tx_ts=85409162477309, rx_ts=85409162991791) request_id=5558052 zil_blk_id=2735996 ccf_commit_seqno=5558052 nstreams_done_=684000 config.nstreams=1000000 avg_latency=0.5434 ms avg throuhgput (requests/sec) = 1033.2834 res=false
*==== INFO ====*  stream_id=2737996 latency=0.515764 ms (tx_ts=85409622432608, rx_ts=85409622948372) request_id=5561338 zil_blk_id=2737996 ccf_commit_seqno=5561338 nstreams_done_=684500 config.nstreams=1000000 avg_latency=0.5434 ms avg throuhgput (requests/sec) = 1033.3208 res=false
*==== INFO ====*  stream_id=2739996 latency=0.496789 ms (tx_ts=85410112207129, rx_ts=85410112703918) request_id=5564738 zil_blk_id=2739996 ccf_commit_seqno=5564738 nstreams_done_=685000 config.nstreams=1000000 avg_latency=0.5434 ms avg throuhgput (requests/sec) = 1033.3116 res=false
*==== INFO ====*  stream_id=2741996 latency=0.705559 ms (tx_ts=85410586744157, rx_ts=85410587449716) request_id=5568024 zil_blk_id=2741996 ccf_commit_seqno=5568026 nstreams_done_=685500 config.nstreams=1000000 avg_latency=0.5434 ms avg throuhgput (requests/sec) = 1033.3258 res=false
*==== INFO ====*  stream_id=2743996 latency=0.515565 ms (tx_ts=85411050173668, rx_ts=85411050689233) request_id=5571254 zil_blk_id=2743996 ccf_commit_seqno=5571254 nstreams_done_=686000 config.nstreams=1000000 avg_latency=0.5434 ms avg throuhgput (requests/sec) = 1033.3580 res=false
*==== INFO ====*  stream_id=2745996 latency=0.495923 ms (tx_ts=85411541864525, rx_ts=85411542360448) request_id=5574665 zil_blk_id=2745996 ccf_commit_seqno=5574665 nstreams_done_=686500 config.nstreams=1000000 avg_latency=0.5434 ms avg throuhgput (requests/sec) = 1033.3458 res=false
*==== INFO ====*  stream_id=2747996 latency=0.547084 ms (tx_ts=85412021650598, rx_ts=85412022197682) request_id=5577983 zil_blk_id=2747996 ccf_commit_seqno=5577983 nstreams_done_=687000 config.nstreams=1000000 avg_latency=0.5434 ms avg throuhgput (requests/sec) = 1033.3521 res=false
*==== INFO ====*  stream_id=2749996 latency=0.579043 ms (tx_ts=85412514954467, rx_ts=85412515533510) request_id=5581317 zil_blk_id=2749996 ccf_commit_seqno=5581317 nstreams_done_=687500 config.nstreams=1000000 avg_latency=0.5434 ms avg throuhgput (requests/sec) = 1033.3374 res=false
*==== INFO ====*  stream_id=2751996 latency=0.553025 ms (tx_ts=85413006720125, rx_ts=85413007273150) request_id=5584647 zil_blk_id=2751996 ccf_commit_seqno=5584647 nstreams_done_=688000 config.nstreams=1000000 avg_latency=0.5434 ms avg throuhgput (requests/sec) = 1033.3251 res=false
*==== INFO ====*  stream_id=2753996 latency=0.567852 ms (tx_ts=85413471213730, rx_ts=85413471781582) request_id=5587860 zil_blk_id=2753996 ccf_commit_seqno=5587860 nstreams_done_=688500 config.nstreams=1000000 avg_latency=0.5434 ms avg throuhgput (requests/sec) = 1033.3552 res=false
*==== INFO ====*  stream_id=2755996 latency=0.475939 ms (tx_ts=85413979916774, rx_ts=85413980392713) request_id=5591228 zil_blk_id=2755996 ccf_commit_seqno=5591228 nstreams_done_=689000 config.nstreams=1000000 avg_latency=0.5434 ms avg throuhgput (requests/sec) = 1033.3168 res=false
*==== INFO ====*  stream_id=2757996 latency=0.479526 ms (tx_ts=85414442487666, rx_ts=85414442967192) request_id=5594389 zil_blk_id=2757996 ccf_commit_seqno=5594389 nstreams_done_=689500 config.nstreams=1000000 avg_latency=0.5434 ms avg throuhgput (requests/sec) = 1033.3498 res=false
*==== INFO ====*  stream_id=2759996 latency=0.483394 ms (tx_ts=85414896220364, rx_ts=85414896703758) request_id=5597554 zil_blk_id=2759996 ccf_commit_seqno=5597554 nstreams_done_=690000 config.nstreams=1000000 avg_latency=0.5434 ms avg throuhgput (requests/sec) = 1033.3964 res=false
*==== INFO ====*  stream_id=2761996 latency=0.601134 ms (tx_ts=85415358221174, rx_ts=85415358822308) request_id=5600770 zil_blk_id=2761996 ccf_commit_seqno=5600770 nstreams_done_=690500 config.nstreams=1000000 avg_latency=0.5433 ms avg throuhgput (requests/sec) = 1033.4300 res=false
*==== INFO ====*  stream_id=2763996 latency=0.608788 ms (tx_ts=85415838475631, rx_ts=85415839084419) request_id=5604036 zil_blk_id=2763996 ccf_commit_seqno=5604037 nstreams_done_=691000 config.nstreams=1000000 avg_latency=0.5434 ms avg throuhgput (requests/sec) = 1033.4355 res=false
*==== INFO ====*  stream_id=2765996 latency=0.489154 ms (tx_ts=85416297069226, rx_ts=85416297558380) request_id=5607257 zil_blk_id=2765996 ccf_commit_seqno=5607257 nstreams_done_=691500 config.nstreams=1000000 avg_latency=0.5433 ms avg throuhgput (requests/sec) = 1033.4747 res=false
*==== INFO ====*  stream_id=2767996 latency=0.462796 ms (tx_ts=85416763628820, rx_ts=85416764091616) request_id=5610566 zil_blk_id=2767996 ccf_commit_seqno=5610566 nstreams_done_=692000 config.nstreams=1000000 avg_latency=0.5433 ms avg throuhgput (requests/sec) = 1033.5014 res=false
*==== INFO ====*  stream_id=2769996 latency=0.512569 ms (tx_ts=85417217045751, rx_ts=85417217558320) request_id=5613799 zil_blk_id=2769996 ccf_commit_seqno=5613799 nstreams_done_=692500 config.nstreams=1000000 avg_latency=0.5433 ms avg throuhgput (requests/sec) = 1033.5481 res=false
*==== INFO ====*  stream_id=2771996 latency=0.469087 ms (tx_ts=85417667419317, rx_ts=85417667888404) request_id=5616950 zil_blk_id=2771996 ccf_commit_seqno=5616950 nstreams_done_=693000 config.nstreams=1000000 avg_latency=0.5433 ms avg throuhgput (requests/sec) = 1033.5997 res=false
*==== INFO ====*  stream_id=2773996 latency=0.525984 ms (tx_ts=85418117142607, rx_ts=85418117668591) request_id=5620086 zil_blk_id=2773996 ccf_commit_seqno=5620087 nstreams_done_=693500 config.nstreams=1000000 avg_latency=0.5433 ms avg throuhgput (requests/sec) = 1033.6520 res=false
*==== INFO ====*  stream_id=2775996 latency=0.481440 ms (tx_ts=85418560560964, rx_ts=85418561042404) request_id=5623193 zil_blk_id=2775996 ccf_commit_seqno=5623193 nstreams_done_=694000 config.nstreams=1000000 avg_latency=0.5432 ms avg throuhgput (requests/sec) = 1033.7141 res=false
*==== INFO ====*  stream_id=2777996 latency=0.482603 ms (tx_ts=85419032653503, rx_ts=85419033136106) request_id=5626448 zil_blk_id=2777996 ccf_commit_seqno=5626448 nstreams_done_=694500 config.nstreams=1000000 avg_latency=0.5432 ms avg throuhgput (requests/sec) = 1033.7320 res=false
*==== INFO ====*  stream_id=2779996 latency=0.494815 ms (tx_ts=85419495122548, rx_ts=85419495617363) request_id=5629691 zil_blk_id=2779996 ccf_commit_seqno=5629691 nstreams_done_=695000 config.nstreams=1000000 avg_latency=0.5432 ms avg throuhgput (requests/sec) = 1033.7646 res=false
*==== INFO ====*  stream_id=2781996 latency=0.464809 ms (tx_ts=85419969242187, rx_ts=85419969706996) request_id=5632968 zil_blk_id=2781996 ccf_commit_seqno=5632968 nstreams_done_=695500 config.nstreams=1000000 avg_latency=0.5432 ms avg throuhgput (requests/sec) = 1033.7793 res=false
*==== INFO ====*  stream_id=2783996 latency=0.454310 ms (tx_ts=85420444963206, rx_ts=85420445417516) request_id=5636273 zil_blk_id=2783996 ccf_commit_seqno=5636273 nstreams_done_=696000 config.nstreams=1000000 avg_latency=0.5432 ms avg throuhgput (requests/sec) = 1033.7915 res=false
*==== INFO ====*  stream_id=2785996 latency=0.478685 ms (tx_ts=85420905710260, rx_ts=85420906188945) request_id=5639554 zil_blk_id=2785996 ccf_commit_seqno=5639554 nstreams_done_=696500 config.nstreams=1000000 avg_latency=0.5432 ms avg throuhgput (requests/sec) = 1033.8266 res=false
*==== INFO ====*  stream_id=2787996 latency=0.512999 ms (tx_ts=85421363336815, rx_ts=85421363849814) request_id=5642841 zil_blk_id=2787996 ccf_commit_seqno=5642841 nstreams_done_=697000 config.nstreams=1000000 avg_latency=0.5432 ms avg throuhgput (requests/sec) = 1033.8665 res=false
*==== INFO ====*  stream_id=2789996 latency=0.549267 ms (tx_ts=85421840476744, rx_ts=85421841026011) request_id=5646084 zil_blk_id=2789996 ccf_commit_seqno=5646084 nstreams_done_=697500 config.nstreams=1000000 avg_latency=0.5432 ms avg throuhgput (requests/sec) = 1033.8763 res=false
*==== INFO ====*  stream_id=2791996 latency=0.607386 ms (tx_ts=85422293249831, rx_ts=85422293857217) request_id=5649274 zil_blk_id=2791996 ccf_commit_seqno=5649275 nstreams_done_=698000 config.nstreams=1000000 avg_latency=0.5432 ms avg throuhgput (requests/sec) = 1033.9235 res=false
*==== INFO ====*  stream_id=2793996 latency=0.545751 ms (tx_ts=85422772116359, rx_ts=85422772662110) request_id=5652505 zil_blk_id=2793996 ccf_commit_seqno=5652506 nstreams_done_=698500 config.nstreams=1000000 avg_latency=0.5432 ms avg throuhgput (requests/sec) = 1033.9308 res=false
*==== INFO ====*  stream_id=2795996 latency=0.685843 ms (tx_ts=85423241890286, rx_ts=85423242576129) request_id=5655750 zil_blk_id=2795996 ccf_commit_seqno=5655751 nstreams_done_=699000 config.nstreams=1000000 avg_latency=0.5431 ms avg throuhgput (requests/sec) = 1033.9517 res=false
*==== INFO ====*  stream_id=2797996 latency=0.491689 ms (tx_ts=85423716368033, rx_ts=85423716859722) request_id=5659025 zil_blk_id=2797996 ccf_commit_seqno=5659025 nstreams_done_=699500 config.nstreams=1000000 avg_latency=0.5431 ms avg throuhgput (requests/sec) = 1033.9659 res=false
*==== INFO ====*  stream_id=2799996 latency=0.534781 ms (tx_ts=85424192577562, rx_ts=85424193112343) request_id=5662382 zil_blk_id=2799996 ccf_commit_seqno=5662383 nstreams_done_=700000 config.nstreams=1000000 avg_latency=0.5431 ms avg throuhgput (requests/sec) = 1033.9771 res=false
*==== INFO ====*  stream_id=2801996 latency=0.503361 ms (tx_ts=85424647992243, rx_ts=85424648495604) request_id=5665629 zil_blk_id=2801996 ccf_commit_seqno=5665629 nstreams_done_=700500 config.nstreams=1000000 avg_latency=0.5431 ms avg throuhgput (requests/sec) = 1034.0201 res=false
*==== INFO ====*  stream_id=2803996 latency=0.481608 ms (tx_ts=85425118719719, rx_ts=85425119201327) request_id=5668919 zil_blk_id=2803996 ccf_commit_seqno=5668919 nstreams_done_=701000 config.nstreams=1000000 avg_latency=0.5431 ms avg throuhgput (requests/sec) = 1034.0397 res=false
*==== INFO ====*  stream_id=2805996 latency=0.472154 ms (tx_ts=85425593967817, rx_ts=85425594439971) request_id=5672125 zil_blk_id=2805996 ccf_commit_seqno=5672125 nstreams_done_=701500 config.nstreams=1000000 avg_latency=0.5431 ms avg throuhgput (requests/sec) = 1034.0524 res=false
*==== INFO ====*  stream_id=2807996 latency=0.526906 ms (tx_ts=85426077628917, rx_ts=85426078155823) request_id=5675463 zil_blk_id=2807996 ccf_commit_seqno=5675463 nstreams_done_=702000 config.nstreams=1000000 avg_latency=0.5431 ms avg throuhgput (requests/sec) = 1034.0521 res=false
*==== INFO ====*  stream_id=2809996 latency=0.542735 ms (tx_ts=85426541153883, rx_ts=85426541696618) request_id=5678607 zil_blk_id=2809996 ccf_commit_seqno=5678607 nstreams_done_=702500 config.nstreams=1000000 avg_latency=0.5431 ms avg throuhgput (requests/sec) = 1034.0825 res=false
*==== INFO ====*  stream_id=2811996 latency=0.545300 ms (tx_ts=85427052537835, rx_ts=85427053083135) request_id=5681963 zil_blk_id=2811996 ccf_commit_seqno=5681963 nstreams_done_=703000 config.nstreams=1000000 avg_latency=0.5431 ms avg throuhgput (requests/sec) = 1034.0402 res=false
*==== INFO ====*  stream_id=2813996 latency=0.496929 ms (tx_ts=85427527035095, rx_ts=85427527532024) request_id=5685300 zil_blk_id=2813996 ccf_commit_seqno=5685300 nstreams_done_=703500 config.nstreams=1000000 avg_latency=0.5431 ms avg throuhgput (requests/sec) = 1034.0540 res=false
*==== INFO ====*  stream_id=2815996 latency=0.614719 ms (tx_ts=85428008128309, rx_ts=85428008743028) request_id=5688589 zil_blk_id=2815996 ccf_commit_seqno=5688589 nstreams_done_=704000 config.nstreams=1000000 avg_latency=0.5431 ms avg throuhgput (requests/sec) = 1034.0575 res=false
*==== INFO ====*  stream_id=2817996 latency=0.466643 ms (tx_ts=85428487287835, rx_ts=85428487754478) request_id=5691931 zil_blk_id=2817996 ccf_commit_seqno=5691931 nstreams_done_=704500 config.nstreams=1000000 avg_latency=0.5431 ms avg throuhgput (requests/sec) = 1034.0644 res=false
*==== INFO ====*  stream_id=2819996 latency=0.537015 ms (tx_ts=85428966203520, rx_ts=85428966740535) request_id=5695171 zil_blk_id=2819996 ccf_commit_seqno=5695171 nstreams_done_=705000 config.nstreams=1000000 avg_latency=0.5431 ms avg throuhgput (requests/sec) = 1034.0713 res=false
*==== INFO ====*  stream_id=2821996 latency=0.552372 ms (tx_ts=85429448853859, rx_ts=85429449406231) request_id=5698494 zil_blk_id=2821996 ccf_commit_seqno=5698494 nstreams_done_=705500 config.nstreams=1000000 avg_latency=0.5431 ms avg throuhgput (requests/sec) = 1034.0726 res=false
*==== INFO ====*  stream_id=2823996 latency=0.565487 ms (tx_ts=85429938106749, rx_ts=85429938672236) request_id=5701834 zil_blk_id=2823996 ccf_commit_seqno=5701834 nstreams_done_=706000 config.nstreams=1000000 avg_latency=0.5431 ms avg throuhgput (requests/sec) = 1034.0639 res=false
*==== INFO ====*  stream_id=2825996 latency=0.591065 ms (tx_ts=85430395719981, rx_ts=85430396311046) request_id=5705016 zil_blk_id=2825996 ccf_commit_seqno=5705016 nstreams_done_=706500 config.nstreams=1000000 avg_latency=0.5431 ms avg throuhgput (requests/sec) = 1034.1031 res=false
*==== INFO ====*  stream_id=2827996 latency=0.494444 ms (tx_ts=85430863621591, rx_ts=85430864116035) request_id=5708272 zil_blk_id=2827996 ccf_commit_seqno=5708272 nstreams_done_=707000 config.nstreams=1000000 avg_latency=0.5431 ms avg throuhgput (requests/sec) = 1034.1268 res=false
*==== INFO ====*  stream_id=2829996 latency=0.539558 ms (tx_ts=85431328924062, rx_ts=85431329463620) request_id=5711468 zil_blk_id=2829996 ccf_commit_seqno=5711468 nstreams_done_=707500 config.nstreams=1000000 avg_latency=0.5431 ms avg throuhgput (requests/sec) = 1034.1543 res=false
*==== INFO ====*  stream_id=2831996 latency=0.511446 ms (tx_ts=85431816382875, rx_ts=85431816894321) request_id=5714806 zil_blk_id=2831996 ccf_commit_seqno=5714806 nstreams_done_=708000 config.nstreams=1000000 avg_latency=0.5430 ms avg throuhgput (requests/sec) = 1034.1483 res=false
*==== INFO ====*  stream_id=2833996 latency=0.489675 ms (tx_ts=85432287543904, rx_ts=85432288033579) request_id=5718118 zil_blk_id=2833996 ccf_commit_seqno=5718118 nstreams_done_=708500 config.nstreams=1000000 avg_latency=0.5430 ms avg throuhgput (requests/sec) = 1034.1669 res=false
*==== INFO ====*  stream_id=2835996 latency=0.468525 ms (tx_ts=85432746321476, rx_ts=85432746790001) request_id=5721296 zil_blk_id=2835996 ccf_commit_seqno=5721296 nstreams_done_=709000 config.nstreams=1000000 avg_latency=0.5430 ms avg throuhgput (requests/sec) = 1034.2042 res=false
*==== INFO ====*  stream_id=2837996 latency=0.536895 ms (tx_ts=85433219512827, rx_ts=85433220049722) request_id=5724567 zil_blk_id=2837996 ccf_commit_seqno=5724567 nstreams_done_=709500 config.nstreams=1000000 avg_latency=0.5430 ms avg throuhgput (requests/sec) = 1034.2196 res=false
*==== INFO ====*  stream_id=2839996 latency=0.522617 ms (tx_ts=85433689235261, rx_ts=85433689757878) request_id=5727818 zil_blk_id=2839996 ccf_commit_seqno=5727818 nstreams_done_=710000 config.nstreams=1000000 avg_latency=0.5430 ms avg throuhgput (requests/sec) = 1034.2403 res=false
*==== INFO ====*  stream_id=2841996 latency=0.528939 ms (tx_ts=85434160126052, rx_ts=85434160654991) request_id=5731149 zil_blk_id=2841996 ccf_commit_seqno=5731149 nstreams_done_=710500 config.nstreams=1000000 avg_latency=0.5430 ms avg throuhgput (requests/sec) = 1034.2592 res=false
*==== INFO ====*  stream_id=2843996 latency=0.523329 ms (tx_ts=85434655536162, rx_ts=85434656059491) request_id=5734501 zil_blk_id=2843996 ccf_commit_seqno=5734501 nstreams_done_=711000 config.nstreams=1000000 avg_latency=0.5430 ms avg throuhgput (requests/sec) = 1034.2412 res=false
*==== INFO ====*  stream_id=2845996 latency=0.464870 ms (tx_ts=85435142163989, rx_ts=85435142628859) request_id=5737895 zil_blk_id=2845996 ccf_commit_seqno=5737895 nstreams_done_=711500 config.nstreams=1000000 avg_latency=0.5430 ms avg throuhgput (requests/sec) = 1034.2365 res=false
*==== INFO ====*  stream_id=2847996 latency=0.472594 ms (tx_ts=85435629503184, rx_ts=85435629975778) request_id=5741239 zil_blk_id=2847996 ccf_commit_seqno=5741239 nstreams_done_=712000 config.nstreams=1000000 avg_latency=0.5430 ms avg throuhgput (requests/sec) = 1034.2307 res=false
*==== INFO ====*  stream_id=2849996 latency=0.529491 ms (tx_ts=85436119229793, rx_ts=85436119759284) request_id=5744648 zil_blk_id=2849996 ccf_commit_seqno=5744648 nstreams_done_=712500 config.nstreams=1000000 avg_latency=0.5430 ms avg throuhgput (requests/sec) = 1034.2212 res=false
*==== INFO ====*  stream_id=2851996 latency=0.469638 ms (tx_ts=85436571102252, rx_ts=85436571571890) request_id=5747837 zil_blk_id=2851996 ccf_commit_seqno=5747837 nstreams_done_=713000 config.nstreams=1000000 avg_latency=0.5430 ms avg throuhgput (requests/sec) = 1034.2686 res=false
*==== INFO ====*  stream_id=2853996 latency=0.518130 ms (tx_ts=85437049112862, rx_ts=85437049630992) request_id=5751102 zil_blk_id=2853996 ccf_commit_seqno=5751102 nstreams_done_=713500 config.nstreams=1000000 avg_latency=0.5430 ms avg throuhgput (requests/sec) = 1034.2767 res=false
*==== INFO ====*  stream_id=2855996 latency=0.586467 ms (tx_ts=85437509754848, rx_ts=85437510341315) request_id=5754276 zil_blk_id=2855996 ccf_commit_seqno=5754276 nstreams_done_=714000 config.nstreams=1000000 avg_latency=0.5429 ms avg throuhgput (requests/sec) = 1034.3107 res=false
*==== INFO ====*  stream_id=2857996 latency=0.493569 ms (tx_ts=85437978440833, rx_ts=85437978934402) request_id=5757515 zil_blk_id=2857996 ccf_commit_seqno=5757515 nstreams_done_=714500 config.nstreams=1000000 avg_latency=0.5429 ms avg throuhgput (requests/sec) = 1034.3329 res=false
*==== INFO ====*  stream_id=2859996 latency=0.529881 ms (tx_ts=85438436724271, rx_ts=85438437254152) request_id=5760715 zil_blk_id=2859996 ccf_commit_seqno=5760715 nstreams_done_=715000 config.nstreams=1000000 avg_latency=0.5429 ms avg throuhgput (requests/sec) = 1034.3705 res=false
*==== INFO ====*  stream_id=2861996 latency=0.485167 ms (tx_ts=85438904487273, rx_ts=85438904972440) request_id=5763948 zil_blk_id=2861996 ccf_commit_seqno=5763948 nstreams_done_=715500 config.nstreams=1000000 avg_latency=0.5429 ms avg throuhgput (requests/sec) = 1034.3939 res=false
*==== INFO ====*  stream_id=2863996 latency=0.490808 ms (tx_ts=85439377622527, rx_ts=85439378113335) request_id=5767257 zil_blk_id=2863996 ccf_commit_seqno=5767257 nstreams_done_=716000 config.nstreams=1000000 avg_latency=0.5429 ms avg throuhgput (requests/sec) = 1034.4092 res=false
*==== INFO ====*  stream_id=2865996 latency=0.500155 ms (tx_ts=85439878293426, rx_ts=85439878793581) request_id=5770618 zil_blk_id=2865996 ccf_commit_seqno=5770618 nstreams_done_=716500 config.nstreams=1000000 avg_latency=0.5429 ms avg throuhgput (requests/sec) = 1034.3833 res=false
*==== INFO ====*  stream_id=2867996 latency=0.513320 ms (tx_ts=85440386943001, rx_ts=85440387456321) request_id=5774083 zil_blk_id=2867996 ccf_commit_seqno=5774083 nstreams_done_=717000 config.nstreams=1000000 avg_latency=0.5429 ms avg throuhgput (requests/sec) = 1034.3456 res=false
*==== INFO ====*  stream_id=2869996 latency=0.569135 ms (tx_ts=85440874103459, rx_ts=85440874672594) request_id=5777417 zil_blk_id=2869996 ccf_commit_seqno=5777417 nstreams_done_=717500 config.nstreams=1000000 avg_latency=0.5429 ms avg throuhgput (requests/sec) = 1034.3399 res=false
*==== INFO ====*  stream_id=2871996 latency=0.560067 ms (tx_ts=85441328435660, rx_ts=85441328995727) request_id=5780565 zil_blk_id=2871996 ccf_commit_seqno=5780565 nstreams_done_=718000 config.nstreams=1000000 avg_latency=0.5429 ms avg throuhgput (requests/sec) = 1034.3832 res=false
*==== INFO ====*  stream_id=2873996 latency=0.465490 ms (tx_ts=85441790126500, rx_ts=85441790591990) request_id=5783777 zil_blk_id=2873996 ccf_commit_seqno=5783777 nstreams_done_=718500 config.nstreams=1000000 avg_latency=0.5429 ms avg throuhgput (requests/sec) = 1034.4157 res=false
*==== INFO ====*  stream_id=2875996 latency=0.466693 ms (tx_ts=85442242976575, rx_ts=85442243443268) request_id=5786962 zil_blk_id=2875996 ccf_commit_seqno=5786962 nstreams_done_=719000 config.nstreams=1000000 avg_latency=0.5428 ms avg throuhgput (requests/sec) = 1034.4611 res=false
*==== INFO ====*  stream_id=2877996 latency=0.492691 ms (tx_ts=85442701842854, rx_ts=85442702335545) request_id=5790111 zil_blk_id=2877996 ccf_commit_seqno=5790111 nstreams_done_=719500 config.nstreams=1000000 avg_latency=0.5428 ms avg throuhgput (requests/sec) = 1034.4974 res=false
*==== INFO ====*  stream_id=2879996 latency=0.510084 ms (tx_ts=85443174755672, rx_ts=85443175265756) request_id=5793317 zil_blk_id=2879996 ccf_commit_seqno=5793317 nstreams_done_=720000 config.nstreams=1000000 avg_latency=0.5428 ms avg throuhgput (requests/sec) = 1034.5129 res=false
*==== INFO ====*  stream_id=2881996 latency=0.554216 ms (tx_ts=85443633079904, rx_ts=85443633634120) request_id=5796520 zil_blk_id=2881996 ccf_commit_seqno=5796520 nstreams_done_=720500 config.nstreams=1000000 avg_latency=0.5428 ms avg throuhgput (requests/sec) = 1034.5500 res=false
*==== INFO ====*  stream_id=2883996 latency=0.463918 ms (tx_ts=85444136163666, rx_ts=85444136627584) request_id=5799931 zil_blk_id=2883996 ccf_commit_seqno=5799931 nstreams_done_=721000 config.nstreams=1000000 avg_latency=0.5429 ms avg throuhgput (requests/sec) = 1034.5207 res=false
*==== INFO ====*  stream_id=2885996 latency=0.550740 ms (tx_ts=85444626313459, rx_ts=85444626864199) request_id=5803309 zil_blk_id=2885996 ccf_commit_seqno=5803309 nstreams_done_=721500 config.nstreams=1000000 avg_latency=0.5429 ms avg throuhgput (requests/sec) = 1034.5105 res=false
*==== INFO ====*  stream_id=2887996 latency=1.682426 ms (tx_ts=85445124306932, rx_ts=85445125989358) request_id=5806726 zil_blk_id=2887996 ccf_commit_seqno=5806727 nstreams_done_=722000 config.nstreams=1000000 avg_latency=0.5429 ms avg throuhgput (requests/sec) = 1034.4870 res=false
*==== INFO ====*  stream_id=2889996 latency=0.497900 ms (tx_ts=85445621428362, rx_ts=85445621926262) request_id=5810105 zil_blk_id=2889996 ccf_commit_seqno=5810105 nstreams_done_=722500 config.nstreams=1000000 avg_latency=0.5429 ms avg throuhgput (requests/sec) = 1034.4684 res=false
*==== INFO ====*  stream_id=2891996 latency=0.535671 ms (tx_ts=85446111488930, rx_ts=85446112024601) request_id=5813525 zil_blk_id=2891996 ccf_commit_seqno=5813525 nstreams_done_=723000 config.nstreams=1000000 avg_latency=0.5429 ms avg throuhgput (requests/sec) = 1034.4584 res=false
*==== INFO ====*  stream_id=2893996 latency=0.501376 ms (tx_ts=85446575190328, rx_ts=85446575691704) request_id=5816748 zil_blk_id=2893996 ccf_commit_seqno=5816748 nstreams_done_=723500 config.nstreams=1000000 avg_latency=0.5428 ms avg throuhgput (requests/sec) = 1034.4875 res=false
*==== INFO ====*  stream_id=2895996 latency=0.526614 ms (tx_ts=85447090035720, rx_ts=85447090562334) request_id=5820131 zil_blk_id=2895996 ccf_commit_seqno=5820132 nstreams_done_=724000 config.nstreams=1000000 avg_latency=0.5429 ms avg throuhgput (requests/sec) = 1034.4409 res=false
*==== INFO ====*  stream_id=2897996 latency=0.499723 ms (tx_ts=85447557924002, rx_ts=85447558423725) request_id=5823409 zil_blk_id=2897996 ccf_commit_seqno=5823409 nstreams_done_=724500 config.nstreams=1000000 avg_latency=0.5429 ms avg throuhgput (requests/sec) = 1034.4637 res=false
*==== INFO ====*  stream_id=2899996 latency=0.517367 ms (tx_ts=85448054636441, rx_ts=85448055153808) request_id=5826766 zil_blk_id=2899996 ccf_commit_seqno=5826766 nstreams_done_=725000 config.nstreams=1000000 avg_latency=0.5429 ms avg throuhgput (requests/sec) = 1034.4440 res=false
*==== INFO ====*  stream_id=2901996 latency=0.462856 ms (tx_ts=85448499724769, rx_ts=85448500187625) request_id=5829928 zil_blk_id=2901996 ccf_commit_seqno=5829928 nstreams_done_=725500 config.nstreams=1000000 avg_latency=0.5428 ms avg throuhgput (requests/sec) = 1034.5005 res=false
*==== INFO ====*  stream_id=2903996 latency=0.479377 ms (tx_ts=85448988982239, rx_ts=85448989461616) request_id=5833244 zil_blk_id=2903996 ccf_commit_seqno=5833244 nstreams_done_=726000 config.nstreams=1000000 avg_latency=0.5428 ms avg throuhgput (requests/sec) = 1034.4917 res=false
*==== INFO ====*  stream_id=2905996 latency=0.562452 ms (tx_ts=85449435889022, rx_ts=85449436451474) request_id=5836413 zil_blk_id=2905996 ccf_commit_seqno=5836413 nstreams_done_=726500 config.nstreams=1000000 avg_latency=0.5428 ms avg throuhgput (requests/sec) = 1034.5453 res=false
*==== INFO ====*  stream_id=2907996 latency=0.449842 ms (tx_ts=85449898517357, rx_ts=85449898967199) request_id=5839653 zil_blk_id=2907996 ccf_commit_seqno=5839653 nstreams_done_=727000 config.nstreams=1000000 avg_latency=0.5428 ms avg throuhgput (requests/sec) = 1034.5759 res=false
*==== INFO ====*  stream_id=2909996 latency=0.485748 ms (tx_ts=85450334998028, rx_ts=85450335483776) request_id=5842797 zil_blk_id=2909996 ccf_commit_seqno=5842797 nstreams_done_=727500 config.nstreams=1000000 avg_latency=0.5428 ms avg throuhgput (requests/sec) = 1034.6447 res=false
*==== INFO ====*  stream_id=2911996 latency=0.451084 ms (tx_ts=85450839054715, rx_ts=85450839505799) request_id=5846281 zil_blk_id=2911996 ccf_commit_seqno=5846281 nstreams_done_=728000 config.nstreams=1000000 avg_latency=0.5427 ms avg throuhgput (requests/sec) = 1034.6142 res=false
*==== INFO ====*  stream_id=2913996 latency=0.443940 ms (tx_ts=85451340874172, rx_ts=85451341318112) request_id=5849771 zil_blk_id=2913996 ccf_commit_seqno=5849771 nstreams_done_=728500 config.nstreams=1000000 avg_latency=0.5427 ms avg throuhgput (requests/sec) = 1034.5869 res=false
*==== INFO ====*  stream_id=2915996 latency=0.472854 ms (tx_ts=85451856066455, rx_ts=85451856539309) request_id=5853341 zil_blk_id=2915996 ccf_commit_seqno=5853341 nstreams_done_=729000 config.nstreams=1000000 avg_latency=0.5427 ms avg throuhgput (requests/sec) = 1034.5400 res=false
*==== INFO ====*  stream_id=2917996 latency=0.525242 ms (tx_ts=85452342845273, rx_ts=85452343370515) request_id=5856729 zil_blk_id=2917996 ccf_commit_seqno=5856729 nstreams_done_=729500 config.nstreams=1000000 avg_latency=0.5427 ms avg throuhgput (requests/sec) = 1034.5349 res=false
*==== INFO ====*  stream_id=2919996 latency=0.510575 ms (tx_ts=85452828856238, rx_ts=85452829366813) request_id=5860057 zil_blk_id=2919996 ccf_commit_seqno=5860057 nstreams_done_=730000 config.nstreams=1000000 avg_latency=0.5427 ms avg throuhgput (requests/sec) = 1034.5309 res=false
*==== INFO ====*  stream_id=2921996 latency=0.509893 ms (tx_ts=85453318775747, rx_ts=85453319285640) request_id=5863443 zil_blk_id=2921996 ccf_commit_seqno=5863443 nstreams_done_=730500 config.nstreams=1000000 avg_latency=0.5427 ms avg throuhgput (requests/sec) = 1034.5212 res=false
*==== INFO ====*  stream_id=2923996 latency=0.509563 ms (tx_ts=85453827322859, rx_ts=85453827832422) request_id=5866910 zil_blk_id=2923996 ccf_commit_seqno=5866910 nstreams_done_=731000 config.nstreams=1000000 avg_latency=0.5427 ms avg throuhgput (requests/sec) = 1034.4843 res=false
*==== INFO ====*  stream_id=2925996 latency=0.480017 ms (tx_ts=85454301187047, rx_ts=85454301667064) request_id=5870175 zil_blk_id=2925996 ccf_commit_seqno=5870175 nstreams_done_=731500 config.nstreams=1000000 avg_latency=0.5427 ms avg throuhgput (requests/sec) = 1034.4982 res=false
*==== INFO ====*  stream_id=2927996 latency=0.476541 ms (tx_ts=85454787647808, rx_ts=85454788124349) request_id=5873539 zil_blk_id=2927996 ccf_commit_seqno=5873539 nstreams_done_=732000 config.nstreams=1000000 avg_latency=0.5427 ms avg throuhgput (requests/sec) = 1034.4936 res=false
*==== INFO ====*  stream_id=2929996 latency=0.486679 ms (tx_ts=85455253490402, rx_ts=85455253977081) request_id=5876744 zil_blk_id=2929996 ccf_commit_seqno=5876744 nstreams_done_=732500 config.nstreams=1000000 avg_latency=0.5427 ms avg throuhgput (requests/sec) = 1034.5191 res=false
*==== INFO ====*  stream_id=2931996 latency=0.486670 ms (tx_ts=85455740571031, rx_ts=85455741057701) request_id=5880006 zil_blk_id=2931996 ccf_commit_seqno=5880006 nstreams_done_=733000 config.nstreams=1000000 avg_latency=0.5427 ms avg throuhgput (requests/sec) = 1034.5136 res=false
*==== INFO ====*  stream_id=2933996 latency=0.453458 ms (tx_ts=85456236809986, rx_ts=85456237263444) request_id=5883348 zil_blk_id=2933996 ccf_commit_seqno=5883348 nstreams_done_=733500 config.nstreams=1000000 avg_latency=0.5427 ms avg throuhgput (requests/sec) = 1034.4948 res=false
*==== INFO ====*  stream_id=2935996 latency=0.475729 ms (tx_ts=85456698510152, rx_ts=85456698985881) request_id=5886549 zil_blk_id=2935996 ccf_commit_seqno=5886549 nstreams_done_=734000 config.nstreams=1000000 avg_latency=0.5427 ms avg throuhgput (requests/sec) = 1034.5263 res=false
*==== INFO ====*  stream_id=2937996 latency=0.519582 ms (tx_ts=85457178859731, rx_ts=85457179379313) request_id=5889855 zil_blk_id=2937996 ccf_commit_seqno=5889855 nstreams_done_=734500 config.nstreams=1000000 avg_latency=0.5427 ms avg throuhgput (requests/sec) = 1034.5306 res=false
*==== INFO ====*  stream_id=2939996 latency=0.454711 ms (tx_ts=85457669284062, rx_ts=85457669738773) request_id=5893165 zil_blk_id=2939996 ccf_commit_seqno=5893165 nstreams_done_=735000 config.nstreams=1000000 avg_latency=0.5427 ms avg throuhgput (requests/sec) = 1034.5203 res=false
*==== INFO ====*  stream_id=2941996 latency=0.526284 ms (tx_ts=85458152272682, rx_ts=85458152798966) request_id=5896430 zil_blk_id=2941996 ccf_commit_seqno=5896430 nstreams_done_=735500 config.nstreams=1000000 avg_latency=0.5427 ms avg throuhgput (requests/sec) = 1034.5207 res=false
*==== INFO ====*  stream_id=2943996 latency=3.543286 ms (tx_ts=85458681555035, rx_ts=85458685098321) request_id=5900005 zil_blk_id=2943996 ccf_commit_seqno=5900005 nstreams_done_=736000 config.nstreams=1000000 avg_latency=0.5427 ms avg throuhgput (requests/sec) = 1034.4495 res=false
*==== INFO ====*  stream_id=2945996 latency=0.459289 ms (tx_ts=85459149048583, rx_ts=85459149507872) request_id=5903212 zil_blk_id=2945996 ccf_commit_seqno=5903212 nstreams_done_=736500 config.nstreams=1000000 avg_latency=0.5427 ms avg throuhgput (requests/sec) = 1034.4770 res=false
*==== INFO ====*  stream_id=2947996 latency=0.693377 ms (tx_ts=85459627399755, rx_ts=85459628093132) request_id=5906473 zil_blk_id=2947996 ccf_commit_seqno=5906474 nstreams_done_=737000 config.nstreams=1000000 avg_latency=0.5427 ms avg throuhgput (requests/sec) = 1034.4839 res=false
*==== INFO ====*  stream_id=2949996 latency=0.593940 ms (tx_ts=85460108160484, rx_ts=85460108754424) request_id=5909788 zil_blk_id=2949996 ccf_commit_seqno=5909789 nstreams_done_=737500 config.nstreams=1000000 avg_latency=0.5427 ms avg throuhgput (requests/sec) = 1034.4878 res=false
*==== INFO ====*  stream_id=2951996 latency=0.703315 ms (tx_ts=85460592336159, rx_ts=85460593039474) request_id=5913150 zil_blk_id=2951996 ccf_commit_seqno=5913152 nstreams_done_=738000 config.nstreams=1000000 avg_latency=0.5427 ms avg throuhgput (requests/sec) = 1034.4864 res=false
*==== INFO ====*  stream_id=2953996 latency=0.464178 ms (tx_ts=85461103345394, rx_ts=85461103809572) request_id=5916529 zil_blk_id=2953996 ccf_commit_seqno=5916529 nstreams_done_=738500 config.nstreams=1000000 avg_latency=0.5427 ms avg throuhgput (requests/sec) = 1034.4466 res=false
*==== INFO ====*  stream_id=2955996 latency=0.478966 ms (tx_ts=85461572695258, rx_ts=85461573174224) request_id=5919725 zil_blk_id=2955996 ccf_commit_seqno=5919725 nstreams_done_=739000 config.nstreams=1000000 avg_latency=0.5427 ms avg throuhgput (requests/sec) = 1034.4669 res=false
*==== INFO ====*  stream_id=2957996 latency=0.487973 ms (tx_ts=85462068664372, rx_ts=85462069152345) request_id=5923044 zil_blk_id=2957996 ccf_commit_seqno=5923044 nstreams_done_=739500 config.nstreams=1000000 avg_latency=0.5427 ms avg throuhgput (requests/sec) = 1034.4486 res=false
*==== INFO ====*  stream_id=2959996 latency=0.463797 ms (tx_ts=85462553206006, rx_ts=85462553669803) request_id=5926321 zil_blk_id=2959996 ccf_commit_seqno=5926321 nstreams_done_=740000 config.nstreams=1000000 avg_latency=0.5426 ms avg throuhgput (requests/sec) = 1034.4469 res=false
*==== INFO ====*  stream_id=2961996 latency=0.574591 ms (tx_ts=85463045467971, rx_ts=85463046042562) request_id=5929764 zil_blk_id=2961996 ccf_commit_seqno=5929764 nstreams_done_=740500 config.nstreams=1000000 avg_latency=0.5426 ms avg throuhgput (requests/sec) = 1034.4339 res=false
*==== INFO ====*  stream_id=2963996 latency=0.546131 ms (tx_ts=85463539953727, rx_ts=85463540499858) request_id=5933140 zil_blk_id=2963996 ccf_commit_seqno=5933140 nstreams_done_=741000 config.nstreams=1000000 avg_latency=0.5426 ms avg throuhgput (requests/sec) = 1034.4178 res=false
*==== INFO ====*  stream_id=2965996 latency=0.673279 ms (tx_ts=85464023981414, rx_ts=85464024654693) request_id=5936461 zil_blk_id=2965996 ccf_commit_seqno=5936462 nstreams_done_=741500 config.nstreams=1000000 avg_latency=0.5426 ms avg throuhgput (requests/sec) = 1034.4167 res=false
*==== INFO ====*  stream_id=2967996 latency=0.552813 ms (tx_ts=85464491176005, rx_ts=85464491728818) request_id=5939702 zil_blk_id=2967996 ccf_commit_seqno=5939703 nstreams_done_=742000 config.nstreams=1000000 avg_latency=0.5426 ms avg throuhgput (requests/sec) = 1034.4402 res=false
*==== INFO ====*  stream_id=2969996 latency=0.621442 ms (tx_ts=85464965808441, rx_ts=85464966429883) request_id=5942964 zil_blk_id=2969996 ccf_commit_seqno=5942964 nstreams_done_=742500 config.nstreams=1000000 avg_latency=0.5426 ms avg throuhgput (requests/sec) = 1034.4527 res=false
*==== INFO ====*  stream_id=2971996 latency=0.476978 ms (tx_ts=85465489939549, rx_ts=85465490416527) request_id=5946528 zil_blk_id=2971996 ccf_commit_seqno=5946528 nstreams_done_=743000 config.nstreams=1000000 avg_latency=0.5426 ms avg throuhgput (requests/sec) = 1034.3941 res=false
*==== INFO ====*  stream_id=2973996 latency=0.474027 ms (tx_ts=85465986823320, rx_ts=85465987297347) request_id=5949862 zil_blk_id=2973996 ccf_commit_seqno=5949862 nstreams_done_=743500 config.nstreams=1000000 avg_latency=0.5426 ms avg throuhgput (requests/sec) = 1034.3747 res=false
*==== INFO ====*  stream_id=2975996 latency=0.496498 ms (tx_ts=85466455320053, rx_ts=85466455816551) request_id=5953047 zil_blk_id=2975996 ccf_commit_seqno=5953047 nstreams_done_=744000 config.nstreams=1000000 avg_latency=0.5426 ms avg throuhgput (requests/sec) = 1034.3961 res=false
*==== INFO ====*  stream_id=2977996 latency=0.498442 ms (tx_ts=85466920056149, rx_ts=85466920554591) request_id=5956313 zil_blk_id=2977996 ccf_commit_seqno=5956313 nstreams_done_=744500 config.nstreams=1000000 avg_latency=0.5426 ms avg throuhgput (requests/sec) = 1034.4229 res=false
*==== INFO ====*  stream_id=2979996 latency=0.570387 ms (tx_ts=85467389915206, rx_ts=85467390485593) request_id=5959629 zil_blk_id=2979996 ccf_commit_seqno=5959629 nstreams_done_=745000 config.nstreams=1000000 avg_latency=0.5426 ms avg throuhgput (requests/sec) = 1034.4421 res=false
*==== INFO ====*  stream_id=2981996 latency=0.557843 ms (tx_ts=85467852718378, rx_ts=85467853276221) request_id=5962888 zil_blk_id=2981996 ccf_commit_seqno=5962888 nstreams_done_=745500 config.nstreams=1000000 avg_latency=0.5426 ms avg throuhgput (requests/sec) = 1034.4717 res=false
*==== INFO ====*  stream_id=2983996 latency=0.500987 ms (tx_ts=85468307433295, rx_ts=85468307934282) request_id=5966108 zil_blk_id=2983996 ccf_commit_seqno=5966108 nstreams_done_=746000 config.nstreams=1000000 avg_latency=0.5426 ms avg throuhgput (requests/sec) = 1034.5128 res=false
*==== INFO ====*  stream_id=2985996 latency=0.585876 ms (tx_ts=85468785346219, rx_ts=85468785932095) request_id=5969408 zil_blk_id=2985996 ccf_commit_seqno=5969408 nstreams_done_=746500 config.nstreams=1000000 avg_latency=0.5426 ms avg throuhgput (requests/sec) = 1034.5204 res=false
*==== INFO ====*  stream_id=2987996 latency=0.559357 ms (tx_ts=85469262164779, rx_ts=85469262724136) request_id=5972807 zil_blk_id=2987996 ccf_commit_seqno=5972807 nstreams_done_=747000 config.nstreams=1000000 avg_latency=0.5426 ms avg throuhgput (requests/sec) = 1034.5298 res=false
*==== INFO ====*  stream_id=2989996 latency=0.455512 ms (tx_ts=85469749691687, rx_ts=85469750147199) request_id=5976210 zil_blk_id=2989996 ccf_commit_seqno=5976210 nstreams_done_=747500 config.nstreams=1000000 avg_latency=0.5426 ms avg throuhgput (requests/sec) = 1034.5239 res=false
*==== INFO ====*  stream_id=2991996 latency=0.594882 ms (tx_ts=85470254619147, rx_ts=85470255214029) request_id=5979699 zil_blk_id=2991996 ccf_commit_seqno=5979699 nstreams_done_=748000 config.nstreams=1000000 avg_latency=0.5425 ms avg throuhgput (requests/sec) = 1034.4928 res=false
*==== INFO ====*  stream_id=2993996 latency=0.521616 ms (tx_ts=85470771564578, rx_ts=85470772086194) request_id=5983179 zil_blk_id=2993996 ccf_commit_seqno=5983179 nstreams_done_=748500 config.nstreams=1000000 avg_latency=0.5425 ms avg throuhgput (requests/sec) = 1034.4448 res=false
*==== INFO ====*  stream_id=2995996 latency=0.459529 ms (tx_ts=85471331598375, rx_ts=85471332057904) request_id=5986950 zil_blk_id=2995996 ccf_commit_seqno=5986950 nstreams_done_=749000 config.nstreams=1000000 avg_latency=0.5426 ms avg throuhgput (requests/sec) = 1034.3354 res=false
*==== INFO ====*  stream_id=2997996 latency=0.546131 ms (tx_ts=85471826310133, rx_ts=85471826856264) request_id=5990364 zil_blk_id=2997996 ccf_commit_seqno=5990365 nstreams_done_=749500 config.nstreams=1000000 avg_latency=0.5426 ms avg throuhgput (requests/sec) = 1034.3191 res=false
*==== INFO ====*  stream_id=2999996 latency=0.454420 ms (tx_ts=85472322185123, rx_ts=85472322639543) request_id=5993750 zil_blk_id=2999996 ccf_commit_seqno=5993750 nstreams_done_=750000 config.nstreams=1000000 avg_latency=0.5426 ms avg throuhgput (requests/sec) = 1034.3014 res=false
*==== INFO ====*  stream_id=3001996 latency=0.498051 ms (tx_ts=85472818663428, rx_ts=85472819161479) request_id=5997147 zil_blk_id=3001996 ccf_commit_seqno=5997147 nstreams_done_=750500 config.nstreams=1000000 avg_latency=0.5426 ms avg throuhgput (requests/sec) = 1034.2828 res=false
*==== INFO ====*  stream_id=3003996 latency=0.466011 ms (tx_ts=85473331567188, rx_ts=85473332033199) request_id=6000623 zil_blk_id=3003996 ccf_commit_seqno=6000623 nstreams_done_=751000 config.nstreams=1000000 avg_latency=0.5426 ms avg throuhgput (requests/sec) = 1034.2408 res=false
*==== INFO ====*  stream_id=3005996 latency=0.561730 ms (tx_ts=85473839897381, rx_ts=85473840459111) request_id=6004077 zil_blk_id=3005996 ccf_commit_seqno=6004077 nstreams_done_=751500 config.nstreams=1000000 avg_latency=0.5426 ms avg throuhgput (requests/sec) = 1034.2053 res=false
*==== INFO ====*  stream_id=3007996 latency=0.466322 ms (tx_ts=85474333356653, rx_ts=85474333822975) request_id=6007520 zil_blk_id=3007996 ccf_commit_seqno=6007520 nstreams_done_=752000 config.nstreams=1000000 avg_latency=0.5425 ms avg throuhgput (requests/sec) = 1034.1912 res=false
*==== INFO ====*  stream_id=3009996 latency=0.573092 ms (tx_ts=85474833882427, rx_ts=85474834455519) request_id=6010954 zil_blk_id=3009996 ccf_commit_seqno=6010954 nstreams_done_=752500 config.nstreams=1000000 avg_latency=0.5425 ms avg throuhgput (requests/sec) = 1034.1668 res=false
*==== INFO ====*  stream_id=3011996 latency=0.472293 ms (tx_ts=85475296620209, rx_ts=85475297092502) request_id=6014185 zil_blk_id=3011996 ccf_commit_seqno=6014185 nstreams_done_=753000 config.nstreams=1000000 avg_latency=0.5425 ms avg throuhgput (requests/sec) = 1034.1964 res=false
*==== INFO ====*  stream_id=3013996 latency=0.443830 ms (tx_ts=85475764640928, rx_ts=85475765084758) request_id=6017465 zil_blk_id=3013996 ccf_commit_seqno=6017465 nstreams_done_=753500 config.nstreams=1000000 avg_latency=0.5425 ms avg throuhgput (requests/sec) = 1034.2184 res=false
*==== INFO ====*  stream_id=3015996 latency=0.516817 ms (tx_ts=85476223465668, rx_ts=85476223982485) request_id=6020709 zil_blk_id=3015996 ccf_commit_seqno=6020709 nstreams_done_=754000 config.nstreams=1000000 avg_latency=0.5425 ms avg throuhgput (requests/sec) = 1034.2532 res=false
*==== INFO ====*  stream_id=3017996 latency=0.494144 ms (tx_ts=85476697149518, rx_ts=85476697643662) request_id=6023999 zil_blk_id=3017996 ccf_commit_seqno=6023999 nstreams_done_=754500 config.nstreams=1000000 avg_latency=0.5425 ms avg throuhgput (requests/sec) = 1034.2671 res=false
*==== INFO ====*  stream_id=3019996 latency=0.464879 ms (tx_ts=85477214831891, rx_ts=85477215296770) request_id=6027491 zil_blk_id=3019996 ccf_commit_seqno=6027491 nstreams_done_=755000 config.nstreams=1000000 avg_latency=0.5425 ms avg throuhgput (requests/sec) = 1034.2186 res=false
*==== INFO ====*  stream_id=3021996 latency=0.594522 ms (tx_ts=85477690769024, rx_ts=85477691363546) request_id=6030793 zil_blk_id=3021996 ccf_commit_seqno=6030793 nstreams_done_=755500 config.nstreams=1000000 avg_latency=0.5425 ms avg throuhgput (requests/sec) = 1034.2291 res=false
*==== INFO ====*  stream_id=3023996 latency=0.451565 ms (tx_ts=85478166487953, rx_ts=85478166939518) request_id=6034083 zil_blk_id=3023996 ccf_commit_seqno=6034083 nstreams_done_=756000 config.nstreams=1000000 avg_latency=0.5425 ms avg throuhgput (requests/sec) = 1034.2402 res=false
*==== INFO ====*  stream_id=3025996 latency=0.480619 ms (tx_ts=85478638409900, rx_ts=85478638890519) request_id=6037413 zil_blk_id=3025996 ccf_commit_seqno=6037413 nstreams_done_=756500 config.nstreams=1000000 avg_latency=0.5425 ms avg throuhgput (requests/sec) = 1034.2565 res=false
*==== INFO ====*  stream_id=3027996 latency=0.628206 ms (tx_ts=85479105155177, rx_ts=85479105783383) request_id=6040752 zil_blk_id=3027996 ccf_commit_seqno=6040752 nstreams_done_=757000 config.nstreams=1000000 avg_latency=0.5424 ms avg throuhgput (requests/sec) = 1034.2798 res=false
*==== INFO ====*  stream_id=3029996 latency=0.460241 ms (tx_ts=85479590577517, rx_ts=85479591037758) request_id=6044190 zil_blk_id=3029996 ccf_commit_seqno=6044190 nstreams_done_=757500 config.nstreams=1000000 avg_latency=0.5424 ms avg throuhgput (requests/sec) = 1034.2773 res=false
*==== INFO ====*  stream_id=3031996 latency=0.463698 ms (tx_ts=85480049870952, rx_ts=85480050334650) request_id=6047396 zil_blk_id=3031996 ccf_commit_seqno=6047396 nstreams_done_=758000 config.nstreams=1000000 avg_latency=0.5424 ms avg throuhgput (requests/sec) = 1034.3113 res=false
*==== INFO ====*  stream_id=3033996 latency=0.480308 ms (tx_ts=85480516162498, rx_ts=85480516642806) request_id=6050622 zil_blk_id=3033996 ccf_commit_seqno=6050622 nstreams_done_=758500 config.nstreams=1000000 avg_latency=0.5424 ms avg throuhgput (requests/sec) = 1034.3354 res=false
*==== INFO ====*  stream_id=3035996 latency=0.511407 ms (tx_ts=85481025028034, rx_ts=85481025539441) request_id=6054181 zil_blk_id=3035996 ccf_commit_seqno=6054181 nstreams_done_=759000 config.nstreams=1000000 avg_latency=0.5424 ms avg throuhgput (requests/sec) = 1034.2995 res=false
*==== INFO ====*  stream_id=3037996 latency=0.540301 ms (tx_ts=85481522856669, rx_ts=85481523396970) request_id=6057704 zil_blk_id=3037996 ccf_commit_seqno=6057705 nstreams_done_=759500 config.nstreams=1000000 avg_latency=0.5424 ms avg throuhgput (requests/sec) = 1034.2792 res=false
*==== INFO ====*  stream_id=3039996 latency=0.498192 ms (tx_ts=85482003572716, rx_ts=85482004070908) request_id=6060993 zil_blk_id=3039996 ccf_commit_seqno=6060994 nstreams_done_=760000 config.nstreams=1000000 avg_latency=0.5424 ms avg throuhgput (requests/sec) = 1034.2830 res=false
*==== INFO ====*  stream_id=3041996 latency=0.506447 ms (tx_ts=85482463704459, rx_ts=85482464210906) request_id=6064275 zil_blk_id=3041996 ccf_commit_seqno=6064275 nstreams_done_=760500 config.nstreams=1000000 avg_latency=0.5424 ms avg throuhgput (requests/sec) = 1034.3158 res=false
*==== INFO ====*  stream_id=3043996 latency=0.634517 ms (tx_ts=85482938052170, rx_ts=85482938686687) request_id=6067617 zil_blk_id=3043996 ccf_commit_seqno=6067617 nstreams_done_=761000 config.nstreams=1000000 avg_latency=0.5424 ms avg throuhgput (requests/sec) = 1034.3284 res=false
*==== INFO ====*  stream_id=3045996 latency=0.499261 ms (tx_ts=85483423306949, rx_ts=85483423806210) request_id=6071091 zil_blk_id=3045996 ccf_commit_seqno=6071091 nstreams_done_=761500 config.nstreams=1000000 avg_latency=0.5424 ms avg throuhgput (requests/sec) = 1034.3260 res=false
*==== INFO ====*  stream_id=3047996 latency=0.516055 ms (tx_ts=85483912172344, rx_ts=85483912688399) request_id=6074443 zil_blk_id=3047996 ccf_commit_seqno=6074443 nstreams_done_=762000 config.nstreams=1000000 avg_latency=0.5424 ms avg throuhgput (requests/sec) = 1034.3183 res=false
*==== INFO ====*  stream_id=3049996 latency=0.521646 ms (tx_ts=85484377364305, rx_ts=85484377885951) request_id=6077723 zil_blk_id=3049996 ccf_commit_seqno=6077723 nstreams_done_=762500 config.nstreams=1000000 avg_latency=0.5424 ms avg throuhgput (requests/sec) = 1034.3438 res=false
*==== INFO ====*  stream_id=3051996 latency=0.471271 ms (tx_ts=85484892304287, rx_ts=85484892775558) request_id=6081227 zil_blk_id=3051996 ccf_commit_seqno=6081227 nstreams_done_=763000 config.nstreams=1000000 avg_latency=0.5424 ms avg throuhgput (requests/sec) = 1034.2997 res=false
*==== INFO ====*  stream_id=3053996 latency=0.597627 ms (tx_ts=85485420015824, rx_ts=85485420613451) request_id=6084783 zil_blk_id=3053996 ccf_commit_seqno=6084783 nstreams_done_=763500 config.nstreams=1000000 avg_latency=0.5424 ms avg throuhgput (requests/sec) = 1034.2374 res=false
*==== INFO ====*  stream_id=3055996 latency=0.496608 ms (tx_ts=85485927033342, rx_ts=85485927529950) request_id=6088235 zil_blk_id=3055996 ccf_commit_seqno=6088235 nstreams_done_=764000 config.nstreams=1000000 avg_latency=0.5424 ms avg throuhgput (requests/sec) = 1034.2046 res=false
*==== INFO ====*  stream_id=3057996 latency=0.473665 ms (tx_ts=85486417181635, rx_ts=85486417655300) request_id=6091666 zil_blk_id=3057996 ccf_commit_seqno=6091666 nstreams_done_=764500 config.nstreams=1000000 avg_latency=0.5424 ms avg throuhgput (requests/sec) = 1034.1953 res=false
*==== INFO ====*  stream_id=3059996 latency=0.507258 ms (tx_ts=85486929832627, rx_ts=85486930339885) request_id=6095168 zil_blk_id=3059996 ccf_commit_seqno=6095168 nstreams_done_=765000 config.nstreams=1000000 avg_latency=0.5423 ms avg throuhgput (requests/sec) = 1034.1544 res=false
*==== INFO ====*  stream_id=3061996 latency=0.543436 ms (tx_ts=85487433624314, rx_ts=85487434167750) request_id=6098611 zil_blk_id=3061996 ccf_commit_seqno=6098611 nstreams_done_=765500 config.nstreams=1000000 avg_latency=0.5423 ms avg throuhgput (requests/sec) = 1034.1260 res=false
*==== INFO ====*  stream_id=3063996 latency=0.493092 ms (tx_ts=85487928031002, rx_ts=85487928524094) request_id=6101930 zil_blk_id=3063996 ccf_commit_seqno=6101930 nstreams_done_=766000 config.nstreams=1000000 avg_latency=0.5423 ms avg throuhgput (requests/sec) = 1034.1108 res=false
*==== INFO ====*  stream_id=3065996 latency=0.494284 ms (tx_ts=85488415596241, rx_ts=85488416090525) request_id=6105368 zil_blk_id=3065996 ccf_commit_seqno=6105368 nstreams_done_=766500 config.nstreams=1000000 avg_latency=0.5423 ms avg throuhgput (requests/sec) = 1034.1052 res=false
*==== INFO ====*  stream_id=3067996 latency=0.473886 ms (tx_ts=85488874157659, rx_ts=85488874631545) request_id=6108674 zil_blk_id=3067996 ccf_commit_seqno=6108674 nstreams_done_=767000 config.nstreams=1000000 avg_latency=0.5423 ms avg throuhgput (requests/sec) = 1034.1400 res=false
*==== INFO ====*  stream_id=3069996 latency=0.452907 ms (tx_ts=85489357652729, rx_ts=85489358105636) request_id=6112059 zil_blk_id=3069996 ccf_commit_seqno=6112059 nstreams_done_=767500 config.nstreams=1000000 avg_latency=0.5423 ms avg throuhgput (requests/sec) = 1034.1400 res=false
*==== INFO ====*  stream_id=3071996 latency=0.445172 ms (tx_ts=85489871881114, rx_ts=85489872326286) request_id=6115619 zil_blk_id=3071996 ccf_commit_seqno=6115619 nstreams_done_=768000 config.nstreams=1000000 avg_latency=0.5423 ms avg throuhgput (requests/sec) = 1034.0972 res=false
*==== INFO ====*  stream_id=3073996 latency=0.666707 ms (tx_ts=85490367029222, rx_ts=85490367695929) request_id=6119060 zil_blk_id=3073996 ccf_commit_seqno=6119061 nstreams_done_=768500 config.nstreams=1000000 avg_latency=0.5422 ms avg throuhgput (requests/sec) = 1034.0807 res=false
*==== INFO ====*  stream_id=3075996 latency=0.521225 ms (tx_ts=85490899937004, rx_ts=85490900458229) request_id=6122720 zil_blk_id=3075996 ccf_commit_seqno=6122720 nstreams_done_=769000 config.nstreams=1000000 avg_latency=0.5422 ms avg throuhgput (requests/sec) = 1034.0123 res=false
*==== INFO ====*  stream_id=3077996 latency=0.532296 ms (tx_ts=85491420790747, rx_ts=85491421323043) request_id=6126345 zil_blk_id=3077996 ccf_commit_seqno=6126345 nstreams_done_=769500 config.nstreams=1000000 avg_latency=0.5422 ms avg throuhgput (requests/sec) = 1033.9604 res=false
*==== INFO ====*  stream_id=3079996 latency=0.524441 ms (tx_ts=85491926338551, rx_ts=85491926862992) request_id=6129780 zil_blk_id=3079996 ccf_commit_seqno=6129780 nstreams_done_=770000 config.nstreams=1000000 avg_latency=0.5422 ms avg throuhgput (requests/sec) = 1033.9299 res=false
*==== INFO ====*  stream_id=3081996 latency=0.545540 ms (tx_ts=85492442212853, rx_ts=85492442758393) request_id=6133285 zil_blk_id=3081996 ccf_commit_seqno=6133285 nstreams_done_=770500 config.nstreams=1000000 avg_latency=0.5422 ms avg throuhgput (requests/sec) = 1033.8851 res=false
*==== INFO ====*  stream_id=3083996 latency=0.439822 ms (tx_ts=85492958547366, rx_ts=85492958987188) request_id=6136726 zil_blk_id=3083996 ccf_commit_seqno=6136726 nstreams_done_=771000 config.nstreams=1000000 avg_latency=0.5422 ms avg throuhgput (requests/sec) = 1033.8399 res=false
*==== INFO ====*  stream_id=3085996 latency=0.470880 ms (tx_ts=85493461725101, rx_ts=85493462195981) request_id=6140059 zil_blk_id=3085996 ccf_commit_seqno=6140059 nstreams_done_=771500 config.nstreams=1000000 avg_latency=0.5422 ms avg throuhgput (requests/sec) = 1033.8128 res=false
*==== INFO ====*  stream_id=3087996 latency=0.439221 ms (tx_ts=85493960610273, rx_ts=85493961049494) request_id=6143556 zil_blk_id=3087996 ccf_commit_seqno=6143556 nstreams_done_=772000 config.nstreams=1000000 avg_latency=0.5422 ms avg throuhgput (requests/sec) = 1033.7917 res=false
*==== INFO ====*  stream_id=3089996 latency=0.505766 ms (tx_ts=85494490468246, rx_ts=85494490974012) request_id=6147017 zil_blk_id=3089996 ccf_commit_seqno=6147018 nstreams_done_=772500 config.nstreams=1000000 avg_latency=0.5422 ms avg throuhgput (requests/sec) = 1033.7277 res=false
*==== INFO ====*  stream_id=3091996 latency=0.668049 ms (tx_ts=85495008699868, rx_ts=85495009367917) request_id=6150482 zil_blk_id=3091996 ccf_commit_seqno=6150483 nstreams_done_=773000 config.nstreams=1000000 avg_latency=0.5422 ms avg throuhgput (requests/sec) = 1033.6797 res=false
*==== INFO ====*  stream_id=3093996 latency=0.673670 ms (tx_ts=85495524973517, rx_ts=85495525647187) request_id=6153994 zil_blk_id=3093996 ccf_commit_seqno=6153995 nstreams_done_=773500 config.nstreams=1000000 avg_latency=0.5422 ms avg throuhgput (requests/sec) = 1033.6348 res=false
*==== INFO ====*  stream_id=3095996 latency=0.531825 ms (tx_ts=85496039358215, rx_ts=85496039890040) request_id=6157506 zil_blk_id=3095996 ccf_commit_seqno=6157506 nstreams_done_=774000 config.nstreams=1000000 avg_latency=0.5422 ms avg throuhgput (requests/sec) = 1033.5926 res=false
*==== INFO ====*  stream_id=3097996 latency=0.472784 ms (tx_ts=85496535900867, rx_ts=85496536373651) request_id=6160930 zil_blk_id=3097996 ccf_commit_seqno=6160930 nstreams_done_=774500 config.nstreams=1000000 avg_latency=0.5422 ms avg throuhgput (requests/sec) = 1033.5751 res=false
*==== INFO ====*  stream_id=3099996 latency=0.530693 ms (tx_ts=85497039040986, rx_ts=85497039571679) request_id=6164497 zil_blk_id=3099996 ccf_commit_seqno=6164497 nstreams_done_=775000 config.nstreams=1000000 avg_latency=0.5422 ms avg throuhgput (requests/sec) = 1033.5483 res=false
*==== INFO ====*  stream_id=3101996 latency=0.496248 ms (tx_ts=85497522881284, rx_ts=85497523377532) request_id=6167841 zil_blk_id=3101996 ccf_commit_seqno=6167841 nstreams_done_=775500 config.nstreams=1000000 avg_latency=0.5421 ms avg throuhgput (requests/sec) = 1033.5482 res=false
*==== INFO ====*  stream_id=3103996 latency=0.489675 ms (tx_ts=85498014802053, rx_ts=85498015291728) request_id=6171214 zil_blk_id=3103996 ccf_commit_seqno=6171214 nstreams_done_=776000 config.nstreams=1000000 avg_latency=0.5421 ms avg throuhgput (requests/sec) = 1033.5370 res=false
*==== INFO ====*  stream_id=3105996 latency=0.478024 ms (tx_ts=85498506084550, rx_ts=85498506562574) request_id=6174659 zil_blk_id=3105996 ccf_commit_seqno=6174659 nstreams_done_=776500 config.nstreams=1000000 avg_latency=0.5421 ms avg throuhgput (requests/sec) = 1033.5267 res=false
*==== INFO ====*  stream_id=3107996 latency=0.454580 ms (tx_ts=85499006439379, rx_ts=85499006893959) request_id=6178111 zil_blk_id=3107996 ccf_commit_seqno=6178111 nstreams_done_=777000 config.nstreams=1000000 avg_latency=0.5421 ms avg throuhgput (requests/sec) = 1033.5040 res=false
*==== INFO ====*  stream_id=3109996 latency=0.480658 ms (tx_ts=85499506958026, rx_ts=85499507438684) request_id=6181572 zil_blk_id=3109996 ccf_commit_seqno=6181572 nstreams_done_=777500 config.nstreams=1000000 avg_latency=0.5421 ms avg throuhgput (requests/sec) = 1033.4809 res=false
*==== INFO ====*  stream_id=3111996 latency=0.567942 ms (tx_ts=85500010339148, rx_ts=85500010907090) request_id=6184987 zil_blk_id=3111996 ccf_commit_seqno=6184987 nstreams_done_=778000 config.nstreams=1000000 avg_latency=0.5421 ms avg throuhgput (requests/sec) = 1033.4539 res=false
*==== INFO ====*  stream_id=3113996 latency=0.497611 ms (tx_ts=85500516090460, rx_ts=85500516588071) request_id=6188484 zil_blk_id=3113996 ccf_commit_seqno=6188484 nstreams_done_=778500 config.nstreams=1000000 avg_latency=0.5421 ms avg throuhgput (requests/sec) = 1033.4239 res=false
*==== INFO ====*  stream_id=3115996 latency=0.612895 ms (tx_ts=85500996211196, rx_ts=85500996824091) request_id=6191822 zil_blk_id=3115996 ccf_commit_seqno=6191822 nstreams_done_=779000 config.nstreams=1000000 avg_latency=0.5421 ms avg throuhgput (requests/sec) = 1033.4289 res=false
*==== INFO ====*  stream_id=3117996 latency=0.554286 ms (tx_ts=85501479283746, rx_ts=85501479838032) request_id=6195147 zil_blk_id=3117996 ccf_commit_seqno=6195148 nstreams_done_=779500 config.nstreams=1000000 avg_latency=0.5420 ms avg throuhgput (requests/sec) = 1033.4300 res=false
*==== INFO ====*  stream_id=3119996 latency=0.518971 ms (tx_ts=85501954665562, rx_ts=85501955184533) request_id=6198378 zil_blk_id=3119996 ccf_commit_seqno=6198378 nstreams_done_=780000 config.nstreams=1000000 avg_latency=0.5420 ms avg throuhgput (requests/sec) = 1033.4416 res=false
*==== INFO ====*  stream_id=3121996 latency=0.473676 ms (tx_ts=85502425505665, rx_ts=85502425979341) request_id=6201458 zil_blk_id=3121996 ccf_commit_seqno=6201458 nstreams_done_=780500 config.nstreams=1000000 avg_latency=0.5420 ms avg throuhgput (requests/sec) = 1033.4594 res=false
*==== INFO ====*  stream_id=3123996 latency=0.537956 ms (tx_ts=85502886729048, rx_ts=85502887267004) request_id=6204587 zil_blk_id=3123996 ccf_commit_seqno=6204587 nstreams_done_=781000 config.nstreams=1000000 avg_latency=0.5420 ms avg throuhgput (requests/sec) = 1033.4902 res=false
*==== INFO ====*  stream_id=3125996 latency=0.511687 ms (tx_ts=85503349885252, rx_ts=85503350396939) request_id=6207756 zil_blk_id=3125996 ccf_commit_seqno=6207756 nstreams_done_=781500 config.nstreams=1000000 avg_latency=0.5420 ms avg throuhgput (requests/sec) = 1033.5185 res=false
*==== INFO ====*  stream_id=3127996 latency=0.561891 ms (tx_ts=85503824765457, rx_ts=85503825327348) request_id=6210964 zil_blk_id=3127996 ccf_commit_seqno=6210965 nstreams_done_=782000 config.nstreams=1000000 avg_latency=0.5420 ms avg throuhgput (requests/sec) = 1033.5306 res=false
*==== INFO ====*  stream_id=3129996 latency=0.557974 ms (tx_ts=85504310865420, rx_ts=85504311423394) request_id=6214238 zil_blk_id=3129996 ccf_commit_seqno=6214239 nstreams_done_=782500 config.nstreams=1000000 avg_latency=0.5420 ms avg throuhgput (requests/sec) = 1033.5274 res=false
*==== INFO ====*  stream_id=3131996 latency=0.475319 ms (tx_ts=85504770894533, rx_ts=85504771369852) request_id=6217394 zil_blk_id=3131996 ccf_commit_seqno=6217394 nstreams_done_=783000 config.nstreams=1000000 avg_latency=0.5420 ms avg throuhgput (requests/sec) = 1033.5599 res=false
*==== INFO ====*  stream_id=3133996 latency=0.515775 ms (tx_ts=85505245113598, rx_ts=85505245629373) request_id=6220642 zil_blk_id=3133996 ccf_commit_seqno=6220642 nstreams_done_=783500 config.nstreams=1000000 avg_latency=0.5420 ms avg throuhgput (requests/sec) = 1033.5729 res=false
*==== INFO ====*  stream_id=3135996 latency=0.640919 ms (tx_ts=85505745452726, rx_ts=85505746093645) request_id=6224022 zil_blk_id=3135996 ccf_commit_seqno=6224022 nstreams_done_=784000 config.nstreams=1000000 avg_latency=0.5420 ms avg throuhgput (requests/sec) = 1033.5501 res=false
*==== INFO ====*  stream_id=3137996 latency=0.484927 ms (tx_ts=85506208436397, rx_ts=85506208921324) request_id=6227229 zil_blk_id=3137996 ccf_commit_seqno=6227229 nstreams_done_=784500 config.nstreams=1000000 avg_latency=0.5420 ms avg throuhgput (requests/sec) = 1033.5786 res=false
*==== INFO ====*  stream_id=3139996 latency=0.509603 ms (tx_ts=85506689459563, rx_ts=85506689969166) request_id=6230518 zil_blk_id=3139996 ccf_commit_seqno=6230518 nstreams_done_=785000 config.nstreams=1000000 avg_latency=0.5419 ms avg throuhgput (requests/sec) = 1033.5823 res=false
*==== INFO ====*  stream_id=3141996 latency=0.534790 ms (tx_ts=85507172574812, rx_ts=85507173109602) request_id=6233803 zil_blk_id=3141996 ccf_commit_seqno=6233803 nstreams_done_=785500 config.nstreams=1000000 avg_latency=0.5419 ms avg throuhgput (requests/sec) = 1033.5831 res=false
*==== INFO ====*  stream_id=3143996 latency=0.459940 ms (tx_ts=85507669230197, rx_ts=85507669690137) request_id=6237101 zil_blk_id=3143996 ccf_commit_seqno=6237101 nstreams_done_=786000 config.nstreams=1000000 avg_latency=0.5420 ms avg throuhgput (requests/sec) = 1033.5657 res=false
*==== INFO ====*  stream_id=3145996 latency=0.611924 ms (tx_ts=85508155162644, rx_ts=85508155774568) request_id=6240432 zil_blk_id=3145996 ccf_commit_seqno=6240432 nstreams_done_=786500 config.nstreams=1000000 avg_latency=0.5420 ms avg throuhgput (requests/sec) = 1033.5626 res=false
*==== INFO ====*  stream_id=3147996 latency=0.487982 ms (tx_ts=85508629636913, rx_ts=85508630124895) request_id=6243701 zil_blk_id=3147996 ccf_commit_seqno=6243701 nstreams_done_=787000 config.nstreams=1000000 avg_latency=0.5420 ms avg throuhgput (requests/sec) = 1033.5753 res=false
*==== INFO ====*  stream_id=3149996 latency=0.566048 ms (tx_ts=85509096664971, rx_ts=85509097231019) request_id=6246980 zil_blk_id=3149996 ccf_commit_seqno=6246980 nstreams_done_=787500 config.nstreams=1000000 avg_latency=0.5420 ms avg throuhgput (requests/sec) = 1033.5979 res=false
*==== INFO ====*  stream_id=3151996 latency=0.475910 ms (tx_ts=85509580732663, rx_ts=85509581208573) request_id=6250186 zil_blk_id=3151996 ccf_commit_seqno=6250186 nstreams_done_=788000 config.nstreams=1000000 avg_latency=0.5420 ms avg throuhgput (requests/sec) = 1033.5976 res=false
*==== INFO ====*  stream_id=3153996 latency=0.645628 ms (tx_ts=85510053143554, rx_ts=85510053789182) request_id=6253488 zil_blk_id=3153996 ccf_commit_seqno=6253490 nstreams_done_=788500 config.nstreams=1000000 avg_latency=0.5420 ms avg throuhgput (requests/sec) = 1033.6127 res=false
*==== INFO ====*  stream_id=3155996 latency=0.513691 ms (tx_ts=85510533017338, rx_ts=85510533531029) request_id=6256863 zil_blk_id=3155996 ccf_commit_seqno=6256863 nstreams_done_=789000 config.nstreams=1000000 avg_latency=0.5419 ms avg throuhgput (requests/sec) = 1033.6182 res=false
*==== INFO ====*  stream_id=3157996 latency=0.491739 ms (tx_ts=85510985260670, rx_ts=85510985752409) request_id=6260087 zil_blk_id=3157996 ccf_commit_seqno=6260087 nstreams_done_=789500 config.nstreams=1000000 avg_latency=0.5419 ms avg throuhgput (requests/sec) = 1033.6608 res=false
*==== INFO ====*  stream_id=3159996 latency=0.467695 ms (tx_ts=85511436499660, rx_ts=85511436967355) request_id=6263298 zil_blk_id=3159996 ccf_commit_seqno=6263298 nstreams_done_=790000 config.nstreams=1000000 avg_latency=0.5419 ms avg throuhgput (requests/sec) = 1033.7048 res=false
*==== INFO ====*  stream_id=3161996 latency=0.523769 ms (tx_ts=85511896727994, rx_ts=85511897251763) request_id=6266455 zil_blk_id=3161996 ccf_commit_seqno=6266455 nstreams_done_=790500 config.nstreams=1000000 avg_latency=0.5419 ms avg throuhgput (requests/sec) = 1033.7364 res=false
*==== INFO ====*  stream_id=3163996 latency=0.480008 ms (tx_ts=85512357391952, rx_ts=85512357871960) request_id=6269716 zil_blk_id=3163996 ccf_commit_seqno=6269716 nstreams_done_=791000 config.nstreams=1000000 avg_latency=0.5419 ms avg throuhgput (requests/sec) = 1033.7676 res=false
*==== INFO ====*  stream_id=3165996 latency=0.554808 ms (tx_ts=85512831248073, rx_ts=85512831802881) request_id=6273055 zil_blk_id=3165996 ccf_commit_seqno=6273056 nstreams_done_=791500 config.nstreams=1000000 avg_latency=0.5419 ms avg throuhgput (requests/sec) = 1033.7807 res=false
*==== INFO ====*  stream_id=3167996 latency=0.501457 ms (tx_ts=85513297379656, rx_ts=85513297881113) request_id=6276271 zil_blk_id=3167996 ccf_commit_seqno=6276271 nstreams_done_=792000 config.nstreams=1000000 avg_latency=0.5419 ms avg throuhgput (requests/sec) = 1033.8044 res=false
*==== INFO ====*  stream_id=3169996 latency=0.456694 ms (tx_ts=85513782714896, rx_ts=85513783171590) request_id=6279571 zil_blk_id=3169996 ccf_commit_seqno=6279571 nstreams_done_=792500 config.nstreams=1000000 avg_latency=0.5419 ms avg throuhgput (requests/sec) = 1033.8022 res=false
*==== INFO ====*  stream_id=3171996 latency=0.523018 ms (tx_ts=85514262051321, rx_ts=85514262574339) request_id=6282938 zil_blk_id=3171996 ccf_commit_seqno=6282938 nstreams_done_=793000 config.nstreams=1000000 avg_latency=0.5419 ms avg throuhgput (requests/sec) = 1033.8080 res=false
*==== INFO ====*  stream_id=3173996 latency=0.534510 ms (tx_ts=85514723302668, rx_ts=85514723837178) request_id=6286179 zil_blk_id=3173996 ccf_commit_seqno=6286180 nstreams_done_=793500 config.nstreams=1000000 avg_latency=0.5419 ms avg throuhgput (requests/sec) = 1033.8381 res=false
*==== INFO ====*  stream_id=3175996 latency=0.527957 ms (tx_ts=85515216581316, rx_ts=85515217109273) request_id=6289500 zil_blk_id=3175996 ccf_commit_seqno=6289500 nstreams_done_=794000 config.nstreams=1000000 avg_latency=0.5419 ms avg throuhgput (requests/sec) = 1033.8251 res=false
*==== INFO ====*  stream_id=3177996 latency=0.531153 ms (tx_ts=85515696818526, rx_ts=85515697349679) request_id=6292797 zil_blk_id=3177996 ccf_commit_seqno=6292797 nstreams_done_=794500 config.nstreams=1000000 avg_latency=0.5419 ms avg throuhgput (requests/sec) = 1033.8297 res=false
*==== INFO ====*  stream_id=3179996 latency=0.553806 ms (tx_ts=85516211664988, rx_ts=85516212218794) request_id=6296018 zil_blk_id=3179996 ccf_commit_seqno=6296018 nstreams_done_=795000 config.nstreams=1000000 avg_latency=0.5419 ms avg throuhgput (requests/sec) = 1033.7877 res=false
*==== INFO ====*  stream_id=3181996 latency=0.520383 ms (tx_ts=85516695809225, rx_ts=85516696329608) request_id=6299237 zil_blk_id=3181996 ccf_commit_seqno=6299237 nstreams_done_=795500 config.nstreams=1000000 avg_latency=0.5419 ms avg throuhgput (requests/sec) = 1033.7871 res=false
*==== INFO ====*  stream_id=3183996 latency=0.475720 ms (tx_ts=85517188809541, rx_ts=85517189285261) request_id=6302581 zil_blk_id=3183996 ccf_commit_seqno=6302581 nstreams_done_=796000 config.nstreams=1000000 avg_latency=0.5419 ms avg throuhgput (requests/sec) = 1033.7746 res=false
*==== INFO ====*  stream_id=3185996 latency=0.478645 ms (tx_ts=85517670330110, rx_ts=85517670808755) request_id=6305846 zil_blk_id=3185996 ccf_commit_seqno=6305846 nstreams_done_=796500 config.nstreams=1000000 avg_latency=0.5419 ms avg throuhgput (requests/sec) = 1033.7775 res=false
*==== INFO ====*  stream_id=3187996 latency=0.516315 ms (tx_ts=85518168957989, rx_ts=85518169474304) request_id=6309249 zil_blk_id=3187996 ccf_commit_seqno=6309249 nstreams_done_=797000 config.nstreams=1000000 avg_latency=0.5419 ms avg throuhgput (requests/sec) = 1033.7574 res=false
*==== INFO ====*  stream_id=3189996 latency=0.496318 ms (tx_ts=85518650545479, rx_ts=85518651041797) request_id=6312567 zil_blk_id=3189996 ccf_commit_seqno=6312567 nstreams_done_=797500 config.nstreams=1000000 avg_latency=0.5419 ms avg throuhgput (requests/sec) = 1033.7602 res=false
*==== INFO ====*  stream_id=3191996 latency=0.534570 ms (tx_ts=85519141033730, rx_ts=85519141568300) request_id=6315893 zil_blk_id=3191996 ccf_commit_seqno=6315893 nstreams_done_=798000 config.nstreams=1000000 avg_latency=0.5419 ms avg throuhgput (requests/sec) = 1033.7510 res=false
*==== INFO ====*  stream_id=3193996 latency=0.663601 ms (tx_ts=85519689650217, rx_ts=85519690313818) request_id=6319270 zil_blk_id=3193996 ccf_commit_seqno=6319271 nstreams_done_=798500 config.nstreams=1000000 avg_latency=0.5419 ms avg throuhgput (requests/sec) = 1033.6640 res=false
*==== INFO ====*  stream_id=3195996 latency=0.560782 ms (tx_ts=85520206874217, rx_ts=85520207434999) request_id=6322717 zil_blk_id=3195996 ccf_commit_seqno=6322718 nstreams_done_=799000 config.nstreams=1000000 avg_latency=0.5420 ms avg throuhgput (requests/sec) = 1033.6193 res=false
*==== INFO ====*  stream_id=3197996 latency=0.515197 ms (tx_ts=85520693929104, rx_ts=85520694444301) request_id=6326059 zil_blk_id=3197996 ccf_commit_seqno=6326059 nstreams_done_=799500 config.nstreams=1000000 avg_latency=0.5419 ms avg throuhgput (requests/sec) = 1033.6149 res=false
*==== INFO ====*  stream_id=3199996 latency=0.513430 ms (tx_ts=85521185626423, rx_ts=85521186139853) request_id=6329337 zil_blk_id=3199996 ccf_commit_seqno=6329337 nstreams_done_=800000 config.nstreams=1000000 avg_latency=0.5419 ms avg throuhgput (requests/sec) = 1033.6043 res=false
*==== INFO ====*  stream_id=3201996 latency=0.479731 ms (tx_ts=85521715794391, rx_ts=85521716274122) request_id=6332875 zil_blk_id=3201996 ccf_commit_seqno=6332875 nstreams_done_=800500 config.nstreams=1000000 avg_latency=0.5420 ms avg throuhgput (requests/sec) = 1033.5424 res=false
*==== INFO ====*  stream_id=3203996 latency=0.542435 ms (tx_ts=85522256954989, rx_ts=85522257497424) request_id=6336443 zil_blk_id=3203996 ccf_commit_seqno=6336443 nstreams_done_=801000 config.nstreams=1000000 avg_latency=0.5420 ms avg throuhgput (requests/sec) = 1033.4658 res=false
*==== INFO ====*  stream_id=3205996 latency=0.583291 ms (tx_ts=85522805156517, rx_ts=85522805739808) request_id=6340085 zil_blk_id=3205996 ccf_commit_seqno=6340085 nstreams_done_=801500 config.nstreams=1000000 avg_latency=0.5420 ms avg throuhgput (requests/sec) = 1033.3799 res=false
*==== INFO ====*  stream_id=3207996 latency=0.485669 ms (tx_ts=85523327616985, rx_ts=85523328102654) request_id=6343450 zil_blk_id=3207996 ccf_commit_seqno=6343450 nstreams_done_=802000 config.nstreams=1000000 avg_latency=0.5420 ms avg throuhgput (requests/sec) = 1033.3286 res=false
*==== INFO ====*  stream_id=3209996 latency=0.485418 ms (tx_ts=85523802569448, rx_ts=85523803054866) request_id=6346689 zil_blk_id=3209996 ccf_commit_seqno=6346689 nstreams_done_=802500 config.nstreams=1000000 avg_latency=0.5420 ms avg throuhgput (requests/sec) = 1033.3405 res=false
*==== INFO ====*  stream_id=3211996 latency=4.618957 ms (tx_ts=85524284802282, rx_ts=85524289421239) request_id=6350005 zil_blk_id=3211996 ccf_commit_seqno=6350005 nstreams_done_=803000 config.nstreams=1000000 avg_latency=0.5420 ms avg throuhgput (requests/sec) = 1033.3372 res=false
*==== INFO ====*  stream_id=3213996 latency=0.578251 ms (tx_ts=85524789325231, rx_ts=85524789903482) request_id=6353381 zil_blk_id=3213996 ccf_commit_seqno=6353381 nstreams_done_=803500 config.nstreams=1000000 avg_latency=0.5420 ms avg throuhgput (requests/sec) = 1033.3151 res=false
*==== INFO ====*  stream_id=3215996 latency=0.481100 ms (tx_ts=85525247628623, rx_ts=85525248109723) request_id=6356540 zil_blk_id=3215996 ccf_commit_seqno=6356540 nstreams_done_=804000 config.nstreams=1000000 avg_latency=0.5420 ms avg throuhgput (requests/sec) = 1033.3492 res=false
*==== INFO ====*  stream_id=3217996 latency=0.518129 ms (tx_ts=85525728303180, rx_ts=85525728821309) request_id=6359762 zil_blk_id=3217996 ccf_commit_seqno=6359762 nstreams_done_=804500 config.nstreams=1000000 avg_latency=0.5420 ms avg throuhgput (requests/sec) = 1033.3534 res=false
*==== INFO ====*  stream_id=3219996 latency=0.471070 ms (tx_ts=85526199521376, rx_ts=85526199992446) request_id=6362991 zil_blk_id=3219996 ccf_commit_seqno=6362991 nstreams_done_=805000 config.nstreams=1000000 avg_latency=0.5419 ms avg throuhgput (requests/sec) = 1033.3702 res=false
*==== INFO ====*  stream_id=3221996 latency=0.517487 ms (tx_ts=85526662261812, rx_ts=85526662779299) request_id=6366230 zil_blk_id=3221996 ccf_commit_seqno=6366230 nstreams_done_=805500 config.nstreams=1000000 avg_latency=0.5419 ms avg throuhgput (requests/sec) = 1033.3982 res=false
*==== INFO ====*  stream_id=3223996 latency=0.483234 ms (tx_ts=85527133873733, rx_ts=85527134356967) request_id=6369461 zil_blk_id=3223996 ccf_commit_seqno=6369461 nstreams_done_=806000 config.nstreams=1000000 avg_latency=0.5419 ms avg throuhgput (requests/sec) = 1033.4144 res=false
*==== INFO ====*  stream_id=3225996 latency=0.543055 ms (tx_ts=85527597381233, rx_ts=85527597924288) request_id=6372591 zil_blk_id=3225996 ccf_commit_seqno=6372592 nstreams_done_=806500 config.nstreams=1000000 avg_latency=0.5419 ms avg throuhgput (requests/sec) = 1033.4412 res=false
*==== INFO ====*  stream_id=3227996 latency=0.477523 ms (tx_ts=85528069852481, rx_ts=85528070330004) request_id=6375859 zil_blk_id=3227996 ccf_commit_seqno=6375859 nstreams_done_=807000 config.nstreams=1000000 avg_latency=0.5419 ms avg throuhgput (requests/sec) = 1033.4563 res=false
*==== INFO ====*  stream_id=3229996 latency=0.496078 ms (tx_ts=85528525370915, rx_ts=85528525866993) request_id=6379078 zil_blk_id=3229996 ccf_commit_seqno=6379078 nstreams_done_=807500 config.nstreams=1000000 avg_latency=0.5419 ms avg throuhgput (requests/sec) = 1033.4937 res=false
*==== INFO ====*  stream_id=3231996 latency=0.473024 ms (tx_ts=85528996462875, rx_ts=85528996935899) request_id=6382314 zil_blk_id=3231996 ccf_commit_seqno=6382314 nstreams_done_=808000 config.nstreams=1000000 avg_latency=0.5418 ms avg throuhgput (requests/sec) = 1033.5106 res=false
*==== INFO ====*  stream_id=3233996 latency=0.507649 ms (tx_ts=85529458993689, rx_ts=85529459501338) request_id=6385567 zil_blk_id=3233996 ccf_commit_seqno=6385567 nstreams_done_=808500 config.nstreams=1000000 avg_latency=0.5418 ms avg throuhgput (requests/sec) = 1033.5386 res=false
*==== INFO ====*  stream_id=3235996 latency=0.522527 ms (tx_ts=85529934040382, rx_ts=85529934562909) request_id=6388787 zil_blk_id=3235996 ccf_commit_seqno=6388787 nstreams_done_=809000 config.nstreams=1000000 avg_latency=0.5418 ms avg throuhgput (requests/sec) = 1033.5501 res=false
*==== INFO ====*  stream_id=3237996 latency=0.572571 ms (tx_ts=85530400247679, rx_ts=85530400820250) request_id=6391921 zil_blk_id=3237996 ccf_commit_seqno=6391921 nstreams_done_=809500 config.nstreams=1000000 avg_latency=0.5418 ms avg throuhgput (requests/sec) = 1033.5732 res=false
*==== INFO ====*  stream_id=3239996 latency=0.548716 ms (tx_ts=85530916031853, rx_ts=85530916580569) request_id=6395385 zil_blk_id=3239996 ccf_commit_seqno=6395385 nstreams_done_=810000 config.nstreams=1000000 avg_latency=0.5418 ms avg throuhgput (requests/sec) = 1033.5310 res=false
*==== INFO ====*  stream_id=3241996 latency=0.538337 ms (tx_ts=85531409431337, rx_ts=85531409969674) request_id=6398794 zil_blk_id=3241996 ccf_commit_seqno=6398794 nstreams_done_=810500 config.nstreams=1000000 avg_latency=0.5418 ms avg throuhgput (requests/sec) = 1033.5184 res=false
*==== INFO ====*  stream_id=3243996 latency=0.483454 ms (tx_ts=85531901315018, rx_ts=85531901798472) request_id=6402201 zil_blk_id=3243996 ccf_commit_seqno=6402201 nstreams_done_=811000 config.nstreams=1000000 avg_latency=0.5418 ms avg throuhgput (requests/sec) = 1033.5078 res=false
*==== INFO ====*  stream_id=3245996 latency=0.506347 ms (tx_ts=85532385106701, rx_ts=85532385613048) request_id=6405527 zil_blk_id=3245996 ccf_commit_seqno=6405528 nstreams_done_=811500 config.nstreams=1000000 avg_latency=0.5418 ms avg throuhgput (requests/sec) = 1033.5077 res=false
*==== INFO ====*  stream_id=3247996 latency=0.525873 ms (tx_ts=85532866702171, rx_ts=85532867228044) request_id=6408807 zil_blk_id=3247996 ccf_commit_seqno=6408807 nstreams_done_=812000 config.nstreams=1000000 avg_latency=0.5418 ms avg throuhgput (requests/sec) = 1033.5106 res=false
*==== INFO ====*  stream_id=3249996 latency=0.481480 ms (tx_ts=85533372675969, rx_ts=85533373157449) request_id=6412284 zil_blk_id=3249996 ccf_commit_seqno=6412284 nstreams_done_=812500 config.nstreams=1000000 avg_latency=0.5418 ms avg throuhgput (requests/sec) = 1033.4815 res=false
*==== INFO ====*  stream_id=3251996 latency=0.482693 ms (tx_ts=85533857840202, rx_ts=85533858322895) request_id=6415670 zil_blk_id=3251996 ccf_commit_seqno=6415670 nstreams_done_=813000 config.nstreams=1000000 avg_latency=0.5418 ms avg throuhgput (requests/sec) = 1033.4797 res=false
*==== INFO ====*  stream_id=3253996 latency=0.456544 ms (tx_ts=85534330402395, rx_ts=85534330858939) request_id=6418933 zil_blk_id=3253996 ccf_commit_seqno=6418933 nstreams_done_=813500 config.nstreams=1000000 avg_latency=0.5418 ms avg throuhgput (requests/sec) = 1033.4945 res=false
*==== INFO ====*  stream_id=3255996 latency=0.553515 ms (tx_ts=85534794052159, rx_ts=85534794605674) request_id=6422126 zil_blk_id=3255996 ccf_commit_seqno=6422126 nstreams_done_=814000 config.nstreams=1000000 avg_latency=0.5418 ms avg throuhgput (requests/sec) = 1033.5208 res=false
*==== INFO ====*  stream_id=3257996 latency=0.483123 ms (tx_ts=85535266647147, rx_ts=85535267130270) request_id=6425387 zil_blk_id=3257996 ccf_commit_seqno=6425387 nstreams_done_=814500 config.nstreams=1000000 avg_latency=0.5417 ms avg throuhgput (requests/sec) = 1033.5356 res=false
*==== INFO ====*  stream_id=3259996 latency=0.623616 ms (tx_ts=85535740580141, rx_ts=85535741203757) request_id=6428691 zil_blk_id=3259996 ccf_commit_seqno=6428691 nstreams_done_=815000 config.nstreams=1000000 avg_latency=0.5417 ms avg throuhgput (requests/sec) = 1033.5483 res=false
*==== INFO ====*  stream_id=3261996 latency=0.467004 ms (tx_ts=85536224154707, rx_ts=85536224621711) request_id=6432137 zil_blk_id=3261996 ccf_commit_seqno=6432137 nstreams_done_=815500 config.nstreams=1000000 avg_latency=0.5417 ms avg throuhgput (requests/sec) = 1033.5487 res=false
*==== INFO ====*  stream_id=3263996 latency=0.618998 ms (tx_ts=85536695298969, rx_ts=85536695917967) request_id=6435458 zil_blk_id=3263996 ccf_commit_seqno=6435459 nstreams_done_=816000 config.nstreams=1000000 avg_latency=0.5417 ms avg throuhgput (requests/sec) = 1033.5651 res=false
*==== INFO ====*  stream_id=3265996 latency=0.501097 ms (tx_ts=85537197547957, rx_ts=85537198049054) request_id=6438835 zil_blk_id=3265996 ccf_commit_seqno=6438835 nstreams_done_=816500 config.nstreams=1000000 avg_latency=0.5417 ms avg throuhgput (requests/sec) = 1033.5410 res=false
*==== INFO ====*  stream_id=3267996 latency=0.696793 ms (tx_ts=85537673364517, rx_ts=85537674061310) request_id=6442119 zil_blk_id=3267996 ccf_commit_seqno=6442120 nstreams_done_=817000 config.nstreams=1000000 avg_latency=0.5417 ms avg throuhgput (requests/sec) = 1033.5512 res=false
*==== INFO ====*  stream_id=3269996 latency=0.482482 ms (tx_ts=85538141761922, rx_ts=85538142244404) request_id=6445356 zil_blk_id=3269996 ccf_commit_seqno=6445356 nstreams_done_=817500 config.nstreams=1000000 avg_latency=0.5417 ms avg throuhgput (requests/sec) = 1033.5715 res=false
*==== INFO ====*  stream_id=3271996 latency=0.538226 ms (tx_ts=85538617190656, rx_ts=85538617728882) request_id=6448695 zil_blk_id=3271996 ccf_commit_seqno=6448695 nstreams_done_=818000 config.nstreams=1000000 avg_latency=0.5417 ms avg throuhgput (requests/sec) = 1033.5823 res=false
*==== INFO ====*  stream_id=3273996 latency=0.502851 ms (tx_ts=85539086201207, rx_ts=85539086704058) request_id=6451962 zil_blk_id=3273996 ccf_commit_seqno=6451962 nstreams_done_=818500 config.nstreams=1000000 avg_latency=0.5417 ms avg throuhgput (requests/sec) = 1033.6016 res=false
*==== INFO ====*  stream_id=3275996 latency=0.480569 ms (tx_ts=85539556602670, rx_ts=85539557083239) request_id=6455251 zil_blk_id=3275996 ccf_commit_seqno=6455251 nstreams_done_=819000 config.nstreams=1000000 avg_latency=0.5417 ms avg throuhgput (requests/sec) = 1033.6191 res=false
*==== INFO ====*  stream_id=3277996 latency=0.472674 ms (tx_ts=85540012482297, rx_ts=85540012954971) request_id=6458445 zil_blk_id=3277996 ccf_commit_seqno=6458445 nstreams_done_=819500 config.nstreams=1000000 avg_latency=0.5417 ms avg throuhgput (requests/sec) = 1033.6554 res=false
*==== INFO ====*  stream_id=3279996 latency=0.540912 ms (tx_ts=85540522162511, rx_ts=85540522703423) request_id=6461958 zil_blk_id=3279996 ccf_commit_seqno=6461958 nstreams_done_=820000 config.nstreams=1000000 avg_latency=0.5417 ms avg throuhgput (requests/sec) = 1033.6215 res=false
*==== INFO ====*  stream_id=3281996 latency=0.539820 ms (tx_ts=85541039362729, rx_ts=85541039902549) request_id=6465525 zil_blk_id=3281996 ccf_commit_seqno=6465525 nstreams_done_=820500 config.nstreams=1000000 avg_latency=0.5417 ms avg throuhgput (requests/sec) = 1033.5779 res=false
*==== INFO ====*  stream_id=3283996 latency=0.459599 ms (tx_ts=85541538164651, rx_ts=85541538624250) request_id=6469021 zil_blk_id=3283996 ccf_commit_seqno=6469021 nstreams_done_=821000 config.nstreams=1000000 avg_latency=0.5417 ms avg throuhgput (requests/sec) = 1033.5584 res=false
*==== INFO ====*  stream_id=3285996 latency=0.485308 ms (tx_ts=85542061953068, rx_ts=85542062438376) request_id=6472574 zil_blk_id=3285996 ccf_commit_seqno=6472574 nstreams_done_=821500 config.nstreams=1000000 avg_latency=0.5417 ms avg throuhgput (requests/sec) = 1033.5064 res=false
*==== INFO ====*  stream_id=3287996 latency=0.551972 ms (tx_ts=85542543972339, rx_ts=85542544524311) request_id=6475758 zil_blk_id=3287996 ccf_commit_seqno=6475759 nstreams_done_=822000 config.nstreams=1000000 avg_latency=0.5417 ms avg throuhgput (requests/sec) = 1033.5086 res=false
*==== INFO ====*  stream_id=3289996 latency=0.479947 ms (tx_ts=85543022075453, rx_ts=85543022555400) request_id=6479058 zil_blk_id=3289996 ccf_commit_seqno=6479058 nstreams_done_=822500 config.nstreams=1000000 avg_latency=0.5417 ms avg throuhgput (requests/sec) = 1033.5161 res=false
*==== INFO ====*  stream_id=3291996 latency=0.505936 ms (tx_ts=85543495987359, rx_ts=85543496493295) request_id=6482358 zil_blk_id=3291996 ccf_commit_seqno=6482358 nstreams_done_=823000 config.nstreams=1000000 avg_latency=0.5416 ms avg throuhgput (requests/sec) = 1033.5288 res=false
*==== INFO ====*  stream_id=3293996 latency=0.449781 ms (tx_ts=85543997335111, rx_ts=85543997784892) request_id=6485788 zil_blk_id=3293996 ccf_commit_seqno=6485788 nstreams_done_=823500 config.nstreams=1000000 avg_latency=0.5416 ms avg throuhgput (requests/sec) = 1033.5061 res=false
*==== INFO ====*  stream_id=3295996 latency=0.491208 ms (tx_ts=85544467695326, rx_ts=85544468186534) request_id=6489089 zil_blk_id=3295996 ccf_commit_seqno=6489089 nstreams_done_=824000 config.nstreams=1000000 avg_latency=0.5416 ms avg throuhgput (requests/sec) = 1033.5235 res=false
*==== INFO ====*  stream_id=3297996 latency=0.518439 ms (tx_ts=85544943731121, rx_ts=85544944249560) request_id=6492418 zil_blk_id=3297996 ccf_commit_seqno=6492418 nstreams_done_=824500 config.nstreams=1000000 avg_latency=0.5416 ms avg throuhgput (requests/sec) = 1033.5335 res=false
*==== INFO ====*  stream_id=3299996 latency=0.595413 ms (tx_ts=85545455276443, rx_ts=85545455871856) request_id=6495921 zil_blk_id=3299996 ccf_commit_seqno=6495921 nstreams_done_=825000 config.nstreams=1000000 avg_latency=0.5416 ms avg throuhgput (requests/sec) = 1033.4974 res=false
*==== INFO ====*  stream_id=3301996 latency=0.492782 ms (tx_ts=85545966879435, rx_ts=85545967372217) request_id=6499392 zil_blk_id=3301996 ccf_commit_seqno=6499393 nstreams_done_=825500 config.nstreams=1000000 avg_latency=0.5416 ms avg throuhgput (requests/sec) = 1033.4616 res=false
*==== INFO ====*  stream_id=3303996 latency=0.479767 ms (tx_ts=85546445752128, rx_ts=85546446231895) request_id=6502677 zil_blk_id=3303996 ccf_commit_seqno=6502677 nstreams_done_=826000 config.nstreams=1000000 avg_latency=0.5416 ms avg throuhgput (requests/sec) = 1033.4680 res=false
*==== INFO ====*  stream_id=3305996 latency=0.495316 ms (tx_ts=85546933019895, rx_ts=85546933515211) request_id=6505943 zil_blk_id=3305996 ccf_commit_seqno=6505944 nstreams_done_=826500 config.nstreams=1000000 avg_latency=0.5416 ms avg throuhgput (requests/sec) = 1033.4635 res=false
*==== INFO ====*  stream_id=3307996 latency=0.496358 ms (tx_ts=85547425977891, rx_ts=85547426474249) request_id=6509237 zil_blk_id=3307996 ccf_commit_seqno=6509237 nstreams_done_=827000 config.nstreams=1000000 avg_latency=0.5416 ms avg throuhgput (requests/sec) = 1033.4517 res=false
*==== INFO ====*  stream_id=3309996 latency=0.476040 ms (tx_ts=85547915741591, rx_ts=85547916217631) request_id=6512557 zil_blk_id=3309996 ccf_commit_seqno=6512557 nstreams_done_=827500 config.nstreams=1000000 avg_latency=0.5415 ms avg throuhgput (requests/sec) = 1033.4440 res=false
*==== INFO ====*  stream_id=3311996 latency=0.474958 ms (tx_ts=85548424178019, rx_ts=85548424652977) request_id=6515983 zil_blk_id=3311996 ccf_commit_seqno=6515983 nstreams_done_=828000 config.nstreams=1000000 avg_latency=0.5415 ms avg throuhgput (requests/sec) = 1033.4123 res=false
*==== INFO ====*  stream_id=3313996 latency=0.536594 ms (tx_ts=85548909235317, rx_ts=85548909771911) request_id=6519245 zil_blk_id=3313996 ccf_commit_seqno=6519245 nstreams_done_=828500 config.nstreams=1000000 avg_latency=0.5415 ms avg throuhgput (requests/sec) = 1033.4106 res=false
*==== INFO ====*  stream_id=3315996 latency=0.570086 ms (tx_ts=85549370314088, rx_ts=85549370884174) request_id=6522419 zil_blk_id=3315996 ccf_commit_seqno=6522419 nstreams_done_=829000 config.nstreams=1000000 avg_latency=0.5415 ms avg throuhgput (requests/sec) = 1033.4399 res=false
*==== INFO ====*  stream_id=3317996 latency=0.438440 ms (tx_ts=85549859133294, rx_ts=85549859571734) request_id=6525797 zil_blk_id=3317996 ccf_commit_seqno=6525797 nstreams_done_=829500 config.nstreams=1000000 avg_latency=0.5415 ms avg throuhgput (requests/sec) = 1033.4336 res=false
*==== INFO ====*  stream_id=3319996 latency=0.512318 ms (tx_ts=85550318961414, rx_ts=85550319473732) request_id=6529069 zil_blk_id=3319996 ccf_commit_seqno=6529069 nstreams_done_=830000 config.nstreams=1000000 avg_latency=0.5415 ms avg throuhgput (requests/sec) = 1033.4644 res=false
*==== INFO ====*  stream_id=3321996 latency=0.534099 ms (tx_ts=85550800792932, rx_ts=85550801327031) request_id=6532452 zil_blk_id=3321996 ccf_commit_seqno=6532453 nstreams_done_=830500 config.nstreams=1000000 avg_latency=0.5415 ms avg throuhgput (requests/sec) = 1033.4669 res=false
*==== INFO ====*  stream_id=3323996 latency=0.455101 ms (tx_ts=85551277205125, rx_ts=85551277660226) request_id=6535810 zil_blk_id=3323996 ccf_commit_seqno=6535810 nstreams_done_=831000 config.nstreams=1000000 avg_latency=0.5415 ms avg throuhgput (requests/sec) = 1033.4765 res=false
*==== INFO ====*  stream_id=3325996 latency=0.456644 ms (tx_ts=85551759325834, rx_ts=85551759782478) request_id=6539216 zil_blk_id=3325996 ccf_commit_seqno=6539216 nstreams_done_=831500 config.nstreams=1000000 avg_latency=0.5415 ms avg throuhgput (requests/sec) = 1033.4787 res=false
*==== INFO ====*  stream_id=3327996 latency=0.499404 ms (tx_ts=85552224018771, rx_ts=85552224518175) request_id=6542539 zil_blk_id=3327996 ccf_commit_seqno=6542539 nstreams_done_=832000 config.nstreams=1000000 avg_latency=0.5415 ms avg throuhgput (requests/sec) = 1033.5032 res=false
*==== INFO ====*  stream_id=3329996 latency=0.543907 ms (tx_ts=85552690887281, rx_ts=85552691431188) request_id=6545735 zil_blk_id=3329996 ccf_commit_seqno=6545736 nstreams_done_=832500 config.nstreams=1000000 avg_latency=0.5414 ms avg throuhgput (requests/sec) = 1033.5248 res=false
*==== INFO ====*  stream_id=3331996 latency=0.547023 ms (tx_ts=85553164638668, rx_ts=85553165185691) request_id=6548982 zil_blk_id=3331996 ccf_commit_seqno=6548982 nstreams_done_=833000 config.nstreams=1000000 avg_latency=0.5414 ms avg throuhgput (requests/sec) = 1033.5377 res=false
*==== INFO ====*  stream_id=3333996 latency=0.448428 ms (tx_ts=85553642217574, rx_ts=85553642666002) request_id=6552272 zil_blk_id=3333996 ccf_commit_seqno=6552272 nstreams_done_=833500 config.nstreams=1000000 avg_latency=0.5414 ms avg throuhgput (requests/sec) = 1033.5458 res=false
*==== INFO ====*  stream_id=3335996 latency=0.586698 ms (tx_ts=85554113837401, rx_ts=85554114424099) request_id=6555567 zil_blk_id=3335996 ccf_commit_seqno=6555568 nstreams_done_=834000 config.nstreams=1000000 avg_latency=0.5414 ms avg throuhgput (requests/sec) = 1033.5611 res=false
*==== INFO ====*  stream_id=3337996 latency=0.508120 ms (tx_ts=85554570876466, rx_ts=85554571384586) request_id=6558773 zil_blk_id=3337996 ccf_commit_seqno=6558773 nstreams_done_=834500 config.nstreams=1000000 avg_latency=0.5414 ms avg throuhgput (requests/sec) = 1033.5955 res=false
*==== INFO ====*  stream_id=3339996 latency=0.641620 ms (tx_ts=85555064555569, rx_ts=85555065197189) request_id=6562190 zil_blk_id=3339996 ccf_commit_seqno=6562191 nstreams_done_=835000 config.nstreams=1000000 avg_latency=0.5414 ms avg throuhgput (requests/sec) = 1033.5826 res=false
*==== INFO ====*  stream_id=3341996 latency=0.452607 ms (tx_ts=85555544944209, rx_ts=85555545396816) request_id=6565514 zil_blk_id=3341996 ccf_commit_seqno=6565514 nstreams_done_=835500 config.nstreams=1000000 avg_latency=0.5414 ms avg throuhgput (requests/sec) = 1033.5871 res=false
*==== INFO ====*  stream_id=3343996 latency=0.538447 ms (tx_ts=85556025304025, rx_ts=85556025842472) request_id=6568855 zil_blk_id=3343996 ccf_commit_seqno=6568856 nstreams_done_=836000 config.nstreams=1000000 avg_latency=0.5414 ms avg throuhgput (requests/sec) = 1033.5914 res=false
*==== INFO ====*  stream_id=3345996 latency=1.410768 ms (tx_ts=85556489545899, rx_ts=85556490956667) request_id=6572171 zil_blk_id=3345996 ccf_commit_seqno=6572171 nstreams_done_=836500 config.nstreams=1000000 avg_latency=0.5414 ms avg throuhgput (requests/sec) = 1033.6152 res=false
*==== INFO ====*  stream_id=3347996 latency=0.489616 ms (tx_ts=85556959398706, rx_ts=85556959888322) request_id=6575487 zil_blk_id=3347996 ccf_commit_seqno=6575487 nstreams_done_=837000 config.nstreams=1000000 avg_latency=0.5414 ms avg throuhgput (requests/sec) = 1033.6341 res=false
*==== INFO ====*  stream_id=3349996 latency=0.556751 ms (tx_ts=85557425983553, rx_ts=85557426540304) request_id=6578760 zil_blk_id=3349996 ccf_commit_seqno=6578760 nstreams_done_=837500 config.nstreams=1000000 avg_latency=0.5414 ms avg throuhgput (requests/sec) = 1033.6558 res=false
*==== INFO ====*  stream_id=3351996 latency=0.527286 ms (tx_ts=85557907587422, rx_ts=85557908114708) request_id=6582113 zil_blk_id=3351996 ccf_commit_seqno=6582113 nstreams_done_=838000 config.nstreams=1000000 avg_latency=0.5414 ms avg throuhgput (requests/sec) = 1033.6586 res=false
*==== INFO ====*  stream_id=3353996 latency=0.531574 ms (tx_ts=85558424823507, rx_ts=85558425355081) request_id=6585634 zil_blk_id=3353996 ccf_commit_seqno=6585634 nstreams_done_=838500 config.nstreams=1000000 avg_latency=0.5414 ms avg throuhgput (requests/sec) = 1033.6159 res=false
*==== INFO ====*  stream_id=3355996 latency=0.588321 ms (tx_ts=85558903445112, rx_ts=85558904033433) request_id=6588969 zil_blk_id=3355996 ccf_commit_seqno=6588969 nstreams_done_=839000 config.nstreams=1000000 avg_latency=0.5414 ms avg throuhgput (requests/sec) = 1033.6223 res=false
*==== INFO ====*  stream_id=3357996 latency=0.464579 ms (tx_ts=85559398277881, rx_ts=85559398742460) request_id=6592448 zil_blk_id=3357996 ccf_commit_seqno=6592448 nstreams_done_=839500 config.nstreams=1000000 avg_latency=0.5413 ms avg throuhgput (requests/sec) = 1033.6083 res=false
*==== INFO ====*  stream_id=3359996 latency=0.493713 ms (tx_ts=85559878671745, rx_ts=85559879165458) request_id=6595815 zil_blk_id=3359996 ccf_commit_seqno=6595815 nstreams_done_=840000 config.nstreams=1000000 avg_latency=0.5413 ms avg throuhgput (requests/sec) = 1033.6126 res=false
*==== INFO ====*  stream_id=3361996 latency=0.513300 ms (tx_ts=85560350672085, rx_ts=85560351185385) request_id=6599049 zil_blk_id=3361996 ccf_commit_seqno=6599049 nstreams_done_=840500 config.nstreams=1000000 avg_latency=0.5413 ms avg throuhgput (requests/sec) = 1033.6275 res=false
*==== INFO ====*  stream_id=3363996 latency=0.535041 ms (tx_ts=85560837610540, rx_ts=85560838145581) request_id=6602328 zil_blk_id=3363996 ccf_commit_seqno=6602328 nstreams_done_=841000 config.nstreams=1000000 avg_latency=0.5413 ms avg throuhgput (requests/sec) = 1033.6234 res=false
*==== INFO ====*  stream_id=3365996 latency=0.472454 ms (tx_ts=85561316471961, rx_ts=85561316944415) request_id=6605629 zil_blk_id=3365996 ccf_commit_seqno=6605629 nstreams_done_=841500 config.nstreams=1000000 avg_latency=0.5413 ms avg throuhgput (requests/sec) = 1033.6296 res=false
*==== INFO ====*  stream_id=3367996 latency=0.593019 ms (tx_ts=85561787025295, rx_ts=85561787618314) request_id=6608742 zil_blk_id=3367996 ccf_commit_seqno=6608742 nstreams_done_=842000 config.nstreams=1000000 avg_latency=0.5413 ms avg throuhgput (requests/sec) = 1033.6462 res=false
*==== INFO ====*  stream_id=3369996 latency=0.467644 ms (tx_ts=85562270412179, rx_ts=85562270879823) request_id=6611855 zil_blk_id=3369996 ccf_commit_seqno=6611855 nstreams_done_=842500 config.nstreams=1000000 avg_latency=0.5413 ms avg throuhgput (requests/sec) = 1033.6468 res=false
*==== INFO ====*  stream_id=3371996 latency=0.542314 ms (tx_ts=85562798976932, rx_ts=85562799519246) request_id=6615410 zil_blk_id=3371996 ccf_commit_seqno=6615410 nstreams_done_=843000 config.nstreams=1000000 avg_latency=0.5413 ms avg throuhgput (requests/sec) = 1033.5899 res=false
*==== INFO ====*  stream_id=3373996 latency=0.496418 ms (tx_ts=85563315250664, rx_ts=85563315747082) request_id=6618862 zil_blk_id=3373996 ccf_commit_seqno=6618862 nstreams_done_=843500 config.nstreams=1000000 avg_latency=0.5413 ms avg throuhgput (requests/sec) = 1033.5487 res=false
*==== INFO ====*  stream_id=3375996 latency=0.477162 ms (tx_ts=85563806685879, rx_ts=85563807163041) request_id=6622261 zil_blk_id=3375996 ccf_commit_seqno=6622261 nstreams_done_=844000 config.nstreams=1000000 avg_latency=0.5413 ms avg throuhgput (requests/sec) = 1033.5391 res=false
*==== INFO ====*  stream_id=3377996 latency=0.438440 ms (tx_ts=85564298016277, rx_ts=85564298454717) request_id=6625575 zil_blk_id=3377996 ccf_commit_seqno=6625575 nstreams_done_=844500 config.nstreams=1000000 avg_latency=0.5413 ms avg throuhgput (requests/sec) = 1033.5295 res=false
*==== INFO ====*  stream_id=3379996 latency=0.790328 ms (tx_ts=85564776742616, rx_ts=85564777532944) request_id=6628761 zil_blk_id=3379996 ccf_commit_seqno=6628764 nstreams_done_=845000 config.nstreams=1000000 avg_latency=0.5413 ms avg throuhgput (requests/sec) = 1033.5355 res=false
*==== INFO ====*  stream_id=3381996 latency=0.557022 ms (tx_ts=85565250295148, rx_ts=85565250852170) request_id=6632069 zil_blk_id=3381996 ccf_commit_seqno=6632070 nstreams_done_=845500 config.nstreams=1000000 avg_latency=0.5413 ms avg throuhgput (requests/sec) = 1033.5487 res=false
*==== INFO ====*  stream_id=3383996 latency=0.481029 ms (tx_ts=85565725458167, rx_ts=85565725939196) request_id=6635348 zil_blk_id=3383996 ccf_commit_seqno=6635348 nstreams_done_=846000 config.nstreams=1000000 avg_latency=0.5413 ms avg throuhgput (requests/sec) = 1033.5597 res=false
*==== INFO ====*  stream_id=3385996 latency=0.482953 ms (tx_ts=85566191317514, rx_ts=85566191800467) request_id=6638487 zil_blk_id=3385996 ccf_commit_seqno=6638488 nstreams_done_=846500 config.nstreams=1000000 avg_latency=0.5413 ms avg throuhgput (requests/sec) = 1033.5823 res=false
*==== INFO ====*  stream_id=3387996 latency=0.667559 ms (tx_ts=85566647580726, rx_ts=85566648248285) request_id=6641657 zil_blk_id=3387996 ccf_commit_seqno=6641659 nstreams_done_=847000 config.nstreams=1000000 avg_latency=0.5413 ms avg throuhgput (requests/sec) = 1033.6167 res=false
*==== INFO ====*  stream_id=3389996 latency=0.540902 ms (tx_ts=85567116717683, rx_ts=85567117258585) request_id=6644882 zil_blk_id=3389996 ccf_commit_seqno=6644882 nstreams_done_=847500 config.nstreams=1000000 avg_latency=0.5413 ms avg throuhgput (requests/sec) = 1033.6353 res=false
*==== INFO ====*  stream_id=3391996 latency=0.526956 ms (tx_ts=85567579957271, rx_ts=85567580484227) request_id=6648036 zil_blk_id=3391996 ccf_commit_seqno=6648036 nstreams_done_=848000 config.nstreams=1000000 avg_latency=0.5413 ms avg throuhgput (requests/sec) = 1033.6611 res=false
*==== INFO ====*  stream_id=3393996 latency=0.623987 ms (tx_ts=85568066557585, rx_ts=85568067181572) request_id=6651326 zil_blk_id=3393996 ccf_commit_seqno=6651327 nstreams_done_=848500 config.nstreams=1000000 avg_latency=0.5413 ms avg throuhgput (requests/sec) = 1033.6573 res=false
*==== INFO ====*  stream_id=3395996 latency=0.509343 ms (tx_ts=85568527999772, rx_ts=85568528509115) request_id=6654557 zil_blk_id=3395996 ccf_commit_seqno=6654557 nstreams_done_=849000 config.nstreams=1000000 avg_latency=0.5413 ms avg throuhgput (requests/sec) = 1033.6855 res=false
*==== INFO ====*  stream_id=3397996 latency=0.526304 ms (tx_ts=85569000591343, rx_ts=85569001117647) request_id=6657764 zil_blk_id=3397996 ccf_commit_seqno=6657765 nstreams_done_=849500 config.nstreams=1000000 avg_latency=0.5413 ms avg throuhgput (requests/sec) = 1033.6995 res=false
*==== INFO ====*  stream_id=3399996 latency=0.540821 ms (tx_ts=85569476050392, rx_ts=85569476591213) request_id=6661062 zil_blk_id=3399996 ccf_commit_seqno=6661062 nstreams_done_=850000 config.nstreams=1000000 avg_latency=0.5412 ms avg throuhgput (requests/sec) = 1033.7098 res=false
*==== INFO ====*  stream_id=3401996 latency=0.509051 ms (tx_ts=85569959711450, rx_ts=85569960220501) request_id=6664406 zil_blk_id=3401996 ccf_commit_seqno=6664406 nstreams_done_=850500 config.nstreams=1000000 avg_latency=0.5412 ms avg throuhgput (requests/sec) = 1033.7099 res=false
*==== INFO ====*  stream_id=3403996 latency=0.537896 ms (tx_ts=85570429851101, rx_ts=85570430388997) request_id=6667634 zil_blk_id=3403996 ccf_commit_seqno=6667634 nstreams_done_=851000 config.nstreams=1000000 avg_latency=0.5412 ms avg throuhgput (requests/sec) = 1033.7269 res=false
*==== INFO ====*  stream_id=3405996 latency=0.564996 ms (tx_ts=85570891056155, rx_ts=85570891621151) request_id=6670833 zil_blk_id=3405996 ccf_commit_seqno=6670835 nstreams_done_=851500 config.nstreams=1000000 avg_latency=0.5412 ms avg throuhgput (requests/sec) = 1033.7551 res=false
*==== INFO ====*  stream_id=3407996 latency=0.616754 ms (tx_ts=85571350499464, rx_ts=85571351116218) request_id=6673989 zil_blk_id=3407996 ccf_commit_seqno=6673989 nstreams_done_=852000 config.nstreams=1000000 avg_latency=0.5412 ms avg throuhgput (requests/sec) = 1033.7854 res=false
*==== INFO ====*  stream_id=3409996 latency=0.661857 ms (tx_ts=85571837379752, rx_ts=85571838041609) request_id=6677383 zil_blk_id=3409996 ccf_commit_seqno=6677383 nstreams_done_=852500 config.nstreams=1000000 avg_latency=0.5412 ms avg throuhgput (requests/sec) = 1033.7813 res=false
*==== INFO ====*  stream_id=3411996 latency=0.461563 ms (tx_ts=85572337907246, rx_ts=85572338368809) request_id=6680802 zil_blk_id=3411996 ccf_commit_seqno=6680802 nstreams_done_=853000 config.nstreams=1000000 avg_latency=0.5412 ms avg throuhgput (requests/sec) = 1033.7604 res=false
*==== INFO ====*  stream_id=3413996 latency=0.474347 ms (tx_ts=85572838462420, rx_ts=85572838936767) request_id=6684286 zil_blk_id=3413996 ccf_commit_seqno=6684286 nstreams_done_=853500 config.nstreams=1000000 avg_latency=0.5412 ms avg throuhgput (requests/sec) = 1033.7393 res=false
*==== INFO ====*  stream_id=3415996 latency=0.434853 ms (tx_ts=85573320266344, rx_ts=85573320701197) request_id=6687629 zil_blk_id=3415996 ccf_commit_seqno=6687629 nstreams_done_=854000 config.nstreams=1000000 avg_latency=0.5412 ms avg throuhgput (requests/sec) = 1033.7417 res=false
*==== INFO ====*  stream_id=3417996 latency=0.488461 ms (tx_ts=85573811033482, rx_ts=85573811521943) request_id=6690993 zil_blk_id=3417996 ccf_commit_seqno=6690993 nstreams_done_=854500 config.nstreams=1000000 avg_latency=0.5412 ms avg throuhgput (requests/sec) = 1033.7327 res=false
*==== INFO ====*  stream_id=3419996 latency=0.509513 ms (tx_ts=85574338296586, rx_ts=85574338806099) request_id=6694533 zil_blk_id=3419996 ccf_commit_seqno=6694533 nstreams_done_=855000 config.nstreams=1000000 avg_latency=0.5412 ms avg throuhgput (requests/sec) = 1033.6783 res=false
*==== INFO ====*  stream_id=3421996 latency=0.545330 ms (tx_ts=85574846833147, rx_ts=85574847378477) request_id=6697962 zil_blk_id=3421996 ccf_commit_seqno=6697962 nstreams_done_=855500 config.nstreams=1000000 avg_latency=0.5412 ms avg throuhgput (requests/sec) = 1033.6472 res=false
*==== INFO ====*  stream_id=3423996 latency=0.493112 ms (tx_ts=85575325352583, rx_ts=85575325845695) request_id=6701280 zil_blk_id=3423996 ccf_commit_seqno=6701280 nstreams_done_=856000 config.nstreams=1000000 avg_latency=0.5412 ms avg throuhgput (requests/sec) = 1033.6538 res=false
*==== INFO ====*  stream_id=3425996 latency=0.588912 ms (tx_ts=85575808956895, rx_ts=85575809545807) request_id=6704628 zil_blk_id=3425996 ccf_commit_seqno=6704628 nstreams_done_=856500 config.nstreams=1000000 avg_latency=0.5412 ms avg throuhgput (requests/sec) = 1033.6538 res=false
*==== INFO ====*  stream_id=3427996 latency=0.473676 ms (tx_ts=85576302226839, rx_ts=85576302700515) request_id=6707980 zil_blk_id=3427996 ccf_commit_seqno=6707980 nstreams_done_=857000 config.nstreams=1000000 avg_latency=0.5412 ms avg throuhgput (requests/sec) = 1033.6420 res=false
*==== INFO ====*  stream_id=3429996 latency=0.538167 ms (tx_ts=85576772829591, rx_ts=85576773367758) request_id=6711308 zil_blk_id=3429996 ccf_commit_seqno=6711309 nstreams_done_=857500 config.nstreams=1000000 avg_latency=0.5412 ms avg throuhgput (requests/sec) = 1033.6583 res=false
*==== INFO ====*  stream_id=3431996 latency=0.490437 ms (tx_ts=85577243069936, rx_ts=85577243560373) request_id=6714591 zil_blk_id=3431996 ccf_commit_seqno=6714591 nstreams_done_=858000 config.nstreams=1000000 avg_latency=0.5412 ms avg throuhgput (requests/sec) = 1033.6751 res=false
*==== INFO ====*  stream_id=3433996 latency=0.473826 ms (tx_ts=85577713667368, rx_ts=85577714141194) request_id=6717824 zil_blk_id=3433996 ccf_commit_seqno=6717824 nstreams_done_=858500 config.nstreams=1000000 avg_latency=0.5411 ms avg throuhgput (requests/sec) = 1033.6915 res=false
*==== INFO ====*  stream_id=3435996 latency=0.523399 ms (tx_ts=85578187802480, rx_ts=85578188325879) request_id=6721099 zil_blk_id=3435996 ccf_commit_seqno=6721099 nstreams_done_=859000 config.nstreams=1000000 avg_latency=0.5411 ms avg throuhgput (requests/sec) = 1033.7033 res=false
*==== INFO ====*  stream_id=3437996 latency=0.475980 ms (tx_ts=85578644126252, rx_ts=85578644602232) request_id=6724297 zil_blk_id=3437996 ccf_commit_seqno=6724297 nstreams_done_=859500 config.nstreams=1000000 avg_latency=0.5411 ms avg throuhgput (requests/sec) = 1033.7374 res=false
*==== INFO ====*  stream_id=3439996 latency=0.532727 ms (tx_ts=85579121319039, rx_ts=85579121851766) request_id=6727545 zil_blk_id=3439996 ccf_commit_seqno=6727546 nstreams_done_=860000 config.nstreams=1000000 avg_latency=0.5411 ms avg throuhgput (requests/sec) = 1033.7454 res=false
*==== INFO ====*  stream_id=3441996 latency=0.519632 ms (tx_ts=85579633225656, rx_ts=85579633745288) request_id=6731025 zil_blk_id=3441996 ccf_commit_seqno=6731026 nstreams_done_=860500 config.nstreams=1000000 avg_latency=0.5411 ms avg throuhgput (requests/sec) = 1033.7104 res=false
*==== INFO ====*  stream_id=3443996 latency=0.497541 ms (tx_ts=85580129232429, rx_ts=85580129729970) request_id=6734355 zil_blk_id=3443996 ccf_commit_seqno=6734355 nstreams_done_=861000 config.nstreams=1000000 avg_latency=0.5411 ms avg throuhgput (requests/sec) = 1033.6951 res=false
*==== INFO ====*  stream_id=3445996 latency=0.566680 ms (tx_ts=85580601284045, rx_ts=85580601850725) request_id=6737652 zil_blk_id=3445996 ccf_commit_seqno=6737652 nstreams_done_=861500 config.nstreams=1000000 avg_latency=0.5411 ms avg throuhgput (requests/sec) = 1033.7095 res=false
*==== INFO ====*  stream_id=3447996 latency=0.474888 ms (tx_ts=85581079929399, rx_ts=85581080404287) request_id=6740874 zil_blk_id=3447996 ccf_commit_seqno=6740874 nstreams_done_=862000 config.nstreams=1000000 avg_latency=0.5411 ms avg throuhgput (requests/sec) = 1033.7159 res=false
*==== INFO ====*  stream_id=3449996 latency=0.494115 ms (tx_ts=85581545450320, rx_ts=85581545944435) request_id=6744044 zil_blk_id=3449996 ccf_commit_seqno=6744044 nstreams_done_=862500 config.nstreams=1000000 avg_latency=0.5411 ms avg throuhgput (requests/sec) = 1033.7383 res=false
*==== INFO ====*  stream_id=3451996 latency=0.471384 ms (tx_ts=85582031858358, rx_ts=85582032329742) request_id=6747326 zil_blk_id=3451996 ccf_commit_seqno=6747326 nstreams_done_=863000 config.nstreams=1000000 avg_latency=0.5411 ms avg throuhgput (requests/sec) = 1033.7350 res=false
*==== INFO ====*  stream_id=3453996 latency=0.520496 ms (tx_ts=85582505807478, rx_ts=85582506327974) request_id=6750469 zil_blk_id=3453996 ccf_commit_seqno=6750469 nstreams_done_=863500 config.nstreams=1000000 avg_latency=0.5411 ms avg throuhgput (requests/sec) = 1033.7470 res=false
*==== INFO ====*  stream_id=3455996 latency=0.555551 ms (tx_ts=85583018794882, rx_ts=85583019350433) request_id=6753868 zil_blk_id=3455996 ccf_commit_seqno=6753868 nstreams_done_=864000 config.nstreams=1000000 avg_latency=0.5411 ms avg throuhgput (requests/sec) = 1033.7107 res=false
*==== INFO ====*  stream_id=3457996 latency=0.476282 ms (tx_ts=85583527831175, rx_ts=85583528307457) request_id=6757316 zil_blk_id=3457996 ccf_commit_seqno=6757316 nstreams_done_=864500 config.nstreams=1000000 avg_latency=0.5411 ms avg throuhgput (requests/sec) = 1033.6795 res=false
*==== INFO ====*  stream_id=3459996 latency=0.523311 ms (tx_ts=85584004340983, rx_ts=85584004864294) request_id=6760611 zil_blk_id=3459996 ccf_commit_seqno=6760611 nstreams_done_=865000 config.nstreams=1000000 avg_latency=0.5411 ms avg throuhgput (requests/sec) = 1033.6883 res=false
*==== INFO ====*  stream_id=3461996 latency=0.571381 ms (tx_ts=85584502420075, rx_ts=85584502991456) request_id=6763957 zil_blk_id=3461996 ccf_commit_seqno=6763957 nstreams_done_=865500 config.nstreams=1000000 avg_latency=0.5411 ms avg throuhgput (requests/sec) = 1033.6705 res=false
*==== INFO ====*  stream_id=3463996 latency=0.583131 ms (tx_ts=85585012076095, rx_ts=85585012659226) request_id=6767418 zil_blk_id=3463996 ccf_commit_seqno=6767419 nstreams_done_=866000 config.nstreams=1000000 avg_latency=0.5411 ms avg throuhgput (requests/sec) = 1033.6385 res=false
*==== INFO ====*  stream_id=3465996 latency=0.567271 ms (tx_ts=85585483951678, rx_ts=85585484518949) request_id=6770624 zil_blk_id=3465996 ccf_commit_seqno=6770625 nstreams_done_=866500 config.nstreams=1000000 avg_latency=0.5411 ms avg throuhgput (requests/sec) = 1033.6531 res=false
*==== INFO ====*  stream_id=3467996 latency=0.508542 ms (tx_ts=85585955318849, rx_ts=85585955827391) request_id=6773840 zil_blk_id=3467996 ccf_commit_seqno=6773840 nstreams_done_=867000 config.nstreams=1000000 avg_latency=0.5411 ms avg throuhgput (requests/sec) = 1033.6684 res=false
*==== INFO ====*  stream_id=3469996 latency=0.562241 ms (tx_ts=85586419535762, rx_ts=85586420098003) request_id=6777084 zil_blk_id=3469996 ccf_commit_seqno=6777084 nstreams_done_=867500 config.nstreams=1000000 avg_latency=0.5411 ms avg throuhgput (requests/sec) = 1033.6923 res=false
*==== INFO ====*  stream_id=3471996 latency=0.459530 ms (tx_ts=85586895220347, rx_ts=85586895679877) request_id=6780348 zil_blk_id=3471996 ccf_commit_seqno=6780348 nstreams_done_=868000 config.nstreams=1000000 avg_latency=0.5411 ms avg throuhgput (requests/sec) = 1033.7023 res=false
*==== INFO ====*  stream_id=3473996 latency=0.503873 ms (tx_ts=85587361737029, rx_ts=85587362240902) request_id=6783559 zil_blk_id=3473996 ccf_commit_seqno=6783559 nstreams_done_=868500 config.nstreams=1000000 avg_latency=0.5411 ms avg throuhgput (requests/sec) = 1033.7234 res=false
*==== INFO ====*  stream_id=3475996 latency=0.546983 ms (tx_ts=85587823593112, rx_ts=85587824140095) request_id=6786792 zil_blk_id=3475996 ccf_commit_seqno=6786792 nstreams_done_=869000 config.nstreams=1000000 avg_latency=0.5410 ms avg throuhgput (requests/sec) = 1033.7502 res=false
*==== INFO ====*  stream_id=3477996 latency=0.520294 ms (tx_ts=85588300566584, rx_ts=85588301086878) request_id=6790033 zil_blk_id=3477996 ccf_commit_seqno=6790033 nstreams_done_=869500 config.nstreams=1000000 avg_latency=0.5410 ms avg throuhgput (requests/sec) = 1033.7585 res=false
*==== INFO ====*  stream_id=3479996 latency=0.606415 ms (tx_ts=85588775227329, rx_ts=85588775833744) request_id=6793330 zil_blk_id=3479996 ccf_commit_seqno=6793330 nstreams_done_=870000 config.nstreams=1000000 avg_latency=0.5410 ms avg throuhgput (requests/sec) = 1033.7695 res=false
*==== INFO ====*  stream_id=3481996 latency=0.454380 ms (tx_ts=85589251444206, rx_ts=85589251898586) request_id=6796659 zil_blk_id=3481996 ccf_commit_seqno=6796659 nstreams_done_=870500 config.nstreams=1000000 avg_latency=0.5410 ms avg throuhgput (requests/sec) = 1033.7788 res=false
*==== INFO ====*  stream_id=3483996 latency=0.461163 ms (tx_ts=85589728899355, rx_ts=85589729360518) request_id=6799964 zil_blk_id=3483996 ccf_commit_seqno=6799964 nstreams_done_=871000 config.nstreams=1000000 avg_latency=0.5410 ms avg throuhgput (requests/sec) = 1033.7864 res=false
*==== INFO ====*  stream_id=3485996 latency=0.627585 ms (tx_ts=85590197035093, rx_ts=85590197662678) request_id=6803130 zil_blk_id=3485996 ccf_commit_seqno=6803130 nstreams_done_=871500 config.nstreams=1000000 avg_latency=0.5410 ms avg throuhgput (requests/sec) = 1033.8052 res=false
*==== INFO ====*  stream_id=3487996 latency=0.488614 ms (tx_ts=85590663172112, rx_ts=85590663660726) request_id=6806405 zil_blk_id=3487996 ccf_commit_seqno=6806405 nstreams_done_=872000 config.nstreams=1000000 avg_latency=0.5410 ms avg throuhgput (requests/sec) = 1033.8269 res=false
*==== INFO ====*  stream_id=3489996 latency=0.581638 ms (tx_ts=85591128958734, rx_ts=85591129540372) request_id=6809685 zil_blk_id=3489996 ccf_commit_seqno=6809686 nstreams_done_=872500 config.nstreams=1000000 avg_latency=0.5410 ms avg throuhgput (requests/sec) = 1033.8486 res=false
*==== INFO ====*  stream_id=3491996 latency=0.531224 ms (tx_ts=85591593504825, rx_ts=85591594036049) request_id=6812866 zil_blk_id=3491996 ccf_commit_seqno=6812866 nstreams_done_=873000 config.nstreams=1000000 avg_latency=0.5409 ms avg throuhgput (requests/sec) = 1033.8721 res=false
*==== INFO ====*  stream_id=3493996 latency=0.565178 ms (tx_ts=85592074817391, rx_ts=85592075382569) request_id=6816115 zil_blk_id=3493996 ccf_commit_seqno=6816115 nstreams_done_=873500 config.nstreams=1000000 avg_latency=0.5409 ms avg throuhgput (requests/sec) = 1033.8748 res=false
*==== INFO ====*  stream_id=3495996 latency=0.525563 ms (tx_ts=85592558736446, rx_ts=85592559262009) request_id=6819377 zil_blk_id=3495996 ccf_commit_seqno=6819377 nstreams_done_=874000 config.nstreams=1000000 avg_latency=0.5409 ms avg throuhgput (requests/sec) = 1033.8745 res=false
*==== INFO ====*  stream_id=3497996 latency=0.450143 ms (tx_ts=85593028621878, rx_ts=85593029072021) request_id=6822641 zil_blk_id=3497996 ccf_commit_seqno=6822641 nstreams_done_=874500 config.nstreams=1000000 avg_latency=0.5409 ms avg throuhgput (requests/sec) = 1033.8914 res=false
*==== INFO ====*  stream_id=3499996 latency=0.472514 ms (tx_ts=85593476421401, rx_ts=85593476893915) request_id=6825757 zil_blk_id=3499996 ccf_commit_seqno=6825757 nstreams_done_=875000 config.nstreams=1000000 avg_latency=0.5409 ms avg throuhgput (requests/sec) = 1033.9351 res=false
*==== INFO ====*  stream_id=3501996 latency=0.487291 ms (tx_ts=85593931078303, rx_ts=85593931565594) request_id=6828861 zil_blk_id=3501996 ccf_commit_seqno=6828861 nstreams_done_=875500 config.nstreams=1000000 avg_latency=0.5409 ms avg throuhgput (requests/sec) = 1033.9704 res=false
*==== INFO ====*  stream_id=3503996 latency=0.506598 ms (tx_ts=85594392192404, rx_ts=85594392699002) request_id=6832031 zil_blk_id=3503996 ccf_commit_seqno=6832032 nstreams_done_=876000 config.nstreams=1000000 avg_latency=0.5409 ms avg throuhgput (requests/sec) = 1033.9978 res=false
*==== INFO ====*  stream_id=3505996 latency=0.544088 ms (tx_ts=85594833426908, rx_ts=85594833970996) request_id=6835130 zil_blk_id=3505996 ccf_commit_seqno=6835130 nstreams_done_=876500 config.nstreams=1000000 avg_latency=0.5409 ms avg throuhgput (requests/sec) = 1034.0494 res=false
*==== INFO ====*  stream_id=3507996 latency=0.540842 ms (tx_ts=85595295338402, rx_ts=85595295879244) request_id=6838336 zil_blk_id=3507996 ccf_commit_seqno=6838336 nstreams_done_=877000 config.nstreams=1000000 avg_latency=0.5409 ms avg throuhgput (requests/sec) = 1034.0758 res=false
*==== INFO ====*  stream_id=3509996 latency=0.455813 ms (tx_ts=85595767239236, rx_ts=85595767695049) request_id=6841628 zil_blk_id=3509996 ccf_commit_seqno=6841628 nstreams_done_=877500 config.nstreams=1000000 avg_latency=0.5409 ms avg throuhgput (requests/sec) = 1034.0900 res=false
*==== INFO ====*  stream_id=3511996 latency=0.465421 ms (tx_ts=85596251023839, rx_ts=85596251489260) request_id=6845052 zil_blk_id=3511996 ccf_commit_seqno=6845052 nstreams_done_=878000 config.nstreams=1000000 avg_latency=0.5409 ms avg throuhgput (requests/sec) = 1034.0897 res=false
*==== INFO ====*  stream_id=3513996 latency=0.464378 ms (tx_ts=85596698376516, rx_ts=85596698840894) request_id=6848283 zil_blk_id=3513996 ccf_commit_seqno=6848283 nstreams_done_=878500 config.nstreams=1000000 avg_latency=0.5409 ms avg throuhgput (requests/sec) = 1034.1337 res=false
*==== INFO ====*  stream_id=3515996 latency=0.511878 ms (tx_ts=85597195508973, rx_ts=85597196020851) request_id=6851679 zil_blk_id=3515996 ccf_commit_seqno=6851679 nstreams_done_=879000 config.nstreams=1000000 avg_latency=0.5409 ms avg throuhgput (requests/sec) = 1034.1171 res=false
*==== INFO ====*  stream_id=3517996 latency=0.600143 ms (tx_ts=85597664293329, rx_ts=85597664893472) request_id=6854938 zil_blk_id=3517996 ccf_commit_seqno=6854938 nstreams_done_=879500 config.nstreams=1000000 avg_latency=0.5409 ms avg throuhgput (requests/sec) = 1034.1349 res=false
*==== INFO ====*  stream_id=3519996 latency=0.473075 ms (tx_ts=85598148759957, rx_ts=85598149233032) request_id=6858321 zil_blk_id=3519996 ccf_commit_seqno=6858321 nstreams_done_=880000 config.nstreams=1000000 avg_latency=0.5409 ms avg throuhgput (requests/sec) = 1034.1338 res=false
*==== INFO ====*  stream_id=3521996 latency=0.476853 ms (tx_ts=85598612847101, rx_ts=85598613323954) request_id=6861569 zil_blk_id=3521996 ccf_commit_seqno=6861569 nstreams_done_=880500 config.nstreams=1000000 avg_latency=0.5408 ms avg throuhgput (requests/sec) = 1034.1574 res=false
*==== INFO ====*  stream_id=3523996 latency=0.496796 ms (tx_ts=85599072095818, rx_ts=85599072592614) request_id=6864799 zil_blk_id=3523996 ccf_commit_seqno=6864799 nstreams_done_=881000 config.nstreams=1000000 avg_latency=0.5408 ms avg throuhgput (requests/sec) = 1034.1868 res=false
*==== INFO ====*  stream_id=3525996 latency=0.476732 ms (tx_ts=85599532499382, rx_ts=85599532976114) request_id=6867979 zil_blk_id=3525996 ccf_commit_seqno=6867979 nstreams_done_=881500 config.nstreams=1000000 avg_latency=0.5408 ms avg throuhgput (requests/sec) = 1034.2148 res=false
*==== INFO ====*  stream_id=3527996 latency=0.513671 ms (tx_ts=85600005811260, rx_ts=85600006324931) request_id=6871254 zil_blk_id=3527996 ccf_commit_seqno=6871254 nstreams_done_=882000 config.nstreams=1000000 avg_latency=0.5408 ms avg throuhgput (requests/sec) = 1034.2271 res=false
*==== INFO ====*  stream_id=3529996 latency=0.588391 ms (tx_ts=85600476025876, rx_ts=85600476614267) request_id=6874488 zil_blk_id=3529996 ccf_commit_seqno=6874488 nstreams_done_=882500 config.nstreams=1000000 avg_latency=0.5408 ms avg throuhgput (requests/sec) = 1034.2430 res=false
*==== INFO ====*  stream_id=3531996 latency=0.466543 ms (tx_ts=85600948135899, rx_ts=85600948602442) request_id=6877761 zil_blk_id=3531996 ccf_commit_seqno=6877761 nstreams_done_=883000 config.nstreams=1000000 avg_latency=0.5408 ms avg throuhgput (requests/sec) = 1034.2569 res=false
*==== INFO ====*  stream_id=3533996 latency=0.472144 ms (tx_ts=85601413997360, rx_ts=85601414469504) request_id=6880995 zil_blk_id=3533996 ccf_commit_seqno=6880995 nstreams_done_=883500 config.nstreams=1000000 avg_latency=0.5408 ms avg throuhgput (requests/sec) = 1034.2782 res=false
*==== INFO ====*  stream_id=3535996 latency=0.459921 ms (tx_ts=85601875892806, rx_ts=85601876352727) request_id=6884253 zil_blk_id=3535996 ccf_commit_seqno=6884253 nstreams_done_=884000 config.nstreams=1000000 avg_latency=0.5408 ms avg throuhgput (requests/sec) = 1034.3043 res=false
*==== INFO ====*  stream_id=3537996 latency=0.477734 ms (tx_ts=85602355900209, rx_ts=85602356377943) request_id=6887596 zil_blk_id=3537996 ccf_commit_seqno=6887596 nstreams_done_=884500 config.nstreams=1000000 avg_latency=0.5408 ms avg throuhgput (requests/sec) = 1034.3084 res=false
*==== INFO ====*  stream_id=3539996 latency=0.516096 ms (tx_ts=85602814987346, rx_ts=85602815503442) request_id=6890794 zil_blk_id=3539996 ccf_commit_seqno=6890795 nstreams_done_=885000 config.nstreams=1000000 avg_latency=0.5408 ms avg throuhgput (requests/sec) = 1034.3377 res=false
*==== INFO ====*  stream_id=3541996 latency=0.498232 ms (tx_ts=85603273320075, rx_ts=85603273818307) request_id=6893977 zil_blk_id=3541996 ccf_commit_seqno=6893977 nstreams_done_=885500 config.nstreams=1000000 avg_latency=0.5408 ms avg throuhgput (requests/sec) = 1034.3680 res=false
*==== INFO ====*  stream_id=3543996 latency=0.521756 ms (tx_ts=85603748467402, rx_ts=85603748989158) request_id=6897269 zil_blk_id=3543996 ccf_commit_seqno=6897269 nstreams_done_=886000 config.nstreams=1000000 avg_latency=0.5407 ms avg throuhgput (requests/sec) = 1034.3780 res=false
*==== INFO ====*  stream_id=3545996 latency=0.544098 ms (tx_ts=85604225429328, rx_ts=85604225973426) request_id=6900519 zil_blk_id=3545996 ccf_commit_seqno=6900520 nstreams_done_=886500 config.nstreams=1000000 avg_latency=0.5407 ms avg throuhgput (requests/sec) = 1034.3857 res=false
*==== INFO ====*  stream_id=3547996 latency=0.594533 ms (tx_ts=85604725304593, rx_ts=85604725899126) request_id=6903877 zil_blk_id=3547996 ccf_commit_seqno=6903878 nstreams_done_=887000 config.nstreams=1000000 avg_latency=0.5408 ms avg throuhgput (requests/sec) = 1034.3657 res=false
*==== INFO ====*  stream_id=3549996 latency=0.480559 ms (tx_ts=85605195711509, rx_ts=85605196192068) request_id=6907170 zil_blk_id=3549996 ccf_commit_seqno=6907170 nstreams_done_=887500 config.nstreams=1000000 avg_latency=0.5408 ms avg throuhgput (requests/sec) = 1034.3815 res=false
*==== INFO ====*  stream_id=3551996 latency=0.492803 ms (tx_ts=85605673802287, rx_ts=85605674295090) request_id=6910483 zil_blk_id=3551996 ccf_commit_seqno=6910483 nstreams_done_=888000 config.nstreams=1000000 avg_latency=0.5407 ms avg throuhgput (requests/sec) = 1034.3879 res=false
*==== INFO ====*  stream_id=3553996 latency=0.489115 ms (tx_ts=85606147928538, rx_ts=85606148417653) request_id=6913836 zil_blk_id=3553996 ccf_commit_seqno=6913836 nstreams_done_=888500 config.nstreams=1000000 avg_latency=0.5407 ms avg throuhgput (requests/sec) = 1034.3990 res=false
*==== INFO ====*  stream_id=3555996 latency=0.483685 ms (tx_ts=85606608603049, rx_ts=85606609086734) request_id=6917081 zil_blk_id=3555996 ccf_commit_seqno=6917081 nstreams_done_=889000 config.nstreams=1000000 avg_latency=0.5407 ms avg throuhgput (requests/sec) = 1034.4263 res=false
*==== INFO ====*  stream_id=3557996 latency=0.459150 ms (tx_ts=85607066928413, rx_ts=85607067387563) request_id=6920342 zil_blk_id=3557996 ccf_commit_seqno=6920342 nstreams_done_=889500 config.nstreams=1000000 avg_latency=0.5407 ms avg throuhgput (requests/sec) = 1034.4565 res=false
*==== INFO ====*  stream_id=3559996 latency=0.501519 ms (tx_ts=85607562423739, rx_ts=85607562925258) request_id=6923785 zil_blk_id=3559996 ccf_commit_seqno=6923785 nstreams_done_=890000 config.nstreams=1000000 avg_latency=0.5407 ms avg throuhgput (requests/sec) = 1034.4418 res=false
*==== INFO ====*  stream_id=3561996 latency=0.483064 ms (tx_ts=85608030890152, rx_ts=85608031373216) request_id=6927016 zil_blk_id=3561996 ccf_commit_seqno=6927016 nstreams_done_=890500 config.nstreams=1000000 avg_latency=0.5407 ms avg throuhgput (requests/sec) = 1034.4597 res=false
*==== INFO ====*  stream_id=3563996 latency=0.538408 ms (tx_ts=85608491888996, rx_ts=85608492427404) request_id=6930269 zil_blk_id=3563996 ccf_commit_seqno=6930269 nstreams_done_=891000 config.nstreams=1000000 avg_latency=0.5407 ms avg throuhgput (requests/sec) = 1034.4865 res=false
*==== INFO ====*  stream_id=3565996 latency=0.469178 ms (tx_ts=85608965243489, rx_ts=85608965712667) request_id=6933520 zil_blk_id=3565996 ccf_commit_seqno=6933520 nstreams_done_=891500 config.nstreams=1000000 avg_latency=0.5407 ms avg throuhgput (requests/sec) = 1034.4986 res=false
*==== INFO ====*  stream_id=3567996 latency=0.473596 ms (tx_ts=85609433056328, rx_ts=85609433529924) request_id=6936803 zil_blk_id=3567996 ccf_commit_seqno=6936803 nstreams_done_=892000 config.nstreams=1000000 avg_latency=0.5407 ms avg throuhgput (requests/sec) = 1034.5172 res=false
*==== INFO ====*  stream_id=3569996 latency=0.526385 ms (tx_ts=85609916518743, rx_ts=85609917045128) request_id=6940143 zil_blk_id=3569996 ccf_commit_seqno=6940143 nstreams_done_=892500 config.nstreams=1000000 avg_latency=0.5407 ms avg throuhgput (requests/sec) = 1034.5169 res=false
*==== INFO ====*  stream_id=3571996 latency=0.564757 ms (tx_ts=85610380318309, rx_ts=85610380883066) request_id=6943392 zil_blk_id=3571996 ccf_commit_seqno=6943392 nstreams_done_=893000 config.nstreams=1000000 avg_latency=0.5407 ms avg throuhgput (requests/sec) = 1034.5403 res=false
*==== INFO ====*  stream_id=3573996 latency=0.509273 ms (tx_ts=85610882213728, rx_ts=85610882723001) request_id=6946788 zil_blk_id=3573996 ccf_commit_seqno=6946788 nstreams_done_=893500 config.nstreams=1000000 avg_latency=0.5407 ms avg throuhgput (requests/sec) = 1034.5181 res=false
*==== INFO ====*  stream_id=3575996 latency=0.534701 ms (tx_ts=85611402926404, rx_ts=85611403461105) request_id=6950214 zil_blk_id=3575996 ccf_commit_seqno=6950215 nstreams_done_=894000 config.nstreams=1000000 avg_latency=0.5407 ms avg throuhgput (requests/sec) = 1034.4733 res=false
*==== INFO ====*  stream_id=3577996 latency=0.471402 ms (tx_ts=85611888101304, rx_ts=85611888572706) request_id=6953379 zil_blk_id=3577996 ccf_commit_seqno=6953379 nstreams_done_=894500 config.nstreams=1000000 avg_latency=0.5407 ms avg throuhgput (requests/sec) = 1034.4712 res=false
*==== INFO ====*  stream_id=3579996 latency=0.484376 ms (tx_ts=85612364706016, rx_ts=85612365190392) request_id=6956648 zil_blk_id=3579996 ccf_commit_seqno=6956648 nstreams_done_=895000 config.nstreams=1000000 avg_latency=0.5407 ms avg throuhgput (requests/sec) = 1034.4792 res=false
*==== INFO ====*  stream_id=3581996 latency=0.716351 ms (tx_ts=85612840311444, rx_ts=85612841027795) request_id=6959961 zil_blk_id=3581996 ccf_commit_seqno=6959961 nstreams_done_=895500 config.nstreams=1000000 avg_latency=0.5407 ms avg throuhgput (requests/sec) = 1034.4882 res=false
*==== INFO ====*  stream_id=3583996 latency=0.646744 ms (tx_ts=85613316562995, rx_ts=85613317209739) request_id=6963170 zil_blk_id=3583996 ccf_commit_seqno=6963170 nstreams_done_=896000 config.nstreams=1000000 avg_latency=0.5407 ms avg throuhgput (requests/sec) = 1034.4967 res=false
*==== INFO ====*  stream_id=3585996 latency=0.487942 ms (tx_ts=85613788688236, rx_ts=85613789176178) request_id=6966483 zil_blk_id=3585996 ccf_commit_seqno=6966483 nstreams_done_=896500 config.nstreams=1000000 avg_latency=0.5407 ms avg throuhgput (requests/sec) = 1034.5103 res=false
*==== INFO ====*  stream_id=3587996 latency=0.473687 ms (tx_ts=85614241739184, rx_ts=85614242212871) request_id=6969622 zil_blk_id=3587996 ccf_commit_seqno=6969622 nstreams_done_=897000 config.nstreams=1000000 avg_latency=0.5407 ms avg throuhgput (requests/sec) = 1034.5464 res=false
*==== INFO ====*  stream_id=3589996 latency=0.502961 ms (tx_ts=85614726048264, rx_ts=85614726551225) request_id=6972839 zil_blk_id=3589996 ccf_commit_seqno=6972839 nstreams_done_=897500 config.nstreams=1000000 avg_latency=0.5407 ms avg throuhgput (requests/sec) = 1034.5452 res=false
*==== INFO ====*  stream_id=3591996 latency=0.481381 ms (tx_ts=85615208467962, rx_ts=85615208949343) request_id=6976112 zil_blk_id=3591996 ccf_commit_seqno=6976112 nstreams_done_=898000 config.nstreams=1000000 avg_latency=0.5407 ms avg throuhgput (requests/sec) = 1034.5462 res=false
*==== INFO ====*  stream_id=3593996 latency=0.553586 ms (tx_ts=85615699930178, rx_ts=85615700483764) request_id=6979447 zil_blk_id=3593996 ccf_commit_seqno=6979447 nstreams_done_=898500 config.nstreams=1000000 avg_latency=0.5407 ms avg throuhgput (requests/sec) = 1034.5364 res=false
*==== INFO ====*  stream_id=3595996 latency=0.549468 ms (tx_ts=85616165333696, rx_ts=85616165883164) request_id=6982629 zil_blk_id=3595996 ccf_commit_seqno=6982629 nstreams_done_=899000 config.nstreams=1000000 avg_latency=0.5407 ms avg throuhgput (requests/sec) = 1034.5578 res=false
*==== INFO ====*  stream_id=3597996 latency=0.614320 ms (tx_ts=85616655864866, rx_ts=85616656479186) request_id=6986081 zil_blk_id=3597996 ccf_commit_seqno=6986082 nstreams_done_=899500 config.nstreams=1000000 avg_latency=0.5407 ms avg throuhgput (requests/sec) = 1034.5491 res=false
*==== INFO ====*  stream_id=3599996 latency=0.498162 ms (tx_ts=85617138663306, rx_ts=85617139161468) request_id=6989524 zil_blk_id=3599996 ccf_commit_seqno=6989525 nstreams_done_=900000 config.nstreams=1000000 avg_latency=0.5407 ms avg throuhgput (requests/sec) = 1034.5498 res=false
*==== INFO ====*  stream_id=3601996 latency=0.543337 ms (tx_ts=85617589422910, rx_ts=85617589966247) request_id=6992681 zil_blk_id=3601996 ccf_commit_seqno=6992681 nstreams_done_=900500 config.nstreams=1000000 avg_latency=0.5407 ms avg throuhgput (requests/sec) = 1034.5884 res=false
*==== INFO ====*  stream_id=3603996 latency=0.573693 ms (tx_ts=85618041189950, rx_ts=85618041763643) request_id=6995861 zil_blk_id=3603996 ccf_commit_seqno=6995861 nstreams_done_=901000 config.nstreams=1000000 avg_latency=0.5407 ms avg throuhgput (requests/sec) = 1034.6258 res=false
*==== INFO ====*  stream_id=3605996 latency=0.508371 ms (tx_ts=85618494943306, rx_ts=85618495451677) request_id=6999094 zil_blk_id=3605996 ccf_commit_seqno=6999094 nstreams_done_=901500 config.nstreams=1000000 avg_latency=0.5406 ms avg throuhgput (requests/sec) = 1034.6610 res=false
*==== INFO ====*  stream_id=3607996 latency=0.491570 ms (tx_ts=85618970362296, rx_ts=85618970853866) request_id=7002403 zil_blk_id=3607996 ccf_commit_seqno=7002403 nstreams_done_=902000 config.nstreams=1000000 avg_latency=0.5407 ms avg throuhgput (requests/sec) = 1034.6703 res=false
*==== INFO ====*  stream_id=3609996 latency=0.466453 ms (tx_ts=85619434292427, rx_ts=85619434758880) request_id=7005569 zil_blk_id=3609996 ccf_commit_seqno=7005569 nstreams_done_=902500 config.nstreams=1000000 avg_latency=0.5406 ms avg throuhgput (requests/sec) = 1034.6932 res=false
*==== INFO ====*  stream_id=3611996 latency=0.577511 ms (tx_ts=85619895172206, rx_ts=85619895749717) request_id=7008788 zil_blk_id=3611996 ccf_commit_seqno=7008789 nstreams_done_=903000 config.nstreams=1000000 avg_latency=0.5406 ms avg throuhgput (requests/sec) = 1034.7196 res=false
*==== INFO ====*  stream_id=3613996 latency=0.510305 ms (tx_ts=85620378581419, rx_ts=85620379091724) request_id=7012125 zil_blk_id=3613996 ccf_commit_seqno=7012125 nstreams_done_=903500 config.nstreams=1000000 avg_latency=0.5406 ms avg throuhgput (requests/sec) = 1034.7195 res=false
*==== INFO ====*  stream_id=3615996 latency=0.540020 ms (tx_ts=85620843989285, rx_ts=85620844529305) request_id=7015351 zil_blk_id=3615996 ccf_commit_seqno=7015351 nstreams_done_=904000 config.nstreams=1000000 avg_latency=0.5406 ms avg throuhgput (requests/sec) = 1034.7405 res=false
*==== INFO ====*  stream_id=3617996 latency=0.588411 ms (tx_ts=85621324396159, rx_ts=85621324984570) request_id=7018626 zil_blk_id=3617996 ccf_commit_seqno=7018626 nstreams_done_=904500 config.nstreams=1000000 avg_latency=0.5406 ms avg throuhgput (requests/sec) = 1034.7438 res=false
*==== INFO ====*  stream_id=3619996 latency=0.482703 ms (tx_ts=85621778359444, rx_ts=85621778842147) request_id=7021783 zil_blk_id=3619996 ccf_commit_seqno=7021783 nstreams_done_=905000 config.nstreams=1000000 avg_latency=0.5406 ms avg throuhgput (requests/sec) = 1034.7785 res=false
*==== INFO ====*  stream_id=3621996 latency=0.502320 ms (tx_ts=85622253184256, rx_ts=85622253686576) request_id=7025075 zil_blk_id=3621996 ccf_commit_seqno=7025075 nstreams_done_=905500 config.nstreams=1000000 avg_latency=0.5406 ms avg throuhgput (requests/sec) = 1034.7884 res=false
*==== INFO ====*  stream_id=3623996 latency=0.524241 ms (tx_ts=85622745023488, rx_ts=85622745547729) request_id=7028533 zil_blk_id=3623996 ccf_commit_seqno=7028533 nstreams_done_=906000 config.nstreams=1000000 avg_latency=0.5406 ms avg throuhgput (requests/sec) = 1034.7781 res=false
*==== INFO ====*  stream_id=3625996 latency=0.513821 ms (tx_ts=85623247043142, rx_ts=85623247556963) request_id=7031901 zil_blk_id=3625996 ccf_commit_seqno=7031901 nstreams_done_=906500 config.nstreams=1000000 avg_latency=0.5406 ms avg throuhgput (requests/sec) = 1034.7559 res=false
*==== INFO ====*  stream_id=3627996 latency=0.482843 ms (tx_ts=85623737235606, rx_ts=85623737718449) request_id=7035253 zil_blk_id=3627996 ccf_commit_seqno=7035253 nstreams_done_=907000 config.nstreams=1000000 avg_latency=0.5406 ms avg throuhgput (requests/sec) = 1034.7477 res=false
*==== INFO ====*  stream_id=3629996 latency=0.582731 ms (tx_ts=85624195380882, rx_ts=85624195963613) request_id=7038451 zil_blk_id=3629996 ccf_commit_seqno=7038451 nstreams_done_=907500 config.nstreams=1000000 avg_latency=0.5406 ms avg throuhgput (requests/sec) = 1034.7772 res=false
*==== INFO ====*  stream_id=3631996 latency=0.471373 ms (tx_ts=85624662123233, rx_ts=85624662594606) request_id=7041656 zil_blk_id=3631996 ccf_commit_seqno=7041656 nstreams_done_=908000 config.nstreams=1000000 avg_latency=0.5406 ms avg throuhgput (requests/sec) = 1034.7967 res=false
*==== INFO ====*  stream_id=3633996 latency=0.520514 ms (tx_ts=85625123245120, rx_ts=85625123765634) request_id=7044900 zil_blk_id=3633996 ccf_commit_seqno=7044900 nstreams_done_=908500 config.nstreams=1000000 avg_latency=0.5406 ms avg throuhgput (requests/sec) = 1034.8226 res=false
*==== INFO ====*  stream_id=3635996 latency=0.531365 ms (tx_ts=85625620512353, rx_ts=85625621043718) request_id=7048344 zil_blk_id=3635996 ccf_commit_seqno=7048344 nstreams_done_=909000 config.nstreams=1000000 avg_latency=0.5406 ms avg throuhgput (requests/sec) = 1034.8060 res=false
*==== INFO ====*  stream_id=3637996 latency=0.440314 ms (tx_ts=85626095745550, rx_ts=85626096185864) request_id=7051622 zil_blk_id=3637996 ccf_commit_seqno=7051622 nstreams_done_=909500 config.nstreams=1000000 avg_latency=0.5406 ms avg throuhgput (requests/sec) = 1034.8155 res=false
*==== INFO ====*  stream_id=3639996 latency=0.555139 ms (tx_ts=85626589354194, rx_ts=85626589909333) request_id=7054997 zil_blk_id=3639996 ccf_commit_seqno=7054997 nstreams_done_=910000 config.nstreams=1000000 avg_latency=0.5406 ms avg throuhgput (requests/sec) = 1034.8031 res=false
*==== INFO ====*  stream_id=3641996 latency=0.558074 ms (tx_ts=85627072833831, rx_ts=85627073391905) request_id=7058408 zil_blk_id=3641996 ccf_commit_seqno=7058408 nstreams_done_=910500 config.nstreams=1000000 avg_latency=0.5406 ms avg throuhgput (requests/sec) = 1034.8027 res=false
*==== INFO ====*  stream_id=3643996 latency=0.497812 ms (tx_ts=85627541223270, rx_ts=85627541721082) request_id=7061705 zil_blk_id=3643996 ccf_commit_seqno=7061705 nstreams_done_=911000 config.nstreams=1000000 avg_latency=0.5406 ms avg throuhgput (requests/sec) = 1034.8202 res=false
*==== INFO ====*  stream_id=3645996 latency=0.654685 ms (tx_ts=85628020982256, rx_ts=85628021636941) request_id=7065085 zil_blk_id=3645996 ccf_commit_seqno=7065085 nstreams_done_=911500 config.nstreams=1000000 avg_latency=0.5405 ms avg throuhgput (requests/sec) = 1034.8240 res=false
*==== INFO ====*  stream_id=3647996 latency=0.484096 ms (tx_ts=85628495237823, rx_ts=85628495721919) request_id=7068435 zil_blk_id=3647996 ccf_commit_seqno=7068435 nstreams_done_=912000 config.nstreams=1000000 avg_latency=0.5405 ms avg throuhgput (requests/sec) = 1034.8347 res=false
*==== INFO ====*  stream_id=3649996 latency=0.546553 ms (tx_ts=85628971562102, rx_ts=85628972108655) request_id=7071744 zil_blk_id=3649996 ccf_commit_seqno=7071744 nstreams_done_=912500 config.nstreams=1000000 avg_latency=0.5405 ms avg throuhgput (requests/sec) = 1034.8427 res=false
*==== INFO ====*  stream_id=3651996 latency=0.472705 ms (tx_ts=85629438025181, rx_ts=85629438497886) request_id=7075060 zil_blk_id=3651996 ccf_commit_seqno=7075060 nstreams_done_=913000 config.nstreams=1000000 avg_latency=0.5405 ms avg throuhgput (requests/sec) = 1034.8623 res=false
*==== INFO ====*  stream_id=3653996 latency=0.497181 ms (tx_ts=85629888727826, rx_ts=85629889225007) request_id=7078271 zil_blk_id=3653996 ccf_commit_seqno=7078271 nstreams_done_=913500 config.nstreams=1000000 avg_latency=0.5405 ms avg throuhgput (requests/sec) = 1034.9004 res=false
*==== INFO ====*  stream_id=3655996 latency=0.702245 ms (tx_ts=85630341572513, rx_ts=85630342274758) request_id=7081490 zil_blk_id=3655996 ccf_commit_seqno=7081491 nstreams_done_=914000 config.nstreams=1000000 avg_latency=0.5405 ms avg throuhgput (requests/sec) = 1034.9356 res=false
*==== INFO ====*  stream_id=3657996 latency=0.518430 ms (tx_ts=85630821288427, rx_ts=85630821806857) request_id=7084846 zil_blk_id=3657996 ccf_commit_seqno=7084847 nstreams_done_=914500 config.nstreams=1000000 avg_latency=0.5405 ms avg throuhgput (requests/sec) = 1034.9398 res=false
*==== INFO ====*  stream_id=3659996 latency=0.490478 ms (tx_ts=85631295088784, rx_ts=85631295579262) request_id=7088074 zil_blk_id=3659996 ccf_commit_seqno=7088074 nstreams_done_=915000 config.nstreams=1000000 avg_latency=0.5405 ms avg throuhgput (requests/sec) = 1034.9508 res=false
*==== INFO ====*  stream_id=3661996 latency=0.493604 ms (tx_ts=85631745940885, rx_ts=85631746434489) request_id=7091206 zil_blk_id=3661996 ccf_commit_seqno=7091206 nstreams_done_=915500 config.nstreams=1000000 avg_latency=0.5405 ms avg throuhgput (requests/sec) = 1034.9885 res=false
*==== INFO ====*  stream_id=3663996 latency=0.485108 ms (tx_ts=85632197126156, rx_ts=85632197611264) request_id=7094361 zil_blk_id=3663996 ccf_commit_seqno=7094361 nstreams_done_=916000 config.nstreams=1000000 avg_latency=0.5405 ms avg throuhgput (requests/sec) = 1035.0258 res=false
*==== INFO ====*  stream_id=3665996 latency=0.543778 ms (tx_ts=85632659904725, rx_ts=85632660448503) request_id=7097576 zil_blk_id=3665996 ccf_commit_seqno=7097576 nstreams_done_=916500 config.nstreams=1000000 avg_latency=0.5405 ms avg throuhgput (requests/sec) = 1035.0495 res=false
*==== INFO ====*  stream_id=3667996 latency=0.486510 ms (tx_ts=85633136174701, rx_ts=85633136661211) request_id=7100851 zil_blk_id=3667996 ccf_commit_seqno=7100851 nstreams_done_=917000 config.nstreams=1000000 avg_latency=0.5405 ms avg throuhgput (requests/sec) = 1035.0575 res=false
*==== INFO ====*  stream_id=3669996 latency=0.543668 ms (tx_ts=85633595226258, rx_ts=85633595769926) request_id=7104091 zil_blk_id=3669996 ccf_commit_seqno=7104091 nstreams_done_=917500 config.nstreams=1000000 avg_latency=0.5405 ms avg throuhgput (requests/sec) = 1035.0855 res=false
*==== INFO ====*  stream_id=3671996 latency=0.604946 ms (tx_ts=85634067800484, rx_ts=85634068405430) request_id=7107483 zil_blk_id=3671996 ccf_commit_seqno=7107483 nstreams_done_=918000 config.nstreams=1000000 avg_latency=0.5405 ms avg throuhgput (requests/sec) = 1035.0976 res=false
*==== INFO ====*  stream_id=3673996 latency=0.524211 ms (tx_ts=85634539655518, rx_ts=85634540179729) request_id=7110826 zil_blk_id=3673996 ccf_commit_seqno=7110826 nstreams_done_=918500 config.nstreams=1000000 avg_latency=0.5405 ms avg throuhgput (requests/sec) = 1035.1108 res=false
*==== INFO ====*  stream_id=3675996 latency=0.554548 ms (tx_ts=85635007030909, rx_ts=85635007585457) request_id=7114134 zil_blk_id=3675996 ccf_commit_seqno=7114135 nstreams_done_=919000 config.nstreams=1000000 avg_latency=0.5405 ms avg throuhgput (requests/sec) = 1035.1290 res=false
*==== INFO ====*  stream_id=3677996 latency=0.477643 ms (tx_ts=85635473117970, rx_ts=85635473595613) request_id=7117461 zil_blk_id=3677996 ccf_commit_seqno=7117461 nstreams_done_=919500 config.nstreams=1000000 avg_latency=0.5405 ms avg throuhgput (requests/sec) = 1035.1488 res=false
*==== INFO ====*  stream_id=3679996 latency=0.575116 ms (tx_ts=85635935329170, rx_ts=85635935904286) request_id=7120750 zil_blk_id=3679996 ccf_commit_seqno=7120750 nstreams_done_=920000 config.nstreams=1000000 avg_latency=0.5404 ms avg throuhgput (requests/sec) = 1035.1730 res=false
*==== INFO ====*  stream_id=3681996 latency=0.548616 ms (tx_ts=85636406713550, rx_ts=85636407262166) request_id=7124001 zil_blk_id=3681996 ccf_commit_seqno=7124001 nstreams_done_=920500 config.nstreams=1000000 avg_latency=0.5404 ms avg throuhgput (requests/sec) = 1035.1865 res=false
*==== INFO ====*  stream_id=3683996 latency=0.562502 ms (tx_ts=85636861950346, rx_ts=85636862512848) request_id=7127225 zil_blk_id=3683996 ccf_commit_seqno=7127225 nstreams_done_=921000 config.nstreams=1000000 avg_latency=0.5404 ms avg throuhgput (requests/sec) = 1035.2188 res=false
*==== INFO ====*  stream_id=3685996 latency=0.502430 ms (tx_ts=85637317531930, rx_ts=85637318034360) request_id=7130386 zil_blk_id=3685996 ccf_commit_seqno=7130386 nstreams_done_=921500 config.nstreams=1000000 avg_latency=0.5404 ms avg throuhgput (requests/sec) = 1035.2508 res=false
*==== INFO ====*  stream_id=3687996 latency=0.532446 ms (tx_ts=85637804797477, rx_ts=85637805329923) request_id=7133769 zil_blk_id=3687996 ccf_commit_seqno=7133769 nstreams_done_=922000 config.nstreams=1000000 avg_latency=0.5404 ms avg throuhgput (requests/sec) = 1035.2458 res=false
*==== INFO ====*  stream_id=3689996 latency=0.467224 ms (tx_ts=85638267604862, rx_ts=85638268072086) request_id=7136977 zil_blk_id=3689996 ccf_commit_seqno=7136977 nstreams_done_=922500 config.nstreams=1000000 avg_latency=0.5404 ms avg throuhgput (requests/sec) = 1035.2693 res=false
*==== INFO ====*  stream_id=3691996 latency=0.482703 ms (tx_ts=85638772861401, rx_ts=85638773344104) request_id=7140433 zil_blk_id=3691996 ccf_commit_seqno=7140433 nstreams_done_=923000 config.nstreams=1000000 avg_latency=0.5404 ms avg throuhgput (requests/sec) = 1035.2434 res=false
*==== INFO ====*  stream_id=3693996 latency=0.509583 ms (tx_ts=85639245567078, rx_ts=85639246076661) request_id=7143697 zil_blk_id=3693996 ccf_commit_seqno=7143697 nstreams_done_=923500 config.nstreams=1000000 avg_latency=0.5404 ms avg throuhgput (requests/sec) = 1035.2553 res=false
*==== INFO ====*  stream_id=3695996 latency=0.550840 ms (tx_ts=85639710079083, rx_ts=85639710629923) request_id=7146988 zil_blk_id=3695996 ccf_commit_seqno=7146988 nstreams_done_=924000 config.nstreams=1000000 avg_latency=0.5404 ms avg throuhgput (requests/sec) = 1035.2766 res=false
*==== INFO ====*  stream_id=3697996 latency=0.535573 ms (tx_ts=85640177841820, rx_ts=85640178377393) request_id=7150267 zil_blk_id=3697996 ccf_commit_seqno=7150267 nstreams_done_=924500 config.nstreams=1000000 avg_latency=0.5404 ms avg throuhgput (requests/sec) = 1035.2943 res=false
*==== INFO ====*  stream_id=3699996 latency=0.492411 ms (tx_ts=85640649682153, rx_ts=85640650174564) request_id=7153519 zil_blk_id=3699996 ccf_commit_seqno=7153519 nstreams_done_=925000 config.nstreams=1000000 avg_latency=0.5404 ms avg throuhgput (requests/sec) = 1035.3072 res=false
*==== INFO ====*  stream_id=3701996 latency=0.483405 ms (tx_ts=85641158262820, rx_ts=85641158746225) request_id=7156785 zil_blk_id=3701996 ccf_commit_seqno=7156785 nstreams_done_=925500 config.nstreams=1000000 avg_latency=0.5404 ms avg throuhgput (requests/sec) = 1035.2775 res=false
*==== INFO ====*  stream_id=3703996 latency=0.653052 ms (tx_ts=85641652230893, rx_ts=85641652883945) request_id=7160097 zil_blk_id=3703996 ccf_commit_seqno=7160097 nstreams_done_=926000 config.nstreams=1000000 avg_latency=0.5404 ms avg throuhgput (requests/sec) = 1035.2646 res=false
*==== INFO ====*  stream_id=3705996 latency=0.485459 ms (tx_ts=85642138586611, rx_ts=85642139072070) request_id=7163378 zil_blk_id=3705996 ccf_commit_seqno=7163378 nstreams_done_=926500 config.nstreams=1000000 avg_latency=0.5404 ms avg throuhgput (requests/sec) = 1035.2609 res=false
*==== INFO ====*  stream_id=3707996 latency=3.742744 ms (tx_ts=85642648593886, rx_ts=85642652336630) request_id=7166801 zil_blk_id=3707996 ccf_commit_seqno=7166801 nstreams_done_=927000 config.nstreams=1000000 avg_latency=0.5404 ms avg throuhgput (requests/sec) = 1035.2258 res=false
*==== INFO ====*  stream_id=3709996 latency=0.503422 ms (tx_ts=85643146291331, rx_ts=85643146794753) request_id=7170144 zil_blk_id=3709996 ccf_commit_seqno=7170144 nstreams_done_=927500 config.nstreams=1000000 avg_latency=0.5404 ms avg throuhgput (requests/sec) = 1035.2126 res=false
*==== INFO ====*  stream_id=3711996 latency=0.495216 ms (tx_ts=85643625300182, rx_ts=85643625795398) request_id=7173483 zil_blk_id=3711996 ccf_commit_seqno=7173483 nstreams_done_=928000 config.nstreams=1000000 avg_latency=0.5404 ms avg throuhgput (requests/sec) = 1035.2172 res=false
*==== INFO ====*  stream_id=3713996 latency=0.530012 ms (tx_ts=85644138703852, rx_ts=85644139233864) request_id=7177013 zil_blk_id=3713996 ccf_commit_seqno=7177013 nstreams_done_=928500 config.nstreams=1000000 avg_latency=0.5404 ms avg throuhgput (requests/sec) = 1035.1820 res=false
*==== INFO ====*  stream_id=3715996 latency=0.470370 ms (tx_ts=85644634844109, rx_ts=85644635314479) request_id=7180422 zil_blk_id=3715996 ccf_commit_seqno=7180422 nstreams_done_=929000 config.nstreams=1000000 avg_latency=0.5404 ms avg throuhgput (requests/sec) = 1035.1670 res=false
*==== INFO ====*  stream_id=3717996 latency=0.571259 ms (tx_ts=85645119752039, rx_ts=85645120323298) request_id=7183856 zil_blk_id=3717996 ccf_commit_seqno=7183857 nstreams_done_=929500 config.nstreams=1000000 avg_latency=0.5404 ms avg throuhgput (requests/sec) = 1035.1647 res=false
*==== INFO ====*  stream_id=3719996 latency=0.494715 ms (tx_ts=85645628867210, rx_ts=85645629361925) request_id=7187285 zil_blk_id=3719996 ccf_commit_seqno=7187285 nstreams_done_=930000 config.nstreams=1000000 avg_latency=0.5404 ms avg throuhgput (requests/sec) = 1035.1347 res=false
*==== INFO ====*  stream_id=3721996 latency=0.493372 ms (tx_ts=85646095870466, rx_ts=85646096363838) request_id=7190479 zil_blk_id=3721996 ccf_commit_seqno=7190479 nstreams_done_=930500 config.nstreams=1000000 avg_latency=0.5404 ms avg throuhgput (requests/sec) = 1035.1531 res=false
*==== INFO ====*  stream_id=3723996 latency=0.535211 ms (tx_ts=85646580020435, rx_ts=85646580555646) request_id=7193837 zil_blk_id=3723996 ccf_commit_seqno=7193838 nstreams_done_=931000 config.nstreams=1000000 avg_latency=0.5404 ms avg throuhgput (requests/sec) = 1035.1518 res=false
*==== INFO ====*  stream_id=3725996 latency=0.520243 ms (tx_ts=85647075616773, rx_ts=85647076137016) request_id=7197196 zil_blk_id=3725996 ccf_commit_seqno=7197196 nstreams_done_=931500 config.nstreams=1000000 avg_latency=0.5404 ms avg throuhgput (requests/sec) = 1035.1373 res=false
*==== INFO ====*  stream_id=3727996 latency=0.528639 ms (tx_ts=85647551895786, rx_ts=85647552424425) request_id=7200470 zil_blk_id=3727996 ccf_commit_seqno=7200470 nstreams_done_=932000 config.nstreams=1000000 avg_latency=0.5404 ms avg throuhgput (requests/sec) = 1035.1451 res=false
*==== INFO ====*  stream_id=3729996 latency=0.453839 ms (tx_ts=85648048497799, rx_ts=85648048951638) request_id=7203855 zil_blk_id=3729996 ccf_commit_seqno=7203855 nstreams_done_=932500 config.nstreams=1000000 avg_latency=0.5404 ms avg throuhgput (requests/sec) = 1035.1296 res=false
*==== INFO ====*  stream_id=3731996 latency=0.518541 ms (tx_ts=85648538362523, rx_ts=85648538881064) request_id=7207157 zil_blk_id=3731996 ccf_commit_seqno=7207157 nstreams_done_=933000 config.nstreams=1000000 avg_latency=0.5404 ms avg throuhgput (requests/sec) = 1035.1216 res=false
*==== INFO ====*  stream_id=3733996 latency=0.556538 ms (tx_ts=85648991603214, rx_ts=85648992159752) request_id=7210255 zil_blk_id=3733996 ccf_commit_seqno=7210255 nstreams_done_=933500 config.nstreams=1000000 avg_latency=0.5404 ms avg throuhgput (requests/sec) = 1035.1558 res=false
*==== INFO ====*  stream_id=3735996 latency=0.501639 ms (tx_ts=85649451600812, rx_ts=85649452102451) request_id=7213506 zil_blk_id=3735996 ccf_commit_seqno=7213506 nstreams_done_=934000 config.nstreams=1000000 avg_latency=0.5404 ms avg throuhgput (requests/sec) = 1035.1823 res=false
*==== INFO ====*  stream_id=3737996 latency=0.489747 ms (tx_ts=85649922938243, rx_ts=85649923427990) request_id=7216746 zil_blk_id=3737996 ccf_commit_seqno=7216746 nstreams_done_=934500 config.nstreams=1000000 avg_latency=0.5404 ms avg throuhgput (requests/sec) = 1035.1957 res=false
*==== INFO ====*  stream_id=3739996 latency=0.514282 ms (tx_ts=85650374728831, rx_ts=85650375243113) request_id=7219939 zil_blk_id=3739996 ccf_commit_seqno=7219939 nstreams_done_=935000 config.nstreams=1000000 avg_latency=0.5404 ms avg throuhgput (requests/sec) = 1035.2314 res=false
*==== INFO ====*  stream_id=3741996 latency=0.422711 ms (tx_ts=85650881576202, rx_ts=85650881998913) request_id=7223472 zil_blk_id=3741996 ccf_commit_seqno=7223472 nstreams_done_=935500 config.nstreams=1000000 avg_latency=0.5404 ms avg throuhgput (requests/sec) = 1035.2042 res=false
*==== INFO ====*  stream_id=3743996 latency=0.514613 ms (tx_ts=85651340539953, rx_ts=85651341054566) request_id=7226709 zil_blk_id=3743996 ccf_commit_seqno=7226709 nstreams_done_=936000 config.nstreams=1000000 avg_latency=0.5404 ms avg throuhgput (requests/sec) = 1035.2316 res=false
*==== INFO ====*  stream_id=3745996 latency=0.463116 ms (tx_ts=85651809670973, rx_ts=85651810134089) request_id=7229939 zil_blk_id=3745996 ccf_commit_seqno=7229939 nstreams_done_=936500 config.nstreams=1000000 avg_latency=0.5403 ms avg throuhgput (requests/sec) = 1035.2475 res=false
*==== INFO ====*  stream_id=3747996 latency=0.486921 ms (tx_ts=85652281051541, rx_ts=85652281538462) request_id=7233172 zil_blk_id=3747996 ccf_commit_seqno=7233172 nstreams_done_=937000 config.nstreams=1000000 avg_latency=0.5403 ms avg throuhgput (requests/sec) = 1035.2607 res=false
*==== INFO ====*  stream_id=3749996 latency=0.474779 ms (tx_ts=85652783476187, rx_ts=85652783950966) request_id=7236690 zil_blk_id=3749996 ccf_commit_seqno=7236690 nstreams_done_=937500 config.nstreams=1000000 avg_latency=0.5403 ms avg throuhgput (requests/sec) = 1035.2385 res=false
*==== INFO ====*  stream_id=3751996 latency=0.497348 ms (tx_ts=85653252014943, rx_ts=85653252512291) request_id=7239961 zil_blk_id=3751996 ccf_commit_seqno=7239961 nstreams_done_=938000 config.nstreams=1000000 avg_latency=0.5403 ms avg throuhgput (requests/sec) = 1035.2550 res=false
*==== INFO ====*  stream_id=3753996 latency=0.490637 ms (tx_ts=85653775583305, rx_ts=85653776073942) request_id=7243519 zil_blk_id=3753996 ccf_commit_seqno=7243519 nstreams_done_=938500 config.nstreams=1000000 avg_latency=0.5403 ms avg throuhgput (requests/sec) = 1035.2086 res=false
*==== INFO ====*  stream_id=3755996 latency=0.545606 ms (tx_ts=85654270468062, rx_ts=85654271013668) request_id=7246937 zil_blk_id=3755996 ccf_commit_seqno=7246937 nstreams_done_=939000 config.nstreams=1000000 avg_latency=0.5403 ms avg throuhgput (requests/sec) = 1035.1950 res=false
*==== INFO ====*  stream_id=3757996 latency=0.463956 ms (tx_ts=85654732956295, rx_ts=85654733420251) request_id=7250212 zil_blk_id=3757996 ccf_commit_seqno=7250212 nstreams_done_=939500 config.nstreams=1000000 avg_latency=0.5403 ms avg throuhgput (requests/sec) = 1035.2185 res=false
*==== INFO ====*  stream_id=3759996 latency=0.466641 ms (tx_ts=85655197466651, rx_ts=85655197933292) request_id=7253496 zil_blk_id=3759996 ccf_commit_seqno=7253496 nstreams_done_=940000 config.nstreams=1000000 avg_latency=0.5403 ms avg throuhgput (requests/sec) = 1035.2396 res=false
*==== INFO ====*  stream_id=3761996 latency=0.496158 ms (tx_ts=85655672892219, rx_ts=85655673388377) request_id=7256824 zil_blk_id=3761996 ccf_commit_seqno=7256824 nstreams_done_=940500 config.nstreams=1000000 avg_latency=0.5403 ms avg throuhgput (requests/sec) = 1035.2481 res=false
*==== INFO ====*  stream_id=3763996 latency=0.509072 ms (tx_ts=85656139644478, rx_ts=85656140153550) request_id=7260154 zil_blk_id=3763996 ccf_commit_seqno=7260154 nstreams_done_=941000 config.nstreams=1000000 avg_latency=0.5403 ms avg throuhgput (requests/sec) = 1035.2666 res=false
*==== INFO ====*  stream_id=3765996 latency=0.598459 ms (tx_ts=85656585785437, rx_ts=85656586383896) request_id=7263345 zil_blk_id=3765996 ccf_commit_seqno=7263345 nstreams_done_=941500 config.nstreams=1000000 avg_latency=0.5403 ms avg throuhgput (requests/sec) = 1035.3084 res=false
*==== INFO ====*  stream_id=3767996 latency=0.555670 ms (tx_ts=85657037410581, rx_ts=85657037966251) request_id=7266584 zil_blk_id=3767996 ccf_commit_seqno=7266584 nstreams_done_=942000 config.nstreams=1000000 avg_latency=0.5403 ms avg throuhgput (requests/sec) = 1035.3441 res=false
*==== INFO ====*  stream_id=3769996 latency=0.563033 ms (tx_ts=85657500611154, rx_ts=85657501174187) request_id=7269845 zil_blk_id=3769996 ccf_commit_seqno=7269845 nstreams_done_=942500 config.nstreams=1000000 avg_latency=0.5403 ms avg throuhgput (requests/sec) = 1035.3666 res=false
*==== INFO ====*  stream_id=3771996 latency=0.483776 ms (tx_ts=85657967858538, rx_ts=85657968342314) request_id=7273085 zil_blk_id=3771996 ccf_commit_seqno=7273085 nstreams_done_=943000 config.nstreams=1000000 avg_latency=0.5403 ms avg throuhgput (requests/sec) = 1035.3845 res=false
*==== INFO ====*  stream_id=3773996 latency=0.477264 ms (tx_ts=85658430584629, rx_ts=85658431061893) request_id=7276289 zil_blk_id=3773996 ccf_commit_seqno=7276289 nstreams_done_=943500 config.nstreams=1000000 avg_latency=0.5403 ms avg throuhgput (requests/sec) = 1035.4074 res=false
*==== INFO ====*  stream_id=3775996 latency=0.494526 ms (tx_ts=85658912986335, rx_ts=85658913480861) request_id=7279639 zil_blk_id=3775996 ccf_commit_seqno=7279639 nstreams_done_=944000 config.nstreams=1000000 avg_latency=0.5402 ms avg throuhgput (requests/sec) = 1035.4080 res=false
*==== INFO ====*  stream_id=3777996 latency=0.517529 ms (tx_ts=85659411513209, rx_ts=85659412030738) request_id=7283082 zil_blk_id=3777996 ccf_commit_seqno=7283082 nstreams_done_=944500 config.nstreams=1000000 avg_latency=0.5402 ms avg throuhgput (requests/sec) = 1035.3902 res=false
*==== INFO ====*  stream_id=3779996 latency=0.598690 ms (tx_ts=85659905973911, rx_ts=85659906572601) request_id=7286471 zil_blk_id=3779996 ccf_commit_seqno=7286472 nstreams_done_=945000 config.nstreams=1000000 avg_latency=0.5402 ms avg throuhgput (requests/sec) = 1035.3770 res=false
*==== INFO ====*  stream_id=3781996 latency=0.528649 ms (tx_ts=85660377605958, rx_ts=85660378134607) request_id=7289713 zil_blk_id=3781996 ccf_commit_seqno=7289713 nstreams_done_=945500 config.nstreams=1000000 avg_latency=0.5402 ms avg throuhgput (requests/sec) = 1035.3899 res=false
*==== INFO ====*  stream_id=3783996 latency=0.565980 ms (tx_ts=85660847025430, rx_ts=85660847591410) request_id=7293029 zil_blk_id=3783996 ccf_commit_seqno=7293029 nstreams_done_=946000 config.nstreams=1000000 avg_latency=0.5402 ms avg throuhgput (requests/sec) = 1035.4051 res=false
*==== INFO ====*  stream_id=3785996 latency=0.521997 ms (tx_ts=85661319886790, rx_ts=85661320408787) request_id=7296315 zil_blk_id=3785996 ccf_commit_seqno=7296315 nstreams_done_=946500 config.nstreams=1000000 avg_latency=0.5402 ms avg throuhgput (requests/sec) = 1035.4165 res=false
*==== INFO ====*  stream_id=3787996 latency=0.533498 ms (tx_ts=85661793271746, rx_ts=85661793805244) request_id=7299661 zil_blk_id=3787996 ccf_commit_seqno=7299661 nstreams_done_=947000 config.nstreams=1000000 avg_latency=0.5402 ms avg throuhgput (requests/sec) = 1035.4273 res=false
*==== INFO ====*  stream_id=3789996 latency=0.505185 ms (tx_ts=85662267298800, rx_ts=85662267803985) request_id=7302864 zil_blk_id=3789996 ccf_commit_seqno=7302864 nstreams_done_=947500 config.nstreams=1000000 avg_latency=0.5402 ms avg throuhgput (requests/sec) = 1035.4374 res=false
*==== INFO ====*  stream_id=3791996 latency=0.528819 ms (tx_ts=85662733131175, rx_ts=85662733659994) request_id=7305998 zil_blk_id=3791996 ccf_commit_seqno=7305998 nstreams_done_=948000 config.nstreams=1000000 avg_latency=0.5402 ms avg throuhgput (requests/sec) = 1035.4566 res=false
*==== INFO ====*  stream_id=3793996 latency=0.500827 ms (tx_ts=85663206846936, rx_ts=85663207347763) request_id=7309253 zil_blk_id=3793996 ccf_commit_seqno=7309253 nstreams_done_=948500 config.nstreams=1000000 avg_latency=0.5402 ms avg throuhgput (requests/sec) = 1035.4670 res=false
*==== INFO ====*  stream_id=3795996 latency=0.532175 ms (tx_ts=85663716808688, rx_ts=85663717340863) request_id=7312735 zil_blk_id=3795996 ccf_commit_seqno=7312735 nstreams_done_=949000 config.nstreams=1000000 avg_latency=0.5402 ms avg throuhgput (requests/sec) = 1035.4364 res=false
*==== INFO ====*  stream_id=3797996 latency=0.558405 ms (tx_ts=85664187475275, rx_ts=85664188033680) request_id=7316026 zil_blk_id=3797996 ccf_commit_seqno=7316027 nstreams_done_=949500 config.nstreams=1000000 avg_latency=0.5402 ms avg throuhgput (requests/sec) = 1035.4501 res=false
*==== INFO ====*  stream_id=3799996 latency=0.473122 ms (tx_ts=85664665120717, rx_ts=85664665593839) request_id=7319244 zil_blk_id=3799996 ccf_commit_seqno=7319244 nstreams_done_=950000 config.nstreams=1000000 avg_latency=0.5402 ms avg throuhgput (requests/sec) = 1035.4561 res=false
*==== INFO ====*  stream_id=3801996 latency=0.434693 ms (tx_ts=85665155750053, rx_ts=85665156184746) request_id=7322618 zil_blk_id=3801996 ccf_commit_seqno=7322618 nstreams_done_=950500 config.nstreams=1000000 avg_latency=0.5402 ms avg throuhgput (requests/sec) = 1035.4474 res=false
*==== INFO ====*  stream_id=3803996 latency=0.535682 ms (tx_ts=85665690360122, rx_ts=85665690895804) request_id=7326214 zil_blk_id=3803996 ccf_commit_seqno=7326214 nstreams_done_=951000 config.nstreams=1000000 avg_latency=0.5402 ms avg throuhgput (requests/sec) = 1035.3890 res=false
*==== INFO ====*  stream_id=3805996 latency=0.452606 ms (tx_ts=85666195295001, rx_ts=85666195747607) request_id=7329728 zil_blk_id=3805996 ccf_commit_seqno=7329728 nstreams_done_=951500 config.nstreams=1000000 avg_latency=0.5402 ms avg throuhgput (requests/sec) = 1035.3643 res=false
*==== INFO ====*  stream_id=3807996 latency=0.463327 ms (tx_ts=85666694366989, rx_ts=85666694830316) request_id=7333225 zil_blk_id=3807996 ccf_commit_seqno=7333225 nstreams_done_=952000 config.nstreams=1000000 avg_latency=0.5402 ms avg throuhgput (requests/sec) = 1035.3461 res=false
*==== INFO ====*  stream_id=3809996 latency=0.529821 ms (tx_ts=85667208994843, rx_ts=85667209524664) request_id=7336728 zil_blk_id=3809996 ccf_commit_seqno=7336728 nstreams_done_=952500 config.nstreams=1000000 avg_latency=0.5402 ms avg throuhgput (requests/sec) = 1035.3104 res=false
*==== INFO ====*  stream_id=3811996 latency=0.579144 ms (tx_ts=85667750548627, rx_ts=85667751127771) request_id=7340445 zil_blk_id=3811996 ccf_commit_seqno=7340445 nstreams_done_=953000 config.nstreams=1000000 avg_latency=0.5402 ms avg throuhgput (requests/sec) = 1035.2444 res=false
*==== INFO ====*  stream_id=3813996 latency=0.597348 ms (tx_ts=85668270235787, rx_ts=85668270833135) request_id=7343999 zil_blk_id=3813996 ccf_commit_seqno=7344000 nstreams_done_=953500 config.nstreams=1000000 avg_latency=0.5402 ms avg throuhgput (requests/sec) = 1035.2031 res=false
*==== INFO ====*  stream_id=3815996 latency=0.572512 ms (tx_ts=85668774577834, rx_ts=85668775150346) request_id=7347406 zil_blk_id=3815996 ccf_commit_seqno=7347406 nstreams_done_=954000 config.nstreams=1000000 avg_latency=0.5402 ms avg throuhgput (requests/sec) = 1035.1792 res=false
*==== INFO ====*  stream_id=3817996 latency=0.473496 ms (tx_ts=85669268039985, rx_ts=85669268513481) request_id=7350708 zil_blk_id=3817996 ccf_commit_seqno=7350708 nstreams_done_=954500 config.nstreams=1000000 avg_latency=0.5402 ms avg throuhgput (requests/sec) = 1035.1675 res=false
*==== INFO ====*  stream_id=3819996 latency=0.571198 ms (tx_ts=85669783376221, rx_ts=85669783947419) request_id=7354123 zil_blk_id=3819996 ccf_commit_seqno=7354124 nstreams_done_=955000 config.nstreams=1000000 avg_latency=0.5402 ms avg throuhgput (requests/sec) = 1035.1312 res=false
*==== INFO ====*  stream_id=3821996 latency=0.495056 ms (tx_ts=85670232223063, rx_ts=85670232718119) request_id=7357280 zil_blk_id=3821996 ccf_commit_seqno=7357280 nstreams_done_=955500 config.nstreams=1000000 avg_latency=0.5402 ms avg throuhgput (requests/sec) = 1035.1696 res=false
*==== INFO ====*  stream_id=3823996 latency=0.468706 ms (tx_ts=85670700043118, rx_ts=85670700511824) request_id=7360523 zil_blk_id=3823996 ccf_commit_seqno=7360523 nstreams_done_=956000 config.nstreams=1000000 avg_latency=0.5402 ms avg throuhgput (requests/sec) = 1035.1866 res=false
*==== INFO ====*  stream_id=3825996 latency=0.505295 ms (tx_ts=85671168943335, rx_ts=85671169448630) request_id=7363766 zil_blk_id=3825996 ccf_commit_seqno=7363766 nstreams_done_=956500 config.nstreams=1000000 avg_latency=0.5402 ms avg throuhgput (requests/sec) = 1035.2024 res=false
*==== INFO ====*  stream_id=3827996 latency=0.503051 ms (tx_ts=85671621553756, rx_ts=85671622056807) request_id=7366880 zil_blk_id=3827996 ccf_commit_seqno=7366880 nstreams_done_=957000 config.nstreams=1000000 avg_latency=0.5402 ms avg throuhgput (requests/sec) = 1035.2364 res=false
*==== INFO ====*  stream_id=3829996 latency=0.476872 ms (tx_ts=85672079367241, rx_ts=85672079844113) request_id=7370123 zil_blk_id=3829996 ccf_commit_seqno=7370123 nstreams_done_=957500 config.nstreams=1000000 avg_latency=0.5402 ms avg throuhgput (requests/sec) = 1035.2646 res=false
*==== INFO ====*  stream_id=3831996 latency=0.583051 ms (tx_ts=85672538373448, rx_ts=85672538956499) request_id=7373303 zil_blk_id=3831996 ccf_commit_seqno=7373303 nstreams_done_=958000 config.nstreams=1000000 avg_latency=0.5402 ms avg throuhgput (requests/sec) = 1035.2913 res=false
*==== INFO ====*  stream_id=3833996 latency=0.556715 ms (tx_ts=85672994344210, rx_ts=85672994900925) request_id=7376459 zil_blk_id=3833996 ccf_commit_seqno=7376459 nstreams_done_=958500 config.nstreams=1000000 avg_latency=0.5402 ms avg throuhgput (requests/sec) = 1035.3215 res=false
*==== INFO ====*  stream_id=3835996 latency=0.612226 ms (tx_ts=85673468857503, rx_ts=85673469469729) request_id=7379735 zil_blk_id=3835996 ccf_commit_seqno=7379735 nstreams_done_=959000 config.nstreams=1000000 avg_latency=0.5402 ms avg throuhgput (requests/sec) = 1035.3309 res=false
*==== INFO ====*  stream_id=3837996 latency=0.619209 ms (tx_ts=85673925898347, rx_ts=85673926517556) request_id=7382990 zil_blk_id=3837996 ccf_commit_seqno=7382990 nstreams_done_=959500 config.nstreams=1000000 avg_latency=0.5402 ms avg throuhgput (requests/sec) = 1035.3598 res=false
*==== INFO ====*  stream_id=3839996 latency=0.489476 ms (tx_ts=85674396112688, rx_ts=85674396602164) request_id=7386253 zil_blk_id=3839996 ccf_commit_seqno=7386253 nstreams_done_=960000 config.nstreams=1000000 avg_latency=0.5402 ms avg throuhgput (requests/sec) = 1035.3741 res=false
*==== INFO ====*  stream_id=3841996 latency=0.606134 ms (tx_ts=85674859453919, rx_ts=85674860060053) request_id=7389495 zil_blk_id=3841996 ccf_commit_seqno=7389496 nstreams_done_=960500 config.nstreams=1000000 avg_latency=0.5402 ms avg throuhgput (requests/sec) = 1035.3959 res=false
*==== INFO ====*  stream_id=3843996 latency=0.522618 ms (tx_ts=85675309151768, rx_ts=85675309674386) request_id=7392676 zil_blk_id=3843996 ccf_commit_seqno=7392676 nstreams_done_=961000 config.nstreams=1000000 avg_latency=0.5402 ms avg throuhgput (requests/sec) = 1035.4330 res=false
*==== INFO ====*  stream_id=3845996 latency=0.484787 ms (tx_ts=85675776425323, rx_ts=85675776910110) request_id=7395889 zil_blk_id=3845996 ccf_commit_seqno=7395889 nstreams_done_=961500 config.nstreams=1000000 avg_latency=0.5402 ms avg throuhgput (requests/sec) = 1035.4505 res=false
*==== INFO ====*  stream_id=3847996 latency=0.529935 ms (tx_ts=85676241918110, rx_ts=85676242448045) request_id=7399146 zil_blk_id=3847996 ccf_commit_seqno=7399146 nstreams_done_=962000 config.nstreams=1000000 avg_latency=0.5402 ms avg throuhgput (requests/sec) = 1035.4698 res=false
*==== INFO ====*  stream_id=3849996 latency=0.582049 ms (tx_ts=85676722243070, rx_ts=85676722825119) request_id=7402497 zil_blk_id=3849996 ccf_commit_seqno=7402497 nstreams_done_=962500 config.nstreams=1000000 avg_latency=0.5402 ms avg throuhgput (requests/sec) = 1035.4726 res=false
*==== INFO ====*  stream_id=3851996 latency=0.515405 ms (tx_ts=85677199620389, rx_ts=85677200135794) request_id=7405830 zil_blk_id=3851996 ccf_commit_seqno=7405830 nstreams_done_=963000 config.nstreams=1000000 avg_latency=0.5402 ms avg throuhgput (requests/sec) = 1035.4788 res=false
*==== INFO ====*  stream_id=3853996 latency=0.532957 ms (tx_ts=85677673326818, rx_ts=85677673859775) request_id=7409132 zil_blk_id=3853996 ccf_commit_seqno=7409132 nstreams_done_=963500 config.nstreams=1000000 avg_latency=0.5402 ms avg throuhgput (requests/sec) = 1035.4889 res=false
*==== INFO ====*  stream_id=3855996 latency=0.487369 ms (tx_ts=85678137681729, rx_ts=85678138169098) request_id=7412383 zil_blk_id=3855996 ccf_commit_seqno=7412383 nstreams_done_=964000 config.nstreams=1000000 avg_latency=0.5401 ms avg throuhgput (requests/sec) = 1035.5096 res=false
*==== INFO ====*  stream_id=3857996 latency=0.506598 ms (tx_ts=85678601036595, rx_ts=85678601543193) request_id=7415648 zil_blk_id=3857996 ccf_commit_seqno=7415648 nstreams_done_=964500 config.nstreams=1000000 avg_latency=0.5401 ms avg throuhgput (requests/sec) = 1035.5312 res=false
*==== INFO ====*  stream_id=3859996 latency=0.481891 ms (tx_ts=85679092876892, rx_ts=85679093358783) request_id=7419056 zil_blk_id=3859996 ccf_commit_seqno=7419056 nstreams_done_=965000 config.nstreams=1000000 avg_latency=0.5402 ms avg throuhgput (requests/sec) = 1035.5213 res=false
*==== INFO ====*  stream_id=3861996 latency=0.510034 ms (tx_ts=85679552822641, rx_ts=85679553332675) request_id=7422346 zil_blk_id=3861996 ccf_commit_seqno=7422346 nstreams_done_=965500 config.nstreams=1000000 avg_latency=0.5401 ms avg throuhgput (requests/sec) = 1035.5467 res=false
*==== INFO ====*  stream_id=3863996 latency=0.599803 ms (tx_ts=85680013769564, rx_ts=85680014369367) request_id=7425646 zil_blk_id=3863996 ccf_commit_seqno=7425646 nstreams_done_=966000 config.nstreams=1000000 avg_latency=0.5401 ms avg throuhgput (requests/sec) = 1035.5709 res=false
*==== INFO ====*  stream_id=3865996 latency=0.507950 ms (tx_ts=85680489860538, rx_ts=85680490368488) request_id=7429010 zil_blk_id=3865996 ccf_commit_seqno=7429010 nstreams_done_=966500 config.nstreams=1000000 avg_latency=0.5401 ms avg throuhgput (requests/sec) = 1035.5784 res=false
*==== INFO ====*  stream_id=3867996 latency=0.473383 ms (tx_ts=85680975387823, rx_ts=85680975861206) request_id=7432406 zil_blk_id=3867996 ccf_commit_seqno=7432406 nstreams_done_=967000 config.nstreams=1000000 avg_latency=0.5401 ms avg throuhgput (requests/sec) = 1035.5755 res=false
*==== INFO ====*  stream_id=3869996 latency=0.535372 ms (tx_ts=85681453267815, rx_ts=85681453803187) request_id=7435729 zil_blk_id=3869996 ccf_commit_seqno=7435729 nstreams_done_=967500 config.nstreams=1000000 avg_latency=0.5402 ms avg throuhgput (requests/sec) = 1035.5809 res=false
*==== INFO ====*  stream_id=3871996 latency=0.527016 ms (tx_ts=85681901652259, rx_ts=85681902179275) request_id=7438853 zil_blk_id=3871996 ccf_commit_seqno=7438853 nstreams_done_=968000 config.nstreams=1000000 avg_latency=0.5401 ms avg throuhgput (requests/sec) = 1035.6191 res=false
*==== INFO ====*  stream_id=3873996 latency=0.530283 ms (tx_ts=85682355800776, rx_ts=85682356331059) request_id=7442097 zil_blk_id=3873996 ccf_commit_seqno=7442097 nstreams_done_=968500 config.nstreams=1000000 avg_latency=0.5401 ms avg throuhgput (requests/sec) = 1035.6508 res=false
*==== INFO ====*  stream_id=3875996 latency=0.473406 ms (tx_ts=85682809659404, rx_ts=85682810132810) request_id=7445270 zil_blk_id=3875996 ccf_commit_seqno=7445270 nstreams_done_=969000 config.nstreams=1000000 avg_latency=0.5401 ms avg throuhgput (requests/sec) = 1035.6829 res=false
*==== INFO ====*  stream_id=3877996 latency=0.676726 ms (tx_ts=85683300427024, rx_ts=85683301103750) request_id=7448660 zil_blk_id=3877996 ccf_commit_seqno=7448660 nstreams_done_=969500 config.nstreams=1000000 avg_latency=0.5401 ms avg throuhgput (requests/sec) = 1035.6738 res=false
*==== INFO ====*  stream_id=3879996 latency=0.601104 ms (tx_ts=85683769653832, rx_ts=85683770254936) request_id=7451842 zil_blk_id=3879996 ccf_commit_seqno=7451842 nstreams_done_=970000 config.nstreams=1000000 avg_latency=0.5401 ms avg throuhgput (requests/sec) = 1035.6889 res=false
*==== INFO ====*  stream_id=3881996 latency=0.484998 ms (tx_ts=85684232585639, rx_ts=85684233070637) request_id=7455039 zil_blk_id=3881996 ccf_commit_seqno=7455039 nstreams_done_=970500 config.nstreams=1000000 avg_latency=0.5401 ms avg throuhgput (requests/sec) = 1035.7109 res=false
*==== INFO ====*  stream_id=3883996 latency=0.482162 ms (tx_ts=85684702101194, rx_ts=85684702583356) request_id=7458283 zil_blk_id=3883996 ccf_commit_seqno=7458283 nstreams_done_=971000 config.nstreams=1000000 avg_latency=0.5401 ms avg throuhgput (requests/sec) = 1035.7256 res=false
*==== INFO ====*  stream_id=3885996 latency=0.471952 ms (tx_ts=85685137462726, rx_ts=85685137934678) request_id=7461377 zil_blk_id=3885996 ccf_commit_seqno=7461377 nstreams_done_=971500 config.nstreams=1000000 avg_latency=0.5401 ms avg throuhgput (requests/sec) = 1035.7779 res=false
*==== INFO ====*  stream_id=3887996 latency=0.509463 ms (tx_ts=85685607129928, rx_ts=85685607639391) request_id=7464565 zil_blk_id=3887996 ccf_commit_seqno=7464565 nstreams_done_=972000 config.nstreams=1000000 avg_latency=0.5401 ms avg throuhgput (requests/sec) = 1035.7923 res=false
*==== INFO ====*  stream_id=3889996 latency=0.430425 ms (tx_ts=85686072836009, rx_ts=85686073266434) request_id=7467285 zil_blk_id=3889996 ccf_commit_seqno=7467285 nstreams_done_=972500 config.nstreams=1000000 avg_latency=0.5401 ms avg throuhgput (requests/sec) = 1035.8111 res=false
*==== INFO ====*  stream_id=3891996 latency=0.468106 ms (tx_ts=85686531177781, rx_ts=85686531645887) request_id=7469983 zil_blk_id=3891996 ccf_commit_seqno=7469983 nstreams_done_=973000 config.nstreams=1000000 avg_latency=0.5401 ms avg throuhgput (requests/sec) = 1035.8380 res=false
*==== INFO ====*  stream_id=3893996 latency=0.490457 ms (tx_ts=85686990583525, rx_ts=85686991073982) request_id=7472710 zil_blk_id=3893996 ccf_commit_seqno=7472710 nstreams_done_=973500 config.nstreams=1000000 avg_latency=0.5400 ms avg throuhgput (requests/sec) = 1035.8636 res=false
*==== INFO ====*  stream_id=3895996 latency=0.613137 ms (tx_ts=85687444109197, rx_ts=85687444722334) request_id=7475334 zil_blk_id=3895996 ccf_commit_seqno=7475334 nstreams_done_=974000 config.nstreams=1000000 avg_latency=0.5400 ms avg throuhgput (requests/sec) = 1035.8956 res=false
*==== INFO ====*  stream_id=3897996 latency=0.482744 ms (tx_ts=85687935113457, rx_ts=85687935596201) request_id=7478147 zil_blk_id=3897996 ccf_commit_seqno=7478147 nstreams_done_=974500 config.nstreams=1000000 avg_latency=0.5400 ms avg throuhgput (requests/sec) = 1035.8866 res=false
*==== INFO ====*  stream_id=3899996 latency=0.569977 ms (tx_ts=85688407171102, rx_ts=85688407741079) request_id=7480876 zil_blk_id=3899996 ccf_commit_seqno=7480876 nstreams_done_=975000 config.nstreams=1000000 avg_latency=0.5400 ms avg throuhgput (requests/sec) = 1035.8982 res=false
*==== INFO ====*  stream_id=3901996 latency=0.476351 ms (tx_ts=85688866884434, rx_ts=85688867360785) request_id=7483579 zil_blk_id=3901996 ccf_commit_seqno=7483579 nstreams_done_=975500 config.nstreams=1000000 avg_latency=0.5400 ms avg throuhgput (requests/sec) = 1035.9235 res=false
*==== INFO ====*  stream_id=3903996 latency=0.546542 ms (tx_ts=85689356997768, rx_ts=85689357544310) request_id=7486405 zil_blk_id=3903996 ccf_commit_seqno=7486405 nstreams_done_=976000 config.nstreams=1000000 avg_latency=0.5400 ms avg throuhgput (requests/sec) = 1035.9153 res=false
*==== INFO ====*  stream_id=3905996 latency=0.494125 ms (tx_ts=85689835286504, rx_ts=85689835780629) request_id=7489197 zil_blk_id=3905996 ccf_commit_seqno=7489197 nstreams_done_=976500 config.nstreams=1000000 avg_latency=0.5400 ms avg throuhgput (requests/sec) = 1035.9201 res=false
*==== INFO ====*  stream_id=3907996 latency=0.547144 ms (tx_ts=85690352434963, rx_ts=85690352982107) request_id=7492148 zil_blk_id=3907996 ccf_commit_seqno=7492148 nstreams_done_=977000 config.nstreams=1000000 avg_latency=0.5400 ms avg throuhgput (requests/sec) = 1035.8822 res=false
*==== INFO ====*  stream_id=3909996 latency=0.571740 ms (tx_ts=85690830403865, rx_ts=85690830975605) request_id=7494907 zil_blk_id=3909996 ccf_commit_seqno=7494907 nstreams_done_=977500 config.nstreams=1000000 avg_latency=0.5400 ms avg throuhgput (requests/sec) = 1035.8873 res=false
*==== INFO ====*  stream_id=3911996 latency=0.527327 ms (tx_ts=85691292075237, rx_ts=85691292602564) request_id=7497586 zil_blk_id=3911996 ccf_commit_seqno=7497586 nstreams_done_=978000 config.nstreams=1000000 avg_latency=0.5399 ms avg throuhgput (requests/sec) = 1035.9104 res=false
*==== INFO ====*  stream_id=3913996 latency=0.454049 ms (tx_ts=85691767735015, rx_ts=85691768189064) request_id=7500292 zil_blk_id=3913996 ccf_commit_seqno=7500292 nstreams_done_=978500 config.nstreams=1000000 avg_latency=0.5399 ms avg throuhgput (requests/sec) = 1035.9182 res=false
*==== INFO ====*  stream_id=3915996 latency=0.521906 ms (tx_ts=85692226709829, rx_ts=85692227231735) request_id=7502982 zil_blk_id=3915996 ccf_commit_seqno=7502982 nstreams_done_=979000 config.nstreams=1000000 avg_latency=0.5399 ms avg throuhgput (requests/sec) = 1035.9441 res=false
*==== INFO ====*  stream_id=3917996 latency=0.491079 ms (tx_ts=85692695668585, rx_ts=85692696159664) request_id=7505677 zil_blk_id=3917996 ccf_commit_seqno=7505677 nstreams_done_=979500 config.nstreams=1000000 avg_latency=0.5399 ms avg throuhgput (requests/sec) = 1035.9591 res=false
*==== INFO ====*  stream_id=3919996 latency=0.552955 ms (tx_ts=85693183083002, rx_ts=85693183635957) request_id=7508430 zil_blk_id=3919996 ccf_commit_seqno=7508430 nstreams_done_=980000 config.nstreams=1000000 avg_latency=0.5399 ms avg throuhgput (requests/sec) = 1035.9538 res=false
*==== INFO ====*  stream_id=3921996 latency=0.502791 ms (tx_ts=85693675727137, rx_ts=85693676229928) request_id=7511165 zil_blk_id=3921996 ccf_commit_seqno=7511165 nstreams_done_=980500 config.nstreams=1000000 avg_latency=0.5399 ms avg throuhgput (requests/sec) = 1035.9430 res=false
*==== INFO ====*  stream_id=3923996 latency=0.718514 ms (tx_ts=85694154960678, rx_ts=85694155679192) request_id=7513918 zil_blk_id=3923996 ccf_commit_seqno=7513920 nstreams_done_=981000 config.nstreams=1000000 avg_latency=0.5399 ms avg throuhgput (requests/sec) = 1035.9465 res=false
*==== INFO ====*  stream_id=3925996 latency=0.788903 ms (tx_ts=85694629164668, rx_ts=85694629953571) request_id=7516686 zil_blk_id=3925996 ccf_commit_seqno=7516686 nstreams_done_=981500 config.nstreams=1000000 avg_latency=0.5399 ms avg throuhgput (requests/sec) = 1035.9556 res=false
*==== INFO ====*  stream_id=3927996 latency=0.494606 ms (tx_ts=85695108276737, rx_ts=85695108771343) request_id=7519396 zil_blk_id=3927996 ccf_commit_seqno=7519396 nstreams_done_=982000 config.nstreams=1000000 avg_latency=0.5399 ms avg throuhgput (requests/sec) = 1035.9598 res=false
*==== INFO ====*  stream_id=3929996 latency=0.539349 ms (tx_ts=85695611956880, rx_ts=85695612496229) request_id=7522239 zil_blk_id=3929996 ccf_commit_seqno=7522239 nstreams_done_=982500 config.nstreams=1000000 avg_latency=0.5399 ms avg throuhgput (requests/sec) = 1035.9368 res=false
*==== INFO ====*  stream_id=3931996 latency=0.543146 ms (tx_ts=85696087702621, rx_ts=85696088245767) request_id=7524966 zil_blk_id=3931996 ccf_commit_seqno=7524966 nstreams_done_=983000 config.nstreams=1000000 avg_latency=0.5399 ms avg throuhgput (requests/sec) = 1035.9443 res=false
*==== INFO ====*  stream_id=3933996 latency=0.592288 ms (tx_ts=85696566658886, rx_ts=85696567251174) request_id=7527656 zil_blk_id=3933996 ccf_commit_seqno=7527656 nstreams_done_=983500 config.nstreams=1000000 avg_latency=0.5399 ms avg throuhgput (requests/sec) = 1035.9483 res=false
*==== INFO ====*  stream_id=3935996 latency=0.557113 ms (tx_ts=85697057208745, rx_ts=85697057765858) request_id=7530439 zil_blk_id=3935996 ccf_commit_seqno=7530439 nstreams_done_=984000 config.nstreams=1000000 avg_latency=0.5399 ms avg throuhgput (requests/sec) = 1035.9397 res=false
*==== INFO ====*  stream_id=3937996 latency=0.653834 ms (tx_ts=85697615320018, rx_ts=85697615973852) request_id=7533299 zil_blk_id=3937996 ccf_commit_seqno=7533299 nstreams_done_=984500 config.nstreams=1000000 avg_latency=0.5399 ms avg throuhgput (requests/sec) = 1035.8574 res=false
*==== INFO ====*  stream_id=3939996 latency=0.533538 ms (tx_ts=85698156623921, rx_ts=85698157157459) request_id=7536307 zil_blk_id=3939996 ccf_commit_seqno=7536307 nstreams_done_=985000 config.nstreams=1000000 avg_latency=0.5399 ms avg throuhgput (requests/sec) = 1035.7937 res=false
*==== INFO ====*  stream_id=3941996 latency=0.533959 ms (tx_ts=85698651341883, rx_ts=85698651875842) request_id=7538980 zil_blk_id=3941996 ccf_commit_seqno=7538981 nstreams_done_=985500 config.nstreams=1000000 avg_latency=0.5399 ms avg throuhgput (requests/sec) = 1035.7806 res=false
*==== INFO ====*  stream_id=3943996 latency=0.529961 ms (tx_ts=85699127904085, rx_ts=85699128434046) request_id=7541699 zil_blk_id=3943996 ccf_commit_seqno=7541699 nstreams_done_=986000 config.nstreams=1000000 avg_latency=0.5399 ms avg throuhgput (requests/sec) = 1035.7873 res=false
*==== INFO ====*  stream_id=3945996 latency=0.543046 ms (tx_ts=85699613712754, rx_ts=85699614255800) request_id=7544526 zil_blk_id=3945996 ccf_commit_seqno=7544526 nstreams_done_=986500 config.nstreams=1000000 avg_latency=0.5398 ms avg throuhgput (requests/sec) = 1035.7839 res=false
*==== INFO ====*  stream_id=3947996 latency=0.541493 ms (tx_ts=85700119956690, rx_ts=85700120498183) request_id=7547348 zil_blk_id=3947996 ccf_commit_seqno=7547349 nstreams_done_=987000 config.nstreams=1000000 avg_latency=0.5398 ms avg throuhgput (requests/sec) = 1035.7584 res=false
*==== INFO ====*  stream_id=3949996 latency=0.450854 ms (tx_ts=85700663419405, rx_ts=85700663870259) request_id=7550304 zil_blk_id=3949996 ccf_commit_seqno=7550304 nstreams_done_=987500 config.nstreams=1000000 avg_latency=0.5399 ms avg throuhgput (requests/sec) = 1035.6925 res=false
*==== INFO ====*  stream_id=3951996 latency=0.582410 ms (tx_ts=85701137963261, rx_ts=85701138545671) request_id=7553077 zil_blk_id=3951996 ccf_commit_seqno=7553078 nstreams_done_=988000 config.nstreams=1000000 avg_latency=0.5398 ms avg throuhgput (requests/sec) = 1035.7013 res=false
*==== INFO ====*  stream_id=3953996 latency=0.465300 ms (tx_ts=85701684701623, rx_ts=85701685166923) request_id=7556193 zil_blk_id=3953996 ccf_commit_seqno=7556193 nstreams_done_=988500 config.nstreams=1000000 avg_latency=0.5398 ms avg throuhgput (requests/sec) = 1035.6320 res=false
*==== INFO ====*  stream_id=3955996 latency=0.596015 ms (tx_ts=85702164805294, rx_ts=85702165401309) request_id=7558977 zil_blk_id=3955996 ccf_commit_seqno=7558977 nstreams_done_=989000 config.nstreams=1000000 avg_latency=0.5398 ms avg throuhgput (requests/sec) = 1035.6348 res=false
*==== INFO ====*  stream_id=3957996 latency=0.536393 ms (tx_ts=85702628665703, rx_ts=85702629202096) request_id=7561685 zil_blk_id=3957996 ccf_commit_seqno=7561685 nstreams_done_=989500 config.nstreams=1000000 avg_latency=0.5398 ms avg throuhgput (requests/sec) = 1035.6554 res=false
*==== INFO ====*  stream_id=3959996 latency=0.467655 ms (tx_ts=85703120727774, rx_ts=85703121195429) request_id=7564503 zil_blk_id=3959996 ccf_commit_seqno=7564503 nstreams_done_=990000 config.nstreams=1000000 avg_latency=0.5398 ms avg throuhgput (requests/sec) = 1035.6454 res=false
*==== INFO ====*  stream_id=3961996 latency=0.472163 ms (tx_ts=85703596839821, rx_ts=85703597311984) request_id=7567243 zil_blk_id=3961996 ccf_commit_seqno=7567243 nstreams_done_=990500 config.nstreams=1000000 avg_latency=0.5398 ms avg throuhgput (requests/sec) = 1035.6526 res=false
*==== INFO ====*  stream_id=3963996 latency=0.470650 ms (tx_ts=85704090528714, rx_ts=85704090999364) request_id=7570107 zil_blk_id=3963996 ccf_commit_seqno=7570107 nstreams_done_=991000 config.nstreams=1000000 avg_latency=0.5398 ms avg throuhgput (requests/sec) = 1035.6408 res=false
*==== INFO ====*  stream_id=3965996 latency=0.474688 ms (tx_ts=85704549687684, rx_ts=85704550162372) request_id=7572795 zil_blk_id=3965996 ccf_commit_seqno=7572795 nstreams_done_=991500 config.nstreams=1000000 avg_latency=0.5398 ms avg throuhgput (requests/sec) = 1035.6664 res=false
*==== INFO ====*  stream_id=3967996 latency=0.491439 ms (tx_ts=85705030808030, rx_ts=85705031299469) request_id=7575594 zil_blk_id=3967996 ccf_commit_seqno=7575594 nstreams_done_=992000 config.nstreams=1000000 avg_latency=0.5398 ms avg throuhgput (requests/sec) = 1035.6682 res=false
*==== INFO ====*  stream_id=3969996 latency=0.512939 ms (tx_ts=85705518547952, rx_ts=85705519060891) request_id=7578313 zil_blk_id=3969996 ccf_commit_seqno=7578313 nstreams_done_=992500 config.nstreams=1000000 avg_latency=0.5398 ms avg throuhgput (requests/sec) = 1035.6628 res=false
*==== INFO ====*  stream_id=3971996 latency=0.473024 ms (tx_ts=85705989295794, rx_ts=85705989768818) request_id=7580963 zil_blk_id=3971996 ccf_commit_seqno=7580963 nstreams_done_=993000 config.nstreams=1000000 avg_latency=0.5398 ms avg throuhgput (requests/sec) = 1035.6758 res=false
*==== INFO ====*  stream_id=3973996 latency=0.450593 ms (tx_ts=85706488972655, rx_ts=85706489423248) request_id=7583899 zil_blk_id=3973996 ccf_commit_seqno=7583899 nstreams_done_=993500 config.nstreams=1000000 avg_latency=0.5398 ms avg throuhgput (requests/sec) = 1035.6576 res=false
*==== INFO ====*  stream_id=3975996 latency=0.469819 ms (tx_ts=85706970125191, rx_ts=85706970595010) request_id=7586697 zil_blk_id=3975996 ccf_commit_seqno=7586697 nstreams_done_=994000 config.nstreams=1000000 avg_latency=0.5398 ms avg throuhgput (requests/sec) = 1035.6593 res=false
*==== INFO ====*  stream_id=3977996 latency=0.496098 ms (tx_ts=85707426980778, rx_ts=85707427476876) request_id=7589388 zil_blk_id=3977996 ccf_commit_seqno=7589389 nstreams_done_=994500 config.nstreams=1000000 avg_latency=0.5398 ms avg throuhgput (requests/sec) = 1035.6873 res=false
*==== INFO ====*  stream_id=3979996 latency=0.538387 ms (tx_ts=85707895385680, rx_ts=85707895924067) request_id=7592110 zil_blk_id=3979996 ccf_commit_seqno=7592110 nstreams_done_=995000 config.nstreams=1000000 avg_latency=0.5398 ms avg throuhgput (requests/sec) = 1035.7027 res=false
*==== INFO ====*  stream_id=3981996 latency=0.479107 ms (tx_ts=85708355057743, rx_ts=85708355536850) request_id=7594890 zil_blk_id=3981996 ccf_commit_seqno=7594890 nstreams_done_=995500 config.nstreams=1000000 avg_latency=0.5398 ms avg throuhgput (requests/sec) = 1035.7277 res=false
*==== INFO ====*  stream_id=3983996 latency=0.449991 ms (tx_ts=85708856080548, rx_ts=85708856530539) request_id=7597797 zil_blk_id=3983996 ccf_commit_seqno=7597797 nstreams_done_=996000 config.nstreams=1000000 avg_latency=0.5398 ms avg throuhgput (requests/sec) = 1035.7080 res=false
*==== INFO ====*  stream_id=3985996 latency=0.565068 ms (tx_ts=85709321833748, rx_ts=85709322398816) request_id=7600468 zil_blk_id=3985996 ccf_commit_seqno=7600468 nstreams_done_=996500 config.nstreams=1000000 avg_latency=0.5397 ms avg throuhgput (requests/sec) = 1035.7262 res=false
*==== INFO ====*  stream_id=3987996 latency=0.520182 ms (tx_ts=85709828107533, rx_ts=85709828627715) request_id=7603336 zil_blk_id=3987996 ccf_commit_seqno=7603336 nstreams_done_=997000 config.nstreams=1000000 avg_latency=0.5397 ms avg throuhgput (requests/sec) = 1035.7010 res=false
*==== INFO ====*  stream_id=3989996 latency=0.607205 ms (tx_ts=85710294767787, rx_ts=85710295374992) request_id=7606084 zil_blk_id=3989996 ccf_commit_seqno=7606085 nstreams_done_=997500 config.nstreams=1000000 avg_latency=0.5397 ms avg throuhgput (requests/sec) = 1035.7182 res=false
*==== INFO ====*  stream_id=3991996 latency=0.563664 ms (tx_ts=85710782907946, rx_ts=85710783471610) request_id=7608946 zil_blk_id=3991996 ccf_commit_seqno=7608946 nstreams_done_=998000 config.nstreams=1000000 avg_latency=0.5397 ms avg throuhgput (requests/sec) = 1035.7124 res=false
*==== INFO ====*  stream_id=3993996 latency=0.460601 ms (tx_ts=85711272232706, rx_ts=85711272693307) request_id=7611805 zil_blk_id=3993996 ccf_commit_seqno=7611805 nstreams_done_=998500 config.nstreams=1000000 avg_latency=0.5397 ms avg throuhgput (requests/sec) = 1035.7055 res=false
*==== INFO ====*  stream_id=3995996 latency=0.578922 ms (tx_ts=85711756857464, rx_ts=85711757436386) request_id=7614617 zil_blk_id=3995996 ccf_commit_seqno=7614617 nstreams_done_=999000 config.nstreams=1000000 avg_latency=0.5397 ms avg throuhgput (requests/sec) = 1035.7034 res=false
*==== INFO ====*  stream_id=3997996 latency=0.475479 ms (tx_ts=85712238424591, rx_ts=85712238900070) request_id=7617409 zil_blk_id=3997996 ccf_commit_seqno=7617409 nstreams_done_=999500 config.nstreams=1000000 avg_latency=0.5397 ms avg throuhgput (requests/sec) = 1035.7048 res=false
*==== INFO ====* http_end_stream ALL streams done! nstreams_done_=1000000 avg_latency=0.5397 ms
*==== INFO ====*  stream_id=3999996 latency=0.576779 ms (tx_ts=85712729029344, rx_ts=85712729606123) request_id=7620265 zil_blk_id=3999996 ccf_commit_seqno=7620266 nstreams_done_=1000000 config.nstreams=1000000 avg_latency=0.5397 ms avg throuhgput (requests/sec) = 1035.6962 res=false
