Uniform: 257 1372 890 1464 1650 
Exponential: -2147483648 -2147483648 -2147483648 -2147483648 -2147483648 
Truncated Normal: 1889 364 1103 1036 1284 
*==== INFO ====*  stream_id=1996 latency=0.513491 ms (tx_ts=84747765014650, rx_ts=84747765528141) request_id=3562 zil_blk_id=1996 ccf_commit_seqno=3562 nstreams_done_=500 config.nstreams=1000000 avg_latency=0.5400 ms avg throuhgput (requests/sec) = 876.6710 res=false
*==== INFO ====*  stream_id=3996 latency=0.575516 ms (tx_ts=84748309815773, rx_ts=84748310391289) request_id=7141 zil_blk_id=3996 ccf_commit_seqno=7141 nstreams_done_=1000 config.nstreams=1000000 avg_latency=0.5380 ms avg throuhgput (requests/sec) = 896.6981 res=false
*==== INFO ====*  stream_id=5996 latency=0.550424 ms (tx_ts=84748834710382, rx_ts=84748835260806) request_id=10708 zil_blk_id=5996 ccf_commit_seqno=10708 nstreams_done_=1500 config.nstreams=1000000 avg_latency=0.5392 ms avg throuhgput (requests/sec) = 914.5940 res=false
*==== INFO ====*  stream_id=7996 latency=0.547438 ms (tx_ts=84749344763966, rx_ts=84749345311404) request_id=14164 zil_blk_id=7996 ccf_commit_seqno=14165 nstreams_done_=2000 config.nstreams=1000000 avg_latency=0.5461 ms avg throuhgput (requests/sec) = 930.1795 res=false
*==== INFO ====*  stream_id=9996 latency=0.536117 ms (tx_ts=84749839461070, rx_ts=84749839997187) request_id=17609 zil_blk_id=9996 ccf_commit_seqno=17609 nstreams_done_=2500 config.nstreams=1000000 avg_latency=0.5459 ms avg throuhgput (requests/sec) = 945.2481 res=false
*==== INFO ====*  stream_id=11996 latency=0.507794 ms (tx_ts=84750328027241, rx_ts=84750328535035) request_id=21000 zil_blk_id=11996 ccf_commit_seqno=21000 nstreams_done_=3000 config.nstreams=1000000 avg_latency=0.5485 ms avg throuhgput (requests/sec) = 957.4429 res=false
*==== INFO ====*  stream_id=13996 latency=0.565247 ms (tx_ts=84750808250468, rx_ts=84750808815715) request_id=24325 zil_blk_id=13996 ccf_commit_seqno=24327 nstreams_done_=3500 config.nstreams=1000000 avg_latency=0.5483 ms avg throuhgput (requests/sec) = 968.5560 res=false
*==== INFO ====*  stream_id=15996 latency=0.577751 ms (tx_ts=84751309047677, rx_ts=84751309625428) request_id=27717 zil_blk_id=15996 ccf_commit_seqno=27717 nstreams_done_=4000 config.nstreams=1000000 avg_latency=0.5504 ms avg throuhgput (requests/sec) = 972.1866 res=false
*==== INFO ====*  stream_id=17996 latency=0.500557 ms (tx_ts=84751812599278, rx_ts=84751813099835) request_id=31051 zil_blk_id=17996 ccf_commit_seqno=31051 nstreams_done_=4500 config.nstreams=1000000 avg_latency=0.5558 ms avg throuhgput (requests/sec) = 974.4666 res=false
*==== INFO ====*  stream_id=19996 latency=0.595414 ms (tx_ts=84752364992208, rx_ts=84752365587622) request_id=35140 zil_blk_id=19996 ccf_commit_seqno=35140 nstreams_done_=5000 config.nstreams=1000000 avg_latency=0.5624 ms avg throuhgput (requests/sec) = 967.0434 res=false
*==== INFO ====*  stream_id=21996 latency=0.565889 ms (tx_ts=84752917484878, rx_ts=84752918050767) request_id=40716 zil_blk_id=21996 ccf_commit_seqno=40716 nstreams_done_=5500 config.nstreams=1000000 avg_latency=0.5665 ms avg throuhgput (requests/sec) = 961.0576 res=false
*==== INFO ====*  stream_id=23996 latency=0.558615 ms (tx_ts=84753446837558, rx_ts=84753447396173) request_id=45919 zil_blk_id=23996 ccf_commit_seqno=45919 nstreams_done_=6000 config.nstreams=1000000 avg_latency=0.5683 ms avg throuhgput (requests/sec) = 959.6611 res=false
*==== INFO ====*  stream_id=25996 latency=0.536554 ms (tx_ts=84753966344591, rx_ts=84753966881145) request_id=50981 zil_blk_id=25996 ccf_commit_seqno=50981 nstreams_done_=6500 config.nstreams=1000000 avg_latency=0.5683 ms avg throuhgput (requests/sec) = 959.8782 res=false
*==== INFO ====*  stream_id=27996 latency=0.532506 ms (tx_ts=84754481894523, rx_ts=84754482427029) request_id=56252 zil_blk_id=27996 ccf_commit_seqno=56252 nstreams_done_=7000 config.nstreams=1000000 avg_latency=0.5670 ms avg throuhgput (requests/sec) = 960.5834 res=false
*==== INFO ====*  stream_id=29996 latency=0.563514 ms (tx_ts=84755004823586, rx_ts=84755005387100) request_id=61493 zil_blk_id=29996 ccf_commit_seqno=61493 nstreams_done_=7500 config.nstreams=1000000 avg_latency=0.5679 ms avg throuhgput (requests/sec) = 960.2829 res=false
*==== INFO ====*  stream_id=31996 latency=0.512118 ms (tx_ts=84755514884266, rx_ts=84755515396384) request_id=66705 zil_blk_id=31996 ccf_commit_seqno=66705 nstreams_done_=8000 config.nstreams=1000000 avg_latency=0.5684 ms avg throuhgput (requests/sec) = 961.5145 res=false
*==== INFO ====*  stream_id=33996 latency=0.591516 ms (tx_ts=84755975676534, rx_ts=84755976268050) request_id=71500 zil_blk_id=33996 ccf_commit_seqno=71500 nstreams_done_=8500 config.nstreams=1000000 avg_latency=0.5668 ms avg throuhgput (requests/sec) = 967.9904 res=false
*==== INFO ====*  stream_id=35996 latency=0.613217 ms (tx_ts=84756455721318, rx_ts=84756456334535) request_id=76603 zil_blk_id=35996 ccf_commit_seqno=76603 nstreams_done_=9000 config.nstreams=1000000 avg_latency=0.5652 ms avg throuhgput (requests/sec) = 971.8020 res=false
*==== INFO ====*  stream_id=37996 latency=4.932004 ms (tx_ts=84757067630023, rx_ts=84757072562027) request_id=81579 zil_blk_id=37996 ccf_commit_seqno=81584 nstreams_done_=9500 config.nstreams=1000000 avg_latency=0.5802 ms avg throuhgput (requests/sec) = 961.7942 res=false
*==== INFO ====*  stream_id=39996 latency=0.507551 ms (tx_ts=84757671133772, rx_ts=84757671641323) request_id=87023 zil_blk_id=39996 ccf_commit_seqno=87023 nstreams_done_=10000 config.nstreams=1000000 avg_latency=0.5872 ms avg throuhgput (requests/sec) = 954.5216 res=false
*==== INFO ====*  stream_id=41996 latency=0.463929 ms (tx_ts=84758153817271, rx_ts=84758154281200) request_id=91937 zil_blk_id=41996 ccf_commit_seqno=91937 nstreams_done_=10500 config.nstreams=1000000 avg_latency=0.5856 ms avg throuhgput (requests/sec) = 958.1085 res=false
*==== INFO ====*  stream_id=43996 latency=0.587369 ms (tx_ts=84758633253162, rx_ts=84758633840531) request_id=96809 zil_blk_id=43996 ccf_commit_seqno=96809 nstreams_done_=11000 config.nstreams=1000000 avg_latency=0.5852 ms avg throuhgput (requests/sec) = 961.6518 res=false
*==== INFO ====*  stream_id=45996 latency=0.485479 ms (tx_ts=84759126812713, rx_ts=84759127298192) request_id=101628 zil_blk_id=45996 ccf_commit_seqno=101628 nstreams_done_=11500 config.nstreams=1000000 avg_latency=0.5861 ms avg throuhgput (requests/sec) = 963.7860 res=false
*==== INFO ====*  stream_id=47996 latency=0.493764 ms (tx_ts=84759591175035, rx_ts=84759591668799) request_id=106456 zil_blk_id=47996 ccf_commit_seqno=106456 nstreams_done_=12000 config.nstreams=1000000 avg_latency=0.5858 ms avg throuhgput (requests/sec) = 968.0167 res=false
*==== INFO ====*  stream_id=49996 latency=0.513861 ms (tx_ts=84760104330342, rx_ts=84760104844203) request_id=111579 zil_blk_id=49996 ccf_commit_seqno=111579 nstreams_done_=12500 config.nstreams=1000000 avg_latency=0.5846 ms avg throuhgput (requests/sec) = 968.2675 res=false
*==== INFO ====*  stream_id=51996 latency=0.618808 ms (tx_ts=84760632084644, rx_ts=84760632703452) request_id=117028 zil_blk_id=51996 ccf_commit_seqno=117028 nstreams_done_=13000 config.nstreams=1000000 avg_latency=0.5848 ms avg throuhgput (requests/sec) = 967.4408 res=false
*==== INFO ====*  stream_id=53996 latency=0.636301 ms (tx_ts=84761177236744, rx_ts=84761177873045) request_id=122451 zil_blk_id=53996 ccf_commit_seqno=122452 nstreams_done_=13500 config.nstreams=1000000 avg_latency=0.5855 ms avg throuhgput (requests/sec) = 965.4799 res=false
*==== INFO ====*  stream_id=55996 latency=0.737079 ms (tx_ts=84761691035467, rx_ts=84761691772546) request_id=127635 zil_blk_id=55996 ccf_commit_seqno=127635 nstreams_done_=14000 config.nstreams=1000000 avg_latency=0.5845 ms avg throuhgput (requests/sec) = 965.7448 res=false
*==== INFO ====*  stream_id=57996 latency=0.521506 ms (tx_ts=84762217891589, rx_ts=84762218413095) request_id=132655 zil_blk_id=57996 ccf_commit_seqno=132655 nstreams_done_=14500 config.nstreams=1000000 avg_latency=0.5853 ms avg throuhgput (requests/sec) = 965.1723 res=false
*==== INFO ====*  stream_id=59996 latency=0.509212 ms (tx_ts=84762725126125, rx_ts=84762725635337) request_id=137716 zil_blk_id=59996 ccf_commit_seqno=137716 nstreams_done_=15000 config.nstreams=1000000 avg_latency=0.5847 ms avg throuhgput (requests/sec) = 965.8447 res=false
*==== INFO ====*  stream_id=61996 latency=0.531555 ms (tx_ts=84763216291226, rx_ts=84763216822781) request_id=142650 zil_blk_id=61996 ccf_commit_seqno=142650 nstreams_done_=15500 config.nstreams=1000000 avg_latency=0.5837 ms avg throuhgput (requests/sec) = 967.4419 res=false
*==== INFO ====*  stream_id=63996 latency=1.251261 ms (tx_ts=84763745530647, rx_ts=84763746781908) request_id=147857 zil_blk_id=63996 ccf_commit_seqno=147857 nstreams_done_=16000 config.nstreams=1000000 avg_latency=0.5841 ms avg throuhgput (requests/sec) = 966.6743 res=false
*==== INFO ====*  stream_id=65996 latency=0.543738 ms (tx_ts=84764241679015, rx_ts=84764242222753) request_id=152800 zil_blk_id=65996 ccf_commit_seqno=152801 nstreams_done_=16500 config.nstreams=1000000 avg_latency=0.5838 ms avg throuhgput (requests/sec) = 967.9103 res=false
*==== INFO ====*  stream_id=67996 latency=1.691555 ms (tx_ts=84764743541678, rx_ts=84764745233233) request_id=157919 zil_blk_id=67996 ccf_commit_seqno=157919 nstreams_done_=17000 config.nstreams=1000000 avg_latency=0.5833 ms avg throuhgput (requests/sec) = 968.6585 res=false
*==== INFO ====*  stream_id=69996 latency=0.571279 ms (tx_ts=84765246464612, rx_ts=84765247035891) request_id=163140 zil_blk_id=69996 ccf_commit_seqno=163141 nstreams_done_=17500 config.nstreams=1000000 avg_latency=0.5826 ms avg throuhgput (requests/sec) = 969.4299 res=false
*==== INFO ====*  stream_id=71996 latency=0.556881 ms (tx_ts=84765763767086, rx_ts=84765764323967) request_id=168264 zil_blk_id=71996 ccf_commit_seqno=168264 nstreams_done_=18000 config.nstreams=1000000 avg_latency=0.5823 ms avg throuhgput (requests/sec) = 969.3505 res=false
*==== INFO ====*  stream_id=73996 latency=0.586106 ms (tx_ts=84766266137292, rx_ts=84766266723398) request_id=173242 zil_blk_id=73996 ccf_commit_seqno=173242 nstreams_done_=18500 config.nstreams=1000000 avg_latency=0.5814 ms avg throuhgput (requests/sec) = 970.0321 res=false
*==== INFO ====*  stream_id=75996 latency=0.479907 ms (tx_ts=84766774025915, rx_ts=84766774505822) request_id=178404 zil_blk_id=75996 ccf_commit_seqno=178404 nstreams_done_=19000 config.nstreams=1000000 avg_latency=0.5804 ms avg throuhgput (requests/sec) = 970.4118 res=false
*==== INFO ====*  stream_id=77996 latency=0.620772 ms (tx_ts=84767267937972, rx_ts=84767268558744) request_id=183420 zil_blk_id=77996 ccf_commit_seqno=183421 nstreams_done_=19500 config.nstreams=1000000 avg_latency=0.5790 ms avg throuhgput (requests/sec) = 971.4363 res=false
*==== INFO ====*  stream_id=79996 latency=0.491138 ms (tx_ts=84767772890243, rx_ts=84767773381381) request_id=188645 zil_blk_id=79996 ccf_commit_seqno=188646 nstreams_done_=20000 config.nstreams=1000000 avg_latency=0.5784 ms avg throuhgput (requests/sec) = 971.9027 res=false
*==== INFO ====*  stream_id=81996 latency=0.527347 ms (tx_ts=84768274792407, rx_ts=84768275319754) request_id=194040 zil_blk_id=81996 ccf_commit_seqno=194041 nstreams_done_=20500 config.nstreams=1000000 avg_latency=0.5772 ms avg throuhgput (requests/sec) = 972.4797 res=false
*==== INFO ====*  stream_id=83996 latency=0.568684 ms (tx_ts=84768778864481, rx_ts=84768779433165) request_id=199004 zil_blk_id=83996 ccf_commit_seqno=199004 nstreams_done_=21000 config.nstreams=1000000 avg_latency=0.5765 ms avg throuhgput (requests/sec) = 972.9319 res=false
*==== INFO ====*  stream_id=85996 latency=0.491459 ms (tx_ts=84769294727942, rx_ts=84769295219401) request_id=204100 zil_blk_id=85996 ccf_commit_seqno=204100 nstreams_done_=21500 config.nstreams=1000000 avg_latency=0.5760 ms avg throuhgput (requests/sec) = 972.8493 res=false
*==== INFO ====*  stream_id=87996 latency=0.635007 ms (tx_ts=84769805148481, rx_ts=84769805783488) request_id=209465 zil_blk_id=87996 ccf_commit_seqno=209466 nstreams_done_=22000 config.nstreams=1000000 avg_latency=0.5760 ms avg throuhgput (requests/sec) = 972.9952 res=false
*==== INFO ====*  stream_id=89996 latency=0.509393 ms (tx_ts=84770314459756, rx_ts=84770314969149) request_id=214768 zil_blk_id=89996 ccf_commit_seqno=214768 nstreams_done_=22500 config.nstreams=1000000 avg_latency=0.5757 ms avg throuhgput (requests/sec) = 973.1926 res=false
*==== INFO ====*  stream_id=91996 latency=0.532827 ms (tx_ts=84770825621271, rx_ts=84770826154098) request_id=220014 zil_blk_id=91996 ccf_commit_seqno=220014 nstreams_done_=23000 config.nstreams=1000000 avg_latency=0.5755 ms avg throuhgput (requests/sec) = 973.2992 res=false
*==== INFO ====*  stream_id=93996 latency=0.546152 ms (tx_ts=84771353697745, rx_ts=84771354243897) request_id=225520 zil_blk_id=93996 ccf_commit_seqno=225521 nstreams_done_=23500 config.nstreams=1000000 avg_latency=0.5750 ms avg throuhgput (requests/sec) = 972.7202 res=false
*==== INFO ====*  stream_id=95996 latency=0.466954 ms (tx_ts=84771890730006, rx_ts=84771891196960) request_id=231069 zil_blk_id=95996 ccf_commit_seqno=231069 nstreams_done_=24000 config.nstreams=1000000 avg_latency=0.5752 ms avg throuhgput (requests/sec) = 971.8170 res=false
*==== INFO ====*  stream_id=97996 latency=0.528449 ms (tx_ts=84772410130516, rx_ts=84772410658965) request_id=236519 zil_blk_id=97996 ccf_commit_seqno=236519 nstreams_done_=24500 config.nstreams=1000000 avg_latency=0.5746 ms avg throuhgput (requests/sec) = 971.6257 res=false
*==== INFO ====*  stream_id=99996 latency=0.496458 ms (tx_ts=84772956142692, rx_ts=84772956639150) request_id=242088 zil_blk_id=99996 ccf_commit_seqno=242088 nstreams_done_=25000 config.nstreams=1000000 avg_latency=0.5744 ms avg throuhgput (requests/sec) = 970.4423 res=false
*==== INFO ====*  stream_id=101996 latency=0.492261 ms (tx_ts=84773498672634, rx_ts=84773499164895) request_id=247690 zil_blk_id=101996 ccf_commit_seqno=247690 nstreams_done_=25500 config.nstreams=1000000 avg_latency=0.5744 ms avg throuhgput (requests/sec) = 969.4352 res=false
*==== INFO ====*  stream_id=103996 latency=0.599061 ms (tx_ts=84774016790423, rx_ts=84774017389484) request_id=252841 zil_blk_id=103996 ccf_commit_seqno=252842 nstreams_done_=26000 config.nstreams=1000000 avg_latency=0.5747 ms avg throuhgput (requests/sec) = 969.3463 res=false
*==== INFO ====*  stream_id=105996 latency=0.515966 ms (tx_ts=84774530233910, rx_ts=84774530749876) request_id=258133 zil_blk_id=105996 ccf_commit_seqno=258133 nstreams_done_=26500 config.nstreams=1000000 avg_latency=0.5748 ms avg throuhgput (requests/sec) = 969.4332 res=false
*==== INFO ====*  stream_id=107996 latency=0.521156 ms (tx_ts=84775067340183, rx_ts=84775067861339) request_id=263554 zil_blk_id=107996 ccf_commit_seqno=263554 nstreams_done_=27000 config.nstreams=1000000 avg_latency=0.5748 ms avg throuhgput (requests/sec) = 968.6907 res=false
*==== INFO ====*  stream_id=109996 latency=0.562943 ms (tx_ts=84775586951753, rx_ts=84775587514696) request_id=268926 zil_blk_id=109996 ccf_commit_seqno=268926 nstreams_done_=27500 config.nstreams=1000000 avg_latency=0.5744 ms avg throuhgput (requests/sec) = 968.5716 res=false
*==== INFO ====*  stream_id=111996 latency=0.530462 ms (tx_ts=84776142240364, rx_ts=84776142770826) request_id=274393 zil_blk_id=111996 ccf_commit_seqno=274393 nstreams_done_=28000 config.nstreams=1000000 avg_latency=0.5751 ms avg throuhgput (requests/sec) = 967.2656 res=false
*==== INFO ====*  stream_id=113996 latency=0.470260 ms (tx_ts=84776673235274, rx_ts=84776673705534) request_id=279675 zil_blk_id=113996 ccf_commit_seqno=279675 nstreams_done_=28500 config.nstreams=1000000 avg_latency=0.5753 ms avg throuhgput (requests/sec) = 966.8058 res=false
*==== INFO ====*  stream_id=115996 latency=0.565337 ms (tx_ts=84777175178837, rx_ts=84777175744174) request_id=284841 zil_blk_id=115996 ccf_commit_seqno=284841 nstreams_done_=29000 config.nstreams=1000000 avg_latency=0.5749 ms avg throuhgput (requests/sec) = 967.2936 res=false
*==== INFO ====*  stream_id=117996 latency=0.518721 ms (tx_ts=84777662881275, rx_ts=84777663399996) request_id=289899 zil_blk_id=117996 ccf_commit_seqno=289900 nstreams_done_=29500 config.nstreams=1000000 avg_latency=0.5741 ms avg throuhgput (requests/sec) = 968.2222 res=false
*==== INFO ====*  stream_id=119996 latency=0.505536 ms (tx_ts=84778176599376, rx_ts=84778177104912) request_id=295058 zil_blk_id=119996 ccf_commit_seqno=295059 nstreams_done_=30000 config.nstreams=1000000 avg_latency=0.5741 ms avg throuhgput (requests/sec) = 968.3068 res=false
*==== INFO ====*  stream_id=121996 latency=0.527146 ms (tx_ts=84778685311946, rx_ts=84778685839092) request_id=300187 zil_blk_id=121996 ccf_commit_seqno=300187 nstreams_done_=30500 config.nstreams=1000000 avg_latency=0.5740 ms avg throuhgput (requests/sec) = 968.5414 res=false
*==== INFO ====*  stream_id=123996 latency=0.563434 ms (tx_ts=84779197554994, rx_ts=84779198118428) request_id=305422 zil_blk_id=123996 ccf_commit_seqno=305422 nstreams_done_=31000 config.nstreams=1000000 avg_latency=0.5738 ms avg throuhgput (requests/sec) = 968.6613 res=false
*==== INFO ====*  stream_id=125996 latency=0.477884 ms (tx_ts=84779729098979, rx_ts=84779729576863) request_id=310940 zil_blk_id=125996 ccf_commit_seqno=310940 nstreams_done_=31500 config.nstreams=1000000 avg_latency=0.5734 ms avg throuhgput (requests/sec) = 968.2063 res=false
*==== INFO ====*  stream_id=127996 latency=0.508090 ms (tx_ts=84780231786934, rx_ts=84780232295024) request_id=316182 zil_blk_id=127996 ccf_commit_seqno=316182 nstreams_done_=32000 config.nstreams=1000000 avg_latency=0.5732 ms avg throuhgput (requests/sec) = 968.6078 res=false
*==== INFO ====*  stream_id=129996 latency=0.516466 ms (tx_ts=84780732631183, rx_ts=84780733147649) request_id=321384 zil_blk_id=129996 ccf_commit_seqno=321384 nstreams_done_=32500 config.nstreams=1000000 avg_latency=0.5727 ms avg throuhgput (requests/sec) = 969.0512 res=false
*==== INFO ====*  stream_id=131996 latency=0.610251 ms (tx_ts=84781275204895, rx_ts=84781275815146) request_id=326759 zil_blk_id=131996 ccf_commit_seqno=326761 nstreams_done_=33000 config.nstreams=1000000 avg_latency=0.5731 ms avg throuhgput (requests/sec) = 968.2921 res=false
*==== INFO ====*  stream_id=133996 latency=0.592418 ms (tx_ts=84781821361697, rx_ts=84781821954115) request_id=332295 zil_blk_id=133996 ccf_commit_seqno=332295 nstreams_done_=33500 config.nstreams=1000000 avg_latency=0.5734 ms avg throuhgput (requests/sec) = 967.4597 res=false
*==== INFO ====*  stream_id=135996 latency=0.525864 ms (tx_ts=84782340510587, rx_ts=84782341036451) request_id=337850 zil_blk_id=135996 ccf_commit_seqno=337850 nstreams_done_=34000 config.nstreams=1000000 avg_latency=0.5728 ms avg throuhgput (requests/sec) = 967.3974 res=false
*==== INFO ====*  stream_id=137996 latency=0.502470 ms (tx_ts=84782868629927, rx_ts=84782869132397) request_id=343277 zil_blk_id=137996 ccf_commit_seqno=343277 nstreams_done_=34500 config.nstreams=1000000 avg_latency=0.5727 ms avg throuhgput (requests/sec) = 967.0924 res=false
*==== INFO ====*  stream_id=139996 latency=0.528919 ms (tx_ts=84783396928880, rx_ts=84783397457799) request_id=348681 zil_blk_id=139996 ccf_commit_seqno=348681 nstreams_done_=35000 config.nstreams=1000000 avg_latency=0.5727 ms avg throuhgput (requests/sec) = 966.7902 res=false
*==== INFO ====*  stream_id=141996 latency=0.688678 ms (tx_ts=84783923026307, rx_ts=84783923714985) request_id=353974 zil_blk_id=141996 ccf_commit_seqno=353976 nstreams_done_=35500 config.nstreams=1000000 avg_latency=0.5730 ms avg throuhgput (requests/sec) = 966.5512 res=false
*==== INFO ====*  stream_id=143996 latency=0.479848 ms (tx_ts=84784455399248, rx_ts=84784455879096) request_id=359544 zil_blk_id=143996 ccf_commit_seqno=359544 nstreams_done_=36000 config.nstreams=1000000 avg_latency=0.5733 ms avg throuhgput (requests/sec) = 966.1657 res=false
*==== INFO ====*  stream_id=145996 latency=0.485448 ms (tx_ts=84784965060288, rx_ts=84784965545736) request_id=364936 zil_blk_id=145996 ccf_commit_seqno=364936 nstreams_done_=36500 config.nstreams=1000000 avg_latency=0.5732 ms avg throuhgput (requests/sec) = 966.3663 res=false
*==== INFO ====*  stream_id=147996 latency=0.637943 ms (tx_ts=84785463158466, rx_ts=84785463796409) request_id=370240 zil_blk_id=147996 ccf_commit_seqno=370241 nstreams_done_=37000 config.nstreams=1000000 avg_latency=0.5729 ms avg throuhgput (requests/sec) = 966.8499 res=false
*==== INFO ====*  stream_id=149996 latency=0.571529 ms (tx_ts=84785962331087, rx_ts=84785962902616) request_id=375495 zil_blk_id=149996 ccf_commit_seqno=375495 nstreams_done_=37500 config.nstreams=1000000 avg_latency=0.5728 ms avg throuhgput (requests/sec) = 967.2998 res=false
*==== INFO ====*  stream_id=151996 latency=0.535963 ms (tx_ts=84786458235680, rx_ts=84786458771643) request_id=380804 zil_blk_id=151996 ccf_commit_seqno=380804 nstreams_done_=38000 config.nstreams=1000000 avg_latency=0.5727 ms avg throuhgput (requests/sec) = 967.8179 res=false
*==== INFO ====*  stream_id=153996 latency=0.886448 ms (tx_ts=84786967211759, rx_ts=84786968098207) request_id=386204 zil_blk_id=153996 ccf_commit_seqno=386204 nstreams_done_=38500 config.nstreams=1000000 avg_latency=0.5731 ms avg throuhgput (requests/sec) = 967.9956 res=false
*==== INFO ====*  stream_id=155996 latency=0.489716 ms (tx_ts=84787475968524, rx_ts=84787476458240) request_id=391659 zil_blk_id=155996 ccf_commit_seqno=391659 nstreams_done_=39000 config.nstreams=1000000 avg_latency=0.5733 ms avg throuhgput (requests/sec) = 968.1919 res=false
*==== INFO ====*  stream_id=157996 latency=0.574435 ms (tx_ts=84787972789605, rx_ts=84787973364040) request_id=396767 zil_blk_id=157996 ccf_commit_seqno=396767 nstreams_done_=39500 config.nstreams=1000000 avg_latency=0.5735 ms avg throuhgput (requests/sec) = 968.6554 res=false
*==== INFO ====*  stream_id=159996 latency=0.569165 ms (tx_ts=84788486935077, rx_ts=84788487504242) request_id=402091 zil_blk_id=159996 ccf_commit_seqno=402091 nstreams_done_=40000 config.nstreams=1000000 avg_latency=0.5733 ms avg throuhgput (requests/sec) = 968.7032 res=false
*==== INFO ====*  stream_id=161996 latency=0.663892 ms (tx_ts=84788977760881, rx_ts=84788978424773) request_id=407273 zil_blk_id=161996 ccf_commit_seqno=407274 nstreams_done_=40500 config.nstreams=1000000 avg_latency=0.5731 ms avg throuhgput (requests/sec) = 969.2883 res=false
*==== INFO ====*  stream_id=163996 latency=0.527797 ms (tx_ts=84789460054297, rx_ts=84789460582094) request_id=412345 zil_blk_id=163996 ccf_commit_seqno=412345 nstreams_done_=41000 config.nstreams=1000000 avg_latency=0.5728 ms avg throuhgput (requests/sec) = 970.0608 res=false
*==== INFO ====*  stream_id=165996 latency=0.697414 ms (tx_ts=84789950764869, rx_ts=84789951462283) request_id=417275 zil_blk_id=165996 ccf_commit_seqno=417275 nstreams_done_=41500 config.nstreams=1000000 avg_latency=0.5726 ms avg throuhgput (requests/sec) = 970.6178 res=false
*==== INFO ====*  stream_id=167996 latency=0.596556 ms (tx_ts=84790437623077, rx_ts=84790438219633) request_id=422208 zil_blk_id=167996 ccf_commit_seqno=422208 nstreams_done_=42000 config.nstreams=1000000 avg_latency=0.5724 ms avg throuhgput (requests/sec) = 971.2548 res=false
*==== INFO ====*  stream_id=169996 latency=0.561410 ms (tx_ts=84790927570532, rx_ts=84790928131942) request_id=427277 zil_blk_id=169996 ccf_commit_seqno=427277 nstreams_done_=42500 config.nstreams=1000000 avg_latency=0.5722 ms avg throuhgput (requests/sec) = 971.8075 res=false
*==== INFO ====*  stream_id=171996 latency=0.588781 ms (tx_ts=84791428350932, rx_ts=84791428939713) request_id=432587 zil_blk_id=171996 ccf_commit_seqno=432588 nstreams_done_=43000 config.nstreams=1000000 avg_latency=0.5719 ms avg throuhgput (requests/sec) = 972.1084 res=false
*==== INFO ====*  stream_id=173996 latency=0.536253 ms (tx_ts=84791929179188, rx_ts=84791929715441) request_id=437808 zil_blk_id=173996 ccf_commit_seqno=437809 nstreams_done_=43500 config.nstreams=1000000 avg_latency=0.5718 ms avg throuhgput (requests/sec) = 972.4033 res=false
*==== INFO ====*  stream_id=175996 latency=0.574034 ms (tx_ts=84792428799698, rx_ts=84792429373732) request_id=443105 zil_blk_id=175996 ccf_commit_seqno=443105 nstreams_done_=44000 config.nstreams=1000000 avg_latency=0.5717 ms avg throuhgput (requests/sec) = 972.7157 res=false
*==== INFO ====*  stream_id=177996 latency=0.509213 ms (tx_ts=84792957535258, rx_ts=84792958044471) request_id=448445 zil_blk_id=177996 ccf_commit_seqno=448445 nstreams_done_=44500 config.nstreams=1000000 avg_latency=0.5717 ms avg throuhgput (requests/sec) = 972.4044 res=false
*==== INFO ====*  stream_id=179996 latency=0.672037 ms (tx_ts=84793469477700, rx_ts=84793470149737) request_id=453767 zil_blk_id=179996 ccf_commit_seqno=453768 nstreams_done_=45000 config.nstreams=1000000 avg_latency=0.5717 ms avg throuhgput (requests/sec) = 972.4481 res=false
*==== INFO ====*  stream_id=181996 latency=0.490177 ms (tx_ts=84793962201448, rx_ts=84793962691625) request_id=458813 zil_blk_id=181996 ccf_commit_seqno=458813 nstreams_done_=45500 config.nstreams=1000000 avg_latency=0.5717 ms avg throuhgput (requests/sec) = 972.8978 res=false
*==== INFO ====*  stream_id=183996 latency=0.543226 ms (tx_ts=84794446374025, rx_ts=84794446917251) request_id=463864 zil_blk_id=183996 ccf_commit_seqno=463864 nstreams_done_=46000 config.nstreams=1000000 avg_latency=0.5715 ms avg throuhgput (requests/sec) = 973.5094 res=false
*==== INFO ====*  stream_id=185996 latency=0.556170 ms (tx_ts=84794945396126, rx_ts=84794945952296) request_id=468846 zil_blk_id=185996 ccf_commit_seqno=468846 nstreams_done_=46500 config.nstreams=1000000 avg_latency=0.5714 ms avg throuhgput (requests/sec) = 973.8064 res=false
*==== INFO ====*  stream_id=187996 latency=0.494064 ms (tx_ts=84795429349938, rx_ts=84795429844002) request_id=474011 zil_blk_id=187996 ccf_commit_seqno=474011 nstreams_done_=47000 config.nstreams=1000000 avg_latency=0.5713 ms avg throuhgput (requests/sec) = 974.4032 res=false
*==== INFO ====*  stream_id=189996 latency=0.600663 ms (tx_ts=84795925293645, rx_ts=84795925894308) request_id=479372 zil_blk_id=189996 ccf_commit_seqno=479372 nstreams_done_=47500 config.nstreams=1000000 avg_latency=0.5711 ms avg throuhgput (requests/sec) = 974.7448 res=false
*==== INFO ====*  stream_id=191996 latency=0.516236 ms (tx_ts=84796442527769, rx_ts=84796443044005) request_id=484721 zil_blk_id=191996 ccf_commit_seqno=484721 nstreams_done_=48000 config.nstreams=1000000 avg_latency=0.5712 ms avg throuhgput (requests/sec) = 974.6617 res=false
*==== INFO ====*  stream_id=193996 latency=0.685773 ms (tx_ts=84796943045625, rx_ts=84796943731398) request_id=490041 zil_blk_id=193996 ccf_commit_seqno=490042 nstreams_done_=48500 config.nstreams=1000000 avg_latency=0.5711 ms avg throuhgput (requests/sec) = 974.9029 res=false
*==== INFO ====*  stream_id=195996 latency=0.652841 ms (tx_ts=84797466731796, rx_ts=84797467384637) request_id=495594 zil_blk_id=195996 ccf_commit_seqno=495594 nstreams_done_=49000 config.nstreams=1000000 avg_latency=0.5712 ms avg throuhgput (requests/sec) = 974.6938 res=false
*==== INFO ====*  stream_id=197996 latency=0.615853 ms (tx_ts=84797979407500, rx_ts=84797980023353) request_id=500768 zil_blk_id=197996 ccf_commit_seqno=500768 nstreams_done_=49500 config.nstreams=1000000 avg_latency=0.5713 ms avg throuhgput (requests/sec) = 974.7004 res=false
*==== INFO ====*  stream_id=199996 latency=0.715078 ms (tx_ts=84798528062454, rx_ts=84798528777532) request_id=506411 zil_blk_id=199996 ccf_commit_seqno=506413 nstreams_done_=50000 config.nstreams=1000000 avg_latency=0.5713 ms avg throuhgput (requests/sec) = 974.0211 res=false
*==== INFO ====*  stream_id=201996 latency=0.511647 ms (tx_ts=84799045204401, rx_ts=84799045716048) request_id=511772 zil_blk_id=201996 ccf_commit_seqno=511772 nstreams_done_=50500 config.nstreams=1000000 avg_latency=0.5711 ms avg throuhgput (requests/sec) = 973.9535 res=false
*==== INFO ====*  stream_id=203996 latency=0.599371 ms (tx_ts=84799584463557, rx_ts=84799585062928) request_id=517373 zil_blk_id=203996 ccf_commit_seqno=517373 nstreams_done_=51000 config.nstreams=1000000 avg_latency=0.5709 ms avg throuhgput (requests/sec) = 973.4706 res=false
*==== INFO ====*  stream_id=205996 latency=0.473035 ms (tx_ts=84800120674384, rx_ts=84800121147419) request_id=522932 zil_blk_id=205996 ccf_commit_seqno=522932 nstreams_done_=51500 config.nstreams=1000000 avg_latency=0.5708 ms avg throuhgput (requests/sec) = 973.0575 res=false
*==== INFO ====*  stream_id=207996 latency=0.641591 ms (tx_ts=84800660279618, rx_ts=84800660921209) request_id=528346 zil_blk_id=207996 ccf_commit_seqno=528346 nstreams_done_=52000 config.nstreams=1000000 avg_latency=0.5712 ms avg throuhgput (requests/sec) = 972.5856 res=false
*==== INFO ====*  stream_id=209996 latency=0.522798 ms (tx_ts=84801201571494, rx_ts=84801202094292) request_id=533557 zil_blk_id=209996 ccf_commit_seqno=533557 nstreams_done_=52500 config.nstreams=1000000 avg_latency=0.5713 ms avg throuhgput (requests/sec) = 972.0979 res=false
*==== INFO ====*  stream_id=211996 latency=0.587198 ms (tx_ts=84801719316926, rx_ts=84801719904124) request_id=538566 zil_blk_id=211996 ccf_commit_seqno=538568 nstreams_done_=53000 config.nstreams=1000000 avg_latency=0.5712 ms avg throuhgput (requests/sec) = 972.0363 res=false
*==== INFO ====*  stream_id=213996 latency=0.593511 ms (tx_ts=84802256880109, rx_ts=84802257473620) request_id=543773 zil_blk_id=213996 ccf_commit_seqno=543773 nstreams_done_=53500 config.nstreams=1000000 avg_latency=0.5712 ms avg throuhgput (requests/sec) = 971.6270 res=false
*==== INFO ====*  stream_id=215996 latency=0.709318 ms (tx_ts=84802789904812, rx_ts=84802790614130) request_id=548937 zil_blk_id=215996 ccf_commit_seqno=548938 nstreams_done_=54000 config.nstreams=1000000 avg_latency=0.5712 ms avg throuhgput (requests/sec) = 971.3029 res=false
*==== INFO ====*  stream_id=217996 latency=0.494996 ms (tx_ts=84803320939302, rx_ts=84803321434298) request_id=554148 zil_blk_id=217996 ccf_commit_seqno=554148 nstreams_done_=54500 config.nstreams=1000000 avg_latency=0.5713 ms avg throuhgput (requests/sec) = 971.0252 res=false
*==== INFO ====*  stream_id=219996 latency=0.521886 ms (tx_ts=84803838900411, rx_ts=84803839422297) request_id=559466 zil_blk_id=219996 ccf_commit_seqno=559466 nstreams_done_=55000 config.nstreams=1000000 avg_latency=0.5711 ms avg throuhgput (requests/sec) = 970.9726 res=false
*==== INFO ====*  stream_id=221996 latency=0.574625 ms (tx_ts=84804359879068, rx_ts=84804360453693) request_id=564957 zil_blk_id=221996 ccf_commit_seqno=564957 nstreams_done_=55500 config.nstreams=1000000 avg_latency=0.5711 ms avg throuhgput (requests/sec) = 970.8693 res=false
*==== INFO ====*  stream_id=223996 latency=0.647652 ms (tx_ts=84804876148257, rx_ts=84804876795909) request_id=570319 zil_blk_id=223996 ccf_commit_seqno=570320 nstreams_done_=56000 config.nstreams=1000000 avg_latency=0.5710 ms avg throuhgput (requests/sec) = 970.8467 res=false
*==== INFO ====*  stream_id=225996 latency=0.565047 ms (tx_ts=84805407040602, rx_ts=84805407605649) request_id=575631 zil_blk_id=225996 ccf_commit_seqno=575632 nstreams_done_=56500 config.nstreams=1000000 avg_latency=0.5710 ms avg throuhgput (requests/sec) = 970.5833 res=false
*==== INFO ====*  stream_id=227996 latency=0.494996 ms (tx_ts=84805950794040, rx_ts=84805951289036) request_id=580898 zil_blk_id=227996 ccf_commit_seqno=580898 nstreams_done_=57000 config.nstreams=1000000 avg_latency=0.5711 ms avg throuhgput (requests/sec) = 970.1120 res=false
*==== INFO ====*  stream_id=229996 latency=0.541042 ms (tx_ts=84806481850846, rx_ts=84806482391888) request_id=586239 zil_blk_id=229996 ccf_commit_seqno=586239 nstreams_done_=57500 config.nstreams=1000000 avg_latency=0.5712 ms avg throuhgput (requests/sec) = 969.8552 res=false
*==== INFO ====*  stream_id=231996 latency=0.509133 ms (tx_ts=84806995877195, rx_ts=84806996386328) request_id=591628 zil_blk_id=231996 ccf_commit_seqno=591628 nstreams_done_=58000 config.nstreams=1000000 avg_latency=0.5709 ms avg throuhgput (requests/sec) = 969.8802 res=false
*==== INFO ====*  stream_id=233996 latency=0.561951 ms (tx_ts=84807553661211, rx_ts=84807554223162) request_id=596923 zil_blk_id=233996 ccf_commit_seqno=596925 nstreams_done_=58500 config.nstreams=1000000 avg_latency=0.5714 ms avg throuhgput (requests/sec) = 969.2004 res=false
*==== INFO ====*  stream_id=235996 latency=0.523069 ms (tx_ts=84808079471859, rx_ts=84808079994928) request_id=602272 zil_blk_id=235996 ccf_commit_seqno=602272 nstreams_done_=59000 config.nstreams=1000000 avg_latency=0.5715 ms avg throuhgput (requests/sec) = 969.0431 res=false
*==== INFO ====*  stream_id=237996 latency=0.523830 ms (tx_ts=84808611758279, rx_ts=84808612282109) request_id=607682 zil_blk_id=237996 ccf_commit_seqno=607682 nstreams_done_=59500 config.nstreams=1000000 avg_latency=0.5714 ms avg throuhgput (requests/sec) = 968.7857 res=false
*==== INFO ====*  stream_id=239996 latency=0.545450 ms (tx_ts=84809138871748, rx_ts=84809139417198) request_id=613147 zil_blk_id=239996 ccf_commit_seqno=613147 nstreams_done_=60000 config.nstreams=1000000 avg_latency=0.5714 ms avg throuhgput (requests/sec) = 968.6132 res=false
*==== INFO ====*  stream_id=241996 latency=0.498833 ms (tx_ts=84809682029642, rx_ts=84809682528475) request_id=618610 zil_blk_id=241996 ccf_commit_seqno=618610 nstreams_done_=60500 config.nstreams=1000000 avg_latency=0.5714 ms avg throuhgput (requests/sec) = 968.1961 res=false
*==== INFO ====*  stream_id=243996 latency=0.527547 ms (tx_ts=84810224385882, rx_ts=84810224913429) request_id=624053 zil_blk_id=243996 ccf_commit_seqno=624053 nstreams_done_=61000 config.nstreams=1000000 avg_latency=0.5715 ms avg throuhgput (requests/sec) = 967.7973 res=false
*==== INFO ====*  stream_id=245996 latency=0.569786 ms (tx_ts=84810750706281, rx_ts=84810751276067) request_id=629226 zil_blk_id=245996 ccf_commit_seqno=629227 nstreams_done_=61500 config.nstreams=1000000 avg_latency=0.5717 ms avg throuhgput (requests/sec) = 967.6492 res=false
*==== INFO ====*  stream_id=247996 latency=0.512168 ms (tx_ts=84811259215195, rx_ts=84811259727363) request_id=634457 zil_blk_id=247996 ccf_commit_seqno=634458 nstreams_done_=62000 config.nstreams=1000000 avg_latency=0.5715 ms avg throuhgput (requests/sec) = 967.7741 res=false
*==== INFO ====*  stream_id=249996 latency=0.526956 ms (tx_ts=84811789108675, rx_ts=84811789635631) request_id=639849 zil_blk_id=249996 ccf_commit_seqno=639849 nstreams_done_=62500 config.nstreams=1000000 avg_latency=0.5714 ms avg throuhgput (requests/sec) = 967.5754 res=false
*==== INFO ====*  stream_id=251996 latency=0.442998 ms (tx_ts=84812310104800, rx_ts=84812310547798) request_id=645187 zil_blk_id=251996 ccf_commit_seqno=645187 nstreams_done_=63000 config.nstreams=1000000 avg_latency=0.5714 ms avg throuhgput (requests/sec) = 967.5137 res=false
*==== INFO ====*  stream_id=253996 latency=0.491790 ms (tx_ts=84812840017647, rx_ts=84812840509437) request_id=650343 zil_blk_id=253996 ccf_commit_seqno=650343 nstreams_done_=63500 config.nstreams=1000000 avg_latency=0.5715 ms avg throuhgput (requests/sec) = 967.3195 res=false
*==== INFO ====*  stream_id=255996 latency=0.470500 ms (tx_ts=84813368702838, rx_ts=84813369173338) request_id=655483 zil_blk_id=255996 ccf_commit_seqno=655483 nstreams_done_=64000 config.nstreams=1000000 avg_latency=0.5717 ms avg throuhgput (requests/sec) = 967.1474 res=false
*==== INFO ====*  stream_id=257996 latency=0.544309 ms (tx_ts=84813922291151, rx_ts=84813922835460) request_id=660848 zil_blk_id=257996 ccf_commit_seqno=660848 nstreams_done_=64500 config.nstreams=1000000 avg_latency=0.5720 ms avg throuhgput (requests/sec) = 966.6158 res=false
*==== INFO ====*  stream_id=259996 latency=1.078167 ms (tx_ts=84814439444355, rx_ts=84814440522522) request_id=665997 zil_blk_id=259996 ccf_commit_seqno=666001 nstreams_done_=65000 config.nstreams=1000000 avg_latency=0.5720 ms avg throuhgput (requests/sec) = 966.6098 res=false
*==== INFO ====*  stream_id=261996 latency=0.560639 ms (tx_ts=84814963098294, rx_ts=84814963658933) request_id=671037 zil_blk_id=261996 ccf_commit_seqno=671040 nstreams_done_=65500 config.nstreams=1000000 avg_latency=0.5721 ms avg throuhgput (requests/sec) = 966.5262 res=false
*==== INFO ====*  stream_id=263996 latency=0.565628 ms (tx_ts=84815470188807, rx_ts=84815470754435) request_id=676222 zil_blk_id=263996 ccf_commit_seqno=676222 nstreams_done_=66000 config.nstreams=1000000 avg_latency=0.5718 ms avg throuhgput (requests/sec) = 966.6709 res=false
*==== INFO ====*  stream_id=265996 latency=0.504925 ms (tx_ts=84816000752188, rx_ts=84816001257113) request_id=681459 zil_blk_id=265996 ccf_commit_seqno=681459 nstreams_done_=66500 config.nstreams=1000000 avg_latency=0.5719 ms avg throuhgput (requests/sec) = 966.4845 res=false
*==== INFO ====*  stream_id=267996 latency=0.553586 ms (tx_ts=84816536368446, rx_ts=84816536922032) request_id=686818 zil_blk_id=267996 ccf_commit_seqno=686818 nstreams_done_=67000 config.nstreams=1000000 avg_latency=0.5721 ms avg throuhgput (requests/sec) = 966.2291 res=false
*==== INFO ====*  stream_id=269996 latency=0.498352 ms (tx_ts=84817057659665, rx_ts=84817058158017) request_id=691878 zil_blk_id=269996 ccf_commit_seqno=691878 nstreams_done_=67500 config.nstreams=1000000 avg_latency=0.5727 ms avg throuhgput (requests/sec) = 966.1771 res=false
*==== INFO ====*  stream_id=271996 latency=0.549047 ms (tx_ts=84817587870694, rx_ts=84817588419741) request_id=697105 zil_blk_id=271996 ccf_commit_seqno=697105 nstreams_done_=68000 config.nstreams=1000000 avg_latency=0.5729 ms avg throuhgput (requests/sec) = 966.0020 res=false
*==== INFO ====*  stream_id=273996 latency=0.557082 ms (tx_ts=84818115029530, rx_ts=84818115586612) request_id=702512 zil_blk_id=273996 ccf_commit_seqno=702512 nstreams_done_=68500 config.nstreams=1000000 avg_latency=0.5730 ms avg throuhgput (requests/sec) = 965.8716 res=false
*==== INFO ====*  stream_id=275996 latency=0.521646 ms (tx_ts=84818619990362, rx_ts=84818620512008) request_id=707748 zil_blk_id=275996 ccf_commit_seqno=707749 nstreams_done_=69000 config.nstreams=1000000 avg_latency=0.5730 ms avg throuhgput (requests/sec) = 966.0439 res=false
*==== INFO ====*  stream_id=277996 latency=0.615101 ms (tx_ts=84819129502532, rx_ts=84819130117633) request_id=713046 zil_blk_id=277996 ccf_commit_seqno=713047 nstreams_done_=69500 config.nstreams=1000000 avg_latency=0.5729 ms avg throuhgput (requests/sec) = 966.1510 res=false
*==== INFO ====*  stream_id=279996 latency=0.554237 ms (tx_ts=84819646161785, rx_ts=84819646716022) request_id=718394 zil_blk_id=279996 ccf_commit_seqno=718395 nstreams_done_=70000 config.nstreams=1000000 avg_latency=0.5728 ms avg throuhgput (requests/sec) = 966.1632 res=false
*==== INFO ====*  stream_id=281996 latency=0.484036 ms (tx_ts=84820165695156, rx_ts=84820166179192) request_id=723703 zil_blk_id=281996 ccf_commit_seqno=723703 nstreams_done_=70500 config.nstreams=1000000 avg_latency=0.5727 ms avg throuhgput (requests/sec) = 966.1374 res=false
*==== INFO ====*  stream_id=283996 latency=0.698717 ms (tx_ts=84820769691185, rx_ts=84820770389902) request_id=728996 zil_blk_id=283996 ccf_commit_seqno=728997 nstreams_done_=71000 config.nstreams=1000000 avg_latency=0.5740 ms avg throuhgput (requests/sec) = 964.9991 res=false
*==== INFO ====*  stream_id=285996 latency=0.535872 ms (tx_ts=84821291385827, rx_ts=84821291921699) request_id=734496 zil_blk_id=285996 ccf_commit_seqno=734496 nstreams_done_=71500 config.nstreams=1000000 avg_latency=0.5739 ms avg throuhgput (requests/sec) = 964.9548 res=false
*==== INFO ====*  stream_id=287996 latency=0.500707 ms (tx_ts=84821799543234, rx_ts=84821800043941) request_id=739699 zil_blk_id=287996 ccf_commit_seqno=739699 nstreams_done_=72000 config.nstreams=1000000 avg_latency=0.5739 ms avg throuhgput (requests/sec) = 965.0846 res=false
*==== INFO ====*  stream_id=289996 latency=0.539058 ms (tx_ts=84822349979515, rx_ts=84822350518573) request_id=744957 zil_blk_id=289996 ccf_commit_seqno=744957 nstreams_done_=72500 config.nstreams=1000000 avg_latency=0.5742 ms avg throuhgput (requests/sec) = 964.6688 res=false
*==== INFO ====*  stream_id=291996 latency=0.502480 ms (tx_ts=84822828053914, rx_ts=84822828556394) request_id=749722 zil_blk_id=291996 ccf_commit_seqno=749722 nstreams_done_=73000 config.nstreams=1000000 avg_latency=0.5741 ms avg throuhgput (requests/sec) = 965.1825 res=false
*==== INFO ====*  stream_id=293996 latency=0.627454 ms (tx_ts=84823323023417, rx_ts=84823323650871) request_id=754528 zil_blk_id=293996 ccf_commit_seqno=754528 nstreams_done_=73500 config.nstreams=1000000 avg_latency=0.5744 ms avg throuhgput (requests/sec) = 965.4733 res=false
*==== INFO ====*  stream_id=295996 latency=0.549047 ms (tx_ts=84823849942981, rx_ts=84823850492028) request_id=759616 zil_blk_id=295996 ccf_commit_seqno=759617 nstreams_done_=74000 config.nstreams=1000000 avg_latency=0.5747 ms avg throuhgput (requests/sec) = 965.3605 res=false
*==== INFO ====*  stream_id=297996 latency=0.470210 ms (tx_ts=84824357071483, rx_ts=84824357541693) request_id=764878 zil_blk_id=297996 ccf_commit_seqno=764878 nstreams_done_=74500 config.nstreams=1000000 avg_latency=0.5746 ms avg throuhgput (requests/sec) = 965.4967 res=false
*==== INFO ====*  stream_id=299996 latency=0.682837 ms (tx_ts=84824853066880, rx_ts=84824853749717) request_id=770141 zil_blk_id=299996 ccf_commit_seqno=770142 nstreams_done_=75000 config.nstreams=1000000 avg_latency=0.5744 ms avg throuhgput (requests/sec) = 965.7660 res=false
*==== INFO ====*  stream_id=301996 latency=0.503092 ms (tx_ts=84825355056258, rx_ts=84825355559350) request_id=775257 zil_blk_id=301996 ccf_commit_seqno=775257 nstreams_done_=75500 config.nstreams=1000000 avg_latency=0.5745 ms avg throuhgput (requests/sec) = 965.9627 res=false
*==== INFO ====*  stream_id=303996 latency=0.633715 ms (tx_ts=84825869723825, rx_ts=84825870357540) request_id=780310 zil_blk_id=303996 ccf_commit_seqno=780310 nstreams_done_=76000 config.nstreams=1000000 avg_latency=0.5746 ms avg throuhgput (requests/sec) = 965.9973 res=false
*==== INFO ====*  stream_id=305996 latency=0.571900 ms (tx_ts=84826387782710, rx_ts=84826388354610) request_id=785695 zil_blk_id=305996 ccf_commit_seqno=785695 nstreams_done_=76500 config.nstreams=1000000 avg_latency=0.5744 ms avg throuhgput (requests/sec) = 965.9924 res=false
*==== INFO ====*  stream_id=307996 latency=0.579354 ms (tx_ts=84826902078541, rx_ts=84826902657895) request_id=790979 zil_blk_id=307996 ccf_commit_seqno=790979 nstreams_done_=77000 config.nstreams=1000000 avg_latency=0.5743 ms avg throuhgput (requests/sec) = 966.0324 res=false
*==== INFO ====*  stream_id=309996 latency=0.611394 ms (tx_ts=84827414352593, rx_ts=84827414963987) request_id=796345 zil_blk_id=309996 ccf_commit_seqno=796345 nstreams_done_=77500 config.nstreams=1000000 avg_latency=0.5741 ms avg throuhgput (requests/sec) = 966.0960 res=false
*==== INFO ====*  stream_id=311996 latency=0.573783 ms (tx_ts=84827935950525, rx_ts=84827936524308) request_id=801601 zil_blk_id=311996 ccf_commit_seqno=801602 nstreams_done_=78000 config.nstreams=1000000 avg_latency=0.5742 ms avg throuhgput (requests/sec) = 966.0479 res=false
*==== INFO ====*  stream_id=313996 latency=0.519892 ms (tx_ts=84828427519950, rx_ts=84828428039842) request_id=806824 zil_blk_id=313996 ccf_commit_seqno=806824 nstreams_done_=78500 config.nstreams=1000000 avg_latency=0.5741 ms avg throuhgput (requests/sec) = 966.3578 res=false
*==== INFO ====*  stream_id=315996 latency=0.511778 ms (tx_ts=84828932518182, rx_ts=84828933029960) request_id=812003 zil_blk_id=315996 ccf_commit_seqno=812003 nstreams_done_=79000 config.nstreams=1000000 avg_latency=0.5740 ms avg throuhgput (requests/sec) = 966.5046 res=false
*==== INFO ====*  stream_id=317996 latency=0.529060 ms (tx_ts=84829442705886, rx_ts=84829443234946) request_id=817265 zil_blk_id=317996 ccf_commit_seqno=817265 nstreams_done_=79500 config.nstreams=1000000 avg_latency=0.5738 ms avg throuhgput (requests/sec) = 966.5883 res=false
*==== INFO ====*  stream_id=319996 latency=0.476902 ms (tx_ts=84829967746958, rx_ts=84829968223860) request_id=822669 zil_blk_id=319996 ccf_commit_seqno=822671 nstreams_done_=80000 config.nstreams=1000000 avg_latency=0.5737 ms avg throuhgput (requests/sec) = 966.4983 res=false
*==== INFO ====*  stream_id=321996 latency=0.692045 ms (tx_ts=84830480773984, rx_ts=84830481466029) request_id=827904 zil_blk_id=321996 ccf_commit_seqno=827905 nstreams_done_=80500 config.nstreams=1000000 avg_latency=0.5736 ms avg throuhgput (requests/sec) = 966.5458 res=false
*==== INFO ====*  stream_id=323996 latency=0.538357 ms (tx_ts=84830985162209, rx_ts=84830985700566) request_id=833209 zil_blk_id=323996 ccf_commit_seqno=833210 nstreams_done_=81000 config.nstreams=1000000 avg_latency=0.5735 ms avg throuhgput (requests/sec) = 966.6966 res=false
*==== INFO ====*  stream_id=325996 latency=0.626922 ms (tx_ts=84831497254166, rx_ts=84831497881088) request_id=838476 zil_blk_id=325996 ccf_commit_seqno=838476 nstreams_done_=81500 config.nstreams=1000000 avg_latency=0.5733 ms avg throuhgput (requests/sec) = 966.7544 res=false
*==== INFO ====*  stream_id=327996 latency=0.640889 ms (tx_ts=84832030270637, rx_ts=84832030911526) request_id=843723 zil_blk_id=327996 ccf_commit_seqno=843723 nstreams_done_=82000 config.nstreams=1000000 avg_latency=0.5733 ms avg throuhgput (requests/sec) = 966.5740 res=false
*==== INFO ====*  stream_id=329996 latency=0.972099 ms (tx_ts=84832531222004, rx_ts=84832532194103) request_id=848804 zil_blk_id=329996 ccf_commit_seqno=848814 nstreams_done_=82500 config.nstreams=1000000 avg_latency=0.5731 ms avg throuhgput (requests/sec) = 966.7553 res=false
*==== INFO ====*  stream_id=331996 latency=0.520645 ms (tx_ts=84833062962827, rx_ts=84833063483472) request_id=853983 zil_blk_id=331996 ccf_commit_seqno=853983 nstreams_done_=83000 config.nstreams=1000000 avg_latency=0.5732 ms avg throuhgput (requests/sec) = 966.5966 res=false
*==== INFO ====*  stream_id=333996 latency=0.500958 ms (tx_ts=84833567353096, rx_ts=84833567854054) request_id=859033 zil_blk_id=333996 ccf_commit_seqno=859033 nstreams_done_=83500 config.nstreams=1000000 avg_latency=0.5730 ms avg throuhgput (requests/sec) = 966.7410 res=false
*==== INFO ====*  stream_id=335996 latency=0.479942 ms (tx_ts=84834094738809, rx_ts=84834095218751) request_id=864339 zil_blk_id=335996 ccf_commit_seqno=864339 nstreams_done_=84000 config.nstreams=1000000 avg_latency=0.5728 ms avg throuhgput (requests/sec) = 966.6280 res=false
*==== INFO ====*  stream_id=337996 latency=0.656578 ms (tx_ts=84834609401723, rx_ts=84834610058301) request_id=869797 zil_blk_id=337996 ccf_commit_seqno=869797 nstreams_done_=84500 config.nstreams=1000000 avg_latency=0.5727 ms avg throuhgput (requests/sec) = 966.6548 res=false
*==== INFO ====*  stream_id=339996 latency=0.470871 ms (tx_ts=84835124764255, rx_ts=84835125235126) request_id=875139 zil_blk_id=339996 ccf_commit_seqno=875139 nstreams_done_=85000 config.nstreams=1000000 avg_latency=0.5727 ms avg throuhgput (requests/sec) = 966.6775 res=false
*==== INFO ====*  stream_id=341996 latency=0.495347 ms (tx_ts=84835615954469, rx_ts=84835616449816) request_id=880365 zil_blk_id=341996 ccf_commit_seqno=880365 nstreams_done_=85500 config.nstreams=1000000 avg_latency=0.5725 ms avg throuhgput (requests/sec) = 966.9620 res=false
*==== INFO ====*  stream_id=343996 latency=0.513020 ms (tx_ts=84836119013187, rx_ts=84836119526207) request_id=885606 zil_blk_id=343996 ccf_commit_seqno=885606 nstreams_done_=86000 config.nstreams=1000000 avg_latency=0.5723 ms avg throuhgput (requests/sec) = 967.1143 res=false
*==== INFO ====*  stream_id=345996 latency=0.502460 ms (tx_ts=84836630938282, rx_ts=84836631440742) request_id=890864 zil_blk_id=345996 ccf_commit_seqno=890864 nstreams_done_=86500 config.nstreams=1000000 avg_latency=0.5723 ms avg throuhgput (requests/sec) = 967.1693 res=false
*==== INFO ====*  stream_id=347996 latency=0.571679 ms (tx_ts=84837130467619, rx_ts=84837131039298) request_id=896098 zil_blk_id=347996 ccf_commit_seqno=896098 nstreams_done_=87000 config.nstreams=1000000 avg_latency=0.5724 ms avg throuhgput (requests/sec) = 967.3562 res=false
*==== INFO ====*  stream_id=349996 latency=0.608959 ms (tx_ts=84837644093958, rx_ts=84837644702917) request_id=901423 zil_blk_id=349996 ccf_commit_seqno=901423 nstreams_done_=87500 config.nstreams=1000000 avg_latency=0.5724 ms avg throuhgput (requests/sec) = 967.3905 res=false
*==== INFO ====*  stream_id=351996 latency=0.544418 ms (tx_ts=84838145843917, rx_ts=84838146388335) request_id=906799 zil_blk_id=351996 ccf_commit_seqno=906800 nstreams_done_=88000 config.nstreams=1000000 avg_latency=0.5724 ms avg throuhgput (requests/sec) = 967.5518 res=false
*==== INFO ====*  stream_id=353996 latency=0.503181 ms (tx_ts=84838632428271, rx_ts=84838632931452) request_id=911954 zil_blk_id=353996 ccf_commit_seqno=911954 nstreams_done_=88500 config.nstreams=1000000 avg_latency=0.5724 ms avg throuhgput (requests/sec) = 967.8717 res=false
*==== INFO ====*  stream_id=355996 latency=0.562596 ms (tx_ts=84839127683730, rx_ts=84839128246326) request_id=916926 zil_blk_id=355996 ccf_commit_seqno=916928 nstreams_done_=89000 config.nstreams=1000000 avg_latency=0.5723 ms avg throuhgput (requests/sec) = 968.0957 res=false
*==== INFO ====*  stream_id=357996 latency=0.551121 ms (tx_ts=84839618721539, rx_ts=84839619272660) request_id=921973 zil_blk_id=357996 ccf_commit_seqno=921975 nstreams_done_=89500 config.nstreams=1000000 avg_latency=0.5723 ms avg throuhgput (requests/sec) = 968.3623 res=false
*==== INFO ====*  stream_id=359996 latency=0.657159 ms (tx_ts=84840110384100, rx_ts=84840111041259) request_id=927000 zil_blk_id=359996 ccf_commit_seqno=927000 nstreams_done_=90000 config.nstreams=1000000 avg_latency=0.5723 ms avg throuhgput (requests/sec) = 968.6184 res=false
*==== INFO ====*  stream_id=361996 latency=0.511928 ms (tx_ts=84840607237655, rx_ts=84840607749583) request_id=932251 zil_blk_id=361996 ccf_commit_seqno=932251 nstreams_done_=90500 config.nstreams=1000000 avg_latency=0.5722 ms avg throuhgput (requests/sec) = 968.8205 res=false
*==== INFO ====*  stream_id=363996 latency=0.606975 ms (tx_ts=84841105162496, rx_ts=84841105769471) request_id=937604 zil_blk_id=363996 ccf_commit_seqno=937604 nstreams_done_=91000 config.nstreams=1000000 avg_latency=0.5720 ms avg throuhgput (requests/sec) = 969.0069 res=false
*==== INFO ====*  stream_id=365996 latency=0.519653 ms (tx_ts=84841615392017, rx_ts=84841615911670) request_id=942752 zil_blk_id=365996 ccf_commit_seqno=942752 nstreams_done_=91500 config.nstreams=1000000 avg_latency=0.5720 ms avg throuhgput (requests/sec) = 969.0669 res=false
*==== INFO ====*  stream_id=367996 latency=0.567672 ms (tx_ts=84842113164154, rx_ts=84842113731826) request_id=947889 zil_blk_id=367996 ccf_commit_seqno=947889 nstreams_done_=92000 config.nstreams=1000000 avg_latency=0.5717 ms avg throuhgput (requests/sec) = 969.2521 res=false
*==== INFO ====*  stream_id=369996 latency=0.521165 ms (tx_ts=84842614505228, rx_ts=84842615026393) request_id=952856 zil_blk_id=369996 ccf_commit_seqno=952856 nstreams_done_=92500 config.nstreams=1000000 avg_latency=0.5716 ms avg throuhgput (requests/sec) = 969.4001 res=false
*==== INFO ====*  stream_id=371996 latency=0.462466 ms (tx_ts=84843115298827, rx_ts=84843115761293) request_id=958007 zil_blk_id=371996 ccf_commit_seqno=958007 nstreams_done_=93000 config.nstreams=1000000 avg_latency=0.5714 ms avg throuhgput (requests/sec) = 969.5522 res=false
*==== INFO ====*  stream_id=373996 latency=0.529130 ms (tx_ts=84843620667225, rx_ts=84843621196355) request_id=963184 zil_blk_id=373996 ccf_commit_seqno=963184 nstreams_done_=93500 config.nstreams=1000000 avg_latency=0.5712 ms avg throuhgput (requests/sec) = 969.6554 res=false
*==== INFO ====*  stream_id=375996 latency=0.490327 ms (tx_ts=84844118196718, rx_ts=84844118687045) request_id=968445 zil_blk_id=375996 ccf_commit_seqno=968445 nstreams_done_=94000 config.nstreams=1000000 avg_latency=0.5709 ms avg throuhgput (requests/sec) = 969.8371 res=false
*==== INFO ====*  stream_id=377996 latency=0.621372 ms (tx_ts=84844612763959, rx_ts=84844613385331) request_id=973680 zil_blk_id=377996 ccf_commit_seqno=973681 nstreams_done_=94500 config.nstreams=1000000 avg_latency=0.5708 ms avg throuhgput (requests/sec) = 970.0446 res=false
*==== INFO ====*  stream_id=379996 latency=0.537726 ms (tx_ts=84845079820227, rx_ts=84845080357953) request_id=978642 zil_blk_id=379996 ccf_commit_seqno=978642 nstreams_done_=95000 config.nstreams=1000000 avg_latency=0.5708 ms avg throuhgput (requests/sec) = 970.5250 res=false
*==== INFO ====*  stream_id=381996 latency=0.551021 ms (tx_ts=84845574152429, rx_ts=84845574703450) request_id=983706 zil_blk_id=381996 ccf_commit_seqno=983706 nstreams_done_=95500 config.nstreams=1000000 avg_latency=0.5708 ms avg throuhgput (requests/sec) = 970.7305 res=false
*==== INFO ====*  stream_id=383996 latency=0.564997 ms (tx_ts=84846076042046, rx_ts=84846076607043) request_id=988834 zil_blk_id=383996 ccf_commit_seqno=988834 nstreams_done_=96000 config.nstreams=1000000 avg_latency=0.5708 ms avg throuhgput (requests/sec) = 970.8599 res=false
*==== INFO ====*  stream_id=385996 latency=0.484396 ms (tx_ts=84846586829628, rx_ts=84846587314024) request_id=994100 zil_blk_id=385996 ccf_commit_seqno=994100 nstreams_done_=96500 config.nstreams=1000000 avg_latency=0.5708 ms avg throuhgput (requests/sec) = 970.9019 res=false
*==== INFO ====*  stream_id=387996 latency=0.514362 ms (tx_ts=84847105306836, rx_ts=84847105821198) request_id=999344 zil_blk_id=387996 ccf_commit_seqno=999344 nstreams_done_=97000 config.nstreams=1000000 avg_latency=0.5708 ms avg throuhgput (requests/sec) = 970.8676 res=false
*==== INFO ====*  stream_id=389996 latency=0.729385 ms (tx_ts=84847613324923, rx_ts=84847614054308) request_id=1004526 zil_blk_id=389996 ccf_commit_seqno=1004528 nstreams_done_=97500 config.nstreams=1000000 avg_latency=0.5707 ms avg throuhgput (requests/sec) = 970.9331 res=false
*==== INFO ====*  stream_id=391996 latency=0.611233 ms (tx_ts=84848084417460, rx_ts=84848085028693) request_id=1009278 zil_blk_id=391996 ccf_commit_seqno=1009279 nstreams_done_=98000 config.nstreams=1000000 avg_latency=0.5708 ms avg throuhgput (requests/sec) = 971.3565 res=false
*==== INFO ====*  stream_id=393996 latency=0.542565 ms (tx_ts=84848561260898, rx_ts=84848561803463) request_id=1014279 zil_blk_id=393996 ccf_commit_seqno=1014279 nstreams_done_=98500 config.nstreams=1000000 avg_latency=0.5708 ms avg throuhgput (requests/sec) = 971.7203 res=false
*==== INFO ====*  stream_id=395996 latency=0.547794 ms (tx_ts=84849038830732, rx_ts=84849039378526) request_id=1019328 zil_blk_id=395996 ccf_commit_seqno=1019328 nstreams_done_=99000 config.nstreams=1000000 avg_latency=0.5708 ms avg throuhgput (requests/sec) = 972.0731 res=false
*==== INFO ====*  stream_id=397996 latency=0.666758 ms (tx_ts=84849523382475, rx_ts=84849524049233) request_id=1024389 zil_blk_id=397996 ccf_commit_seqno=1024389 nstreams_done_=99500 config.nstreams=1000000 avg_latency=0.5709 ms avg throuhgput (requests/sec) = 972.3552 res=false
*==== INFO ====*  stream_id=399996 latency=0.578812 ms (tx_ts=84850027940043, rx_ts=84850028518855) request_id=1029499 zil_blk_id=399996 ccf_commit_seqno=1029499 nstreams_done_=100000 config.nstreams=1000000 avg_latency=0.5708 ms avg throuhgput (requests/sec) = 972.4474 res=false
*==== INFO ====*  stream_id=401996 latency=0.481280 ms (tx_ts=84850512704382, rx_ts=84850513185662) request_id=1034521 zil_blk_id=401996 ccf_commit_seqno=1034521 nstreams_done_=100500 config.nstreams=1000000 avg_latency=0.5708 ms avg throuhgput (requests/sec) = 972.7250 res=false
*==== INFO ====*  stream_id=403996 latency=0.576619 ms (tx_ts=84850994292052, rx_ts=84850994868671) request_id=1039472 zil_blk_id=403996 ccf_commit_seqno=1039472 nstreams_done_=101000 config.nstreams=1000000 avg_latency=0.5707 ms avg throuhgput (requests/sec) = 973.0280 res=false
*==== INFO ====*  stream_id=405996 latency=0.554207 ms (tx_ts=84851491651661, rx_ts=84851492205868) request_id=1044533 zil_blk_id=405996 ccf_commit_seqno=1044533 nstreams_done_=101500 config.nstreams=1000000 avg_latency=0.5707 ms avg throuhgput (requests/sec) = 973.1822 res=false
*==== INFO ====*  stream_id=407996 latency=0.773617 ms (tx_ts=84852018390868, rx_ts=84852019164485) request_id=1049690 zil_blk_id=407996 ccf_commit_seqno=1049691 nstreams_done_=102000 config.nstreams=1000000 avg_latency=0.5710 ms avg throuhgput (requests/sec) = 973.0598 res=false
*==== INFO ====*  stream_id=409996 latency=0.567522 ms (tx_ts=84852535236308, rx_ts=84852535803830) request_id=1054967 zil_blk_id=409996 ccf_commit_seqno=1054968 nstreams_done_=102500 config.nstreams=1000000 avg_latency=0.5711 ms avg throuhgput (requests/sec) = 973.0340 res=false
*==== INFO ====*  stream_id=411996 latency=0.579234 ms (tx_ts=84853046617189, rx_ts=84853047196423) request_id=1060391 zil_blk_id=411996 ccf_commit_seqno=1060391 nstreams_done_=103000 config.nstreams=1000000 avg_latency=0.5710 ms avg throuhgput (requests/sec) = 973.0567 res=false
*==== INFO ====*  stream_id=413996 latency=0.696763 ms (tx_ts=84853548987768, rx_ts=84853549684531) request_id=1065632 zil_blk_id=413996 ccf_commit_seqno=1065633 nstreams_done_=103500 config.nstreams=1000000 avg_latency=0.5709 ms avg throuhgput (requests/sec) = 973.1606 res=false
*==== INFO ====*  stream_id=415996 latency=0.493363 ms (tx_ts=84854060611114, rx_ts=84854061104477) request_id=1070811 zil_blk_id=415996 ccf_commit_seqno=1070811 nstreams_done_=104000 config.nstreams=1000000 avg_latency=0.5710 ms avg throuhgput (requests/sec) = 973.1821 res=false
*==== INFO ====*  stream_id=417996 latency=0.535963 ms (tx_ts=84854548677488, rx_ts=84854549213451) request_id=1075832 zil_blk_id=417996 ccf_commit_seqno=1075833 nstreams_done_=104500 config.nstreams=1000000 avg_latency=0.5709 ms avg throuhgput (requests/sec) = 973.4148 res=false
*==== INFO ====*  stream_id=419996 latency=0.578021 ms (tx_ts=84855021447340, rx_ts=84855022025361) request_id=1080861 zil_blk_id=419996 ccf_commit_seqno=1080861 nstreams_done_=105000 config.nstreams=1000000 avg_latency=0.5708 ms avg throuhgput (requests/sec) = 973.7836 res=false
*==== INFO ====*  stream_id=421996 latency=0.556831 ms (tx_ts=84855499589382, rx_ts=84855500146213) request_id=1085832 zil_blk_id=421996 ccf_commit_seqno=1085832 nstreams_done_=105500 config.nstreams=1000000 avg_latency=0.5708 ms avg throuhgput (requests/sec) = 974.1013 res=false
*==== INFO ====*  stream_id=423996 latency=0.604491 ms (tx_ts=84855989139058, rx_ts=84855989743549) request_id=1090769 zil_blk_id=423996 ccf_commit_seqno=1090769 nstreams_done_=106000 config.nstreams=1000000 avg_latency=0.5710 ms avg throuhgput (requests/sec) = 974.3135 res=false
*==== INFO ====*  stream_id=425996 latency=0.467464 ms (tx_ts=84856472136285, rx_ts=84856472603749) request_id=1095770 zil_blk_id=425996 ccf_commit_seqno=1095770 nstreams_done_=106500 config.nstreams=1000000 avg_latency=0.5710 ms avg throuhgput (requests/sec) = 974.5838 res=false
*==== INFO ====*  stream_id=427996 latency=0.619990 ms (tx_ts=84857009276449, rx_ts=84857009896439) request_id=1100901 zil_blk_id=427996 ccf_commit_seqno=1100902 nstreams_done_=107000 config.nstreams=1000000 avg_latency=0.5712 ms avg throuhgput (requests/sec) = 974.3686 res=false
*==== INFO ====*  stream_id=429996 latency=0.583942 ms (tx_ts=84857528663783, rx_ts=84857529247725) request_id=1106280 zil_blk_id=429996 ccf_commit_seqno=1106282 nstreams_done_=107500 config.nstreams=1000000 avg_latency=0.5714 ms avg throuhgput (requests/sec) = 974.3138 res=false
*==== INFO ====*  stream_id=431996 latency=0.531074 ms (tx_ts=84858020148485, rx_ts=84858020679559) request_id=1111367 zil_blk_id=431996 ccf_commit_seqno=1111368 nstreams_done_=108000 config.nstreams=1000000 avg_latency=0.5714 ms avg throuhgput (requests/sec) = 974.5050 res=false
*==== INFO ====*  stream_id=433996 latency=0.570047 ms (tx_ts=84858487564420, rx_ts=84858488134467) request_id=1116208 zil_blk_id=433996 ccf_commit_seqno=1116208 nstreams_done_=108500 config.nstreams=1000000 avg_latency=0.5713 ms avg throuhgput (requests/sec) = 974.9046 res=false
*==== INFO ====*  stream_id=435996 latency=0.516627 ms (tx_ts=84858966917034, rx_ts=84858967433661) request_id=1121029 zil_blk_id=435996 ccf_commit_seqno=1121029 nstreams_done_=109000 config.nstreams=1000000 avg_latency=0.5713 ms avg throuhgput (requests/sec) = 975.1974 res=false
*==== INFO ====*  stream_id=437996 latency=0.524170 ms (tx_ts=84859481492348, rx_ts=84859482016518) request_id=1126287 zil_blk_id=437996 ccf_commit_seqno=1126287 nstreams_done_=109500 config.nstreams=1000000 avg_latency=0.5713 ms avg throuhgput (requests/sec) = 975.1812 res=false
*==== INFO ====*  stream_id=439996 latency=0.483084 ms (tx_ts=84859994071498, rx_ts=84859994554582) request_id=1131643 zil_blk_id=439996 ccf_commit_seqno=1131643 nstreams_done_=110000 config.nstreams=1000000 avg_latency=0.5712 ms avg throuhgput (requests/sec) = 975.1828 res=false
*==== INFO ====*  stream_id=441996 latency=0.464468 ms (tx_ts=84860494252102, rx_ts=84860494716570) request_id=1136750 zil_blk_id=441996 ccf_commit_seqno=1136750 nstreams_done_=110500 config.nstreams=1000000 avg_latency=0.5710 ms avg throuhgput (requests/sec) = 975.2909 res=false
*==== INFO ====*  stream_id=443996 latency=0.541604 ms (tx_ts=84861015487660, rx_ts=84861016029264) request_id=1141906 zil_blk_id=443996 ccf_commit_seqno=1141906 nstreams_done_=111000 config.nstreams=1000000 avg_latency=0.5710 ms avg throuhgput (requests/sec) = 975.2168 res=false
*==== INFO ====*  stream_id=445996 latency=0.643784 ms (tx_ts=84861534697705, rx_ts=84861535341489) request_id=1147048 zil_blk_id=445996 ccf_commit_seqno=1147050 nstreams_done_=111500 config.nstreams=1000000 avg_latency=0.5710 ms avg throuhgput (requests/sec) = 975.1605 res=false
*==== INFO ====*  stream_id=447996 latency=0.563144 ms (tx_ts=84862064252457, rx_ts=84862064815601) request_id=1152222 zil_blk_id=447996 ccf_commit_seqno=1152222 nstreams_done_=112000 config.nstreams=1000000 avg_latency=0.5710 ms avg throuhgput (requests/sec) = 975.0184 res=false
*==== INFO ====*  stream_id=449996 latency=0.556942 ms (tx_ts=84862594278922, rx_ts=84862594835864) request_id=1157837 zil_blk_id=449996 ccf_commit_seqno=1157839 nstreams_done_=112500 config.nstreams=1000000 avg_latency=0.5710 ms avg throuhgput (requests/sec) = 974.8730 res=false
*==== INFO ====*  stream_id=451996 latency=0.535482 ms (tx_ts=84863105828279, rx_ts=84863106363761) request_id=1163060 zil_blk_id=451996 ccf_commit_seqno=1163060 nstreams_done_=113000 config.nstreams=1000000 avg_latency=0.5709 ms avg throuhgput (requests/sec) = 974.8844 res=false
*==== INFO ====*  stream_id=453996 latency=0.470791 ms (tx_ts=84863623586845, rx_ts=84863624057636) request_id=1168265 zil_blk_id=453996 ccf_commit_seqno=1168265 nstreams_done_=113500 config.nstreams=1000000 avg_latency=0.5709 ms avg throuhgput (requests/sec) = 974.8441 res=false
*==== INFO ====*  stream_id=455996 latency=0.789707 ms (tx_ts=84864141450406, rx_ts=84864142240113) request_id=1173642 zil_blk_id=455996 ccf_commit_seqno=1173643 nstreams_done_=114000 config.nstreams=1000000 avg_latency=0.5709 ms avg throuhgput (requests/sec) = 974.8001 res=false
*==== INFO ====*  stream_id=457996 latency=0.513380 ms (tx_ts=84864644368269, rx_ts=84864644881649) request_id=1178830 zil_blk_id=457996 ccf_commit_seqno=1178830 nstreams_done_=114500 config.nstreams=1000000 avg_latency=0.5708 ms avg throuhgput (requests/sec) = 974.8855 res=false
*==== INFO ====*  stream_id=459996 latency=0.528880 ms (tx_ts=84865140302240, rx_ts=84865140831120) request_id=1184109 zil_blk_id=459996 ccf_commit_seqno=1184109 nstreams_done_=115000 config.nstreams=1000000 avg_latency=0.5706 ms avg throuhgput (requests/sec) = 975.0254 res=false
*==== INFO ====*  stream_id=461996 latency=0.533307 ms (tx_ts=84865646359936, rx_ts=84865646893243) request_id=1189105 zil_blk_id=461996 ccf_commit_seqno=1189105 nstreams_done_=115500 config.nstreams=1000000 avg_latency=0.5707 ms avg throuhgput (requests/sec) = 975.0809 res=false
*==== INFO ====*  stream_id=463996 latency=0.467184 ms (tx_ts=84866143897491, rx_ts=84866144364675) request_id=1194231 zil_blk_id=463996 ccf_commit_seqno=1194231 nstreams_done_=116000 config.nstreams=1000000 avg_latency=0.5706 ms avg throuhgput (requests/sec) = 975.2064 res=false
*==== INFO ====*  stream_id=465996 latency=0.596727 ms (tx_ts=84866667325728, rx_ts=84866667922455) request_id=1199549 zil_blk_id=465996 ccf_commit_seqno=1199549 nstreams_done_=116500 config.nstreams=1000000 avg_latency=0.5705 ms avg throuhgput (requests/sec) = 975.1179 res=false
*==== INFO ====*  stream_id=467996 latency=0.512709 ms (tx_ts=84867240783923, rx_ts=84867241296632) request_id=1204677 zil_blk_id=467996 ccf_commit_seqno=1204678 nstreams_done_=117000 config.nstreams=1000000 avg_latency=0.5710 ms avg throuhgput (requests/sec) = 974.6255 res=false
*==== INFO ====*  stream_id=469996 latency=0.523539 ms (tx_ts=84867765386950, rx_ts=84867765910489) request_id=1209976 zil_blk_id=469996 ccf_commit_seqno=1209976 nstreams_done_=117500 config.nstreams=1000000 avg_latency=0.5711 ms avg throuhgput (requests/sec) = 974.5318 res=false
*==== INFO ====*  stream_id=471996 latency=0.511077 ms (tx_ts=84868260911903, rx_ts=84868261422980) request_id=1215096 zil_blk_id=471996 ccf_commit_seqno=1215096 nstreams_done_=118000 config.nstreams=1000000 avg_latency=0.5710 ms avg throuhgput (requests/sec) = 974.6731 res=false
*==== INFO ====*  stream_id=473996 latency=0.590081 ms (tx_ts=84868759202777, rx_ts=84868759792858) request_id=1220306 zil_blk_id=473996 ccf_commit_seqno=1220306 nstreams_done_=118500 config.nstreams=1000000 avg_latency=0.5710 ms avg throuhgput (requests/sec) = 974.7903 res=false
*==== INFO ====*  stream_id=475996 latency=0.560306 ms (tx_ts=84869257410781, rx_ts=84869257971087) request_id=1225429 zil_blk_id=475996 ccf_commit_seqno=1225429 nstreams_done_=119000 config.nstreams=1000000 avg_latency=0.5709 ms avg throuhgput (requests/sec) = 974.9081 res=false
*==== INFO ====*  stream_id=477996 latency=0.570176 ms (tx_ts=84869759403123, rx_ts=84869759973299) request_id=1230471 zil_blk_id=477996 ccf_commit_seqno=1230471 nstreams_done_=119500 config.nstreams=1000000 avg_latency=0.5709 ms avg throuhgput (requests/sec) = 974.9946 res=false
*==== INFO ====*  stream_id=479996 latency=0.533939 ms (tx_ts=84870268281739, rx_ts=84870268815678) request_id=1235675 zil_blk_id=479996 ccf_commit_seqno=1235675 nstreams_done_=120000 config.nstreams=1000000 avg_latency=0.5708 ms avg throuhgput (requests/sec) = 975.0261 res=false
*==== INFO ====*  stream_id=481996 latency=0.470310 ms (tx_ts=84870750122271, rx_ts=84870750592581) request_id=1240788 zil_blk_id=481996 ccf_commit_seqno=1240788 nstreams_done_=120500 config.nstreams=1000000 avg_latency=0.5708 ms avg throuhgput (requests/sec) = 975.2710 res=false
*==== INFO ====*  stream_id=483996 latency=0.460011 ms (tx_ts=84871219188225, rx_ts=84871219648236) request_id=1245604 zil_blk_id=483996 ccf_commit_seqno=1245604 nstreams_done_=121000 config.nstreams=1000000 avg_latency=0.5707 ms avg throuhgput (requests/sec) = 975.6140 res=false
*==== INFO ====*  stream_id=485996 latency=0.504443 ms (tx_ts=84871704538956, rx_ts=84871705043399) request_id=1250739 zil_blk_id=485996 ccf_commit_seqno=1250739 nstreams_done_=121500 config.nstreams=1000000 avg_latency=0.5707 ms avg throuhgput (requests/sec) = 975.8264 res=false
*==== INFO ====*  stream_id=487996 latency=0.494435 ms (tx_ts=84872198237962, rx_ts=84872198732397) request_id=1255802 zil_blk_id=487996 ccf_commit_seqno=1255802 nstreams_done_=122000 config.nstreams=1000000 avg_latency=0.5705 ms avg throuhgput (requests/sec) = 975.9723 res=false
*==== INFO ====*  stream_id=489996 latency=0.489426 ms (tx_ts=84872710651728, rx_ts=84872711141154) request_id=1260981 zil_blk_id=489996 ccf_commit_seqno=1260981 nstreams_done_=122500 config.nstreams=1000000 avg_latency=0.5705 ms avg throuhgput (requests/sec) = 975.9716 res=false
*==== INFO ====*  stream_id=491996 latency=0.563614 ms (tx_ts=84873224081505, rx_ts=84873224645119) request_id=1266168 zil_blk_id=491996 ccf_commit_seqno=1266168 nstreams_done_=123000 config.nstreams=1000000 avg_latency=0.5705 ms avg throuhgput (requests/sec) = 975.9623 res=false
*==== INFO ====*  stream_id=493996 latency=0.545671 ms (tx_ts=84873722256224, rx_ts=84873722801895) request_id=1271253 zil_blk_id=493996 ccf_commit_seqno=1271253 nstreams_done_=123500 config.nstreams=1000000 avg_latency=0.5704 ms avg throuhgput (requests/sec) = 976.0715 res=false
*==== INFO ====*  stream_id=495996 latency=0.590625 ms (tx_ts=84874182306606, rx_ts=84874182897231) request_id=1276116 zil_blk_id=495996 ccf_commit_seqno=1276116 nstreams_done_=124000 config.nstreams=1000000 avg_latency=0.5704 ms avg throuhgput (requests/sec) = 976.4725 res=false
*==== INFO ====*  stream_id=497996 latency=0.529661 ms (tx_ts=84874671267525, rx_ts=84874671797186) request_id=1281332 zil_blk_id=497996 ccf_commit_seqno=1281332 nstreams_done_=124500 config.nstreams=1000000 avg_latency=0.5704 ms avg throuhgput (requests/sec) = 976.6498 res=false
*==== INFO ====*  stream_id=499996 latency=0.577460 ms (tx_ts=84875139180146, rx_ts=84875139757606) request_id=1286263 zil_blk_id=499996 ccf_commit_seqno=1286264 nstreams_done_=125000 config.nstreams=1000000 avg_latency=0.5703 ms avg throuhgput (requests/sec) = 976.9856 res=false
*==== INFO ====*  stream_id=501996 latency=0.576759 ms (tx_ts=84875625100276, rx_ts=84875625677035) request_id=1291279 zil_blk_id=501996 ccf_commit_seqno=1291279 nstreams_done_=125500 config.nstreams=1000000 avg_latency=0.5703 ms avg throuhgput (requests/sec) = 977.1823 res=false
*==== INFO ====*  stream_id=503996 latency=0.689600 ms (tx_ts=84876121410206, rx_ts=84876122099806) request_id=1296466 zil_blk_id=503996 ccf_commit_seqno=1296469 nstreams_done_=126000 config.nstreams=1000000 avg_latency=0.5703 ms avg throuhgput (requests/sec) = 977.2979 res=false
*==== INFO ====*  stream_id=505996 latency=0.648764 ms (tx_ts=84876675304425, rx_ts=84876675953189) request_id=1301843 zil_blk_id=505996 ccf_commit_seqno=1301843 nstreams_done_=126500 config.nstreams=1000000 avg_latency=0.5703 ms avg throuhgput (requests/sec) = 976.9791 res=false
*==== INFO ====*  stream_id=507996 latency=0.616663 ms (tx_ts=84877232495942, rx_ts=84877233112605) request_id=1307312 zil_blk_id=507996 ccf_commit_seqno=1307312 nstreams_done_=127000 config.nstreams=1000000 avg_latency=0.5703 ms avg throuhgput (requests/sec) = 976.6382 res=false
*==== INFO ====*  stream_id=509996 latency=0.528658 ms (tx_ts=84877795038964, rx_ts=84877795567622) request_id=1312750 zil_blk_id=509996 ccf_commit_seqno=1312750 nstreams_done_=127500 config.nstreams=1000000 avg_latency=0.5703 ms avg throuhgput (requests/sec) = 976.2606 res=false
*==== INFO ====*  stream_id=511996 latency=0.608439 ms (tx_ts=84878305177879, rx_ts=84878305786318) request_id=1317720 zil_blk_id=511996 ccf_commit_seqno=1317720 nstreams_done_=128000 config.nstreams=1000000 avg_latency=0.5704 ms avg throuhgput (requests/sec) = 976.2750 res=false
*==== INFO ====*  stream_id=513996 latency=0.554918 ms (tx_ts=84878787484534, rx_ts=84878788039452) request_id=1322423 zil_blk_id=513996 ccf_commit_seqno=1322423 nstreams_done_=128500 config.nstreams=1000000 avg_latency=0.5704 ms avg throuhgput (requests/sec) = 976.4968 res=false
*==== INFO ====*  stream_id=515996 latency=0.687891 ms (tx_ts=84879271064567, rx_ts=84879271752458) request_id=1327341 zil_blk_id=515996 ccf_commit_seqno=1327343 nstreams_done_=129000 config.nstreams=1000000 avg_latency=0.5704 ms avg throuhgput (requests/sec) = 976.7062 res=false
*==== INFO ====*  stream_id=517996 latency=0.620260 ms (tx_ts=84879756280785, rx_ts=84879756901045) request_id=1332134 zil_blk_id=517996 ccf_commit_seqno=1332134 nstreams_done_=129500 config.nstreams=1000000 avg_latency=0.5706 ms avg throuhgput (requests/sec) = 976.9035 res=false
*==== INFO ====*  stream_id=519996 latency=0.565028 ms (tx_ts=84880239277003, rx_ts=84880239842031) request_id=1337018 zil_blk_id=519996 ccf_commit_seqno=1337019 nstreams_done_=130000 config.nstreams=1000000 avg_latency=0.5706 ms avg throuhgput (requests/sec) = 977.1156 res=false
*==== INFO ====*  stream_id=521996 latency=0.484726 ms (tx_ts=84880706028757, rx_ts=84880706513483) request_id=1341828 zil_blk_id=521996 ccf_commit_seqno=1341828 nstreams_done_=130500 config.nstreams=1000000 avg_latency=0.5705 ms avg throuhgput (requests/sec) = 977.4452 res=false
*==== INFO ====*  stream_id=523996 latency=0.607567 ms (tx_ts=84881213914617, rx_ts=84881214522184) request_id=1347079 zil_blk_id=523996 ccf_commit_seqno=1347079 nstreams_done_=131000 config.nstreams=1000000 avg_latency=0.5704 ms avg throuhgput (requests/sec) = 977.4709 res=false
*==== INFO ====*  stream_id=525996 latency=0.556090 ms (tx_ts=84881732774639, rx_ts=84881733330729) request_id=1352350 zil_blk_id=525996 ccf_commit_seqno=1352350 nstreams_done_=131500 config.nstreams=1000000 avg_latency=0.5704 ms avg throuhgput (requests/sec) = 977.4180 res=false
*==== INFO ====*  stream_id=527996 latency=0.526655 ms (tx_ts=84882233587741, rx_ts=84882234114396) request_id=1357378 zil_blk_id=527996 ccf_commit_seqno=1357379 nstreams_done_=132000 config.nstreams=1000000 avg_latency=0.5704 ms avg throuhgput (requests/sec) = 977.4959 res=false
*==== INFO ====*  stream_id=529996 latency=0.548797 ms (tx_ts=84882750968285, rx_ts=84882751517082) request_id=1362519 zil_blk_id=529996 ccf_commit_seqno=1362521 nstreams_done_=132500 config.nstreams=1000000 avg_latency=0.5704 ms avg throuhgput (requests/sec) = 977.4534 res=false
*==== INFO ====*  stream_id=531996 latency=0.542615 ms (tx_ts=84883237938905, rx_ts=84883238481520) request_id=1367496 zil_blk_id=531996 ccf_commit_seqno=1367497 nstreams_done_=133000 config.nstreams=1000000 avg_latency=0.5704 ms avg throuhgput (requests/sec) = 977.6300 res=false
*==== INFO ====*  stream_id=533996 latency=0.464629 ms (tx_ts=84883742886975, rx_ts=84883743351604) request_id=1372591 zil_blk_id=533996 ccf_commit_seqno=1372591 nstreams_done_=133500 config.nstreams=1000000 avg_latency=0.5703 ms avg throuhgput (requests/sec) = 977.6770 res=false
*==== INFO ====*  stream_id=535996 latency=0.491640 ms (tx_ts=84884226025711, rx_ts=84884226517351) request_id=1377729 zil_blk_id=535996 ccf_commit_seqno=1377729 nstreams_done_=134000 config.nstreams=1000000 avg_latency=0.5702 ms avg throuhgput (requests/sec) = 977.8786 res=false
*==== INFO ====*  stream_id=537996 latency=0.557162 ms (tx_ts=84884719904582, rx_ts=84884720461744) request_id=1383014 zil_blk_id=537996 ccf_commit_seqno=1383014 nstreams_done_=134500 config.nstreams=1000000 avg_latency=0.5702 ms avg throuhgput (requests/sec) = 978.0021 res=false
*==== INFO ====*  stream_id=539996 latency=0.481260 ms (tx_ts=84885209647058, rx_ts=84885210128318) request_id=1388165 zil_blk_id=539996 ccf_commit_seqno=1388166 nstreams_done_=135000 config.nstreams=1000000 avg_latency=0.5701 ms avg throuhgput (requests/sec) = 978.1550 res=false
*==== INFO ====*  stream_id=541996 latency=0.557703 ms (tx_ts=84885716573517, rx_ts=84885717131220) request_id=1393312 zil_blk_id=541996 ccf_commit_seqno=1393312 nstreams_done_=135500 config.nstreams=1000000 avg_latency=0.5701 ms avg throuhgput (requests/sec) = 978.1844 res=false
*==== INFO ====*  stream_id=543996 latency=0.648674 ms (tx_ts=84886217280651, rx_ts=84886217929325) request_id=1398473 zil_blk_id=543996 ccf_commit_seqno=1398473 nstreams_done_=136000 config.nstreams=1000000 avg_latency=0.5701 ms avg throuhgput (requests/sec) = 978.2572 res=false
*==== INFO ====*  stream_id=545996 latency=0.539599 ms (tx_ts=84886722773326, rx_ts=84886723312925) request_id=1403532 zil_blk_id=545996 ccf_commit_seqno=1403532 nstreams_done_=136500 config.nstreams=1000000 avg_latency=0.5702 ms avg throuhgput (requests/sec) = 978.2974 res=false
*==== INFO ====*  stream_id=547996 latency=0.561150 ms (tx_ts=84887212989818, rx_ts=84887213550968) request_id=1408541 zil_blk_id=547996 ccf_commit_seqno=1408541 nstreams_done_=137000 config.nstreams=1000000 avg_latency=0.5701 ms avg throuhgput (requests/sec) = 978.4431 res=false
*==== INFO ====*  stream_id=549996 latency=0.507229 ms (tx_ts=84887722874498, rx_ts=84887723381727) request_id=1413692 zil_blk_id=549996 ccf_commit_seqno=1413692 nstreams_done_=137500 config.nstreams=1000000 avg_latency=0.5702 ms avg throuhgput (requests/sec) = 978.4513 res=false
*==== INFO ====*  stream_id=551996 latency=0.603769 ms (tx_ts=84888218070424, rx_ts=84888218674193) request_id=1418911 zil_blk_id=551996 ccf_commit_seqno=1418911 nstreams_done_=138000 config.nstreams=1000000 avg_latency=0.5701 ms avg throuhgput (requests/sec) = 978.5604 res=false
*==== INFO ====*  stream_id=553996 latency=0.535793 ms (tx_ts=84888707851735, rx_ts=84888708387528) request_id=1423870 zil_blk_id=553996 ccf_commit_seqno=1423870 nstreams_done_=138500 config.nstreams=1000000 avg_latency=0.5701 ms avg throuhgput (requests/sec) = 978.7073 res=false
*==== INFO ====*  stream_id=555996 latency=0.497921 ms (tx_ts=84889174718305, rx_ts=84889175216226) request_id=1428888 zil_blk_id=555996 ccf_commit_seqno=1428888 nstreams_done_=139000 config.nstreams=1000000 avg_latency=0.5701 ms avg throuhgput (requests/sec) = 979.0109 res=false
*==== INFO ====*  stream_id=557996 latency=0.571980 ms (tx_ts=84889653677071, rx_ts=84889654249051) request_id=1433903 zil_blk_id=557996 ccf_commit_seqno=1433903 nstreams_done_=139500 config.nstreams=1000000 avg_latency=0.5701 ms avg throuhgput (requests/sec) = 979.2287 res=false
*==== INFO ====*  stream_id=559996 latency=0.496639 ms (tx_ts=84890149735183, rx_ts=84890150231822) request_id=1439007 zil_blk_id=559996 ccf_commit_seqno=1439007 nstreams_done_=140000 config.nstreams=1000000 avg_latency=0.5701 ms avg throuhgput (requests/sec) = 979.3289 res=false
*==== INFO ====*  stream_id=561996 latency=0.618396 ms (tx_ts=84890652152466, rx_ts=84890652770862) request_id=1444143 zil_blk_id=561996 ccf_commit_seqno=1444144 nstreams_done_=140500 config.nstreams=1000000 avg_latency=0.5702 ms avg throuhgput (requests/sec) = 979.3836 res=false
*==== INFO ====*  stream_id=563996 latency=0.499334 ms (tx_ts=84891160881313, rx_ts=84891161380647) request_id=1449392 zil_blk_id=563996 ccf_commit_seqno=1449392 nstreams_done_=141000 config.nstreams=1000000 avg_latency=0.5702 ms avg throuhgput (requests/sec) = 979.3966 res=false
*==== INFO ====*  stream_id=565996 latency=0.492601 ms (tx_ts=84891664073746, rx_ts=84891664566347) request_id=1454487 zil_blk_id=565996 ccf_commit_seqno=1454487 nstreams_done_=141500 config.nstreams=1000000 avg_latency=0.5701 ms avg throuhgput (requests/sec) = 979.4463 res=false
*==== INFO ====*  stream_id=567996 latency=0.498112 ms (tx_ts=84892169146114, rx_ts=84892169644226) request_id=1459652 zil_blk_id=567996 ccf_commit_seqno=1459652 nstreams_done_=142000 config.nstreams=1000000 avg_latency=0.5701 ms avg throuhgput (requests/sec) = 979.4829 res=false
*==== INFO ====*  stream_id=569996 latency=0.533308 ms (tx_ts=84892664487461, rx_ts=84892665020769) request_id=1464812 zil_blk_id=569996 ccf_commit_seqno=1464812 nstreams_done_=142500 config.nstreams=1000000 avg_latency=0.5700 ms avg throuhgput (requests/sec) = 979.5846 res=false
*==== INFO ====*  stream_id=571996 latency=1.131326 ms (tx_ts=84893146897345, rx_ts=84893148028671) request_id=1469767 zil_blk_id=571996 ccf_commit_seqno=1469767 nstreams_done_=143000 config.nstreams=1000000 avg_latency=0.5701 ms avg throuhgput (requests/sec) = 979.7685 res=false
*==== INFO ====*  stream_id=573996 latency=0.613848 ms (tx_ts=84893626725510, rx_ts=84893627339358) request_id=1474780 zil_blk_id=573996 ccf_commit_seqno=1474781 nstreams_done_=143500 config.nstreams=1000000 avg_latency=0.5701 ms avg throuhgput (requests/sec) = 979.9760 res=false
*==== INFO ====*  stream_id=575996 latency=0.528980 ms (tx_ts=84894092204574, rx_ts=84894092733554) request_id=1479681 zil_blk_id=575996 ccf_commit_seqno=1479681 nstreams_done_=144000 config.nstreams=1000000 avg_latency=0.5701 ms avg throuhgput (requests/sec) = 980.2751 res=false
*==== INFO ====*  stream_id=577996 latency=0.561490 ms (tx_ts=84894564837925, rx_ts=84894565399415) request_id=1484621 zil_blk_id=577996 ccf_commit_seqno=1484621 nstreams_done_=144500 config.nstreams=1000000 avg_latency=0.5701 ms avg throuhgput (requests/sec) = 980.5238 res=false
*==== INFO ====*  stream_id=579996 latency=0.516806 ms (tx_ts=84895048862724, rx_ts=84895049379530) request_id=1489673 zil_blk_id=579996 ccf_commit_seqno=1489673 nstreams_done_=145000 config.nstreams=1000000 avg_latency=0.5702 ms avg throuhgput (requests/sec) = 980.6959 res=false
*==== INFO ====*  stream_id=581996 latency=0.476982 ms (tx_ts=84895568404112, rx_ts=84895568881094) request_id=1494968 zil_blk_id=581996 ccf_commit_seqno=1494968 nstreams_done_=145500 config.nstreams=1000000 avg_latency=0.5701 ms avg throuhgput (requests/sec) = 980.6321 res=false
*==== INFO ====*  stream_id=583996 latency=0.854147 ms (tx_ts=84896089352952, rx_ts=84896090207099) request_id=1500319 zil_blk_id=583996 ccf_commit_seqno=1500321 nstreams_done_=146000 config.nstreams=1000000 avg_latency=0.5701 ms avg throuhgput (requests/sec) = 980.5566 res=false
*==== INFO ====*  stream_id=585996 latency=0.636129 ms (tx_ts=84896607178609, rx_ts=84896607814738) request_id=1505561 zil_blk_id=585996 ccf_commit_seqno=1505562 nstreams_done_=146500 config.nstreams=1000000 avg_latency=0.5702 ms avg throuhgput (requests/sec) = 980.5062 res=false
*==== INFO ====*  stream_id=587996 latency=0.555559 ms (tx_ts=84897120120105, rx_ts=84897120675664) request_id=1510716 zil_blk_id=587996 ccf_commit_seqno=1510716 nstreams_done_=147000 config.nstreams=1000000 avg_latency=0.5702 ms avg throuhgput (requests/sec) = 980.4871 res=false
*==== INFO ====*  stream_id=589996 latency=0.565888 ms (tx_ts=84897625912499, rx_ts=84897626478387) request_id=1515692 zil_blk_id=589996 ccf_commit_seqno=1515693 nstreams_done_=147500 config.nstreams=1000000 avg_latency=0.5702 ms avg throuhgput (requests/sec) = 980.5141 res=false
*==== INFO ====*  stream_id=591996 latency=0.488714 ms (tx_ts=84898123837201, rx_ts=84898124325915) request_id=1520717 zil_blk_id=591996 ccf_commit_seqno=1520717 nstreams_done_=148000 config.nstreams=1000000 avg_latency=0.5701 ms avg throuhgput (requests/sec) = 980.5926 res=false
*==== INFO ====*  stream_id=593996 latency=0.555008 ms (tx_ts=84898600854506, rx_ts=84898601409514) request_id=1525837 zil_blk_id=593996 ccf_commit_seqno=1525837 nstreams_done_=148500 config.nstreams=1000000 avg_latency=0.5700 ms avg throuhgput (requests/sec) = 980.8051 res=false
*==== INFO ====*  stream_id=595996 latency=0.539539 ms (tx_ts=84899083227640, rx_ts=84899083767179) request_id=1530713 zil_blk_id=595996 ccf_commit_seqno=1530713 nstreams_done_=149000 config.nstreams=1000000 avg_latency=0.5700 ms avg throuhgput (requests/sec) = 980.9823 res=false
*==== INFO ====*  stream_id=597996 latency=0.456124 ms (tx_ts=84899568047621, rx_ts=84899568503745) request_id=1535625 zil_blk_id=597996 ccf_commit_seqno=1535625 nstreams_done_=149500 config.nstreams=1000000 avg_latency=0.5698 ms avg throuhgput (requests/sec) = 981.1429 res=false
*==== INFO ====*  stream_id=599996 latency=0.597237 ms (tx_ts=84900069797727, rx_ts=84900070394964) request_id=1540895 zil_blk_id=599996 ccf_commit_seqno=1540895 nstreams_done_=150000 config.nstreams=1000000 avg_latency=0.5698 ms avg throuhgput (requests/sec) = 981.1925 res=false
*==== INFO ====*  stream_id=601996 latency=0.720437 ms (tx_ts=84900561746171, rx_ts=84900562466608) request_id=1545903 zil_blk_id=601996 ccf_commit_seqno=1545906 nstreams_done_=150500 config.nstreams=1000000 avg_latency=0.5699 ms avg throuhgput (requests/sec) = 981.3045 res=false
*==== INFO ====*  stream_id=603996 latency=0.543225 ms (tx_ts=84901069938551, rx_ts=84901070481776) request_id=1551000 zil_blk_id=603996 ccf_commit_seqno=1551000 nstreams_done_=151000 config.nstreams=1000000 avg_latency=0.5699 ms avg throuhgput (requests/sec) = 981.3141 res=false
*==== INFO ====*  stream_id=605996 latency=0.548727 ms (tx_ts=84901595292586, rx_ts=84901595841313) request_id=1556420 zil_blk_id=605996 ccf_commit_seqno=1556420 nstreams_done_=151500 config.nstreams=1000000 avg_latency=0.5698 ms avg throuhgput (requests/sec) = 981.2135 res=false
*==== INFO ====*  stream_id=607996 latency=0.471321 ms (tx_ts=84902104027942, rx_ts=84902104499263) request_id=1561592 zil_blk_id=607996 ccf_commit_seqno=1561592 nstreams_done_=152000 config.nstreams=1000000 avg_latency=0.5698 ms avg throuhgput (requests/sec) = 981.2193 res=false
*==== INFO ====*  stream_id=609996 latency=0.555168 ms (tx_ts=84902617087414, rx_ts=84902617642582) request_id=1567008 zil_blk_id=609996 ccf_commit_seqno=1567008 nstreams_done_=152500 config.nstreams=1000000 avg_latency=0.5697 ms avg throuhgput (requests/sec) = 981.1967 res=false
*==== INFO ====*  stream_id=611996 latency=0.505876 ms (tx_ts=84903094767940, rx_ts=84903095273816) request_id=1571854 zil_blk_id=611996 ccf_commit_seqno=1571854 nstreams_done_=153000 config.nstreams=1000000 avg_latency=0.5697 ms avg throuhgput (requests/sec) = 981.3978 res=false
*==== INFO ====*  stream_id=613996 latency=0.474968 ms (tx_ts=84903564204017, rx_ts=84903564678985) request_id=1576712 zil_blk_id=613996 ccf_commit_seqno=1576712 nstreams_done_=153500 config.nstreams=1000000 avg_latency=0.5697 ms avg throuhgput (requests/sec) = 981.6493 res=false
*==== INFO ====*  stream_id=615996 latency=0.588711 ms (tx_ts=84904050263273, rx_ts=84904050851984) request_id=1581779 zil_blk_id=615996 ccf_commit_seqno=1581779 nstreams_done_=154000 config.nstreams=1000000 avg_latency=0.5697 ms avg throuhgput (requests/sec) = 981.7943 res=false
*==== INFO ====*  stream_id=617996 latency=0.493303 ms (tx_ts=84904523870130, rx_ts=84904524363433) request_id=1586813 zil_blk_id=617996 ccf_commit_seqno=1586813 nstreams_done_=154500 config.nstreams=1000000 avg_latency=0.5697 ms avg throuhgput (requests/sec) = 982.0175 res=false
*==== INFO ====*  stream_id=619996 latency=0.532105 ms (tx_ts=84904990885440, rx_ts=84904991417545) request_id=1591665 zil_blk_id=619996 ccf_commit_seqno=1591665 nstreams_done_=155000 config.nstreams=1000000 avg_latency=0.5696 ms avg throuhgput (requests/sec) = 982.2795 res=false
*==== INFO ====*  stream_id=621996 latency=0.538447 ms (tx_ts=84905467806175, rx_ts=84905468344622) request_id=1596517 zil_blk_id=621996 ccf_commit_seqno=1596517 nstreams_done_=155500 config.nstreams=1000000 avg_latency=0.5696 ms avg throuhgput (requests/sec) = 982.4787 res=false
*==== INFO ====*  stream_id=623996 latency=0.513500 ms (tx_ts=84905953942966, rx_ts=84905954456466) request_id=1601343 zil_blk_id=623996 ccf_commit_seqno=1601343 nstreams_done_=156000 config.nstreams=1000000 avg_latency=0.5696 ms avg throuhgput (requests/sec) = 982.6198 res=false
*==== INFO ====*  stream_id=625996 latency=0.572020 ms (tx_ts=84906436771219, rx_ts=84906437343239) request_id=1606462 zil_blk_id=625996 ccf_commit_seqno=1606464 nstreams_done_=156500 config.nstreams=1000000 avg_latency=0.5697 ms avg throuhgput (requests/sec) = 982.7800 res=false
*==== INFO ====*  stream_id=627996 latency=0.592878 ms (tx_ts=84906923277271, rx_ts=84906923870149) request_id=1611609 zil_blk_id=627996 ccf_commit_seqno=1611610 nstreams_done_=157000 config.nstreams=1000000 avg_latency=0.5697 ms avg throuhgput (requests/sec) = 982.9168 res=false
*==== INFO ====*  stream_id=629996 latency=0.530713 ms (tx_ts=84907404936828, rx_ts=84907405467541) request_id=1616843 zil_blk_id=629996 ccf_commit_seqno=1616844 nstreams_done_=157500 config.nstreams=1000000 avg_latency=0.5696 ms avg throuhgput (requests/sec) = 983.0830 res=false
*==== INFO ====*  stream_id=631996 latency=0.490217 ms (tx_ts=84907921112488, rx_ts=84907921602705) request_id=1622207 zil_blk_id=631996 ccf_commit_seqno=1622207 nstreams_done_=158000 config.nstreams=1000000 avg_latency=0.5696 ms avg throuhgput (requests/sec) = 983.0369 res=false
*==== INFO ====*  stream_id=633996 latency=0.529510 ms (tx_ts=84908410454073, rx_ts=84908410983583) request_id=1627123 zil_blk_id=633996 ccf_commit_seqno=1627123 nstreams_done_=158500 config.nstreams=1000000 avg_latency=0.5696 ms avg throuhgput (requests/sec) = 983.1543 res=false
*==== INFO ====*  stream_id=635996 latency=0.480435 ms (tx_ts=84908881624868, rx_ts=84908882105303) request_id=1631960 zil_blk_id=635996 ccf_commit_seqno=1631960 nstreams_done_=159000 config.nstreams=1000000 avg_latency=0.5696 ms avg throuhgput (requests/sec) = 983.3820 res=false
*==== INFO ====*  stream_id=637996 latency=0.603505 ms (tx_ts=84909356705088, rx_ts=84909357308593) request_id=1636958 zil_blk_id=637996 ccf_commit_seqno=1636960 nstreams_done_=159500 config.nstreams=1000000 avg_latency=0.5696 ms avg throuhgput (requests/sec) = 983.5836 res=false
*==== INFO ====*  stream_id=639996 latency=0.525390 ms (tx_ts=84909837891145, rx_ts=84909838416535) request_id=1641999 zil_blk_id=639996 ccf_commit_seqno=1641999 nstreams_done_=160000 config.nstreams=1000000 avg_latency=0.5696 ms avg throuhgput (requests/sec) = 983.7483 res=false
*==== INFO ====*  stream_id=641996 latency=0.507896 ms (tx_ts=84910327741197, rx_ts=84910328249093) request_id=1647145 zil_blk_id=641996 ccf_commit_seqno=1647145 nstreams_done_=160500 config.nstreams=1000000 avg_latency=0.5697 ms avg throuhgput (requests/sec) = 983.8594 res=false
*==== INFO ====*  stream_id=643996 latency=0.541158 ms (tx_ts=84910822048162, rx_ts=84910822589320) request_id=1652326 zil_blk_id=643996 ccf_commit_seqno=1652326 nstreams_done_=161000 config.nstreams=1000000 avg_latency=0.5698 ms avg throuhgput (requests/sec) = 983.9428 res=false
*==== INFO ====*  stream_id=645996 latency=0.476111 ms (tx_ts=84911310744946, rx_ts=84911311221057) request_id=1657380 zil_blk_id=645996 ccf_commit_seqno=1657380 nstreams_done_=161500 config.nstreams=1000000 avg_latency=0.5698 ms avg throuhgput (requests/sec) = 984.0599 res=false
*==== INFO ====*  stream_id=647996 latency=0.500787 ms (tx_ts=84911791801441, rx_ts=84911792302228) request_id=1662560 zil_blk_id=647996 ccf_commit_seqno=1662560 nstreams_done_=162000 config.nstreams=1000000 avg_latency=0.5698 ms avg throuhgput (requests/sec) = 984.2214 res=false
*==== INFO ====*  stream_id=649996 latency=0.547924 ms (tx_ts=84912257678948, rx_ts=84912258226872) request_id=1667519 zil_blk_id=649996 ccf_commit_seqno=1667519 nstreams_done_=162500 config.nstreams=1000000 avg_latency=0.5698 ms avg throuhgput (requests/sec) = 984.4724 res=false
*==== INFO ====*  stream_id=651996 latency=0.585235 ms (tx_ts=84912723999803, rx_ts=84912724585038) request_id=1672378 zil_blk_id=651996 ccf_commit_seqno=1672379 nstreams_done_=163000 config.nstreams=1000000 avg_latency=0.5698 ms avg throuhgput (requests/sec) = 984.7194 res=false
*==== INFO ====*  stream_id=653996 latency=0.523149 ms (tx_ts=84913252183706, rx_ts=84913252706855) request_id=1677618 zil_blk_id=653996 ccf_commit_seqno=1677618 nstreams_done_=163500 config.nstreams=1000000 avg_latency=0.5698 ms avg throuhgput (requests/sec) = 984.5986 res=false
*==== INFO ====*  stream_id=655996 latency=0.567722 ms (tx_ts=84913773581034, rx_ts=84913774148756) request_id=1682893 zil_blk_id=655996 ccf_commit_seqno=1682894 nstreams_done_=164000 config.nstreams=1000000 avg_latency=0.5698 ms avg throuhgput (requests/sec) = 984.5181 res=false
*==== INFO ====*  stream_id=657996 latency=0.482362 ms (tx_ts=84914282938664, rx_ts=84914283421026) request_id=1688185 zil_blk_id=657996 ccf_commit_seqno=1688185 nstreams_done_=164500 config.nstreams=1000000 avg_latency=0.5698 ms avg throuhgput (requests/sec) = 984.5098 res=false
*==== INFO ====*  stream_id=659996 latency=0.563303 ms (tx_ts=84914795695390, rx_ts=84914796258693) request_id=1693310 zil_blk_id=659996 ccf_commit_seqno=1693310 nstreams_done_=165000 config.nstreams=1000000 avg_latency=0.5698 ms avg throuhgput (requests/sec) = 984.4806 res=false
*==== INFO ====*  stream_id=661996 latency=0.490127 ms (tx_ts=84915322985487, rx_ts=84915323475614) request_id=1698563 zil_blk_id=661996 ccf_commit_seqno=1698563 nstreams_done_=165500 config.nstreams=1000000 avg_latency=0.5699 ms avg throuhgput (requests/sec) = 984.3674 res=false
*==== INFO ====*  stream_id=663996 latency=0.618797 ms (tx_ts=84915851415890, rx_ts=84915852034687) request_id=1703866 zil_blk_id=663996 ccf_commit_seqno=1703868 nstreams_done_=166000 config.nstreams=1000000 avg_latency=0.5699 ms avg throuhgput (requests/sec) = 984.2470 res=false
*==== INFO ====*  stream_id=665996 latency=0.511106 ms (tx_ts=84916368895530, rx_ts=84916369406636) request_id=1709220 zil_blk_id=665996 ccf_commit_seqno=1709220 nstreams_done_=166500 config.nstreams=1000000 avg_latency=0.5699 ms avg throuhgput (requests/sec) = 984.1925 res=false
*==== INFO ====*  stream_id=667996 latency=0.520686 ms (tx_ts=84916882506431, rx_ts=84916883027117) request_id=1714526 zil_blk_id=667996 ccf_commit_seqno=1714526 nstreams_done_=167000 config.nstreams=1000000 avg_latency=0.5700 ms avg throuhgput (requests/sec) = 984.1601 res=false
*==== INFO ====*  stream_id=669996 latency=0.537784 ms (tx_ts=84917397761518, rx_ts=84917398299302) request_id=1719711 zil_blk_id=669996 ccf_commit_seqno=1719712 nstreams_done_=167500 config.nstreams=1000000 avg_latency=0.5700 ms avg throuhgput (requests/sec) = 984.1183 res=false
*==== INFO ====*  stream_id=671996 latency=0.495749 ms (tx_ts=84917906384266, rx_ts=84917906880015) request_id=1725032 zil_blk_id=671996 ccf_commit_seqno=1725032 nstreams_done_=168000 config.nstreams=1000000 avg_latency=0.5699 ms avg throuhgput (requests/sec) = 984.1154 res=false
*==== INFO ====*  stream_id=673996 latency=0.533980 ms (tx_ts=84918421148417, rx_ts=84918421682397) request_id=1730215 zil_blk_id=673996 ccf_commit_seqno=1730215 nstreams_done_=168500 config.nstreams=1000000 avg_latency=0.5700 ms avg throuhgput (requests/sec) = 984.0767 res=false
*==== INFO ====*  stream_id=675996 latency=0.489026 ms (tx_ts=84918915542042, rx_ts=84918916031068) request_id=1735188 zil_blk_id=675996 ccf_commit_seqno=1735188 nstreams_done_=169000 config.nstreams=1000000 avg_latency=0.5700 ms avg throuhgput (requests/sec) = 984.1554 res=false
*==== INFO ====*  stream_id=677996 latency=0.526005 ms (tx_ts=84919425533852, rx_ts=84919426059857) request_id=1740336 zil_blk_id=677996 ccf_commit_seqno=1740336 nstreams_done_=169500 config.nstreams=1000000 avg_latency=0.5699 ms avg throuhgput (requests/sec) = 984.1441 res=false
*==== INFO ====*  stream_id=679996 latency=0.541745 ms (tx_ts=84919923094367, rx_ts=84919923636112) request_id=1745501 zil_blk_id=679996 ccf_commit_seqno=1745503 nstreams_done_=170000 config.nstreams=1000000 avg_latency=0.5698 ms avg throuhgput (requests/sec) = 984.2038 res=false
*==== INFO ====*  stream_id=681996 latency=0.490448 ms (tx_ts=84920429978412, rx_ts=84920430468860) request_id=1750726 zil_blk_id=681996 ccf_commit_seqno=1750726 nstreams_done_=170500 config.nstreams=1000000 avg_latency=0.5698 ms avg throuhgput (requests/sec) = 984.2106 res=false
*==== INFO ====*  stream_id=683996 latency=0.666278 ms (tx_ts=84920953069299, rx_ts=84920953735577) request_id=1755939 zil_blk_id=683996 ccf_commit_seqno=1755939 nstreams_done_=171000 config.nstreams=1000000 avg_latency=0.5698 ms avg throuhgput (requests/sec) = 984.1243 res=false
*==== INFO ====*  stream_id=685996 latency=0.517147 ms (tx_ts=84921463877827, rx_ts=84921464394974) request_id=1761127 zil_blk_id=685996 ccf_commit_seqno=1761127 nstreams_done_=171500 config.nstreams=1000000 avg_latency=0.5698 ms avg throuhgput (requests/sec) = 984.1096 res=false
*==== INFO ====*  stream_id=687996 latency=0.590264 ms (tx_ts=84921959137667, rx_ts=84921959727931) request_id=1766256 zil_blk_id=687996 ccf_commit_seqno=1766256 nstreams_done_=172000 config.nstreams=1000000 avg_latency=0.5697 ms avg throuhgput (requests/sec) = 984.1813 res=false
*==== INFO ====*  stream_id=689996 latency=0.538126 ms (tx_ts=84922470332363, rx_ts=84922470870489) request_id=1771444 zil_blk_id=689996 ccf_commit_seqno=1771445 nstreams_done_=172500 config.nstreams=1000000 avg_latency=0.5696 ms avg throuhgput (requests/sec) = 984.1639 res=false
*==== INFO ====*  stream_id=691996 latency=0.509804 ms (tx_ts=84922995632733, rx_ts=84922996142537) request_id=1776773 zil_blk_id=691996 ccf_commit_seqno=1776773 nstreams_done_=173000 config.nstreams=1000000 avg_latency=0.5696 ms avg throuhgput (requests/sec) = 984.0675 res=false
*==== INFO ====*  stream_id=693996 latency=0.588510 ms (tx_ts=84923510500569, rx_ts=84923511089079) request_id=1781910 zil_blk_id=693996 ccf_commit_seqno=1781910 nstreams_done_=173500 config.nstreams=1000000 avg_latency=0.5696 ms avg throuhgput (requests/sec) = 984.0292 res=false
*==== INFO ====*  stream_id=695996 latency=0.505235 ms (tx_ts=84924017889810, rx_ts=84924018395045) request_id=1787190 zil_blk_id=695996 ccf_commit_seqno=1787190 nstreams_done_=174000 config.nstreams=1000000 avg_latency=0.5696 ms avg throuhgput (requests/sec) = 984.0337 res=false
*==== INFO ====*  stream_id=697996 latency=0.486439 ms (tx_ts=84924507719470, rx_ts=84924508205909) request_id=1792333 zil_blk_id=697996 ccf_commit_seqno=1792333 nstreams_done_=174500 config.nstreams=1000000 avg_latency=0.5695 ms avg throuhgput (requests/sec) = 984.1353 res=false
*==== INFO ====*  stream_id=699996 latency=0.510465 ms (tx_ts=84925001069917, rx_ts=84925001580382) request_id=1797431 zil_blk_id=699996 ccf_commit_seqno=1797432 nstreams_done_=175000 config.nstreams=1000000 avg_latency=0.5694 ms avg throuhgput (requests/sec) = 984.2166 res=false
*==== INFO ====*  stream_id=701996 latency=0.522928 ms (tx_ts=84925513125085, rx_ts=84925513648013) request_id=1802507 zil_blk_id=701996 ccf_commit_seqno=1802508 nstreams_done_=175500 config.nstreams=1000000 avg_latency=0.5694 ms avg throuhgput (requests/sec) = 984.1942 res=false
*==== INFO ====*  stream_id=703996 latency=0.530983 ms (tx_ts=84926003461505, rx_ts=84926003992488) request_id=1807653 zil_blk_id=703996 ccf_commit_seqno=1807653 nstreams_done_=176000 config.nstreams=1000000 avg_latency=0.5693 ms avg throuhgput (requests/sec) = 984.2916 res=false
*==== INFO ====*  stream_id=705996 latency=0.548907 ms (tx_ts=84926494785910, rx_ts=84926495334817) request_id=1812932 zil_blk_id=705996 ccf_commit_seqno=1812934 nstreams_done_=176500 config.nstreams=1000000 avg_latency=0.5692 ms avg throuhgput (requests/sec) = 984.3829 res=false
*==== INFO ====*  stream_id=707996 latency=0.525944 ms (tx_ts=84926992111162, rx_ts=84926992637106) request_id=1818230 zil_blk_id=707996 ccf_commit_seqno=1818231 nstreams_done_=177000 config.nstreams=1000000 avg_latency=0.5691 ms avg throuhgput (requests/sec) = 984.4411 res=false
*==== INFO ====*  stream_id=709996 latency=0.509673 ms (tx_ts=84927501714042, rx_ts=84927502223715) request_id=1823459 zil_blk_id=709996 ccf_commit_seqno=1823459 nstreams_done_=177500 config.nstreams=1000000 avg_latency=0.5691 ms avg throuhgput (requests/sec) = 984.4319 res=false
*==== INFO ====*  stream_id=711996 latency=0.543947 ms (tx_ts=84927999987518, rx_ts=84928000531465) request_id=1828555 zil_blk_id=711996 ccf_commit_seqno=1828557 nstreams_done_=178000 config.nstreams=1000000 avg_latency=0.5690 ms avg throuhgput (requests/sec) = 984.4842 res=false
*==== INFO ====*  stream_id=713996 latency=0.509282 ms (tx_ts=84928510292744, rx_ts=84928510802026) request_id=1833672 zil_blk_id=713996 ccf_commit_seqno=1833672 nstreams_done_=178500 config.nstreams=1000000 avg_latency=0.5690 ms avg throuhgput (requests/sec) = 984.4712 res=false
*==== INFO ====*  stream_id=715996 latency=0.593019 ms (tx_ts=84929003636903, rx_ts=84929004229922) request_id=1838769 zil_blk_id=715996 ccf_commit_seqno=1838770 nstreams_done_=179000 config.nstreams=1000000 avg_latency=0.5690 ms avg throuhgput (requests/sec) = 984.5495 res=false
*==== INFO ====*  stream_id=717996 latency=0.534139 ms (tx_ts=84929484259374, rx_ts=84929484793513) request_id=1843631 zil_blk_id=717996 ccf_commit_seqno=1843632 nstreams_done_=179500 config.nstreams=1000000 avg_latency=0.5689 ms avg throuhgput (requests/sec) = 984.6969 res=false
*==== INFO ====*  stream_id=719996 latency=0.741947 ms (tx_ts=84929976300563, rx_ts=84929977042510) request_id=1848631 zil_blk_id=719996 ccf_commit_seqno=1848631 nstreams_done_=180000 config.nstreams=1000000 avg_latency=0.5690 ms avg throuhgput (requests/sec) = 984.7805 res=false
*==== INFO ====*  stream_id=721996 latency=0.577139 ms (tx_ts=84930476594697, rx_ts=84930477171836) request_id=1853691 zil_blk_id=721996 ccf_commit_seqno=1853692 nstreams_done_=180500 config.nstreams=1000000 avg_latency=0.5690 ms avg throuhgput (requests/sec) = 984.8213 res=false
*==== INFO ====*  stream_id=723996 latency=0.498953 ms (tx_ts=84930986346693, rx_ts=84930986845646) request_id=1858832 zil_blk_id=723996 ccf_commit_seqno=1858832 nstreams_done_=181000 config.nstreams=1000000 avg_latency=0.5690 ms avg throuhgput (requests/sec) = 984.8108 res=false
*==== INFO ====*  stream_id=725996 latency=0.605072 ms (tx_ts=84931486979190, rx_ts=84931487584262) request_id=1864072 zil_blk_id=725996 ccf_commit_seqno=1864072 nstreams_done_=181500 config.nstreams=1000000 avg_latency=0.5689 ms avg throuhgput (requests/sec) = 984.8480 res=false
*==== INFO ====*  stream_id=727996 latency=0.508852 ms (tx_ts=84932004060340, rx_ts=84932004569192) request_id=1869346 zil_blk_id=727996 ccf_commit_seqno=1869346 nstreams_done_=182000 config.nstreams=1000000 avg_latency=0.5689 ms avg throuhgput (requests/sec) = 984.7985 res=false
*==== INFO ====*  stream_id=729996 latency=0.531835 ms (tx_ts=84932530375008, rx_ts=84932530906843) request_id=1874826 zil_blk_id=729996 ccf_commit_seqno=1874826 nstreams_done_=182500 config.nstreams=1000000 avg_latency=0.5689 ms avg throuhgput (requests/sec) = 984.6996 res=false
*==== INFO ====*  stream_id=731996 latency=0.452326 ms (tx_ts=84933039476704, rx_ts=84933039929030) request_id=1879832 zil_blk_id=731996 ccf_commit_seqno=1879832 nstreams_done_=183000 config.nstreams=1000000 avg_latency=0.5688 ms avg throuhgput (requests/sec) = 984.6929 res=false
*==== INFO ====*  stream_id=733996 latency=0.489305 ms (tx_ts=84933546777688, rx_ts=84933547266993) request_id=1884781 zil_blk_id=733996 ccf_commit_seqno=1884781 nstreams_done_=183500 config.nstreams=1000000 avg_latency=0.5688 ms avg throuhgput (requests/sec) = 984.6952 res=false
*==== INFO ====*  stream_id=735996 latency=0.537696 ms (tx_ts=84934061596589, rx_ts=84934062134285) request_id=1889762 zil_blk_id=735996 ccf_commit_seqno=1889763 nstreams_done_=184000 config.nstreams=1000000 avg_latency=0.5687 ms avg throuhgput (requests/sec) = 984.6578 res=false
*==== INFO ====*  stream_id=737996 latency=0.471772 ms (tx_ts=84934558139499, rx_ts=84934558611271) request_id=1894833 zil_blk_id=737996 ccf_commit_seqno=1894833 nstreams_done_=184500 config.nstreams=1000000 avg_latency=0.5687 ms avg throuhgput (requests/sec) = 984.7173 res=false
*==== INFO ====*  stream_id=739996 latency=0.546388 ms (tx_ts=84935090700243, rx_ts=84935091246631) request_id=1900235 zil_blk_id=739996 ccf_commit_seqno=1900236 nstreams_done_=185000 config.nstreams=1000000 avg_latency=0.5687 ms avg throuhgput (requests/sec) = 984.5869 res=false
*==== INFO ====*  stream_id=741996 latency=1.557033 ms (tx_ts=84935602838994, rx_ts=84935604396027) request_id=1905487 zil_blk_id=741996 ccf_commit_seqno=1905487 nstreams_done_=185500 config.nstreams=1000000 avg_latency=0.5687 ms avg throuhgput (requests/sec) = 984.5591 res=false
*==== INFO ====*  stream_id=743996 latency=0.499665 ms (tx_ts=84936108585891, rx_ts=84936109085556) request_id=1910637 zil_blk_id=743996 ccf_commit_seqno=1910637 nstreams_done_=186000 config.nstreams=1000000 avg_latency=0.5687 ms avg throuhgput (requests/sec) = 984.5755 res=false
*==== INFO ====*  stream_id=745996 latency=0.473035 ms (tx_ts=84936619318383, rx_ts=84936619791418) request_id=1915975 zil_blk_id=745996 ccf_commit_seqno=1915975 nstreams_done_=186500 config.nstreams=1000000 avg_latency=0.5686 ms avg throuhgput (requests/sec) = 984.5606 res=false
*==== INFO ====*  stream_id=747996 latency=0.509994 ms (tx_ts=84937137427307, rx_ts=84937137937301) request_id=1921459 zil_blk_id=747996 ccf_commit_seqno=1921459 nstreams_done_=187000 config.nstreams=1000000 avg_latency=0.5686 ms avg throuhgput (requests/sec) = 984.5072 res=false
*==== INFO ====*  stream_id=749996 latency=0.484136 ms (tx_ts=84937630054255, rx_ts=84937630538391) request_id=1926562 zil_blk_id=749996 ccf_commit_seqno=1926562 nstreams_done_=187500 config.nstreams=1000000 avg_latency=0.5685 ms avg throuhgput (requests/sec) = 984.5861 res=false
*==== INFO ====*  stream_id=751996 latency=0.524601 ms (tx_ts=84938116147577, rx_ts=84938116672178) request_id=1931813 zil_blk_id=751996 ccf_commit_seqno=1931813 nstreams_done_=188000 config.nstreams=1000000 avg_latency=0.5684 ms avg throuhgput (requests/sec) = 984.6980 res=false
*==== INFO ====*  stream_id=753996 latency=0.569736 ms (tx_ts=84938607978636, rx_ts=84938608548372) request_id=1936843 zil_blk_id=753996 ccf_commit_seqno=1936844 nstreams_done_=188500 config.nstreams=1000000 avg_latency=0.5683 ms avg throuhgput (requests/sec) = 984.7797 res=false
*==== INFO ====*  stream_id=755996 latency=0.556822 ms (tx_ts=84939100233794, rx_ts=84939100790616) request_id=1942079 zil_blk_id=755996 ccf_commit_seqno=1942079 nstreams_done_=189000 config.nstreams=1000000 avg_latency=0.5682 ms avg throuhgput (requests/sec) = 984.8592 res=false
*==== INFO ====*  stream_id=757996 latency=0.592999 ms (tx_ts=84939602313619, rx_ts=84939602906618) request_id=1947096 zil_blk_id=757996 ccf_commit_seqno=1947096 nstreams_done_=189500 config.nstreams=1000000 avg_latency=0.5683 ms avg throuhgput (requests/sec) = 984.8877 res=false
*==== INFO ====*  stream_id=759996 latency=0.581077 ms (tx_ts=84940084188791, rx_ts=84940084769868) request_id=1952083 zil_blk_id=759996 ccf_commit_seqno=1952084 nstreams_done_=190000 config.nstreams=1000000 avg_latency=0.5683 ms avg throuhgput (requests/sec) = 985.0195 res=false
*==== INFO ====*  stream_id=761996 latency=0.555870 ms (tx_ts=84940573238353, rx_ts=84940573794223) request_id=1957090 zil_blk_id=761996 ccf_commit_seqno=1957090 nstreams_done_=190500 config.nstreams=1000000 avg_latency=0.5683 ms avg throuhgput (requests/sec) = 985.1141 res=false
*==== INFO ====*  stream_id=763996 latency=0.605081 ms (tx_ts=84941069116286, rx_ts=84941069721367) request_id=1962185 zil_blk_id=763996 ccf_commit_seqno=1962185 nstreams_done_=191000 config.nstreams=1000000 avg_latency=0.5683 ms avg throuhgput (requests/sec) = 985.1732 res=false
*==== INFO ====*  stream_id=765996 latency=0.726248 ms (tx_ts=84941565617642, rx_ts=84941566343890) request_id=1967186 zil_blk_id=765996 ccf_commit_seqno=1967186 nstreams_done_=191500 config.nstreams=1000000 avg_latency=0.5683 ms avg throuhgput (requests/sec) = 985.2285 res=false
*==== INFO ====*  stream_id=767996 latency=0.592809 ms (tx_ts=84942055309889, rx_ts=84942055902698) request_id=1972166 zil_blk_id=767996 ccf_commit_seqno=1972166 nstreams_done_=192000 config.nstreams=1000000 avg_latency=0.5684 ms avg throuhgput (requests/sec) = 985.3192 res=false
*==== INFO ====*  stream_id=769996 latency=0.503822 ms (tx_ts=84942560335564, rx_ts=84942560839386) request_id=1977216 zil_blk_id=769996 ccf_commit_seqno=1977216 nstreams_done_=192500 config.nstreams=1000000 avg_latency=0.5684 ms avg throuhgput (requests/sec) = 985.3319 res=false
*==== INFO ====*  stream_id=771996 latency=0.546462 ms (tx_ts=84943086305093, rx_ts=84943086851555) request_id=1982394 zil_blk_id=771996 ccf_commit_seqno=1982394 nstreams_done_=193000 config.nstreams=1000000 avg_latency=0.5685 ms avg throuhgput (requests/sec) = 985.2385 res=false
*==== INFO ====*  stream_id=773996 latency=0.605663 ms (tx_ts=84943592293020, rx_ts=84943592898683) request_id=1987512 zil_blk_id=773996 ccf_commit_seqno=1987512 nstreams_done_=193500 config.nstreams=1000000 avg_latency=0.5685 ms avg throuhgput (requests/sec) = 985.2457 res=false
*==== INFO ====*  stream_id=775996 latency=0.550209 ms (tx_ts=84944109229618, rx_ts=84944109779827) request_id=1992868 zil_blk_id=775996 ccf_commit_seqno=1992868 nstreams_done_=194000 config.nstreams=1000000 avg_latency=0.5685 ms avg throuhgput (requests/sec) = 985.1987 res=false
*==== INFO ====*  stream_id=777996 latency=0.552343 ms (tx_ts=84944590977495, rx_ts=84944591529838) request_id=1997943 zil_blk_id=777996 ccf_commit_seqno=1997944 nstreams_done_=194500 config.nstreams=1000000 avg_latency=0.5685 ms avg throuhgput (requests/sec) = 985.3273 res=false
*==== INFO ====*  stream_id=779996 latency=0.543837 ms (tx_ts=84945096560693, rx_ts=84945097104530) request_id=2003044 zil_blk_id=779996 ccf_commit_seqno=2003044 nstreams_done_=195000 config.nstreams=1000000 avg_latency=0.5686 ms avg throuhgput (requests/sec) = 985.3366 res=false
*==== INFO ====*  stream_id=781996 latency=0.604891 ms (tx_ts=84945602077837, rx_ts=84945602682728) request_id=2008118 zil_blk_id=781996 ccf_commit_seqno=2008119 nstreams_done_=195500 config.nstreams=1000000 avg_latency=0.5687 ms avg throuhgput (requests/sec) = 985.3458 res=false
*==== INFO ====*  stream_id=783996 latency=0.556130 ms (tx_ts=84946095932703, rx_ts=84946096488833) request_id=2013236 zil_blk_id=783996 ccf_commit_seqno=2013237 nstreams_done_=196000 config.nstreams=1000000 avg_latency=0.5687 ms avg throuhgput (requests/sec) = 985.4134 res=false
*==== INFO ====*  stream_id=785996 latency=0.529450 ms (tx_ts=84946554132726, rx_ts=84946554662176) request_id=2018116 zil_blk_id=785996 ccf_commit_seqno=2018116 nstreams_done_=196500 config.nstreams=1000000 avg_latency=0.5686 ms avg throuhgput (requests/sec) = 985.6567 res=false
*==== INFO ====*  stream_id=787996 latency=0.545369 ms (tx_ts=84947070182803, rx_ts=84947070728172) request_id=2023561 zil_blk_id=787996 ccf_commit_seqno=2023561 nstreams_done_=197000 config.nstreams=1000000 avg_latency=0.5686 ms avg throuhgput (requests/sec) = 985.6134 res=false
*==== INFO ====*  stream_id=789996 latency=0.591286 ms (tx_ts=84947572507171, rx_ts=84947573098457) request_id=2028759 zil_blk_id=789996 ccf_commit_seqno=2028761 nstreams_done_=197500 config.nstreams=1000000 avg_latency=0.5687 ms avg throuhgput (requests/sec) = 985.6376 res=false
*==== INFO ====*  stream_id=791996 latency=0.564395 ms (tx_ts=84948101334613, rx_ts=84948101899008) request_id=2034202 zil_blk_id=791996 ccf_commit_seqno=2034202 nstreams_done_=198000 config.nstreams=1000000 avg_latency=0.5687 ms avg throuhgput (requests/sec) = 985.5320 res=false
*==== INFO ====*  stream_id=793996 latency=0.551601 ms (tx_ts=84948613696877, rx_ts=84948614248478) request_id=2039402 zil_blk_id=793996 ccf_commit_seqno=2039403 nstreams_done_=198500 config.nstreams=1000000 avg_latency=0.5687 ms avg throuhgput (requests/sec) = 985.5075 res=false
*==== INFO ====*  stream_id=795996 latency=0.502290 ms (tx_ts=84949118537080, rx_ts=84949119039370) request_id=2044597 zil_blk_id=795996 ccf_commit_seqno=2044597 nstreams_done_=199000 config.nstreams=1000000 avg_latency=0.5686 ms avg throuhgput (requests/sec) = 985.5200 res=false
*==== INFO ====*  stream_id=797996 latency=0.488985 ms (tx_ts=84949620341547, rx_ts=84949620830532) request_id=2049808 zil_blk_id=797996 ccf_commit_seqno=2049809 nstreams_done_=199500 config.nstreams=1000000 avg_latency=0.5686 ms avg throuhgput (requests/sec) = 985.5471 res=false
*==== INFO ====*  stream_id=799996 latency=0.586287 ms (tx_ts=84950114862657, rx_ts=84950115448944) request_id=2054919 zil_blk_id=799996 ccf_commit_seqno=2054919 nstreams_done_=200000 config.nstreams=1000000 avg_latency=0.5685 ms avg throuhgput (requests/sec) = 985.6088 res=false
*==== INFO ====*  stream_id=801996 latency=0.564536 ms (tx_ts=84950629095122, rx_ts=84950629659658) request_id=2060198 zil_blk_id=801996 ccf_commit_seqno=2060198 nstreams_done_=200500 config.nstreams=1000000 avg_latency=0.5685 ms avg throuhgput (requests/sec) = 985.5754 res=false
*==== INFO ====*  stream_id=803996 latency=0.679771 ms (tx_ts=84951112013268, rx_ts=84951112693039) request_id=2065201 zil_blk_id=803996 ccf_commit_seqno=2065203 nstreams_done_=201000 config.nstreams=1000000 avg_latency=0.5685 ms avg throuhgput (requests/sec) = 985.6927 res=false
*==== INFO ====*  stream_id=805996 latency=0.621332 ms (tx_ts=84951593792804, rx_ts=84951594414136) request_id=2070220 zil_blk_id=805996 ccf_commit_seqno=2070220 nstreams_done_=201500 config.nstreams=1000000 avg_latency=0.5685 ms avg throuhgput (requests/sec) = 985.8159 res=false
*==== INFO ====*  stream_id=807996 latency=0.523910 ms (tx_ts=84952069838005, rx_ts=84952070361915) request_id=2075107 zil_blk_id=807996 ccf_commit_seqno=2075107 nstreams_done_=202000 config.nstreams=1000000 avg_latency=0.5685 ms avg throuhgput (requests/sec) = 985.9662 res=false
*==== INFO ====*  stream_id=809996 latency=0.579694 ms (tx_ts=84952546396758, rx_ts=84952546976452) request_id=2079918 zil_blk_id=809996 ccf_commit_seqno=2079919 nstreams_done_=202500 config.nstreams=1000000 avg_latency=0.5685 ms avg throuhgput (requests/sec) = 986.1127 res=false
*==== INFO ====*  stream_id=811996 latency=0.588611 ms (tx_ts=84953026554330, rx_ts=84953027142941) request_id=2084730 zil_blk_id=811996 ccf_commit_seqno=2084730 nstreams_done_=203000 config.nstreams=1000000 avg_latency=0.5685 ms avg throuhgput (requests/sec) = 986.2414 res=false
*==== INFO ====*  stream_id=813996 latency=0.623716 ms (tx_ts=84953528298414, rx_ts=84953528922130) request_id=2089921 zil_blk_id=813996 ccf_commit_seqno=2089921 nstreams_done_=203500 config.nstreams=1000000 avg_latency=0.5684 ms avg throuhgput (requests/sec) = 986.2663 res=false
*==== INFO ====*  stream_id=815996 latency=0.553595 ms (tx_ts=84954031529062, rx_ts=84954032082657) request_id=2095039 zil_blk_id=815996 ccf_commit_seqno=2095039 nstreams_done_=204000 config.nstreams=1000000 avg_latency=0.5684 ms avg throuhgput (requests/sec) = 986.2844 res=false
*==== INFO ====*  stream_id=817996 latency=0.476321 ms (tx_ts=84954589488798, rx_ts=84954589965119) request_id=2100210 zil_blk_id=817996 ccf_commit_seqno=2100210 nstreams_done_=204500 config.nstreams=1000000 avg_latency=0.5686 ms avg throuhgput (requests/sec) = 986.0422 res=false
*==== INFO ====*  stream_id=819996 latency=0.722291 ms (tx_ts=84955096240487, rx_ts=84955096962778) request_id=2105352 zil_blk_id=819996 ccf_commit_seqno=2105353 nstreams_done_=205000 config.nstreams=1000000 avg_latency=0.5687 ms avg throuhgput (requests/sec) = 986.0426 res=false
*==== INFO ====*  stream_id=821996 latency=0.589031 ms (tx_ts=84955596692447, rx_ts=84955597281478) request_id=2110566 zil_blk_id=821996 ccf_commit_seqno=2110567 nstreams_done_=205500 config.nstreams=1000000 avg_latency=0.5687 ms avg throuhgput (requests/sec) = 986.0746 res=false
*==== INFO ====*  stream_id=823996 latency=0.499775 ms (tx_ts=84956097161315, rx_ts=84956097661090) request_id=2115718 zil_blk_id=823996 ccf_commit_seqno=2115718 nstreams_done_=206000 config.nstreams=1000000 avg_latency=0.5687 ms avg throuhgput (requests/sec) = 986.1061 res=false
*==== INFO ====*  stream_id=825996 latency=0.603209 ms (tx_ts=84956587220844, rx_ts=84956587824053) request_id=2120830 zil_blk_id=825996 ccf_commit_seqno=2120830 nstreams_done_=206500 config.nstreams=1000000 avg_latency=0.5686 ms avg throuhgput (requests/sec) = 986.1856 res=false
*==== INFO ====*  stream_id=827996 latency=0.540311 ms (tx_ts=84957095166813, rx_ts=84957095707124) request_id=2125932 zil_blk_id=827996 ccf_commit_seqno=2125933 nstreams_done_=207000 config.nstreams=1000000 avg_latency=0.5686 ms avg throuhgput (requests/sec) = 986.1815 res=false
*==== INFO ====*  stream_id=829996 latency=0.537826 ms (tx_ts=84957587192591, rx_ts=84957587730417) request_id=2130967 zil_blk_id=829996 ccf_commit_seqno=2130967 nstreams_done_=207500 config.nstreams=1000000 avg_latency=0.5686 ms avg throuhgput (requests/sec) = 986.2517 res=false
*==== INFO ====*  stream_id=831996 latency=0.526545 ms (tx_ts=84958066519697, rx_ts=84958067046242) request_id=2135885 zil_blk_id=831996 ccf_commit_seqno=2135885 nstreams_done_=208000 config.nstreams=1000000 avg_latency=0.5685 ms avg throuhgput (requests/sec) = 986.3810 res=false
*==== INFO ====*  stream_id=833996 latency=0.513110 ms (tx_ts=84958564794379, rx_ts=84958565307489) request_id=2140995 zil_blk_id=833996 ccf_commit_seqno=2140995 nstreams_done_=208500 config.nstreams=1000000 avg_latency=0.5685 ms avg throuhgput (requests/sec) = 986.4214 res=false
*==== INFO ====*  stream_id=835996 latency=0.513410 ms (tx_ts=84959072878157, rx_ts=84959073391567) request_id=2146086 zil_blk_id=835996 ccf_commit_seqno=2146086 nstreams_done_=209000 config.nstreams=1000000 avg_latency=0.5685 ms avg throuhgput (requests/sec) = 986.4158 res=false
*==== INFO ====*  stream_id=837996 latency=0.486861 ms (tx_ts=84959575959849, rx_ts=84959576446710) request_id=2151138 zil_blk_id=837996 ccf_commit_seqno=2151138 nstreams_done_=209500 config.nstreams=1000000 avg_latency=0.5685 ms avg throuhgput (requests/sec) = 986.4336 res=false
*==== INFO ====*  stream_id=839996 latency=0.763869 ms (tx_ts=84960072723824, rx_ts=84960073487693) request_id=2156336 zil_blk_id=839996 ccf_commit_seqno=2156337 nstreams_done_=210000 config.nstreams=1000000 avg_latency=0.5685 ms avg throuhgput (requests/sec) = 986.4791 res=false
*==== INFO ====*  stream_id=841996 latency=0.535712 ms (tx_ts=84960572212048, rx_ts=84960572747760) request_id=2161402 zil_blk_id=841996 ccf_commit_seqno=2161402 nstreams_done_=210500 config.nstreams=1000000 avg_latency=0.5684 ms avg throuhgput (requests/sec) = 986.5142 res=false
*==== INFO ====*  stream_id=843996 latency=0.588971 ms (tx_ts=84961038883764, rx_ts=84961039472735) request_id=2166241 zil_blk_id=843996 ccf_commit_seqno=2166243 nstreams_done_=211000 config.nstreams=1000000 avg_latency=0.5684 ms avg throuhgput (requests/sec) = 986.6993 res=false
*==== INFO ====*  stream_id=845996 latency=0.618306 ms (tx_ts=84961537714409, rx_ts=84961538332715) request_id=2171341 zil_blk_id=845996 ccf_commit_seqno=2171343 nstreams_done_=211500 config.nstreams=1000000 avg_latency=0.5684 ms avg throuhgput (requests/sec) = 986.7355 res=false
*==== INFO ====*  stream_id=847996 latency=0.502770 ms (tx_ts=84962032144952, rx_ts=84962032647722) request_id=2176580 zil_blk_id=847996 ccf_commit_seqno=2176580 nstreams_done_=212000 config.nstreams=1000000 avg_latency=0.5684 ms avg throuhgput (requests/sec) = 986.7925 res=false
*==== INFO ====*  stream_id=849996 latency=0.509753 ms (tx_ts=84962529068083, rx_ts=84962529577836) request_id=2181671 zil_blk_id=849996 ccf_commit_seqno=2181671 nstreams_done_=212500 config.nstreams=1000000 avg_latency=0.5684 ms avg throuhgput (requests/sec) = 986.8373 res=false
*==== INFO ====*  stream_id=851996 latency=0.521425 ms (tx_ts=84963092880694, rx_ts=84963093402119) request_id=2186802 zil_blk_id=851996 ccf_commit_seqno=2186802 nstreams_done_=213000 config.nstreams=1000000 avg_latency=0.5686 ms avg throuhgput (requests/sec) = 986.5760 res=false
*==== INFO ====*  stream_id=853996 latency=0.599462 ms (tx_ts=84963603845008, rx_ts=84963604444470) request_id=2191953 zil_blk_id=853996 ccf_commit_seqno=2191954 nstreams_done_=213500 config.nstreams=1000000 avg_latency=0.5686 ms avg throuhgput (requests/sec) = 986.5567 res=false
*==== INFO ====*  stream_id=855996 latency=0.621853 ms (tx_ts=84964101962537, rx_ts=84964102584390) request_id=2197248 zil_blk_id=855996 ccf_commit_seqno=2197248 nstreams_done_=214000 config.nstreams=1000000 avg_latency=0.5685 ms avg throuhgput (requests/sec) = 986.5961 res=false
*==== INFO ====*  stream_id=857996 latency=0.544318 ms (tx_ts=84964612305018, rx_ts=84964612849336) request_id=2202588 zil_blk_id=857996 ccf_commit_seqno=2202589 nstreams_done_=214500 config.nstreams=1000000 avg_latency=0.5684 ms avg throuhgput (requests/sec) = 986.5804 res=false
*==== INFO ====*  stream_id=859996 latency=0.553876 ms (tx_ts=84965125137900, rx_ts=84965125691776) request_id=2208015 zil_blk_id=859996 ccf_commit_seqno=2208015 nstreams_done_=215000 config.nstreams=1000000 avg_latency=0.5683 ms avg throuhgput (requests/sec) = 986.5530 res=false
*==== INFO ====*  stream_id=861996 latency=0.602056 ms (tx_ts=84965638612604, rx_ts=84965639214660) request_id=2213192 zil_blk_id=861996 ccf_commit_seqno=2213192 nstreams_done_=215500 config.nstreams=1000000 avg_latency=0.5683 ms avg throuhgput (requests/sec) = 986.5227 res=false
*==== INFO ====*  stream_id=863996 latency=0.502359 ms (tx_ts=84966157115660, rx_ts=84966157618019) request_id=2218456 zil_blk_id=863996 ccf_commit_seqno=2218456 nstreams_done_=216000 config.nstreams=1000000 avg_latency=0.5683 ms avg throuhgput (requests/sec) = 986.4706 res=false
*==== INFO ====*  stream_id=865996 latency=0.545600 ms (tx_ts=84966659150226, rx_ts=84966659695826) request_id=2223782 zil_blk_id=865996 ccf_commit_seqno=2223782 nstreams_done_=216500 config.nstreams=1000000 avg_latency=0.5683 ms avg throuhgput (requests/sec) = 986.4921 res=false
*==== INFO ====*  stream_id=867996 latency=0.524220 ms (tx_ts=84967186423827, rx_ts=84967186948047) request_id=2229024 zil_blk_id=867996 ccf_commit_seqno=2229024 nstreams_done_=217000 config.nstreams=1000000 avg_latency=0.5683 ms avg throuhgput (requests/sec) = 986.4006 res=false
*==== INFO ====*  stream_id=869996 latency=0.496589 ms (tx_ts=84967701130683, rx_ts=84967701627272) request_id=2234303 zil_blk_id=869996 ccf_commit_seqno=2234303 nstreams_done_=217500 config.nstreams=1000000 avg_latency=0.5683 ms avg throuhgput (requests/sec) = 986.3658 res=false
*==== INFO ====*  stream_id=871996 latency=0.583672 ms (tx_ts=84968199764797, rx_ts=84968200348469) request_id=2239423 zil_blk_id=871996 ccf_commit_seqno=2239424 nstreams_done_=218000 config.nstreams=1000000 avg_latency=0.5682 ms avg throuhgput (requests/sec) = 986.4023 res=false
*==== INFO ====*  stream_id=873996 latency=0.603840 ms (tx_ts=84968720318498, rx_ts=84968720922338) request_id=2244732 zil_blk_id=873996 ccf_commit_seqno=2244733 nstreams_done_=218500 config.nstreams=1000000 avg_latency=0.5682 ms avg throuhgput (requests/sec) = 986.3414 res=false
*==== INFO ====*  stream_id=875996 latency=0.510264 ms (tx_ts=84969220448315, rx_ts=84969220958579) request_id=2249909 zil_blk_id=875996 ccf_commit_seqno=2249909 nstreams_done_=219000 config.nstreams=1000000 avg_latency=0.5683 ms avg throuhgput (requests/sec) = 986.3720 res=false
*==== INFO ====*  stream_id=877996 latency=0.652961 ms (tx_ts=84969717287701, rx_ts=84969717940662) request_id=2254995 zil_blk_id=877996 ccf_commit_seqno=2254996 nstreams_done_=219500 config.nstreams=1000000 avg_latency=0.5683 ms avg throuhgput (requests/sec) = 986.4160 res=false
*==== INFO ====*  stream_id=879996 latency=0.540351 ms (tx_ts=84970213153920, rx_ts=84970213694271) request_id=2259969 zil_blk_id=879996 ccf_commit_seqno=2259969 nstreams_done_=220000 config.nstreams=1000000 avg_latency=0.5683 ms avg throuhgput (requests/sec) = 986.4652 res=false
*==== INFO ====*  stream_id=881996 latency=0.591397 ms (tx_ts=84970746828042, rx_ts=84970747419439) request_id=2265173 zil_blk_id=881996 ccf_commit_seqno=2265174 nstreams_done_=220500 config.nstreams=1000000 avg_latency=0.5684 ms avg throuhgput (requests/sec) = 986.3467 res=false
*==== INFO ====*  stream_id=883996 latency=0.476882 ms (tx_ts=84971260491544, rx_ts=84971260968426) request_id=2270267 zil_blk_id=883996 ccf_commit_seqno=2270267 nstreams_done_=221000 config.nstreams=1000000 avg_latency=0.5683 ms avg throuhgput (requests/sec) = 986.3175 res=false
*==== INFO ====*  stream_id=885996 latency=0.572380 ms (tx_ts=84971765520378, rx_ts=84971766092758) request_id=2275280 zil_blk_id=885996 ccf_commit_seqno=2275281 nstreams_done_=221500 config.nstreams=1000000 avg_latency=0.5684 ms avg throuhgput (requests/sec) = 986.3255 res=false
*==== INFO ====*  stream_id=887996 latency=0.593470 ms (tx_ts=84972297053881, rx_ts=84972297647351) request_id=2280697 zil_blk_id=887996 ccf_commit_seqno=2280697 nstreams_done_=222000 config.nstreams=1000000 avg_latency=0.5684 ms avg throuhgput (requests/sec) = 986.2176 res=false
*==== INFO ====*  stream_id=889996 latency=0.573993 ms (tx_ts=84972799336386, rx_ts=84972799910379) request_id=2285771 zil_blk_id=889996 ccf_commit_seqno=2285772 nstreams_done_=222500 config.nstreams=1000000 avg_latency=0.5684 ms avg throuhgput (requests/sec) = 986.2382 res=false
*==== INFO ====*  stream_id=891996 latency=0.605252 ms (tx_ts=84973321354000, rx_ts=84973321959252) request_id=2290784 zil_blk_id=891996 ccf_commit_seqno=2290784 nstreams_done_=223000 config.nstreams=1000000 avg_latency=0.5686 ms avg throuhgput (requests/sec) = 986.1725 res=false
*==== INFO ====*  stream_id=893996 latency=0.529259 ms (tx_ts=84973810934661, rx_ts=84973811463920) request_id=2295730 zil_blk_id=893996 ccf_commit_seqno=2295730 nstreams_done_=223500 config.nstreams=1000000 avg_latency=0.5686 ms avg throuhgput (requests/sec) = 986.2487 res=false
*==== INFO ====*  stream_id=895996 latency=0.497381 ms (tx_ts=84974285817362, rx_ts=84974286314743) request_id=2300486 zil_blk_id=895996 ccf_commit_seqno=2300486 nstreams_done_=224000 config.nstreams=1000000 avg_latency=0.5685 ms avg throuhgput (requests/sec) = 986.3882 res=false
*==== INFO ====*  stream_id=897996 latency=0.493573 ms (tx_ts=84974749955229, rx_ts=84974750448802) request_id=2305188 zil_blk_id=897996 ccf_commit_seqno=2305188 nstreams_done_=224500 config.nstreams=1000000 avg_latency=0.5685 ms avg throuhgput (requests/sec) = 986.5735 res=false
*==== INFO ====*  stream_id=899996 latency=0.563784 ms (tx_ts=84975235152548, rx_ts=84975235716332) request_id=2310063 zil_blk_id=899996 ccf_commit_seqno=2310065 nstreams_done_=225000 config.nstreams=1000000 avg_latency=0.5685 ms avg throuhgput (requests/sec) = 986.6667 res=false
*==== INFO ====*  stream_id=901996 latency=0.486891 ms (tx_ts=84975709318705, rx_ts=84975709805596) request_id=2314926 zil_blk_id=901996 ccf_commit_seqno=2314926 nstreams_done_=225500 config.nstreams=1000000 avg_latency=0.5684 ms avg throuhgput (requests/sec) = 986.8078 res=false
*==== INFO ====*  stream_id=903996 latency=0.647771 ms (tx_ts=84976198374344, rx_ts=84976199022115) request_id=2319834 zil_blk_id=903996 ccf_commit_seqno=2319834 nstreams_done_=226000 config.nstreams=1000000 avg_latency=0.5684 ms avg throuhgput (requests/sec) = 986.8830 res=false
*==== INFO ====*  stream_id=905996 latency=0.586577 ms (tx_ts=84976672162731, rx_ts=84976672749308) request_id=2324774 zil_blk_id=905996 ccf_commit_seqno=2324774 nstreams_done_=226500 config.nstreams=1000000 avg_latency=0.5684 ms avg throuhgput (requests/sec) = 987.0246 res=false
*==== INFO ====*  stream_id=907996 latency=0.572551 ms (tx_ts=84977154979568, rx_ts=84977155552119) request_id=2329621 zil_blk_id=907996 ccf_commit_seqno=2329621 nstreams_done_=227000 config.nstreams=1000000 avg_latency=0.5684 ms avg throuhgput (requests/sec) = 987.1266 res=false
*==== INFO ====*  stream_id=909996 latency=0.475769 ms (tx_ts=84977651257475, rx_ts=84977651733244) request_id=2334529 zil_blk_id=909996 ccf_commit_seqno=2334529 nstreams_done_=227500 config.nstreams=1000000 avg_latency=0.5685 ms avg throuhgput (requests/sec) = 987.1709 res=false
*==== INFO ====*  stream_id=911996 latency=0.470600 ms (tx_ts=84978130667183, rx_ts=84978131137783) request_id=2339567 zil_blk_id=911996 ccf_commit_seqno=2339567 nstreams_done_=228000 config.nstreams=1000000 avg_latency=0.5684 ms avg throuhgput (requests/sec) = 987.2867 res=false
*==== INFO ====*  stream_id=913996 latency=0.499133 ms (tx_ts=84978642817292, rx_ts=84978643316425) request_id=2344732 zil_blk_id=913996 ccf_commit_seqno=2344732 nstreams_done_=228500 config.nstreams=1000000 avg_latency=0.5684 ms avg throuhgput (requests/sec) = 987.2623 res=false
*==== INFO ====*  stream_id=915996 latency=0.678699 ms (tx_ts=84979145408374, rx_ts=84979146087073) request_id=2349826 zil_blk_id=915996 ccf_commit_seqno=2349827 nstreams_done_=229000 config.nstreams=1000000 avg_latency=0.5683 ms avg throuhgput (requests/sec) = 987.2779 res=false
*==== INFO ====*  stream_id=917996 latency=0.474477 ms (tx_ts=84979632455857, rx_ts=84979632930334) request_id=2354783 zil_blk_id=917996 ccf_commit_seqno=2354783 nstreams_done_=229500 config.nstreams=1000000 avg_latency=0.5683 ms avg throuhgput (requests/sec) = 987.3612 res=false
*==== INFO ====*  stream_id=919996 latency=0.532346 ms (tx_ts=84980115801813, rx_ts=84980116334159) request_id=2359886 zil_blk_id=919996 ccf_commit_seqno=2359886 nstreams_done_=230000 config.nstreams=1000000 avg_latency=0.5683 ms avg throuhgput (requests/sec) = 987.4587 res=false
*==== INFO ====*  stream_id=921996 latency=0.502039 ms (tx_ts=84980624568796, rx_ts=84980625070835) request_id=2365027 zil_blk_id=921996 ccf_commit_seqno=2365027 nstreams_done_=230500 config.nstreams=1000000 avg_latency=0.5683 ms avg throuhgput (requests/sec) = 987.4486 res=false
*==== INFO ====*  stream_id=923996 latency=0.506908 ms (tx_ts=84981128041266, rx_ts=84981128548174) request_id=2370338 zil_blk_id=923996 ccf_commit_seqno=2370338 nstreams_done_=231000 config.nstreams=1000000 avg_latency=0.5682 ms avg throuhgput (requests/sec) = 987.4607 res=false
*==== INFO ====*  stream_id=925996 latency=0.569095 ms (tx_ts=84981627793636, rx_ts=84981628362731) request_id=2375394 zil_blk_id=925996 ccf_commit_seqno=2375395 nstreams_done_=231500 config.nstreams=1000000 avg_latency=0.5682 ms avg throuhgput (requests/sec) = 987.4882 res=false
*==== INFO ====*  stream_id=927996 latency=0.581788 ms (tx_ts=84982118979963, rx_ts=84982119561751) request_id=2380393 zil_blk_id=927996 ccf_commit_seqno=2380394 nstreams_done_=232000 config.nstreams=1000000 avg_latency=0.5682 ms avg throuhgput (requests/sec) = 987.5519 res=false
*==== INFO ====*  stream_id=929996 latency=0.509032 ms (tx_ts=84982612951747, rx_ts=84982613460779) request_id=2385232 zil_blk_id=929996 ccf_commit_seqno=2385232 nstreams_done_=232500 config.nstreams=1000000 avg_latency=0.5683 ms avg throuhgput (requests/sec) = 987.6039 res=false
*==== INFO ====*  stream_id=931996 latency=1.147256 ms (tx_ts=84983106121016, rx_ts=84983107268272) request_id=2389902 zil_blk_id=931996 ccf_commit_seqno=2389903 nstreams_done_=233000 config.nstreams=1000000 avg_latency=0.5683 ms avg throuhgput (requests/sec) = 987.6561 res=false
*==== INFO ====*  stream_id=933996 latency=0.522386 ms (tx_ts=84983591385779, rx_ts=84983591908165) request_id=2394605 zil_blk_id=933996 ccf_commit_seqno=2394605 nstreams_done_=233500 config.nstreams=1000000 avg_latency=0.5683 ms avg throuhgput (requests/sec) = 987.7464 res=false
*==== INFO ====*  stream_id=935996 latency=0.465280 ms (tx_ts=84984105976743, rx_ts=84984106442023) request_id=2399635 zil_blk_id=935996 ccf_commit_seqno=2399635 nstreams_done_=234000 config.nstreams=1000000 avg_latency=0.5683 ms avg throuhgput (requests/sec) = 987.7116 res=false
*==== INFO ====*  stream_id=937996 latency=0.662249 ms (tx_ts=84984631237837, rx_ts=84984631900086) request_id=2404798 zil_blk_id=937996 ccf_commit_seqno=2404798 nstreams_done_=234500 config.nstreams=1000000 avg_latency=0.5683 ms avg throuhgput (requests/sec) = 987.6316 res=false
*==== INFO ====*  stream_id=939996 latency=0.504944 ms (tx_ts=84985130627937, rx_ts=84985131132881) request_id=2409918 zil_blk_id=939996 ccf_commit_seqno=2409919 nstreams_done_=235000 config.nstreams=1000000 avg_latency=0.5682 ms avg throuhgput (requests/sec) = 987.6608 res=false
*==== INFO ====*  stream_id=941996 latency=0.517247 ms (tx_ts=84985633751789, rx_ts=84985634269036) request_id=2414787 zil_blk_id=941996 ccf_commit_seqno=2414787 nstreams_done_=235500 config.nstreams=1000000 avg_latency=0.5682 ms avg throuhgput (requests/sec) = 987.6737 res=false
*==== INFO ====*  stream_id=943996 latency=0.533597 ms (tx_ts=84986160705819, rx_ts=84986161239416) request_id=2420109 zil_blk_id=943996 ccf_commit_seqno=2420109 nstreams_done_=236000 config.nstreams=1000000 avg_latency=0.5682 ms avg throuhgput (requests/sec) = 987.5880 res=false
*==== INFO ====*  stream_id=945996 latency=0.509963 ms (tx_ts=84986663163939, rx_ts=84986663673902) request_id=2425251 zil_blk_id=945996 ccf_commit_seqno=2425251 nstreams_done_=236500 config.nstreams=1000000 avg_latency=0.5682 ms avg throuhgput (requests/sec) = 987.6039 res=false
*==== INFO ====*  stream_id=947996 latency=0.506668 ms (tx_ts=84987177126143, rx_ts=84987177632811) request_id=2430428 zil_blk_id=947996 ccf_commit_seqno=2430428 nstreams_done_=237000 config.nstreams=1000000 avg_latency=0.5682 ms avg throuhgput (requests/sec) = 987.5722 res=false
*==== INFO ====*  stream_id=949996 latency=0.570337 ms (tx_ts=84987669887045, rx_ts=84987670457382) request_id=2435403 zil_blk_id=949996 ccf_commit_seqno=2435403 nstreams_done_=237500 config.nstreams=1000000 avg_latency=0.5681 ms avg throuhgput (requests/sec) = 987.6275 res=false
*==== INFO ====*  stream_id=951996 latency=0.530602 ms (tx_ts=84988188720489, rx_ts=84988189251091) request_id=2440580 zil_blk_id=951996 ccf_commit_seqno=2440580 nstreams_done_=238000 config.nstreams=1000000 avg_latency=0.5681 ms avg throuhgput (requests/sec) = 987.5762 res=false
*==== INFO ====*  stream_id=953996 latency=0.507730 ms (tx_ts=84988700472913, rx_ts=84988700980643) request_id=2445811 zil_blk_id=953996 ccf_commit_seqno=2445811 nstreams_done_=238500 config.nstreams=1000000 avg_latency=0.5681 ms avg throuhgput (requests/sec) = 987.5540 res=false
*==== INFO ====*  stream_id=955996 latency=0.693457 ms (tx_ts=84989222129391, rx_ts=84989222822848) request_id=2450860 zil_blk_id=955996 ccf_commit_seqno=2450863 nstreams_done_=239000 config.nstreams=1000000 avg_latency=0.5681 ms avg throuhgput (requests/sec) = 987.4905 res=false
*==== INFO ====*  stream_id=957996 latency=0.487010 ms (tx_ts=84989731138939, rx_ts=84989731625949) request_id=2456002 zil_blk_id=957996 ccf_commit_seqno=2456002 nstreams_done_=239500 config.nstreams=1000000 avg_latency=0.5680 ms avg throuhgput (requests/sec) = 987.4805 res=false
*==== INFO ====*  stream_id=959996 latency=0.550189 ms (tx_ts=84990224159666, rx_ts=84990224709855) request_id=2461013 zil_blk_id=959996 ccf_commit_seqno=2461014 nstreams_done_=240000 config.nstreams=1000000 avg_latency=0.5680 ms avg throuhgput (requests/sec) = 987.5343 res=false
*==== INFO ====*  stream_id=961996 latency=0.523550 ms (tx_ts=84990740881096, rx_ts=84990741404646) request_id=2466152 zil_blk_id=961996 ccf_commit_seqno=2466152 nstreams_done_=240500 config.nstreams=1000000 avg_latency=0.5680 ms avg throuhgput (requests/sec) = 987.4922 res=false
*==== INFO ====*  stream_id=963996 latency=0.511396 ms (tx_ts=84991248157630, rx_ts=84991248669026) request_id=2471152 zil_blk_id=963996 ccf_commit_seqno=2471152 nstreams_done_=241000 config.nstreams=1000000 avg_latency=0.5680 ms avg throuhgput (requests/sec) = 987.4885 res=false
*==== INFO ====*  stream_id=965996 latency=0.469552 ms (tx_ts=84991758305051, rx_ts=84991758774603) request_id=2476265 zil_blk_id=965996 ccf_commit_seqno=2476265 nstreams_done_=241500 config.nstreams=1000000 avg_latency=0.5680 ms avg throuhgput (requests/sec) = 987.4733 res=false
*==== INFO ====*  stream_id=967996 latency=0.602567 ms (tx_ts=84992258610873, rx_ts=84992259213440) request_id=2481203 zil_blk_id=967996 ccf_commit_seqno=2481204 nstreams_done_=242000 config.nstreams=1000000 avg_latency=0.5679 ms avg throuhgput (requests/sec) = 987.4970 res=false
*==== INFO ====*  stream_id=969996 latency=0.547844 ms (tx_ts=84992748377829, rx_ts=84992748925673) request_id=2486311 zil_blk_id=969996 ccf_commit_seqno=2486312 nstreams_done_=242500 config.nstreams=1000000 avg_latency=0.5679 ms avg throuhgput (requests/sec) = 987.5639 res=false
*==== INFO ====*  stream_id=971996 latency=0.575566 ms (tx_ts=84993243462165, rx_ts=84993244037731) request_id=2491492 zil_blk_id=971996 ccf_commit_seqno=2491492 nstreams_done_=243000 config.nstreams=1000000 avg_latency=0.5678 ms avg throuhgput (requests/sec) = 987.6088 res=false
*==== INFO ====*  stream_id=973996 latency=0.551401 ms (tx_ts=84993743127562, rx_ts=84993743678963) request_id=2496506 zil_blk_id=973996 ccf_commit_seqno=2496506 nstreams_done_=243500 config.nstreams=1000000 avg_latency=0.5678 ms avg throuhgput (requests/sec) = 987.6353 res=false
*==== INFO ====*  stream_id=975996 latency=0.494104 ms (tx_ts=84994257409825, rx_ts=84994257903929) request_id=2501667 zil_blk_id=975996 ccf_commit_seqno=2501667 nstreams_done_=244000 config.nstreams=1000000 avg_latency=0.5678 ms avg throuhgput (requests/sec) = 987.6035 res=false
*==== INFO ====*  stream_id=977996 latency=0.454039 ms (tx_ts=84994755752036, rx_ts=84994756206075) request_id=2506717 zil_blk_id=977996 ccf_commit_seqno=2506717 nstreams_done_=244500 config.nstreams=1000000 avg_latency=0.5677 ms avg throuhgput (requests/sec) = 987.6353 res=false
*==== INFO ====*  stream_id=979996 latency=0.496659 ms (tx_ts=84995227417703, rx_ts=84995227914362) request_id=2511498 zil_blk_id=979996 ccf_commit_seqno=2511499 nstreams_done_=245000 config.nstreams=1000000 avg_latency=0.5677 ms avg throuhgput (requests/sec) = 987.7729 res=false
*==== INFO ====*  stream_id=981996 latency=0.530311 ms (tx_ts=84995720517182, rx_ts=84995721047493) request_id=2516600 zil_blk_id=981996 ccf_commit_seqno=2516600 nstreams_done_=245500 config.nstreams=1000000 avg_latency=0.5676 ms avg throuhgput (requests/sec) = 987.8248 res=false
*==== INFO ====*  stream_id=983996 latency=0.485718 ms (tx_ts=84996193724807, rx_ts=84996194210525) request_id=2521419 zil_blk_id=983996 ccf_commit_seqno=2521419 nstreams_done_=246000 config.nstreams=1000000 avg_latency=0.5676 ms avg throuhgput (requests/sec) = 987.9557 res=false
*==== INFO ====*  stream_id=985996 latency=0.461052 ms (tx_ts=84996683656606, rx_ts=84996684117658) request_id=2526339 zil_blk_id=985996 ccf_commit_seqno=2526339 nstreams_done_=246500 config.nstreams=1000000 avg_latency=0.5677 ms avg throuhgput (requests/sec) = 988.0198 res=false
*==== INFO ====*  stream_id=987996 latency=0.477152 ms (tx_ts=84997177622566, rx_ts=84997178099718) request_id=2531416 zil_blk_id=987996 ccf_commit_seqno=2531416 nstreams_done_=247000 config.nstreams=1000000 avg_latency=0.5677 ms avg throuhgput (requests/sec) = 988.0675 res=false
*==== INFO ====*  stream_id=989996 latency=0.523258 ms (tx_ts=84997682534087, rx_ts=84997683057345) request_id=2536643 zil_blk_id=989996 ccf_commit_seqno=2536643 nstreams_done_=247500 config.nstreams=1000000 avg_latency=0.5678 ms avg throuhgput (requests/sec) = 988.0718 res=false
*==== INFO ====*  stream_id=991996 latency=0.544138 ms (tx_ts=84998248144423, rx_ts=84998248688561) request_id=2542168 zil_blk_id=991996 ccf_commit_seqno=2542169 nstreams_done_=248000 config.nstreams=1000000 avg_latency=0.5678 ms avg throuhgput (requests/sec) = 987.8373 res=false
*==== INFO ====*  stream_id=993996 latency=0.597557 ms (tx_ts=84998746656086, rx_ts=84998747253643) request_id=2547228 zil_blk_id=993996 ccf_commit_seqno=2547229 nstreams_done_=248500 config.nstreams=1000000 avg_latency=0.5678 ms avg throuhgput (requests/sec) = 987.8671 res=false
*==== INFO ====*  stream_id=995996 latency=0.559306 ms (tx_ts=84999234794596, rx_ts=84999235353902) request_id=2552090 zil_blk_id=995996 ccf_commit_seqno=2552092 nstreams_done_=249000 config.nstreams=1000000 avg_latency=0.5678 ms avg throuhgput (requests/sec) = 987.9378 res=false
*==== INFO ====*  stream_id=997996 latency=0.530613 ms (tx_ts=84999722668560, rx_ts=84999723199173) request_id=2557068 zil_blk_id=997996 ccf_commit_seqno=2557068 nstreams_done_=249500 config.nstreams=1000000 avg_latency=0.5678 ms avg throuhgput (requests/sec) = 988.0092 res=false
*==== INFO ====*  stream_id=999996 latency=0.504403 ms (tx_ts=85000195191577, rx_ts=85000195695980) request_id=2561959 zil_blk_id=999996 ccf_commit_seqno=2561959 nstreams_done_=250000 config.nstreams=1000000 avg_latency=0.5678 ms avg throuhgput (requests/sec) = 988.1403 res=false
*==== INFO ====*  stream_id=1001996 latency=0.594091 ms (tx_ts=85000678190504, rx_ts=85000678784595) request_id=2566922 zil_blk_id=1001996 ccf_commit_seqno=2566922 nstreams_done_=250500 config.nstreams=1000000 avg_latency=0.5678 ms avg throuhgput (requests/sec) = 988.2296 res=false
*==== INFO ====*  stream_id=1003996 latency=0.522567 ms (tx_ts=85001162440959, rx_ts=85001162963526) request_id=2571985 zil_blk_id=1003996 ccf_commit_seqno=2571985 nstreams_done_=251000 config.nstreams=1000000 avg_latency=0.5678 ms avg throuhgput (requests/sec) = 988.3144 res=false
*==== INFO ====*  stream_id=1005996 latency=0.604941 ms (tx_ts=85001652099465, rx_ts=85001652704406) request_id=2577112 zil_blk_id=1005996 ccf_commit_seqno=2577113 nstreams_done_=251500 config.nstreams=1000000 avg_latency=0.5678 ms avg throuhgput (requests/sec) = 988.3772 res=false
*==== INFO ====*  stream_id=1007996 latency=0.543878 ms (tx_ts=85002155013944, rx_ts=85002155557822) request_id=2582185 zil_blk_id=1007996 ccf_commit_seqno=2582185 nstreams_done_=252000 config.nstreams=1000000 avg_latency=0.5678 ms avg throuhgput (requests/sec) = 988.3889 res=false
*==== INFO ====*  stream_id=1009996 latency=0.646198 ms (tx_ts=85002639558657, rx_ts=85002640204855) request_id=2587035 zil_blk_id=1009996 ccf_commit_seqno=2587036 nstreams_done_=252500 config.nstreams=1000000 avg_latency=0.5678 ms avg throuhgput (requests/sec) = 988.4710 res=false
*==== INFO ====*  stream_id=1011996 latency=0.500726 ms (tx_ts=85003127960098, rx_ts=85003128460824) request_id=2591894 zil_blk_id=1011996 ccf_commit_seqno=2591894 nstreams_done_=253000 config.nstreams=1000000 avg_latency=0.5678 ms avg throuhgput (requests/sec) = 988.5389 res=false
*==== INFO ====*  stream_id=1013996 latency=0.684089 ms (tx_ts=85003583846581, rx_ts=85003584530670) request_id=2596395 zil_blk_id=1013996 ccf_commit_seqno=2596395 nstreams_done_=253500 config.nstreams=1000000 avg_latency=0.5678 ms avg throuhgput (requests/sec) = 988.7306 res=false
*==== INFO ====*  stream_id=1015996 latency=0.584734 ms (tx_ts=85004093375448, rx_ts=85004093960182) request_id=2601305 zil_blk_id=1015996 ccf_commit_seqno=2601306 nstreams_done_=254000 config.nstreams=1000000 avg_latency=0.5678 ms avg throuhgput (requests/sec) = 988.7163 res=false
*==== INFO ====*  stream_id=1017996 latency=0.599761 ms (tx_ts=85004599707395, rx_ts=85004600307156) request_id=2606487 zil_blk_id=1017996 ccf_commit_seqno=2606488 nstreams_done_=254500 config.nstreams=1000000 avg_latency=0.5678 ms avg throuhgput (requests/sec) = 988.7138 res=false
*==== INFO ====*  stream_id=1019996 latency=0.544338 ms (tx_ts=85005091936165, rx_ts=85005092480503) request_id=2611611 zil_blk_id=1019996 ccf_commit_seqno=2611611 nstreams_done_=255000 config.nstreams=1000000 avg_latency=0.5678 ms avg throuhgput (requests/sec) = 988.7657 res=false
*==== INFO ====*  stream_id=1021996 latency=0.638213 ms (tx_ts=85005578800389, rx_ts=85005579438602) request_id=2616634 zil_blk_id=1021996 ccf_commit_seqno=2616635 nstreams_done_=255500 config.nstreams=1000000 avg_latency=0.5678 ms avg throuhgput (requests/sec) = 988.8374 res=false
*==== INFO ====*  stream_id=1023996 latency=0.545440 ms (tx_ts=85006059714977, rx_ts=85006060260417) request_id=2621451 zil_blk_id=1023996 ccf_commit_seqno=2621451 nstreams_done_=256000 config.nstreams=1000000 avg_latency=0.5678 ms avg throuhgput (requests/sec) = 988.9322 res=false
*==== INFO ====*  stream_id=1025996 latency=0.555629 ms (tx_ts=85006540085167, rx_ts=85006540640796) request_id=2626270 zil_blk_id=1025996 ccf_commit_seqno=2626270 nstreams_done_=256500 config.nstreams=1000000 avg_latency=0.5678 ms avg throuhgput (requests/sec) = 989.0283 res=false
*==== INFO ====*  stream_id=1027996 latency=0.469828 ms (tx_ts=85007019129058, rx_ts=85007019598886) request_id=2631061 zil_blk_id=1027996 ccf_commit_seqno=2631061 nstreams_done_=257000 config.nstreams=1000000 avg_latency=0.5678 ms avg throuhgput (requests/sec) = 989.1295 res=false
*==== INFO ====*  stream_id=1029996 latency=0.546693 ms (tx_ts=85007496103308, rx_ts=85007496650001) request_id=2635924 zil_blk_id=1029996 ccf_commit_seqno=2635924 nstreams_done_=257500 config.nstreams=1000000 avg_latency=0.5678 ms avg throuhgput (requests/sec) = 989.2376 res=false
*==== INFO ====*  stream_id=1031996 latency=0.708915 ms (tx_ts=85007994427921, rx_ts=85007995136836) request_id=2640808 zil_blk_id=1031996 ccf_commit_seqno=2640809 nstreams_done_=258000 config.nstreams=1000000 avg_latency=0.5679 ms avg throuhgput (requests/sec) = 989.2640 res=false
*==== INFO ====*  stream_id=1033996 latency=0.636360 ms (tx_ts=85008475814251, rx_ts=85008476450611) request_id=2645509 zil_blk_id=1033996 ccf_commit_seqno=2645509 nstreams_done_=258500 config.nstreams=1000000 avg_latency=0.5679 ms avg throuhgput (requests/sec) = 989.3553 res=false
*==== INFO ====*  stream_id=1035996 latency=0.548836 ms (tx_ts=85008965534394, rx_ts=85008966083230) request_id=2650378 zil_blk_id=1035996 ccf_commit_seqno=2650378 nstreams_done_=259000 config.nstreams=1000000 avg_latency=0.5679 ms avg throuhgput (requests/sec) = 989.4148 res=false
*==== INFO ====*  stream_id=1037996 latency=0.689609 ms (tx_ts=85009441170792, rx_ts=85009441860401) request_id=2655163 zil_blk_id=1037996 ccf_commit_seqno=2655164 nstreams_done_=259500 config.nstreams=1000000 avg_latency=0.5679 ms avg throuhgput (requests/sec) = 989.5264 res=false
*==== INFO ====*  stream_id=1039996 latency=0.489465 ms (tx_ts=85009946567858, rx_ts=85009947057323) request_id=2660218 zil_blk_id=1039996 ccf_commit_seqno=2660218 nstreams_done_=260000 config.nstreams=1000000 avg_latency=0.5680 ms avg throuhgput (requests/sec) = 989.5267 res=false
*==== INFO ====*  stream_id=1041996 latency=0.504584 ms (tx_ts=85010418199789, rx_ts=85010418704373) request_id=2665114 zil_blk_id=1041996 ccf_commit_seqno=2665114 nstreams_done_=260500 config.nstreams=1000000 avg_latency=0.5680 ms avg throuhgput (requests/sec) = 989.6532 res=false
*==== INFO ====*  stream_id=1043996 latency=0.591045 ms (tx_ts=85010885286923, rx_ts=85010885877968) request_id=2669940 zil_blk_id=1043996 ccf_commit_seqno=2669940 nstreams_done_=261000 config.nstreams=1000000 avg_latency=0.5680 ms avg throuhgput (requests/sec) = 989.7960 res=false
*==== INFO ====*  stream_id=1045996 latency=0.465961 ms (tx_ts=85011363901776, rx_ts=85011364367737) request_id=2674945 zil_blk_id=1045996 ccf_commit_seqno=2674945 nstreams_done_=261500 config.nstreams=1000000 avg_latency=0.5679 ms avg throuhgput (requests/sec) = 989.8959 res=false
*==== INFO ====*  stream_id=1047996 latency=0.499535 ms (tx_ts=85011849409924, rx_ts=85011849909459) request_id=2680008 zil_blk_id=1047996 ccf_commit_seqno=2680009 nstreams_done_=262000 config.nstreams=1000000 avg_latency=0.5679 ms avg throuhgput (requests/sec) = 989.9691 res=false
*==== INFO ====*  stream_id=1049996 latency=0.534510 ms (tx_ts=85012351056233, rx_ts=85012351590743) request_id=2685139 zil_blk_id=1049996 ccf_commit_seqno=2685139 nstreams_done_=262500 config.nstreams=1000000 avg_latency=0.5678 ms avg throuhgput (requests/sec) = 989.9818 res=false
*==== INFO ====*  stream_id=1051996 latency=0.559256 ms (tx_ts=85012869622030, rx_ts=85012870181286) request_id=2690238 zil_blk_id=1051996 ccf_commit_seqno=2690238 nstreams_done_=263000 config.nstreams=1000000 avg_latency=0.5678 ms avg throuhgput (requests/sec) = 989.9313 res=false
*==== INFO ====*  stream_id=1053996 latency=0.665925 ms (tx_ts=85013398191519, rx_ts=85013398857444) request_id=2695582 zil_blk_id=1053996 ccf_commit_seqno=2695582 nstreams_done_=263500 config.nstreams=1000000 avg_latency=0.5678 ms avg throuhgput (requests/sec) = 989.8436 res=false
*==== INFO ====*  stream_id=1055996 latency=0.643252 ms (tx_ts=85013944465775, rx_ts=85013945109027) request_id=2700595 zil_blk_id=1055996 ccf_commit_seqno=2700596 nstreams_done_=264000 config.nstreams=1000000 avg_latency=0.5680 ms avg throuhgput (requests/sec) = 989.6910 res=false
*==== INFO ====*  stream_id=1057996 latency=0.708956 ms (tx_ts=85014432070121, rx_ts=85014432779077) request_id=2705606 zil_blk_id=1057996 ccf_commit_seqno=2705606 nstreams_done_=264500 config.nstreams=1000000 avg_latency=0.5681 ms avg throuhgput (requests/sec) = 989.7560 res=false
*==== INFO ====*  stream_id=1059996 latency=0.503191 ms (tx_ts=85014922161670, rx_ts=85014922664861) request_id=2710662 zil_blk_id=1059996 ccf_commit_seqno=2710662 nstreams_done_=265000 config.nstreams=1000000 avg_latency=0.5681 ms avg throuhgput (requests/sec) = 989.8125 res=false
*==== INFO ====*  stream_id=1061996 latency=0.542845 ms (tx_ts=85015393298721, rx_ts=85015393841566) request_id=2715680 zil_blk_id=1061996 ccf_commit_seqno=2715681 nstreams_done_=265500 config.nstreams=1000000 avg_latency=0.5681 ms avg throuhgput (requests/sec) = 989.9379 res=false
*==== INFO ====*  stream_id=1063996 latency=0.569114 ms (tx_ts=85015855630344, rx_ts=85015856199458) request_id=2720560 zil_blk_id=1063996 ccf_commit_seqno=2720560 nstreams_done_=266000 config.nstreams=1000000 avg_latency=0.5680 ms avg throuhgput (requests/sec) = 990.0953 res=false
*==== INFO ====*  stream_id=1065996 latency=0.541863 ms (tx_ts=85016321941610, rx_ts=85016322483473) request_id=2725565 zil_blk_id=1065996 ccf_commit_seqno=2725565 nstreams_done_=266500 config.nstreams=1000000 avg_latency=0.5680 ms avg throuhgput (requests/sec) = 990.2377 res=false
*==== INFO ====*  stream_id=1067996 latency=0.502770 ms (tx_ts=85016788281653, rx_ts=85016788784423) request_id=2730397 zil_blk_id=1067996 ccf_commit_seqno=2730397 nstreams_done_=267000 config.nstreams=1000000 avg_latency=0.5680 ms avg throuhgput (requests/sec) = 990.3796 res=false
*==== INFO ====*  stream_id=1069996 latency=0.671726 ms (tx_ts=85017315033869, rx_ts=85017315705595) request_id=2735770 zil_blk_id=1069996 ccf_commit_seqno=2735770 nstreams_done_=267500 config.nstreams=1000000 avg_latency=0.5680 ms avg throuhgput (requests/sec) = 990.2987 res=false
*==== INFO ====*  stream_id=1071996 latency=0.489525 ms (tx_ts=85017810381648, rx_ts=85017810871173) request_id=2740947 zil_blk_id=1071996 ccf_commit_seqno=2740947 nstreams_done_=268000 config.nstreams=1000000 avg_latency=0.5679 ms avg throuhgput (requests/sec) = 990.3343 res=false
*==== INFO ====*  stream_id=1073996 latency=0.596707 ms (tx_ts=85018317273879, rx_ts=85018317870586) request_id=2746075 zil_blk_id=1073996 ccf_commit_seqno=2746075 nstreams_done_=268500 config.nstreams=1000000 avg_latency=0.5679 ms avg throuhgput (requests/sec) = 990.3266 res=false
*==== INFO ====*  stream_id=1075996 latency=0.482602 ms (tx_ts=85018818785656, rx_ts=85018819268258) request_id=2751081 zil_blk_id=1075996 ccf_commit_seqno=2751081 nstreams_done_=269000 config.nstreams=1000000 avg_latency=0.5679 ms avg throuhgput (requests/sec) = 990.3393 res=false
*==== INFO ====*  stream_id=1077996 latency=0.568133 ms (tx_ts=85019295107272, rx_ts=85019295675405) request_id=2755945 zil_blk_id=1077996 ccf_commit_seqno=2755945 nstreams_done_=269500 config.nstreams=1000000 avg_latency=0.5679 ms avg throuhgput (requests/sec) = 990.4429 res=false
*==== INFO ====*  stream_id=1079996 latency=0.630559 ms (tx_ts=85019764745791, rx_ts=85019765376350) request_id=2760878 zil_blk_id=1079996 ccf_commit_seqno=2760878 nstreams_done_=270000 config.nstreams=1000000 avg_latency=0.5679 ms avg throuhgput (requests/sec) = 990.5705 res=false
*==== INFO ====*  stream_id=1081996 latency=0.558354 ms (tx_ts=85020251579747, rx_ts=85020252138101) request_id=2765824 zil_blk_id=1081996 ccf_commit_seqno=2765825 nstreams_done_=270500 config.nstreams=1000000 avg_latency=0.5679 ms avg throuhgput (requests/sec) = 990.6358 res=false
*==== INFO ====*  stream_id=1083996 latency=0.496287 ms (tx_ts=85020717120379, rx_ts=85020717616666) request_id=2770660 zil_blk_id=1083996 ccf_commit_seqno=2770660 nstreams_done_=271000 config.nstreams=1000000 avg_latency=0.5679 ms avg throuhgput (requests/sec) = 990.7780 res=false
*==== INFO ====*  stream_id=1085996 latency=0.585413 ms (tx_ts=85021218029487, rx_ts=85021218614900) request_id=2775762 zil_blk_id=1085996 ccf_commit_seqno=2775762 nstreams_done_=271500 config.nstreams=1000000 avg_latency=0.5679 ms avg throuhgput (requests/sec) = 990.7912 res=false
*==== INFO ====*  stream_id=1087996 latency=0.548625 ms (tx_ts=85021701893531, rx_ts=85021702442156) request_id=2780618 zil_blk_id=1087996 ccf_commit_seqno=2780618 nstreams_done_=272000 config.nstreams=1000000 avg_latency=0.5678 ms avg throuhgput (requests/sec) = 990.8663 res=false
*==== INFO ====*  stream_id=1089996 latency=0.499202 ms (tx_ts=85022204684778, rx_ts=85022205183980) request_id=2785833 zil_blk_id=1089996 ccf_commit_seqno=2785833 nstreams_done_=272500 config.nstreams=1000000 avg_latency=0.5677 ms avg throuhgput (requests/sec) = 990.8731 res=false
*==== INFO ====*  stream_id=1091996 latency=0.515572 ms (tx_ts=85022721059641, rx_ts=85022721575213) request_id=2791092 zil_blk_id=1091996 ccf_commit_seqno=2791092 nstreams_done_=273000 config.nstreams=1000000 avg_latency=0.5678 ms avg throuhgput (requests/sec) = 990.8307 res=false
*==== INFO ====*  stream_id=1093996 latency=0.556910 ms (tx_ts=85023203773591, rx_ts=85023204330501) request_id=2795975 zil_blk_id=1093996 ccf_commit_seqno=2795975 nstreams_done_=273500 config.nstreams=1000000 avg_latency=0.5678 ms avg throuhgput (requests/sec) = 990.9092 res=false
*==== INFO ====*  stream_id=1095996 latency=0.444831 ms (tx_ts=85023686224897, rx_ts=85023686669728) request_id=2800813 zil_blk_id=1095996 ccf_commit_seqno=2800813 nstreams_done_=274000 config.nstreams=1000000 avg_latency=0.5678 ms avg throuhgput (requests/sec) = 990.9889 res=false
*==== INFO ====*  stream_id=1097996 latency=0.518929 ms (tx_ts=85024185371290, rx_ts=85024185890219) request_id=2805969 zil_blk_id=1097996 ccf_commit_seqno=2805969 nstreams_done_=274500 config.nstreams=1000000 avg_latency=0.5678 ms avg throuhgput (requests/sec) = 991.0080 res=false
*==== INFO ====*  stream_id=1099996 latency=0.535130 ms (tx_ts=85024688749558, rx_ts=85024689284688) request_id=2811252 zil_blk_id=1099996 ccf_commit_seqno=2811252 nstreams_done_=275000 config.nstreams=1000000 avg_latency=0.5678 ms avg throuhgput (requests/sec) = 991.0121 res=false
*==== INFO ====*  stream_id=1101996 latency=0.512608 ms (tx_ts=85025193096442, rx_ts=85025193609050) request_id=2816386 zil_blk_id=1101996 ccf_commit_seqno=2816387 nstreams_done_=275500 config.nstreams=1000000 avg_latency=0.5677 ms avg throuhgput (requests/sec) = 991.0128 res=false
*==== INFO ====*  stream_id=1103996 latency=0.465470 ms (tx_ts=85025713436952, rx_ts=85025713902422) request_id=2821596 zil_blk_id=1103996 ccf_commit_seqno=2821596 nstreams_done_=276000 config.nstreams=1000000 avg_latency=0.5678 ms avg throuhgput (requests/sec) = 990.9568 res=false
*==== INFO ====*  stream_id=1105996 latency=0.658010 ms (tx_ts=85026205177382, rx_ts=85026205835392) request_id=2826665 zil_blk_id=1105996 ccf_commit_seqno=2826665 nstreams_done_=276500 config.nstreams=1000000 avg_latency=0.5677 ms avg throuhgput (requests/sec) = 991.0016 res=false
*==== INFO ====*  stream_id=1107996 latency=0.536363 ms (tx_ts=85026693689593, rx_ts=85026694225956) request_id=2831705 zil_blk_id=1107996 ccf_commit_seqno=2831705 nstreams_done_=277000 config.nstreams=1000000 avg_latency=0.5677 ms avg throuhgput (requests/sec) = 991.0589 res=false
*==== INFO ====*  stream_id=1109996 latency=0.648273 ms (tx_ts=85027202811410, rx_ts=85027203459683) request_id=2836864 zil_blk_id=1109996 ccf_commit_seqno=2836865 nstreams_done_=277500 config.nstreams=1000000 avg_latency=0.5677 ms avg throuhgput (requests/sec) = 991.0422 res=false
*==== INFO ====*  stream_id=1111996 latency=0.501418 ms (tx_ts=85027713453768, rx_ts=85027713955186) request_id=2842128 zil_blk_id=1111996 ccf_commit_seqno=2842128 nstreams_done_=278000 config.nstreams=1000000 avg_latency=0.5676 ms avg throuhgput (requests/sec) = 991.0210 res=false
*==== INFO ====*  stream_id=1113996 latency=0.497601 ms (tx_ts=85028227190563, rx_ts=85028227688164) request_id=2847335 zil_blk_id=1113996 ccf_commit_seqno=2847335 nstreams_done_=278500 config.nstreams=1000000 avg_latency=0.5676 ms avg throuhgput (requests/sec) = 990.9886 res=false
*==== INFO ====*  stream_id=1115996 latency=0.593470 ms (tx_ts=85028745734088, rx_ts=85028746327558) request_id=2852490 zil_blk_id=1115996 ccf_commit_seqno=2852493 nstreams_done_=279000 config.nstreams=1000000 avg_latency=0.5677 ms avg throuhgput (requests/sec) = 990.9390 res=false
*==== INFO ====*  stream_id=1117996 latency=0.556300 ms (tx_ts=85029251477222, rx_ts=85029252033522) request_id=2857634 zil_blk_id=1117996 ccf_commit_seqno=2857635 nstreams_done_=279500 config.nstreams=1000000 avg_latency=0.5676 ms avg throuhgput (requests/sec) = 990.9350 res=false
*==== INFO ====*  stream_id=1119996 latency=0.507368 ms (tx_ts=85029754086664, rx_ts=85029754594032) request_id=2862777 zil_blk_id=1119996 ccf_commit_seqno=2862777 nstreams_done_=280000 config.nstreams=1000000 avg_latency=0.5676 ms avg throuhgput (requests/sec) = 990.9421 res=false
*==== INFO ====*  stream_id=1121996 latency=0.568633 ms (tx_ts=85030249766205, rx_ts=85030250334838) request_id=2867933 zil_blk_id=1121996 ccf_commit_seqno=2867933 nstreams_done_=280500 config.nstreams=1000000 avg_latency=0.5676 ms avg throuhgput (requests/sec) = 990.9730 res=false
*==== INFO ====*  stream_id=1123996 latency=0.614339 ms (tx_ts=85030751018983, rx_ts=85030751633322) request_id=2873099 zil_blk_id=1123996 ccf_commit_seqno=2873100 nstreams_done_=281000 config.nstreams=1000000 avg_latency=0.5676 ms avg throuhgput (requests/sec) = 990.9844 res=false
*==== INFO ====*  stream_id=1125996 latency=0.471622 ms (tx_ts=85031255827336, rx_ts=85031256298958) request_id=2878437 zil_blk_id=1125996 ccf_commit_seqno=2878437 nstreams_done_=281500 config.nstreams=1000000 avg_latency=0.5675 ms avg throuhgput (requests/sec) = 990.9839 res=false
*==== INFO ====*  stream_id=1127996 latency=0.732239 ms (tx_ts=85031762209652, rx_ts=85031762941891) request_id=2883714 zil_blk_id=1127996 ccf_commit_seqno=2883715 nstreams_done_=282000 config.nstreams=1000000 avg_latency=0.5675 ms avg throuhgput (requests/sec) = 990.9767 res=false
*==== INFO ====*  stream_id=1129996 latency=0.486490 ms (tx_ts=85032295543981, rx_ts=85032296030471) request_id=2888898 zil_blk_id=1129996 ccf_commit_seqno=2888898 nstreams_done_=282500 config.nstreams=1000000 avg_latency=0.5675 ms avg throuhgput (requests/sec) = 990.8775 res=false
*==== INFO ====*  stream_id=1131996 latency=0.589983 ms (tx_ts=85032821367874, rx_ts=85032821957857) request_id=2894341 zil_blk_id=1131996 ccf_commit_seqno=2894342 nstreams_done_=283000 config.nstreams=1000000 avg_latency=0.5675 ms avg throuhgput (requests/sec) = 990.8035 res=false
*==== INFO ====*  stream_id=1133996 latency=0.635849 ms (tx_ts=85033345361282, rx_ts=85033345997131) request_id=2899773 zil_blk_id=1133996 ccf_commit_seqno=2899773 nstreams_done_=283500 config.nstreams=1000000 avg_latency=0.5675 ms avg throuhgput (requests/sec) = 990.7363 res=false
*==== INFO ====*  stream_id=1135996 latency=0.485337 ms (tx_ts=85033920660114, rx_ts=85033921145451) request_id=2905380 zil_blk_id=1135996 ccf_commit_seqno=2905380 nstreams_done_=284000 config.nstreams=1000000 avg_latency=0.5676 ms avg throuhgput (requests/sec) = 990.4928 res=false
*==== INFO ====*  stream_id=1137996 latency=0.606274 ms (tx_ts=85034443567594, rx_ts=85034444173868) request_id=2910797 zil_blk_id=1137996 ccf_commit_seqno=2910797 nstreams_done_=284500 config.nstreams=1000000 avg_latency=0.5676 ms avg throuhgput (requests/sec) = 990.4300 res=false
*==== INFO ====*  stream_id=1139996 latency=0.504994 ms (tx_ts=85034978762803, rx_ts=85034979267797) request_id=2915995 zil_blk_id=1139996 ccf_commit_seqno=2915995 nstreams_done_=285000 config.nstreams=1000000 avg_latency=0.5676 ms avg throuhgput (requests/sec) = 990.3258 res=false
*==== INFO ====*  stream_id=1141996 latency=0.657519 ms (tx_ts=85035496557350, rx_ts=85035497214869) request_id=2921064 zil_blk_id=1141996 ccf_commit_seqno=2921064 nstreams_done_=285500 config.nstreams=1000000 avg_latency=0.5676 ms avg throuhgput (requests/sec) = 990.2809 res=false
*==== INFO ====*  stream_id=1143996 latency=0.545991 ms (tx_ts=85035989304866, rx_ts=85035989850857) request_id=2926270 zil_blk_id=1143996 ccf_commit_seqno=2926270 nstreams_done_=286000 config.nstreams=1000000 avg_latency=0.5676 ms avg throuhgput (requests/sec) = 990.3230 res=false
*==== INFO ====*  stream_id=1145996 latency=0.547764 ms (tx_ts=85036485568322, rx_ts=85036486116086) request_id=2931307 zil_blk_id=1145996 ccf_commit_seqno=2931307 nstreams_done_=286500 config.nstreams=1000000 avg_latency=0.5675 ms avg throuhgput (requests/sec) = 990.3525 res=false
*==== INFO ====*  stream_id=1147996 latency=0.538257 ms (tx_ts=85036983452369, rx_ts=85036983990626) request_id=2936460 zil_blk_id=1147996 ccf_commit_seqno=2936460 nstreams_done_=287000 config.nstreams=1000000 avg_latency=0.5675 ms avg throuhgput (requests/sec) = 990.3764 res=false
*==== INFO ====*  stream_id=1149996 latency=0.479757 ms (tx_ts=85037473018353, rx_ts=85037473498110) request_id=2941555 zil_blk_id=1149996 ccf_commit_seqno=2941555 nstreams_done_=287500 config.nstreams=1000000 avg_latency=0.5675 ms avg throuhgput (requests/sec) = 990.4288 res=false
*==== INFO ====*  stream_id=1151996 latency=0.485378 ms (tx_ts=85037988170964, rx_ts=85037988656342) request_id=2946785 zil_blk_id=1151996 ccf_commit_seqno=2946785 nstreams_done_=288000 config.nstreams=1000000 avg_latency=0.5675 ms avg throuhgput (requests/sec) = 990.3936 res=false
*==== INFO ====*  stream_id=1153996 latency=0.695590 ms (tx_ts=85038520573291, rx_ts=85038521268881) request_id=2951906 zil_blk_id=1153996 ccf_commit_seqno=2951906 nstreams_done_=288500 config.nstreams=1000000 avg_latency=0.5676 ms avg throuhgput (requests/sec) = 990.2993 res=false
*==== INFO ====*  stream_id=1155996 latency=0.542013 ms (tx_ts=85039017612989, rx_ts=85039018155002) request_id=2957088 zil_blk_id=1155996 ccf_commit_seqno=2957089 nstreams_done_=289000 config.nstreams=1000000 avg_latency=0.5676 ms avg throuhgput (requests/sec) = 990.3264 res=false
*==== INFO ====*  stream_id=1157996 latency=0.652770 ms (tx_ts=85039539094329, rx_ts=85039539747099) request_id=2962438 zil_blk_id=1157996 ccf_commit_seqno=2962438 nstreams_done_=289500 config.nstreams=1000000 avg_latency=0.5676 ms avg throuhgput (requests/sec) = 990.2698 res=false
*==== INFO ====*  stream_id=1159996 latency=0.538357 ms (tx_ts=85040085923186, rx_ts=85040086461543) request_id=2967817 zil_blk_id=1159996 ccf_commit_seqno=2967817 nstreams_done_=290000 config.nstreams=1000000 avg_latency=0.5677 ms avg throuhgput (requests/sec) = 990.1285 res=false
*==== INFO ====*  stream_id=1161996 latency=0.457996 ms (tx_ts=85040622942347, rx_ts=85040623400343) request_id=2973333 zil_blk_id=1161996 ccf_commit_seqno=2973333 nstreams_done_=290500 config.nstreams=1000000 avg_latency=0.5677 ms avg throuhgput (requests/sec) = 990.0207 res=false
*==== INFO ====*  stream_id=1163996 latency=0.668249 ms (tx_ts=85041139716476, rx_ts=85041140384725) request_id=2978755 zil_blk_id=1163996 ccf_commit_seqno=2978755 nstreams_done_=291000 config.nstreams=1000000 avg_latency=0.5677 ms avg throuhgput (requests/sec) = 989.9805 res=false
*==== INFO ====*  stream_id=1165996 latency=0.556330 ms (tx_ts=85041662556131, rx_ts=85041663112461) request_id=2984318 zil_blk_id=1165996 ccf_commit_seqno=2984318 nstreams_done_=291500 config.nstreams=1000000 avg_latency=0.5677 ms avg throuhgput (requests/sec) = 989.9211 res=false
*==== INFO ====*  stream_id=1167996 latency=0.578071 ms (tx_ts=85042205540296, rx_ts=85042206118367) request_id=2989850 zil_blk_id=1167996 ccf_commit_seqno=2989850 nstreams_done_=292000 config.nstreams=1000000 avg_latency=0.5677 ms avg throuhgput (requests/sec) = 989.7938 res=false
*==== INFO ====*  stream_id=1169996 latency=0.576218 ms (tx_ts=85042725936595, rx_ts=85042726512813) request_id=2995263 zil_blk_id=1169996 ccf_commit_seqno=2995264 nstreams_done_=292500 config.nstreams=1000000 avg_latency=0.5677 ms avg throuhgput (requests/sec) = 989.7428 res=false
*==== INFO ====*  stream_id=1171996 latency=0.496448 ms (tx_ts=85043252777003, rx_ts=85043253273451) request_id=3000392 zil_blk_id=1171996 ccf_commit_seqno=3000392 nstreams_done_=293000 config.nstreams=1000000 avg_latency=0.5677 ms avg throuhgput (requests/sec) = 989.6707 res=false
*==== INFO ====*  stream_id=1173996 latency=0.532466 ms (tx_ts=85043775372210, rx_ts=85043775904676) request_id=3005665 zil_blk_id=1173996 ccf_commit_seqno=3005665 nstreams_done_=293500 config.nstreams=1000000 avg_latency=0.5677 ms avg throuhgput (requests/sec) = 989.6126 res=false
*==== INFO ====*  stream_id=1175996 latency=0.580796 ms (tx_ts=85044297334781, rx_ts=85044297915577) request_id=3010896 zil_blk_id=1175996 ccf_commit_seqno=3010896 nstreams_done_=294000 config.nstreams=1000000 avg_latency=0.5677 ms avg throuhgput (requests/sec) = 989.5567 res=false
*==== INFO ====*  stream_id=1177996 latency=0.603598 ms (tx_ts=85044804316163, rx_ts=85044804919761) request_id=3016123 zil_blk_id=1177996 ccf_commit_seqno=3016123 nstreams_done_=294500 config.nstreams=1000000 avg_latency=0.5677 ms avg throuhgput (requests/sec) = 989.5510 res=false
*==== INFO ====*  stream_id=1179996 latency=0.518179 ms (tx_ts=85045275476022, rx_ts=85045275994201) request_id=3020780 zil_blk_id=1179996 ccf_commit_seqno=3020780 nstreams_done_=295000 config.nstreams=1000000 avg_latency=0.5677 ms avg throuhgput (requests/sec) = 989.6645 res=false
*==== INFO ====*  stream_id=1181996 latency=0.521845 ms (tx_ts=85045758199806, rx_ts=85045758721651) request_id=3025561 zil_blk_id=1181996 ccf_commit_seqno=3025561 nstreams_done_=295500 config.nstreams=1000000 avg_latency=0.5677 ms avg throuhgput (requests/sec) = 989.7391 res=false
*==== INFO ====*  stream_id=1183996 latency=0.516145 ms (tx_ts=85046237112051, rx_ts=85046237628196) request_id=3030294 zil_blk_id=1183996 ccf_commit_seqno=3030294 nstreams_done_=296000 config.nstreams=1000000 avg_latency=0.5677 ms avg throuhgput (requests/sec) = 989.8261 res=false
*==== INFO ====*  stream_id=1185996 latency=0.587258 ms (tx_ts=85046738751906, rx_ts=85046739339164) request_id=3035212 zil_blk_id=1185996 ccf_commit_seqno=3035212 nstreams_done_=296500 config.nstreams=1000000 avg_latency=0.5677 ms avg throuhgput (requests/sec) = 989.8374 res=false
*==== INFO ====*  stream_id=1187996 latency=0.496719 ms (tx_ts=85047228062473, rx_ts=85047228559192) request_id=3040275 zil_blk_id=1187996 ccf_commit_seqno=3040275 nstreams_done_=297000 config.nstreams=1000000 avg_latency=0.5677 ms avg throuhgput (requests/sec) = 989.8899 res=false
*==== INFO ====*  stream_id=1189996 latency=0.572921 ms (tx_ts=85047724142219, rx_ts=85047724715140) request_id=3045335 zil_blk_id=1189996 ccf_commit_seqno=3045335 nstreams_done_=297500 config.nstreams=1000000 avg_latency=0.5677 ms avg throuhgput (requests/sec) = 989.9194 res=false
*==== INFO ====*  stream_id=1191996 latency=0.508951 ms (tx_ts=85048230652183, rx_ts=85048231161134) request_id=3050472 zil_blk_id=1191996 ccf_commit_seqno=3050472 nstreams_done_=298000 config.nstreams=1000000 avg_latency=0.5677 ms avg throuhgput (requests/sec) = 989.9149 res=false
*==== INFO ====*  stream_id=1193996 latency=0.510855 ms (tx_ts=85048715555776, rx_ts=85048716066631) request_id=3055509 zil_blk_id=1193996 ccf_commit_seqno=3055509 nstreams_done_=298500 config.nstreams=1000000 avg_latency=0.5677 ms avg throuhgput (requests/sec) = 989.9812 res=false
*==== INFO ====*  stream_id=1195996 latency=0.491118 ms (tx_ts=85049200758120, rx_ts=85049201249238) request_id=3060512 zil_blk_id=1195996 ccf_commit_seqno=3060512 nstreams_done_=299000 config.nstreams=1000000 avg_latency=0.5677 ms avg throuhgput (requests/sec) = 990.0464 res=false
*==== INFO ====*  stream_id=1197996 latency=0.501217 ms (tx_ts=85049682535918, rx_ts=85049683037135) request_id=3065539 zil_blk_id=1197996 ccf_commit_seqno=3065539 nstreams_done_=299500 config.nstreams=1000000 avg_latency=0.5677 ms avg throuhgput (requests/sec) = 990.1224 res=false
*==== INFO ====*  stream_id=1199996 latency=0.557894 ms (tx_ts=85050172172564, rx_ts=85050172730458) request_id=3070727 zil_blk_id=1199996 ccf_commit_seqno=3070729 nstreams_done_=300000 config.nstreams=1000000 avg_latency=0.5677 ms avg throuhgput (requests/sec) = 990.1724 res=false
*==== INFO ====*  stream_id=1201996 latency=0.595002 ms (tx_ts=85050669235278, rx_ts=85050669830280) request_id=3075941 zil_blk_id=1201996 ccf_commit_seqno=3075942 nstreams_done_=300500 config.nstreams=1000000 avg_latency=0.5676 ms avg throuhgput (requests/sec) = 990.1981 res=false
*==== INFO ====*  stream_id=1203996 latency=0.585525 ms (tx_ts=85051154201447, rx_ts=85051154786972) request_id=3080905 zil_blk_id=1203996 ccf_commit_seqno=3080906 nstreams_done_=301000 config.nstreams=1000000 avg_latency=0.5676 ms avg throuhgput (requests/sec) = 990.2632 res=false
*==== INFO ====*  stream_id=1205996 latency=0.545099 ms (tx_ts=85051661228323, rx_ts=85051661773422) request_id=3086028 zil_blk_id=1205996 ccf_commit_seqno=3086028 nstreams_done_=301500 config.nstreams=1000000 avg_latency=0.5676 ms avg throuhgput (requests/sec) = 990.2565 res=false
*==== INFO ====*  stream_id=1207996 latency=0.550801 ms (tx_ts=85052164290513, rx_ts=85052164841314) request_id=3091255 zil_blk_id=1207996 ccf_commit_seqno=3091256 nstreams_done_=302000 config.nstreams=1000000 avg_latency=0.5676 ms avg throuhgput (requests/sec) = 990.2625 res=false
*==== INFO ====*  stream_id=1209996 latency=0.523570 ms (tx_ts=85052661234948, rx_ts=85052661758518) request_id=3096254 zil_blk_id=1209996 ccf_commit_seqno=3096254 nstreams_done_=302500 config.nstreams=1000000 avg_latency=0.5675 ms avg throuhgput (requests/sec) = 990.2884 res=false
*==== INFO ====*  stream_id=1211996 latency=0.553726 ms (tx_ts=85053183870353, rx_ts=85053184424079) request_id=3101482 zil_blk_id=1211996 ccf_commit_seqno=3101482 nstreams_done_=303000 config.nstreams=1000000 avg_latency=0.5675 ms avg throuhgput (requests/sec) = 990.2309 res=false
*==== INFO ====*  stream_id=1213996 latency=0.605212 ms (tx_ts=85053658771940, rx_ts=85053659377152) request_id=3106470 zil_blk_id=1213996 ccf_commit_seqno=3106472 nstreams_done_=303500 config.nstreams=1000000 avg_latency=0.5675 ms avg throuhgput (requests/sec) = 990.3278 res=false
*==== INFO ====*  stream_id=1215996 latency=0.545210 ms (tx_ts=85054134120523, rx_ts=85054134665733) request_id=3111398 zil_blk_id=1215996 ccf_commit_seqno=3111398 nstreams_done_=304000 config.nstreams=1000000 avg_latency=0.5675 ms avg throuhgput (requests/sec) = 990.4233 res=false
*==== INFO ====*  stream_id=1217996 latency=0.578372 ms (tx_ts=85054639670510, rx_ts=85054640248882) request_id=3116594 zil_blk_id=1217996 ccf_commit_seqno=3116594 nstreams_done_=304500 config.nstreams=1000000 avg_latency=0.5675 ms avg throuhgput (requests/sec) = 990.4209 res=false
*==== INFO ====*  stream_id=1219996 latency=0.590264 ms (tx_ts=85055128258025, rx_ts=85055128848289) request_id=3121671 zil_blk_id=1219996 ccf_commit_seqno=3121671 nstreams_done_=305000 config.nstreams=1000000 avg_latency=0.5675 ms avg throuhgput (requests/sec) = 990.4731 res=false
*==== INFO ====*  stream_id=1221996 latency=0.575907 ms (tx_ts=85055641142980, rx_ts=85055641718887) request_id=3127096 zil_blk_id=1221996 ccf_commit_seqno=3127096 nstreams_done_=305500 config.nstreams=1000000 avg_latency=0.5674 ms avg throuhgput (requests/sec) = 990.4472 res=false
*==== INFO ====*  stream_id=1223996 latency=0.534069 ms (tx_ts=85056128132368, rx_ts=85056128666437) request_id=3131062 zil_blk_id=1223996 ccf_commit_seqno=3131062 nstreams_done_=306000 config.nstreams=1000000 avg_latency=0.5674 ms avg throuhgput (requests/sec) = 990.5045 res=false
*==== INFO ====*  stream_id=1225996 latency=0.516065 ms (tx_ts=85056604550202, rx_ts=85056605066267) request_id=3134434 zil_blk_id=1225996 ccf_commit_seqno=3134434 nstreams_done_=306500 config.nstreams=1000000 avg_latency=0.5673 ms avg throuhgput (requests/sec) = 990.5954 res=false
*==== INFO ====*  stream_id=1227996 latency=0.496579 ms (tx_ts=85057097646983, rx_ts=85057098143562) request_id=3137887 zil_blk_id=1227996 ccf_commit_seqno=3137887 nstreams_done_=307000 config.nstreams=1000000 avg_latency=0.5672 ms avg throuhgput (requests/sec) = 990.6327 res=false
*==== INFO ====*  stream_id=1229996 latency=0.517408 ms (tx_ts=85057583745775, rx_ts=85057584263183) request_id=3141287 zil_blk_id=1229996 ccf_commit_seqno=3141287 nstreams_done_=307500 config.nstreams=1000000 avg_latency=0.5672 ms avg throuhgput (requests/sec) = 990.6921 res=false
*==== INFO ====*  stream_id=1231996 latency=0.623797 ms (tx_ts=85058103894527, rx_ts=85058104518324) request_id=3144730 zil_blk_id=1231996 ccf_commit_seqno=3144731 nstreams_done_=308000 config.nstreams=1000000 avg_latency=0.5672 ms avg throuhgput (requests/sec) = 990.6425 res=false
*==== INFO ====*  stream_id=1233996 latency=0.503492 ms (tx_ts=85058596943881, rx_ts=85058597447373) request_id=3148144 zil_blk_id=1233996 ccf_commit_seqno=3148144 nstreams_done_=308500 config.nstreams=1000000 avg_latency=0.5671 ms avg throuhgput (requests/sec) = 990.6800 res=false
*==== INFO ====*  stream_id=1235996 latency=0.537515 ms (tx_ts=85059109248103, rx_ts=85059109785618) request_id=3151646 zil_blk_id=1235996 ccf_commit_seqno=3151647 nstreams_done_=309000 config.nstreams=1000000 avg_latency=0.5671 ms avg throuhgput (requests/sec) = 990.6558 res=false
*==== INFO ====*  stream_id=1237996 latency=0.540491 ms (tx_ts=85059621676942, rx_ts=85059622217433) request_id=3155194 zil_blk_id=1237996 ccf_commit_seqno=3155195 nstreams_done_=309500 config.nstreams=1000000 avg_latency=0.5670 ms avg throuhgput (requests/sec) = 990.6313 res=false
*==== INFO ====*  stream_id=1239996 latency=0.629007 ms (tx_ts=85060133202414, rx_ts=85060133831421) request_id=3158702 zil_blk_id=1239996 ccf_commit_seqno=3158703 nstreams_done_=310000 config.nstreams=1000000 avg_latency=0.5670 ms avg throuhgput (requests/sec) = 990.6095 res=false
*==== INFO ====*  stream_id=1241996 latency=0.491750 ms (tx_ts=85060652163733, rx_ts=85060652655483) request_id=3162202 zil_blk_id=1241996 ccf_commit_seqno=3162202 nstreams_done_=310500 config.nstreams=1000000 avg_latency=0.5669 ms avg throuhgput (requests/sec) = 990.5650 res=false
*==== INFO ====*  stream_id=1243996 latency=0.599913 ms (tx_ts=85061144219610, rx_ts=85061144819523) request_id=3165637 zil_blk_id=1243996 ccf_commit_seqno=3165638 nstreams_done_=311000 config.nstreams=1000000 avg_latency=0.5668 ms avg throuhgput (requests/sec) = 990.6048 res=false
*==== INFO ====*  stream_id=1245996 latency=0.459140 ms (tx_ts=85061637615325, rx_ts=85061638074465) request_id=3169003 zil_blk_id=1245996 ccf_commit_seqno=3169003 nstreams_done_=311500 config.nstreams=1000000 avg_latency=0.5668 ms avg throuhgput (requests/sec) = 990.6410 res=false
*==== INFO ====*  stream_id=1247996 latency=0.576138 ms (tx_ts=85062106487783, rx_ts=85062107063921) request_id=3172318 zil_blk_id=1247996 ccf_commit_seqno=3172318 nstreams_done_=312000 config.nstreams=1000000 avg_latency=0.5667 ms avg throuhgput (requests/sec) = 990.7534 res=false
*==== INFO ====*  stream_id=1249996 latency=0.527511 ms (tx_ts=85062565695977, rx_ts=85062566223488) request_id=3175577 zil_blk_id=1249996 ccf_commit_seqno=3175577 nstreams_done_=312500 config.nstreams=1000000 avg_latency=0.5666 ms avg throuhgput (requests/sec) = 990.8963 res=false
*==== INFO ====*  stream_id=1251996 latency=0.545712 ms (tx_ts=85063033537919, rx_ts=85063034083631) request_id=3178792 zil_blk_id=1251996 ccf_commit_seqno=3178792 nstreams_done_=313000 config.nstreams=1000000 avg_latency=0.5666 ms avg throuhgput (requests/sec) = 991.0116 res=false
*==== INFO ====*  stream_id=1253996 latency=0.635019 ms (tx_ts=85063502111744, rx_ts=85063502746763) request_id=3182119 zil_blk_id=1253996 ccf_commit_seqno=3182120 nstreams_done_=313500 config.nstreams=1000000 avg_latency=0.5666 ms avg throuhgput (requests/sec) = 991.1240 res=false
*==== INFO ====*  stream_id=1255996 latency=0.505647 ms (tx_ts=85063991291524, rx_ts=85063991797171) request_id=3185500 zil_blk_id=1255996 ccf_commit_seqno=3185500 nstreams_done_=314000 config.nstreams=1000000 avg_latency=0.5665 ms avg throuhgput (requests/sec) = 991.1722 res=false
*==== INFO ====*  stream_id=1257996 latency=0.524672 ms (tx_ts=85064486171708, rx_ts=85064486696380) request_id=3189022 zil_blk_id=1257996 ccf_commit_seqno=3189022 nstreams_done_=314500 config.nstreams=1000000 avg_latency=0.5665 ms avg throuhgput (requests/sec) = 991.2021 res=false
*==== INFO ====*  stream_id=1259996 latency=0.521213 ms (tx_ts=85064990262686, rx_ts=85064990783899) request_id=3192539 zil_blk_id=1259996 ccf_commit_seqno=3192539 nstreams_done_=315000 config.nstreams=1000000 avg_latency=0.5664 ms avg throuhgput (requests/sec) = 991.2032 res=false
*==== INFO ====*  stream_id=1261996 latency=0.498714 ms (tx_ts=85065500941662, rx_ts=85065501440376) request_id=3195964 zil_blk_id=1261996 ccf_commit_seqno=3195964 nstreams_done_=315500 config.nstreams=1000000 avg_latency=0.5664 ms avg throuhgput (requests/sec) = 991.1838 res=false
*==== INFO ====*  stream_id=1263996 latency=0.513111 ms (tx_ts=85066021644949, rx_ts=85066022158060) request_id=3199610 zil_blk_id=1263996 ccf_commit_seqno=3199610 nstreams_done_=316000 config.nstreams=1000000 avg_latency=0.5663 ms avg throuhgput (requests/sec) = 991.1332 res=false
*==== INFO ====*  stream_id=1265996 latency=0.528379 ms (tx_ts=85066544911144, rx_ts=85066545439523) request_id=3203242 zil_blk_id=1265996 ccf_commit_seqno=3203242 nstreams_done_=316500 config.nstreams=1000000 avg_latency=0.5663 ms avg throuhgput (requests/sec) = 991.0748 res=false
*==== INFO ====*  stream_id=1267996 latency=0.503191 ms (tx_ts=85067049149135, rx_ts=85067049652326) request_id=3206762 zil_blk_id=1267996 ccf_commit_seqno=3206762 nstreams_done_=317000 config.nstreams=1000000 avg_latency=0.5662 ms avg throuhgput (requests/sec) = 991.0757 res=false
*==== INFO ====*  stream_id=1269996 latency=0.539509 ms (tx_ts=85067535994063, rx_ts=85067536533572) request_id=3210206 zil_blk_id=1269996 ccf_commit_seqno=3210206 nstreams_done_=317500 config.nstreams=1000000 avg_latency=0.5661 ms avg throuhgput (requests/sec) = 991.1303 res=false
*==== INFO ====*  stream_id=1271996 latency=0.452376 ms (tx_ts=85068031315002, rx_ts=85068031767378) request_id=3213709 zil_blk_id=1271996 ccf_commit_seqno=3213709 nstreams_done_=318000 config.nstreams=1000000 avg_latency=0.5661 ms avg throuhgput (requests/sec) = 991.1588 res=false
*==== INFO ====*  stream_id=1273996 latency=0.470670 ms (tx_ts=85068535224322, rx_ts=85068535694992) request_id=3217169 zil_blk_id=1273996 ccf_commit_seqno=3217169 nstreams_done_=318500 config.nstreams=1000000 avg_latency=0.5660 ms avg throuhgput (requests/sec) = 991.1604 res=false
*==== INFO ====*  stream_id=1275996 latency=0.527471 ms (tx_ts=85069058123619, rx_ts=85069058651090) request_id=3220744 zil_blk_id=1275996 ccf_commit_seqno=3220745 nstreams_done_=319000 config.nstreams=1000000 avg_latency=0.5660 ms avg throuhgput (requests/sec) = 991.1035 res=false
*==== INFO ====*  stream_id=1277996 latency=0.477557 ms (tx_ts=85069566803554, rx_ts=85069567281111) request_id=3224378 zil_blk_id=1277996 ccf_commit_seqno=3224378 nstreams_done_=319500 config.nstreams=1000000 avg_latency=0.5659 ms avg throuhgput (requests/sec) = 991.0908 res=false
*==== INFO ====*  stream_id=1279996 latency=0.532409 ms (tx_ts=85070078365011, rx_ts=85070078897420) request_id=3227942 zil_blk_id=1279996 ccf_commit_seqno=3227942 nstreams_done_=320000 config.nstreams=1000000 avg_latency=0.5659 ms avg throuhgput (requests/sec) = 991.0689 res=false
*==== INFO ====*  stream_id=1281996 latency=0.555640 ms (tx_ts=85070579884826, rx_ts=85070580440466) request_id=3231528 zil_blk_id=1281996 ccf_commit_seqno=3231528 nstreams_done_=320500 config.nstreams=1000000 avg_latency=0.5658 ms avg throuhgput (requests/sec) = 991.0780 res=false
*==== INFO ====*  stream_id=1283996 latency=0.559226 ms (tx_ts=85071083277744, rx_ts=85071083836970) request_id=3235048 zil_blk_id=1283996 ccf_commit_seqno=3235048 nstreams_done_=321000 config.nstreams=1000000 avg_latency=0.5657 ms avg throuhgput (requests/sec) = 991.0814 res=false
*==== INFO ====*  stream_id=1285996 latency=0.507369 ms (tx_ts=85071584354071, rx_ts=85071584861440) request_id=3238589 zil_blk_id=1285996 ccf_commit_seqno=3238589 nstreams_done_=321500 config.nstreams=1000000 avg_latency=0.5657 ms avg throuhgput (requests/sec) = 991.0920 res=false
*==== INFO ====*  stream_id=1287996 latency=0.471322 ms (tx_ts=85072087202571, rx_ts=85072087673893) request_id=3242092 zil_blk_id=1287996 ccf_commit_seqno=3242092 nstreams_done_=322000 config.nstreams=1000000 avg_latency=0.5656 ms avg throuhgput (requests/sec) = 991.0971 res=false
*==== INFO ====*  stream_id=1289996 latency=0.540190 ms (tx_ts=85072566338069, rx_ts=85072566878259) request_id=3245543 zil_blk_id=1289996 ccf_commit_seqno=3245543 nstreams_done_=322500 config.nstreams=1000000 avg_latency=0.5655 ms avg throuhgput (requests/sec) = 991.1741 res=false
*==== INFO ====*  stream_id=1291996 latency=0.620971 ms (tx_ts=85073053128348, rx_ts=85073053749319) request_id=3248945 zil_blk_id=1291996 ccf_commit_seqno=3248945 nstreams_done_=323000 config.nstreams=1000000 avg_latency=0.5655 ms avg throuhgput (requests/sec) = 991.2276 res=false
*==== INFO ====*  stream_id=1293996 latency=0.482102 ms (tx_ts=85073570922478, rx_ts=85073571404580) request_id=3252529 zil_blk_id=1293996 ccf_commit_seqno=3252529 nstreams_done_=323500 config.nstreams=1000000 avg_latency=0.5655 ms avg throuhgput (requests/sec) = 991.1874 res=false
*==== INFO ====*  stream_id=1295996 latency=0.480519 ms (tx_ts=85074078015037, rx_ts=85074078495556) request_id=3255995 zil_blk_id=1295996 ccf_commit_seqno=3255995 nstreams_done_=324000 config.nstreams=1000000 avg_latency=0.5654 ms avg throuhgput (requests/sec) = 991.1794 res=false
*==== INFO ====*  stream_id=1297996 latency=0.493062 ms (tx_ts=85074589191035, rx_ts=85074589684097) request_id=3259594 zil_blk_id=1297996 ccf_commit_seqno=3259594 nstreams_done_=324500 config.nstreams=1000000 avg_latency=0.5654 ms avg throuhgput (requests/sec) = 991.1590 res=false
*==== INFO ====*  stream_id=1299996 latency=0.575126 ms (tx_ts=85075092152406, rx_ts=85075092727532) request_id=3263152 zil_blk_id=1299996 ccf_commit_seqno=3263152 nstreams_done_=325000 config.nstreams=1000000 avg_latency=0.5653 ms avg throuhgput (requests/sec) = 991.1633 res=false
*==== INFO ====*  stream_id=1301996 latency=0.498883 ms (tx_ts=85075592413336, rx_ts=85075592912219) request_id=3266571 zil_blk_id=1301996 ccf_commit_seqno=3266571 nstreams_done_=325500 config.nstreams=1000000 avg_latency=0.5653 ms avg throuhgput (requests/sec) = 991.1762 res=false
*==== INFO ====*  stream_id=1303996 latency=0.491259 ms (tx_ts=85076090754555, rx_ts=85076091245814) request_id=3269964 zil_blk_id=1303996 ccf_commit_seqno=3269964 nstreams_done_=326000 config.nstreams=1000000 avg_latency=0.5652 ms avg throuhgput (requests/sec) = 991.1946 res=false
*==== INFO ====*  stream_id=1305996 latency=0.647932 ms (tx_ts=85076582375624, rx_ts=85076583023556) request_id=3273400 zil_blk_id=1305996 ccf_commit_seqno=3273400 nstreams_done_=326500 config.nstreams=1000000 avg_latency=0.5652 ms avg throuhgput (requests/sec) = 991.2327 res=false
*==== INFO ====*  stream_id=1307996 latency=0.493253 ms (tx_ts=85077090093113, rx_ts=85077090586366) request_id=3276993 zil_blk_id=1307996 ccf_commit_seqno=3276993 nstreams_done_=327000 config.nstreams=1000000 avg_latency=0.5651 ms avg throuhgput (requests/sec) = 991.2233 res=false
*==== INFO ====*  stream_id=1309996 latency=0.529941 ms (tx_ts=85077612603413, rx_ts=85077613133354) request_id=3280446 zil_blk_id=1309996 ccf_commit_seqno=3280446 nstreams_done_=327500 config.nstreams=1000000 avg_latency=0.5651 ms avg throuhgput (requests/sec) = 991.1689 res=false
*==== INFO ====*  stream_id=1311996 latency=0.506147 ms (tx_ts=85078141140354, rx_ts=85078141646501) request_id=3284107 zil_blk_id=1311996 ccf_commit_seqno=3284107 nstreams_done_=328000 config.nstreams=1000000 avg_latency=0.5651 ms avg throuhgput (requests/sec) = 991.0969 res=false
*==== INFO ====*  stream_id=1313996 latency=0.520624 ms (tx_ts=85078649106066, rx_ts=85078649626690) request_id=3287536 zil_blk_id=1313996 ccf_commit_seqno=3287536 nstreams_done_=328500 config.nstreams=1000000 avg_latency=0.5651 ms avg throuhgput (requests/sec) = 991.0864 res=false
*==== INFO ====*  stream_id=1315996 latency=0.738241 ms (tx_ts=85079148308235, rx_ts=85079149046476) request_id=3291006 zil_blk_id=1315996 ccf_commit_seqno=3291006 nstreams_done_=329000 config.nstreams=1000000 avg_latency=0.5651 ms avg throuhgput (requests/sec) = 991.1016 res=false
*==== INFO ====*  stream_id=1317996 latency=0.520895 ms (tx_ts=85079645676097, rx_ts=85079646196992) request_id=3294449 zil_blk_id=1317996 ccf_commit_seqno=3294449 nstreams_done_=329500 config.nstreams=1000000 avg_latency=0.5650 ms avg throuhgput (requests/sec) = 991.1235 res=false
*==== INFO ====*  stream_id=1319996 latency=0.590975 ms (tx_ts=85080158344977, rx_ts=85080158935952) request_id=3297909 zil_blk_id=1319996 ccf_commit_seqno=3297909 nstreams_done_=330000 config.nstreams=1000000 avg_latency=0.5650 ms avg throuhgput (requests/sec) = 991.0989 res=false
*==== INFO ====*  stream_id=1321996 latency=0.528649 ms (tx_ts=85080706722564, rx_ts=85080707251213) request_id=3301598 zil_blk_id=1321996 ccf_commit_seqno=3301598 nstreams_done_=330500 config.nstreams=1000000 avg_latency=0.5650 ms avg throuhgput (requests/sec) = 990.9687 res=false
*==== INFO ====*  stream_id=1323996 latency=0.572702 ms (tx_ts=85081224599817, rx_ts=85081225172519) request_id=3305116 zil_blk_id=1323996 ccf_commit_seqno=3305116 nstreams_done_=331000 config.nstreams=1000000 avg_latency=0.5650 ms avg throuhgput (requests/sec) = 990.9290 res=false
*==== INFO ====*  stream_id=1325996 latency=0.502569 ms (tx_ts=85081721652446, rx_ts=85081722155015) request_id=3308613 zil_blk_id=1325996 ccf_commit_seqno=3308613 nstreams_done_=331500 config.nstreams=1000000 avg_latency=0.5650 ms avg throuhgput (requests/sec) = 990.9515 res=false
*==== INFO ====*  stream_id=1327996 latency=0.537114 ms (tx_ts=85082223291467, rx_ts=85082223828581) request_id=3312150 zil_blk_id=1327996 ccf_commit_seqno=3312150 nstreams_done_=332000 config.nstreams=1000000 avg_latency=0.5649 ms avg throuhgput (requests/sec) = 990.9601 res=false
*==== INFO ====*  stream_id=1329996 latency=0.597457 ms (tx_ts=85082717046408, rx_ts=85082717643865) request_id=3315590 zil_blk_id=1329996 ccf_commit_seqno=3315591 nstreams_done_=332500 config.nstreams=1000000 avg_latency=0.5649 ms avg throuhgput (requests/sec) = 990.9918 res=false
*==== INFO ====*  stream_id=1331996 latency=0.505235 ms (tx_ts=85083207046393, rx_ts=85083207551628) request_id=3318951 zil_blk_id=1331996 ccf_commit_seqno=3318951 nstreams_done_=333000 config.nstreams=1000000 avg_latency=0.5649 ms avg throuhgput (requests/sec) = 991.0350 res=false
*==== INFO ====*  stream_id=1333996 latency=0.602888 ms (tx_ts=85083690279951, rx_ts=85083690882839) request_id=3322324 zil_blk_id=1333996 ccf_commit_seqno=3322325 nstreams_done_=333500 config.nstreams=1000000 avg_latency=0.5649 ms avg throuhgput (requests/sec) = 991.0974 res=false
*==== INFO ====*  stream_id=1335996 latency=0.588531 ms (tx_ts=85084180846166, rx_ts=85084181434697) request_id=3325646 zil_blk_id=1335996 ccf_commit_seqno=3325646 nstreams_done_=334000 config.nstreams=1000000 avg_latency=0.5649 ms avg throuhgput (requests/sec) = 991.1384 res=false
*==== INFO ====*  stream_id=1337996 latency=0.527948 ms (tx_ts=85084699718349, rx_ts=85084700246297) request_id=3329068 zil_blk_id=1337996 ccf_commit_seqno=3329068 nstreams_done_=334500 config.nstreams=1000000 avg_latency=0.5649 ms avg throuhgput (requests/sec) = 991.0963 res=false
*==== INFO ====*  stream_id=1339996 latency=0.527938 ms (tx_ts=85085179405669, rx_ts=85085179933607) request_id=3332425 zil_blk_id=1339996 ccf_commit_seqno=3332425 nstreams_done_=335000 config.nstreams=1000000 avg_latency=0.5649 ms avg throuhgput (requests/sec) = 991.1690 res=false
*==== INFO ====*  stream_id=1341996 latency=0.513400 ms (tx_ts=85085669098482, rx_ts=85085669611882) request_id=3335694 zil_blk_id=1341996 ccf_commit_seqno=3335694 nstreams_done_=335500 config.nstreams=1000000 avg_latency=0.5649 ms avg throuhgput (requests/sec) = 991.2123 res=false
*==== INFO ====*  stream_id=1343996 latency=0.476271 ms (tx_ts=85086155625670, rx_ts=85086156101941) request_id=3339107 zil_blk_id=1343996 ccf_commit_seqno=3339107 nstreams_done_=336000 config.nstreams=1000000 avg_latency=0.5648 ms avg throuhgput (requests/sec) = 991.2647 res=false
*==== INFO ====*  stream_id=1345996 latency=0.496598 ms (tx_ts=85086645331547, rx_ts=85086645828145) request_id=3342555 zil_blk_id=1345996 ccf_commit_seqno=3342555 nstreams_done_=336500 config.nstreams=1000000 avg_latency=0.5648 ms avg throuhgput (requests/sec) = 991.3076 res=false
*==== INFO ====*  stream_id=1347996 latency=0.518810 ms (tx_ts=85087142973824, rx_ts=85087143492634) request_id=3346140 zil_blk_id=1347996 ccf_commit_seqno=3346140 nstreams_done_=337000 config.nstreams=1000000 avg_latency=0.5647 ms avg throuhgput (requests/sec) = 991.3272 res=false
*==== INFO ====*  stream_id=1349996 latency=0.499483 ms (tx_ts=85087644235713, rx_ts=85087644735196) request_id=3349661 zil_blk_id=1349996 ccf_commit_seqno=3349661 nstreams_done_=337500 config.nstreams=1000000 avg_latency=0.5646 ms avg throuhgput (requests/sec) = 991.3363 res=false
*==== INFO ====*  stream_id=1351996 latency=0.487422 ms (tx_ts=85088146158109, rx_ts=85088146645531) request_id=3353124 zil_blk_id=1351996 ccf_commit_seqno=3353124 nstreams_done_=338000 config.nstreams=1000000 avg_latency=0.5647 ms avg throuhgput (requests/sec) = 991.3435 res=false
*==== INFO ====*  stream_id=1353996 latency=0.646349 ms (tx_ts=85088666215941, rx_ts=85088666862290) request_id=3356637 zil_blk_id=1353996 ccf_commit_seqno=3356639 nstreams_done_=338500 config.nstreams=1000000 avg_latency=0.5647 ms avg throuhgput (requests/sec) = 991.2975 res=false
*==== INFO ====*  stream_id=1355996 latency=0.510414 ms (tx_ts=85089176692056, rx_ts=85089177202470) request_id=3360227 zil_blk_id=1355996 ccf_commit_seqno=3360227 nstreams_done_=339000 config.nstreams=1000000 avg_latency=0.5646 ms avg throuhgput (requests/sec) = 991.2802 res=false
*==== INFO ====*  stream_id=1357996 latency=0.476081 ms (tx_ts=85089692928712, rx_ts=85089693404793) request_id=3363834 zil_blk_id=1357996 ccf_commit_seqno=3363834 nstreams_done_=339500 config.nstreams=1000000 avg_latency=0.5646 ms avg throuhgput (requests/sec) = 991.2460 res=false
*==== INFO ====*  stream_id=1359996 latency=0.603398 ms (tx_ts=85090206222767, rx_ts=85090206826165) request_id=3367304 zil_blk_id=1359996 ccf_commit_seqno=3367304 nstreams_done_=340000 config.nstreams=1000000 avg_latency=0.5645 ms avg throuhgput (requests/sec) = 991.2200 res=false
*==== INFO ====*  stream_id=1361996 latency=0.491339 ms (tx_ts=85090718866395, rx_ts=85090719357734) request_id=3370850 zil_blk_id=1361996 ccf_commit_seqno=3370850 nstreams_done_=340500 config.nstreams=1000000 avg_latency=0.5645 ms avg throuhgput (requests/sec) = 991.1966 res=false
*==== INFO ====*  stream_id=1363996 latency=0.557833 ms (tx_ts=85091239328990, rx_ts=85091239886823) request_id=3374441 zil_blk_id=1363996 ccf_commit_seqno=3374441 nstreams_done_=341000 config.nstreams=1000000 avg_latency=0.5645 ms avg throuhgput (requests/sec) = 991.1503 res=false
*==== INFO ====*  stream_id=1365996 latency=0.706511 ms (tx_ts=85091749210847, rx_ts=85091749917358) request_id=3377954 zil_blk_id=1365996 ccf_commit_seqno=3377955 nstreams_done_=341500 config.nstreams=1000000 avg_latency=0.5644 ms avg throuhgput (requests/sec) = 991.1343 res=false
*==== INFO ====*  stream_id=1367996 latency=0.472253 ms (tx_ts=85092263968197, rx_ts=85092264440450) request_id=3381577 zil_blk_id=1367996 ccf_commit_seqno=3381577 nstreams_done_=342000 config.nstreams=1000000 avg_latency=0.5644 ms avg throuhgput (requests/sec) = 991.1054 res=false
*==== INFO ====*  stream_id=1369996 latency=0.517699 ms (tx_ts=85092762438274, rx_ts=85092762955973) request_id=3385085 zil_blk_id=1369996 ccf_commit_seqno=3385085 nstreams_done_=342500 config.nstreams=1000000 avg_latency=0.5643 ms avg throuhgput (requests/sec) = 991.1225 res=false
*==== INFO ====*  stream_id=1371996 latency=0.477854 ms (tx_ts=85093238647438, rx_ts=85093239125292) request_id=3388404 zil_blk_id=1371996 ccf_commit_seqno=3388404 nstreams_done_=343000 config.nstreams=1000000 avg_latency=0.5643 ms avg throuhgput (requests/sec) = 991.2036 res=false
*==== INFO ====*  stream_id=1373996 latency=0.521304 ms (tx_ts=85093737260589, rx_ts=85093737781893) request_id=3391809 zil_blk_id=1373996 ccf_commit_seqno=3391809 nstreams_done_=343500 config.nstreams=1000000 avg_latency=0.5643 ms avg throuhgput (requests/sec) = 991.2201 res=false
*==== INFO ====*  stream_id=1375996 latency=0.488423 ms (tx_ts=85094258315118, rx_ts=85094258803541) request_id=3395368 zil_blk_id=1375996 ccf_commit_seqno=3395368 nstreams_done_=344000 config.nstreams=1000000 avg_latency=0.5642 ms avg throuhgput (requests/sec) = 991.1728 res=false
*==== INFO ====*  stream_id=1377996 latency=0.482471 ms (tx_ts=85094768351709, rx_ts=85094768834180) request_id=3398861 zil_blk_id=1377996 ccf_commit_seqno=3398861 nstreams_done_=344500 config.nstreams=1000000 avg_latency=0.5642 ms avg throuhgput (requests/sec) = 991.1569 res=false
*==== INFO ====*  stream_id=1379996 latency=0.600001 ms (tx_ts=85095312021407, rx_ts=85095312621408) request_id=3402465 zil_blk_id=1379996 ccf_commit_seqno=3402465 nstreams_done_=345000 config.nstreams=1000000 avg_latency=0.5642 ms avg throuhgput (requests/sec) = 991.0449 res=false
*==== INFO ====*  stream_id=1381996 latency=0.620209 ms (tx_ts=85095828578678, rx_ts=85095829198887) request_id=3405968 zil_blk_id=1381996 ccf_commit_seqno=3405969 nstreams_done_=345500 config.nstreams=1000000 avg_latency=0.5641 ms avg throuhgput (requests/sec) = 991.0106 res=false
*==== INFO ====*  stream_id=1383996 latency=0.529300 ms (tx_ts=85096328383179, rx_ts=85096328912479) request_id=3409373 zil_blk_id=1383996 ccf_commit_seqno=3409373 nstreams_done_=346000 config.nstreams=1000000 avg_latency=0.5641 ms avg throuhgput (requests/sec) = 991.0243 res=false
*==== INFO ====*  stream_id=1385996 latency=0.508541 ms (tx_ts=85096828727694, rx_ts=85096829236235) request_id=3412860 zil_blk_id=1385996 ccf_commit_seqno=3412860 nstreams_done_=346500 config.nstreams=1000000 avg_latency=0.5640 ms avg throuhgput (requests/sec) = 991.0362 res=false
*==== INFO ====*  stream_id=1387996 latency=0.576347 ms (tx_ts=85097310558470, rx_ts=85097311134817) request_id=3416242 zil_blk_id=1387996 ccf_commit_seqno=3416242 nstreams_done_=347000 config.nstreams=1000000 avg_latency=0.5640 ms avg throuhgput (requests/sec) = 991.1002 res=false
*==== INFO ====*  stream_id=1389996 latency=0.616894 ms (tx_ts=85097807560139, rx_ts=85097808177033) request_id=3419648 zil_blk_id=1389996 ccf_commit_seqno=3419648 nstreams_done_=347500 config.nstreams=1000000 avg_latency=0.5640 ms avg throuhgput (requests/sec) = 991.1213 res=false
*==== INFO ====*  stream_id=1391996 latency=0.528679 ms (tx_ts=85098346750464, rx_ts=85098347279143) request_id=3423259 zil_blk_id=1391996 ccf_commit_seqno=3423259 nstreams_done_=348000 config.nstreams=1000000 avg_latency=0.5641 ms avg throuhgput (requests/sec) = 991.0236 res=false
*==== INFO ====*  stream_id=1393996 latency=0.535662 ms (tx_ts=85098832310511, rx_ts=85098832846173) request_id=3426701 zil_blk_id=1393996 ccf_commit_seqno=3426701 nstreams_done_=348500 config.nstreams=1000000 avg_latency=0.5641 ms avg throuhgput (requests/sec) = 991.0770 res=false
*==== INFO ====*  stream_id=1395996 latency=0.512188 ms (tx_ts=85099309463877, rx_ts=85099309976065) request_id=3430031 zil_blk_id=1395996 ccf_commit_seqno=3430031 nstreams_done_=349000 config.nstreams=1000000 avg_latency=0.5640 ms avg throuhgput (requests/sec) = 991.1541 res=false
*==== INFO ====*  stream_id=1397996 latency=0.608068 ms (tx_ts=85099788943324, rx_ts=85099789551392) request_id=3433412 zil_blk_id=1397996 ccf_commit_seqno=3433413 nstreams_done_=349500 config.nstreams=1000000 avg_latency=0.5640 ms avg throuhgput (requests/sec) = 991.2240 res=false
*==== INFO ====*  stream_id=1399996 latency=0.596666 ms (tx_ts=85100262357126, rx_ts=85100262953792) request_id=3436769 zil_blk_id=1399996 ccf_commit_seqno=3436769 nstreams_done_=350000 config.nstreams=1000000 avg_latency=0.5640 ms avg throuhgput (requests/sec) = 991.3111 res=false
*==== INFO ====*  stream_id=1401996 latency=0.522176 ms (tx_ts=85100738966295, rx_ts=85100739488471) request_id=3440131 zil_blk_id=1401996 ccf_commit_seqno=3440131 nstreams_done_=350500 config.nstreams=1000000 avg_latency=0.5640 ms avg throuhgput (requests/sec) = 991.3892 res=false
*==== INFO ====*  stream_id=1403996 latency=0.554667 ms (tx_ts=85101233903246, rx_ts=85101234457913) request_id=3443566 zil_blk_id=1403996 ccf_commit_seqno=3443566 nstreams_done_=351000 config.nstreams=1000000 avg_latency=0.5639 ms avg throuhgput (requests/sec) = 991.4154 res=false
*==== INFO ====*  stream_id=1405996 latency=0.594291 ms (tx_ts=85101720626712, rx_ts=85101721221003) request_id=3446998 zil_blk_id=1405996 ccf_commit_seqno=3446998 nstreams_done_=351500 config.nstreams=1000000 avg_latency=0.5639 ms avg throuhgput (requests/sec) = 991.4646 res=false
*==== INFO ====*  stream_id=1407996 latency=0.520063 ms (tx_ts=85102218056992, rx_ts=85102218577055) request_id=3450422 zil_blk_id=1407996 ccf_commit_seqno=3450422 nstreams_done_=352000 config.nstreams=1000000 avg_latency=0.5639 ms avg throuhgput (requests/sec) = 991.4840 res=false
*==== INFO ====*  stream_id=1409996 latency=0.538979 ms (tx_ts=85102712327423, rx_ts=85102712866402) request_id=3453804 zil_blk_id=1409996 ccf_commit_seqno=3453804 nstreams_done_=352500 config.nstreams=1000000 avg_latency=0.5639 ms avg throuhgput (requests/sec) = 991.5119 res=false
*==== INFO ====*  stream_id=1411996 latency=0.555439 ms (tx_ts=85103209879826, rx_ts=85103210435265) request_id=3457011 zil_blk_id=1411996 ccf_commit_seqno=3457011 nstreams_done_=353000 config.nstreams=1000000 avg_latency=0.5639 ms avg throuhgput (requests/sec) = 991.5306 res=false
*==== INFO ====*  stream_id=1413996 latency=0.534179 ms (tx_ts=85103702238794, rx_ts=85103702772973) request_id=3460476 zil_blk_id=1413996 ccf_commit_seqno=3460476 nstreams_done_=353500 config.nstreams=1000000 avg_latency=0.5638 ms avg throuhgput (requests/sec) = 991.5638 res=false
*==== INFO ====*  stream_id=1415996 latency=0.460321 ms (tx_ts=85104197395255, rx_ts=85104197855576) request_id=3463968 zil_blk_id=1415996 ccf_commit_seqno=3463968 nstreams_done_=354000 config.nstreams=1000000 avg_latency=0.5638 ms avg throuhgput (requests/sec) = 991.5892 res=false
*==== INFO ====*  stream_id=1417996 latency=0.552784 ms (tx_ts=85104702743131, rx_ts=85104703295915) request_id=3467408 zil_blk_id=1417996 ccf_commit_seqno=3467408 nstreams_done_=354500 config.nstreams=1000000 avg_latency=0.5638 ms avg throuhgput (requests/sec) = 991.5859 res=false
*==== INFO ====*  stream_id=1419996 latency=0.533137 ms (tx_ts=85105206265435, rx_ts=85105206798572) request_id=3470841 zil_blk_id=1419996 ccf_commit_seqno=3470841 nstreams_done_=355000 config.nstreams=1000000 avg_latency=0.5638 ms avg throuhgput (requests/sec) = 991.5880 res=false
*==== INFO ====*  stream_id=1421996 latency=0.575206 ms (tx_ts=85105689576668, rx_ts=85105690151874) request_id=3474110 zil_blk_id=1421996 ccf_commit_seqno=3474111 nstreams_done_=355500 config.nstreams=1000000 avg_latency=0.5638 ms avg throuhgput (requests/sec) = 991.6457 res=false
*==== INFO ====*  stream_id=1423996 latency=0.473926 ms (tx_ts=85106167635996, rx_ts=85106168109922) request_id=3477440 zil_blk_id=1423996 ccf_commit_seqno=3477440 nstreams_done_=356000 config.nstreams=1000000 avg_latency=0.5637 ms avg throuhgput (requests/sec) = 991.7183 res=false
*==== INFO ====*  stream_id=1425996 latency=0.561430 ms (tx_ts=85106643706326, rx_ts=85106644267756) request_id=3480681 zil_blk_id=1425996 ccf_commit_seqno=3480682 nstreams_done_=356500 config.nstreams=1000000 avg_latency=0.5637 ms avg throuhgput (requests/sec) = 991.7956 res=false
*==== INFO ====*  stream_id=1427996 latency=0.511527 ms (tx_ts=85107123111277, rx_ts=85107123622804) request_id=3483923 zil_blk_id=1427996 ccf_commit_seqno=3483923 nstreams_done_=357000 config.nstreams=1000000 avg_latency=0.5637 ms avg throuhgput (requests/sec) = 991.8638 res=false
*==== INFO ====*  stream_id=1429996 latency=0.610722 ms (tx_ts=85107606433007, rx_ts=85107607043729) request_id=3487331 zil_blk_id=1429996 ccf_commit_seqno=3487331 nstreams_done_=357500 config.nstreams=1000000 avg_latency=0.5637 ms avg throuhgput (requests/sec) = 991.9208 res=false
*==== INFO ====*  stream_id=1431996 latency=0.489405 ms (tx_ts=85108077897527, rx_ts=85108078386932) request_id=3490633 zil_blk_id=1431996 ccf_commit_seqno=3490633 nstreams_done_=358000 config.nstreams=1000000 avg_latency=0.5636 ms avg throuhgput (requests/sec) = 992.0107 res=false
*==== INFO ====*  stream_id=1433996 latency=0.504113 ms (tx_ts=85108539742558, rx_ts=85108540246671) request_id=3493860 zil_blk_id=1433996 ccf_commit_seqno=3493860 nstreams_done_=358500 config.nstreams=1000000 avg_latency=0.5636 ms avg throuhgput (requests/sec) = 992.1265 res=false
*==== INFO ====*  stream_id=1435996 latency=0.547644 ms (tx_ts=85108996128787, rx_ts=85108996676431) request_id=3497098 zil_blk_id=1435996 ccf_commit_seqno=3497098 nstreams_done_=359000 config.nstreams=1000000 avg_latency=0.5636 ms avg throuhgput (requests/sec) = 992.2568 res=false
*==== INFO ====*  stream_id=1437996 latency=0.622695 ms (tx_ts=85109470344399, rx_ts=85109470967094) request_id=3500437 zil_blk_id=1437996 ccf_commit_seqno=3500438 nstreams_done_=359500 config.nstreams=1000000 avg_latency=0.5636 ms avg throuhgput (requests/sec) = 992.3379 res=false
*==== INFO ====*  stream_id=1439996 latency=0.584429 ms (tx_ts=85109946218096, rx_ts=85109946802525) request_id=3503758 zil_blk_id=1439996 ccf_commit_seqno=3503759 nstreams_done_=360000 config.nstreams=1000000 avg_latency=0.5636 ms avg throuhgput (requests/sec) = 992.4146 res=false
*==== INFO ====*  stream_id=1441996 latency=0.499674 ms (tx_ts=85110419467842, rx_ts=85110419967516) request_id=3507104 zil_blk_id=1441996 ccf_commit_seqno=3507104 nstreams_done_=360500 config.nstreams=1000000 avg_latency=0.5636 ms avg throuhgput (requests/sec) = 992.4984 res=false
*==== INFO ====*  stream_id=1443996 latency=0.562822 ms (tx_ts=85110907904332, rx_ts=85110908467154) request_id=3510486 zil_blk_id=1443996 ccf_commit_seqno=3510486 nstreams_done_=361000 config.nstreams=1000000 avg_latency=0.5636 ms avg throuhgput (requests/sec) = 992.5401 res=false
*==== INFO ====*  stream_id=1445996 latency=0.494241 ms (tx_ts=85111366933620, rx_ts=85111367427861) request_id=3513816 zil_blk_id=1445996 ccf_commit_seqno=3513816 nstreams_done_=361500 config.nstreams=1000000 avg_latency=0.5635 ms avg throuhgput (requests/sec) = 992.6622 res=false
*==== INFO ====*  stream_id=1447996 latency=0.515614 ms (tx_ts=85111822283102, rx_ts=85111822798716) request_id=3517051 zil_blk_id=1447996 ccf_commit_seqno=3517051 nstreams_done_=362000 config.nstreams=1000000 avg_latency=0.5635 ms avg throuhgput (requests/sec) = 992.7937 res=false
*==== INFO ====*  stream_id=1449996 latency=0.565548 ms (tx_ts=85112296839100, rx_ts=85112297404648) request_id=3520350 zil_blk_id=1449996 ccf_commit_seqno=3520350 nstreams_done_=362500 config.nstreams=1000000 avg_latency=0.5635 ms avg throuhgput (requests/sec) = 992.8726 res=false
*==== INFO ====*  stream_id=1451996 latency=0.485277 ms (tx_ts=85112754581516, rx_ts=85112755066793) request_id=3523528 zil_blk_id=1451996 ccf_commit_seqno=3523528 nstreams_done_=363000 config.nstreams=1000000 avg_latency=0.5634 ms avg throuhgput (requests/sec) = 992.9974 res=false
*==== INFO ====*  stream_id=1453996 latency=0.538808 ms (tx_ts=85113207847771, rx_ts=85113208386579) request_id=3526590 zil_blk_id=1453996 ccf_commit_seqno=3526590 nstreams_done_=363500 config.nstreams=1000000 avg_latency=0.5634 ms avg throuhgput (requests/sec) = 993.1336 res=false
*==== INFO ====*  stream_id=1455996 latency=0.486777 ms (tx_ts=85113665487534, rx_ts=85113665974311) request_id=3529631 zil_blk_id=1455996 ccf_commit_seqno=3529631 nstreams_done_=364000 config.nstreams=1000000 avg_latency=0.5634 ms avg throuhgput (requests/sec) = 993.2579 res=false
*==== INFO ====*  stream_id=1457996 latency=0.481090 ms (tx_ts=85114118691397, rx_ts=85114119172487) request_id=3532775 zil_blk_id=1457996 ccf_commit_seqno=3532775 nstreams_done_=364500 config.nstreams=1000000 avg_latency=0.5633 ms avg throuhgput (requests/sec) = 993.3938 res=false
*==== INFO ====*  stream_id=1459996 latency=0.565377 ms (tx_ts=85114604397871, rx_ts=85114604963248) request_id=3536142 zil_blk_id=1459996 ccf_commit_seqno=3536142 nstreams_done_=365000 config.nstreams=1000000 avg_latency=0.5633 ms avg throuhgput (requests/sec) = 993.4412 res=false
*==== INFO ====*  stream_id=1461996 latency=0.460111 ms (tx_ts=85115071229642, rx_ts=85115071689753) request_id=3539435 zil_blk_id=1461996 ccf_commit_seqno=3539435 nstreams_done_=365500 config.nstreams=1000000 avg_latency=0.5633 ms avg throuhgput (requests/sec) = 993.5399 res=false
*==== INFO ====*  stream_id=1463996 latency=0.604440 ms (tx_ts=85115521073711, rx_ts=85115521678151) request_id=3542678 zil_blk_id=1463996 ccf_commit_seqno=3542678 nstreams_done_=366000 config.nstreams=1000000 avg_latency=0.5633 ms avg throuhgput (requests/sec) = 993.6836 res=false
*==== INFO ====*  stream_id=1465996 latency=0.536232 ms (tx_ts=85116002596881, rx_ts=85116003133113) request_id=3546036 zil_blk_id=1465996 ccf_commit_seqno=3546036 nstreams_done_=366500 config.nstreams=1000000 avg_latency=0.5632 ms avg throuhgput (requests/sec) = 993.7422 res=false
*==== INFO ====*  stream_id=1467996 latency=0.601015 ms (tx_ts=85116464071412, rx_ts=85116464672427) request_id=3549295 zil_blk_id=1467996 ccf_commit_seqno=3549296 nstreams_done_=367000 config.nstreams=1000000 avg_latency=0.5632 ms avg throuhgput (requests/sec) = 993.8541 res=false
*==== INFO ====*  stream_id=1469996 latency=0.488253 ms (tx_ts=85116935165686, rx_ts=85116935653939) request_id=3552553 zil_blk_id=1469996 ccf_commit_seqno=3552553 nstreams_done_=367500 config.nstreams=1000000 avg_latency=0.5632 ms avg throuhgput (requests/sec) = 993.9404 res=false
*==== INFO ====*  stream_id=1471996 latency=0.548746 ms (tx_ts=85117404624835, rx_ts=85117405173581) request_id=3555785 zil_blk_id=1471996 ccf_commit_seqno=3555785 nstreams_done_=368000 config.nstreams=1000000 avg_latency=0.5632 ms avg throuhgput (requests/sec) = 994.0305 res=false
*==== INFO ====*  stream_id=1473996 latency=0.508180 ms (tx_ts=85117871849487, rx_ts=85117872357667) request_id=3559065 zil_blk_id=1473996 ccf_commit_seqno=3559065 nstreams_done_=368500 config.nstreams=1000000 avg_latency=0.5632 ms avg throuhgput (requests/sec) = 994.1265 res=false
*==== INFO ====*  stream_id=1475996 latency=0.662708 ms (tx_ts=85118362433932, rx_ts=85118363096640) request_id=3562320 zil_blk_id=1475996 ccf_commit_seqno=3562320 nstreams_done_=369000 config.nstreams=1000000 avg_latency=0.5632 ms avg throuhgput (requests/sec) = 994.1592 res=false
*==== INFO ====*  stream_id=1477996 latency=0.698777 ms (tx_ts=85118843025651, rx_ts=85118843724428) request_id=3565684 zil_blk_id=1477996 ccf_commit_seqno=3565684 nstreams_done_=369500 config.nstreams=1000000 avg_latency=0.5632 ms avg throuhgput (requests/sec) = 994.2189 res=false
*==== INFO ====*  stream_id=1479996 latency=0.568724 ms (tx_ts=85119318400196, rx_ts=85119318968920) request_id=3569021 zil_blk_id=1479996 ccf_commit_seqno=3569021 nstreams_done_=370000 config.nstreams=1000000 avg_latency=0.5632 ms avg throuhgput (requests/sec) = 994.2928 res=false
*==== INFO ====*  stream_id=1481996 latency=0.489195 ms (tx_ts=85119775990398, rx_ts=85119776479593) request_id=3572207 zil_blk_id=1481996 ccf_commit_seqno=3572207 nstreams_done_=370500 config.nstreams=1000000 avg_latency=0.5632 ms avg throuhgput (requests/sec) = 994.4139 res=false
*==== INFO ====*  stream_id=1483996 latency=0.559256 ms (tx_ts=85120258797390, rx_ts=85120259356646) request_id=3575610 zil_blk_id=1483996 ccf_commit_seqno=3575610 nstreams_done_=371000 config.nstreams=1000000 avg_latency=0.5631 ms avg throuhgput (requests/sec) = 994.4670 res=false
*==== INFO ====*  stream_id=1485996 latency=0.512168 ms (tx_ts=85120720786457, rx_ts=85120721298625) request_id=3578814 zil_blk_id=1485996 ccf_commit_seqno=3578814 nstreams_done_=371500 config.nstreams=1000000 avg_latency=0.5631 ms avg throuhgput (requests/sec) = 994.5757 res=false
*==== INFO ====*  stream_id=1487996 latency=0.599341 ms (tx_ts=85121183687730, rx_ts=85121184287071) request_id=3582108 zil_blk_id=1487996 ccf_commit_seqno=3582108 nstreams_done_=372000 config.nstreams=1000000 avg_latency=0.5631 ms avg throuhgput (requests/sec) = 994.6814 res=false
*==== INFO ====*  stream_id=1489996 latency=0.560298 ms (tx_ts=85121672073446, rx_ts=85121672633744) request_id=3585561 zil_blk_id=1489996 ccf_commit_seqno=3585562 nstreams_done_=372500 config.nstreams=1000000 avg_latency=0.5630 ms avg throuhgput (requests/sec) = 994.7195 res=false
*==== INFO ====*  stream_id=1491996 latency=0.493783 ms (tx_ts=85122141257603, rx_ts=85122141751386) request_id=3588828 zil_blk_id=1491996 ccf_commit_seqno=3588828 nstreams_done_=373000 config.nstreams=1000000 avg_latency=0.5630 ms avg throuhgput (requests/sec) = 994.8084 res=false
*==== INFO ====*  stream_id=1493996 latency=0.560769 ms (tx_ts=85122608761631, rx_ts=85122609322400) request_id=3592013 zil_blk_id=1493996 ccf_commit_seqno=3592013 nstreams_done_=373500 config.nstreams=1000000 avg_latency=0.5630 ms avg throuhgput (requests/sec) = 994.9013 res=false
*==== INFO ====*  stream_id=1495996 latency=0.466834 ms (tx_ts=85123074878527, rx_ts=85123075345361) request_id=3595208 zil_blk_id=1495996 ccf_commit_seqno=3595208 nstreams_done_=374000 config.nstreams=1000000 avg_latency=0.5629 ms avg throuhgput (requests/sec) = 994.9980 res=false
*==== INFO ====*  stream_id=1497996 latency=0.482783 ms (tx_ts=85123599345297, rx_ts=85123599828080) request_id=3598682 zil_blk_id=1497996 ccf_commit_seqno=3598682 nstreams_done_=374500 config.nstreams=1000000 avg_latency=0.5629 ms avg throuhgput (requests/sec) = 994.9399 res=false
*==== INFO ====*  stream_id=1499996 latency=0.545771 ms (tx_ts=85124099133050, rx_ts=85124099678821) request_id=3602180 zil_blk_id=1499996 ccf_commit_seqno=3602180 nstreams_done_=375000 config.nstreams=1000000 avg_latency=0.5628 ms avg throuhgput (requests/sec) = 994.9470 res=false
*==== INFO ====*  stream_id=1501996 latency=0.458047 ms (tx_ts=85124612054321, rx_ts=85124612512368) request_id=3605449 zil_blk_id=1501996 ccf_commit_seqno=3605449 nstreams_done_=375500 config.nstreams=1000000 avg_latency=0.5628 ms avg throuhgput (requests/sec) = 994.9199 res=false
*==== INFO ====*  stream_id=1503996 latency=0.484696 ms (tx_ts=85125090400073, rx_ts=85125090884769) request_id=3608716 zil_blk_id=1503996 ccf_commit_seqno=3608716 nstreams_done_=376000 config.nstreams=1000000 avg_latency=0.5628 ms avg throuhgput (requests/sec) = 994.9835 res=false
*==== INFO ====*  stream_id=1505996 latency=0.521074 ms (tx_ts=85125600605570, rx_ts=85125601126644) request_id=3612151 zil_blk_id=1505996 ccf_commit_seqno=3612151 nstreams_done_=376500 config.nstreams=1000000 avg_latency=0.5627 ms avg throuhgput (requests/sec) = 994.9632 res=false
*==== INFO ====*  stream_id=1507996 latency=0.496188 ms (tx_ts=85126115888040, rx_ts=85126116384228) request_id=3615618 zil_blk_id=1507996 ccf_commit_seqno=3615618 nstreams_done_=377000 config.nstreams=1000000 avg_latency=0.5627 ms avg throuhgput (requests/sec) = 994.9298 res=false
*==== INFO ====*  stream_id=1509996 latency=0.547575 ms (tx_ts=85126622423717, rx_ts=85126622971292) request_id=3619181 zil_blk_id=1509996 ccf_commit_seqno=3619182 nstreams_done_=377500 config.nstreams=1000000 avg_latency=0.5626 ms avg throuhgput (requests/sec) = 994.9192 res=false
*==== INFO ====*  stream_id=1511996 latency=0.467804 ms (tx_ts=85127101502373, rx_ts=85127101970177) request_id=3622487 zil_blk_id=1511996 ccf_commit_seqno=3622487 nstreams_done_=378000 config.nstreams=1000000 avg_latency=0.5626 ms avg throuhgput (requests/sec) = 994.9809 res=false
*==== INFO ====*  stream_id=1513996 latency=0.494625 ms (tx_ts=85127587023919, rx_ts=85127587518544) request_id=3625872 zil_blk_id=1513996 ccf_commit_seqno=3625872 nstreams_done_=378500 config.nstreams=1000000 avg_latency=0.5626 ms avg throuhgput (requests/sec) = 995.0253 res=false
*==== INFO ====*  stream_id=1515996 latency=0.544277 ms (tx_ts=85128119301429, rx_ts=85128119845706) request_id=3629421 zil_blk_id=1515996 ccf_commit_seqno=3629421 nstreams_done_=379000 config.nstreams=1000000 avg_latency=0.5626 ms avg throuhgput (requests/sec) = 994.9474 res=false
*==== INFO ====*  stream_id=1517996 latency=0.540181 ms (tx_ts=85128671371468, rx_ts=85128671911649) request_id=3633038 zil_blk_id=1517996 ccf_commit_seqno=3633038 nstreams_done_=379500 config.nstreams=1000000 avg_latency=0.5626 ms avg throuhgput (requests/sec) = 994.8182 res=false
*==== INFO ====*  stream_id=1519996 latency=0.566900 ms (tx_ts=85129193994724, rx_ts=85129194561624) request_id=3636662 zil_blk_id=1519996 ccf_commit_seqno=3636662 nstreams_done_=380000 config.nstreams=1000000 avg_latency=0.5626 ms avg throuhgput (requests/sec) = 994.7660 res=false
*==== INFO ====*  stream_id=1521996 latency=0.586507 ms (tx_ts=85129710097254, rx_ts=85129710683761) request_id=3640234 zil_blk_id=1521996 ccf_commit_seqno=3640234 nstreams_done_=380500 config.nstreams=1000000 avg_latency=0.5625 ms avg throuhgput (requests/sec) = 994.7309 res=false
*==== INFO ====*  stream_id=1523996 latency=0.521655 ms (tx_ts=85130224227704, rx_ts=85130224749359) request_id=3643763 zil_blk_id=1523996 ccf_commit_seqno=3643763 nstreams_done_=381000 config.nstreams=1000000 avg_latency=0.5625 ms avg throuhgput (requests/sec) = 994.7013 res=false
*==== INFO ====*  stream_id=1525996 latency=0.551191 ms (tx_ts=85130715406810, rx_ts=85130715958001) request_id=3647186 zil_blk_id=1525996 ccf_commit_seqno=3647186 nstreams_done_=381500 config.nstreams=1000000 avg_latency=0.5625 ms avg throuhgput (requests/sec) = 994.7310 res=false
*==== INFO ====*  stream_id=1527996 latency=0.479717 ms (tx_ts=85131214458424, rx_ts=85131214938141) request_id=3650625 zil_blk_id=1527996 ccf_commit_seqno=3650625 nstreams_done_=382000 config.nstreams=1000000 avg_latency=0.5624 ms avg throuhgput (requests/sec) = 994.7405 res=false
*==== INFO ====*  stream_id=1529996 latency=0.492792 ms (tx_ts=85131723438753, rx_ts=85131723931545) request_id=3654097 zil_blk_id=1529996 ccf_commit_seqno=3654097 nstreams_done_=382500 config.nstreams=1000000 avg_latency=0.5624 ms avg throuhgput (requests/sec) = 994.7241 res=false
*==== INFO ====*  stream_id=1531996 latency=0.490919 ms (tx_ts=85132225447138, rx_ts=85132225938057) request_id=3657590 zil_blk_id=1531996 ccf_commit_seqno=3657590 nstreams_done_=383000 config.nstreams=1000000 avg_latency=0.5623 ms avg throuhgput (requests/sec) = 994.7257 res=false
*==== INFO ====*  stream_id=1533996 latency=0.553234 ms (tx_ts=85132721973000, rx_ts=85132722526234) request_id=3661082 zil_blk_id=1533996 ccf_commit_seqno=3661082 nstreams_done_=383500 config.nstreams=1000000 avg_latency=0.5623 ms avg throuhgput (requests/sec) = 994.7414 res=false
*==== INFO ====*  stream_id=1535996 latency=0.549578 ms (tx_ts=85133221989253, rx_ts=85133222538831) request_id=3664494 zil_blk_id=1535996 ccf_commit_seqno=3664495 nstreams_done_=384000 config.nstreams=1000000 avg_latency=0.5622 ms avg throuhgput (requests/sec) = 994.7482 res=false
*==== INFO ====*  stream_id=1537996 latency=0.499454 ms (tx_ts=85133693779426, rx_ts=85133694278880) request_id=3667773 zil_blk_id=1537996 ccf_commit_seqno=3667773 nstreams_done_=384500 config.nstreams=1000000 avg_latency=0.5622 ms avg throuhgput (requests/sec) = 994.8277 res=false
*==== INFO ====*  stream_id=1539996 latency=0.502771 ms (tx_ts=85134190759390, rx_ts=85134191262161) request_id=3671144 zil_blk_id=1539996 ccf_commit_seqno=3671144 nstreams_done_=385000 config.nstreams=1000000 avg_latency=0.5622 ms avg throuhgput (requests/sec) = 994.8421 res=false
*==== INFO ====*  stream_id=1541996 latency=0.517518 ms (tx_ts=85134665668987, rx_ts=85134666186505) request_id=3674393 zil_blk_id=1541996 ccf_commit_seqno=3674393 nstreams_done_=385500 config.nstreams=1000000 avg_latency=0.5622 ms avg throuhgput (requests/sec) = 994.9132 res=false
*==== INFO ====*  stream_id=1543996 latency=0.571308 ms (tx_ts=85135145822792, rx_ts=85135146394100) request_id=3677719 zil_blk_id=1543996 ccf_commit_seqno=3677719 nstreams_done_=386000 config.nstreams=1000000 avg_latency=0.5621 ms avg throuhgput (requests/sec) = 994.9705 res=false
*==== INFO ====*  stream_id=1545996 latency=0.568643 ms (tx_ts=85135678607318, rx_ts=85135679175961) request_id=3681366 zil_blk_id=1545996 ccf_commit_seqno=3681367 nstreams_done_=386500 config.nstreams=1000000 avg_latency=0.5621 ms avg throuhgput (requests/sec) = 994.8930 res=false
*==== INFO ====*  stream_id=1547996 latency=0.530943 ms (tx_ts=85136172588664, rx_ts=85136173119607) request_id=3684888 zil_blk_id=1547996 ccf_commit_seqno=3684888 nstreams_done_=387000 config.nstreams=1000000 avg_latency=0.5621 ms avg throuhgput (requests/sec) = 994.9151 res=false
*==== INFO ====*  stream_id=1549996 latency=0.569134 ms (tx_ts=85136658306884, rx_ts=85136658876018) request_id=3688358 zil_blk_id=1549996 ccf_commit_seqno=3688359 nstreams_done_=387500 config.nstreams=1000000 avg_latency=0.5620 ms avg throuhgput (requests/sec) = 994.9580 res=false
*==== INFO ====*  stream_id=1551996 latency=0.600903 ms (tx_ts=85137169426922, rx_ts=85137170027825) request_id=3691942 zil_blk_id=1551996 ccf_commit_seqno=3691943 nstreams_done_=388000 config.nstreams=1000000 avg_latency=0.5620 ms avg throuhgput (requests/sec) = 994.9360 res=false
*==== INFO ====*  stream_id=1553996 latency=0.512268 ms (tx_ts=85137664207693, rx_ts=85137664719961) request_id=3695422 zil_blk_id=1553996 ccf_commit_seqno=3695422 nstreams_done_=388500 config.nstreams=1000000 avg_latency=0.5619 ms avg throuhgput (requests/sec) = 994.9560 res=false
*==== INFO ====*  stream_id=1555996 latency=0.556952 ms (tx_ts=85138158053263, rx_ts=85138158610215) request_id=3698815 zil_blk_id=1555996 ccf_commit_seqno=3698815 nstreams_done_=389000 config.nstreams=1000000 avg_latency=0.5619 ms avg throuhgput (requests/sec) = 994.9780 res=false
*==== INFO ====*  stream_id=1557996 latency=0.481480 ms (tx_ts=85138657793090, rx_ts=85138658274570) request_id=3702261 zil_blk_id=1557996 ccf_commit_seqno=3702261 nstreams_done_=389500 config.nstreams=1000000 avg_latency=0.5619 ms avg throuhgput (requests/sec) = 994.9853 res=false
*==== INFO ====*  stream_id=1559996 latency=0.511256 ms (tx_ts=85139152699491, rx_ts=85139153210747) request_id=3705637 zil_blk_id=1559996 ccf_commit_seqno=3705637 nstreams_done_=390000 config.nstreams=1000000 avg_latency=0.5619 ms avg throuhgput (requests/sec) = 995.0045 res=false
*==== INFO ====*  stream_id=1561996 latency=0.501908 ms (tx_ts=85139649088496, rx_ts=85139649590404) request_id=3709105 zil_blk_id=1561996 ccf_commit_seqno=3709105 nstreams_done_=390500 config.nstreams=1000000 avg_latency=0.5618 ms avg throuhgput (requests/sec) = 995.0201 res=false
*==== INFO ====*  stream_id=1563996 latency=0.508400 ms (tx_ts=85140135755783, rx_ts=85140136264183) request_id=3712486 zil_blk_id=1563996 ccf_commit_seqno=3712486 nstreams_done_=391000 config.nstreams=1000000 avg_latency=0.5618 ms avg throuhgput (requests/sec) = 995.0601 res=false
*==== INFO ====*  stream_id=1565996 latency=0.538968 ms (tx_ts=85140605681768, rx_ts=85140606220736) request_id=3715824 zil_blk_id=1565996 ccf_commit_seqno=3715824 nstreams_done_=391500 config.nstreams=1000000 avg_latency=0.5617 ms avg throuhgput (requests/sec) = 995.1424 res=false
*==== INFO ====*  stream_id=1567996 latency=0.497320 ms (tx_ts=85141092725568, rx_ts=85141093222888) request_id=3719234 zil_blk_id=1567996 ccf_commit_seqno=3719234 nstreams_done_=392000 config.nstreams=1000000 avg_latency=0.5617 ms avg throuhgput (requests/sec) = 995.1814 res=false
*==== INFO ====*  stream_id=1569996 latency=0.510244 ms (tx_ts=85141568831770, rx_ts=85141569342014) request_id=3722560 zil_blk_id=1569996 ccf_commit_seqno=3722560 nstreams_done_=392500 config.nstreams=1000000 avg_latency=0.5617 ms avg throuhgput (requests/sec) = 995.2478 res=false
*==== INFO ====*  stream_id=1571996 latency=0.455151 ms (tx_ts=85142060438903, rx_ts=85142060894054) request_id=3725967 zil_blk_id=1571996 ccf_commit_seqno=3725967 nstreams_done_=393000 config.nstreams=1000000 avg_latency=0.5616 ms avg throuhgput (requests/sec) = 995.2751 res=false
*==== INFO ====*  stream_id=1573996 latency=0.489936 ms (tx_ts=85142557072507, rx_ts=85142557562443) request_id=3729508 zil_blk_id=1573996 ccf_commit_seqno=3729508 nstreams_done_=393500 config.nstreams=1000000 avg_latency=0.5616 ms avg throuhgput (requests/sec) = 995.2895 res=false
*==== INFO ====*  stream_id=1575996 latency=0.550670 ms (tx_ts=85143045949795, rx_ts=85143046500465) request_id=3732935 zil_blk_id=1575996 ccf_commit_seqno=3732935 nstreams_done_=394000 config.nstreams=1000000 avg_latency=0.5615 ms avg throuhgput (requests/sec) = 995.3232 res=false
*==== INFO ====*  stream_id=1577996 latency=0.470841 ms (tx_ts=85143536169082, rx_ts=85143536639923) request_id=3736385 zil_blk_id=1577996 ccf_commit_seqno=3736385 nstreams_done_=394500 config.nstreams=1000000 avg_latency=0.5615 ms avg throuhgput (requests/sec) = 995.3539 res=false
*==== INFO ====*  stream_id=1579996 latency=0.494765 ms (tx_ts=85144040781920, rx_ts=85144041276685) request_id=3739902 zil_blk_id=1579996 ccf_commit_seqno=3739902 nstreams_done_=395000 config.nstreams=1000000 avg_latency=0.5615 ms avg throuhgput (requests/sec) = 995.3481 res=false
*==== INFO ====*  stream_id=1581996 latency=0.652521 ms (tx_ts=85144547899271, rx_ts=85144548551792) request_id=3743421 zil_blk_id=1581996 ccf_commit_seqno=3743421 nstreams_done_=395500 config.nstreams=1000000 avg_latency=0.5614 ms avg throuhgput (requests/sec) = 995.3357 res=false
*==== INFO ====*  stream_id=1583996 latency=0.497501 ms (tx_ts=85145054122250, rx_ts=85145054619751) request_id=3746963 zil_blk_id=1583996 ccf_commit_seqno=3746963 nstreams_done_=396000 config.nstreams=1000000 avg_latency=0.5614 ms avg throuhgput (requests/sec) = 995.3264 res=false
*==== INFO ====*  stream_id=1585996 latency=0.564576 ms (tx_ts=85145577478944, rx_ts=85145578043520) request_id=3750561 zil_blk_id=1585996 ccf_commit_seqno=3750561 nstreams_done_=396500 config.nstreams=1000000 avg_latency=0.5614 ms avg throuhgput (requests/sec) = 995.2738 res=false
*==== INFO ====*  stream_id=1587996 latency=0.480599 ms (tx_ts=85146087478476, rx_ts=85146087959075) request_id=3754191 zil_blk_id=1587996 ccf_commit_seqno=3754191 nstreams_done_=397000 config.nstreams=1000000 avg_latency=0.5613 ms avg throuhgput (requests/sec) = 995.2549 res=false
*==== INFO ====*  stream_id=1589996 latency=0.467223 ms (tx_ts=85146587219923, rx_ts=85146587687146) request_id=3757744 zil_blk_id=1589996 ccf_commit_seqno=3757744 nstreams_done_=397500 config.nstreams=1000000 avg_latency=0.5613 ms avg throuhgput (requests/sec) = 995.2616 res=false
*==== INFO ====*  stream_id=1591996 latency=0.532315 ms (tx_ts=85147063322749, rx_ts=85147063855064) request_id=3761110 zil_blk_id=1591996 ccf_commit_seqno=3761110 nstreams_done_=398000 config.nstreams=1000000 avg_latency=0.5612 ms avg throuhgput (requests/sec) = 995.3268 res=false
*==== INFO ====*  stream_id=1593996 latency=0.572101 ms (tx_ts=85147531242329, rx_ts=85147531814430) request_id=3764293 zil_blk_id=1593996 ccf_commit_seqno=3764295 nstreams_done_=398500 config.nstreams=1000000 avg_latency=0.5612 ms avg throuhgput (requests/sec) = 995.4123 res=false
*==== INFO ====*  stream_id=1595996 latency=0.507589 ms (tx_ts=85148029412257, rx_ts=85148029919846) request_id=3767787 zil_blk_id=1595996 ccf_commit_seqno=3767787 nstreams_done_=399000 config.nstreams=1000000 avg_latency=0.5612 ms avg throuhgput (requests/sec) = 995.4227 res=false
*==== INFO ====*  stream_id=1597996 latency=0.579213 ms (tx_ts=85148520202536, rx_ts=85148520781749) request_id=3771245 zil_blk_id=1597996 ccf_commit_seqno=3771247 nstreams_done_=399500 config.nstreams=1000000 avg_latency=0.5611 ms avg throuhgput (requests/sec) = 995.4511 res=false
*==== INFO ====*  stream_id=1599996 latency=0.565537 ms (tx_ts=85149024935070, rx_ts=85149025500607) request_id=3774818 zil_blk_id=1599996 ccf_commit_seqno=3774818 nstreams_done_=400000 config.nstreams=1000000 avg_latency=0.5611 ms avg throuhgput (requests/sec) = 995.4451 res=false
*==== INFO ====*  stream_id=1601996 latency=0.574935 ms (tx_ts=85149526529238, rx_ts=85149527104173) request_id=3778430 zil_blk_id=1601996 ccf_commit_seqno=3778430 nstreams_done_=400500 config.nstreams=1000000 avg_latency=0.5610 ms avg throuhgput (requests/sec) = 995.4468 res=false
*==== INFO ====*  stream_id=1603996 latency=0.533568 ms (tx_ts=85150027899174, rx_ts=85150028432742) request_id=3782034 zil_blk_id=1603996 ccf_commit_seqno=3782034 nstreams_done_=401000 config.nstreams=1000000 avg_latency=0.5610 ms avg throuhgput (requests/sec) = 995.4491 res=false
*==== INFO ====*  stream_id=1605996 latency=0.514089 ms (tx_ts=85150504234511, rx_ts=85150504748600) request_id=3785479 zil_blk_id=1605996 ccf_commit_seqno=3785479 nstreams_done_=401500 config.nstreams=1000000 avg_latency=0.5610 ms avg throuhgput (requests/sec) = 995.5132 res=false
*==== INFO ====*  stream_id=1607996 latency=0.534890 ms (tx_ts=85150984265459, rx_ts=85150984800349) request_id=3788924 zil_blk_id=1607996 ccf_commit_seqno=3788925 nstreams_done_=402000 config.nstreams=1000000 avg_latency=0.5609 ms avg throuhgput (requests/sec) = 995.5680 res=false
*==== INFO ====*  stream_id=1609996 latency=0.626411 ms (tx_ts=85151489686637, rx_ts=85151490313048) request_id=3792512 zil_blk_id=1609996 ccf_commit_seqno=3792512 nstreams_done_=402500 config.nstreams=1000000 avg_latency=0.5609 ms avg throuhgput (requests/sec) = 995.5599 res=false
*==== INFO ====*  stream_id=1611996 latency=0.595914 ms (tx_ts=85151998754128, rx_ts=85151999350042) request_id=3796001 zil_blk_id=1611996 ccf_commit_seqno=3796001 nstreams_done_=403000 config.nstreams=1000000 avg_latency=0.5609 ms avg throuhgput (requests/sec) = 995.5431 res=false
*==== INFO ====*  stream_id=1613996 latency=0.498362 ms (tx_ts=85152512573935, rx_ts=85152513072297) request_id=3799610 zil_blk_id=1613996 ccf_commit_seqno=3799610 nstreams_done_=403500 config.nstreams=1000000 avg_latency=0.5609 ms avg throuhgput (requests/sec) = 995.5149 res=false
*==== INFO ====*  stream_id=1615996 latency=0.604661 ms (tx_ts=85153048015582, rx_ts=85153048620243) request_id=3803278 zil_blk_id=1615996 ccf_commit_seqno=3803279 nstreams_done_=404000 config.nstreams=1000000 avg_latency=0.5608 ms avg throuhgput (requests/sec) = 995.4332 res=false
*==== INFO ====*  stream_id=1617996 latency=0.505529 ms (tx_ts=85153565577073, rx_ts=85153566082602) request_id=3806824 zil_blk_id=1617996 ccf_commit_seqno=3806824 nstreams_done_=404500 config.nstreams=1000000 avg_latency=0.5608 ms avg throuhgput (requests/sec) = 995.3961 res=false
*==== INFO ====*  stream_id=1619996 latency=0.502209 ms (tx_ts=85154054302267, rx_ts=85154054804476) request_id=3810191 zil_blk_id=1619996 ccf_commit_seqno=3810191 nstreams_done_=405000 config.nstreams=1000000 avg_latency=0.5608 ms avg throuhgput (requests/sec) = 995.4293 res=false
*==== INFO ====*  stream_id=1621996 latency=0.472564 ms (tx_ts=85154540845511, rx_ts=85154541318075) request_id=3813503 zil_blk_id=1621996 ccf_commit_seqno=3813503 nstreams_done_=405500 config.nstreams=1000000 avg_latency=0.5608 ms avg throuhgput (requests/sec) = 995.4679 res=false
*==== INFO ====*  stream_id=1623996 latency=0.481801 ms (tx_ts=85155050065107, rx_ts=85155050546908) request_id=3816859 zil_blk_id=1623996 ccf_commit_seqno=3816859 nstreams_done_=406000 config.nstreams=1000000 avg_latency=0.5608 ms avg throuhgput (requests/sec) = 995.4509 res=false
*==== INFO ====*  stream_id=1625996 latency=0.533257 ms (tx_ts=85155555302509, rx_ts=85155555835766) request_id=3820131 zil_blk_id=1625996 ccf_commit_seqno=3820131 nstreams_done_=406500 config.nstreams=1000000 avg_latency=0.5608 ms avg throuhgput (requests/sec) = 995.4436 res=false
*==== INFO ====*  stream_id=1627996 latency=0.552433 ms (tx_ts=85156056673229, rx_ts=85156057225662) request_id=3823438 zil_blk_id=1627996 ccf_commit_seqno=3823438 nstreams_done_=407000 config.nstreams=1000000 avg_latency=0.5608 ms avg throuhgput (requests/sec) = 995.4458 res=false
*==== INFO ====*  stream_id=1629996 latency=0.676456 ms (tx_ts=85156550526686, rx_ts=85156551203142) request_id=3826794 zil_blk_id=1629996 ccf_commit_seqno=3826795 nstreams_done_=407500 config.nstreams=1000000 avg_latency=0.5608 ms avg throuhgput (requests/sec) = 995.4660 res=false
*==== INFO ====*  stream_id=1631996 latency=0.514773 ms (tx_ts=85157068234863, rx_ts=85157068749636) request_id=3830086 zil_blk_id=1631996 ccf_commit_seqno=3830086 nstreams_done_=408000 config.nstreams=1000000 avg_latency=0.5609 ms avg throuhgput (requests/sec) = 995.4289 res=false
*==== INFO ====*  stream_id=1633996 latency=0.518249 ms (tx_ts=85157572178782, rx_ts=85157572697031) request_id=3833380 zil_blk_id=1633996 ccf_commit_seqno=3833380 nstreams_done_=408500 config.nstreams=1000000 avg_latency=0.5609 ms avg throuhgput (requests/sec) = 995.4249 res=false
*==== INFO ====*  stream_id=1635996 latency=0.518079 ms (tx_ts=85158051095659, rx_ts=85158051613738) request_id=3836675 zil_blk_id=1635996 ccf_commit_seqno=3836675 nstreams_done_=409000 config.nstreams=1000000 avg_latency=0.5609 ms avg throuhgput (requests/sec) = 995.4816 res=false
*==== INFO ====*  stream_id=1637996 latency=0.546352 ms (tx_ts=85158532416993, rx_ts=85158532963345) request_id=3839954 zil_blk_id=1637996 ccf_commit_seqno=3839954 nstreams_done_=409500 config.nstreams=1000000 avg_latency=0.5609 ms avg throuhgput (requests/sec) = 995.5322 res=false
*==== INFO ====*  stream_id=1639996 latency=0.535501 ms (tx_ts=85159005088212, rx_ts=85159005623713) request_id=3843249 zil_blk_id=1639996 ccf_commit_seqno=3843249 nstreams_done_=410000 config.nstreams=1000000 avg_latency=0.5609 ms avg throuhgput (requests/sec) = 995.6037 res=false
*==== INFO ====*  stream_id=1641996 latency=0.541092 ms (tx_ts=85159529540277, rx_ts=85159530081369) request_id=3846725 zil_blk_id=1641996 ccf_commit_seqno=3846725 nstreams_done_=410500 config.nstreams=1000000 avg_latency=0.5609 ms avg throuhgput (requests/sec) = 995.5500 res=false
*==== INFO ====*  stream_id=1643996 latency=0.516126 ms (tx_ts=85160053522890, rx_ts=85160054039016) request_id=3850329 zil_blk_id=1643996 ccf_commit_seqno=3850329 nstreams_done_=411000 config.nstreams=1000000 avg_latency=0.5609 ms avg throuhgput (requests/sec) = 995.4976 res=false
*==== INFO ====*  stream_id=1645996 latency=0.505996 ms (tx_ts=85160568179032, rx_ts=85160568685028) request_id=3853921 zil_blk_id=1645996 ccf_commit_seqno=3853921 nstreams_done_=411500 config.nstreams=1000000 avg_latency=0.5608 ms avg throuhgput (requests/sec) = 995.4678 res=false
*==== INFO ====*  stream_id=1647996 latency=0.501999 ms (tx_ts=85161078825405, rx_ts=85161079327404) request_id=3857468 zil_blk_id=1647996 ccf_commit_seqno=3857468 nstreams_done_=412000 config.nstreams=1000000 avg_latency=0.5608 ms avg throuhgput (requests/sec) = 995.4477 res=false
*==== INFO ====*  stream_id=1649996 latency=0.559957 ms (tx_ts=85161584477076, rx_ts=85161585037033) request_id=3860858 zil_blk_id=1649996 ccf_commit_seqno=3860858 nstreams_done_=412500 config.nstreams=1000000 avg_latency=0.5608 ms avg throuhgput (requests/sec) = 995.4394 res=false
*==== INFO ====*  stream_id=1651996 latency=0.656317 ms (tx_ts=85162104398746, rx_ts=85162105055063) request_id=3864268 zil_blk_id=1651996 ccf_commit_seqno=3864268 nstreams_done_=413000 config.nstreams=1000000 avg_latency=0.5608 ms avg throuhgput (requests/sec) = 995.3969 res=false
*==== INFO ====*  stream_id=1653996 latency=1.551331 ms (tx_ts=85162610967601, rx_ts=85162612518932) request_id=3867728 zil_blk_id=1653996 ccf_commit_seqno=3867728 nstreams_done_=413500 config.nstreams=1000000 avg_latency=0.5607 ms avg throuhgput (requests/sec) = 995.3846 res=false
*==== INFO ====*  stream_id=1655996 latency=0.486320 ms (tx_ts=85163091806248, rx_ts=85163092292568) request_id=3871086 zil_blk_id=1655996 ccf_commit_seqno=3871086 nstreams_done_=414000 config.nstreams=1000000 avg_latency=0.5607 ms avg throuhgput (requests/sec) = 995.4385 res=false
*==== INFO ====*  stream_id=1657996 latency=0.535932 ms (tx_ts=85163584074701, rx_ts=85163584610633) request_id=3874562 zil_blk_id=1657996 ccf_commit_seqno=3874562 nstreams_done_=414500 config.nstreams=1000000 avg_latency=0.5606 ms avg throuhgput (requests/sec) = 995.4624 res=false
*==== INFO ====*  stream_id=1659996 latency=0.495847 ms (tx_ts=85164095986301, rx_ts=85164096482148) request_id=3878102 zil_blk_id=1659996 ccf_commit_seqno=3878102 nstreams_done_=415000 config.nstreams=1000000 avg_latency=0.5606 ms avg throuhgput (requests/sec) = 995.4395 res=false
*==== INFO ====*  stream_id=1661996 latency=0.482352 ms (tx_ts=85164603229387, rx_ts=85164603711739) request_id=3881551 zil_blk_id=1661996 ccf_commit_seqno=3881551 nstreams_done_=415500 config.nstreams=1000000 avg_latency=0.5606 ms avg throuhgput (requests/sec) = 995.4277 res=false
*==== INFO ====*  stream_id=1663996 latency=0.493532 ms (tx_ts=85165104178505, rx_ts=85165104672037) request_id=3885051 zil_blk_id=1663996 ccf_commit_seqno=3885051 nstreams_done_=416000 config.nstreams=1000000 avg_latency=0.5606 ms avg throuhgput (requests/sec) = 995.4309 res=false
*==== INFO ====*  stream_id=1665996 latency=0.572682 ms (tx_ts=85165625099546, rx_ts=85165625672228) request_id=3888524 zil_blk_id=1665996 ccf_commit_seqno=3888525 nstreams_done_=416500 config.nstreams=1000000 avg_latency=0.5605 ms avg throuhgput (requests/sec) = 995.3864 res=false
*==== INFO ====*  stream_id=1667996 latency=0.546141 ms (tx_ts=85166126632808, rx_ts=85166127178949) request_id=3891989 zil_blk_id=1667996 ccf_commit_seqno=3891989 nstreams_done_=417000 config.nstreams=1000000 avg_latency=0.5605 ms avg throuhgput (requests/sec) = 995.3883 res=false
*==== INFO ====*  stream_id=1669996 latency=0.459660 ms (tx_ts=85166619326321, rx_ts=85166619785981) request_id=3895301 zil_blk_id=1669996 ccf_commit_seqno=3895301 nstreams_done_=417500 config.nstreams=1000000 avg_latency=0.5605 ms avg throuhgput (requests/sec) = 995.4113 res=false
*==== INFO ====*  stream_id=1671996 latency=0.518930 ms (tx_ts=85167121197866, rx_ts=85167121716796) request_id=3898738 zil_blk_id=1671996 ccf_commit_seqno=3898738 nstreams_done_=418000 config.nstreams=1000000 avg_latency=0.5604 ms avg throuhgput (requests/sec) = 995.4122 res=false
*==== INFO ====*  stream_id=1673996 latency=0.482913 ms (tx_ts=85167616783885, rx_ts=85167617266798) request_id=3902117 zil_blk_id=1673996 ccf_commit_seqno=3902117 nstreams_done_=418500 config.nstreams=1000000 avg_latency=0.5604 ms avg throuhgput (requests/sec) = 995.4282 res=false
*==== INFO ====*  stream_id=1675996 latency=0.632604 ms (tx_ts=85168095293079, rx_ts=85168095925683) request_id=3905429 zil_blk_id=1675996 ccf_commit_seqno=3905430 nstreams_done_=419000 config.nstreams=1000000 avg_latency=0.5604 ms avg throuhgput (requests/sec) = 995.4841 res=false
*==== INFO ====*  stream_id=1677996 latency=0.477269 ms (tx_ts=85168548686035, rx_ts=85168549163304) request_id=3908676 zil_blk_id=1677996 ccf_commit_seqno=3908676 nstreams_done_=419500 config.nstreams=1000000 avg_latency=0.5604 ms avg throuhgput (requests/sec) = 995.6000 res=false
*==== INFO ====*  stream_id=1679996 latency=0.509232 ms (tx_ts=85168995563568, rx_ts=85168996072800) request_id=3911825 zil_blk_id=1679996 ccf_commit_seqno=3911825 nstreams_done_=420000 config.nstreams=1000000 avg_latency=0.5604 ms avg throuhgput (requests/sec) = 995.7305 res=false
*==== INFO ====*  stream_id=1681996 latency=0.492391 ms (tx_ts=85169456994819, rx_ts=85169457487210) request_id=3914956 zil_blk_id=1681996 ccf_commit_seqno=3914956 nstreams_done_=420500 config.nstreams=1000000 avg_latency=0.5604 ms avg throuhgput (requests/sec) = 995.8265 res=false
*==== INFO ====*  stream_id=1683996 latency=0.557262 ms (tx_ts=85169916790355, rx_ts=85169917347617) request_id=3918165 zil_blk_id=1683996 ccf_commit_seqno=3918165 nstreams_done_=421000 config.nstreams=1000000 avg_latency=0.5604 ms avg throuhgput (requests/sec) = 995.9260 res=false
*==== INFO ====*  stream_id=1685996 latency=0.550429 ms (tx_ts=85170377123119, rx_ts=85170377673548) request_id=3921416 zil_blk_id=1685996 ccf_commit_seqno=3921417 nstreams_done_=421500 config.nstreams=1000000 avg_latency=0.5603 ms avg throuhgput (requests/sec) = 996.0242 res=false
*==== INFO ====*  stream_id=1687996 latency=0.522166 ms (tx_ts=85170881637301, rx_ts=85170882159467) request_id=3924877 zil_blk_id=1687996 ccf_commit_seqno=3924877 nstreams_done_=422000 config.nstreams=1000000 avg_latency=0.5603 ms avg throuhgput (requests/sec) = 996.0184 res=false
*==== INFO ====*  stream_id=1689996 latency=0.535351 ms (tx_ts=85171365390511, rx_ts=85171365925862) request_id=3928262 zil_blk_id=1689996 ccf_commit_seqno=3928262 nstreams_done_=422500 config.nstreams=1000000 avg_latency=0.5603 ms avg throuhgput (requests/sec) = 996.0612 res=false
*==== INFO ====*  stream_id=1691996 latency=0.479477 ms (tx_ts=85171852723332, rx_ts=85171853202809) request_id=3931619 zil_blk_id=1691996 ccf_commit_seqno=3931619 nstreams_done_=423000 config.nstreams=1000000 avg_latency=0.5603 ms avg throuhgput (requests/sec) = 996.0956 res=false
*==== INFO ====*  stream_id=1693996 latency=0.487532 ms (tx_ts=85172353815710, rx_ts=85172354303242) request_id=3934893 zil_blk_id=1693996 ccf_commit_seqno=3934893 nstreams_done_=423500 config.nstreams=1000000 avg_latency=0.5603 ms avg throuhgput (requests/sec) = 996.0977 res=false
*==== INFO ====*  stream_id=1695996 latency=0.540030 ms (tx_ts=85172833496883, rx_ts=85172834036913) request_id=3938229 zil_blk_id=1695996 ccf_commit_seqno=3938229 nstreams_done_=424000 config.nstreams=1000000 avg_latency=0.5603 ms avg throuhgput (requests/sec) = 996.1497 res=false
*==== INFO ====*  stream_id=1697996 latency=0.485468 ms (tx_ts=85173316503604, rx_ts=85173316989072) request_id=3941506 zil_blk_id=1697996 ccf_commit_seqno=3941506 nstreams_done_=424500 config.nstreams=1000000 avg_latency=0.5602 ms avg throuhgput (requests/sec) = 996.1940 res=false
*==== INFO ====*  stream_id=1699996 latency=0.495407 ms (tx_ts=85173792926208, rx_ts=85173793421615) request_id=3944772 zil_blk_id=1699996 ccf_commit_seqno=3944772 nstreams_done_=425000 config.nstreams=1000000 avg_latency=0.5602 ms avg throuhgput (requests/sec) = 996.2535 res=false
*==== INFO ====*  stream_id=1701996 latency=0.537325 ms (tx_ts=85174295110420, rx_ts=85174295647745) request_id=3948244 zil_blk_id=1701996 ccf_commit_seqno=3948245 nstreams_done_=425500 config.nstreams=1000000 avg_latency=0.5602 ms avg throuhgput (requests/sec) = 996.2527 res=false
*==== INFO ====*  stream_id=1703996 latency=0.489225 ms (tx_ts=85174806021881, rx_ts=85174806511106) request_id=3951639 zil_blk_id=1703996 ccf_commit_seqno=3951639 nstreams_done_=426000 config.nstreams=1000000 avg_latency=0.5602 ms avg throuhgput (requests/sec) = 996.2318 res=false
*==== INFO ====*  stream_id=1705996 latency=0.513150 ms (tx_ts=85175322889128, rx_ts=85175323402278) request_id=3955172 zil_blk_id=1705996 ccf_commit_seqno=3955172 nstreams_done_=426500 config.nstreams=1000000 avg_latency=0.5601 ms avg throuhgput (requests/sec) = 996.1969 res=false
*==== INFO ====*  stream_id=1707996 latency=0.528970 ms (tx_ts=85175821166458, rx_ts=85175821695428) request_id=3958682 zil_blk_id=1707996 ccf_commit_seqno=3958682 nstreams_done_=427000 config.nstreams=1000000 avg_latency=0.5601 ms avg throuhgput (requests/sec) = 996.2053 res=false
*==== INFO ====*  stream_id=1709996 latency=0.509844 ms (tx_ts=85176317373757, rx_ts=85176317883601) request_id=3962168 zil_blk_id=1709996 ccf_commit_seqno=3962168 nstreams_done_=427500 config.nstreams=1000000 avg_latency=0.5600 ms avg throuhgput (requests/sec) = 996.2186 res=false
*==== INFO ====*  stream_id=1711996 latency=0.530613 ms (tx_ts=85176827244963, rx_ts=85176827775576) request_id=3965781 zil_blk_id=1711996 ccf_commit_seqno=3965781 nstreams_done_=428000 config.nstreams=1000000 avg_latency=0.5600 ms avg throuhgput (requests/sec) = 996.2000 res=false
*==== INFO ====*  stream_id=1713996 latency=0.678789 ms (tx_ts=85177311988852, rx_ts=85177312667641) request_id=3969219 zil_blk_id=1713996 ccf_commit_seqno=3969219 nstreams_done_=428500 config.nstreams=1000000 avg_latency=0.5600 ms avg throuhgput (requests/sec) = 996.2394 res=false
*==== INFO ====*  stream_id=1715996 latency=0.527767 ms (tx_ts=85177809083330, rx_ts=85177809611097) request_id=3972756 zil_blk_id=1715996 ccf_commit_seqno=3972756 nstreams_done_=429000 config.nstreams=1000000 avg_latency=0.5599 ms avg throuhgput (requests/sec) = 996.2509 res=false
*==== INFO ====*  stream_id=1717996 latency=0.508532 ms (tx_ts=85178322237095, rx_ts=85178322745627) request_id=3976377 zil_blk_id=1717996 ccf_commit_seqno=3976377 nstreams_done_=429500 config.nstreams=1000000 avg_latency=0.5599 ms avg throuhgput (requests/sec) = 996.2249 res=false
*==== INFO ====*  stream_id=1719996 latency=0.563443 ms (tx_ts=85178824982223, rx_ts=85178825545666) request_id=3979953 zil_blk_id=1719996 ccf_commit_seqno=3979953 nstreams_done_=430000 config.nstreams=1000000 avg_latency=0.5599 ms avg throuhgput (requests/sec) = 996.2228 res=false
*==== INFO ====*  stream_id=1721996 latency=0.549187 ms (tx_ts=85179310764294, rx_ts=85179311313481) request_id=3983323 zil_blk_id=1721996 ccf_commit_seqno=3983323 nstreams_done_=430500 config.nstreams=1000000 avg_latency=0.5599 ms avg throuhgput (requests/sec) = 996.2600 res=false
*==== INFO ====*  stream_id=1723996 latency=0.541493 ms (tx_ts=85179796720650, rx_ts=85179797262143) request_id=3986736 zil_blk_id=1723996 ccf_commit_seqno=3986736 nstreams_done_=431000 config.nstreams=1000000 avg_latency=0.5598 ms avg throuhgput (requests/sec) = 996.2967 res=false
*==== INFO ====*  stream_id=1725996 latency=0.543366 ms (tx_ts=85180271651447, rx_ts=85180272194813) request_id=3990089 zil_blk_id=1725996 ccf_commit_seqno=3990089 nstreams_done_=431500 config.nstreams=1000000 avg_latency=0.5598 ms avg throuhgput (requests/sec) = 996.3586 res=false
*==== INFO ====*  stream_id=1727996 latency=0.547544 ms (tx_ts=85180779579168, rx_ts=85180780126712) request_id=3993574 zil_blk_id=1727996 ccf_commit_seqno=3993574 nstreams_done_=432000 config.nstreams=1000000 avg_latency=0.5598 ms avg throuhgput (requests/sec) = 996.3446 res=false
*==== INFO ====*  stream_id=1729996 latency=0.539088 ms (tx_ts=85181258834722, rx_ts=85181259373810) request_id=3996915 zil_blk_id=1729996 ccf_commit_seqno=3996915 nstreams_done_=432500 config.nstreams=1000000 avg_latency=0.5598 ms avg throuhgput (requests/sec) = 996.3964 res=false
*==== INFO ====*  stream_id=1731996 latency=0.648082 ms (tx_ts=85181762283251, rx_ts=85181762931333) request_id=4000283 zil_blk_id=1731996 ccf_commit_seqno=4000284 nstreams_done_=433000 config.nstreams=1000000 avg_latency=0.5598 ms avg throuhgput (requests/sec) = 996.3924 res=false
*==== INFO ====*  stream_id=1733996 latency=0.633124 ms (tx_ts=85182265822100, rx_ts=85182266455224) request_id=4003746 zil_blk_id=1733996 ccf_commit_seqno=4003748 nstreams_done_=433500 config.nstreams=1000000 avg_latency=0.5598 ms avg throuhgput (requests/sec) = 996.3885 res=false
*==== INFO ====*  stream_id=1735996 latency=0.529400 ms (tx_ts=85182760197421, rx_ts=85182760726821) request_id=4007053 zil_blk_id=1735996 ccf_commit_seqno=4007053 nstreams_done_=434000 config.nstreams=1000000 avg_latency=0.5598 ms avg throuhgput (requests/sec) = 996.4057 res=false
*==== INFO ====*  stream_id=1737996 latency=0.466703 ms (tx_ts=85183236692762, rx_ts=85183237159465) request_id=4010340 zil_blk_id=1737996 ccf_commit_seqno=4010340 nstreams_done_=434500 config.nstreams=1000000 avg_latency=0.5598 ms avg throuhgput (requests/sec) = 996.4637 res=false
*==== INFO ====*  stream_id=1739996 latency=0.501789 ms (tx_ts=85183738536000, rx_ts=85183739037789) request_id=4013767 zil_blk_id=1739996 ccf_commit_seqno=4013767 nstreams_done_=435000 config.nstreams=1000000 avg_latency=0.5598 ms avg throuhgput (requests/sec) = 996.4635 res=false
*==== INFO ====*  stream_id=1741996 latency=0.501759 ms (tx_ts=85184226980940, rx_ts=85184227482699) request_id=4017190 zil_blk_id=1741996 ccf_commit_seqno=4017190 nstreams_done_=435500 config.nstreams=1000000 avg_latency=0.5597 ms avg throuhgput (requests/sec) = 996.4939 res=false
*==== INFO ====*  stream_id=1743996 latency=0.530151 ms (tx_ts=85184716945723, rx_ts=85184717475874) request_id=4020577 zil_blk_id=1743996 ccf_commit_seqno=4020577 nstreams_done_=436000 config.nstreams=1000000 avg_latency=0.5597 ms avg throuhgput (requests/sec) = 996.5207 res=false
*==== INFO ====*  stream_id=1745996 latency=0.533999 ms (tx_ts=85185201486811, rx_ts=85185202020810) request_id=4023961 zil_blk_id=1745996 ccf_commit_seqno=4023961 nstreams_done_=436500 config.nstreams=1000000 avg_latency=0.5597 ms avg throuhgput (requests/sec) = 996.5598 res=false
*==== INFO ====*  stream_id=1747996 latency=0.483595 ms (tx_ts=85185691718152, rx_ts=85185692201747) request_id=4027307 zil_blk_id=1747996 ccf_commit_seqno=4027307 nstreams_done_=437000 config.nstreams=1000000 avg_latency=0.5597 ms avg throuhgput (requests/sec) = 996.5860 res=false
*==== INFO ====*  stream_id=1749996 latency=0.472564 ms (tx_ts=85186168660429, rx_ts=85186169132993) request_id=4030493 zil_blk_id=1749996 ccf_commit_seqno=4030493 nstreams_done_=437500 config.nstreams=1000000 avg_latency=0.5597 ms avg throuhgput (requests/sec) = 996.6423 res=false
*==== INFO ====*  stream_id=1751996 latency=0.483234 ms (tx_ts=85186651552975, rx_ts=85186652036209) request_id=4033921 zil_blk_id=1751996 ccf_commit_seqno=4033921 nstreams_done_=438000 config.nstreams=1000000 avg_latency=0.5596 ms avg throuhgput (requests/sec) = 996.6849 res=false
*==== INFO ====*  stream_id=1753996 latency=0.527627 ms (tx_ts=85187125030342, rx_ts=85187125557969) request_id=4037181 zil_blk_id=1753996 ccf_commit_seqno=4037181 nstreams_done_=438500 config.nstreams=1000000 avg_latency=0.5596 ms avg throuhgput (requests/sec) = 996.7486 res=false
*==== INFO ====*  stream_id=1755996 latency=0.531745 ms (tx_ts=85187613138892, rx_ts=85187613670637) request_id=4040418 zil_blk_id=1755996 ccf_commit_seqno=4040418 nstreams_done_=439000 config.nstreams=1000000 avg_latency=0.5597 ms avg throuhgput (requests/sec) = 996.7792 res=false
*==== INFO ====*  stream_id=1757996 latency=0.559948 ms (tx_ts=85188087303104, rx_ts=85188087863052) request_id=4043735 zil_blk_id=1757996 ccf_commit_seqno=4043735 nstreams_done_=439500 config.nstreams=1000000 avg_latency=0.5597 ms avg throuhgput (requests/sec) = 996.8412 res=false
*==== INFO ====*  stream_id=1759996 latency=0.527056 ms (tx_ts=85188548291350, rx_ts=85188548818406) request_id=4046954 zil_blk_id=1759996 ccf_commit_seqno=4046954 nstreams_done_=440000 config.nstreams=1000000 avg_latency=0.5596 ms avg throuhgput (requests/sec) = 996.9330 res=false
*==== INFO ====*  stream_id=1761996 latency=3.521203 ms (tx_ts=85189024329896, rx_ts=85189027851099) request_id=4050254 zil_blk_id=1761996 ccf_commit_seqno=4050254 nstreams_done_=440500 config.nstreams=1000000 avg_latency=0.5597 ms avg throuhgput (requests/sec) = 996.9838 res=false
*==== INFO ====*  stream_id=1763996 latency=0.547063 ms (tx_ts=85189519515775, rx_ts=85189520062838) request_id=4053635 zil_blk_id=1763996 ccf_commit_seqno=4053635 nstreams_done_=441000 config.nstreams=1000000 avg_latency=0.5597 ms avg throuhgput (requests/sec) = 997.0047 res=false
*==== INFO ====*  stream_id=1765996 latency=0.642742 ms (tx_ts=85189972951353, rx_ts=85189973594095) request_id=4056906 zil_blk_id=1765996 ccf_commit_seqno=4056907 nstreams_done_=441500 config.nstreams=1000000 avg_latency=0.5597 ms avg throuhgput (requests/sec) = 997.1128 res=false
*==== INFO ====*  stream_id=1767996 latency=0.531934 ms (tx_ts=85190438278056, rx_ts=85190438809990) request_id=4060228 zil_blk_id=1767996 ccf_commit_seqno=4060228 nstreams_done_=442000 config.nstreams=1000000 avg_latency=0.5597 ms avg throuhgput (requests/sec) = 997.1943 res=false
*==== INFO ====*  stream_id=1769996 latency=0.519561 ms (tx_ts=85190921933469, rx_ts=85190922453030) request_id=4063651 zil_blk_id=1769996 ccf_commit_seqno=4063651 nstreams_done_=442500 config.nstreams=1000000 avg_latency=0.5596 ms avg throuhgput (requests/sec) = 997.2342 res=false
*==== INFO ====*  stream_id=1771996 latency=0.506467 ms (tx_ts=85191375527797, rx_ts=85191376034264) request_id=4066938 zil_blk_id=1771996 ccf_commit_seqno=4066938 nstreams_done_=443000 config.nstreams=1000000 avg_latency=0.5596 ms avg throuhgput (requests/sec) = 997.3415 res=false
*==== INFO ====*  stream_id=1773996 latency=0.501507 ms (tx_ts=85191846881641, rx_ts=85191847383148) request_id=4070310 zil_blk_id=1773996 ccf_commit_seqno=4070310 nstreams_done_=443500 config.nstreams=1000000 avg_latency=0.5596 ms avg throuhgput (requests/sec) = 997.4088 res=false
*==== INFO ====*  stream_id=1775996 latency=0.554767 ms (tx_ts=85192326335245, rx_ts=85192326890012) request_id=4073683 zil_blk_id=1775996 ccf_commit_seqno=4073683 nstreams_done_=444000 config.nstreams=1000000 avg_latency=0.5596 ms avg throuhgput (requests/sec) = 997.4576 res=false
*==== INFO ====*  stream_id=1777996 latency=0.503832 ms (tx_ts=85192823536756, rx_ts=85192824040588) request_id=4077097 zil_blk_id=1777996 ccf_commit_seqno=4077097 nstreams_done_=444500 config.nstreams=1000000 avg_latency=0.5596 ms avg throuhgput (requests/sec) = 997.4668 res=false
*==== INFO ====*  stream_id=1779996 latency=0.507549 ms (tx_ts=85193317873141, rx_ts=85193318380690) request_id=4080459 zil_blk_id=1779996 ccf_commit_seqno=4080459 nstreams_done_=445000 config.nstreams=1000000 avg_latency=0.5596 ms avg throuhgput (requests/sec) = 997.4823 res=false
*==== INFO ====*  stream_id=1781996 latency=0.525363 ms (tx_ts=85193807161501, rx_ts=85193807686864) request_id=4083813 zil_blk_id=1781996 ccf_commit_seqno=4083813 nstreams_done_=445500 config.nstreams=1000000 avg_latency=0.5596 ms avg throuhgput (requests/sec) = 997.5090 res=false
*==== INFO ====*  stream_id=1783996 latency=0.508926 ms (tx_ts=85194289440879, rx_ts=85194289949805) request_id=4087110 zil_blk_id=1783996 ccf_commit_seqno=4087110 nstreams_done_=446000 config.nstreams=1000000 avg_latency=0.5596 ms avg throuhgput (requests/sec) = 997.5514 res=false
*==== INFO ====*  stream_id=1785996 latency=0.468666 ms (tx_ts=85194754951664, rx_ts=85194755420330) request_id=4090364 zil_blk_id=1785996 ccf_commit_seqno=4090364 nstreams_done_=446500 config.nstreams=1000000 avg_latency=0.5596 ms avg throuhgput (requests/sec) = 997.6311 res=false
*==== INFO ====*  stream_id=1787996 latency=0.632873 ms (tx_ts=85195228557160, rx_ts=85195229190033) request_id=4093730 zil_blk_id=1787996 ccf_commit_seqno=4093730 nstreams_done_=447000 config.nstreams=1000000 avg_latency=0.5596 ms avg throuhgput (requests/sec) = 997.6921 res=false
*==== INFO ====*  stream_id=1789996 latency=0.905253 ms (tx_ts=85195705035456, rx_ts=85195705940709) request_id=4097093 zil_blk_id=1789996 ccf_commit_seqno=4097093 nstreams_done_=447500 config.nstreams=1000000 avg_latency=0.5595 ms avg throuhgput (requests/sec) = 997.7464 res=false
*==== INFO ====*  stream_id=1791996 latency=0.460371 ms (tx_ts=85196214829222, rx_ts=85196215289593) request_id=4100666 zil_blk_id=1791996 ccf_commit_seqno=4100666 nstreams_done_=448000 config.nstreams=1000000 avg_latency=0.5595 ms avg throuhgput (requests/sec) = 997.7282 res=false
*==== INFO ====*  stream_id=1793996 latency=0.543296 ms (tx_ts=85196690838398, rx_ts=85196691381694) request_id=4104006 zil_blk_id=1793996 ccf_commit_seqno=4104006 nstreams_done_=448500 config.nstreams=1000000 avg_latency=0.5595 ms avg throuhgput (requests/sec) = 997.7838 res=false
*==== INFO ====*  stream_id=1795996 latency=0.589252 ms (tx_ts=85197167048158, rx_ts=85197167637410) request_id=4107355 zil_blk_id=1795996 ccf_commit_seqno=4107355 nstreams_done_=449000 config.nstreams=1000000 avg_latency=0.5595 ms avg throuhgput (requests/sec) = 997.8389 res=false
*==== INFO ====*  stream_id=1797996 latency=0.545761 ms (tx_ts=85197647227223, rx_ts=85197647772984) request_id=4110773 zil_blk_id=1797996 ccf_commit_seqno=4110773 nstreams_done_=449500 config.nstreams=1000000 avg_latency=0.5595 ms avg throuhgput (requests/sec) = 997.8853 res=false
*==== INFO ====*  stream_id=1799996 latency=0.606033 ms (tx_ts=85198164293158, rx_ts=85198164899191) request_id=4114234 zil_blk_id=1799996 ccf_commit_seqno=4114234 nstreams_done_=450000 config.nstreams=1000000 avg_latency=0.5595 ms avg throuhgput (requests/sec) = 997.8497 res=false
*==== INFO ====*  stream_id=1801996 latency=0.532877 ms (tx_ts=85198681414566, rx_ts=85198681947443) request_id=4117765 zil_blk_id=1801996 ccf_commit_seqno=4117765 nstreams_done_=450500 config.nstreams=1000000 avg_latency=0.5594 ms avg throuhgput (requests/sec) = 997.8144 res=false
*==== INFO ====*  stream_id=1803996 latency=0.546773 ms (tx_ts=85199180115736, rx_ts=85199180662509) request_id=4121259 zil_blk_id=1803996 ccf_commit_seqno=4121259 nstreams_done_=451000 config.nstreams=1000000 avg_latency=0.5594 ms avg throuhgput (requests/sec) = 997.8197 res=false
*==== INFO ====*  stream_id=1805996 latency=0.594071 ms (tx_ts=85199673308295, rx_ts=85199673902366) request_id=4124664 zil_blk_id=1805996 ccf_commit_seqno=4124664 nstreams_done_=451500 config.nstreams=1000000 avg_latency=0.5594 ms avg throuhgput (requests/sec) = 997.8370 res=false
*==== INFO ====*  stream_id=1807996 latency=0.495757 ms (tx_ts=85200161340593, rx_ts=85200161836350) request_id=4128120 zil_blk_id=1807996 ccf_commit_seqno=4128120 nstreams_done_=452000 config.nstreams=1000000 avg_latency=0.5593 ms avg throuhgput (requests/sec) = 997.8660 res=false
*==== INFO ====*  stream_id=1809996 latency=0.543867 ms (tx_ts=85200667595360, rx_ts=85200668139227) request_id=4131665 zil_blk_id=1809996 ccf_commit_seqno=4131666 nstreams_done_=452500 config.nstreams=1000000 avg_latency=0.5593 ms avg throuhgput (requests/sec) = 997.8544 res=false
*==== INFO ====*  stream_id=1811996 latency=0.565437 ms (tx_ts=85201168567287, rx_ts=85201169132724) request_id=4135131 zil_blk_id=1811996 ccf_commit_seqno=4135132 nstreams_done_=453000 config.nstreams=1000000 avg_latency=0.5593 ms avg throuhgput (requests/sec) = 997.8546 res=false
*==== INFO ====*  stream_id=1813996 latency=0.475940 ms (tx_ts=85201649984344, rx_ts=85201650460284) request_id=4138623 zil_blk_id=1813996 ccf_commit_seqno=4138623 nstreams_done_=453500 config.nstreams=1000000 avg_latency=0.5592 ms avg throuhgput (requests/sec) = 997.8980 res=false
*==== INFO ====*  stream_id=1815996 latency=0.528288 ms (tx_ts=85202133889133, rx_ts=85202134417421) request_id=4142049 zil_blk_id=1815996 ccf_commit_seqno=4142049 nstreams_done_=454000 config.nstreams=1000000 avg_latency=0.5592 ms avg throuhgput (requests/sec) = 997.9355 res=false
*==== INFO ====*  stream_id=1817996 latency=0.515584 ms (tx_ts=85202613124911, rx_ts=85202613640495) request_id=4145436 zil_blk_id=1817996 ccf_commit_seqno=4145436 nstreams_done_=454500 config.nstreams=1000000 avg_latency=0.5592 ms avg throuhgput (requests/sec) = 997.9833 res=false
*==== INFO ====*  stream_id=1819996 latency=0.548035 ms (tx_ts=85203090722856, rx_ts=85203091270891) request_id=4148815 zil_blk_id=1819996 ccf_commit_seqno=4148815 nstreams_done_=455000 config.nstreams=1000000 avg_latency=0.5591 ms avg throuhgput (requests/sec) = 998.0345 res=false
*==== INFO ====*  stream_id=1821996 latency=0.505255 ms (tx_ts=85203598962684, rx_ts=85203599467939) request_id=4152320 zil_blk_id=1821996 ccf_commit_seqno=4152320 nstreams_done_=455500 config.nstreams=1000000 avg_latency=0.5591 ms avg throuhgput (requests/sec) = 998.0187 res=false
*==== INFO ====*  stream_id=1823996 latency=0.568683 ms (tx_ts=85204070834621, rx_ts=85204071403304) request_id=4155669 zil_blk_id=1823996 ccf_commit_seqno=4155669 nstreams_done_=456000 config.nstreams=1000000 avg_latency=0.5591 ms avg throuhgput (requests/sec) = 998.0822 res=false
*==== INFO ====*  stream_id=1825996 latency=0.563223 ms (tx_ts=85204560668669, rx_ts=85204561231892) request_id=4159042 zil_blk_id=1825996 ccf_commit_seqno=4159043 nstreams_done_=456500 config.nstreams=1000000 avg_latency=0.5591 ms avg throuhgput (requests/sec) = 998.1065 res=false
*==== INFO ====*  stream_id=1827996 latency=0.464097 ms (tx_ts=85205041029333, rx_ts=85205041493430) request_id=4162400 zil_blk_id=1827996 ccf_commit_seqno=4162400 nstreams_done_=457000 config.nstreams=1000000 avg_latency=0.5591 ms avg throuhgput (requests/sec) = 998.1516 res=false
*==== INFO ====*  stream_id=1829996 latency=0.527545 ms (tx_ts=85205538461604, rx_ts=85205538989149) request_id=4165814 zil_blk_id=1829996 ccf_commit_seqno=4165814 nstreams_done_=457500 config.nstreams=1000000 avg_latency=0.5591 ms avg throuhgput (requests/sec) = 998.1590 res=false
*==== INFO ====*  stream_id=1831996 latency=0.473254 ms (tx_ts=85206038715539, rx_ts=85206039188793) request_id=4169309 zil_blk_id=1831996 ccf_commit_seqno=4169309 nstreams_done_=458000 config.nstreams=1000000 avg_latency=0.5590 ms avg throuhgput (requests/sec) = 998.1606 res=false
*==== INFO ====*  stream_id=1833996 latency=0.526243 ms (tx_ts=85206532501425, rx_ts=85206533027668) request_id=4172755 zil_blk_id=1833996 ccf_commit_seqno=4172755 nstreams_done_=458500 config.nstreams=1000000 avg_latency=0.5590 ms avg throuhgput (requests/sec) = 998.1760 res=false
*==== INFO ====*  stream_id=1835996 latency=0.564535 ms (tx_ts=85207049210429, rx_ts=85207049774964) request_id=4176263 zil_blk_id=1835996 ccf_commit_seqno=4176263 nstreams_done_=459000 config.nstreams=1000000 avg_latency=0.5590 ms avg throuhgput (requests/sec) = 998.1416 res=false
*==== INFO ====*  stream_id=1837996 latency=0.588510 ms (tx_ts=85207554094943, rx_ts=85207554683453) request_id=4179676 zil_blk_id=1837996 ccf_commit_seqno=4179677 nstreams_done_=459500 config.nstreams=1000000 avg_latency=0.5590 ms avg throuhgput (requests/sec) = 998.1330 res=false
*==== INFO ====*  stream_id=1839996 latency=0.503942 ms (tx_ts=85208054583183, rx_ts=85208055087125) request_id=4183072 zil_blk_id=1839996 ccf_commit_seqno=4183072 nstreams_done_=460000 config.nstreams=1000000 avg_latency=0.5589 ms avg throuhgput (requests/sec) = 998.1341 res=false
*==== INFO ====*  stream_id=1841996 latency=0.602175 ms (tx_ts=85208567732049, rx_ts=85208568334224) request_id=4186494 zil_blk_id=1841996 ccf_commit_seqno=4186494 nstreams_done_=460500 config.nstreams=1000000 avg_latency=0.5589 ms avg throuhgput (requests/sec) = 998.1075 res=false
*==== INFO ====*  stream_id=1843996 latency=0.579062 ms (tx_ts=85209072737537, rx_ts=85209073316599) request_id=4189953 zil_blk_id=1843996 ccf_commit_seqno=4189953 nstreams_done_=461000 config.nstreams=1000000 avg_latency=0.5589 ms avg throuhgput (requests/sec) = 998.0988 res=false
*==== INFO ====*  stream_id=1845996 latency=0.499093 ms (tx_ts=85209606438507, rx_ts=85209606937600) request_id=4193442 zil_blk_id=1845996 ccf_commit_seqno=4193442 nstreams_done_=461500 config.nstreams=1000000 avg_latency=0.5588 ms avg throuhgput (requests/sec) = 998.0283 res=false
*==== INFO ====*  stream_id=1847996 latency=0.543988 ms (tx_ts=85210230567124, rx_ts=85210231111112) request_id=4197026 zil_blk_id=1847996 ccf_commit_seqno=4197026 nstreams_done_=462000 config.nstreams=1000000 avg_latency=0.5590 ms avg throuhgput (requests/sec) = 997.7628 res=false
*==== INFO ====*  stream_id=1849996 latency=0.533527 ms (tx_ts=85210717877837, rx_ts=85210718411364) request_id=4200387 zil_blk_id=1849996 ccf_commit_seqno=4200387 nstreams_done_=462500 config.nstreams=1000000 avg_latency=0.5590 ms avg throuhgput (requests/sec) = 997.7925 res=false
*==== INFO ====*  stream_id=1851996 latency=0.565507 ms (tx_ts=85211220245318, rx_ts=85211220810825) request_id=4203819 zil_blk_id=1851996 ccf_commit_seqno=4203819 nstreams_done_=463000 config.nstreams=1000000 avg_latency=0.5590 ms avg throuhgput (requests/sec) = 997.7897 res=false
*==== INFO ====*  stream_id=1853996 latency=0.468325 ms (tx_ts=85211719316238, rx_ts=85211719784563) request_id=4207222 zil_blk_id=1853996 ccf_commit_seqno=4207222 nstreams_done_=463500 config.nstreams=1000000 avg_latency=0.5590 ms avg throuhgput (requests/sec) = 997.7943 res=false
*==== INFO ====*  stream_id=1855996 latency=0.581848 ms (tx_ts=85212208312013, rx_ts=85212208893861) request_id=4210603 zil_blk_id=1855996 ccf_commit_seqno=4210604 nstreams_done_=464000 config.nstreams=1000000 avg_latency=0.5590 ms avg throuhgput (requests/sec) = 997.8201 res=false
*==== INFO ====*  stream_id=1857996 latency=0.492782 ms (tx_ts=85212707633788, rx_ts=85212708126570) request_id=4213946 zil_blk_id=1857996 ccf_commit_seqno=4213946 nstreams_done_=464500 config.nstreams=1000000 avg_latency=0.5590 ms avg throuhgput (requests/sec) = 997.8240 res=false
*==== INFO ====*  stream_id=1859996 latency=0.549427 ms (tx_ts=85213222139054, rx_ts=85213222688481) request_id=4217287 zil_blk_id=1859996 ccf_commit_seqno=4217287 nstreams_done_=465000 config.nstreams=1000000 avg_latency=0.5590 ms avg throuhgput (requests/sec) = 997.7952 res=false
*==== INFO ====*  stream_id=1861996 latency=0.507329 ms (tx_ts=85213698709143, rx_ts=85213699216472) request_id=4220596 zil_blk_id=1861996 ccf_commit_seqno=4220596 nstreams_done_=465500 config.nstreams=1000000 avg_latency=0.5590 ms avg throuhgput (requests/sec) = 997.8478 res=false
*==== INFO ====*  stream_id=1863996 latency=0.581758 ms (tx_ts=85214209273429, rx_ts=85214209855187) request_id=4223946 zil_blk_id=1863996 ccf_commit_seqno=4223947 nstreams_done_=466000 config.nstreams=1000000 avg_latency=0.5590 ms avg throuhgput (requests/sec) = 997.8273 res=false
*==== INFO ====*  stream_id=1865996 latency=0.605302 ms (tx_ts=85214730613206, rx_ts=85214731218508) request_id=4227459 zil_blk_id=1865996 ccf_commit_seqno=4227460 nstreams_done_=466500 config.nstreams=1000000 avg_latency=0.5590 ms avg throuhgput (requests/sec) = 997.7841 res=false
*==== INFO ====*  stream_id=1867996 latency=0.514182 ms (tx_ts=85215213357454, rx_ts=85215213871636) request_id=4230667 zil_blk_id=1867996 ccf_commit_seqno=4230667 nstreams_done_=467000 config.nstreams=1000000 avg_latency=0.5589 ms avg throuhgput (requests/sec) = 997.8234 res=false
*==== INFO ====*  stream_id=1869996 latency=0.535472 ms (tx_ts=85215726193712, rx_ts=85215726729184) request_id=4234059 zil_blk_id=1869996 ccf_commit_seqno=4234059 nstreams_done_=467500 config.nstreams=1000000 avg_latency=0.5589 ms avg throuhgput (requests/sec) = 997.7984 res=false
*==== INFO ====*  stream_id=1871996 latency=0.477292 ms (tx_ts=85216224115093, rx_ts=85216224592385) request_id=4237351 zil_blk_id=1871996 ccf_commit_seqno=4237351 nstreams_done_=468000 config.nstreams=1000000 avg_latency=0.5589 ms avg throuhgput (requests/sec) = 997.8052 res=false
*==== INFO ====*  stream_id=1873996 latency=0.497059 ms (tx_ts=85216695870916, rx_ts=85216696367975) request_id=4240535 zil_blk_id=1873996 ccf_commit_seqno=4240535 nstreams_done_=468500 config.nstreams=1000000 avg_latency=0.5589 ms avg throuhgput (requests/sec) = 997.8676 res=false
*==== INFO ====*  stream_id=1875996 latency=0.476171 ms (tx_ts=85217186015409, rx_ts=85217186491580) request_id=4243930 zil_blk_id=1875996 ccf_commit_seqno=4243930 nstreams_done_=469000 config.nstreams=1000000 avg_latency=0.5589 ms avg throuhgput (requests/sec) = 997.8908 res=false
*==== INFO ====*  stream_id=1877996 latency=0.520554 ms (tx_ts=85217664267687, rx_ts=85217664788241) request_id=4247273 zil_blk_id=1877996 ccf_commit_seqno=4247273 nstreams_done_=469500 config.nstreams=1000000 avg_latency=0.5588 ms avg throuhgput (requests/sec) = 997.9391 res=false
*==== INFO ====*  stream_id=1879996 latency=0.514913 ms (tx_ts=85218187110893, rx_ts=85218187625806) request_id=4250586 zil_blk_id=1879996 ccf_commit_seqno=4250586 nstreams_done_=470000 config.nstreams=1000000 avg_latency=0.5589 ms avg throuhgput (requests/sec) = 997.8929 res=false
*==== INFO ====*  stream_id=1881996 latency=0.488594 ms (tx_ts=85218709775931, rx_ts=85218710264525) request_id=4254004 zil_blk_id=1881996 ccf_commit_seqno=4254004 nstreams_done_=470500 config.nstreams=1000000 avg_latency=0.5589 ms avg throuhgput (requests/sec) = 997.8472 res=false
*==== INFO ====*  stream_id=1883996 latency=0.537933 ms (tx_ts=85219255797878, rx_ts=85219256335811) request_id=4257491 zil_blk_id=1883996 ccf_commit_seqno=4257492 nstreams_done_=471000 config.nstreams=1000000 avg_latency=0.5589 ms avg throuhgput (requests/sec) = 997.7521 res=false
*==== INFO ====*  stream_id=1885996 latency=0.499483 ms (tx_ts=85219737142042, rx_ts=85219737641525) request_id=4260782 zil_blk_id=1885996 ccf_commit_seqno=4260782 nstreams_done_=471500 config.nstreams=1000000 avg_latency=0.5589 ms avg throuhgput (requests/sec) = 997.7939 res=false
*==== INFO ====*  stream_id=1887996 latency=0.567161 ms (tx_ts=85220242127705, rx_ts=85220242694866) request_id=4264114 zil_blk_id=1887996 ccf_commit_seqno=4264114 nstreams_done_=472000 config.nstreams=1000000 avg_latency=0.5589 ms avg throuhgput (requests/sec) = 997.7856 res=false
*==== INFO ====*  stream_id=1889996 latency=0.513701 ms (tx_ts=85220739913562, rx_ts=85220740427263) request_id=4267518 zil_blk_id=1889996 ccf_commit_seqno=4267518 nstreams_done_=472500 config.nstreams=1000000 avg_latency=0.5589 ms avg throuhgput (requests/sec) = 997.7927 res=false
*==== INFO ====*  stream_id=1891996 latency=0.498533 ms (tx_ts=85221234688700, rx_ts=85221235187233) request_id=4270895 zil_blk_id=1891996 ccf_commit_seqno=4270895 nstreams_done_=473000 config.nstreams=1000000 avg_latency=0.5589 ms avg throuhgput (requests/sec) = 997.8061 res=false
*==== INFO ====*  stream_id=1893996 latency=0.558624 ms (tx_ts=85221731748843, rx_ts=85221732307467) request_id=4274253 zil_blk_id=1893996 ccf_commit_seqno=4274253 nstreams_done_=473500 config.nstreams=1000000 avg_latency=0.5589 ms avg throuhgput (requests/sec) = 997.8145 res=false
*==== INFO ====*  stream_id=1895996 latency=0.475910 ms (tx_ts=85222232828788, rx_ts=85222233304698) request_id=4277578 zil_blk_id=1895996 ccf_commit_seqno=4277578 nstreams_done_=474000 config.nstreams=1000000 avg_latency=0.5589 ms avg throuhgput (requests/sec) = 997.8147 res=false
*==== INFO ====*  stream_id=1897996 latency=0.515604 ms (tx_ts=85222753733914, rx_ts=85222754249518) request_id=4280976 zil_blk_id=1897996 ccf_commit_seqno=4280976 nstreams_done_=474500 config.nstreams=1000000 avg_latency=0.5589 ms avg throuhgput (requests/sec) = 997.7730 res=false
*==== INFO ====*  stream_id=1899996 latency=0.540070 ms (tx_ts=85223266768432, rx_ts=85223267308502) request_id=4284414 zil_blk_id=1899996 ccf_commit_seqno=4284414 nstreams_done_=475000 config.nstreams=1000000 avg_latency=0.5590 ms avg throuhgput (requests/sec) = 997.7480 res=false
*==== INFO ====*  stream_id=1901996 latency=0.544428 ms (tx_ts=85223762841191, rx_ts=85223763385619) request_id=4287857 zil_blk_id=1901996 ccf_commit_seqno=4287857 nstreams_done_=475500 config.nstreams=1000000 avg_latency=0.5589 ms avg throuhgput (requests/sec) = 997.7586 res=false
*==== INFO ====*  stream_id=1903996 latency=0.596425 ms (tx_ts=85224252972019, rx_ts=85224253568444) request_id=4291262 zil_blk_id=1903996 ccf_commit_seqno=4291263 nstreams_done_=476000 config.nstreams=1000000 avg_latency=0.5589 ms avg throuhgput (requests/sec) = 997.7814 res=false
*==== INFO ====*  stream_id=1905996 latency=0.502580 ms (tx_ts=85224755278314, rx_ts=85224755780894) request_id=4294718 zil_blk_id=1905996 ccf_commit_seqno=4294718 nstreams_done_=476500 config.nstreams=1000000 avg_latency=0.5589 ms avg throuhgput (requests/sec) = 997.7791 res=false
*==== INFO ====*  stream_id=1907996 latency=0.486260 ms (tx_ts=85225270905151, rx_ts=85225271391411) request_id=4298261 zil_blk_id=1907996 ccf_commit_seqno=4298261 nstreams_done_=477000 config.nstreams=1000000 avg_latency=0.5589 ms avg throuhgput (requests/sec) = 997.7489 res=false
*==== INFO ====*  stream_id=1909996 latency=0.633335 ms (tx_ts=85225801386655, rx_ts=85225802019990) request_id=4301726 zil_blk_id=1909996 ccf_commit_seqno=4301726 nstreams_done_=477500 config.nstreams=1000000 avg_latency=0.5589 ms avg throuhgput (requests/sec) = 997.6874 res=false
*==== INFO ====*  stream_id=1911996 latency=0.510415 ms (tx_ts=85226298892915, rx_ts=85226299403330) request_id=4305187 zil_blk_id=1911996 ccf_commit_seqno=4305187 nstreams_done_=478000 config.nstreams=1000000 avg_latency=0.5589 ms avg throuhgput (requests/sec) = 997.6953 res=false
*==== INFO ====*  stream_id=1913996 latency=0.555939 ms (tx_ts=85226812929397, rx_ts=85226813485336) request_id=4308780 zil_blk_id=1913996 ccf_commit_seqno=4308780 nstreams_done_=478500 config.nstreams=1000000 avg_latency=0.5588 ms avg throuhgput (requests/sec) = 997.6684 res=false
*==== INFO ====*  stream_id=1915996 latency=0.646879 ms (tx_ts=85227314272762, rx_ts=85227314919641) request_id=4312263 zil_blk_id=1915996 ccf_commit_seqno=4312263 nstreams_done_=479000 config.nstreams=1000000 avg_latency=0.5588 ms avg throuhgput (requests/sec) = 997.6678 res=false
*==== INFO ====*  stream_id=1917996 latency=0.478755 ms (tx_ts=85227837755759, rx_ts=85227838234514) request_id=4315955 zil_blk_id=1917996 ccf_commit_seqno=4315955 nstreams_done_=479500 config.nstreams=1000000 avg_latency=0.5588 ms avg throuhgput (requests/sec) = 997.6218 res=false
*==== INFO ====*  stream_id=1919996 latency=0.549126 ms (tx_ts=85228372276076, rx_ts=85228372825202) request_id=4319520 zil_blk_id=1919996 ccf_commit_seqno=4319520 nstreams_done_=480000 config.nstreams=1000000 avg_latency=0.5588 ms avg throuhgput (requests/sec) = 997.5526 res=false
*==== INFO ====*  stream_id=1921996 latency=0.622635 ms (tx_ts=85228882170040, rx_ts=85228882792675) request_id=4323047 zil_blk_id=1921996 ccf_commit_seqno=4323047 nstreams_done_=480500 config.nstreams=1000000 avg_latency=0.5588 ms avg throuhgput (requests/sec) = 997.5345 res=false
*==== INFO ====*  stream_id=1923996 latency=0.495887 ms (tx_ts=85229356319517, rx_ts=85229356815404) request_id=4326315 zil_blk_id=1923996 ccf_commit_seqno=4326315 nstreams_done_=481000 config.nstreams=1000000 avg_latency=0.5588 ms avg throuhgput (requests/sec) = 997.5908 res=false
*==== INFO ====*  stream_id=1925996 latency=0.538678 ms (tx_ts=85229852271747, rx_ts=85229852810425) request_id=4329680 zil_blk_id=1925996 ccf_commit_seqno=4329680 nstreams_done_=481500 config.nstreams=1000000 avg_latency=0.5588 ms avg throuhgput (requests/sec) = 997.6016 res=false
*==== INFO ====*  stream_id=1927996 latency=0.935259 ms (tx_ts=85230331647418, rx_ts=85230332582677) request_id=4332963 zil_blk_id=1927996 ccf_commit_seqno=4332963 nstreams_done_=482000 config.nstreams=1000000 avg_latency=0.5588 ms avg throuhgput (requests/sec) = 997.6458 res=false
*==== INFO ====*  stream_id=1929996 latency=0.554494 ms (tx_ts=85230803234097, rx_ts=85230803788591) request_id=4336203 zil_blk_id=1929996 ccf_commit_seqno=4336203 nstreams_done_=482500 config.nstreams=1000000 avg_latency=0.5588 ms avg throuhgput (requests/sec) = 997.7077 res=false
*==== INFO ====*  stream_id=1931996 latency=0.490597 ms (tx_ts=85231280858500, rx_ts=85231281349097) request_id=4339440 zil_blk_id=1931996 ccf_commit_seqno=4339440 nstreams_done_=483000 config.nstreams=1000000 avg_latency=0.5588 ms avg throuhgput (requests/sec) = 997.7563 res=false
*==== INFO ====*  stream_id=1933996 latency=0.549758 ms (tx_ts=85231725124057, rx_ts=85231725673815) request_id=4342587 zil_blk_id=1933996 ccf_commit_seqno=4342587 nstreams_done_=483500 config.nstreams=1000000 avg_latency=0.5588 ms avg throuhgput (requests/sec) = 997.8732 res=false
*==== INFO ====*  stream_id=1935996 latency=0.597849 ms (tx_ts=85232189584862, rx_ts=85232190182711) request_id=4345735 zil_blk_id=1935996 ccf_commit_seqno=4345735 nstreams_done_=484000 config.nstreams=1000000 avg_latency=0.5588 ms avg throuhgput (requests/sec) = 997.9484 res=false
*==== INFO ====*  stream_id=1937996 latency=0.573403 ms (tx_ts=85232655655903, rx_ts=85232656229306) request_id=4348943 zil_blk_id=1937996 ccf_commit_seqno=4348943 nstreams_done_=484500 config.nstreams=1000000 avg_latency=0.5587 ms avg throuhgput (requests/sec) = 998.0204 res=false
*==== INFO ====*  stream_id=1939996 latency=0.467314 ms (tx_ts=85233114162157, rx_ts=85233114629471) request_id=4352021 zil_blk_id=1939996 ccf_commit_seqno=4352021 nstreams_done_=485000 config.nstreams=1000000 avg_latency=0.5587 ms avg throuhgput (requests/sec) = 998.1078 res=false
*==== INFO ====*  stream_id=1941996 latency=0.646092 ms (tx_ts=85233594224292, rx_ts=85233594870384) request_id=4355296 zil_blk_id=1941996 ccf_commit_seqno=4355296 nstreams_done_=485500 config.nstreams=1000000 avg_latency=0.5587 ms avg throuhgput (requests/sec) = 998.1503 res=false
*==== INFO ====*  stream_id=1943996 latency=0.513751 ms (tx_ts=85234064923047, rx_ts=85234065436798) request_id=4358483 zil_blk_id=1943996 ccf_commit_seqno=4358483 nstreams_done_=486000 config.nstreams=1000000 avg_latency=0.5587 ms avg throuhgput (requests/sec) = 998.2126 res=false
*==== INFO ====*  stream_id=1945996 latency=0.489375 ms (tx_ts=85234544322493, rx_ts=85234544811868) request_id=4361717 zil_blk_id=1945996 ccf_commit_seqno=4361717 nstreams_done_=486500 config.nstreams=1000000 avg_latency=0.5587 ms avg throuhgput (requests/sec) = 998.2566 res=false
*==== INFO ====*  stream_id=1947996 latency=0.504312 ms (tx_ts=85235007743398, rx_ts=85235008247710) request_id=4364904 zil_blk_id=1947996 ccf_commit_seqno=4364904 nstreams_done_=487000 config.nstreams=1000000 avg_latency=0.5587 ms avg throuhgput (requests/sec) = 998.3333 res=false
*==== INFO ====*  stream_id=1949996 latency=0.504563 ms (tx_ts=85235484175344, rx_ts=85235484679907) request_id=4368170 zil_blk_id=1949996 ccf_commit_seqno=4368170 nstreams_done_=487500 config.nstreams=1000000 avg_latency=0.5587 ms avg throuhgput (requests/sec) = 998.3831 res=false
*==== INFO ====*  stream_id=1951996 latency=0.472223 ms (tx_ts=85235941519505, rx_ts=85235941991728) request_id=4371321 zil_blk_id=1951996 ccf_commit_seqno=4371321 nstreams_done_=488000 config.nstreams=1000000 avg_latency=0.5587 ms avg throuhgput (requests/sec) = 998.4720 res=false
*==== INFO ====*  stream_id=1953996 latency=0.635188 ms (tx_ts=85236406788509, rx_ts=85236407423697) request_id=4374521 zil_blk_id=1953996 ccf_commit_seqno=4374521 nstreams_done_=488500 config.nstreams=1000000 avg_latency=0.5587 ms avg throuhgput (requests/sec) = 998.5441 res=false
*==== INFO ====*  stream_id=1955996 latency=0.506708 ms (tx_ts=85236913761581, rx_ts=85236914268289) request_id=4377979 zil_blk_id=1955996 ccf_commit_seqno=4377979 nstreams_done_=489000 config.nstreams=1000000 avg_latency=0.5587 ms avg throuhgput (requests/sec) = 998.5316 res=false
*==== INFO ====*  stream_id=1957996 latency=0.540271 ms (tx_ts=85237409328338, rx_ts=85237409868609) request_id=4381411 zil_blk_id=1957996 ccf_commit_seqno=4381411 nstreams_done_=489500 config.nstreams=1000000 avg_latency=0.5586 ms avg throuhgput (requests/sec) = 998.5421 res=false
*==== INFO ====*  stream_id=1959996 latency=0.522807 ms (tx_ts=85237879524303, rx_ts=85237880047110) request_id=4384755 zil_blk_id=1959996 ccf_commit_seqno=4384755 nstreams_done_=490000 config.nstreams=1000000 avg_latency=0.5586 ms avg throuhgput (requests/sec) = 998.6043 res=false
*==== INFO ====*  stream_id=1961996 latency=0.462525 ms (tx_ts=85238388666707, rx_ts=85238389129232) request_id=4388290 zil_blk_id=1961996 ccf_commit_seqno=4388290 nstreams_done_=490500 config.nstreams=1000000 avg_latency=0.5586 ms avg throuhgput (requests/sec) = 998.5872 res=false
*==== INFO ====*  stream_id=1963996 latency=0.515775 ms (tx_ts=85238893284501, rx_ts=85238893800276) request_id=4391826 zil_blk_id=1963996 ccf_commit_seqno=4391826 nstreams_done_=491000 config.nstreams=1000000 avg_latency=0.5586 ms avg throuhgput (requests/sec) = 998.5792 res=false
*==== INFO ====*  stream_id=1965996 latency=0.502309 ms (tx_ts=85239398314907, rx_ts=85239398817216) request_id=4395355 zil_blk_id=1965996 ccf_commit_seqno=4395355 nstreams_done_=491500 config.nstreams=1000000 avg_latency=0.5585 ms avg throuhgput (requests/sec) = 998.5705 res=false
*==== INFO ====*  stream_id=1967996 latency=0.527086 ms (tx_ts=85239904227932, rx_ts=85239904755018) request_id=4398812 zil_blk_id=1967996 ccf_commit_seqno=4398812 nstreams_done_=492000 config.nstreams=1000000 avg_latency=0.5585 ms avg throuhgput (requests/sec) = 998.5599 res=false
*==== INFO ====*  stream_id=1969996 latency=0.550941 ms (tx_ts=85240403131290, rx_ts=85240403682231) request_id=4402247 zil_blk_id=1969996 ccf_commit_seqno=4402247 nstreams_done_=492500 config.nstreams=1000000 avg_latency=0.5585 ms avg throuhgput (requests/sec) = 998.5635 res=false
*==== INFO ====*  stream_id=1971996 latency=0.458928 ms (tx_ts=85240903323538, rx_ts=85240903782466) request_id=4405603 zil_blk_id=1971996 ccf_commit_seqno=4405603 nstreams_done_=493000 config.nstreams=1000000 avg_latency=0.5585 ms avg throuhgput (requests/sec) = 998.5648 res=false
*==== INFO ====*  stream_id=1973996 latency=0.684510 ms (tx_ts=85241387082947, rx_ts=85241387767457) request_id=4408970 zil_blk_id=1973996 ccf_commit_seqno=4408971 nstreams_done_=493500 config.nstreams=1000000 avg_latency=0.5584 ms avg throuhgput (requests/sec) = 998.5986 res=false
*==== INFO ====*  stream_id=1975996 latency=0.498923 ms (tx_ts=85241880543643, rx_ts=85241881042566) request_id=4412391 zil_blk_id=1975996 ccf_commit_seqno=4412391 nstreams_done_=494000 config.nstreams=1000000 avg_latency=0.5584 ms avg throuhgput (requests/sec) = 998.6136 res=false
*==== INFO ====*  stream_id=1977996 latency=0.482642 ms (tx_ts=85242353259540, rx_ts=85242353742182) request_id=4415691 zil_blk_id=1977996 ccf_commit_seqno=4415691 nstreams_done_=494500 config.nstreams=1000000 avg_latency=0.5584 ms avg throuhgput (requests/sec) = 998.6700 res=false
*==== INFO ====*  stream_id=1979996 latency=0.531314 ms (tx_ts=85242833917852, rx_ts=85242834449166) request_id=4419058 zil_blk_id=1979996 ccf_commit_seqno=4419058 nstreams_done_=495000 config.nstreams=1000000 avg_latency=0.5584 ms avg throuhgput (requests/sec) = 998.7102 res=false
*==== INFO ====*  stream_id=1981996 latency=0.575315 ms (tx_ts=85243346453553, rx_ts=85243347028868) request_id=4422546 zil_blk_id=1981996 ccf_commit_seqno=4422547 nstreams_done_=495500 config.nstreams=1000000 avg_latency=0.5584 ms avg throuhgput (requests/sec) = 998.6862 res=false
*==== INFO ====*  stream_id=1983996 latency=0.518921 ms (tx_ts=85243842046789, rx_ts=85243842565710) request_id=4425939 zil_blk_id=1983996 ccf_commit_seqno=4425939 nstreams_done_=496000 config.nstreams=1000000 avg_latency=0.5583 ms avg throuhgput (requests/sec) = 998.6965 res=false
*==== INFO ====*  stream_id=1985996 latency=0.537995 ms (tx_ts=85244328848689, rx_ts=85244329386684) request_id=4429358 zil_blk_id=1985996 ccf_commit_seqno=4429358 nstreams_done_=496500 config.nstreams=1000000 avg_latency=0.5583 ms avg throuhgput (requests/sec) = 998.7243 res=false
*==== INFO ====*  stream_id=1987996 latency=0.490297 ms (tx_ts=85244791351837, rx_ts=85244791842134) request_id=4432571 zil_blk_id=1987996 ccf_commit_seqno=4432571 nstreams_done_=497000 config.nstreams=1000000 avg_latency=0.5583 ms avg throuhgput (requests/sec) = 998.8009 res=false
*==== INFO ====*  stream_id=1989996 latency=0.601723 ms (tx_ts=85245288383000, rx_ts=85245288984723) request_id=4436022 zil_blk_id=1989996 ccf_commit_seqno=4436022 nstreams_done_=497500 config.nstreams=1000000 avg_latency=0.5583 ms avg throuhgput (requests/sec) = 998.8079 res=false
*==== INFO ====*  stream_id=1991996 latency=0.544496 ms (tx_ts=85245798390688, rx_ts=85245798935184) request_id=4439479 zil_blk_id=1991996 ccf_commit_seqno=4439479 nstreams_done_=498000 config.nstreams=1000000 avg_latency=0.5582 ms avg throuhgput (requests/sec) = 998.7891 res=false
*==== INFO ====*  stream_id=1993996 latency=0.621449 ms (tx_ts=85246274077491, rx_ts=85246274698940) request_id=4442718 zil_blk_id=1993996 ccf_commit_seqno=4442718 nstreams_done_=498500 config.nstreams=1000000 avg_latency=0.5583 ms avg throuhgput (requests/sec) = 998.8388 res=false
*==== INFO ====*  stream_id=1995996 latency=0.483272 ms (tx_ts=85246774691374, rx_ts=85246775174646) request_id=4446156 zil_blk_id=1995996 ccf_commit_seqno=4446156 nstreams_done_=499000 config.nstreams=1000000 avg_latency=0.5582 ms avg throuhgput (requests/sec) = 998.8391 res=false
*==== INFO ====*  stream_id=1997996 latency=0.507286 ms (tx_ts=85247252463253, rx_ts=85247252970539) request_id=4449475 zil_blk_id=1997996 ccf_commit_seqno=4449475 nstreams_done_=499500 config.nstreams=1000000 avg_latency=0.5582 ms avg throuhgput (requests/sec) = 998.8846 res=false
*==== INFO ====*  stream_id=1999996 latency=0.501476 ms (tx_ts=85247764351749, rx_ts=85247764853225) request_id=4452997 zil_blk_id=1999996 ccf_commit_seqno=4452997 nstreams_done_=500000 config.nstreams=1000000 avg_latency=0.5582 ms avg throuhgput (requests/sec) = 998.8620 res=false
*==== INFO ====*  stream_id=2001996 latency=0.489803 ms (tx_ts=85248261335942, rx_ts=85248261825745) request_id=4456457 zil_blk_id=2001996 ccf_commit_seqno=4456457 nstreams_done_=500500 config.nstreams=1000000 avg_latency=0.5582 ms avg throuhgput (requests/sec) = 998.8691 res=false
*==== INFO ====*  stream_id=2003996 latency=0.520263 ms (tx_ts=85248744853939, rx_ts=85248745374202) request_id=4459885 zil_blk_id=2003996 ccf_commit_seqno=4459885 nstreams_done_=501000 config.nstreams=1000000 avg_latency=0.5581 ms avg throuhgput (requests/sec) = 998.9030 res=false
*==== INFO ====*  stream_id=2005996 latency=0.463688 ms (tx_ts=85249250775449, rx_ts=85249251239137) request_id=4463395 zil_blk_id=2005996 ccf_commit_seqno=4463395 nstreams_done_=501500 config.nstreams=1000000 avg_latency=0.5581 ms avg throuhgput (requests/sec) = 998.8925 res=false
*==== INFO ====*  stream_id=2007996 latency=0.487582 ms (tx_ts=85249763029411, rx_ts=85249763516993) request_id=4466864 zil_blk_id=2007996 ccf_commit_seqno=4466864 nstreams_done_=502000 config.nstreams=1000000 avg_latency=0.5581 ms avg throuhgput (requests/sec) = 998.8692 res=false
*==== INFO ====*  stream_id=2009996 latency=0.583651 ms (tx_ts=85250260316805, rx_ts=85250260900456) request_id=4470317 zil_blk_id=2009996 ccf_commit_seqno=4470317 nstreams_done_=502500 config.nstreams=1000000 avg_latency=0.5580 ms avg throuhgput (requests/sec) = 998.8755 res=false
*==== INFO ====*  stream_id=2011996 latency=0.574916 ms (tx_ts=85250761777272, rx_ts=85250762352188) request_id=4473781 zil_blk_id=2011996 ccf_commit_seqno=4473781 nstreams_done_=503000 config.nstreams=1000000 avg_latency=0.5580 ms avg throuhgput (requests/sec) = 998.8737 res=false
*==== INFO ====*  stream_id=2013996 latency=0.497500 ms (tx_ts=85251265339881, rx_ts=85251265837381) request_id=4477290 zil_blk_id=2013996 ccf_commit_seqno=4477290 nstreams_done_=503500 config.nstreams=1000000 avg_latency=0.5580 ms avg throuhgput (requests/sec) = 998.8679 res=false
*==== INFO ====*  stream_id=2015996 latency=0.534770 ms (tx_ts=85251769130616, rx_ts=85251769665386) request_id=4480800 zil_blk_id=2015996 ccf_commit_seqno=4480800 nstreams_done_=504000 config.nstreams=1000000 avg_latency=0.5580 ms avg throuhgput (requests/sec) = 998.8615 res=false
*==== INFO ====*  stream_id=2017996 latency=0.460601 ms (tx_ts=85252283185666, rx_ts=85252283646267) request_id=4484398 zil_blk_id=2017996 ccf_commit_seqno=4484398 nstreams_done_=504500 config.nstreams=1000000 avg_latency=0.5579 ms avg throuhgput (requests/sec) = 998.8349 res=false
*==== INFO ====*  stream_id=2019996 latency=0.504674 ms (tx_ts=85252794117188, rx_ts=85252794621862) request_id=4487836 zil_blk_id=2019996 ccf_commit_seqno=4487836 nstreams_done_=505000 config.nstreams=1000000 avg_latency=0.5579 ms avg throuhgput (requests/sec) = 998.8144 res=false
*==== INFO ====*  stream_id=2021996 latency=0.615181 ms (tx_ts=85253303153439, rx_ts=85253303768620) request_id=4491246 zil_blk_id=2021996 ccf_commit_seqno=4491247 nstreams_done_=505500 config.nstreams=1000000 avg_latency=0.5579 ms avg throuhgput (requests/sec) = 998.7975 res=false
*==== INFO ====*  stream_id=2023996 latency=0.472273 ms (tx_ts=85253804665863, rx_ts=85253805138136) request_id=4494703 zil_blk_id=2023996 ccf_commit_seqno=4494703 nstreams_done_=506000 config.nstreams=1000000 avg_latency=0.5579 ms avg throuhgput (requests/sec) = 998.7960 res=false
*==== INFO ====*  stream_id=2025996 latency=0.687567 ms (tx_ts=85254297345496, rx_ts=85254298033063) request_id=4498051 zil_blk_id=2025996 ccf_commit_seqno=4498051 nstreams_done_=506500 config.nstreams=1000000 avg_latency=0.5578 ms avg throuhgput (requests/sec) = 998.8112 res=false
*==== INFO ====*  stream_id=2027996 latency=0.493854 ms (tx_ts=85254804247741, rx_ts=85254804741595) request_id=4501584 zil_blk_id=2027996 ccf_commit_seqno=4501584 nstreams_done_=507000 config.nstreams=1000000 avg_latency=0.5578 ms avg throuhgput (requests/sec) = 998.7992 res=false
*==== INFO ====*  stream_id=2029996 latency=0.625229 ms (tx_ts=85255295354180, rx_ts=85255295979409) request_id=4505013 zil_blk_id=2029996 ccf_commit_seqno=4505013 nstreams_done_=507500 config.nstreams=1000000 avg_latency=0.5578 ms avg throuhgput (requests/sec) = 998.8176 res=false
*==== INFO ====*  stream_id=2031996 latency=0.587168 ms (tx_ts=85255789569588, rx_ts=85255790156756) request_id=4508423 zil_blk_id=2031996 ccf_commit_seqno=4508423 nstreams_done_=508000 config.nstreams=1000000 avg_latency=0.5578 ms avg throuhgput (requests/sec) = 998.8302 res=false
*==== INFO ====*  stream_id=2033996 latency=0.539710 ms (tx_ts=85256267219366, rx_ts=85256267759076) request_id=4511753 zil_blk_id=2033996 ccf_commit_seqno=4511753 nstreams_done_=508500 config.nstreams=1000000 avg_latency=0.5578 ms avg throuhgput (requests/sec) = 998.8753 res=false
*==== INFO ====*  stream_id=2035996 latency=0.568835 ms (tx_ts=85256750364195, rx_ts=85256750933030) request_id=4515132 zil_blk_id=2035996 ccf_commit_seqno=4515133 nstreams_done_=509000 config.nstreams=1000000 avg_latency=0.5577 ms avg throuhgput (requests/sec) = 998.9094 res=false
*==== INFO ====*  stream_id=2037996 latency=0.486310 ms (tx_ts=85257231837400, rx_ts=85257232323710) request_id=4518531 zil_blk_id=2037996 ccf_commit_seqno=4518531 nstreams_done_=509500 config.nstreams=1000000 avg_latency=0.5577 ms avg throuhgput (requests/sec) = 998.9469 res=false
*==== INFO ====*  stream_id=2039996 latency=0.612796 ms (tx_ts=85257722513938, rx_ts=85257723126734) request_id=4521952 zil_blk_id=2039996 ccf_commit_seqno=4521953 nstreams_done_=510000 config.nstreams=1000000 avg_latency=0.5577 ms avg throuhgput (requests/sec) = 998.9659 res=false
*==== INFO ====*  stream_id=2041996 latency=0.487653 ms (tx_ts=85258220362852, rx_ts=85258220850505) request_id=4525406 zil_blk_id=2041996 ccf_commit_seqno=4525406 nstreams_done_=510500 config.nstreams=1000000 avg_latency=0.5577 ms avg throuhgput (requests/sec) = 998.9714 res=false
*==== INFO ====*  stream_id=2043996 latency=0.553626 ms (tx_ts=85258736782941, rx_ts=85258737336567) request_id=4528995 zil_blk_id=2043996 ccf_commit_seqno=4528996 nstreams_done_=511000 config.nstreams=1000000 avg_latency=0.5577 ms avg throuhgput (requests/sec) = 998.9402 res=false
*==== INFO ====*  stream_id=2045996 latency=0.533388 ms (tx_ts=85259238203764, rx_ts=85259238737152) request_id=4532455 zil_blk_id=2045996 ccf_commit_seqno=4532456 nstreams_done_=511500 config.nstreams=1000000 avg_latency=0.5577 ms avg throuhgput (requests/sec) = 998.9385 res=false
*==== INFO ====*  stream_id=2047996 latency=0.592740 ms (tx_ts=85259726249562, rx_ts=85259726842302) request_id=4535766 zil_blk_id=2047996 ccf_commit_seqno=4535766 nstreams_done_=512000 config.nstreams=1000000 avg_latency=0.5577 ms avg throuhgput (requests/sec) = 998.9627 res=false
*==== INFO ====*  stream_id=2049996 latency=0.602989 ms (tx_ts=85260208665738, rx_ts=85260209268727) request_id=4539053 zil_blk_id=2049996 ccf_commit_seqno=4539053 nstreams_done_=512500 config.nstreams=1000000 avg_latency=0.5577 ms avg throuhgput (requests/sec) = 998.9979 res=false
*==== INFO ====*  stream_id=2051996 latency=0.546693 ms (tx_ts=85260696610698, rx_ts=85260697157391) request_id=4542302 zil_blk_id=2051996 ccf_commit_seqno=4542302 nstreams_done_=513000 config.nstreams=1000000 avg_latency=0.5577 ms avg throuhgput (requests/sec) = 999.0225 res=false
*==== INFO ====*  stream_id=2053996 latency=0.503040 ms (tx_ts=85261202989474, rx_ts=85261203492514) request_id=4545737 zil_blk_id=2053996 ccf_commit_seqno=4545737 nstreams_done_=513500 config.nstreams=1000000 avg_latency=0.5577 ms avg throuhgput (requests/sec) = 999.0111 res=false
*==== INFO ====*  stream_id=2055996 latency=0.516976 ms (tx_ts=85261737546526, rx_ts=85261738063502) request_id=4549326 zil_blk_id=2055996 ccf_commit_seqno=4549326 nstreams_done_=514000 config.nstreams=1000000 avg_latency=0.5576 ms avg throuhgput (requests/sec) = 998.9449 res=false
*==== INFO ====*  stream_id=2057996 latency=0.543937 ms (tx_ts=85262235238666, rx_ts=85262235782603) request_id=4552645 zil_blk_id=2057996 ccf_commit_seqno=4552645 nstreams_done_=514500 config.nstreams=1000000 avg_latency=0.5576 ms avg throuhgput (requests/sec) = 998.9504 res=false
*==== INFO ====*  stream_id=2059996 latency=0.529159 ms (tx_ts=85262753720371, rx_ts=85262754249530) request_id=4555987 zil_blk_id=2059996 ccf_commit_seqno=4555987 nstreams_done_=515000 config.nstreams=1000000 avg_latency=0.5576 ms avg throuhgput (requests/sec) = 998.9156 res=false
*==== INFO ====*  stream_id=2061996 latency=0.561119 ms (tx_ts=85263239606017, rx_ts=85263240167136) request_id=4559160 zil_blk_id=2061996 ccf_commit_seqno=4559160 nstreams_done_=515500 config.nstreams=1000000 avg_latency=0.5576 ms avg throuhgput (requests/sec) = 998.9439 res=false
*==== INFO ====*  stream_id=2063996 latency=0.508631 ms (tx_ts=85263717200866, rx_ts=85263717709497) request_id=4562394 zil_blk_id=2063996 ccf_commit_seqno=4562394 nstreams_done_=516000 config.nstreams=1000000 avg_latency=0.5576 ms avg throuhgput (requests/sec) = 998.9884 res=false
*==== INFO ====*  stream_id=2065996 latency=0.471742 ms (tx_ts=85264169681144, rx_ts=85264170152886) request_id=4565598 zil_blk_id=2065996 ccf_commit_seqno=4565598 nstreams_done_=516500 config.nstreams=1000000 avg_latency=0.5576 ms avg throuhgput (requests/sec) = 999.0813 res=false
*==== INFO ====*  stream_id=2067996 latency=0.490377 ms (tx_ts=85264652735649, rx_ts=85264653226026) request_id=4568843 zil_blk_id=2067996 ccf_commit_seqno=4568843 nstreams_done_=517000 config.nstreams=1000000 avg_latency=0.5576 ms avg throuhgput (requests/sec) = 999.1148 res=false
*==== INFO ====*  stream_id=2069996 latency=0.519512 ms (tx_ts=85265122055467, rx_ts=85265122574979) request_id=4572112 zil_blk_id=2069996 ccf_commit_seqno=4572112 nstreams_done_=517500 config.nstreams=1000000 avg_latency=0.5576 ms avg throuhgput (requests/sec) = 999.1748 res=false
*==== INFO ====*  stream_id=2071996 latency=0.469789 ms (tx_ts=85265583436015, rx_ts=85265583905804) request_id=4575210 zil_blk_id=2071996 ccf_commit_seqno=4575210 nstreams_done_=518000 config.nstreams=1000000 avg_latency=0.5576 ms avg throuhgput (requests/sec) = 999.2501 res=false
*==== INFO ====*  stream_id=2073996 latency=0.530516 ms (tx_ts=85266063933285, rx_ts=85266064463801) request_id=4578445 zil_blk_id=2073996 ccf_commit_seqno=4578445 nstreams_done_=518500 config.nstreams=1000000 avg_latency=0.5576 ms avg throuhgput (requests/sec) = 999.2883 res=false
*==== INFO ====*  stream_id=2075996 latency=0.598149 ms (tx_ts=85266526390293, rx_ts=85266526988442) request_id=4581703 zil_blk_id=2075996 ccf_commit_seqno=4581703 nstreams_done_=519000 config.nstreams=1000000 avg_latency=0.5575 ms avg throuhgput (requests/sec) = 999.3611 res=false
*==== INFO ====*  stream_id=2077996 latency=0.534490 ms (tx_ts=85267014522406, rx_ts=85267015056896) request_id=4585050 zil_blk_id=2077996 ccf_commit_seqno=4585050 nstreams_done_=519500 config.nstreams=1000000 avg_latency=0.5576 ms avg throuhgput (requests/sec) = 999.3847 res=false
*==== INFO ====*  stream_id=2079996 latency=0.634366 ms (tx_ts=85267499203143, rx_ts=85267499837509) request_id=4588383 zil_blk_id=2079996 ccf_commit_seqno=4588383 nstreams_done_=520000 config.nstreams=1000000 avg_latency=0.5576 ms avg throuhgput (requests/sec) = 999.4145 res=false
*==== INFO ====*  stream_id=2081996 latency=0.607356 ms (tx_ts=85267995392103, rx_ts=85267995999459) request_id=4591773 zil_blk_id=2081996 ccf_commit_seqno=4591773 nstreams_done_=520500 config.nstreams=1000000 avg_latency=0.5576 ms avg throuhgput (requests/sec) = 999.4224 res=false
*==== INFO ====*  stream_id=2083996 latency=0.470900 ms (tx_ts=85268470299183, rx_ts=85268470770083) request_id=4595114 zil_blk_id=2083996 ccf_commit_seqno=4595114 nstreams_done_=521000 config.nstreams=1000000 avg_latency=0.5576 ms avg throuhgput (requests/sec) = 999.4713 res=false
*==== INFO ====*  stream_id=2085996 latency=0.529461 ms (tx_ts=85268958930990, rx_ts=85268959460451) request_id=4598457 zil_blk_id=2085996 ccf_commit_seqno=4598457 nstreams_done_=521500 config.nstreams=1000000 avg_latency=0.5575 ms avg throuhgput (requests/sec) = 999.4935 res=false
*==== INFO ====*  stream_id=2087996 latency=0.545220 ms (tx_ts=85269437761685, rx_ts=85269438306905) request_id=4601704 zil_blk_id=2087996 ccf_commit_seqno=4601705 nstreams_done_=522000 config.nstreams=1000000 avg_latency=0.5575 ms avg throuhgput (requests/sec) = 999.5345 res=false
*==== INFO ====*  stream_id=2089996 latency=0.537035 ms (tx_ts=85269947646077, rx_ts=85269948183112) request_id=4604964 zil_blk_id=2089996 ccf_commit_seqno=4604966 nstreams_done_=522500 config.nstreams=1000000 avg_latency=0.5576 ms avg throuhgput (requests/sec) = 999.5160 res=false
*==== INFO ====*  stream_id=2091996 latency=0.517478 ms (tx_ts=85270465503218, rx_ts=85270466020696) request_id=4608478 zil_blk_id=2091996 ccf_commit_seqno=4608478 nstreams_done_=523000 config.nstreams=1000000 avg_latency=0.5576 ms avg throuhgput (requests/sec) = 999.4824 res=false
*==== INFO ====*  stream_id=2093996 latency=0.524340 ms (tx_ts=85271009557613, rx_ts=85271010081953) request_id=4612145 zil_blk_id=2093996 ccf_commit_seqno=4612145 nstreams_done_=523500 config.nstreams=1000000 avg_latency=0.5576 ms avg throuhgput (requests/sec) = 999.3988 res=false
*==== INFO ====*  stream_id=2095996 latency=0.531123 ms (tx_ts=85271538602417, rx_ts=85271539133540) request_id=4615730 zil_blk_id=2095996 ccf_commit_seqno=4615730 nstreams_done_=524000 config.nstreams=1000000 avg_latency=0.5576 ms avg throuhgput (requests/sec) = 999.3440 res=false
*==== INFO ====*  stream_id=2097996 latency=0.614570 ms (tx_ts=85272072996825, rx_ts=85272073611395) request_id=4619366 zil_blk_id=2097996 ccf_commit_seqno=4619366 nstreams_done_=524500 config.nstreams=1000000 avg_latency=0.5576 ms avg throuhgput (requests/sec) = 999.2790 res=false
*==== INFO ====*  stream_id=2099996 latency=0.532906 ms (tx_ts=85272597674713, rx_ts=85272598207619) request_id=4622936 zil_blk_id=2099996 ccf_commit_seqno=4622936 nstreams_done_=525000 config.nstreams=1000000 avg_latency=0.5575 ms avg throuhgput (requests/sec) = 999.2329 res=false
*==== INFO ====*  stream_id=2101996 latency=0.495307 ms (tx_ts=85273126129563, rx_ts=85273126624870) request_id=4626522 zil_blk_id=2101996 ccf_commit_seqno=4626522 nstreams_done_=525500 config.nstreams=1000000 avg_latency=0.5575 ms avg throuhgput (requests/sec) = 999.1797 res=false
*==== INFO ====*  stream_id=2103996 latency=0.489566 ms (tx_ts=85273648611155, rx_ts=85273649100721) request_id=4630087 zil_blk_id=2103996 ccf_commit_seqno=4630087 nstreams_done_=526000 config.nstreams=1000000 avg_latency=0.5575 ms avg throuhgput (requests/sec) = 999.1378 res=false
*==== INFO ====*  stream_id=2105996 latency=0.582720 ms (tx_ts=85274154240664, rx_ts=85274154823384) request_id=4633499 zil_blk_id=2105996 ccf_commit_seqno=4633500 nstreams_done_=526500 config.nstreams=1000000 avg_latency=0.5575 ms avg throuhgput (requests/sec) = 999.1278 res=false
*==== INFO ====*  stream_id=2107996 latency=0.632954 ms (tx_ts=85274651161650, rx_ts=85274651794604) request_id=4636868 zil_blk_id=2107996 ccf_commit_seqno=4636869 nstreams_done_=527000 config.nstreams=1000000 avg_latency=0.5575 ms avg throuhgput (requests/sec) = 999.1343 res=false
*==== INFO ====*  stream_id=2109996 latency=0.471031 ms (tx_ts=85275139682253, rx_ts=85275140153284) request_id=4640237 zil_blk_id=2109996 ccf_commit_seqno=4640237 nstreams_done_=527500 config.nstreams=1000000 avg_latency=0.5575 ms avg throuhgput (requests/sec) = 999.1572 res=false
*==== INFO ====*  stream_id=2111996 latency=0.508230 ms (tx_ts=85275627634009, rx_ts=85275628142239) request_id=4643520 zil_blk_id=2111996 ccf_commit_seqno=4643520 nstreams_done_=528000 config.nstreams=1000000 avg_latency=0.5575 ms avg throuhgput (requests/sec) = 999.1807 res=false
*==== INFO ====*  stream_id=2113996 latency=0.604261 ms (tx_ts=85276092595134, rx_ts=85276093199395) request_id=4646711 zil_blk_id=2113996 ccf_commit_seqno=4646711 nstreams_done_=528500 config.nstreams=1000000 avg_latency=0.5574 ms avg throuhgput (requests/sec) = 999.2475 res=false
*==== INFO ====*  stream_id=2115996 latency=0.489446 ms (tx_ts=85276568959486, rx_ts=85276569448932) request_id=4649954 zil_blk_id=2115996 ccf_commit_seqno=4649954 nstreams_done_=529000 config.nstreams=1000000 avg_latency=0.5574 ms avg throuhgput (requests/sec) = 999.2930 res=false
*==== INFO ====*  stream_id=2117996 latency=0.528268 ms (tx_ts=85277038458582, rx_ts=85277038986850) request_id=4653201 zil_blk_id=2117996 ccf_commit_seqno=4653201 nstreams_done_=529500 config.nstreams=1000000 avg_latency=0.5574 ms avg throuhgput (requests/sec) = 999.3511 res=false
*==== INFO ====*  stream_id=2119996 latency=0.495738 ms (tx_ts=85277510168914, rx_ts=85277510664652) request_id=4656497 zil_blk_id=2119996 ccf_commit_seqno=4656497 nstreams_done_=530000 config.nstreams=1000000 avg_latency=0.5574 ms avg throuhgput (requests/sec) = 999.4051 res=false
*==== INFO ====*  stream_id=2121996 latency=0.536053 ms (tx_ts=85278004218015, rx_ts=85278004754068) request_id=4659830 zil_blk_id=2121996 ccf_commit_seqno=4659830 nstreams_done_=530500 config.nstreams=1000000 avg_latency=0.5574 ms avg throuhgput (requests/sec) = 999.4168 res=false
*==== INFO ====*  stream_id=2123996 latency=0.539780 ms (tx_ts=85278462260125, rx_ts=85278462799905) request_id=4663041 zil_blk_id=2123996 ccf_commit_seqno=4663041 nstreams_done_=531000 config.nstreams=1000000 avg_latency=0.5574 ms avg throuhgput (requests/sec) = 999.4963 res=false
*==== INFO ====*  stream_id=2125996 latency=0.662659 ms (tx_ts=85278949030221, rx_ts=85278949692880) request_id=4666338 zil_blk_id=2125996 ccf_commit_seqno=4666339 nstreams_done_=531500 config.nstreams=1000000 avg_latency=0.5574 ms avg throuhgput (requests/sec) = 999.5214 res=false
*==== INFO ====*  stream_id=2127996 latency=0.548966 ms (tx_ts=85279438119781, rx_ts=85279438668747) request_id=4669706 zil_blk_id=2127996 ccf_commit_seqno=4669706 nstreams_done_=532000 config.nstreams=1000000 avg_latency=0.5574 ms avg throuhgput (requests/sec) = 999.5425 res=false
*==== INFO ====*  stream_id=2129996 latency=0.527756 ms (tx_ts=85279928750376, rx_ts=85279929278132) request_id=4673001 zil_blk_id=2129996 ccf_commit_seqno=4673001 nstreams_done_=532500 config.nstreams=1000000 avg_latency=0.5574 ms avg throuhgput (requests/sec) = 999.5606 res=false
*==== INFO ====*  stream_id=2131996 latency=0.566770 ms (tx_ts=85280406230425, rx_ts=85280406797195) request_id=4676310 zil_blk_id=2131996 ccf_commit_seqno=4676310 nstreams_done_=533000 config.nstreams=1000000 avg_latency=0.5574 ms avg throuhgput (requests/sec) = 999.6031 res=false
*==== INFO ====*  stream_id=2133996 latency=0.569776 ms (tx_ts=85280894879584, rx_ts=85280895449360) request_id=4679629 zil_blk_id=2133996 ccf_commit_seqno=4679629 nstreams_done_=533500 config.nstreams=1000000 avg_latency=0.5574 ms avg throuhgput (requests/sec) = 999.6248 res=false
*==== INFO ====*  stream_id=2135996 latency=0.485147 ms (tx_ts=85281362169628, rx_ts=85281362654775) request_id=4682870 zil_blk_id=2135996 ccf_commit_seqno=4682870 nstreams_done_=534000 config.nstreams=1000000 avg_latency=0.5574 ms avg throuhgput (requests/sec) = 999.6865 res=false
*==== INFO ====*  stream_id=2137996 latency=0.615651 ms (tx_ts=85281846603204, rx_ts=85281847218855) request_id=4686186 zil_blk_id=2137996 ccf_commit_seqno=4686187 nstreams_done_=534500 config.nstreams=1000000 avg_latency=0.5574 ms avg throuhgput (requests/sec) = 999.7156 res=false
*==== INFO ====*  stream_id=2139996 latency=0.498963 ms (tx_ts=85282338702920, rx_ts=85282339201883) request_id=4689498 zil_blk_id=2139996 ccf_commit_seqno=4689499 nstreams_done_=535000 config.nstreams=1000000 avg_latency=0.5574 ms avg throuhgput (requests/sec) = 999.7309 res=false
*==== INFO ====*  stream_id=2141996 latency=0.549601 ms (tx_ts=85282832841729, rx_ts=85282833391330) request_id=4692804 zil_blk_id=2141996 ccf_commit_seqno=4692804 nstreams_done_=535500 config.nstreams=1000000 avg_latency=0.5574 ms avg throuhgput (requests/sec) = 999.7420 res=false
*==== INFO ====*  stream_id=2143996 latency=0.534921 ms (tx_ts=85283314967322, rx_ts=85283315502243) request_id=4696032 zil_blk_id=2143996 ccf_commit_seqno=4696032 nstreams_done_=536000 config.nstreams=1000000 avg_latency=0.5574 ms avg throuhgput (requests/sec) = 999.7756 res=false
*==== INFO ====*  stream_id=2145996 latency=0.535271 ms (tx_ts=85283793018991, rx_ts=85283793554262) request_id=4699340 zil_blk_id=2145996 ccf_commit_seqno=4699340 nstreams_done_=536500 config.nstreams=1000000 avg_latency=0.5573 ms avg throuhgput (requests/sec) = 999.8167 res=false
*==== INFO ====*  stream_id=2147996 latency=0.522277 ms (tx_ts=85284274616463, rx_ts=85284275138740) request_id=4702622 zil_blk_id=2147996 ccf_commit_seqno=4702622 nstreams_done_=537000 config.nstreams=1000000 avg_latency=0.5573 ms avg throuhgput (requests/sec) = 999.8511 res=false
*==== INFO ====*  stream_id=2149996 latency=0.759544 ms (tx_ts=85284756887218, rx_ts=85284757646762) request_id=4705941 zil_blk_id=2149996 ccf_commit_seqno=4705941 nstreams_done_=537500 config.nstreams=1000000 avg_latency=0.5574 ms avg throuhgput (requests/sec) = 999.8838 res=false
*==== INFO ====*  stream_id=2151996 latency=0.565057 ms (tx_ts=85285237319258, rx_ts=85285237884315) request_id=4709288 zil_blk_id=2151996 ccf_commit_seqno=4709289 nstreams_done_=538000 config.nstreams=1000000 avg_latency=0.5573 ms avg throuhgput (requests/sec) = 999.9206 res=false
*==== INFO ====*  stream_id=2153996 latency=0.502770 ms (tx_ts=85285715378456, rx_ts=85285715881226) request_id=4712520 zil_blk_id=2153996 ccf_commit_seqno=4712520 nstreams_done_=538500 config.nstreams=1000000 avg_latency=0.5573 ms avg throuhgput (requests/sec) = 999.9616 res=false
*==== INFO ====*  stream_id=2155996 latency=0.555730 ms (tx_ts=85286179102953, rx_ts=85286179658683) request_id=4715728 zil_blk_id=2155996 ccf_commit_seqno=4715728 nstreams_done_=539000 config.nstreams=1000000 avg_latency=0.5573 ms avg throuhgput (requests/sec) = 1000.0288 res=false
*==== INFO ====*  stream_id=2157996 latency=0.470710 ms (tx_ts=85286667450054, rx_ts=85286667920764) request_id=4719149 zil_blk_id=2157996 ccf_commit_seqno=4719149 nstreams_done_=539500 config.nstreams=1000000 avg_latency=0.5573 ms avg throuhgput (requests/sec) = 1000.0505 res=false
*==== INFO ====*  stream_id=2159996 latency=0.484727 ms (tx_ts=85287193606396, rx_ts=85287194091123) request_id=4722777 zil_blk_id=2159996 ccf_commit_seqno=4722777 nstreams_done_=540000 config.nstreams=1000000 avg_latency=0.5573 ms avg throuhgput (requests/sec) = 1000.0020 res=false
*==== INFO ====*  stream_id=2161996 latency=0.471792 ms (tx_ts=85287685672548, rx_ts=85287686144340) request_id=4726212 zil_blk_id=2161996 ccf_commit_seqno=4726212 nstreams_done_=540500 config.nstreams=1000000 avg_latency=0.5572 ms avg throuhgput (requests/sec) = 1000.0167 res=false
*==== INFO ====*  stream_id=2163996 latency=0.610501 ms (tx_ts=85288185085005, rx_ts=85288185695506) request_id=4729594 zil_blk_id=2163996 ccf_commit_seqno=4729594 nstreams_done_=541000 config.nstreams=1000000 avg_latency=0.5572 ms avg throuhgput (requests/sec) = 1000.0175 res=false
*==== INFO ====*  stream_id=2165996 latency=0.523149 ms (tx_ts=85288652353032, rx_ts=85288652876181) request_id=4732888 zil_blk_id=2165996 ccf_commit_seqno=4732888 nstreams_done_=541500 config.nstreams=1000000 avg_latency=0.5572 ms avg throuhgput (requests/sec) = 1000.0781 res=false
*==== INFO ====*  stream_id=2167996 latency=0.662369 ms (tx_ts=85289148500910, rx_ts=85289149163279) request_id=4736315 zil_blk_id=2167996 ccf_commit_seqno=4736316 nstreams_done_=542000 config.nstreams=1000000 avg_latency=0.5572 ms avg throuhgput (requests/sec) = 1000.0849 res=false
*==== INFO ====*  stream_id=2169996 latency=0.499064 ms (tx_ts=85289660744054, rx_ts=85289661243118) request_id=4739839 zil_blk_id=2169996 ccf_commit_seqno=4739839 nstreams_done_=542500 config.nstreams=1000000 avg_latency=0.5572 ms avg throuhgput (requests/sec) = 1000.0626 res=false
*==== INFO ====*  stream_id=2171996 latency=0.521195 ms (tx_ts=85290217912411, rx_ts=85290218433606) request_id=4743384 zil_blk_id=2171996 ccf_commit_seqno=4743384 nstreams_done_=543000 config.nstreams=1000000 avg_latency=0.5572 ms avg throuhgput (requests/sec) = 999.9572 res=false
*==== INFO ====*  stream_id=2173996 latency=0.489356 ms (tx_ts=85290726726432, rx_ts=85290727215788) request_id=4746881 zil_blk_id=2173996 ccf_commit_seqno=4746881 nstreams_done_=543500 config.nstreams=1000000 avg_latency=0.5572 ms avg throuhgput (requests/sec) = 999.9411 res=false
*==== INFO ====*  stream_id=2175996 latency=0.483705 ms (tx_ts=85291216648705, rx_ts=85291217132410) request_id=4750232 zil_blk_id=2175996 ccf_commit_seqno=4750232 nstreams_done_=544000 config.nstreams=1000000 avg_latency=0.5572 ms avg throuhgput (requests/sec) = 999.9597 res=false
*==== INFO ====*  stream_id=2177996 latency=0.697625 ms (tx_ts=85291703291655, rx_ts=85291703989280) request_id=4753648 zil_blk_id=2177996 ccf_commit_seqno=4753649 nstreams_done_=544500 config.nstreams=1000000 avg_latency=0.5572 ms avg throuhgput (requests/sec) = 999.9838 res=false
*==== INFO ====*  stream_id=2179996 latency=0.538006 ms (tx_ts=85292179911892, rx_ts=85292180449898) request_id=4756994 zil_blk_id=2179996 ccf_commit_seqno=4756994 nstreams_done_=545000 config.nstreams=1000000 avg_latency=0.5572 ms avg throuhgput (requests/sec) = 1000.0270 res=false
*==== INFO ====*  stream_id=2181996 latency=0.551171 ms (tx_ts=85292668297652, rx_ts=85292668848823) request_id=4760286 zil_blk_id=2181996 ccf_commit_seqno=4760286 nstreams_done_=545500 config.nstreams=1000000 avg_latency=0.5571 ms avg throuhgput (requests/sec) = 1000.0483 res=false
*==== INFO ====*  stream_id=2183996 latency=0.556260 ms (tx_ts=85293164256974, rx_ts=85293164813234) request_id=4763641 zil_blk_id=2183996 ccf_commit_seqno=4763641 nstreams_done_=546000 config.nstreams=1000000 avg_latency=0.5571 ms avg throuhgput (requests/sec) = 1000.0556 res=false
*==== INFO ====*  stream_id=2185996 latency=0.559236 ms (tx_ts=85293640322303, rx_ts=85293640881539) request_id=4766952 zil_blk_id=2185996 ccf_commit_seqno=4766952 nstreams_done_=546500 config.nstreams=1000000 avg_latency=0.5571 ms avg throuhgput (requests/sec) = 1000.0994 res=false
*==== INFO ====*  stream_id=2187996 latency=0.453328 ms (tx_ts=85294143416810, rx_ts=85294143870138) request_id=4770376 zil_blk_id=2187996 ccf_commit_seqno=4770376 nstreams_done_=547000 config.nstreams=1000000 avg_latency=0.5571 ms avg throuhgput (requests/sec) = 1000.0938 res=false
*==== INFO ====*  stream_id=2189996 latency=0.456745 ms (tx_ts=85294631677080, rx_ts=85294632133825) request_id=4773703 zil_blk_id=2189996 ccf_commit_seqno=4773703 nstreams_done_=547500 config.nstreams=1000000 avg_latency=0.5571 ms avg throuhgput (requests/sec) = 1000.1152 res=false
*==== INFO ====*  stream_id=2191996 latency=0.527827 ms (tx_ts=85295095191453, rx_ts=85295095719280) request_id=4776956 zil_blk_id=2191996 ccf_commit_seqno=4776956 nstreams_done_=548000 config.nstreams=1000000 avg_latency=0.5571 ms avg throuhgput (requests/sec) = 1000.1815 res=false
*==== INFO ====*  stream_id=2193996 latency=0.605793 ms (tx_ts=85295578432481, rx_ts=85295579038274) request_id=4780198 zil_blk_id=2193996 ccf_commit_seqno=4780198 nstreams_done_=548500 config.nstreams=1000000 avg_latency=0.5571 ms avg throuhgput (requests/sec) = 1000.2118 res=false
*==== INFO ====*  stream_id=2195996 latency=0.464699 ms (tx_ts=85296084025943, rx_ts=85296084490642) request_id=4783629 zil_blk_id=2195996 ccf_commit_seqno=4783629 nstreams_done_=549000 config.nstreams=1000000 avg_latency=0.5570 ms avg throuhgput (requests/sec) = 1000.2017 res=false
*==== INFO ====*  stream_id=2197996 latency=0.511857 ms (tx_ts=85296571345353, rx_ts=85296571857210) request_id=4787020 zil_blk_id=2197996 ccf_commit_seqno=4787020 nstreams_done_=549500 config.nstreams=1000000 avg_latency=0.5570 ms avg throuhgput (requests/sec) = 1000.2245 res=false
*==== INFO ====*  stream_id=2199996 latency=0.467634 ms (tx_ts=85297076124191, rx_ts=85297076591825) request_id=4790397 zil_blk_id=2199996 ccf_commit_seqno=4790397 nstreams_done_=550000 config.nstreams=1000000 avg_latency=0.5570 ms avg throuhgput (requests/sec) = 1000.2157 res=false
*==== INFO ====*  stream_id=2201996 latency=0.485187 ms (tx_ts=85297564802012, rx_ts=85297565287199) request_id=4793797 zil_blk_id=2201996 ccf_commit_seqno=4793797 nstreams_done_=550500 config.nstreams=1000000 avg_latency=0.5569 ms avg throuhgput (requests/sec) = 1000.2360 res=false
*==== INFO ====*  stream_id=2203996 latency=0.518230 ms (tx_ts=85298079223214, rx_ts=85298079741444) request_id=4797301 zil_blk_id=2203996 ccf_commit_seqno=4797301 nstreams_done_=551000 config.nstreams=1000000 avg_latency=0.5569 ms avg throuhgput (requests/sec) = 1000.2096 res=false
*==== INFO ====*  stream_id=2205996 latency=0.521336 ms (tx_ts=85298577756947, rx_ts=85298578278283) request_id=4800652 zil_blk_id=2205996 ccf_commit_seqno=4800652 nstreams_done_=551500 config.nstreams=1000000 avg_latency=0.5569 ms avg throuhgput (requests/sec) = 1000.2120 res=false
*==== INFO ====*  stream_id=2207996 latency=0.589373 ms (tx_ts=85299068918965, rx_ts=85299069508338) request_id=4804043 zil_blk_id=2207996 ccf_commit_seqno=4804043 nstreams_done_=552000 config.nstreams=1000000 avg_latency=0.5569 ms avg throuhgput (requests/sec) = 1000.2277 res=false
*==== INFO ====*  stream_id=2209996 latency=0.576608 ms (tx_ts=85299572850146, rx_ts=85299573426754) request_id=4807411 zil_blk_id=2209996 ccf_commit_seqno=4807412 nstreams_done_=552500 config.nstreams=1000000 avg_latency=0.5569 ms avg throuhgput (requests/sec) = 1000.2204 res=false
*==== INFO ====*  stream_id=2211996 latency=0.535672 ms (tx_ts=85300077253942, rx_ts=85300077789614) request_id=4810849 zil_blk_id=2211996 ccf_commit_seqno=4810849 nstreams_done_=553000 config.nstreams=1000000 avg_latency=0.5568 ms avg throuhgput (requests/sec) = 1000.2123 res=false
*==== INFO ====*  stream_id=2213996 latency=0.594772 ms (tx_ts=85300583169296, rx_ts=85300583764068) request_id=4814317 zil_blk_id=2213996 ccf_commit_seqno=4814317 nstreams_done_=553500 config.nstreams=1000000 avg_latency=0.5568 ms avg throuhgput (requests/sec) = 1000.2013 res=false
*==== INFO ====*  stream_id=2215996 latency=0.488524 ms (tx_ts=85301089345553, rx_ts=85301089834077) request_id=4817827 zil_blk_id=2215996 ccf_commit_seqno=4817827 nstreams_done_=554000 config.nstreams=1000000 avg_latency=0.5568 ms avg throuhgput (requests/sec) = 1000.1902 res=false
*==== INFO ====*  stream_id=2217996 latency=0.551241 ms (tx_ts=85301583547182, rx_ts=85301584098423) request_id=4821226 zil_blk_id=2217996 ccf_commit_seqno=4821226 nstreams_done_=554500 config.nstreams=1000000 avg_latency=0.5567 ms avg throuhgput (requests/sec) = 1000.2004 res=false
*==== INFO ====*  stream_id=2219996 latency=0.473676 ms (tx_ts=85302064018195, rx_ts=85302064491871) request_id=4824517 zil_blk_id=2219996 ccf_commit_seqno=4824517 nstreams_done_=555000 config.nstreams=1000000 avg_latency=0.5567 ms avg throuhgput (requests/sec) = 1000.2355 res=false
*==== INFO ====*  stream_id=2221996 latency=0.527837 ms (tx_ts=85302573907907, rx_ts=85302574435744) request_id=4828049 zil_blk_id=2221996 ccf_commit_seqno=4828049 nstreams_done_=555500 config.nstreams=1000000 avg_latency=0.5567 ms avg throuhgput (requests/sec) = 1000.2174 res=false
*==== INFO ====*  stream_id=2223996 latency=0.528198 ms (tx_ts=85303072433674, rx_ts=85303072961872) request_id=4831443 zil_blk_id=2223996 ccf_commit_seqno=4831443 nstreams_done_=556000 config.nstreams=1000000 avg_latency=0.5567 ms avg throuhgput (requests/sec) = 1000.2199 res=false
*==== INFO ====*  stream_id=2225996 latency=0.509292 ms (tx_ts=85303572275156, rx_ts=85303572784448) request_id=4834868 zil_blk_id=2225996 ccf_commit_seqno=4834868 nstreams_done_=556500 config.nstreams=1000000 avg_latency=0.5566 ms avg throuhgput (requests/sec) = 1000.2200 res=false
*==== INFO ====*  stream_id=2227996 latency=0.502931 ms (tx_ts=85304078664510, rx_ts=85304079167441) request_id=4838308 zil_blk_id=2227996 ccf_commit_seqno=4838308 nstreams_done_=557000 config.nstreams=1000000 avg_latency=0.5566 ms avg throuhgput (requests/sec) = 1000.2083 res=false
*==== INFO ====*  stream_id=2229996 latency=0.553185 ms (tx_ts=85304556335650, rx_ts=85304556888835) request_id=4841644 zil_blk_id=2229996 ccf_commit_seqno=4841644 nstreams_done_=557500 config.nstreams=1000000 avg_latency=0.5566 ms avg throuhgput (requests/sec) = 1000.2481 res=false
*==== INFO ====*  stream_id=2231996 latency=0.492080 ms (tx_ts=85305044251071, rx_ts=85305044743151) request_id=4844979 zil_blk_id=2231996 ccf_commit_seqno=4844979 nstreams_done_=558000 config.nstreams=1000000 avg_latency=0.5566 ms avg throuhgput (requests/sec) = 1000.2697 res=false
*==== INFO ====*  stream_id=2233996 latency=0.521576 ms (tx_ts=85305557767872, rx_ts=85305558289448) request_id=4848531 zil_blk_id=2233996 ccf_commit_seqno=4848531 nstreams_done_=558500 config.nstreams=1000000 avg_latency=0.5566 ms avg throuhgput (requests/sec) = 1000.2452 res=false
*==== INFO ====*  stream_id=2235996 latency=0.479707 ms (tx_ts=85306078736467, rx_ts=85306079216174) request_id=4851995 zil_blk_id=2235996 ccf_commit_seqno=4851995 nstreams_done_=559000 config.nstreams=1000000 avg_latency=0.5566 ms avg throuhgput (requests/sec) = 1000.2075 res=false
*==== INFO ====*  stream_id=2237996 latency=0.442047 ms (tx_ts=85306561168298, rx_ts=85306561610345) request_id=4855299 zil_blk_id=2237996 ccf_commit_seqno=4855299 nstreams_done_=559500 config.nstreams=1000000 avg_latency=0.5566 ms avg throuhgput (requests/sec) = 1000.2388 res=false
*==== INFO ====*  stream_id=2239996 latency=0.510465 ms (tx_ts=85307054765907, rx_ts=85307055276372) request_id=4858645 zil_blk_id=2239996 ccf_commit_seqno=4858645 nstreams_done_=560000 config.nstreams=1000000 avg_latency=0.5566 ms avg throuhgput (requests/sec) = 1000.2499 res=false
*==== INFO ====*  stream_id=2241996 latency=0.589993 ms (tx_ts=85307541017214, rx_ts=85307541607207) request_id=4861987 zil_blk_id=2241996 ccf_commit_seqno=4861988 nstreams_done_=560500 config.nstreams=1000000 avg_latency=0.5566 ms avg throuhgput (requests/sec) = 1000.2741 res=false
*==== INFO ====*  stream_id=2243996 latency=0.491380 ms (tx_ts=85308019550265, rx_ts=85308020041645) request_id=4865270 zil_blk_id=2243996 ccf_commit_seqno=4865270 nstreams_done_=561000 config.nstreams=1000000 avg_latency=0.5565 ms avg throuhgput (requests/sec) = 1000.3123 res=false
*==== INFO ====*  stream_id=2245996 latency=0.533497 ms (tx_ts=85308509992463, rx_ts=85308510525960) request_id=4868680 zil_blk_id=2245996 ccf_commit_seqno=4868681 nstreams_done_=561500 config.nstreams=1000000 avg_latency=0.5565 ms avg throuhgput (requests/sec) = 1000.3290 res=false
*==== INFO ====*  stream_id=2247996 latency=0.569426 ms (tx_ts=85309013730859, rx_ts=85309014300285) request_id=4872150 zil_blk_id=2247996 ccf_commit_seqno=4872150 nstreams_done_=562000 config.nstreams=1000000 avg_latency=0.5565 ms avg throuhgput (requests/sec) = 1000.3220 res=false
*==== INFO ====*  stream_id=2249996 latency=0.494986 ms (tx_ts=85309523164300, rx_ts=85309523659286) request_id=4875697 zil_blk_id=2249996 ccf_commit_seqno=4875697 nstreams_done_=562500 config.nstreams=1000000 avg_latency=0.5565 ms avg throuhgput (requests/sec) = 1000.3050 res=false
*==== INFO ====*  stream_id=2251996 latency=0.491740 ms (tx_ts=85310017651472, rx_ts=85310018143212) request_id=4879075 zil_blk_id=2251996 ccf_commit_seqno=4879075 nstreams_done_=563000 config.nstreams=1000000 avg_latency=0.5564 ms avg throuhgput (requests/sec) = 1000.3146 res=false
*==== INFO ====*  stream_id=2253996 latency=0.530382 ms (tx_ts=85310505290947, rx_ts=85310505821329) request_id=4882505 zil_blk_id=2253996 ccf_commit_seqno=4882505 nstreams_done_=563500 config.nstreams=1000000 avg_latency=0.5564 ms avg throuhgput (requests/sec) = 1000.3362 res=false
*==== INFO ====*  stream_id=2255996 latency=0.536534 ms (tx_ts=85311048730762, rx_ts=85311049267296) request_id=4886004 zil_blk_id=2255996 ccf_commit_seqno=4886004 nstreams_done_=564000 config.nstreams=1000000 avg_latency=0.5564 ms avg throuhgput (requests/sec) = 1000.2588 res=false
*==== INFO ====*  stream_id=2257996 latency=0.544108 ms (tx_ts=85311611482862, rx_ts=85311612026970) request_id=4889447 zil_blk_id=2257996 ccf_commit_seqno=4889448 nstreams_done_=564500 config.nstreams=1000000 avg_latency=0.5564 ms avg throuhgput (requests/sec) = 1000.1473 res=false
*==== INFO ====*  stream_id=2259996 latency=0.523670 ms (tx_ts=85312160884461, rx_ts=85312161408131) request_id=4892810 zil_blk_id=2259996 ccf_commit_seqno=4892810 nstreams_done_=565000 config.nstreams=1000000 avg_latency=0.5564 ms avg throuhgput (requests/sec) = 1000.0598 res=false
*==== INFO ====*  stream_id=2261996 latency=0.494706 ms (tx_ts=85312747243402, rx_ts=85312747738108) request_id=4896455 zil_blk_id=2261996 ccf_commit_seqno=4896455 nstreams_done_=565500 config.nstreams=1000000 avg_latency=0.5564 ms avg throuhgput (requests/sec) = 999.9071 res=false
*==== INFO ====*  stream_id=2263996 latency=0.537516 ms (tx_ts=85313300533617, rx_ts=85313301071133) request_id=4899968 zil_blk_id=2263996 ccf_commit_seqno=4899969 nstreams_done_=566000 config.nstreams=1000000 avg_latency=0.5564 ms avg throuhgput (requests/sec) = 999.8130 res=false
*==== INFO ====*  stream_id=2265996 latency=0.484436 ms (tx_ts=85313814966766, rx_ts=85313815451202) request_id=4903409 zil_blk_id=2265996 ccf_commit_seqno=4903409 nstreams_done_=566500 config.nstreams=1000000 avg_latency=0.5564 ms avg throuhgput (requests/sec) = 999.7878 res=false
*==== INFO ====*  stream_id=2267996 latency=0.559828 ms (tx_ts=85314319707655, rx_ts=85314320267483) request_id=4906874 zil_blk_id=2267996 ccf_commit_seqno=4906874 nstreams_done_=567000 config.nstreams=1000000 avg_latency=0.5564 ms avg throuhgput (requests/sec) = 999.7795 res=false
*==== INFO ====*  stream_id=2269996 latency=0.551722 ms (tx_ts=85314825645565, rx_ts=85314826197287) request_id=4910414 zil_blk_id=2269996 ccf_commit_seqno=4910414 nstreams_done_=567500 config.nstreams=1000000 avg_latency=0.5564 ms avg throuhgput (requests/sec) = 999.7692 res=false
*==== INFO ====*  stream_id=2271996 latency=0.473006 ms (tx_ts=85315340032050, rx_ts=85315340505056) request_id=4914017 zil_blk_id=2271996 ccf_commit_seqno=4914017 nstreams_done_=568000 config.nstreams=1000000 avg_latency=0.5564 ms avg throuhgput (requests/sec) = 999.7442 res=false
*==== INFO ====*  stream_id=2273996 latency=0.535381 ms (tx_ts=85315855755611, rx_ts=85315856290992) request_id=4917549 zil_blk_id=2273996 ccf_commit_seqno=4917549 nstreams_done_=568500 config.nstreams=1000000 avg_latency=0.5563 ms avg throuhgput (requests/sec) = 999.7167 res=false
*==== INFO ====*  stream_id=2275996 latency=0.499304 ms (tx_ts=85316360940787, rx_ts=85316361440091) request_id=4920978 zil_blk_id=2275996 ccf_commit_seqno=4920978 nstreams_done_=569000 config.nstreams=1000000 avg_latency=0.5563 ms avg throuhgput (requests/sec) = 999.7079 res=false
*==== INFO ====*  stream_id=2277996 latency=0.560758 ms (tx_ts=85316847480945, rx_ts=85316848041703) request_id=4924370 zil_blk_id=2277996 ccf_commit_seqno=4924370 nstreams_done_=569500 config.nstreams=1000000 avg_latency=0.5563 ms avg throuhgput (requests/sec) = 999.7317 res=false
*==== INFO ====*  stream_id=2279996 latency=0.500579 ms (tx_ts=85317353890842, rx_ts=85317354391421) request_id=4927943 zil_blk_id=2279996 ccf_commit_seqno=4927943 nstreams_done_=570000 config.nstreams=1000000 avg_latency=0.5563 ms avg throuhgput (requests/sec) = 999.7208 res=false
*==== INFO ====*  stream_id=2281996 latency=0.491112 ms (tx_ts=85317864638606, rx_ts=85317865129718) request_id=4931452 zil_blk_id=2281996 ccf_commit_seqno=4931452 nstreams_done_=570500 config.nstreams=1000000 avg_latency=0.5563 ms avg throuhgput (requests/sec) = 999.7022 res=false
*==== INFO ====*  stream_id=2283996 latency=0.538861 ms (tx_ts=85318371694218, rx_ts=85318372233079) request_id=4934979 zil_blk_id=2283996 ccf_commit_seqno=4934979 nstreams_done_=571000 config.nstreams=1000000 avg_latency=0.5562 ms avg throuhgput (requests/sec) = 999.6900 res=false
*==== INFO ====*  stream_id=2285996 latency=0.478195 ms (tx_ts=85318862414672, rx_ts=85318862892867) request_id=4938389 zil_blk_id=2285996 ccf_commit_seqno=4938389 nstreams_done_=571500 config.nstreams=1000000 avg_latency=0.5562 ms avg throuhgput (requests/sec) = 999.7066 res=false
*==== INFO ====*  stream_id=2287996 latency=0.491710 ms (tx_ts=85319337707993, rx_ts=85319338199703) request_id=4941812 zil_blk_id=2287996 ccf_commit_seqno=4941812 nstreams_done_=572000 config.nstreams=1000000 avg_latency=0.5562 ms avg throuhgput (requests/sec) = 999.7500 res=false
*==== INFO ====*  stream_id=2289996 latency=0.515083 ms (tx_ts=85319845742364, rx_ts=85319846257447) request_id=4945274 zil_blk_id=2289996 ccf_commit_seqno=4945274 nstreams_done_=572500 config.nstreams=1000000 avg_latency=0.5562 ms avg throuhgput (requests/sec) = 999.7362 res=false
*==== INFO ====*  stream_id=2291996 latency=0.487021 ms (tx_ts=85320363470260, rx_ts=85320363957281) request_id=4948808 zil_blk_id=2291996 ccf_commit_seqno=4948808 nstreams_done_=573000 config.nstreams=1000000 avg_latency=0.5561 ms avg throuhgput (requests/sec) = 999.7056 res=false
*==== INFO ====*  stream_id=2293996 latency=0.484145 ms (tx_ts=85320874244935, rx_ts=85320874729080) request_id=4952358 zil_blk_id=2293996 ccf_commit_seqno=4952358 nstreams_done_=573500 config.nstreams=1000000 avg_latency=0.5561 ms avg throuhgput (requests/sec) = 999.6870 res=false
*==== INFO ====*  stream_id=2295996 latency=0.585204 ms (tx_ts=85321380738401, rx_ts=85321381323605) request_id=4955821 zil_blk_id=2295996 ccf_commit_seqno=4955821 nstreams_done_=574000 config.nstreams=1000000 avg_latency=0.5561 ms avg throuhgput (requests/sec) = 999.6758 res=false
*==== INFO ====*  stream_id=2297996 latency=0.456454 ms (tx_ts=85321879714421, rx_ts=85321880170875) request_id=4959263 zil_blk_id=2297996 ccf_commit_seqno=4959263 nstreams_done_=574500 config.nstreams=1000000 avg_latency=0.5561 ms avg throuhgput (requests/sec) = 999.6781 res=false
*==== INFO ====*  stream_id=2299996 latency=0.486611 ms (tx_ts=85322383984016, rx_ts=85322384470627) request_id=4962818 zil_blk_id=2299996 ccf_commit_seqno=4962818 nstreams_done_=575000 config.nstreams=1000000 avg_latency=0.5560 ms avg throuhgput (requests/sec) = 999.6709 res=false
*==== INFO ====*  stream_id=2301996 latency=0.501048 ms (tx_ts=85322909295427, rx_ts=85322909796475) request_id=4966320 zil_blk_id=2301996 ccf_commit_seqno=4966320 nstreams_done_=575500 config.nstreams=1000000 avg_latency=0.5560 ms avg throuhgput (requests/sec) = 999.6272 res=false
*==== INFO ====*  stream_id=2303996 latency=0.532736 ms (tx_ts=85323430348142, rx_ts=85323430880878) request_id=4969806 zil_blk_id=2303996 ccf_commit_seqno=4969807 nstreams_done_=576000 config.nstreams=1000000 avg_latency=0.5560 ms avg throuhgput (requests/sec) = 999.5910 res=false
*==== INFO ====*  stream_id=2305996 latency=0.536704 ms (tx_ts=85323926577995, rx_ts=85323927114699) request_id=4973229 zil_blk_id=2305996 ccf_commit_seqno=4973229 nstreams_done_=576500 config.nstreams=1000000 avg_latency=0.5560 ms avg throuhgput (requests/sec) = 999.5979 res=false
*==== INFO ====*  stream_id=2307996 latency=0.452948 ms (tx_ts=85324441820021, rx_ts=85324442272969) request_id=4976692 zil_blk_id=2307996 ccf_commit_seqno=4976692 nstreams_done_=577000 config.nstreams=1000000 avg_latency=0.5560 ms avg throuhgput (requests/sec) = 999.5720 res=false
*==== INFO ====*  stream_id=2309996 latency=0.527647 ms (tx_ts=85324940155052, rx_ts=85324940682699) request_id=4980123 zil_blk_id=2309996 ccf_commit_seqno=4980123 nstreams_done_=577500 config.nstreams=1000000 avg_latency=0.5559 ms avg throuhgput (requests/sec) = 999.5751 res=false
*==== INFO ====*  stream_id=2311996 latency=0.478915 ms (tx_ts=85325463841082, rx_ts=85325464319997) request_id=4983656 zil_blk_id=2311996 ccf_commit_seqno=4983656 nstreams_done_=578000 config.nstreams=1000000 avg_latency=0.5559 ms avg throuhgput (requests/sec) = 999.5346 res=false
*==== INFO ====*  stream_id=2313996 latency=0.484927 ms (tx_ts=85325980534933, rx_ts=85325981019860) request_id=4987180 zil_blk_id=2313996 ccf_commit_seqno=4987180 nstreams_done_=578500 config.nstreams=1000000 avg_latency=0.5559 ms avg throuhgput (requests/sec) = 999.5062 res=false
*==== INFO ====*  stream_id=2315996 latency=0.548696 ms (tx_ts=85326495075544, rx_ts=85326495624240) request_id=4990647 zil_blk_id=2315996 ccf_commit_seqno=4990647 nstreams_done_=579000 config.nstreams=1000000 avg_latency=0.5559 ms avg throuhgput (requests/sec) = 999.4814 res=false
*==== INFO ====*  stream_id=2317996 latency=0.506317 ms (tx_ts=85327004941038, rx_ts=85327005447355) request_id=4994135 zil_blk_id=2317996 ccf_commit_seqno=4994135 nstreams_done_=579500 config.nstreams=1000000 avg_latency=0.5558 ms avg throuhgput (requests/sec) = 999.4649 res=false
*==== INFO ====*  stream_id=2319996 latency=0.634466 ms (tx_ts=85327509568590, rx_ts=85327510203056) request_id=4997605 zil_blk_id=2319996 ccf_commit_seqno=4997606 nstreams_done_=580000 config.nstreams=1000000 avg_latency=0.5558 ms avg throuhgput (requests/sec) = 999.4572 res=false
*==== INFO ====*  stream_id=2321996 latency=0.453487 ms (tx_ts=85328020188776, rx_ts=85328020642263) request_id=5001128 zil_blk_id=2321996 ccf_commit_seqno=5001128 nstreams_done_=580500 config.nstreams=1000000 avg_latency=0.5558 ms avg throuhgput (requests/sec) = 999.4397 res=false
*==== INFO ====*  stream_id=2323996 latency=0.535853 ms (tx_ts=85328511863986, rx_ts=85328512399839) request_id=5004592 zil_blk_id=2323996 ccf_commit_seqno=5004593 nstreams_done_=581000 config.nstreams=1000000 avg_latency=0.5558 ms avg throuhgput (requests/sec) = 999.4543 res=false
*==== INFO ====*  stream_id=2325996 latency=0.618587 ms (tx_ts=85329010220310, rx_ts=85329010838897) request_id=5008081 zil_blk_id=2325996 ccf_commit_seqno=5008082 nstreams_done_=581500 config.nstreams=1000000 avg_latency=0.5558 ms avg throuhgput (requests/sec) = 999.4575 res=false
*==== INFO ====*  stream_id=2327996 latency=0.596635 ms (tx_ts=85329503299661, rx_ts=85329503896296) request_id=5011501 zil_blk_id=2327996 ccf_commit_seqno=5011501 nstreams_done_=582000 config.nstreams=1000000 avg_latency=0.5557 ms avg throuhgput (requests/sec) = 999.4699 res=false
*==== INFO ====*  stream_id=2329996 latency=0.648349 ms (tx_ts=85329966931492, rx_ts=85329967579841) request_id=5014748 zil_blk_id=2329996 ccf_commit_seqno=5014749 nstreams_done_=582500 config.nstreams=1000000 avg_latency=0.5557 ms avg throuhgput (requests/sec) = 999.5326 res=false
*==== INFO ====*  stream_id=2331996 latency=0.518062 ms (tx_ts=85330424300514, rx_ts=85330424818576) request_id=5017970 zil_blk_id=2331996 ccf_commit_seqno=5017970 nstreams_done_=583000 config.nstreams=1000000 avg_latency=0.5557 ms avg throuhgput (requests/sec) = 999.6063 res=false
*==== INFO ====*  stream_id=2333996 latency=0.499785 ms (tx_ts=85330900488859, rx_ts=85330900988644) request_id=5021352 zil_blk_id=2333996 ccf_commit_seqno=5021352 nstreams_done_=583500 config.nstreams=1000000 avg_latency=0.5557 ms avg throuhgput (requests/sec) = 999.6474 res=false
*==== INFO ====*  stream_id=2335996 latency=0.504624 ms (tx_ts=85331377344877, rx_ts=85331377849501) request_id=5024700 zil_blk_id=2335996 ccf_commit_seqno=5024700 nstreams_done_=584000 config.nstreams=1000000 avg_latency=0.5557 ms avg throuhgput (requests/sec) = 999.6873 res=false
*==== INFO ====*  stream_id=2337996 latency=0.537395 ms (tx_ts=85331838991910, rx_ts=85331839529305) request_id=5027939 zil_blk_id=2337996 ccf_commit_seqno=5027939 nstreams_done_=584500 config.nstreams=1000000 avg_latency=0.5557 ms avg throuhgput (requests/sec) = 999.7531 res=false
*==== INFO ====*  stream_id=2339996 latency=0.498192 ms (tx_ts=85332311870057, rx_ts=85332312368249) request_id=5031322 zil_blk_id=2339996 ccf_commit_seqno=5031322 nstreams_done_=585000 config.nstreams=1000000 avg_latency=0.5556 ms avg throuhgput (requests/sec) = 999.7997 res=false
*==== INFO ====*  stream_id=2341996 latency=0.509843 ms (tx_ts=85332802631481, rx_ts=85332803141324) request_id=5034669 zil_blk_id=2341996 ccf_commit_seqno=5034669 nstreams_done_=585500 config.nstreams=1000000 avg_latency=0.5556 ms avg throuhgput (requests/sec) = 999.8157 res=false
*==== INFO ====*  stream_id=2343996 latency=0.529851 ms (tx_ts=85333292914968, rx_ts=85333293444819) request_id=5037969 zil_blk_id=2343996 ccf_commit_seqno=5037969 nstreams_done_=586000 config.nstreams=1000000 avg_latency=0.5556 ms avg throuhgput (requests/sec) = 999.8324 res=false
*==== INFO ====*  stream_id=2345996 latency=0.477774 ms (tx_ts=85333806107901, rx_ts=85333806585675) request_id=5041444 zil_blk_id=2345996 ccf_commit_seqno=5041444 nstreams_done_=586500 config.nstreams=1000000 avg_latency=0.5556 ms avg throuhgput (requests/sec) = 999.8101 res=false
*==== INFO ====*  stream_id=2347996 latency=0.537024 ms (tx_ts=85334315023558, rx_ts=85334315560582) request_id=5044893 zil_blk_id=2347996 ccf_commit_seqno=5044893 nstreams_done_=587000 config.nstreams=1000000 avg_latency=0.5556 ms avg throuhgput (requests/sec) = 999.7950 res=false
*==== INFO ====*  stream_id=2349996 latency=0.578873 ms (tx_ts=85334780590980, rx_ts=85334781169853) request_id=5048041 zil_blk_id=2349996 ccf_commit_seqno=5048041 nstreams_done_=587500 config.nstreams=1000000 avg_latency=0.5556 ms avg throuhgput (requests/sec) = 999.8537 res=false
*==== INFO ====*  stream_id=2351996 latency=0.610011 ms (tx_ts=85335268017288, rx_ts=85335268627299) request_id=5051354 zil_blk_id=2351996 ccf_commit_seqno=5051355 nstreams_done_=588000 config.nstreams=1000000 avg_latency=0.5556 ms avg throuhgput (requests/sec) = 999.8751 res=false
*==== INFO ====*  stream_id=2353996 latency=0.567591 ms (tx_ts=85335786949300, rx_ts=85335787516891) request_id=5054611 zil_blk_id=2353996 ccf_commit_seqno=5054611 nstreams_done_=588500 config.nstreams=1000000 avg_latency=0.5556 ms avg throuhgput (requests/sec) = 999.8431 res=false
*==== INFO ====*  stream_id=2355996 latency=0.480529 ms (tx_ts=85336308447768, rx_ts=85336308928297) request_id=5058037 zil_blk_id=2355996 ccf_commit_seqno=5058037 nstreams_done_=589000 config.nstreams=1000000 avg_latency=0.5556 ms avg throuhgput (requests/sec) = 999.8069 res=false
*==== INFO ====*  stream_id=2357996 latency=0.462144 ms (tx_ts=85336800724074, rx_ts=85336801186218) request_id=5061418 zil_blk_id=2357996 ccf_commit_seqno=5061418 nstreams_done_=589500 config.nstreams=1000000 avg_latency=0.5555 ms avg throuhgput (requests/sec) = 999.8202 res=false
*==== INFO ====*  stream_id=2359996 latency=0.567601 ms (tx_ts=85337295159489, rx_ts=85337295727090) request_id=5064868 zil_blk_id=2359996 ccf_commit_seqno=5064868 nstreams_done_=590000 config.nstreams=1000000 avg_latency=0.5555 ms avg throuhgput (requests/sec) = 999.8296 res=false
*==== INFO ====*  stream_id=2361996 latency=0.475640 ms (tx_ts=85337779845605, rx_ts=85337780321245) request_id=5068289 zil_blk_id=2361996 ccf_commit_seqno=5068289 nstreams_done_=590500 config.nstreams=1000000 avg_latency=0.5555 ms avg throuhgput (requests/sec) = 999.8559 res=false
*==== INFO ====*  stream_id=2363996 latency=0.543536 ms (tx_ts=85338261289153, rx_ts=85338261832689) request_id=5071683 zil_blk_id=2363996 ccf_commit_seqno=5071683 nstreams_done_=591000 config.nstreams=1000000 avg_latency=0.5555 ms avg throuhgput (requests/sec) = 999.8872 res=false
*==== INFO ====*  stream_id=2365996 latency=0.582168 ms (tx_ts=85338741256289, rx_ts=85338741838457) request_id=5074994 zil_blk_id=2365996 ccf_commit_seqno=5074994 nstreams_done_=591500 config.nstreams=1000000 avg_latency=0.5555 ms avg throuhgput (requests/sec) = 999.9211 res=false
*==== INFO ====*  stream_id=2367996 latency=0.559246 ms (tx_ts=85339222552551, rx_ts=85339223111797) request_id=5078305 zil_blk_id=2367996 ccf_commit_seqno=5078305 nstreams_done_=592000 config.nstreams=1000000 avg_latency=0.5554 ms avg throuhgput (requests/sec) = 999.9528 res=false
*==== INFO ====*  stream_id=2369996 latency=0.499024 ms (tx_ts=85339717059793, rx_ts=85339717558817) request_id=5081688 zil_blk_id=2369996 ccf_commit_seqno=5081688 nstreams_done_=592500 config.nstreams=1000000 avg_latency=0.5554 ms avg throuhgput (requests/sec) = 999.9622 res=false
*==== INFO ====*  stream_id=2371996 latency=0.501027 ms (tx_ts=85340202710835, rx_ts=85340203211862) request_id=5084991 zil_blk_id=2371996 ccf_commit_seqno=5084991 nstreams_done_=593000 config.nstreams=1000000 avg_latency=0.5554 ms avg throuhgput (requests/sec) = 999.9865 res=false
*==== INFO ====*  stream_id=2373996 latency=0.500066 ms (tx_ts=85340701571367, rx_ts=85340702071433) request_id=5088386 zil_blk_id=2373996 ccf_commit_seqno=5088386 nstreams_done_=593500 config.nstreams=1000000 avg_latency=0.5554 ms avg throuhgput (requests/sec) = 999.9884 res=false
*==== INFO ====*  stream_id=2375996 latency=0.540752 ms (tx_ts=85341202970379, rx_ts=85341203511131) request_id=5091852 zil_blk_id=2375996 ccf_commit_seqno=5091852 nstreams_done_=594000 config.nstreams=1000000 avg_latency=0.5554 ms avg throuhgput (requests/sec) = 999.9860 res=false
*==== INFO ====*  stream_id=2377996 latency=0.572792 ms (tx_ts=85341711822928, rx_ts=85341712395720) request_id=5095344 zil_blk_id=2377996 ccf_commit_seqno=5095344 nstreams_done_=594500 config.nstreams=1000000 avg_latency=0.5554 ms avg throuhgput (requests/sec) = 999.9711 res=false
*==== INFO ====*  stream_id=2379996 latency=1.231384 ms (tx_ts=85342234798454, rx_ts=85342236029838) request_id=5098850 zil_blk_id=2379996 ccf_commit_seqno=5098850 nstreams_done_=595000 config.nstreams=1000000 avg_latency=0.5553 ms avg throuhgput (requests/sec) = 999.9314 res=false
*==== INFO ====*  stream_id=2381996 latency=0.497651 ms (tx_ts=85342731174034, rx_ts=85342731671685) request_id=5102120 zil_blk_id=2381996 ccf_commit_seqno=5102120 nstreams_done_=595500 config.nstreams=1000000 avg_latency=0.5553 ms avg throuhgput (requests/sec) = 999.9387 res=false
*==== INFO ====*  stream_id=2383996 latency=0.664413 ms (tx_ts=85343212592069, rx_ts=85343213256482) request_id=5105362 zil_blk_id=2383996 ccf_commit_seqno=5105362 nstreams_done_=596000 config.nstreams=1000000 avg_latency=0.5553 ms avg throuhgput (requests/sec) = 999.9697 res=false
*==== INFO ====*  stream_id=2385996 latency=0.484886 ms (tx_ts=85343693165936, rx_ts=85343693650822) request_id=5108609 zil_blk_id=2385996 ccf_commit_seqno=5108609 nstreams_done_=596500 config.nstreams=1000000 avg_latency=0.5553 ms avg throuhgput (requests/sec) = 1000.0026 res=false
*==== INFO ====*  stream_id=2387996 latency=0.527297 ms (tx_ts=85344176259154, rx_ts=85344176786451) request_id=5111900 zil_blk_id=2387996 ccf_commit_seqno=5111901 nstreams_done_=597000 config.nstreams=1000000 avg_latency=0.5553 ms avg throuhgput (requests/sec) = 1000.0308 res=false
*==== INFO ====*  stream_id=2389996 latency=0.594241 ms (tx_ts=85344663755740, rx_ts=85344664349981) request_id=5115271 zil_blk_id=2389996 ccf_commit_seqno=5115272 nstreams_done_=597500 config.nstreams=1000000 avg_latency=0.5553 ms avg throuhgput (requests/sec) = 1000.0516 res=false
*==== INFO ====*  stream_id=2391996 latency=0.558565 ms (tx_ts=85345150697406, rx_ts=85345151255971) request_id=5118617 zil_blk_id=2391996 ccf_commit_seqno=5118617 nstreams_done_=598000 config.nstreams=1000000 avg_latency=0.5553 ms avg throuhgput (requests/sec) = 1000.0735 res=false
*==== INFO ====*  stream_id=2393996 latency=0.467785 ms (tx_ts=85345653984270, rx_ts=85345654452055) request_id=5122048 zil_blk_id=2393996 ccf_commit_seqno=5122048 nstreams_done_=598500 config.nstreams=1000000 avg_latency=0.5553 ms avg throuhgput (requests/sec) = 1000.0681 res=false
*==== INFO ====*  stream_id=2395996 latency=0.634226 ms (tx_ts=85346160165283, rx_ts=85346160799509) request_id=5125490 zil_blk_id=2395996 ccf_commit_seqno=5125490 nstreams_done_=599000 config.nstreams=1000000 avg_latency=0.5553 ms avg throuhgput (requests/sec) = 1000.0574 res=false
*==== INFO ====*  stream_id=2397996 latency=0.476131 ms (tx_ts=85346660404753, rx_ts=85346660880884) request_id=5128948 zil_blk_id=2397996 ccf_commit_seqno=5128948 nstreams_done_=599500 config.nstreams=1000000 avg_latency=0.5552 ms avg throuhgput (requests/sec) = 1000.0572 res=false
*==== INFO ====*  stream_id=2399996 latency=0.469438 ms (tx_ts=85347168612978, rx_ts=85347169082416) request_id=5132437 zil_blk_id=2399996 ccf_commit_seqno=5132437 nstreams_done_=600000 config.nstreams=1000000 avg_latency=0.5552 ms avg throuhgput (requests/sec) = 1000.0435 res=false
*==== INFO ====*  stream_id=2401996 latency=0.454511 ms (tx_ts=85347672577445, rx_ts=85347673031956) request_id=5135924 zil_blk_id=2401996 ccf_commit_seqno=5135924 nstreams_done_=600500 config.nstreams=1000000 avg_latency=0.5552 ms avg throuhgput (requests/sec) = 1000.0369 res=false
*==== INFO ====*  stream_id=2403996 latency=0.597046 ms (tx_ts=85348175298477, rx_ts=85348175895523) request_id=5139389 zil_blk_id=2403996 ccf_commit_seqno=5139389 nstreams_done_=601000 config.nstreams=1000000 avg_latency=0.5552 ms avg throuhgput (requests/sec) = 1000.0321 res=false
*==== INFO ====*  stream_id=2405996 latency=0.515313 ms (tx_ts=85348675086122, rx_ts=85348675601435) request_id=5142832 zil_blk_id=2405996 ccf_commit_seqno=5142832 nstreams_done_=601500 config.nstreams=1000000 avg_latency=0.5551 ms avg throuhgput (requests/sec) = 1000.0326 res=false
*==== INFO ====*  stream_id=2407996 latency=0.468316 ms (tx_ts=85349173732728, rx_ts=85349174201044) request_id=5146270 zil_blk_id=2407996 ccf_commit_seqno=5146270 nstreams_done_=602000 config.nstreams=1000000 avg_latency=0.5551 ms avg throuhgput (requests/sec) = 1000.0349 res=false
*==== INFO ====*  stream_id=2409996 latency=0.553426 ms (tx_ts=85349690360381, rx_ts=85349690913807) request_id=5149796 zil_blk_id=2409996 ccf_commit_seqno=5149796 nstreams_done_=602500 config.nstreams=1000000 avg_latency=0.5551 ms avg throuhgput (requests/sec) = 1000.0071 res=false
*==== INFO ====*  stream_id=2411996 latency=0.577631 ms (tx_ts=85350196704962, rx_ts=85350197282593) request_id=5153219 zil_blk_id=2411996 ccf_commit_seqno=5153219 nstreams_done_=603000 config.nstreams=1000000 avg_latency=0.5551 ms avg throuhgput (requests/sec) = 999.9965 res=false
*==== INFO ====*  stream_id=2413996 latency=0.502930 ms (tx_ts=85350717255823, rx_ts=85350717758753) request_id=5156729 zil_blk_id=2413996 ccf_commit_seqno=5156729 nstreams_done_=603500 config.nstreams=1000000 avg_latency=0.5551 ms avg throuhgput (requests/sec) = 999.9626 res=false
*==== INFO ====*  stream_id=2415996 latency=0.476952 ms (tx_ts=85351215672803, rx_ts=85351216149755) request_id=5160103 zil_blk_id=2415996 ccf_commit_seqno=5160103 nstreams_done_=604000 config.nstreams=1000000 avg_latency=0.5551 ms avg throuhgput (requests/sec) = 999.9653 res=false
*==== INFO ====*  stream_id=2417996 latency=0.457956 ms (tx_ts=85351706702260, rx_ts=85351707160216) request_id=5163449 zil_blk_id=2417996 ccf_commit_seqno=5163449 nstreams_done_=604500 config.nstreams=1000000 avg_latency=0.5550 ms avg throuhgput (requests/sec) = 999.9802 res=false
*==== INFO ====*  stream_id=2419996 latency=0.508121 ms (tx_ts=85352220191773, rx_ts=85352220699894) request_id=5166919 zil_blk_id=2419996 ccf_commit_seqno=5166920 nstreams_done_=605000 config.nstreams=1000000 avg_latency=0.5550 ms avg throuhgput (requests/sec) = 999.9578 res=false
*==== INFO ====*  stream_id=2421996 latency=0.481110 ms (tx_ts=85352741411395, rx_ts=85352741892505) request_id=5170410 zil_blk_id=2421996 ccf_commit_seqno=5170410 nstreams_done_=605500 config.nstreams=1000000 avg_latency=0.5550 ms avg throuhgput (requests/sec) = 999.9229 res=false
*==== INFO ====*  stream_id=2423996 latency=0.599732 ms (tx_ts=85353235063376, rx_ts=85353235663108) request_id=5173855 zil_blk_id=2423996 ccf_commit_seqno=5173855 nstreams_done_=606000 config.nstreams=1000000 avg_latency=0.5550 ms avg throuhgput (requests/sec) = 999.9332 res=false
*==== INFO ====*  stream_id=2425996 latency=0.524832 ms (tx_ts=85353762688558, rx_ts=85353763213390) request_id=5177476 zil_blk_id=2425996 ccf_commit_seqno=5177476 nstreams_done_=606500 config.nstreams=1000000 avg_latency=0.5550 ms avg throuhgput (requests/sec) = 999.8879 res=false
*==== INFO ====*  stream_id=2427996 latency=0.520664 ms (tx_ts=85354253125717, rx_ts=85354253646381) request_id=5180765 zil_blk_id=2427996 ccf_commit_seqno=5180765 nstreams_done_=607000 config.nstreams=1000000 avg_latency=0.5549 ms avg throuhgput (requests/sec) = 999.9037 res=false
*==== INFO ====*  stream_id=2429996 latency=0.551060 ms (tx_ts=85354755072773, rx_ts=85354755623833) request_id=5184208 zil_blk_id=2429996 ccf_commit_seqno=5184208 nstreams_done_=607500 config.nstreams=1000000 avg_latency=0.5549 ms avg throuhgput (requests/sec) = 999.9005 res=false
*==== INFO ====*  stream_id=2431996 latency=0.573783 ms (tx_ts=85355232380295, rx_ts=85355232954078) request_id=5187598 zil_blk_id=2431996 ccf_commit_seqno=5187598 nstreams_done_=608000 config.nstreams=1000000 avg_latency=0.5549 ms avg throuhgput (requests/sec) = 999.9379 res=false
*==== INFO ====*  stream_id=2433996 latency=0.541593 ms (tx_ts=85355708327383, rx_ts=85355708868976) request_id=5190902 zil_blk_id=2433996 ccf_commit_seqno=5190902 nstreams_done_=608500 config.nstreams=1000000 avg_latency=0.5549 ms avg throuhgput (requests/sec) = 999.9775 res=false
*==== INFO ====*  stream_id=2435996 latency=0.468757 ms (tx_ts=85356179942649, rx_ts=85356180411406) request_id=5194181 zil_blk_id=2435996 ccf_commit_seqno=5194181 nstreams_done_=609000 config.nstreams=1000000 avg_latency=0.5549 ms avg throuhgput (requests/sec) = 1000.0243 res=false
*==== INFO ====*  stream_id=2437996 latency=0.547764 ms (tx_ts=85356659401549, rx_ts=85356659949313) request_id=5197474 zil_blk_id=2437996 ccf_commit_seqno=5197474 nstreams_done_=609500 config.nstreams=1000000 avg_latency=0.5549 ms avg throuhgput (requests/sec) = 1000.0578 res=false
*==== INFO ====*  stream_id=2439996 latency=0.510986 ms (tx_ts=85357174056657, rx_ts=85357174567643) request_id=5200996 zil_blk_id=2439996 ccf_commit_seqno=5200996 nstreams_done_=610000 config.nstreams=1000000 avg_latency=0.5548 ms avg throuhgput (requests/sec) = 1000.0338 res=false
*==== INFO ====*  stream_id=2441996 latency=0.470981 ms (tx_ts=85357694919990, rx_ts=85357695390971) request_id=5204582 zil_blk_id=2441996 ccf_commit_seqno=5204582 nstreams_done_=610500 config.nstreams=1000000 avg_latency=0.5548 ms avg throuhgput (requests/sec) = 999.9997 res=false
*==== INFO ====*  stream_id=2443996 latency=0.486400 ms (tx_ts=85358203562124, rx_ts=85358204048524) request_id=5208049 zil_blk_id=2443996 ccf_commit_seqno=5208049 nstreams_done_=611000 config.nstreams=1000000 avg_latency=0.5548 ms avg throuhgput (requests/sec) = 999.9855 res=false
*==== INFO ====*  stream_id=2445996 latency=0.526805 ms (tx_ts=85358706296569, rx_ts=85358706823374) request_id=5211434 zil_blk_id=2445996 ccf_commit_seqno=5211435 nstreams_done_=611500 config.nstreams=1000000 avg_latency=0.5548 ms avg throuhgput (requests/sec) = 999.9810 res=false
*==== INFO ====*  stream_id=2447996 latency=0.510485 ms (tx_ts=85359243446253, rx_ts=85359243956738) request_id=5215091 zil_blk_id=2447996 ccf_commit_seqno=5215091 nstreams_done_=612000 config.nstreams=1000000 avg_latency=0.5548 ms avg throuhgput (requests/sec) = 999.9203 res=false
*==== INFO ====*  stream_id=2449996 latency=0.492410 ms (tx_ts=85359763860726, rx_ts=85359764353136) request_id=5218662 zil_blk_id=2449996 ccf_commit_seqno=5218662 nstreams_done_=612500 config.nstreams=1000000 avg_latency=0.5547 ms avg throuhgput (requests/sec) = 999.8871 res=false
*==== INFO ====*  stream_id=2451996 latency=0.504554 ms (tx_ts=85360265181146, rx_ts=85360265685700) request_id=5222092 zil_blk_id=2451996 ccf_commit_seqno=5222092 nstreams_done_=613000 config.nstreams=1000000 avg_latency=0.5547 ms avg throuhgput (requests/sec) = 999.8850 res=false
*==== INFO ====*  stream_id=2453996 latency=0.547805 ms (tx_ts=85360753278369, rx_ts=85360753826174) request_id=5225467 zil_blk_id=2453996 ccf_commit_seqno=5225467 nstreams_done_=613500 config.nstreams=1000000 avg_latency=0.5547 ms avg throuhgput (requests/sec) = 999.9044 res=false
*==== INFO ====*  stream_id=2455996 latency=0.569295 ms (tx_ts=85361286869507, rx_ts=85361287438802) request_id=5228979 zil_blk_id=2455996 ccf_commit_seqno=5228979 nstreams_done_=614000 config.nstreams=1000000 avg_latency=0.5547 ms avg throuhgput (requests/sec) = 999.8498 res=false
*==== INFO ====*  stream_id=2457996 latency=0.547274 ms (tx_ts=85361792437328, rx_ts=85361792984602) request_id=5232482 zil_blk_id=2457996 ccf_commit_seqno=5232482 nstreams_done_=614500 config.nstreams=1000000 avg_latency=0.5547 ms avg throuhgput (requests/sec) = 999.8409 res=false
*==== INFO ====*  stream_id=2459996 latency=0.707654 ms (tx_ts=85362289542664, rx_ts=85362290250318) request_id=5235942 zil_blk_id=2459996 ccf_commit_seqno=5235942 nstreams_done_=615000 config.nstreams=1000000 avg_latency=0.5547 ms avg throuhgput (requests/sec) = 999.8455 res=false
*==== INFO ====*  stream_id=2461996 latency=0.536813 ms (tx_ts=85362801186602, rx_ts=85362801723415) request_id=5239429 zil_blk_id=2461996 ccf_commit_seqno=5239429 nstreams_done_=615500 config.nstreams=1000000 avg_latency=0.5546 ms avg throuhgput (requests/sec) = 999.8269 res=false
*==== INFO ====*  stream_id=2463996 latency=0.496718 ms (tx_ts=85363301936986, rx_ts=85363302433704) request_id=5242864 zil_blk_id=2463996 ccf_commit_seqno=5242864 nstreams_done_=616000 config.nstreams=1000000 avg_latency=0.5546 ms avg throuhgput (requests/sec) = 999.8259 res=false
*==== INFO ====*  stream_id=2465996 latency=0.505075 ms (tx_ts=85363855754270, rx_ts=85363856259345) request_id=5246541 zil_blk_id=2465996 ccf_commit_seqno=5246541 nstreams_done_=616500 config.nstreams=1000000 avg_latency=0.5546 ms avg throuhgput (requests/sec) = 999.7388 res=false
*==== INFO ====*  stream_id=2467996 latency=0.555078 ms (tx_ts=85364384236984, rx_ts=85364384792062) request_id=5250089 zil_blk_id=2467996 ccf_commit_seqno=5250089 nstreams_done_=617000 config.nstreams=1000000 avg_latency=0.5546 ms avg throuhgput (requests/sec) = 999.6928 res=false
*==== INFO ====*  stream_id=2469996 latency=0.548196 ms (tx_ts=85364923133424, rx_ts=85364923681620) request_id=5253660 zil_blk_id=2469996 ccf_commit_seqno=5253660 nstreams_done_=617500 config.nstreams=1000000 avg_latency=0.5546 ms avg throuhgput (requests/sec) = 999.6301 res=false
*==== INFO ====*  stream_id=2471996 latency=0.537034 ms (tx_ts=85365455294014, rx_ts=85365455831048) request_id=5257255 zil_blk_id=2471996 ccf_commit_seqno=5257255 nstreams_done_=618000 config.nstreams=1000000 avg_latency=0.5546 ms avg throuhgput (requests/sec) = 999.5784 res=false
*==== INFO ====*  stream_id=2473996 latency=0.474517 ms (tx_ts=85365969241141, rx_ts=85365969715658) request_id=5260732 zil_blk_id=2473996 ccf_commit_seqno=5260732 nstreams_done_=618500 config.nstreams=1000000 avg_latency=0.5547 ms avg throuhgput (requests/sec) = 999.5563 res=false
*==== INFO ====*  stream_id=2475996 latency=0.490958 ms (tx_ts=85366447340579, rx_ts=85366447831537) request_id=5264096 zil_blk_id=2475996 ccf_commit_seqno=5264096 nstreams_done_=619000 config.nstreams=1000000 avg_latency=0.5546 ms avg throuhgput (requests/sec) = 999.5920 res=false
*==== INFO ====*  stream_id=2477996 latency=0.520574 ms (tx_ts=85366939691608, rx_ts=85366940212182) request_id=5267522 zil_blk_id=2477996 ccf_commit_seqno=5267522 nstreams_done_=619500 config.nstreams=1000000 avg_latency=0.5546 ms avg throuhgput (requests/sec) = 999.6046 res=false
*==== INFO ====*  stream_id=2479996 latency=0.594973 ms (tx_ts=85367425908842, rx_ts=85367426503815) request_id=5270851 zil_blk_id=2479996 ccf_commit_seqno=5270851 nstreams_done_=620000 config.nstreams=1000000 avg_latency=0.5546 ms avg throuhgput (requests/sec) = 999.6271 res=false
*==== INFO ====*  stream_id=2481996 latency=0.619399 ms (tx_ts=85367949596720, rx_ts=85367950216119) request_id=5274239 zil_blk_id=2481996 ccf_commit_seqno=5274239 nstreams_done_=620500 config.nstreams=1000000 avg_latency=0.5547 ms avg throuhgput (requests/sec) = 999.5892 res=false
*==== INFO ====*  stream_id=2483996 latency=0.646830 ms (tx_ts=85368444182306, rx_ts=85368444829136) request_id=5277636 zil_blk_id=2483996 ccf_commit_seqno=5277637 nstreams_done_=621000 config.nstreams=1000000 avg_latency=0.5546 ms avg throuhgput (requests/sec) = 999.5982 res=false
*==== INFO ====*  stream_id=2485996 latency=0.631331 ms (tx_ts=85368966464789, rx_ts=85368967096120) request_id=5281186 zil_blk_id=2485996 ccf_commit_seqno=5281186 nstreams_done_=621500 config.nstreams=1000000 avg_latency=0.5547 ms avg throuhgput (requests/sec) = 999.5627 res=false
*==== INFO ====*  stream_id=2487996 latency=0.509523 ms (tx_ts=85369463574398, rx_ts=85369464083921) request_id=5284576 zil_blk_id=2487996 ccf_commit_seqno=5284576 nstreams_done_=622000 config.nstreams=1000000 avg_latency=0.5547 ms avg throuhgput (requests/sec) = 999.5679 res=false
*==== INFO ====*  stream_id=2489996 latency=0.580946 ms (tx_ts=85369974457872, rx_ts=85369975038818) request_id=5288090 zil_blk_id=2489996 ccf_commit_seqno=5288090 nstreams_done_=622500 config.nstreams=1000000 avg_latency=0.5546 ms avg throuhgput (requests/sec) = 999.5506 res=false
*==== INFO ====*  stream_id=2491996 latency=0.568774 ms (tx_ts=85370493839870, rx_ts=85370494408644) request_id=5291711 zil_blk_id=2491996 ccf_commit_seqno=5291711 nstreams_done_=623000 config.nstreams=1000000 avg_latency=0.5546 ms avg throuhgput (requests/sec) = 999.5199 res=false
*==== INFO ====*  stream_id=2493996 latency=0.529220 ms (tx_ts=85371009664148, rx_ts=85371010193368) request_id=5295281 zil_blk_id=2493996 ccf_commit_seqno=5295281 nstreams_done_=623500 config.nstreams=1000000 avg_latency=0.5546 ms avg throuhgput (requests/sec) = 999.4950 res=false
*==== INFO ====*  stream_id=2495996 latency=0.514943 ms (tx_ts=85371534080044, rx_ts=85371534594987) request_id=5298841 zil_blk_id=2495996 ccf_commit_seqno=5298841 nstreams_done_=624000 config.nstreams=1000000 avg_latency=0.5546 ms avg throuhgput (requests/sec) = 999.4564 res=false
*==== INFO ====*  stream_id=2497996 latency=0.481320 ms (tx_ts=85372076575128, rx_ts=85372077056448) request_id=5302454 zil_blk_id=2497996 ccf_commit_seqno=5302454 nstreams_done_=624500 config.nstreams=1000000 avg_latency=0.5546 ms avg throuhgput (requests/sec) = 999.3889 res=false
*==== INFO ====*  stream_id=2499996 latency=0.566159 ms (tx_ts=85372596647999, rx_ts=85372597214158) request_id=5306106 zil_blk_id=2499996 ccf_commit_seqno=5306106 nstreams_done_=625000 config.nstreams=1000000 avg_latency=0.5546 ms avg throuhgput (requests/sec) = 999.3572 res=false
*==== INFO ====*  stream_id=2501996 latency=0.519060 ms (tx_ts=85373135590142, rx_ts=85373136109202) request_id=5309655 zil_blk_id=2501996 ccf_commit_seqno=5309655 nstreams_done_=625500 config.nstreams=1000000 avg_latency=0.5546 ms avg throuhgput (requests/sec) = 999.2956 res=false
*==== INFO ====*  stream_id=2503996 latency=0.542614 ms (tx_ts=85373645630372, rx_ts=85373646172986) request_id=5313174 zil_blk_id=2503996 ccf_commit_seqno=5313174 nstreams_done_=626000 config.nstreams=1000000 avg_latency=0.5546 ms avg throuhgput (requests/sec) = 999.2801 res=false
*==== INFO ====*  stream_id=2505996 latency=0.555178 ms (tx_ts=85374143971986, rx_ts=85374144527164) request_id=5316594 zil_blk_id=2505996 ccf_commit_seqno=5316594 nstreams_done_=626500 config.nstreams=1000000 avg_latency=0.5546 ms avg throuhgput (requests/sec) = 999.2833 res=false
*==== INFO ====*  stream_id=2507996 latency=0.581517 ms (tx_ts=85374649953546, rx_ts=85374650535063) request_id=5320053 zil_blk_id=2507996 ccf_commit_seqno=5320053 nstreams_done_=627000 config.nstreams=1000000 avg_latency=0.5546 ms avg throuhgput (requests/sec) = 999.2743 res=false
*==== INFO ====*  stream_id=2509996 latency=0.462044 ms (tx_ts=85375136573396, rx_ts=85375137035440) request_id=5323498 zil_blk_id=2509996 ccf_commit_seqno=5323498 nstreams_done_=627500 config.nstreams=1000000 avg_latency=0.5546 ms avg throuhgput (requests/sec) = 999.2964 res=false
*==== INFO ====*  stream_id=2511996 latency=0.516786 ms (tx_ts=85375627539211, rx_ts=85375628055997) request_id=5326895 zil_blk_id=2511996 ccf_commit_seqno=5326895 nstreams_done_=628000 config.nstreams=1000000 avg_latency=0.5546 ms avg throuhgput (requests/sec) = 999.3112 res=false
*==== INFO ====*  stream_id=2513996 latency=0.537856 ms (tx_ts=85376104027709, rx_ts=85376104565565) request_id=5330194 zil_blk_id=2513996 ccf_commit_seqno=5330194 nstreams_done_=628500 config.nstreams=1000000 avg_latency=0.5546 ms avg throuhgput (requests/sec) = 999.3491 res=false
*==== INFO ====*  stream_id=2515996 latency=0.591506 ms (tx_ts=85376570947764, rx_ts=85376571539270) request_id=5333544 zil_blk_id=2515996 ccf_commit_seqno=5333544 nstreams_done_=629000 config.nstreams=1000000 avg_latency=0.5546 ms avg throuhgput (requests/sec) = 999.4020 res=false
*==== INFO ====*  stream_id=2517996 latency=0.519672 ms (tx_ts=85377070871626, rx_ts=85377071391298) request_id=5336978 zil_blk_id=2517996 ccf_commit_seqno=5336978 nstreams_done_=629500 config.nstreams=1000000 avg_latency=0.5546 ms avg throuhgput (requests/sec) = 999.4027 res=false
*==== INFO ====*  stream_id=2519996 latency=0.535091 ms (tx_ts=85377545941271, rx_ts=85377546476362) request_id=5340327 zil_blk_id=2519996 ccf_commit_seqno=5340327 nstreams_done_=630000 config.nstreams=1000000 avg_latency=0.5546 ms avg throuhgput (requests/sec) = 999.4427 res=false
*==== INFO ====*  stream_id=2521996 latency=0.501197 ms (tx_ts=85378031102327, rx_ts=85378031603524) request_id=5343721 zil_blk_id=2521996 ccf_commit_seqno=5343722 nstreams_done_=630500 config.nstreams=1000000 avg_latency=0.5546 ms avg throuhgput (requests/sec) = 999.4667 res=false
*==== INFO ====*  stream_id=2523996 latency=0.599852 ms (tx_ts=85378486935469, rx_ts=85378487535321) request_id=5346881 zil_blk_id=2523996 ccf_commit_seqno=5346881 nstreams_done_=631000 config.nstreams=1000000 avg_latency=0.5546 ms avg throuhgput (requests/sec) = 999.5369 res=false
*==== INFO ====*  stream_id=2525996 latency=0.498041 ms (tx_ts=85378978563425, rx_ts=85378979061466) request_id=5350227 zil_blk_id=2525996 ccf_commit_seqno=5350227 nstreams_done_=631500 config.nstreams=1000000 avg_latency=0.5546 ms avg throuhgput (requests/sec) = 999.5507 res=false
*==== INFO ====*  stream_id=2527996 latency=0.511667 ms (tx_ts=85379470909627, rx_ts=85379471421294) request_id=5353672 zil_blk_id=2527996 ccf_commit_seqno=5353672 nstreams_done_=632000 config.nstreams=1000000 avg_latency=0.5545 ms avg throuhgput (requests/sec) = 999.5631 res=false
*==== INFO ====*  stream_id=2529996 latency=0.457005 ms (tx_ts=85379954361794, rx_ts=85379954818799) request_id=5356970 zil_blk_id=2529996 ccf_commit_seqno=5356970 nstreams_done_=632500 config.nstreams=1000000 avg_latency=0.5545 ms avg throuhgput (requests/sec) = 999.5897 res=false
*==== INFO ====*  stream_id=2531996 latency=0.511015 ms (tx_ts=85380460593557, rx_ts=85380461104572) request_id=5360459 zil_blk_id=2531996 ccf_commit_seqno=5360459 nstreams_done_=633000 config.nstreams=1000000 avg_latency=0.5545 ms avg throuhgput (requests/sec) = 999.5801 res=false
*==== INFO ====*  stream_id=2533996 latency=0.583863 ms (tx_ts=85380935496603, rx_ts=85380936080466) request_id=5363820 zil_blk_id=2533996 ccf_commit_seqno=5363820 nstreams_done_=633500 config.nstreams=1000000 avg_latency=0.5545 ms avg throuhgput (requests/sec) = 999.6199 res=false
*==== INFO ====*  stream_id=2535996 latency=0.518771 ms (tx_ts=85381432720757, rx_ts=85381433239528) request_id=5367333 zil_blk_id=2535996 ccf_commit_seqno=5367333 nstreams_done_=634000 config.nstreams=1000000 avg_latency=0.5545 ms avg throuhgput (requests/sec) = 999.6247 res=false
*==== INFO ====*  stream_id=2537996 latency=0.503482 ms (tx_ts=85381925312617, rx_ts=85381925816099) request_id=5370826 zil_blk_id=2537996 ccf_commit_seqno=5370826 nstreams_done_=634500 config.nstreams=1000000 avg_latency=0.5544 ms avg throuhgput (requests/sec) = 999.6367 res=false
*==== INFO ====*  stream_id=2539996 latency=0.596305 ms (tx_ts=85382442398910, rx_ts=85382442995215) request_id=5374414 zil_blk_id=2539996 ccf_commit_seqno=5374415 nstreams_done_=635000 config.nstreams=1000000 avg_latency=0.5544 ms avg throuhgput (requests/sec) = 999.6099 res=false
*==== INFO ====*  stream_id=2541996 latency=0.556631 ms (tx_ts=85382945984241, rx_ts=85382946540872) request_id=5377902 zil_blk_id=2541996 ccf_commit_seqno=5377902 nstreams_done_=635500 config.nstreams=1000000 avg_latency=0.5544 ms avg throuhgput (requests/sec) = 999.6046 res=false
*==== INFO ====*  stream_id=2543996 latency=0.556902 ms (tx_ts=85383459183333, rx_ts=85383459740235) request_id=5381474 zil_blk_id=2543996 ccf_commit_seqno=5381475 nstreams_done_=636000 config.nstreams=1000000 avg_latency=0.5544 ms avg throuhgput (requests/sec) = 999.5842 res=false
*==== INFO ====*  stream_id=2545996 latency=0.494976 ms (tx_ts=85383934137794, rx_ts=85383934632770) request_id=5384903 zil_blk_id=2545996 ccf_commit_seqno=5384903 nstreams_done_=636500 config.nstreams=1000000 avg_latency=0.5544 ms avg throuhgput (requests/sec) = 999.6240 res=false
*==== INFO ====*  stream_id=2547996 latency=1.396883 ms (tx_ts=85384435825626, rx_ts=85384437222509) request_id=5388370 zil_blk_id=2547996 ccf_commit_seqno=5388370 nstreams_done_=637000 config.nstreams=1000000 avg_latency=0.5543 ms avg throuhgput (requests/sec) = 999.6202 res=false
*==== INFO ====*  stream_id=2549996 latency=0.546923 ms (tx_ts=85384941601484, rx_ts=85384942148407) request_id=5391879 zil_blk_id=2549996 ccf_commit_seqno=5391879 nstreams_done_=637500 config.nstreams=1000000 avg_latency=0.5543 ms avg throuhgput (requests/sec) = 999.6128 res=false
*==== INFO ====*  stream_id=2551996 latency=0.510895 ms (tx_ts=85385453877681, rx_ts=85385454388576) request_id=5395338 zil_blk_id=2551996 ccf_commit_seqno=5395338 nstreams_done_=638000 config.nstreams=1000000 avg_latency=0.5543 ms avg throuhgput (requests/sec) = 999.5939 res=false
*==== INFO ====*  stream_id=2553996 latency=0.619528 ms (tx_ts=85385968969253, rx_ts=85385969588781) request_id=5398848 zil_blk_id=2553996 ccf_commit_seqno=5398848 nstreams_done_=638500 config.nstreams=1000000 avg_latency=0.5543 ms avg throuhgput (requests/sec) = 999.5704 res=false
*==== INFO ====*  stream_id=2555996 latency=0.534149 ms (tx_ts=85386473207184, rx_ts=85386473741333) request_id=5402278 zil_blk_id=2555996 ccf_commit_seqno=5402278 nstreams_done_=639000 config.nstreams=1000000 avg_latency=0.5543 ms avg throuhgput (requests/sec) = 999.5643 res=false
*==== INFO ====*  stream_id=2557996 latency=0.493353 ms (tx_ts=85386953346252, rx_ts=85386953839605) request_id=5405598 zil_blk_id=2557996 ccf_commit_seqno=5405598 nstreams_done_=639500 config.nstreams=1000000 avg_latency=0.5542 ms avg throuhgput (requests/sec) = 999.5957 res=false
*==== INFO ====*  stream_id=2559996 latency=0.516596 ms (tx_ts=85387465910968, rx_ts=85387466427564) request_id=5409091 zil_blk_id=2559996 ccf_commit_seqno=5409091 nstreams_done_=640000 config.nstreams=1000000 avg_latency=0.5542 ms avg throuhgput (requests/sec) = 999.5764 res=false
*==== INFO ====*  stream_id=2561996 latency=0.475940 ms (tx_ts=85387972499767, rx_ts=85387972975707) request_id=5412575 zil_blk_id=2561996 ccf_commit_seqno=5412575 nstreams_done_=640500 config.nstreams=1000000 avg_latency=0.5542 ms avg throuhgput (requests/sec) = 999.5665 res=false
*==== INFO ====*  stream_id=2563996 latency=0.511426 ms (tx_ts=85388512334969, rx_ts=85388512846395) request_id=5416241 zil_blk_id=2563996 ccf_commit_seqno=5416241 nstreams_done_=641000 config.nstreams=1000000 avg_latency=0.5542 ms avg throuhgput (requests/sec) = 999.5047 res=false
*==== INFO ====*  stream_id=2565996 latency=0.471562 ms (tx_ts=85389026276780, rx_ts=85389026748342) request_id=5419857 zil_blk_id=2565996 ccf_commit_seqno=5419857 nstreams_done_=641500 config.nstreams=1000000 avg_latency=0.5542 ms avg throuhgput (requests/sec) = 999.4834 res=false
*==== INFO ====*  stream_id=2567996 latency=0.559035 ms (tx_ts=85389514600112, rx_ts=85389515159147) request_id=5423337 zil_blk_id=2567996 ccf_commit_seqno=5423337 nstreams_done_=642000 config.nstreams=1000000 avg_latency=0.5541 ms avg throuhgput (requests/sec) = 999.5019 res=false
*==== INFO ====*  stream_id=2569996 latency=0.543927 ms (tx_ts=85389994259283, rx_ts=85389994803210) request_id=5426733 zil_blk_id=2569996 ccf_commit_seqno=5426733 nstreams_done_=642500 config.nstreams=1000000 avg_latency=0.5541 ms avg throuhgput (requests/sec) = 999.5339 res=false
*==== INFO ====*  stream_id=2571996 latency=0.507690 ms (tx_ts=85390463650940, rx_ts=85390464158630) request_id=5429983 zil_blk_id=2571996 ccf_commit_seqno=5429983 nstreams_done_=643000 config.nstreams=1000000 avg_latency=0.5541 ms avg throuhgput (requests/sec) = 999.5819 res=false
*==== INFO ====*  stream_id=2573996 latency=0.578121 ms (tx_ts=85390972071221, rx_ts=85390972649342) request_id=5433479 zil_blk_id=2573996 ccf_commit_seqno=5433479 nstreams_done_=643500 config.nstreams=1000000 avg_latency=0.5541 ms avg throuhgput (requests/sec) = 999.5690 res=false
*==== INFO ====*  stream_id=2575996 latency=0.547103 ms (tx_ts=85391477438936, rx_ts=85391477986039) request_id=5436972 zil_blk_id=2575996 ccf_commit_seqno=5436972 nstreams_done_=644000 config.nstreams=1000000 avg_latency=0.5541 ms avg throuhgput (requests/sec) = 999.5611 res=false
*==== INFO ====*  stream_id=2577996 latency=0.501879 ms (tx_ts=85391983138692, rx_ts=85391983640571) request_id=5440422 zil_blk_id=2577996 ccf_commit_seqno=5440422 nstreams_done_=644500 config.nstreams=1000000 avg_latency=0.5541 ms avg throuhgput (requests/sec) = 999.5526 res=false
*==== INFO ====*  stream_id=2579996 latency=0.520494 ms (tx_ts=85392484193100, rx_ts=85392484713594) request_id=5443937 zil_blk_id=2579996 ccf_commit_seqno=5443937 nstreams_done_=645000 config.nstreams=1000000 avg_latency=0.5540 ms avg throuhgput (requests/sec) = 999.5513 res=false
*==== INFO ====*  stream_id=2581996 latency=0.495196 ms (tx_ts=85392977125006, rx_ts=85392977620202) request_id=5447347 zil_blk_id=2581996 ccf_commit_seqno=5447347 nstreams_done_=645500 config.nstreams=1000000 avg_latency=0.5540 ms avg throuhgput (requests/sec) = 999.5627 res=false
*==== INFO ====*  stream_id=2583996 latency=0.491178 ms (tx_ts=85393491464532, rx_ts=85393491955710) request_id=5450731 zil_blk_id=2583996 ccf_commit_seqno=5450731 nstreams_done_=646000 config.nstreams=1000000 avg_latency=0.5540 ms avg throuhgput (requests/sec) = 999.5408 res=false
*==== INFO ====*  stream_id=2585996 latency=0.516597 ms (tx_ts=85394013258409, rx_ts=85394013775006) request_id=5454257 zil_blk_id=2585996 ccf_commit_seqno=5454257 nstreams_done_=646500 config.nstreams=1000000 avg_latency=0.5540 ms avg throuhgput (requests/sec) = 999.5075 res=false
*==== INFO ====*  stream_id=2587996 latency=0.566599 ms (tx_ts=85394494215769, rx_ts=85394494782368) request_id=5457614 zil_blk_id=2587996 ccf_commit_seqno=5457614 nstreams_done_=647000 config.nstreams=1000000 avg_latency=0.5540 ms avg throuhgput (requests/sec) = 999.5372 res=false
*==== INFO ====*  stream_id=2589996 latency=0.472153 ms (tx_ts=85394993454661, rx_ts=85394993926814) request_id=5460976 zil_blk_id=2589996 ccf_commit_seqno=5460976 nstreams_done_=647500 config.nstreams=1000000 avg_latency=0.5540 ms avg throuhgput (requests/sec) = 999.5388 res=false
*==== INFO ====*  stream_id=2591996 latency=0.481811 ms (tx_ts=85395497065961, rx_ts=85395497547772) request_id=5464408 zil_blk_id=2591996 ccf_commit_seqno=5464408 nstreams_done_=648000 config.nstreams=1000000 avg_latency=0.5539 ms avg throuhgput (requests/sec) = 999.5336 res=false
*==== INFO ====*  stream_id=2593996 latency=0.477243 ms (tx_ts=85396000684114, rx_ts=85396001161357) request_id=5467884 zil_blk_id=2593996 ccf_commit_seqno=5467884 nstreams_done_=648500 config.nstreams=1000000 avg_latency=0.5539 ms avg throuhgput (requests/sec) = 999.5284 res=false
*==== INFO ====*  stream_id=2595996 latency=0.504975 ms (tx_ts=85396520101947, rx_ts=85396520606922) request_id=5471327 zil_blk_id=2595996 ccf_commit_seqno=5471327 nstreams_done_=649000 config.nstreams=1000000 avg_latency=0.5539 ms avg throuhgput (requests/sec) = 999.4988 res=false
*==== INFO ====*  stream_id=2597996 latency=0.501338 ms (tx_ts=85397023323933, rx_ts=85397023825271) request_id=5474673 zil_blk_id=2597996 ccf_commit_seqno=5474673 nstreams_done_=649500 config.nstreams=1000000 avg_latency=0.5540 ms avg throuhgput (requests/sec) = 999.4943 res=false
*==== INFO ====*  stream_id=2599996 latency=0.528378 ms (tx_ts=85397509952974, rx_ts=85397510481352) request_id=5478085 zil_blk_id=2599996 ccf_commit_seqno=5478085 nstreams_done_=650000 config.nstreams=1000000 avg_latency=0.5539 ms avg throuhgput (requests/sec) = 999.5152 res=false
*==== INFO ====*  stream_id=2601996 latency=0.492912 ms (tx_ts=85397993148220, rx_ts=85397993641132) request_id=5481417 zil_blk_id=2601996 ccf_commit_seqno=5481417 nstreams_done_=650500 config.nstreams=1000000 avg_latency=0.5539 ms avg throuhgput (requests/sec) = 999.5414 res=false
*==== INFO ====*  stream_id=2603996 latency=0.462195 ms (tx_ts=85398494417390, rx_ts=85398494879585) request_id=5484772 zil_blk_id=2603996 ccf_commit_seqno=5484772 nstreams_done_=651000 config.nstreams=1000000 avg_latency=0.5539 ms avg throuhgput (requests/sec) = 999.5399 res=false
*==== INFO ====*  stream_id=2605996 latency=0.476111 ms (tx_ts=85398969143967, rx_ts=85398969620078) request_id=5488005 zil_blk_id=2605996 ccf_commit_seqno=5488005 nstreams_done_=651500 config.nstreams=1000000 avg_latency=0.5539 ms avg throuhgput (requests/sec) = 999.5789 res=false
*==== INFO ====*  stream_id=2607996 latency=0.502260 ms (tx_ts=85399455655686, rx_ts=85399456157946) request_id=5491362 zil_blk_id=2607996 ccf_commit_seqno=5491362 nstreams_done_=652000 config.nstreams=1000000 avg_latency=0.5539 ms avg throuhgput (requests/sec) = 999.5999 res=false
*==== INFO ====*  stream_id=2609996 latency=0.503702 ms (tx_ts=85399942208282, rx_ts=85399942711984) request_id=5494636 zil_blk_id=2609996 ccf_commit_seqno=5494636 nstreams_done_=652500 config.nstreams=1000000 avg_latency=0.5539 ms avg throuhgput (requests/sec) = 999.6208 res=false
*==== INFO ====*  stream_id=2611996 latency=0.494886 ms (tx_ts=85400428367632, rx_ts=85400428862518) request_id=5498028 zil_blk_id=2611996 ccf_commit_seqno=5498028 nstreams_done_=653000 config.nstreams=1000000 avg_latency=0.5539 ms avg throuhgput (requests/sec) = 999.6423 res=false
*==== INFO ====*  stream_id=2613996 latency=0.569475 ms (tx_ts=85400901480892, rx_ts=85400902050367) request_id=5501319 zil_blk_id=2613996 ccf_commit_seqno=5501319 nstreams_done_=653500 config.nstreams=1000000 avg_latency=0.5539 ms avg throuhgput (requests/sec) = 999.6836 res=false
*==== INFO ====*  stream_id=2615996 latency=0.524040 ms (tx_ts=85401381292519, rx_ts=85401381816559) request_id=5504672 zil_blk_id=2615996 ccf_commit_seqno=5504672 nstreams_done_=654000 config.nstreams=1000000 avg_latency=0.5539 ms avg throuhgput (requests/sec) = 999.7147 res=false
*==== INFO ====*  stream_id=2617996 latency=0.519412 ms (tx_ts=85401866361660, rx_ts=85401866881072) request_id=5508073 zil_blk_id=2617996 ccf_commit_seqno=5508073 nstreams_done_=654500 config.nstreams=1000000 avg_latency=0.5539 ms avg throuhgput (requests/sec) = 999.7377 res=false
*==== INFO ====*  stream_id=2619996 latency=0.505886 ms (tx_ts=85402350328009, rx_ts=85402350833895) request_id=5511508 zil_blk_id=2619996 ccf_commit_seqno=5511508 nstreams_done_=655000 config.nstreams=1000000 avg_latency=0.5539 ms avg throuhgput (requests/sec) = 999.7624 res=false
*==== INFO ====*  stream_id=2621996 latency=0.512478 ms (tx_ts=85402843481430, rx_ts=85402843993908) request_id=5514976 zil_blk_id=2621996 ccf_commit_seqno=5514976 nstreams_done_=655500 config.nstreams=1000000 avg_latency=0.5539 ms avg throuhgput (requests/sec) = 999.7730 res=false
*==== INFO ====*  stream_id=2623996 latency=0.518359 ms (tx_ts=85403335371458, rx_ts=85403335889817) request_id=5518383 zil_blk_id=2623996 ccf_commit_seqno=5518383 nstreams_done_=656000 config.nstreams=1000000 avg_latency=0.5539 ms avg throuhgput (requests/sec) = 999.7856 res=false
*==== INFO ====*  stream_id=2625996 latency=0.581558 ms (tx_ts=85403843827540, rx_ts=85403844409098) request_id=5521902 zil_blk_id=2625996 ccf_commit_seqno=5521902 nstreams_done_=656500 config.nstreams=1000000 avg_latency=0.5539 ms avg throuhgput (requests/sec) = 999.7728 res=false
*==== INFO ====*  stream_id=2627996 latency=0.576077 ms (tx_ts=85404402853636, rx_ts=85404403429713) request_id=5525551 zil_blk_id=2627996 ccf_commit_seqno=5525551 nstreams_done_=657000 config.nstreams=1000000 avg_latency=0.5539 ms avg throuhgput (requests/sec) = 999.6831 res=false
*==== INFO ====*  stream_id=2629996 latency=0.810817 ms (tx_ts=85404924597671, rx_ts=85404925408488) request_id=5529092 zil_blk_id=2629996 ccf_commit_seqno=5529092 nstreams_done_=657500 config.nstreams=1000000 avg_latency=0.5539 ms avg throuhgput (requests/sec) = 999.6500 res=false
*==== INFO ====*  stream_id=2631996 latency=0.497169 ms (tx_ts=85405424721431, rx_ts=85405425218600) request_id=5532628 zil_blk_id=2631996 ccf_commit_seqno=5532628 nstreams_done_=658000 config.nstreams=1000000 avg_latency=0.5539 ms avg throuhgput (requests/sec) = 999.6505 res=false
*==== INFO ====*  stream_id=2633996 latency=0.466121 ms (tx_ts=85405942919676, rx_ts=85405943385797) request_id=5536167 zil_blk_id=2633996 ccf_commit_seqno=5536167 nstreams_done_=658500 config.nstreams=1000000 avg_latency=0.5539 ms avg throuhgput (requests/sec) = 999.6232 res=false
*==== INFO ====*  stream_id=2635996 latency=0.471001 ms (tx_ts=85406427852278, rx_ts=85406428323279) request_id=5539549 zil_blk_id=2635996 ccf_commit_seqno=5539549 nstreams_done_=659000 config.nstreams=1000000 avg_latency=0.5539 ms avg throuhgput (requests/sec) = 999.6464 res=false
*==== INFO ====*  stream_id=2637996 latency=0.538838 ms (tx_ts=85406902381895, rx_ts=85406902920733) request_id=5542814 zil_blk_id=2637996 ccf_commit_seqno=5542814 nstreams_done_=659500 config.nstreams=1000000 avg_latency=0.5538 ms avg throuhgput (requests/sec) = 999.6851 res=false
*==== INFO ====*  stream_id=2639996 latency=0.524951 ms (tx_ts=85407386788975, rx_ts=85407387313926) request_id=5546158 zil_blk_id=2639996 ccf_commit_seqno=5546158 nstreams_done_=660000 config.nstreams=1000000 avg_latency=0.5538 ms avg throuhgput (requests/sec) = 999.7090 res=false
*==== INFO ====*  stream_id=2641996 latency=0.539018 ms (tx_ts=85407885743741, rx_ts=85407886282759) request_id=5549588 zil_blk_id=2641996 ccf_commit_seqno=5549588 nstreams_done_=660500 config.nstreams=1000000 avg_latency=0.5538 ms avg throuhgput (requests/sec) = 999.7108 res=false
*==== INFO ====*  stream_id=2643996 latency=0.483464 ms (tx_ts=85408392237095, rx_ts=85408392720559) request_id=5552924 zil_blk_id=2643996 ccf_commit_seqno=5552924 nstreams_done_=661000 config.nstreams=1000000 avg_latency=0.5538 ms avg throuhgput (requests/sec) = 999.7013 res=false
*==== INFO ====*  stream_id=2645996 latency=0.565729 ms (tx_ts=85408896864179, rx_ts=85408897429908) request_id=5556316 zil_blk_id=2645996 ccf_commit_seqno=5556316 nstreams_done_=661500 config.nstreams=1000000 avg_latency=0.5538 ms avg throuhgput (requests/sec) = 999.6944 res=false
*==== INFO ====*  stream_id=2647996 latency=0.530402 ms (tx_ts=85409396862908, rx_ts=85409397393310) request_id=5559746 zil_blk_id=2647996 ccf_commit_seqno=5559746 nstreams_done_=662000 config.nstreams=1000000 avg_latency=0.5538 ms avg throuhgput (requests/sec) = 999.6946 res=false
*==== INFO ====*  stream_id=2649996 latency=0.551110 ms (tx_ts=85409894136331, rx_ts=85409894687441) request_id=5563226 zil_blk_id=2649996 ccf_commit_seqno=5563226 nstreams_done_=662500 config.nstreams=1000000 avg_latency=0.5537 ms avg throuhgput (requests/sec) = 999.6990 res=false
*==== INFO ====*  stream_id=2651996 latency=0.491940 ms (tx_ts=85410407978800, rx_ts=85410408470740) request_id=5566794 zil_blk_id=2651996 ccf_commit_seqno=5566794 nstreams_done_=663000 config.nstreams=1000000 avg_latency=0.5537 ms avg throuhgput (requests/sec) = 999.6784 res=false
*==== INFO ====*  stream_id=2653996 latency=0.565011 ms (tx_ts=85410885295700, rx_ts=85410885860711) request_id=5570090 zil_blk_id=2653996 ccf_commit_seqno=5570090 nstreams_done_=663500 config.nstreams=1000000 avg_latency=0.5537 ms avg throuhgput (requests/sec) = 999.7127 res=false
*==== INFO ====*  stream_id=2655996 latency=0.601646 ms (tx_ts=85411357332435, rx_ts=85411357934081) request_id=5573399 zil_blk_id=2655996 ccf_commit_seqno=5573399 nstreams_done_=664000 config.nstreams=1000000 avg_latency=0.5537 ms avg throuhgput (requests/sec) = 999.7550 res=false
*==== INFO ====*  stream_id=2657996 latency=0.504884 ms (tx_ts=85411837341019, rx_ts=85411837845903) request_id=5576746 zil_blk_id=2657996 ccf_commit_seqno=5576746 nstreams_done_=664500 config.nstreams=1000000 avg_latency=0.5537 ms avg throuhgput (requests/sec) = 999.7854 res=false
*==== INFO ====*  stream_id=2659996 latency=0.623696 ms (tx_ts=85412317528583, rx_ts=85412318152279) request_id=5579944 zil_blk_id=2659996 ccf_commit_seqno=5579944 nstreams_done_=665000 config.nstreams=1000000 avg_latency=0.5537 ms avg throuhgput (requests/sec) = 999.8151 res=false
*==== INFO ====*  stream_id=2661996 latency=0.572551 ms (tx_ts=85412795689537, rx_ts=85412796262088) request_id=5583245 zil_blk_id=2661996 ccf_commit_seqno=5583245 nstreams_done_=665500 config.nstreams=1000000 avg_latency=0.5537 ms avg throuhgput (requests/sec) = 999.8481 res=false
*==== INFO ====*  stream_id=2663996 latency=0.523058 ms (tx_ts=85413286182138, rx_ts=85413286705196) request_id=5586586 zil_blk_id=2663996 ccf_commit_seqno=5586587 nstreams_done_=666000 config.nstreams=1000000 avg_latency=0.5537 ms avg throuhgput (requests/sec) = 999.8626 res=false
*==== INFO ====*  stream_id=2665996 latency=0.504343 ms (tx_ts=85413801162951, rx_ts=85413801667294) request_id=5590060 zil_blk_id=2665996 ccf_commit_seqno=5590060 nstreams_done_=666500 config.nstreams=1000000 avg_latency=0.5537 ms avg throuhgput (requests/sec) = 999.8403 res=false
*==== INFO ====*  stream_id=2667996 latency=0.479407 ms (tx_ts=85414323386447, rx_ts=85414323865854) request_id=5593564 zil_blk_id=2667996 ccf_commit_seqno=5593564 nstreams_done_=667000 config.nstreams=1000000 avg_latency=0.5537 ms avg throuhgput (requests/sec) = 999.8071 res=false
*==== INFO ====*  stream_id=2669996 latency=0.544728 ms (tx_ts=85414823191973, rx_ts=85414823736701) request_id=5597051 zil_blk_id=2669996 ccf_commit_seqno=5597052 nstreams_done_=667500 config.nstreams=1000000 avg_latency=0.5536 ms avg throuhgput (requests/sec) = 999.8075 res=false
*==== INFO ====*  stream_id=2671996 latency=0.498132 ms (tx_ts=85415305871101, rx_ts=85415306369233) request_id=5600419 zil_blk_id=2671996 ccf_commit_seqno=5600419 nstreams_done_=668000 config.nstreams=1000000 avg_latency=0.5536 ms avg throuhgput (requests/sec) = 999.8336 res=false
*==== INFO ====*  stream_id=2673996 latency=0.524160 ms (tx_ts=85415794552163, rx_ts=85415795076323) request_id=5603737 zil_blk_id=2673996 ccf_commit_seqno=5603737 nstreams_done_=668500 config.nstreams=1000000 avg_latency=0.5537 ms avg throuhgput (requests/sec) = 999.8506 res=false
*==== INFO ====*  stream_id=2675996 latency=0.458868 ms (tx_ts=85416264055404, rx_ts=85416264514272) request_id=5607033 zil_blk_id=2675996 ccf_commit_seqno=5607033 nstreams_done_=669000 config.nstreams=1000000 avg_latency=0.5536 ms avg throuhgput (requests/sec) = 999.8964 res=false
*==== INFO ====*  stream_id=2677996 latency=0.452487 ms (tx_ts=85416756040813, rx_ts=85416756493300) request_id=5610517 zil_blk_id=2677996 ccf_commit_seqno=5610517 nstreams_done_=669500 config.nstreams=1000000 avg_latency=0.5536 ms avg throuhgput (requests/sec) = 999.9084 res=false
*==== INFO ====*  stream_id=2679996 latency=0.555819 ms (tx_ts=85417237515269, rx_ts=85417238071088) request_id=5613926 zil_blk_id=2679996 ccf_commit_seqno=5613926 nstreams_done_=670000 config.nstreams=1000000 avg_latency=0.5536 ms avg throuhgput (requests/sec) = 999.9360 res=false
*==== INFO ====*  stream_id=2681996 latency=0.506908 ms (tx_ts=85417722723958, rx_ts=85417723230866) request_id=5617333 zil_blk_id=2681996 ccf_commit_seqno=5617333 nstreams_done_=670500 config.nstreams=1000000 avg_latency=0.5535 ms avg throuhgput (requests/sec) = 999.9582 res=false
*==== INFO ====*  stream_id=2683996 latency=0.519362 ms (tx_ts=85418244889125, rx_ts=85418245408487) request_id=5620958 zil_blk_id=2683996 ccf_commit_seqno=5620958 nstreams_done_=671000 config.nstreams=1000000 avg_latency=0.5535 ms avg throuhgput (requests/sec) = 999.9252 res=false
*==== INFO ====*  stream_id=2685996 latency=0.588792 ms (tx_ts=85418774344983, rx_ts=85418774933775) request_id=5624642 zil_blk_id=2685996 ccf_commit_seqno=5624642 nstreams_done_=671500 config.nstreams=1000000 avg_latency=0.5535 ms avg throuhgput (requests/sec) = 999.8813 res=false
*==== INFO ====*  stream_id=2687996 latency=0.431516 ms (tx_ts=85419280146004, rx_ts=85419280577520) request_id=5628166 zil_blk_id=2687996 ccf_commit_seqno=5628166 nstreams_done_=672000 config.nstreams=1000000 avg_latency=0.5535 ms avg throuhgput (requests/sec) = 999.8729 res=false
*==== INFO ====*  stream_id=2689996 latency=0.516455 ms (tx_ts=85419777372025, rx_ts=85419777888480) request_id=5631639 zil_blk_id=2689996 ccf_commit_seqno=5631639 nstreams_done_=672500 config.nstreams=1000000 avg_latency=0.5534 ms avg throuhgput (requests/sec) = 999.8770 res=false
*==== INFO ====*  stream_id=2691996 latency=0.522938 ms (tx_ts=85420292718253, rx_ts=85420293241191) request_id=5635229 zil_blk_id=2691996 ccf_commit_seqno=5635229 nstreams_done_=673000 config.nstreams=1000000 avg_latency=0.5534 ms avg throuhgput (requests/sec) = 999.8543 res=false
*==== INFO ====*  stream_id=2693996 latency=0.642311 ms (tx_ts=85420777026141, rx_ts=85420777668452) request_id=5638652 zil_blk_id=2693996 ccf_commit_seqno=5638652 nstreams_done_=673500 config.nstreams=1000000 avg_latency=0.5534 ms avg throuhgput (requests/sec) = 999.8776 res=false
*==== INFO ====*  stream_id=2695996 latency=0.537065 ms (tx_ts=85421250141640, rx_ts=85421250678705) request_id=5642046 zil_blk_id=2695996 ccf_commit_seqno=5642046 nstreams_done_=674000 config.nstreams=1000000 avg_latency=0.5534 ms avg throuhgput (requests/sec) = 999.9177 res=false
*==== INFO ====*  stream_id=2697996 latency=0.509814 ms (tx_ts=85421741466630, rx_ts=85421741976444) request_id=5645426 zil_blk_id=2697996 ccf_commit_seqno=5645426 nstreams_done_=674500 config.nstreams=1000000 avg_latency=0.5534 ms avg throuhgput (requests/sec) = 999.9306 res=false
*==== INFO ====*  stream_id=2699996 latency=0.536233 ms (tx_ts=85422221253446, rx_ts=85422221789679) request_id=5648799 zil_blk_id=2699996 ccf_commit_seqno=5648800 nstreams_done_=675000 config.nstreams=1000000 avg_latency=0.5534 ms avg throuhgput (requests/sec) = 999.9606 res=false
*==== INFO ====*  stream_id=2701996 latency=0.497931 ms (tx_ts=85422725685931, rx_ts=85422726183862) request_id=5652197 zil_blk_id=2701996 ccf_commit_seqno=5652197 nstreams_done_=675500 config.nstreams=1000000 avg_latency=0.5534 ms avg throuhgput (requests/sec) = 999.9541 res=false
*==== INFO ====*  stream_id=2703996 latency=0.568743 ms (tx_ts=85423203720594, rx_ts=85423204289337) request_id=5655487 zil_blk_id=2703996 ccf_commit_seqno=5655487 nstreams_done_=676000 config.nstreams=1000000 avg_latency=0.5534 ms avg throuhgput (requests/sec) = 999.9865 res=false
*==== INFO ====*  stream_id=2705996 latency=0.480109 ms (tx_ts=85423690670440, rx_ts=85423691150549) request_id=5658872 zil_blk_id=2705996 ccf_commit_seqno=5658872 nstreams_done_=676500 config.nstreams=1000000 avg_latency=0.5534 ms avg throuhgput (requests/sec) = 1000.0060 res=false
*==== INFO ====*  stream_id=2707996 latency=0.465912 ms (tx_ts=85424177281499, rx_ts=85424177747411) request_id=5662290 zil_blk_id=2707996 ccf_commit_seqno=5662290 nstreams_done_=677000 config.nstreams=1000000 avg_latency=0.5534 ms avg throuhgput (requests/sec) = 1000.0258 res=false
*==== INFO ====*  stream_id=2709996 latency=0.528809 ms (tx_ts=85424656550471, rx_ts=85424657079280) request_id=5665685 zil_blk_id=2709996 ccf_commit_seqno=5665685 nstreams_done_=677500 config.nstreams=1000000 avg_latency=0.5534 ms avg throuhgput (requests/sec) = 1000.0563 res=false
*==== INFO ====*  stream_id=2711996 latency=0.490267 ms (tx_ts=85425153322072, rx_ts=85425153812339) request_id=5669118 zil_blk_id=2711996 ccf_commit_seqno=5669118 nstreams_done_=678000 config.nstreams=1000000 avg_latency=0.5534 ms avg throuhgput (requests/sec) = 1000.0610 res=false
*==== INFO ====*  stream_id=2713996 latency=0.483274 ms (tx_ts=85425663677895, rx_ts=85425664161169) request_id=5672602 zil_blk_id=2713996 ccf_commit_seqno=5672602 nstreams_done_=678500 config.nstreams=1000000 avg_latency=0.5534 ms avg throuhgput (requests/sec) = 1000.0457 res=false
*==== INFO ====*  stream_id=2715996 latency=0.484236 ms (tx_ts=85426179285731, rx_ts=85426179769967) request_id=5676132 zil_blk_id=2715996 ccf_commit_seqno=5676132 nstreams_done_=679000 config.nstreams=1000000 avg_latency=0.5533 ms avg throuhgput (requests/sec) = 1000.0227 res=false
*==== INFO ====*  stream_id=2717996 latency=0.495657 ms (tx_ts=85426718521247, rx_ts=85426719016904) request_id=5679760 zil_blk_id=2717996 ccf_commit_seqno=5679760 nstreams_done_=679500 config.nstreams=1000000 avg_latency=0.5533 ms avg throuhgput (requests/sec) = 999.9649 res=false
*==== INFO ====*  stream_id=2719996 latency=0.502590 ms (tx_ts=85427234022894, rx_ts=85427234525484) request_id=5683224 zil_blk_id=2719996 ccf_commit_seqno=5683225 nstreams_done_=680000 config.nstreams=1000000 avg_latency=0.5533 ms avg throuhgput (requests/sec) = 999.9422 res=false
*==== INFO ====*  stream_id=2721996 latency=0.499454 ms (tx_ts=85427728335822, rx_ts=85427728835276) request_id=5686645 zil_blk_id=2721996 ccf_commit_seqno=5686645 nstreams_done_=680500 config.nstreams=1000000 avg_latency=0.5533 ms avg throuhgput (requests/sec) = 999.9506 res=false
*==== INFO ====*  stream_id=2723996 latency=0.513911 ms (tx_ts=85428237547786, rx_ts=85428238061697) request_id=5690208 zil_blk_id=2723996 ccf_commit_seqno=5690209 nstreams_done_=681000 config.nstreams=1000000 avg_latency=0.5533 ms avg throuhgput (requests/sec) = 999.9370 res=false
*==== INFO ====*  stream_id=2725996 latency=0.511407 ms (tx_ts=85428750199722, rx_ts=85428750711129) request_id=5693683 zil_blk_id=2725996 ccf_commit_seqno=5693683 nstreams_done_=681500 config.nstreams=1000000 avg_latency=0.5533 ms avg throuhgput (requests/sec) = 999.9185 res=false
*==== INFO ====*  stream_id=2727996 latency=0.595253 ms (tx_ts=85429230830151, rx_ts=85429231425404) request_id=5696952 zil_blk_id=2727996 ccf_commit_seqno=5696952 nstreams_done_=682000 config.nstreams=1000000 avg_latency=0.5533 ms avg throuhgput (requests/sec) = 999.9469 res=false
*==== INFO ====*  stream_id=2729996 latency=0.559766 ms (tx_ts=85429710246321, rx_ts=85429710806087) request_id=5700273 zil_blk_id=2729996 ccf_commit_seqno=5700274 nstreams_done_=682500 config.nstreams=1000000 avg_latency=0.5533 ms avg throuhgput (requests/sec) = 999.9771 res=false
*==== INFO ====*  stream_id=2731996 latency=0.494103 ms (tx_ts=85430175381300, rx_ts=85430175875403) request_id=5703540 zil_blk_id=2731996 ccf_commit_seqno=5703540 nstreams_done_=683000 config.nstreams=1000000 avg_latency=0.5532 ms avg throuhgput (requests/sec) = 1000.0283 res=false
*==== INFO ====*  stream_id=2733996 latency=0.468025 ms (tx_ts=85430689974022, rx_ts=85430690442047) request_id=5707039 zil_blk_id=2733996 ccf_commit_seqno=5707039 nstreams_done_=683500 config.nstreams=1000000 avg_latency=0.5532 ms avg throuhgput (requests/sec) = 1000.0069 res=false
*==== INFO ====*  stream_id=2735996 latency=0.587469 ms (tx_ts=85431220134814, rx_ts=85431220722283) request_id=5710721 zil_blk_id=2735996 ccf_commit_seqno=5710722 nstreams_done_=684000 config.nstreams=1000000 avg_latency=0.5532 ms avg throuhgput (requests/sec) = 999.9627 res=false
*==== INFO ====*  stream_id=2737996 latency=0.595453 ms (tx_ts=85431728738963, rx_ts=85431729334416) request_id=5714206 zil_blk_id=2737996 ccf_commit_seqno=5714206 nstreams_done_=684500 config.nstreams=1000000 avg_latency=0.5532 ms avg throuhgput (requests/sec) = 999.9501 res=false
*==== INFO ====*  stream_id=2739996 latency=0.480127 ms (tx_ts=85432219297510, rx_ts=85432219777637) request_id=5717640 zil_blk_id=2739996 ccf_commit_seqno=5717640 nstreams_done_=685000 config.nstreams=1000000 avg_latency=0.5532 ms avg throuhgput (requests/sec) = 999.9641 res=false
*==== INFO ====*  stream_id=2741996 latency=0.493533 ms (tx_ts=85432740201489, rx_ts=85432740695022) request_id=5721256 zil_blk_id=2741996 ccf_commit_seqno=5721256 nstreams_done_=685500 config.nstreams=1000000 avg_latency=0.5532 ms avg throuhgput (requests/sec) = 999.9336 res=false
*==== INFO ====*  stream_id=2743996 latency=0.547464 ms (tx_ts=85433252267789, rx_ts=85433252815253) request_id=5724783 zil_blk_id=2743996 ccf_commit_seqno=5724783 nstreams_done_=686000 config.nstreams=1000000 avg_latency=0.5531 ms avg throuhgput (requests/sec) = 999.9160 res=false
*==== INFO ====*  stream_id=2745996 latency=0.463707 ms (tx_ts=85433765054187, rx_ts=85433765517894) request_id=5728356 zil_blk_id=2745996 ccf_commit_seqno=5728356 nstreams_done_=686500 config.nstreams=1000000 avg_latency=0.5531 ms avg throuhgput (requests/sec) = 999.8976 res=false
*==== INFO ====*  stream_id=2747996 latency=0.562101 ms (tx_ts=85434260607685, rx_ts=85434261169786) request_id=5731810 zil_blk_id=2747996 ccf_commit_seqno=5731810 nstreams_done_=687000 config.nstreams=1000000 avg_latency=0.5531 ms avg throuhgput (requests/sec) = 999.9040 res=false
*==== INFO ====*  stream_id=2749996 latency=0.475379 ms (tx_ts=85434802701408, rx_ts=85434803176787) request_id=5735523 zil_blk_id=2749996 ccf_commit_seqno=5735523 nstreams_done_=687500 config.nstreams=1000000 avg_latency=0.5531 ms avg throuhgput (requests/sec) = 999.8430 res=false
*==== INFO ====*  stream_id=2751996 latency=0.492030 ms (tx_ts=85435311405221, rx_ts=85435311897251) request_id=5739054 zil_blk_id=2751996 ccf_commit_seqno=5739054 nstreams_done_=688000 config.nstreams=1000000 avg_latency=0.5531 ms avg throuhgput (requests/sec) = 999.8304 res=false
*==== INFO ====*  stream_id=2753996 latency=0.555389 ms (tx_ts=85435816747436, rx_ts=85435817302825) request_id=5742502 zil_blk_id=2753996 ccf_commit_seqno=5742502 nstreams_done_=688500 config.nstreams=1000000 avg_latency=0.5531 ms avg throuhgput (requests/sec) = 999.8227 res=false
*==== INFO ====*  stream_id=2755996 latency=0.563494 ms (tx_ts=85436328180012, rx_ts=85436328743506) request_id=5746116 zil_blk_id=2755996 ccf_commit_seqno=5746116 nstreams_done_=689000 config.nstreams=1000000 avg_latency=0.5530 ms avg throuhgput (requests/sec) = 999.8062 res=false
*==== INFO ====*  stream_id=2757996 latency=0.476031 ms (tx_ts=85436832878766, rx_ts=85436833354797) request_id=5749634 zil_blk_id=2757996 ccf_commit_seqno=5749634 nstreams_done_=689500 config.nstreams=1000000 avg_latency=0.5530 ms avg throuhgput (requests/sec) = 999.7997 res=false
*==== INFO ====*  stream_id=2759996 latency=0.470470 ms (tx_ts=85437367790944, rx_ts=85437368261414) request_id=5753263 zil_blk_id=2759996 ccf_commit_seqno=5753263 nstreams_done_=690000 config.nstreams=1000000 avg_latency=0.5530 ms avg throuhgput (requests/sec) = 999.7492 res=false
*==== INFO ====*  stream_id=2761996 latency=0.636801 ms (tx_ts=85437852829724, rx_ts=85437853466525) request_id=5756656 zil_blk_id=2761996 ccf_commit_seqno=5756656 nstreams_done_=690500 config.nstreams=1000000 avg_latency=0.5530 ms avg throuhgput (requests/sec) = 999.7708 res=false
*==== INFO ====*  stream_id=2763996 latency=0.524391 ms (tx_ts=85438344165221, rx_ts=85438344689612) request_id=5760078 zil_blk_id=2763996 ccf_commit_seqno=5760078 nstreams_done_=691000 config.nstreams=1000000 avg_latency=0.5530 ms avg throuhgput (requests/sec) = 999.7837 res=false
*==== INFO ====*  stream_id=2765996 latency=0.555449 ms (tx_ts=85438869600230, rx_ts=85438870155679) request_id=5763706 zil_blk_id=2765996 ccf_commit_seqno=5763706 nstreams_done_=691500 config.nstreams=1000000 avg_latency=0.5529 ms avg throuhgput (requests/sec) = 999.7470 res=false
*==== INFO ====*  stream_id=2767996 latency=0.512368 ms (tx_ts=85439364763886, rx_ts=85439365276254) request_id=5767192 zil_blk_id=2767996 ccf_commit_seqno=5767192 nstreams_done_=692000 config.nstreams=1000000 avg_latency=0.5529 ms avg throuhgput (requests/sec) = 999.7543 res=false
*==== INFO ====*  stream_id=2769996 latency=0.536042 ms (tx_ts=85439876702408, rx_ts=85439877238450) request_id=5770609 zil_blk_id=2769996 ccf_commit_seqno=5770609 nstreams_done_=692500 config.nstreams=1000000 avg_latency=0.5529 ms avg throuhgput (requests/sec) = 999.7372 res=false
*==== INFO ====*  stream_id=2771996 latency=0.534139 ms (tx_ts=85440383258405, rx_ts=85440383792544) request_id=5774062 zil_blk_id=2771996 ccf_commit_seqno=5774063 nstreams_done_=693000 config.nstreams=1000000 avg_latency=0.5529 ms avg throuhgput (requests/sec) = 999.7279 res=false
*==== INFO ====*  stream_id=2773996 latency=0.459739 ms (tx_ts=85440898450111, rx_ts=85440898909850) request_id=5777576 zil_blk_id=2773996 ccf_commit_seqno=5777576 nstreams_done_=693500 config.nstreams=1000000 avg_latency=0.5529 ms avg throuhgput (requests/sec) = 999.7063 res=false
*==== INFO ====*  stream_id=2775996 latency=0.543717 ms (tx_ts=85441408541454, rx_ts=85441409085171) request_id=5781111 zil_blk_id=2775996 ccf_commit_seqno=5781111 nstreams_done_=694000 config.nstreams=1000000 avg_latency=0.5529 ms avg throuhgput (requests/sec) = 999.6919 res=false
*==== INFO ====*  stream_id=2777996 latency=0.469077 ms (tx_ts=85441907635107, rx_ts=85441908104184) request_id=5784615 zil_blk_id=2777996 ccf_commit_seqno=5784615 nstreams_done_=694500 config.nstreams=1000000 avg_latency=0.5529 ms avg throuhgput (requests/sec) = 999.6935 res=false
*==== INFO ====*  stream_id=2779996 latency=0.544539 ms (tx_ts=85442423096627, rx_ts=85442423641166) request_id=5788247 zil_blk_id=2779996 ccf_commit_seqno=5788247 nstreams_done_=695000 config.nstreams=1000000 avg_latency=0.5528 ms avg throuhgput (requests/sec) = 999.6714 res=false
*==== INFO ====*  stream_id=2781996 latency=0.527647 ms (tx_ts=85442972584305, rx_ts=85442973111952) request_id=5791986 zil_blk_id=2781996 ccf_commit_seqno=5791986 nstreams_done_=695500 config.nstreams=1000000 avg_latency=0.5528 ms avg throuhgput (requests/sec) = 999.6006 res=false
*==== INFO ====*  stream_id=2783996 latency=0.465280 ms (tx_ts=85443476047679, rx_ts=85443476512959) request_id=5795505 zil_blk_id=2783996 ccf_commit_seqno=5795505 nstreams_done_=696000 config.nstreams=1000000 avg_latency=0.5528 ms avg throuhgput (requests/sec) = 999.5960 res=false
*==== INFO ====*  stream_id=2785996 latency=0.503502 ms (tx_ts=85444007220152, rx_ts=85444007723654) request_id=5799033 zil_blk_id=2785996 ccf_commit_seqno=5799033 nstreams_done_=696500 config.nstreams=1000000 avg_latency=0.5528 ms avg throuhgput (requests/sec) = 999.5515 res=false
*==== INFO ====*  stream_id=2787996 latency=0.491208 ms (tx_ts=85444507541065, rx_ts=85444508032273) request_id=5802496 zil_blk_id=2787996 ccf_commit_seqno=5802496 nstreams_done_=697000 config.nstreams=1000000 avg_latency=0.5528 ms avg throuhgput (requests/sec) = 999.5514 res=false
*==== INFO ====*  stream_id=2789996 latency=0.478695 ms (tx_ts=85445005873241, rx_ts=85445006351936) request_id=5806030 zil_blk_id=2789996 ccf_commit_seqno=5806030 nstreams_done_=697500 config.nstreams=1000000 avg_latency=0.5528 ms avg throuhgput (requests/sec) = 999.5541 res=false
*==== INFO ====*  stream_id=2791996 latency=0.550778 ms (tx_ts=85445537522105, rx_ts=85445538072883) request_id=5809541 zil_blk_id=2791996 ccf_commit_seqno=5809541 nstreams_done_=698000 config.nstreams=1000000 avg_latency=0.5528 ms avg throuhgput (requests/sec) = 999.5090 res=false
*==== INFO ====*  stream_id=2793996 latency=0.610230 ms (tx_ts=85446040746411, rx_ts=85446041356641) request_id=5813043 zil_blk_id=2793996 ccf_commit_seqno=5813044 nstreams_done_=698500 config.nstreams=1000000 avg_latency=0.5528 ms avg throuhgput (requests/sec) = 999.5047 res=false
*==== INFO ====*  stream_id=2795996 latency=0.514752 ms (tx_ts=85446536992780, rx_ts=85446537507532) request_id=5816500 zil_blk_id=2795996 ccf_commit_seqno=5816500 nstreams_done_=699000 config.nstreams=1000000 avg_latency=0.5528 ms avg throuhgput (requests/sec) = 999.5105 res=false
*==== INFO ====*  stream_id=2797996 latency=0.471230 ms (tx_ts=85447078271837, rx_ts=85447078743067) request_id=5820052 zil_blk_id=2797996 ccf_commit_seqno=5820052 nstreams_done_=699500 config.nstreams=1000000 avg_latency=0.5529 ms avg throuhgput (requests/sec) = 999.4520 res=false
*==== INFO ====*  stream_id=2799996 latency=0.481570 ms (tx_ts=85447603313890, rx_ts=85447603795460) request_id=5823701 zil_blk_id=2799996 ccf_commit_seqno=5823701 nstreams_done_=700000 config.nstreams=1000000 avg_latency=0.5528 ms avg throuhgput (requests/sec) = 999.4166 res=false
*==== INFO ====*  stream_id=2801996 latency=0.462785 ms (tx_ts=85448111811419, rx_ts=85448112274204) request_id=5827176 zil_blk_id=2801996 ccf_commit_seqno=5827176 nstreams_done_=700500 config.nstreams=1000000 avg_latency=0.5528 ms avg throuhgput (requests/sec) = 999.4049 res=false
*==== INFO ====*  stream_id=2803996 latency=0.562001 ms (tx_ts=85448602275893, rx_ts=85448602837894) request_id=5830618 zil_blk_id=2803996 ccf_commit_seqno=5830618 nstreams_done_=701000 config.nstreams=1000000 avg_latency=0.5528 ms avg throuhgput (requests/sec) = 999.4188 res=false
*==== INFO ====*  stream_id=2805996 latency=0.530922 ms (tx_ts=85449114691941, rx_ts=85449115222863) request_id=5834114 zil_blk_id=2805996 ccf_commit_seqno=5834114 nstreams_done_=701500 config.nstreams=1000000 avg_latency=0.5528 ms avg throuhgput (requests/sec) = 999.4016 res=false
*==== INFO ====*  stream_id=2807996 latency=0.567512 ms (tx_ts=85449632865235, rx_ts=85449633432747) request_id=5837754 zil_blk_id=2807996 ccf_commit_seqno=5837754 nstreams_done_=702000 config.nstreams=1000000 avg_latency=0.5528 ms avg throuhgput (requests/sec) = 999.3761 res=false
*==== INFO ====*  stream_id=2809996 latency=0.468957 ms (tx_ts=85450134878929, rx_ts=85450135347886) request_id=5841350 zil_blk_id=2809996 ccf_commit_seqno=5841350 nstreams_done_=702500 config.nstreams=1000000 avg_latency=0.5528 ms avg throuhgput (requests/sec) = 999.3738 res=false
*==== INFO ====*  stream_id=2811996 latency=0.501698 ms (tx_ts=85450644357509, rx_ts=85450644859207) request_id=5844948 zil_blk_id=2811996 ccf_commit_seqno=5844948 nstreams_done_=703000 config.nstreams=1000000 avg_latency=0.5528 ms avg throuhgput (requests/sec) = 999.3608 res=false
*==== INFO ====*  stream_id=2813996 latency=0.684330 ms (tx_ts=85451135058114, rx_ts=85451135742444) request_id=5848366 zil_blk_id=2813996 ccf_commit_seqno=5848366 nstreams_done_=703500 config.nstreams=1000000 avg_latency=0.5528 ms avg throuhgput (requests/sec) = 999.3742 res=false
*==== INFO ====*  stream_id=2815996 latency=0.478485 ms (tx_ts=85451631328220, rx_ts=85451631806705) request_id=5851790 zil_blk_id=2815996 ccf_commit_seqno=5851790 nstreams_done_=704000 config.nstreams=1000000 avg_latency=0.5528 ms avg throuhgput (requests/sec) = 999.3802 res=false
*==== INFO ====*  stream_id=2817996 latency=0.534159 ms (tx_ts=85452116750905, rx_ts=85452117285064) request_id=5855155 zil_blk_id=2817996 ccf_commit_seqno=5855155 nstreams_done_=704500 config.nstreams=1000000 avg_latency=0.5528 ms avg throuhgput (requests/sec) = 999.4012 res=false
*==== INFO ====*  stream_id=2819996 latency=0.463237 ms (tx_ts=85452594357612, rx_ts=85452594820849) request_id=5858479 zil_blk_id=2819996 ccf_commit_seqno=5858479 nstreams_done_=705000 config.nstreams=1000000 avg_latency=0.5528 ms avg throuhgput (requests/sec) = 999.4335 res=false
*==== INFO ====*  stream_id=2821996 latency=0.540892 ms (tx_ts=85453097759191, rx_ts=85453098300083) request_id=5861905 zil_blk_id=2821996 ccf_commit_seqno=5861905 nstreams_done_=705500 config.nstreams=1000000 avg_latency=0.5528 ms avg throuhgput (requests/sec) = 999.4289 res=false
*==== INFO ====*  stream_id=2823996 latency=0.530051 ms (tx_ts=85453569147836, rx_ts=85453569677887) request_id=5865159 zil_blk_id=2823996 ccf_commit_seqno=5865159 nstreams_done_=706000 config.nstreams=1000000 avg_latency=0.5527 ms avg throuhgput (requests/sec) = 999.4698 res=false
*==== INFO ====*  stream_id=2825996 latency=0.574253 ms (tx_ts=85454061189441, rx_ts=85454061763694) request_id=5868545 zil_blk_id=2825996 ccf_commit_seqno=5868545 nstreams_done_=706500 config.nstreams=1000000 avg_latency=0.5527 ms avg throuhgput (requests/sec) = 999.4814 res=false
*==== INFO ====*  stream_id=2827996 latency=0.530913 ms (tx_ts=85454534736405, rx_ts=85454535267318) request_id=5871791 zil_blk_id=2827996 ccf_commit_seqno=5871791 nstreams_done_=707000 config.nstreams=1000000 avg_latency=0.5527 ms avg throuhgput (requests/sec) = 999.5192 res=false
*==== INFO ====*  stream_id=2829996 latency=0.466052 ms (tx_ts=85455015646819, rx_ts=85455016112871) request_id=5875096 zil_blk_id=2829996 ccf_commit_seqno=5875096 nstreams_done_=707500 config.nstreams=1000000 avg_latency=0.5527 ms avg throuhgput (requests/sec) = 999.5466 res=false
*==== INFO ====*  stream_id=2831996 latency=0.566940 ms (tx_ts=85455499352673, rx_ts=85455499919613) request_id=5878420 zil_blk_id=2831996 ccf_commit_seqno=5878420 nstreams_done_=708000 config.nstreams=1000000 avg_latency=0.5527 ms avg throuhgput (requests/sec) = 999.5698 res=false
*==== INFO ====*  stream_id=2833996 latency=0.562622 ms (tx_ts=85456005620735, rx_ts=85456006183357) request_id=5881823 zil_blk_id=2833996 ccf_commit_seqno=5881823 nstreams_done_=708500 config.nstreams=1000000 avg_latency=0.5527 ms avg throuhgput (requests/sec) = 999.5612 res=false
*==== INFO ====*  stream_id=2835996 latency=0.570596 ms (tx_ts=85456504884193, rx_ts=85456505454789) request_id=5885201 zil_blk_id=2835996 ccf_commit_seqno=5885201 nstreams_done_=709000 config.nstreams=1000000 avg_latency=0.5527 ms avg throuhgput (requests/sec) = 999.5626 res=false
*==== INFO ====*  stream_id=2837996 latency=0.539349 ms (tx_ts=85457006192593, rx_ts=85457006731942) request_id=5888645 zil_blk_id=2837996 ccf_commit_seqno=5888645 nstreams_done_=709500 config.nstreams=1000000 avg_latency=0.5527 ms avg throuhgput (requests/sec) = 999.5611 res=false
*==== INFO ====*  stream_id=2839996 latency=0.573362 ms (tx_ts=85457504679770, rx_ts=85457505253132) request_id=5892071 zil_blk_id=2839996 ccf_commit_seqno=5892071 nstreams_done_=710000 config.nstreams=1000000 avg_latency=0.5527 ms avg throuhgput (requests/sec) = 999.5635 res=false
*==== INFO ====*  stream_id=2841996 latency=0.588310 ms (tx_ts=85458010538176, rx_ts=85458011126486) request_id=5895479 zil_blk_id=2841996 ccf_commit_seqno=5895479 nstreams_done_=710500 config.nstreams=1000000 avg_latency=0.5527 ms avg throuhgput (requests/sec) = 999.5555 res=false
*==== INFO ====*  stream_id=2843996 latency=0.511195 ms (tx_ts=85458519905346, rx_ts=85458520416541) request_id=5898934 zil_blk_id=2843996 ccf_commit_seqno=5898934 nstreams_done_=711000 config.nstreams=1000000 avg_latency=0.5527 ms avg throuhgput (requests/sec) = 999.5428 res=false
*==== INFO ====*  stream_id=2845996 latency=0.511918 ms (tx_ts=85459020708804, rx_ts=85459021220722) request_id=5902311 zil_blk_id=2845996 ccf_commit_seqno=5902312 nstreams_done_=711500 config.nstreams=1000000 avg_latency=0.5527 ms avg throuhgput (requests/sec) = 999.5420 res=false
*==== INFO ====*  stream_id=2847996 latency=0.482553 ms (tx_ts=85459510030676, rx_ts=85459510513229) request_id=5905686 zil_blk_id=2847996 ccf_commit_seqno=5905686 nstreams_done_=712000 config.nstreams=1000000 avg_latency=0.5527 ms avg throuhgput (requests/sec) = 999.5573 res=false
*==== INFO ====*  stream_id=2849996 latency=0.527807 ms (tx_ts=85460017517825, rx_ts=85460018045632) request_id=5909171 zil_blk_id=2849996 ccf_commit_seqno=5909171 nstreams_done_=712500 config.nstreams=1000000 avg_latency=0.5527 ms avg throuhgput (requests/sec) = 999.5471 res=false
*==== INFO ====*  stream_id=2851996 latency=0.604360 ms (tx_ts=85460514272741, rx_ts=85460514877101) request_id=5912644 zil_blk_id=2851996 ccf_commit_seqno=5912644 nstreams_done_=713000 config.nstreams=1000000 avg_latency=0.5527 ms avg throuhgput (requests/sec) = 999.5518 res=false
*==== INFO ====*  stream_id=2853996 latency=0.523529 ms (tx_ts=85461035184659, rx_ts=85461035708188) request_id=5916060 zil_blk_id=2853996 ccf_commit_seqno=5916060 nstreams_done_=713500 config.nstreams=1000000 avg_latency=0.5527 ms avg throuhgput (requests/sec) = 999.5230 res=false
*==== INFO ====*  stream_id=2855996 latency=0.486370 ms (tx_ts=85461530454650, rx_ts=85461530941020) request_id=5919443 zil_blk_id=2855996 ccf_commit_seqno=5919443 nstreams_done_=714000 config.nstreams=1000000 avg_latency=0.5527 ms avg throuhgput (requests/sec) = 999.5300 res=false
*==== INFO ====*  stream_id=2857996 latency=0.506818 ms (tx_ts=85462046375204, rx_ts=85462046882022) request_id=5922911 zil_blk_id=2857996 ccf_commit_seqno=5922911 nstreams_done_=714500 config.nstreams=1000000 avg_latency=0.5527 ms avg throuhgput (requests/sec) = 999.5080 res=false
*==== INFO ====*  stream_id=2859996 latency=0.610021 ms (tx_ts=85462544874119, rx_ts=85462545484140) request_id=5926271 zil_blk_id=2859996 ccf_commit_seqno=5926271 nstreams_done_=715000 config.nstreams=1000000 avg_latency=0.5527 ms avg throuhgput (requests/sec) = 999.5103 res=false
*==== INFO ====*  stream_id=2861996 latency=0.496218 ms (tx_ts=85463033826291, rx_ts=85463034322509) request_id=5929693 zil_blk_id=2861996 ccf_commit_seqno=5929693 nstreams_done_=715500 config.nstreams=1000000 avg_latency=0.5527 ms avg throuhgput (requests/sec) = 999.5262 res=false
*==== INFO ====*  stream_id=2863996 latency=0.467193 ms (tx_ts=85463548639604, rx_ts=85463549106797) request_id=5933189 zil_blk_id=2863996 ccf_commit_seqno=5933189 nstreams_done_=716000 config.nstreams=1000000 avg_latency=0.5527 ms avg throuhgput (requests/sec) = 999.5059 res=false
*==== INFO ====*  stream_id=2865996 latency=0.481300 ms (tx_ts=85464051744031, rx_ts=85464052225331) request_id=5936647 zil_blk_id=2865996 ccf_commit_seqno=5936647 nstreams_done_=716500 config.nstreams=1000000 avg_latency=0.5527 ms avg throuhgput (requests/sec) = 999.5019 res=false
*==== INFO ====*  stream_id=2867996 latency=0.503611 ms (tx_ts=85464551515105, rx_ts=85464552018716) request_id=5940094 zil_blk_id=2867996 ccf_commit_seqno=5940094 nstreams_done_=717000 config.nstreams=1000000 avg_latency=0.5527 ms avg throuhgput (requests/sec) = 999.5026 res=false
*==== INFO ====*  stream_id=2869996 latency=0.564856 ms (tx_ts=85465049894596, rx_ts=85465050459452) request_id=5943550 zil_blk_id=2869996 ccf_commit_seqno=5943550 nstreams_done_=717500 config.nstreams=1000000 avg_latency=0.5527 ms avg throuhgput (requests/sec) = 999.5051 res=false
*==== INFO ====*  stream_id=2871996 latency=0.517187 ms (tx_ts=85465541512253, rx_ts=85465542029440) request_id=5946854 zil_blk_id=2871996 ccf_commit_seqno=5946854 nstreams_done_=718000 config.nstreams=1000000 avg_latency=0.5527 ms avg throuhgput (requests/sec) = 999.5172 res=false
*==== INFO ====*  stream_id=2873996 latency=0.544749 ms (tx_ts=85466060435212, rx_ts=85466060979961) request_id=5950306 zil_blk_id=2873996 ccf_commit_seqno=5950306 nstreams_done_=718500 config.nstreams=1000000 avg_latency=0.5527 ms avg throuhgput (requests/sec) = 999.4912 res=false
*==== INFO ====*  stream_id=2875996 latency=0.480428 ms (tx_ts=85466558506015, rx_ts=85466558986443) request_id=5953757 zil_blk_id=2875996 ccf_commit_seqno=5953757 nstreams_done_=719000 config.nstreams=1000000 avg_latency=0.5527 ms avg throuhgput (requests/sec) = 999.4943 res=false
*==== INFO ====*  stream_id=2877996 latency=0.498582 ms (tx_ts=85467035053316, rx_ts=85467035551898) request_id=5957107 zil_blk_id=2877996 ccf_commit_seqno=5957107 nstreams_done_=719500 config.nstreams=1000000 avg_latency=0.5527 ms avg throuhgput (requests/sec) = 999.5272 res=false
*==== INFO ====*  stream_id=2879996 latency=0.576448 ms (tx_ts=85467498769475, rx_ts=85467499345923) request_id=5960399 zil_blk_id=2879996 ccf_commit_seqno=5960399 nstreams_done_=720000 config.nstreams=1000000 avg_latency=0.5527 ms avg throuhgput (requests/sec) = 999.5777 res=false
*==== INFO ====*  stream_id=2881996 latency=0.488563 ms (tx_ts=85467971731809, rx_ts=85467972220372) request_id=5963704 zil_blk_id=2881996 ccf_commit_seqno=5963704 nstreams_done_=720500 config.nstreams=1000000 avg_latency=0.5527 ms avg throuhgput (requests/sec) = 999.6156 res=false
*==== INFO ====*  stream_id=2883996 latency=0.746887 ms (tx_ts=85468441302907, rx_ts=85468442049794) request_id=5967030 zil_blk_id=2883996 ccf_commit_seqno=5967030 nstreams_done_=721000 config.nstreams=1000000 avg_latency=0.5527 ms avg throuhgput (requests/sec) = 999.6577 res=false
*==== INFO ====*  stream_id=2885996 latency=0.590143 ms (tx_ts=85468917981066, rx_ts=85468918571209) request_id=5970340 zil_blk_id=2885996 ccf_commit_seqno=5970341 nstreams_done_=721500 config.nstreams=1000000 avg_latency=0.5527 ms avg throuhgput (requests/sec) = 999.6905 res=false
*==== INFO ====*  stream_id=2887996 latency=0.608708 ms (tx_ts=85469394749910, rx_ts=85469395358618) request_id=5973678 zil_blk_id=2887996 ccf_commit_seqno=5973678 nstreams_done_=722000 config.nstreams=1000000 avg_latency=0.5527 ms avg throuhgput (requests/sec) = 999.7228 res=false
*==== INFO ====*  stream_id=2889996 latency=0.608632 ms (tx_ts=85469877457435, rx_ts=85469878066067) request_id=5977076 zil_blk_id=2889996 ccf_commit_seqno=5977076 nstreams_done_=722500 config.nstreams=1000000 avg_latency=0.5527 ms avg throuhgput (requests/sec) = 999.7469 res=false
*==== INFO ====*  stream_id=2891996 latency=0.549237 ms (tx_ts=85470369064888, rx_ts=85470369614125) request_id=5980468 zil_blk_id=2891996 ccf_commit_seqno=5980468 nstreams_done_=723000 config.nstreams=1000000 avg_latency=0.5527 ms avg throuhgput (requests/sec) = 999.7588 res=false
*==== INFO ====*  stream_id=2893996 latency=0.558675 ms (tx_ts=85470855320668, rx_ts=85470855879343) request_id=5983687 zil_blk_id=2893996 ccf_commit_seqno=5983687 nstreams_done_=723500 config.nstreams=1000000 avg_latency=0.5527 ms avg throuhgput (requests/sec) = 999.7779 res=false
*==== INFO ====*  stream_id=2895996 latency=0.562983 ms (tx_ts=85471334802721, rx_ts=85471335365704) request_id=5986970 zil_blk_id=2895996 ccf_commit_seqno=5986970 nstreams_done_=724000 config.nstreams=1000000 avg_latency=0.5527 ms avg throuhgput (requests/sec) = 999.8064 res=false
*==== INFO ====*  stream_id=2897996 latency=1.645007 ms (tx_ts=85471820264597, rx_ts=85471821909604) request_id=5990333 zil_blk_id=2897996 ccf_commit_seqno=5990333 nstreams_done_=724500 config.nstreams=1000000 avg_latency=0.5528 ms avg throuhgput (requests/sec) = 999.8251 res=false
*==== INFO ====*  stream_id=2899996 latency=0.496909 ms (tx_ts=85472314749377, rx_ts=85472315246286) request_id=5993704 zil_blk_id=2899996 ccf_commit_seqno=5993704 nstreams_done_=725000 config.nstreams=1000000 avg_latency=0.5528 ms avg throuhgput (requests/sec) = 999.8344 res=false
*==== INFO ====*  stream_id=2901996 latency=0.535571 ms (tx_ts=85472797998772, rx_ts=85472798534343) request_id=5997018 zil_blk_id=2901996 ccf_commit_seqno=5997018 nstreams_done_=725500 config.nstreams=1000000 avg_latency=0.5528 ms avg throuhgput (requests/sec) = 999.8576 res=false
*==== INFO ====*  stream_id=2903996 latency=0.584983 ms (tx_ts=85473286181607, rx_ts=85473286766590) request_id=6000321 zil_blk_id=2903996 ccf_commit_seqno=6000321 nstreams_done_=726000 config.nstreams=1000000 avg_latency=0.5528 ms avg throuhgput (requests/sec) = 999.8739 res=false
*==== INFO ====*  stream_id=2905996 latency=0.512709 ms (tx_ts=85473776662482, rx_ts=85473777175191) request_id=6003656 zil_blk_id=2905996 ccf_commit_seqno=6003656 nstreams_done_=726500 config.nstreams=1000000 avg_latency=0.5528 ms avg throuhgput (requests/sec) = 999.8872 res=false
*==== INFO ====*  stream_id=2907996 latency=0.507920 ms (tx_ts=85474274599468, rx_ts=85474275107388) request_id=6007109 zil_blk_id=2907996 ccf_commit_seqno=6007109 nstreams_done_=727000 config.nstreams=1000000 avg_latency=0.5528 ms avg throuhgput (requests/sec) = 999.8901 res=false
*==== INFO ====*  stream_id=2909996 latency=0.514582 ms (tx_ts=85474763268142, rx_ts=85474763782724) request_id=6010481 zil_blk_id=2909996 ccf_commit_seqno=6010481 nstreams_done_=727500 config.nstreams=1000000 avg_latency=0.5528 ms avg throuhgput (requests/sec) = 999.9057 res=false
*==== INFO ====*  stream_id=2911996 latency=0.536844 ms (tx_ts=85475245548183, rx_ts=85475246085027) request_id=6013823 zil_blk_id=2911996 ccf_commit_seqno=6013823 nstreams_done_=728000 config.nstreams=1000000 avg_latency=0.5528 ms avg throuhgput (requests/sec) = 999.9301 res=false
*==== INFO ====*  stream_id=2913996 latency=0.477253 ms (tx_ts=85475721727379, rx_ts=85475722204632) request_id=6017165 zil_blk_id=2913996 ccf_commit_seqno=6017165 nstreams_done_=728500 config.nstreams=1000000 avg_latency=0.5528 ms avg throuhgput (requests/sec) = 999.9629 res=false
*==== INFO ====*  stream_id=2915996 latency=0.521265 ms (tx_ts=85476178517485, rx_ts=85476179038750) request_id=6020414 zil_blk_id=2915996 ccf_commit_seqno=6020414 nstreams_done_=729000 config.nstreams=1000000 avg_latency=0.5528 ms avg throuhgput (requests/sec) = 1000.0222 res=false
*==== INFO ====*  stream_id=2917996 latency=0.666947 ms (tx_ts=85476658317837, rx_ts=85476658984784) request_id=6023753 zil_blk_id=2917996 ccf_commit_seqno=6023753 nstreams_done_=729500 config.nstreams=1000000 avg_latency=0.5528 ms avg throuhgput (requests/sec) = 1000.0496 res=false
*==== INFO ====*  stream_id=2919996 latency=0.481260 ms (tx_ts=85477135101169, rx_ts=85477135582429) request_id=6026928 zil_blk_id=2919996 ccf_commit_seqno=6026928 nstreams_done_=730000 config.nstreams=1000000 avg_latency=0.5528 ms avg throuhgput (requests/sec) = 1000.0817 res=false
*==== INFO ====*  stream_id=2921996 latency=0.596105 ms (tx_ts=85477616068667, rx_ts=85477616664772) request_id=6030276 zil_blk_id=2921996 ccf_commit_seqno=6030276 nstreams_done_=730500 config.nstreams=1000000 avg_latency=0.5528 ms avg throuhgput (requests/sec) = 1000.1075 res=false
*==== INFO ====*  stream_id=2923996 latency=0.553025 ms (tx_ts=85478091350288, rx_ts=85478091903313) request_id=6033557 zil_blk_id=2923996 ccf_commit_seqno=6033557 nstreams_done_=731000 config.nstreams=1000000 avg_latency=0.5528 ms avg throuhgput (requests/sec) = 1000.1413 res=false
*==== INFO ====*  stream_id=2925996 latency=0.510876 ms (tx_ts=85478583823099, rx_ts=85478584333975) request_id=6037038 zil_blk_id=2925996 ccf_commit_seqno=6037038 nstreams_done_=731500 config.nstreams=1000000 avg_latency=0.5528 ms avg throuhgput (requests/sec) = 1000.1516 res=false
*==== INFO ====*  stream_id=2927996 latency=0.502681 ms (tx_ts=85479051788435, rx_ts=85479052291116) request_id=6040362 zil_blk_id=2927996 ccf_commit_seqno=6040362 nstreams_done_=732000 config.nstreams=1000000 avg_latency=0.5527 ms avg throuhgput (requests/sec) = 1000.1953 res=false
*==== INFO ====*  stream_id=2929996 latency=0.667648 ms (tx_ts=85479526372312, rx_ts=85479527039960) request_id=6043744 zil_blk_id=2929996 ccf_commit_seqno=6043746 nstreams_done_=732500 config.nstreams=1000000 avg_latency=0.5527 ms avg throuhgput (requests/sec) = 1000.2296 res=false
*==== INFO ====*  stream_id=2931996 latency=0.536263 ms (tx_ts=85480006861069, rx_ts=85480007397332) request_id=6047108 zil_blk_id=2931996 ccf_commit_seqno=6047108 nstreams_done_=733000 config.nstreams=1000000 avg_latency=0.5527 ms avg throuhgput (requests/sec) = 1000.2563 res=false
*==== INFO ====*  stream_id=2933996 latency=0.514652 ms (tx_ts=85480485740380, rx_ts=85480486255032) request_id=6050416 zil_blk_id=2933996 ccf_commit_seqno=6050416 nstreams_done_=733500 config.nstreams=1000000 avg_latency=0.5527 ms avg throuhgput (requests/sec) = 1000.2849 res=false
*==== INFO ====*  stream_id=2935996 latency=0.554648 ms (tx_ts=85480943163266, rx_ts=85480943717914) request_id=6053601 zil_blk_id=2935996 ccf_commit_seqno=6053601 nstreams_done_=734000 config.nstreams=1000000 avg_latency=0.5527 ms avg throuhgput (requests/sec) = 1000.3427 res=false
*==== INFO ====*  stream_id=2937996 latency=0.502771 ms (tx_ts=85481410040246, rx_ts=85481410543017) request_id=6056915 zil_blk_id=2937996 ccf_commit_seqno=6056915 nstreams_done_=734500 config.nstreams=1000000 avg_latency=0.5527 ms avg throuhgput (requests/sec) = 1000.3877 res=false
*==== INFO ====*  stream_id=2939996 latency=0.571359 ms (tx_ts=85481892569354, rx_ts=85481893140713) request_id=6060201 zil_blk_id=2939996 ccf_commit_seqno=6060201 nstreams_done_=735000 config.nstreams=1000000 avg_latency=0.5527 ms avg throuhgput (requests/sec) = 1000.4111 res=false
*==== INFO ====*  stream_id=2941996 latency=0.528719 ms (tx_ts=85482348617172, rx_ts=85482349145891) request_id=6063440 zil_blk_id=2941996 ccf_commit_seqno=6063440 nstreams_done_=735500 config.nstreams=1000000 avg_latency=0.5527 ms avg throuhgput (requests/sec) = 1000.4707 res=false
*==== INFO ====*  stream_id=2943996 latency=0.476010 ms (tx_ts=85482796204241, rx_ts=85482796680251) request_id=6066694 zil_blk_id=2943996 ccf_commit_seqno=6066694 nstreams_done_=736000 config.nstreams=1000000 avg_latency=0.5527 ms avg throuhgput (requests/sec) = 1000.5417 res=false
*==== INFO ====*  stream_id=2945996 latency=0.576695 ms (tx_ts=85483260793523, rx_ts=85483261370218) request_id=6069911 zil_blk_id=2945996 ccf_commit_seqno=6069912 nstreams_done_=736500 config.nstreams=1000000 avg_latency=0.5527 ms avg throuhgput (requests/sec) = 1000.5894 res=false
*==== INFO ====*  stream_id=2947996 latency=0.566329 ms (tx_ts=85483767481605, rx_ts=85483768047934) request_id=6073453 zil_blk_id=2947996 ccf_commit_seqno=6073453 nstreams_done_=737000 config.nstreams=1000000 avg_latency=0.5527 ms avg throuhgput (requests/sec) = 1000.5799 res=false
*==== INFO ====*  stream_id=2949996 latency=0.670734 ms (tx_ts=85484236778530, rx_ts=85484237449264) request_id=6076734 zil_blk_id=2949996 ccf_commit_seqno=6076734 nstreams_done_=737500 config.nstreams=1000000 avg_latency=0.5527 ms avg throuhgput (requests/sec) = 1000.6210 res=false
*==== INFO ====*  stream_id=2951996 latency=0.502620 ms (tx_ts=85484704180605, rx_ts=85484704683225) request_id=6079930 zil_blk_id=2951996 ccf_commit_seqno=6079930 nstreams_done_=738000 config.nstreams=1000000 avg_latency=0.5527 ms avg throuhgput (requests/sec) = 1000.6651 res=false
*==== INFO ====*  stream_id=2953996 latency=0.552804 ms (tx_ts=85485175472277, rx_ts=85485176025081) request_id=6083129 zil_blk_id=2953996 ccf_commit_seqno=6083129 nstreams_done_=738500 config.nstreams=1000000 avg_latency=0.5527 ms avg throuhgput (requests/sec) = 1000.7035 res=false
*==== INFO ====*  stream_id=2955996 latency=0.590875 ms (tx_ts=85485644536359, rx_ts=85485645127234) request_id=6086290 zil_blk_id=2955996 ccf_commit_seqno=6086290 nstreams_done_=739000 config.nstreams=1000000 avg_latency=0.5527 ms avg throuhgput (requests/sec) = 1000.7449 res=false
*==== INFO ====*  stream_id=2957996 latency=0.555048 ms (tx_ts=85486107358603, rx_ts=85486107913651) request_id=6089479 zil_blk_id=2957996 ccf_commit_seqno=6089480 nstreams_done_=739500 config.nstreams=1000000 avg_latency=0.5527 ms avg throuhgput (requests/sec) = 1000.7948 res=false
*==== INFO ====*  stream_id=2959996 latency=0.538701 ms (tx_ts=85486560657878, rx_ts=85486561196579) request_id=6092644 zil_blk_id=2959996 ccf_commit_seqno=6092644 nstreams_done_=740000 config.nstreams=1000000 avg_latency=0.5527 ms avg throuhgput (requests/sec) = 1000.8575 res=false
*==== INFO ====*  stream_id=2961996 latency=0.584466 ms (tx_ts=85487026777949, rx_ts=85487027362415) request_id=6095823 zil_blk_id=2961996 ccf_commit_seqno=6095823 nstreams_done_=740500 config.nstreams=1000000 avg_latency=0.5527 ms avg throuhgput (requests/sec) = 1000.9027 res=false
*==== INFO ====*  stream_id=2963996 latency=0.509042 ms (tx_ts=85487491464560, rx_ts=85487491973602) request_id=6099012 zil_blk_id=2963996 ccf_commit_seqno=6099012 nstreams_done_=741000 config.nstreams=1000000 avg_latency=0.5527 ms avg throuhgput (requests/sec) = 1000.9499 res=false
*==== INFO ====*  stream_id=2965996 latency=0.576849 ms (tx_ts=85487982399650, rx_ts=85487982976499) request_id=6102306 zil_blk_id=2965996 ccf_commit_seqno=6102307 nstreams_done_=741500 config.nstreams=1000000 avg_latency=0.5527 ms avg throuhgput (requests/sec) = 1000.9614 res=false
*==== INFO ====*  stream_id=2967996 latency=0.476672 ms (tx_ts=85488442399407, rx_ts=85488442876079) request_id=6105550 zil_blk_id=2967996 ccf_commit_seqno=6105550 nstreams_done_=742000 config.nstreams=1000000 avg_latency=0.5527 ms avg throuhgput (requests/sec) = 1001.0149 res=false
*==== INFO ====*  stream_id=2969996 latency=0.583291 ms (tx_ts=85488929672273, rx_ts=85488930255564) request_id=6109035 zil_blk_id=2969996 ccf_commit_seqno=6109035 nstreams_done_=742500 config.nstreams=1000000 avg_latency=0.5527 ms avg throuhgput (requests/sec) = 1001.0313 res=false
*==== INFO ====*  stream_id=2971996 latency=0.519241 ms (tx_ts=85489395370863, rx_ts=85489395890104) request_id=6112312 zil_blk_id=2971996 ccf_commit_seqno=6112312 nstreams_done_=743000 config.nstreams=1000000 avg_latency=0.5527 ms avg throuhgput (requests/sec) = 1001.0769 res=false
*==== INFO ====*  stream_id=2973996 latency=0.516706 ms (tx_ts=85489859022769, rx_ts=85489859539475) request_id=6115536 zil_blk_id=2973996 ccf_commit_seqno=6115536 nstreams_done_=743500 config.nstreams=1000000 avg_latency=0.5527 ms avg throuhgput (requests/sec) = 1001.1252 res=false
*==== INFO ====*  stream_id=2975996 latency=0.717131 ms (tx_ts=85490336816821, rx_ts=85490337533952) request_id=6118856 zil_blk_id=2975996 ccf_commit_seqno=6118856 nstreams_done_=744000 config.nstreams=1000000 avg_latency=0.5527 ms avg throuhgput (requests/sec) = 1001.1541 res=false
*==== INFO ====*  stream_id=2977996 latency=0.558154 ms (tx_ts=85490818830099, rx_ts=85490819388253) request_id=6122156 zil_blk_id=2977996 ccf_commit_seqno=6122156 nstreams_done_=744500 config.nstreams=1000000 avg_latency=0.5527 ms avg throuhgput (requests/sec) = 1001.1777 res=false
*==== INFO ====*  stream_id=2979996 latency=0.521956 ms (tx_ts=85491297463979, rx_ts=85491297985935) request_id=6125476 zil_blk_id=2979996 ccf_commit_seqno=6125476 nstreams_done_=745000 config.nstreams=1000000 avg_latency=0.5527 ms avg throuhgput (requests/sec) = 1001.2058 res=false
*==== INFO ====*  stream_id=2981996 latency=0.616684 ms (tx_ts=85491784177465, rx_ts=85491784794149) request_id=6128808 zil_blk_id=2981996 ccf_commit_seqno=6128808 nstreams_done_=745500 config.nstreams=1000000 avg_latency=0.5527 ms avg throuhgput (requests/sec) = 1001.2227 res=false
*==== INFO ====*  stream_id=2983996 latency=0.473295 ms (tx_ts=85492264831572, rx_ts=85492265304867) request_id=6132094 zil_blk_id=2983996 ccf_commit_seqno=6132095 nstreams_done_=746000 config.nstreams=1000000 avg_latency=0.5527 ms avg throuhgput (requests/sec) = 1001.2480 res=false
*==== INFO ====*  stream_id=2985996 latency=0.537775 ms (tx_ts=85492750337418, rx_ts=85492750875193) request_id=6135331 zil_blk_id=2985996 ccf_commit_seqno=6135331 nstreams_done_=746500 config.nstreams=1000000 avg_latency=0.5527 ms avg throuhgput (requests/sec) = 1001.2666 res=false
*==== INFO ====*  stream_id=2987996 latency=0.520226 ms (tx_ts=85493252266108, rx_ts=85493252786334) request_id=6138613 zil_blk_id=2987996 ccf_commit_seqno=6138613 nstreams_done_=747000 config.nstreams=1000000 avg_latency=0.5527 ms avg throuhgput (requests/sec) = 1001.2632 res=false
*==== INFO ====*  stream_id=2989996 latency=0.501688 ms (tx_ts=85493719145067, rx_ts=85493719646755) request_id=6141840 zil_blk_id=2989996 ccf_commit_seqno=6141840 nstreams_done_=747500 config.nstreams=1000000 avg_latency=0.5527 ms avg throuhgput (requests/sec) = 1001.3068 res=false
*==== INFO ====*  stream_id=2991996 latency=0.500225 ms (tx_ts=85494230256026, rx_ts=85494230756251) request_id=6145285 zil_blk_id=2991996 ccf_commit_seqno=6145285 nstreams_done_=748000 config.nstreams=1000000 avg_latency=0.5527 ms avg throuhgput (requests/sec) = 1001.2910 res=false
*==== INFO ====*  stream_id=2993996 latency=0.563344 ms (tx_ts=85494708181689, rx_ts=85494708745033) request_id=6148454 zil_blk_id=2993996 ccf_commit_seqno=6148454 nstreams_done_=748500 config.nstreams=1000000 avg_latency=0.5527 ms avg throuhgput (requests/sec) = 1001.3196 res=false
*==== INFO ====*  stream_id=2995996 latency=0.517067 ms (tx_ts=85495198954672, rx_ts=85495199471739) request_id=6151776 zil_blk_id=2995996 ccf_commit_seqno=6151776 nstreams_done_=749000 config.nstreams=1000000 avg_latency=0.5527 ms avg throuhgput (requests/sec) = 1001.3312 res=false
*==== INFO ====*  stream_id=2997996 latency=0.625670 ms (tx_ts=85495688988274, rx_ts=85495689613944) request_id=6155116 zil_blk_id=2997996 ccf_commit_seqno=6155116 nstreams_done_=749500 config.nstreams=1000000 avg_latency=0.5527 ms avg throuhgput (requests/sec) = 1001.3435 res=false
*==== INFO ====*  stream_id=2999996 latency=0.535332 ms (tx_ts=85496169402251, rx_ts=85496169937583) request_id=6158396 zil_blk_id=2999996 ccf_commit_seqno=6158396 nstreams_done_=750000 config.nstreams=1000000 avg_latency=0.5527 ms avg throuhgput (requests/sec) = 1001.3689 res=false
*==== INFO ====*  stream_id=3001996 latency=0.554406 ms (tx_ts=85496633077924, rx_ts=85496633632330) request_id=6161603 zil_blk_id=3001996 ccf_commit_seqno=6161603 nstreams_done_=750500 config.nstreams=1000000 avg_latency=0.5527 ms avg throuhgput (requests/sec) = 1001.4165 res=false
*==== INFO ====*  stream_id=3003996 latency=0.520643 ms (tx_ts=85497092188322, rx_ts=85497092708965) request_id=6164858 zil_blk_id=3003996 ccf_commit_seqno=6164858 nstreams_done_=751000 config.nstreams=1000000 avg_latency=0.5527 ms avg throuhgput (requests/sec) = 1001.4702 res=false
*==== INFO ====*  stream_id=3005996 latency=0.547003 ms (tx_ts=85497561347338, rx_ts=85497561894341) request_id=6168103 zil_blk_id=3005996 ccf_commit_seqno=6168104 nstreams_done_=751500 config.nstreams=1000000 avg_latency=0.5527 ms avg throuhgput (requests/sec) = 1001.5103 res=false
*==== INFO ====*  stream_id=3007996 latency=0.539730 ms (tx_ts=85498039019010, rx_ts=85498039558740) request_id=6171379 zil_blk_id=3007996 ccf_commit_seqno=6171380 nstreams_done_=752000 config.nstreams=1000000 avg_latency=0.5527 ms avg throuhgput (requests/sec) = 1001.5391 res=false
*==== INFO ====*  stream_id=3009996 latency=0.560352 ms (tx_ts=85498507901981, rx_ts=85498508462333) request_id=6174672 zil_blk_id=3009996 ccf_commit_seqno=6174673 nstreams_done_=752500 config.nstreams=1000000 avg_latency=0.5527 ms avg throuhgput (requests/sec) = 1001.5795 res=false
*==== INFO ====*  stream_id=3011996 latency=0.481050 ms (tx_ts=85498979788508, rx_ts=85498980269558) request_id=6177932 zil_blk_id=3011996 ccf_commit_seqno=6177932 nstreams_done_=753000 config.nstreams=1000000 avg_latency=0.5526 ms avg throuhgput (requests/sec) = 1001.6160 res=false
*==== INFO ====*  stream_id=3013996 latency=0.537375 ms (tx_ts=85499464455752, rx_ts=85499464993127) request_id=6181292 zil_blk_id=3013996 ccf_commit_seqno=6181292 nstreams_done_=753500 config.nstreams=1000000 avg_latency=0.5526 ms avg throuhgput (requests/sec) = 1001.6353 res=false
*==== INFO ====*  stream_id=3015996 latency=0.552042 ms (tx_ts=85499975768876, rx_ts=85499976320918) request_id=6184766 zil_blk_id=3015996 ccf_commit_seqno=6184766 nstreams_done_=754000 config.nstreams=1000000 avg_latency=0.5526 ms avg throuhgput (requests/sec) = 1001.6192 res=false
*==== INFO ====*  stream_id=3017996 latency=0.446455 ms (tx_ts=85500467140547, rx_ts=85500467587002) request_id=6188162 zil_blk_id=3017996 ccf_commit_seqno=6188162 nstreams_done_=754500 config.nstreams=1000000 avg_latency=0.5526 ms avg throuhgput (requests/sec) = 1001.6297 res=false
*==== INFO ====*  stream_id=3019996 latency=0.510645 ms (tx_ts=85500962919621, rx_ts=85500963430266) request_id=6191611 zil_blk_id=3019996 ccf_commit_seqno=6191611 nstreams_done_=755000 config.nstreams=1000000 avg_latency=0.5526 ms avg throuhgput (requests/sec) = 1001.6341 res=false
*==== INFO ====*  stream_id=3021996 latency=0.530341 ms (tx_ts=85501479525331, rx_ts=85501480055672) request_id=6195150 zil_blk_id=3021996 ccf_commit_seqno=6195150 nstreams_done_=755500 config.nstreams=1000000 avg_latency=0.5526 ms avg throuhgput (requests/sec) = 1001.6110 res=false
*==== INFO ====*  stream_id=3023996 latency=0.569315 ms (tx_ts=85501990250871, rx_ts=85501990820186) request_id=6198623 zil_blk_id=3023996 ccf_commit_seqno=6198624 nstreams_done_=756000 config.nstreams=1000000 avg_latency=0.5525 ms avg throuhgput (requests/sec) = 1001.5956 res=false
*==== INFO ====*  stream_id=3025996 latency=0.619639 ms (tx_ts=85502522809651, rx_ts=85502523429290) request_id=6202130 zil_blk_id=3025996 ccf_commit_seqno=6202130 nstreams_done_=756500 config.nstreams=1000000 avg_latency=0.5526 ms avg throuhgput (requests/sec) = 1001.5513 res=false
*==== INFO ====*  stream_id=3027996 latency=0.462715 ms (tx_ts=85503040779289, rx_ts=85503041242004) request_id=6205615 zil_blk_id=3027996 ccf_commit_seqno=6205615 nstreams_done_=757000 config.nstreams=1000000 avg_latency=0.5525 ms avg throuhgput (requests/sec) = 1001.5267 res=false
*==== INFO ====*  stream_id=3029996 latency=0.650436 ms (tx_ts=85503562115533, rx_ts=85503562765969) request_id=6209223 zil_blk_id=3029996 ccf_commit_seqno=6209224 nstreams_done_=757500 config.nstreams=1000000 avg_latency=0.5525 ms avg throuhgput (requests/sec) = 1001.4972 res=false
*==== INFO ====*  stream_id=3031996 latency=0.484025 ms (tx_ts=85504096327103, rx_ts=85504096811128) request_id=6212764 zil_blk_id=3031996 ccf_commit_seqno=6212764 nstreams_done_=758000 config.nstreams=1000000 avg_latency=0.5525 ms avg throuhgput (requests/sec) = 1001.4511 res=false
*==== INFO ====*  stream_id=3033996 latency=0.603558 ms (tx_ts=85504618102293, rx_ts=85504618705851) request_id=6216333 zil_blk_id=3033996 ccf_commit_seqno=6216334 nstreams_done_=758500 config.nstreams=1000000 avg_latency=0.5525 ms avg throuhgput (requests/sec) = 1001.4212 res=false
*==== INFO ====*  stream_id=3035996 latency=0.518269 ms (tx_ts=85505113739387, rx_ts=85505114257656) request_id=6219756 zil_blk_id=3035996 ccf_commit_seqno=6219756 nstreams_done_=759000 config.nstreams=1000000 avg_latency=0.5525 ms avg throuhgput (requests/sec) = 1001.4262 res=false
*==== INFO ====*  stream_id=3037996 latency=0.572841 ms (tx_ts=85505610813905, rx_ts=85505611386746) request_id=6223144 zil_blk_id=3037996 ccf_commit_seqno=6223145 nstreams_done_=759500 config.nstreams=1000000 avg_latency=0.5525 ms avg throuhgput (requests/sec) = 1001.4290 res=false
*==== INFO ====*  stream_id=3039996 latency=0.543897 ms (tx_ts=85506119780737, rx_ts=85506120324634) request_id=6226630 zil_blk_id=3039996 ccf_commit_seqno=6226630 nstreams_done_=760000 config.nstreams=1000000 avg_latency=0.5525 ms avg throuhgput (requests/sec) = 1001.4163 res=false
*==== INFO ====*  stream_id=3041996 latency=0.487833 ms (tx_ts=85506630780841, rx_ts=85506631268674) request_id=6230146 zil_blk_id=3041996 ccf_commit_seqno=6230146 nstreams_done_=760500 config.nstreams=1000000 avg_latency=0.5525 ms avg throuhgput (requests/sec) = 1001.4009 res=false
*==== INFO ====*  stream_id=3043996 latency=0.570226 ms (tx_ts=85507136150413, rx_ts=85507136720639) request_id=6233558 zil_blk_id=3043996 ccf_commit_seqno=6233558 nstreams_done_=761000 config.nstreams=1000000 avg_latency=0.5524 ms avg throuhgput (requests/sec) = 1001.3928 res=false
*==== INFO ====*  stream_id=3045996 latency=0.517839 ms (tx_ts=85507656913073, rx_ts=85507657430912) request_id=6237023 zil_blk_id=3045996 ccf_commit_seqno=6237023 nstreams_done_=761500 config.nstreams=1000000 avg_latency=0.5524 ms avg throuhgput (requests/sec) = 1001.3646 res=false
*==== INFO ====*  stream_id=3047996 latency=0.503652 ms (tx_ts=85508163919179, rx_ts=85508164422831) request_id=6240486 zil_blk_id=3047996 ccf_commit_seqno=6240486 nstreams_done_=762000 config.nstreams=1000000 avg_latency=0.5524 ms avg throuhgput (requests/sec) = 1001.3545 res=false
*==== INFO ====*  stream_id=3049996 latency=0.501407 ms (tx_ts=85508677834555, rx_ts=85508678335962) request_id=6244024 zil_blk_id=3049996 ccf_commit_seqno=6244024 nstreams_done_=762500 config.nstreams=1000000 avg_latency=0.5524 ms avg throuhgput (requests/sec) = 1001.3354 res=false
*==== INFO ====*  stream_id=3051996 latency=0.558925 ms (tx_ts=85509182583579, rx_ts=85509183142504) request_id=6247562 zil_blk_id=3051996 ccf_commit_seqno=6247562 nstreams_done_=763000 config.nstreams=1000000 avg_latency=0.5524 ms avg throuhgput (requests/sec) = 1001.3282 res=false
*==== INFO ====*  stream_id=3053996 latency=0.551331 ms (tx_ts=85509705650124, rx_ts=85509706201455) request_id=6251000 zil_blk_id=3053996 ccf_commit_seqno=6251000 nstreams_done_=763500 config.nstreams=1000000 avg_latency=0.5524 ms avg throuhgput (requests/sec) = 1001.2970 res=false
*==== INFO ====*  stream_id=3055996 latency=0.488213 ms (tx_ts=85510202444826, rx_ts=85510202933039) request_id=6254538 zil_blk_id=3055996 ccf_commit_seqno=6254538 nstreams_done_=764000 config.nstreams=1000000 avg_latency=0.5524 ms avg throuhgput (requests/sec) = 1001.3005 res=false
*==== INFO ====*  stream_id=3057996 latency=0.471842 ms (tx_ts=85510705167394, rx_ts=85510705639236) request_id=6258075 zil_blk_id=3057996 ccf_commit_seqno=6258075 nstreams_done_=764500 config.nstreams=1000000 avg_latency=0.5524 ms avg throuhgput (requests/sec) = 1001.2961 res=false
*==== INFO ====*  stream_id=3059996 latency=0.549387 ms (tx_ts=85511209015657, rx_ts=85511209565044) request_id=6261685 zil_blk_id=3059996 ccf_commit_seqno=6261686 nstreams_done_=765000 config.nstreams=1000000 avg_latency=0.5524 ms avg throuhgput (requests/sec) = 1001.2901 res=false
*==== INFO ====*  stream_id=3061996 latency=0.468145 ms (tx_ts=85511721820137, rx_ts=85511722288282) request_id=6265265 zil_blk_id=3061996 ccf_commit_seqno=6265265 nstreams_done_=765500 config.nstreams=1000000 avg_latency=0.5524 ms avg throuhgput (requests/sec) = 1001.2726 res=false
*==== INFO ====*  stream_id=3063996 latency=0.466252 ms (tx_ts=85512225702093, rx_ts=85512226168345) request_id=6268766 zil_blk_id=3063996 ccf_commit_seqno=6268766 nstreams_done_=766000 config.nstreams=1000000 avg_latency=0.5523 ms avg throuhgput (requests/sec) = 1001.2666 res=false
*==== INFO ====*  stream_id=3065996 latency=0.468166 ms (tx_ts=85512720389825, rx_ts=85512720857991) request_id=6272284 zil_blk_id=3065996 ccf_commit_seqno=6272284 nstreams_done_=766500 config.nstreams=1000000 avg_latency=0.5523 ms avg throuhgput (requests/sec) = 1001.2728 res=false
*==== INFO ====*  stream_id=3067996 latency=0.491549 ms (tx_ts=85513227507722, rx_ts=85513227999271) request_id=6275761 zil_blk_id=3067996 ccf_commit_seqno=6275761 nstreams_done_=767000 config.nstreams=1000000 avg_latency=0.5523 ms avg throuhgput (requests/sec) = 1001.2626 res=false
*==== INFO ====*  stream_id=3069996 latency=0.518139 ms (tx_ts=85513720698756, rx_ts=85513721216895) request_id=6279178 zil_blk_id=3069996 ccf_commit_seqno=6279178 nstreams_done_=767500 config.nstreams=1000000 avg_latency=0.5523 ms avg throuhgput (requests/sec) = 1001.2706 res=false
*==== INFO ====*  stream_id=3071996 latency=0.458798 ms (tx_ts=85514223773131, rx_ts=85514224231929) request_id=6282672 zil_blk_id=3071996 ccf_commit_seqno=6282672 nstreams_done_=768000 config.nstreams=1000000 avg_latency=0.5523 ms avg throuhgput (requests/sec) = 1001.2659 res=false
*==== INFO ====*  stream_id=3073996 latency=0.549778 ms (tx_ts=85514725405881, rx_ts=85514725955659) request_id=6286194 zil_blk_id=3073996 ccf_commit_seqno=6286194 nstreams_done_=768500 config.nstreams=1000000 avg_latency=0.5523 ms avg throuhgput (requests/sec) = 1001.2628 res=false
*==== INFO ====*  stream_id=3075996 latency=0.500065 ms (tx_ts=85515243148255, rx_ts=85515243648320) request_id=6289683 zil_blk_id=3075996 ccf_commit_seqno=6289683 nstreams_done_=769000 config.nstreams=1000000 avg_latency=0.5523 ms avg throuhgput (requests/sec) = 1001.2389 res=false
*==== INFO ====*  stream_id=3077996 latency=0.560408 ms (tx_ts=85515744847788, rx_ts=85515745408196) request_id=6293107 zil_blk_id=3077996 ccf_commit_seqno=6293107 nstreams_done_=769500 config.nstreams=1000000 avg_latency=0.5523 ms avg throuhgput (requests/sec) = 1001.2358 res=false
*==== INFO ====*  stream_id=3079996 latency=0.500857 ms (tx_ts=85516290535076, rx_ts=85516291035933) request_id=6296532 zil_blk_id=3079996 ccf_commit_seqno=6296532 nstreams_done_=770000 config.nstreams=1000000 avg_latency=0.5523 ms avg throuhgput (requests/sec) = 1001.1756 res=false
*==== INFO ====*  stream_id=3081996 latency=0.534088 ms (tx_ts=85516822688169, rx_ts=85516823222257) request_id=6300043 zil_blk_id=3081996 ccf_commit_seqno=6300043 nstreams_done_=770500 config.nstreams=1000000 avg_latency=0.5523 ms avg throuhgput (requests/sec) = 1001.1330 res=false
*==== INFO ====*  stream_id=3083996 latency=0.490227 ms (tx_ts=85517333532874, rx_ts=85517334023101) request_id=6303558 zil_blk_id=3083996 ccf_commit_seqno=6303558 nstreams_done_=771000 config.nstreams=1000000 avg_latency=0.5523 ms avg throuhgput (requests/sec) = 1001.1182 res=false
*==== INFO ====*  stream_id=3085996 latency=0.562242 ms (tx_ts=85517843340933, rx_ts=85517843903175) request_id=6307020 zil_blk_id=3085996 ccf_commit_seqno=6307021 nstreams_done_=771500 config.nstreams=1000000 avg_latency=0.5523 ms avg throuhgput (requests/sec) = 1001.1046 res=false
*==== INFO ====*  stream_id=3087996 latency=0.547905 ms (tx_ts=85518349732871, rx_ts=85518350280776) request_id=6310506 zil_blk_id=3087996 ccf_commit_seqno=6310506 nstreams_done_=772000 config.nstreams=1000000 avg_latency=0.5523 ms avg throuhgput (requests/sec) = 1001.0956 res=false
*==== INFO ====*  stream_id=3089996 latency=0.498923 ms (tx_ts=85518842362132, rx_ts=85518842861055) request_id=6313905 zil_blk_id=3089996 ccf_commit_seqno=6313905 nstreams_done_=772500 config.nstreams=1000000 avg_latency=0.5523 ms avg throuhgput (requests/sec) = 1001.1046 res=false
*==== INFO ====*  stream_id=3091996 latency=0.578552 ms (tx_ts=85519381895288, rx_ts=85519382473840) request_id=6317285 zil_blk_id=3091996 ccf_commit_seqno=6317285 nstreams_done_=773000 config.nstreams=1000000 avg_latency=0.5523 ms avg throuhgput (requests/sec) = 1001.0525 res=false
*==== INFO ====*  stream_id=3093996 latency=0.498272 ms (tx_ts=85519911285412, rx_ts=85519911783684) request_id=6320691 zil_blk_id=3093996 ccf_commit_seqno=6320691 nstreams_done_=773500 config.nstreams=1000000 avg_latency=0.5523 ms avg throuhgput (requests/sec) = 1001.0138 res=false
*==== INFO ====*  stream_id=3095996 latency=0.495677 ms (tx_ts=85520441026723, rx_ts=85520441522400) request_id=6324315 zil_blk_id=3095996 ccf_commit_seqno=6324315 nstreams_done_=774000 config.nstreams=1000000 avg_latency=0.5523 ms avg throuhgput (requests/sec) = 1000.9747 res=false
*==== INFO ====*  stream_id=3097996 latency=0.538768 ms (tx_ts=85520963841350, rx_ts=85520964380118) request_id=6327852 zil_blk_id=3097996 ccf_commit_seqno=6327852 nstreams_done_=774500 config.nstreams=1000000 avg_latency=0.5523 ms avg throuhgput (requests/sec) = 1000.9445 res=false
*==== INFO ====*  stream_id=3099996 latency=0.583100 ms (tx_ts=85521480450023, rx_ts=85521481033123) request_id=6331319 zil_blk_id=3099996 ccf_commit_seqno=6331319 nstreams_done_=775000 config.nstreams=1000000 avg_latency=0.5523 ms avg throuhgput (requests/sec) = 1000.9223 res=false
*==== INFO ====*  stream_id=3101996 latency=0.562472 ms (tx_ts=85522007217392, rx_ts=85522007779864) request_id=6334790 zil_blk_id=3101996 ccf_commit_seqno=6334790 nstreams_done_=775500 config.nstreams=1000000 avg_latency=0.5523 ms avg throuhgput (requests/sec) = 1000.8872 res=false
*==== INFO ====*  stream_id=3103996 latency=0.541764 ms (tx_ts=85522491817990, rx_ts=85522492359754) request_id=6338031 zil_blk_id=3103996 ccf_commit_seqno=6338031 nstreams_done_=776000 config.nstreams=1000000 avg_latency=0.5523 ms avg throuhgput (requests/sec) = 1000.9065 res=false
*==== INFO ====*  stream_id=3105996 latency=0.532786 ms (tx_ts=85523010806343, rx_ts=85523011339129) request_id=6341302 zil_blk_id=3105996 ccf_commit_seqno=6341302 nstreams_done_=776500 config.nstreams=1000000 avg_latency=0.5523 ms avg throuhgput (requests/sec) = 1000.8815 res=false
*==== INFO ====*  stream_id=3107996 latency=0.525472 ms (tx_ts=85523493939617, rx_ts=85523494465089) request_id=6344597 zil_blk_id=3107996 ccf_commit_seqno=6344597 nstreams_done_=777000 config.nstreams=1000000 avg_latency=0.5523 ms avg throuhgput (requests/sec) = 1000.9026 res=false
*==== INFO ====*  stream_id=3109996 latency=0.580566 ms (tx_ts=85523997074077, rx_ts=85523997654643) request_id=6348010 zil_blk_id=3109996 ccf_commit_seqno=6348012 nstreams_done_=777500 config.nstreams=1000000 avg_latency=0.5523 ms avg throuhgput (requests/sec) = 1000.8980 res=false
*==== INFO ====*  stream_id=3111996 latency=0.508861 ms (tx_ts=85524490964523, rx_ts=85524491473384) request_id=6351358 zil_blk_id=3111996 ccf_commit_seqno=6351358 nstreams_done_=778000 config.nstreams=1000000 avg_latency=0.5523 ms avg throuhgput (requests/sec) = 1000.9053 res=false
*==== INFO ====*  stream_id=3113996 latency=0.500606 ms (tx_ts=85524973913949, rx_ts=85524974414555) request_id=6354637 zil_blk_id=3113996 ccf_commit_seqno=6354637 nstreams_done_=778500 config.nstreams=1000000 avg_latency=0.5523 ms avg throuhgput (requests/sec) = 1000.9267 res=false
*==== INFO ====*  stream_id=3115996 latency=0.569215 ms (tx_ts=85525473697742, rx_ts=85525474266957) request_id=6358086 zil_blk_id=3115996 ccf_commit_seqno=6358086 nstreams_done_=779000 config.nstreams=1000000 avg_latency=0.5523 ms avg throuhgput (requests/sec) = 1000.9263 res=false
*==== INFO ====*  stream_id=3117996 latency=0.556050 ms (tx_ts=85525988716936, rx_ts=85525989272986) request_id=6361567 zil_blk_id=3117996 ccf_commit_seqno=6361567 nstreams_done_=779500 config.nstreams=1000000 avg_latency=0.5523 ms avg throuhgput (requests/sec) = 1000.9064 res=false
*==== INFO ====*  stream_id=3119996 latency=0.514302 ms (tx_ts=85526471133307, rx_ts=85526471647609) request_id=6364905 zil_blk_id=3119996 ccf_commit_seqno=6364905 nstreams_done_=780000 config.nstreams=1000000 avg_latency=0.5523 ms avg throuhgput (requests/sec) = 1000.9285 res=false
*==== INFO ====*  stream_id=3121996 latency=0.495557 ms (tx_ts=85526962566786, rx_ts=85526963062343) request_id=6368322 zil_blk_id=3121996 ccf_commit_seqno=6368322 nstreams_done_=780500 config.nstreams=1000000 avg_latency=0.5523 ms avg throuhgput (requests/sec) = 1000.9389 res=false
*==== INFO ====*  stream_id=3123996 latency=0.525913 ms (tx_ts=85527440411350, rx_ts=85527440937263) request_id=6371531 zil_blk_id=3123996 ccf_commit_seqno=6371531 nstreams_done_=781000 config.nstreams=1000000 avg_latency=0.5523 ms avg throuhgput (requests/sec) = 1000.9667 res=false
*==== INFO ====*  stream_id=3125996 latency=0.464078 ms (tx_ts=85527952322376, rx_ts=85527952786454) request_id=6375077 zil_blk_id=3125996 ccf_commit_seqno=6375077 nstreams_done_=781500 config.nstreams=1000000 avg_latency=0.5523 ms avg throuhgput (requests/sec) = 1000.9509 res=false
*==== INFO ====*  stream_id=3127996 latency=0.503231 ms (tx_ts=85528452700835, rx_ts=85528453204066) request_id=6378559 zil_blk_id=3127996 ccf_commit_seqno=6378559 nstreams_done_=782000 config.nstreams=1000000 avg_latency=0.5523 ms avg throuhgput (requests/sec) = 1000.9497 res=false
*==== INFO ====*  stream_id=3129996 latency=0.489155 ms (tx_ts=85528961558131, rx_ts=85528962047286) request_id=6382088 zil_blk_id=3129996 ccf_commit_seqno=6382088 nstreams_done_=782500 config.nstreams=1000000 avg_latency=0.5522 ms avg throuhgput (requests/sec) = 1000.9378 res=false
*==== INFO ====*  stream_id=3131996 latency=0.582299 ms (tx_ts=85529458847087, rx_ts=85529459429386) request_id=6385566 zil_blk_id=3131996 ccf_commit_seqno=6385566 nstreams_done_=783000 config.nstreams=1000000 avg_latency=0.5522 ms avg throuhgput (requests/sec) = 1000.9406 res=false
*==== INFO ====*  stream_id=3133996 latency=0.496909 ms (tx_ts=85529968882215, rx_ts=85529969379124) request_id=6389016 zil_blk_id=3133996 ccf_commit_seqno=6389016 nstreams_done_=783500 config.nstreams=1000000 avg_latency=0.5522 ms avg throuhgput (requests/sec) = 1000.9272 res=false
*==== INFO ====*  stream_id=3135996 latency=0.524009 ms (tx_ts=85530489634678, rx_ts=85530490158687) request_id=6392491 zil_blk_id=3135996 ccf_commit_seqno=6392491 nstreams_done_=784000 config.nstreams=1000000 avg_latency=0.5522 ms avg throuhgput (requests/sec) = 1000.9001 res=false
*==== INFO ====*  stream_id=3137996 latency=0.482432 ms (tx_ts=85530996594076, rx_ts=85530997076508) request_id=6395921 zil_blk_id=3137996 ccf_commit_seqno=6395921 nstreams_done_=784500 config.nstreams=1000000 avg_latency=0.5522 ms avg throuhgput (requests/sec) = 1000.8907 res=false
*==== INFO ====*  stream_id=3139996 latency=0.579984 ms (tx_ts=85531480036119, rx_ts=85531480616103) request_id=6399257 zil_blk_id=3139996 ccf_commit_seqno=6399257 nstreams_done_=785000 config.nstreams=1000000 avg_latency=0.5522 ms avg throuhgput (requests/sec) = 1000.9111 res=false
*==== INFO ====*  stream_id=3141996 latency=0.556230 ms (tx_ts=85531967677718, rx_ts=85531968233948) request_id=6402608 zil_blk_id=3141996 ccf_commit_seqno=6402608 nstreams_done_=785500 config.nstreams=1000000 avg_latency=0.5522 ms avg throuhgput (requests/sec) = 1000.9263 res=false
*==== INFO ====*  stream_id=3143996 latency=0.550409 ms (tx_ts=85532454164996, rx_ts=85532454715405) request_id=6405996 zil_blk_id=3143996 ccf_commit_seqno=6405997 nstreams_done_=786000 config.nstreams=1000000 avg_latency=0.5522 ms avg throuhgput (requests/sec) = 1000.9430 res=false
*==== INFO ====*  stream_id=3145996 latency=0.525964 ms (tx_ts=85532968286387, rx_ts=85532968812351) request_id=6409497 zil_blk_id=3145996 ccf_commit_seqno=6409497 nstreams_done_=786500 config.nstreams=1000000 avg_latency=0.5522 ms avg throuhgput (requests/sec) = 1000.9244 res=false
*==== INFO ====*  stream_id=3147996 latency=0.538376 ms (tx_ts=85533456293045, rx_ts=85533456831421) request_id=6412856 zil_blk_id=3147996 ccf_commit_seqno=6412856 nstreams_done_=787000 config.nstreams=1000000 avg_latency=0.5522 ms avg throuhgput (requests/sec) = 1000.9391 res=false
*==== INFO ====*  stream_id=3149996 latency=0.521124 ms (tx_ts=85533958077645, rx_ts=85533958598769) request_id=6416322 zil_blk_id=3149996 ccf_commit_seqno=6416322 nstreams_done_=787500 config.nstreams=1000000 avg_latency=0.5522 ms avg throuhgput (requests/sec) = 1000.9362 res=false
*==== INFO ====*  stream_id=3151996 latency=0.499745 ms (tx_ts=85534434245290, rx_ts=85534434745035) request_id=6419620 zil_blk_id=3151996 ccf_commit_seqno=6419620 nstreams_done_=788000 config.nstreams=1000000 avg_latency=0.5522 ms avg throuhgput (requests/sec) = 1000.9660 res=false
*==== INFO ====*  stream_id=3153996 latency=0.497671 ms (tx_ts=85534934720297, rx_ts=85534935217968) request_id=6423072 zil_blk_id=3153996 ccf_commit_seqno=6423072 nstreams_done_=788500 config.nstreams=1000000 avg_latency=0.5522 ms avg throuhgput (requests/sec) = 1000.9647 res=false
*==== INFO ====*  stream_id=3155996 latency=0.482192 ms (tx_ts=85535436019289, rx_ts=85535436501481) request_id=6426554 zil_blk_id=3155996 ccf_commit_seqno=6426554 nstreams_done_=789000 config.nstreams=1000000 avg_latency=0.5522 ms avg throuhgput (requests/sec) = 1000.9625 res=false
*==== INFO ====*  stream_id=3157996 latency=0.487271 ms (tx_ts=85535927030691, rx_ts=85535927517962) request_id=6430019 zil_blk_id=3157996 ccf_commit_seqno=6430019 nstreams_done_=789500 config.nstreams=1000000 avg_latency=0.5522 ms avg throuhgput (requests/sec) = 1000.9733 res=false
*==== INFO ====*  stream_id=3159996 latency=0.502069 ms (tx_ts=85536408437460, rx_ts=85536408939529) request_id=6433432 zil_blk_id=3159996 ccf_commit_seqno=6433432 nstreams_done_=790000 config.nstreams=1000000 avg_latency=0.5522 ms avg throuhgput (requests/sec) = 1000.9962 res=false
*==== INFO ====*  stream_id=3161996 latency=0.534770 ms (tx_ts=85536940963361, rx_ts=85536941498131) request_id=6437082 zil_blk_id=3161996 ccf_commit_seqno=6437082 nstreams_done_=790500 config.nstreams=1000000 avg_latency=0.5522 ms avg throuhgput (requests/sec) = 1000.9543 res=false
*==== INFO ====*  stream_id=3163996 latency=0.474955 ms (tx_ts=85537440632064, rx_ts=85537441107019) request_id=6440536 zil_blk_id=3163996 ccf_commit_seqno=6440536 nstreams_done_=791000 config.nstreams=1000000 avg_latency=0.5521 ms avg throuhgput (requests/sec) = 1000.9542 res=false
*==== INFO ====*  stream_id=3165996 latency=0.527366 ms (tx_ts=85537913459630, rx_ts=85537913986996) request_id=6443751 zil_blk_id=3165996 ccf_commit_seqno=6443752 nstreams_done_=791500 config.nstreams=1000000 avg_latency=0.5521 ms avg throuhgput (requests/sec) = 1000.9880 res=false
*==== INFO ====*  stream_id=3167996 latency=0.469689 ms (tx_ts=85538386613724, rx_ts=85538387083413) request_id=6447059 zil_blk_id=3167996 ccf_commit_seqno=6447059 nstreams_done_=792000 config.nstreams=1000000 avg_latency=0.5521 ms avg throuhgput (requests/sec) = 1001.0214 res=false
*==== INFO ====*  stream_id=3169996 latency=0.496259 ms (tx_ts=85538873777569, rx_ts=85538874273828) request_id=6450438 zil_blk_id=3169996 ccf_commit_seqno=6450438 nstreams_done_=792500 config.nstreams=1000000 avg_latency=0.5522 ms avg throuhgput (requests/sec) = 1001.0369 res=false
*==== INFO ====*  stream_id=3171996 latency=0.619809 ms (tx_ts=85539366603270, rx_ts=85539367223079) request_id=6453895 zil_blk_id=3171996 ccf_commit_seqno=6453896 nstreams_done_=793000 config.nstreams=1000000 avg_latency=0.5522 ms avg throuhgput (requests/sec) = 1001.0452 res=false
*==== INFO ====*  stream_id=3173996 latency=0.596386 ms (tx_ts=85539858550523, rx_ts=85539859146909) request_id=6457358 zil_blk_id=3173996 ccf_commit_seqno=6457358 nstreams_done_=793500 config.nstreams=1000000 avg_latency=0.5521 ms avg throuhgput (requests/sec) = 1001.0547 res=false
*==== INFO ====*  stream_id=3175996 latency=0.483064 ms (tx_ts=85540359259953, rx_ts=85540359743017) request_id=6460828 zil_blk_id=3175996 ccf_commit_seqno=6460828 nstreams_done_=794000 config.nstreams=1000000 avg_latency=0.5522 ms avg throuhgput (requests/sec) = 1001.0533 res=false
*==== INFO ====*  stream_id=3177996 latency=0.473345 ms (tx_ts=85540834948359, rx_ts=85540835421704) request_id=6464127 zil_blk_id=3177996 ccf_commit_seqno=6464127 nstreams_done_=794500 config.nstreams=1000000 avg_latency=0.5522 ms avg throuhgput (requests/sec) = 1001.0833 res=false
*==== INFO ====*  stream_id=3179996 latency=0.518690 ms (tx_ts=85541292571075, rx_ts=85541293089765) request_id=6467309 zil_blk_id=3179996 ccf_commit_seqno=6467309 nstreams_done_=795000 config.nstreams=1000000 avg_latency=0.5522 ms avg throuhgput (requests/sec) = 1001.1360 res=false
*==== INFO ====*  stream_id=3181996 latency=0.524781 ms (tx_ts=85541776798616, rx_ts=85541777323397) request_id=6470646 zil_blk_id=3181996 ccf_commit_seqno=6470646 nstreams_done_=795500 config.nstreams=1000000 avg_latency=0.5521 ms avg throuhgput (requests/sec) = 1001.1552 res=false
*==== INFO ====*  stream_id=3183996 latency=0.527657 ms (tx_ts=85542267994293, rx_ts=85542268521950) request_id=6473889 zil_blk_id=3183996 ccf_commit_seqno=6473889 nstreams_done_=796000 config.nstreams=1000000 avg_latency=0.5521 ms avg throuhgput (requests/sec) = 1001.1655 res=false
*==== INFO ====*  stream_id=3185996 latency=0.582439 ms (tx_ts=85542748997851, rx_ts=85542749580290) request_id=6477175 zil_blk_id=3185996 ccf_commit_seqno=6477175 nstreams_done_=796500 config.nstreams=1000000 avg_latency=0.5522 ms avg throuhgput (requests/sec) = 1001.1886 res=false
*==== INFO ====*  stream_id=3187996 latency=0.659253 ms (tx_ts=85543209231389, rx_ts=85543209890642) request_id=6480377 zil_blk_id=3187996 ccf_commit_seqno=6480379 nstreams_done_=797000 config.nstreams=1000000 avg_latency=0.5522 ms avg throuhgput (requests/sec) = 1001.2378 res=false
*==== INFO ====*  stream_id=3189996 latency=0.534770 ms (tx_ts=85543694788148, rx_ts=85543695322918) request_id=6483674 zil_blk_id=3189996 ccf_commit_seqno=6483674 nstreams_done_=797500 config.nstreams=1000000 avg_latency=0.5522 ms avg throuhgput (requests/sec) = 1001.2553 res=false
*==== INFO ====*  stream_id=3191996 latency=0.473256 ms (tx_ts=85544150205899, rx_ts=85544150679155) request_id=6486888 zil_blk_id=3191996 ccf_commit_seqno=6486888 nstreams_done_=798000 config.nstreams=1000000 avg_latency=0.5522 ms avg throuhgput (requests/sec) = 1001.3106 res=false
*==== INFO ====*  stream_id=3193996 latency=0.473385 ms (tx_ts=85544620611844, rx_ts=85544621085229) request_id=6490148 zil_blk_id=3193996 ccf_commit_seqno=6490148 nstreams_done_=798500 config.nstreams=1000000 avg_latency=0.5522 ms avg throuhgput (requests/sec) = 1001.3470 res=false
*==== INFO ====*  stream_id=3195996 latency=0.506748 ms (tx_ts=85545080414425, rx_ts=85545080921173) request_id=6493352 zil_blk_id=3195996 ccf_commit_seqno=6493352 nstreams_done_=799000 config.nstreams=1000000 avg_latency=0.5521 ms avg throuhgput (requests/sec) = 1001.3965 res=false
*==== INFO ====*  stream_id=3197996 latency=0.533608 ms (tx_ts=85545565511508, rx_ts=85545566045116) request_id=6496660 zil_blk_id=3197996 ccf_commit_seqno=6496660 nstreams_done_=799500 config.nstreams=1000000 avg_latency=0.5521 ms avg throuhgput (requests/sec) = 1001.4143 res=false
*==== INFO ====*  stream_id=3199996 latency=0.493924 ms (tx_ts=85546050251493, rx_ts=85546050745417) request_id=6499957 zil_blk_id=3199996 ccf_commit_seqno=6499957 nstreams_done_=800000 config.nstreams=1000000 avg_latency=0.5521 ms avg throuhgput (requests/sec) = 1001.4326 res=false
*==== INFO ====*  stream_id=3201996 latency=0.546553 ms (tx_ts=85546543923952, rx_ts=85546544470505) request_id=6503310 zil_blk_id=3201996 ccf_commit_seqno=6503310 nstreams_done_=800500 config.nstreams=1000000 avg_latency=0.5521 ms avg throuhgput (requests/sec) = 1001.4396 res=false
*==== INFO ====*  stream_id=3203996 latency=0.541863 ms (tx_ts=85547034239564, rx_ts=85547034781427) request_id=6506605 zil_blk_id=3203996 ccf_commit_seqno=6506605 nstreams_done_=801000 config.nstreams=1000000 avg_latency=0.5521 ms avg throuhgput (requests/sec) = 1001.4508 res=false
*==== INFO ====*  stream_id=3205996 latency=1.812179 ms (tx_ts=85547528903193, rx_ts=85547530715372) request_id=6509971 zil_blk_id=3205996 ccf_commit_seqno=6509971 nstreams_done_=801500 config.nstreams=1000000 avg_latency=0.5521 ms avg throuhgput (requests/sec) = 1001.4550 res=false
*==== INFO ====*  stream_id=3207996 latency=0.535712 ms (tx_ts=85548059972826, rx_ts=85548060508538) request_id=6513521 zil_blk_id=3207996 ccf_commit_seqno=6513521 nstreams_done_=802000 config.nstreams=1000000 avg_latency=0.5521 ms avg throuhgput (requests/sec) = 1001.4168 res=false
*==== INFO ====*  stream_id=3209996 latency=0.555068 ms (tx_ts=85548564695499, rx_ts=85548565250567) request_id=6516927 zil_blk_id=3209996 ccf_commit_seqno=6516928 nstreams_done_=802500 config.nstreams=1000000 avg_latency=0.5521 ms avg throuhgput (requests/sec) = 1001.4100 res=false
*==== INFO ====*  stream_id=3211996 latency=0.552924 ms (tx_ts=85549092342982, rx_ts=85549092895906) request_id=6520479 zil_blk_id=3211996 ccf_commit_seqno=6520480 nstreams_done_=803000 config.nstreams=1000000 avg_latency=0.5521 ms avg throuhgput (requests/sec) = 1001.3746 res=false
*==== INFO ====*  stream_id=3213996 latency=0.512789 ms (tx_ts=85549585726047, rx_ts=85549586238836) request_id=6523882 zil_blk_id=3213996 ccf_commit_seqno=6523882 nstreams_done_=803500 config.nstreams=1000000 avg_latency=0.5521 ms avg throuhgput (requests/sec) = 1001.3821 res=false
*==== INFO ====*  stream_id=3215996 latency=0.573432 ms (tx_ts=85550062026982, rx_ts=85550062600414) request_id=6527215 zil_blk_id=3215996 ccf_commit_seqno=6527215 nstreams_done_=804000 config.nstreams=1000000 avg_latency=0.5521 ms avg throuhgput (requests/sec) = 1001.4107 res=false
*==== INFO ====*  stream_id=3217996 latency=0.595674 ms (tx_ts=85550546914104, rx_ts=85550547509778) request_id=6530688 zil_blk_id=3217996 ccf_commit_seqno=6530688 nstreams_done_=804500 config.nstreams=1000000 avg_latency=0.5521 ms avg throuhgput (requests/sec) = 1001.4286 res=false
*==== INFO ====*  stream_id=3219996 latency=0.601234 ms (tx_ts=85551024469786, rx_ts=85551025071020) request_id=6534023 zil_blk_id=3219996 ccf_commit_seqno=6534024 nstreams_done_=805000 config.nstreams=1000000 avg_latency=0.5521 ms avg throuhgput (requests/sec) = 1001.4557 res=false
*==== INFO ====*  stream_id=3221996 latency=0.503772 ms (tx_ts=85551501051767, rx_ts=85551501555539) request_id=6537410 zil_blk_id=3221996 ccf_commit_seqno=6537410 nstreams_done_=805500 config.nstreams=1000000 avg_latency=0.5521 ms avg throuhgput (requests/sec) = 1001.4841 res=false
*==== INFO ====*  stream_id=3223996 latency=0.522968 ms (tx_ts=85551971214510, rx_ts=85551971737478) request_id=6540721 zil_blk_id=3223996 ccf_commit_seqno=6540721 nstreams_done_=806000 config.nstreams=1000000 avg_latency=0.5520 ms avg throuhgput (requests/sec) = 1001.5202 res=false
*==== INFO ====*  stream_id=3225996 latency=0.463987 ms (tx_ts=85552469936314, rx_ts=85552470400301) request_id=6544209 zil_blk_id=3225996 ccf_commit_seqno=6544209 nstreams_done_=806500 config.nstreams=1000000 avg_latency=0.5520 ms avg throuhgput (requests/sec) = 1001.5210 res=false
*==== INFO ====*  stream_id=3227996 latency=0.592088 ms (tx_ts=85553005369460, rx_ts=85553005961548) request_id=6547908 zil_blk_id=3227996 ccf_commit_seqno=6547908 nstreams_done_=807000 config.nstreams=1000000 avg_latency=0.5520 ms avg throuhgput (requests/sec) = 1001.4758 res=false
*==== INFO ====*  stream_id=3229996 latency=0.479828 ms (tx_ts=85553523043556, rx_ts=85553523523384) request_id=6551429 zil_blk_id=3229996 ccf_commit_seqno=6551429 nstreams_done_=807500 config.nstreams=1000000 avg_latency=0.5520 ms avg throuhgput (requests/sec) = 1001.4531 res=false
*==== INFO ====*  stream_id=3231996 latency=0.568363 ms (tx_ts=85554024989249, rx_ts=85554025557612) request_id=6554939 zil_blk_id=3231996 ccf_commit_seqno=6554939 nstreams_done_=808000 config.nstreams=1000000 avg_latency=0.5520 ms avg throuhgput (requests/sec) = 1001.4497 res=false
*==== INFO ====*  stream_id=3233996 latency=0.511787 ms (tx_ts=85554528144574, rx_ts=85554528656361) request_id=6558482 zil_blk_id=3233996 ccf_commit_seqno=6558482 nstreams_done_=808500 config.nstreams=1000000 avg_latency=0.5520 ms avg throuhgput (requests/sec) = 1001.4449 res=false
*==== INFO ====*  stream_id=3235996 latency=0.490206 ms (tx_ts=85555035223627, rx_ts=85555035713833) request_id=6562006 zil_blk_id=3235996 ccf_commit_seqno=6562006 nstreams_done_=809000 config.nstreams=1000000 avg_latency=0.5520 ms avg throuhgput (requests/sec) = 1001.4353 res=false
*==== INFO ====*  stream_id=3237996 latency=0.695931 ms (tx_ts=85555548599495, rx_ts=85555549295426) request_id=6565539 zil_blk_id=3237996 ccf_commit_seqno=6565540 nstreams_done_=809500 config.nstreams=1000000 avg_latency=0.5520 ms avg throuhgput (requests/sec) = 1001.4176 res=false
*==== INFO ====*  stream_id=3239996 latency=0.610342 ms (tx_ts=85556047055541, rx_ts=85556047665883) request_id=6568998 zil_blk_id=3239996 ccf_commit_seqno=6568998 nstreams_done_=810000 config.nstreams=1000000 avg_latency=0.5520 ms avg throuhgput (requests/sec) = 1001.4187 res=false
*==== INFO ====*  stream_id=3241996 latency=0.492521 ms (tx_ts=85556542618481, rx_ts=85556543111002) request_id=6572540 zil_blk_id=3241996 ccf_commit_seqno=6572540 nstreams_done_=810500 config.nstreams=1000000 avg_latency=0.5520 ms avg throuhgput (requests/sec) = 1001.4235 res=false
*==== INFO ====*  stream_id=3243996 latency=0.495036 ms (tx_ts=85557047472833, rx_ts=85557047967869) request_id=6576124 zil_blk_id=3243996 ccf_commit_seqno=6576124 nstreams_done_=811000 config.nstreams=1000000 avg_latency=0.5520 ms avg throuhgput (requests/sec) = 1001.4166 res=false
*==== INFO ====*  stream_id=3245996 latency=0.570276 ms (tx_ts=85557560048940, rx_ts=85557560619216) request_id=6579702 zil_blk_id=3245996 ccf_commit_seqno=6579702 nstreams_done_=811500 config.nstreams=1000000 avg_latency=0.5519 ms avg throuhgput (requests/sec) = 1001.4001 res=false
*==== INFO ====*  stream_id=3247996 latency=0.502609 ms (tx_ts=85558078935942, rx_ts=85558079438551) request_id=6583270 zil_blk_id=3247996 ccf_commit_seqno=6583270 nstreams_done_=812000 config.nstreams=1000000 avg_latency=0.5519 ms avg throuhgput (requests/sec) = 1001.3760 res=false
*==== INFO ====*  stream_id=3249996 latency=0.491850 ms (tx_ts=85558595378462, rx_ts=85558595870312) request_id=6586818 zil_blk_id=3249996 ccf_commit_seqno=6586818 nstreams_done_=812500 config.nstreams=1000000 avg_latency=0.5519 ms avg throuhgput (requests/sec) = 1001.3548 res=false
*==== INFO ====*  stream_id=3251996 latency=0.552443 ms (tx_ts=85559089145112, rx_ts=85559089697555) request_id=6590269 zil_blk_id=3251996 ccf_commit_seqno=6590270 nstreams_done_=813000 config.nstreams=1000000 avg_latency=0.5519 ms avg throuhgput (requests/sec) = 1001.3616 res=false
*==== INFO ====*  stream_id=3253996 latency=0.600984 ms (tx_ts=85559577119560, rx_ts=85559577720544) request_id=6593724 zil_blk_id=3253996 ccf_commit_seqno=6593724 nstreams_done_=813500 config.nstreams=1000000 avg_latency=0.5519 ms avg throuhgput (requests/sec) = 1001.3755 res=false
*==== INFO ====*  stream_id=3255996 latency=0.502029 ms (tx_ts=85560084289430, rx_ts=85560084791459) request_id=6597219 zil_blk_id=3255996 ccf_commit_seqno=6597219 nstreams_done_=814000 config.nstreams=1000000 avg_latency=0.5519 ms avg throuhgput (requests/sec) = 1001.3660 res=false
*==== INFO ====*  stream_id=3257996 latency=0.524671 ms (tx_ts=85560624322717, rx_ts=85560624847388) request_id=6600840 zil_blk_id=3257996 ccf_commit_seqno=6600840 nstreams_done_=814500 config.nstreams=1000000 avg_latency=0.5519 ms avg throuhgput (requests/sec) = 1001.3158 res=false
*==== INFO ====*  stream_id=3259996 latency=0.554387 ms (tx_ts=85561139523205, rx_ts=85561140077592) request_id=6604388 zil_blk_id=3259996 ccf_commit_seqno=6604388 nstreams_done_=815000 config.nstreams=1000000 avg_latency=0.5519 ms avg throuhgput (requests/sec) = 1001.2963 res=false
*==== INFO ====*  stream_id=3261996 latency=0.501648 ms (tx_ts=85561644893830, rx_ts=85561645395478) request_id=6607834 zil_blk_id=3261996 ccf_commit_seqno=6607834 nstreams_done_=815500 config.nstreams=1000000 avg_latency=0.5519 ms avg throuhgput (requests/sec) = 1001.2890 res=false
*==== INFO ====*  stream_id=3263996 latency=0.545430 ms (tx_ts=85562173907530, rx_ts=85562174452960) request_id=6611293 zil_blk_id=3263996 ccf_commit_seqno=6611293 nstreams_done_=816000 config.nstreams=1000000 avg_latency=0.5519 ms avg throuhgput (requests/sec) = 1001.2525 res=false
*==== INFO ====*  stream_id=3265996 latency=0.531243 ms (tx_ts=85562681455551, rx_ts=85562681986794) request_id=6614641 zil_blk_id=3265996 ccf_commit_seqno=6614641 nstreams_done_=816500 config.nstreams=1000000 avg_latency=0.5519 ms avg throuhgput (requests/sec) = 1001.2425 res=false
*==== INFO ====*  stream_id=3267996 latency=0.489285 ms (tx_ts=85563186902379, rx_ts=85563187391664) request_id=6617979 zil_blk_id=3267996 ccf_commit_seqno=6617979 nstreams_done_=817000 config.nstreams=1000000 avg_latency=0.5519 ms avg throuhgput (requests/sec) = 1001.2351 res=false
*==== INFO ====*  stream_id=3269996 latency=0.562051 ms (tx_ts=85563678019021, rx_ts=85563678581072) request_id=6621395 zil_blk_id=3269996 ccf_commit_seqno=6621396 nstreams_done_=817500 config.nstreams=1000000 avg_latency=0.5519 ms avg throuhgput (requests/sec) = 1001.2451 res=false
*==== INFO ====*  stream_id=3271996 latency=0.508671 ms (tx_ts=85564204281873, rx_ts=85564204790544) request_id=6624949 zil_blk_id=3271996 ccf_commit_seqno=6624949 nstreams_done_=818000 config.nstreams=1000000 avg_latency=0.5519 ms avg throuhgput (requests/sec) = 1001.2122 res=false
*==== INFO ====*  stream_id=3273996 latency=0.482623 ms (tx_ts=85564718263965, rx_ts=85564718746588) request_id=6628384 zil_blk_id=3273996 ccf_commit_seqno=6628384 nstreams_done_=818500 config.nstreams=1000000 avg_latency=0.5519 ms avg throuhgput (requests/sec) = 1001.1944 res=false
*==== INFO ====*  stream_id=3275996 latency=0.512158 ms (tx_ts=85565196031721, rx_ts=85565196543879) request_id=6631696 zil_blk_id=3275996 ccf_commit_seqno=6631696 nstreams_done_=819000 config.nstreams=1000000 avg_latency=0.5519 ms avg throuhgput (requests/sec) = 1001.2208 res=false
*==== INFO ====*  stream_id=3277996 latency=0.505194 ms (tx_ts=85565685414073, rx_ts=85565685919267) request_id=6635094 zil_blk_id=3277996 ccf_commit_seqno=6635094 nstreams_done_=819500 config.nstreams=1000000 avg_latency=0.5519 ms avg throuhgput (requests/sec) = 1001.2331 res=false
*==== INFO ====*  stream_id=3279996 latency=0.563755 ms (tx_ts=85566198722308, rx_ts=85566199286063) request_id=6638534 zil_blk_id=3279996 ccf_commit_seqno=6638534 nstreams_done_=820000 config.nstreams=1000000 avg_latency=0.5519 ms avg throuhgput (requests/sec) = 1001.2160 res=false
*==== INFO ====*  stream_id=3281996 latency=0.460722 ms (tx_ts=85566692021920, rx_ts=85566692482642) request_id=6641936 zil_blk_id=3281996 ccf_commit_seqno=6641936 nstreams_done_=820500 config.nstreams=1000000 avg_latency=0.5519 ms avg throuhgput (requests/sec) = 1001.2236 res=false
*==== INFO ====*  stream_id=3283996 latency=0.530852 ms (tx_ts=85567198218050, rx_ts=85567198748902) request_id=6645447 zil_blk_id=3283996 ccf_commit_seqno=6645447 nstreams_done_=821000 config.nstreams=1000000 avg_latency=0.5519 ms avg throuhgput (requests/sec) = 1001.2152 res=false
*==== INFO ====*  stream_id=3285996 latency=0.492641 ms (tx_ts=85567713313942, rx_ts=85567713806583) request_id=6648946 zil_blk_id=3285996 ccf_commit_seqno=6648946 nstreams_done_=821500 config.nstreams=1000000 avg_latency=0.5519 ms avg throuhgput (requests/sec) = 1001.1961 res=false
*==== INFO ====*  stream_id=3287996 latency=0.510826 ms (tx_ts=85568228287236, rx_ts=85568228798062) request_id=6652437 zil_blk_id=3287996 ccf_commit_seqno=6652437 nstreams_done_=822000 config.nstreams=1000000 avg_latency=0.5519 ms avg throuhgput (requests/sec) = 1001.1770 res=false
*==== INFO ====*  stream_id=3289996 latency=0.515895 ms (tx_ts=85568729398697, rx_ts=85568729914592) request_id=6655882 zil_blk_id=3289996 ccf_commit_seqno=6655882 nstreams_done_=822500 config.nstreams=1000000 avg_latency=0.5519 ms avg throuhgput (requests/sec) = 1001.1750 res=false
*==== INFO ====*  stream_id=3291996 latency=0.559927 ms (tx_ts=85569224463991, rx_ts=85569225023918) request_id=6659327 zil_blk_id=3291996 ccf_commit_seqno=6659328 nstreams_done_=823000 config.nstreams=1000000 avg_latency=0.5519 ms avg throuhgput (requests/sec) = 1001.1802 res=false
*==== INFO ====*  stream_id=3293996 latency=0.468526 ms (tx_ts=85569721575982, rx_ts=85569722044508) request_id=6662774 zil_blk_id=3293996 ccf_commit_seqno=6662774 nstreams_done_=823500 config.nstreams=1000000 avg_latency=0.5519 ms avg throuhgput (requests/sec) = 1001.1831 res=false
*==== INFO ====*  stream_id=3295996 latency=0.509463 ms (tx_ts=85570231953290, rx_ts=85570232462753) request_id=6666247 zil_blk_id=3295996 ccf_commit_seqno=6666247 nstreams_done_=824000 config.nstreams=1000000 avg_latency=0.5518 ms avg throuhgput (requests/sec) = 1001.1697 res=false
*==== INFO ====*  stream_id=3297996 latency=0.580205 ms (tx_ts=85570756037310, rx_ts=85570756617515) request_id=6669886 zil_blk_id=3297996 ccf_commit_seqno=6669886 nstreams_done_=824500 config.nstreams=1000000 avg_latency=0.5518 ms avg throuhgput (requests/sec) = 1001.1396 res=false
*==== INFO ====*  stream_id=3299996 latency=0.487682 ms (tx_ts=85571242508603, rx_ts=85571242996285) request_id=6673244 zil_blk_id=3299996 ccf_commit_seqno=6673244 nstreams_done_=825000 config.nstreams=1000000 avg_latency=0.5518 ms avg throuhgput (requests/sec) = 1001.1555 res=false
*==== INFO ====*  stream_id=3301996 latency=0.542945 ms (tx_ts=85571730380154, rx_ts=85571730923099) request_id=6676642 zil_blk_id=3301996 ccf_commit_seqno=6676642 nstreams_done_=825500 config.nstreams=1000000 avg_latency=0.5518 ms avg throuhgput (requests/sec) = 1001.1695 res=false
*==== INFO ====*  stream_id=3303996 latency=0.567331 ms (tx_ts=85572220136720, rx_ts=85572220704051) request_id=6679994 zil_blk_id=3303996 ccf_commit_seqno=6679994 nstreams_done_=826000 config.nstreams=1000000 avg_latency=0.5518 ms avg throuhgput (requests/sec) = 1001.1812 res=false
*==== INFO ====*  stream_id=3305996 latency=0.497914 ms (tx_ts=85572715150575, rx_ts=85572715648489) request_id=6683415 zil_blk_id=3305996 ccf_commit_seqno=6683415 nstreams_done_=826500 config.nstreams=1000000 avg_latency=0.5518 ms avg throuhgput (requests/sec) = 1001.1866 res=false
*==== INFO ====*  stream_id=3307996 latency=0.544749 ms (tx_ts=85573196401007, rx_ts=85573196945756) request_id=6686755 zil_blk_id=3307996 ccf_commit_seqno=6686756 nstreams_done_=827000 config.nstreams=1000000 avg_latency=0.5518 ms avg throuhgput (requests/sec) = 1001.2085 res=false
*==== INFO ====*  stream_id=3309996 latency=0.501326 ms (tx_ts=85573665728119, rx_ts=85573666229445) request_id=6690024 zil_blk_id=3309996 ccf_commit_seqno=6690025 nstreams_done_=827500 config.nstreams=1000000 avg_latency=0.5518 ms avg throuhgput (requests/sec) = 1001.2450 res=false
*==== INFO ====*  stream_id=3311996 latency=0.514782 ms (tx_ts=85574157159571, rx_ts=85574157674353) request_id=6693349 zil_blk_id=3311996 ccf_commit_seqno=6693349 nstreams_done_=828000 config.nstreams=1000000 avg_latency=0.5518 ms avg throuhgput (requests/sec) = 1001.2546 res=false
*==== INFO ====*  stream_id=3313996 latency=0.613528 ms (tx_ts=85574651426452, rx_ts=85574652039980) request_id=6696644 zil_blk_id=3313996 ccf_commit_seqno=6696645 nstreams_done_=828500 config.nstreams=1000000 avg_latency=0.5518 ms avg throuhgput (requests/sec) = 1001.2607 res=false
*==== INFO ====*  stream_id=3315996 latency=0.475039 ms (tx_ts=85575148885404, rx_ts=85575149360443) request_id=6700047 zil_blk_id=3315996 ccf_commit_seqno=6700047 nstreams_done_=829000 config.nstreams=1000000 avg_latency=0.5518 ms avg throuhgput (requests/sec) = 1001.2631 res=false
*==== INFO ====*  stream_id=3317996 latency=0.553996 ms (tx_ts=85575653256097, rx_ts=85575653810093) request_id=6703563 zil_blk_id=3317996 ccf_commit_seqno=6703563 nstreams_done_=829500 config.nstreams=1000000 avg_latency=0.5518 ms avg throuhgput (requests/sec) = 1001.2570 res=false
*==== INFO ====*  stream_id=3319996 latency=0.560829 ms (tx_ts=85576180687798, rx_ts=85576181248627) request_id=6707132 zil_blk_id=3319996 ccf_commit_seqno=6707132 nstreams_done_=830000 config.nstreams=1000000 avg_latency=0.5518 ms avg throuhgput (requests/sec) = 1001.2231 res=false
*==== INFO ====*  stream_id=3321996 latency=0.550098 ms (tx_ts=85576674067421, rx_ts=85576674617519) request_id=6710644 zil_blk_id=3321996 ccf_commit_seqno=6710644 nstreams_done_=830500 config.nstreams=1000000 avg_latency=0.5518 ms avg throuhgput (requests/sec) = 1001.2304 res=false
*==== INFO ====*  stream_id=3323996 latency=0.513972 ms (tx_ts=85577182075435, rx_ts=85577182589407) request_id=6714176 zil_blk_id=3323996 ccf_commit_seqno=6714176 nstreams_done_=831000 config.nstreams=1000000 avg_latency=0.5517 ms avg throuhgput (requests/sec) = 1001.2200 res=false
*==== INFO ====*  stream_id=3325996 latency=0.593700 ms (tx_ts=85577683307164, rx_ts=85577683900864) request_id=6717628 zil_blk_id=3325996 ccf_commit_seqno=6717628 nstreams_done_=831500 config.nstreams=1000000 avg_latency=0.5517 ms avg throuhgput (requests/sec) = 1001.2177 res=false
*==== INFO ====*  stream_id=3327996 latency=0.544368 ms (tx_ts=85578203136028, rx_ts=85578203680396) request_id=6721198 zil_blk_id=3327996 ccf_commit_seqno=6721198 nstreams_done_=832000 config.nstreams=1000000 avg_latency=0.5517 ms avg throuhgput (requests/sec) = 1001.1931 res=false
*==== INFO ====*  stream_id=3329996 latency=0.523439 ms (tx_ts=85578696026362, rx_ts=85578696549801) request_id=6724643 zil_blk_id=3329996 ccf_commit_seqno=6724643 nstreams_done_=832500 config.nstreams=1000000 avg_latency=0.5517 ms avg throuhgput (requests/sec) = 1001.2010 res=false
*==== INFO ====*  stream_id=3331996 latency=0.638855 ms (tx_ts=85579214254703, rx_ts=85579214893558) request_id=6728176 zil_blk_id=3331996 ccf_commit_seqno=6728177 nstreams_done_=833000 config.nstreams=1000000 avg_latency=0.5517 ms avg throuhgput (requests/sec) = 1001.1782 res=false
*==== INFO ====*  stream_id=3333996 latency=0.532136 ms (tx_ts=85579704022386, rx_ts=85579704554522) request_id=6731516 zil_blk_id=3333996 ccf_commit_seqno=6731516 nstreams_done_=833500 config.nstreams=1000000 avg_latency=0.5517 ms avg throuhgput (requests/sec) = 1001.1899 res=false
*==== INFO ====*  stream_id=3335996 latency=0.582069 ms (tx_ts=85580202681867, rx_ts=85580203263936) request_id=6734864 zil_blk_id=3335996 ccf_commit_seqno=6734865 nstreams_done_=834000 config.nstreams=1000000 avg_latency=0.5517 ms avg throuhgput (requests/sec) = 1001.1908 res=false
*==== INFO ====*  stream_id=3337996 latency=0.524882 ms (tx_ts=85580712720033, rx_ts=85580713244915) request_id=6738436 zil_blk_id=3337996 ccf_commit_seqno=6738437 nstreams_done_=834500 config.nstreams=1000000 avg_latency=0.5517 ms avg throuhgput (requests/sec) = 1001.1781 res=false
*==== INFO ====*  stream_id=3339996 latency=0.471471 ms (tx_ts=85581247598322, rx_ts=85581248069793) request_id=6742013 zil_blk_id=3339996 ccf_commit_seqno=6742013 nstreams_done_=835000 config.nstreams=1000000 avg_latency=0.5517 ms avg throuhgput (requests/sec) = 1001.1356 res=false
*==== INFO ====*  stream_id=3341996 latency=0.504696 ms (tx_ts=85581789589212, rx_ts=85581790093908) request_id=6745684 zil_blk_id=3341996 ccf_commit_seqno=6745684 nstreams_done_=835500 config.nstreams=1000000 avg_latency=0.5517 ms avg throuhgput (requests/sec) = 1001.0845 res=false
*==== INFO ====*  stream_id=3343996 latency=0.474870 ms (tx_ts=85582298813654, rx_ts=85582299288524) request_id=6749145 zil_blk_id=3343996 ccf_commit_seqno=6749145 nstreams_done_=836000 config.nstreams=1000000 avg_latency=0.5517 ms avg throuhgput (requests/sec) = 1001.0728 res=false
*==== INFO ====*  stream_id=3345996 latency=0.514374 ms (tx_ts=85582808745121, rx_ts=85582809259495) request_id=6752489 zil_blk_id=3345996 ccf_commit_seqno=6752489 nstreams_done_=836500 config.nstreams=1000000 avg_latency=0.5517 ms avg throuhgput (requests/sec) = 1001.0602 res=false
*==== INFO ====*  stream_id=3347996 latency=0.536405 ms (tx_ts=85583298873381, rx_ts=85583299409786) request_id=6755728 zil_blk_id=3347996 ccf_commit_seqno=6755728 nstreams_done_=837000 config.nstreams=1000000 avg_latency=0.5517 ms avg throuhgput (requests/sec) = 1001.0714 res=false
*==== INFO ====*  stream_id=3349996 latency=0.489498 ms (tx_ts=85583793719982, rx_ts=85583794209480) request_id=6759147 zil_blk_id=3349996 ccf_commit_seqno=6759147 nstreams_done_=837500 config.nstreams=1000000 avg_latency=0.5517 ms avg throuhgput (requests/sec) = 1001.0770 res=false
*==== INFO ====*  stream_id=3351996 latency=0.518251 ms (tx_ts=85584281111194, rx_ts=85584281629445) request_id=6762489 zil_blk_id=3351996 ccf_commit_seqno=6762489 nstreams_done_=838000 config.nstreams=1000000 avg_latency=0.5517 ms avg throuhgput (requests/sec) = 1001.0914 res=false
*==== INFO ====*  stream_id=3353996 latency=0.792653 ms (tx_ts=85584770323263, rx_ts=85584771115916) request_id=6765774 zil_blk_id=3353996 ccf_commit_seqno=6765776 nstreams_done_=838500 config.nstreams=1000000 avg_latency=0.5517 ms avg throuhgput (requests/sec) = 1001.1033 res=false
*==== INFO ====*  stream_id=3355996 latency=0.722542 ms (tx_ts=85585279681028, rx_ts=85585280403570) request_id=6769243 zil_blk_id=3355996 ccf_commit_seqno=6769244 nstreams_done_=839000 config.nstreams=1000000 avg_latency=0.5517 ms avg throuhgput (requests/sec) = 1001.0915 res=false
*==== INFO ====*  stream_id=3357996 latency=0.576198 ms (tx_ts=85585805520651, rx_ts=85585806096849) request_id=6772800 zil_blk_id=3357996 ccf_commit_seqno=6772800 nstreams_done_=839500 config.nstreams=1000000 avg_latency=0.5517 ms avg throuhgput (requests/sec) = 1001.0602 res=false
*==== INFO ====*  stream_id=3359996 latency=0.522728 ms (tx_ts=85586304806044, rx_ts=85586305328772) request_id=6776278 zil_blk_id=3359996 ccf_commit_seqno=6776278 nstreams_done_=840000 config.nstreams=1000000 avg_latency=0.5517 ms avg throuhgput (requests/sec) = 1001.0605 res=false
*==== INFO ====*  stream_id=3361996 latency=0.526926 ms (tx_ts=85586824112853, rx_ts=85586824639779) request_id=6779842 zil_blk_id=3361996 ccf_commit_seqno=6779842 nstreams_done_=840500 config.nstreams=1000000 avg_latency=0.5516 ms avg throuhgput (requests/sec) = 1001.0368 res=false
*==== INFO ====*  stream_id=3363996 latency=0.528048 ms (tx_ts=85587329744161, rx_ts=85587330272209) request_id=6783356 zil_blk_id=3363996 ccf_commit_seqno=6783357 nstreams_done_=841000 config.nstreams=1000000 avg_latency=0.5516 ms avg throuhgput (requests/sec) = 1001.0295 res=false
*==== INFO ====*  stream_id=3365996 latency=0.599241 ms (tx_ts=85587841841689, rx_ts=85587842440930) request_id=6786908 zil_blk_id=3365996 ccf_commit_seqno=6786908 nstreams_done_=841500 config.nstreams=1000000 avg_latency=0.5516 ms avg throuhgput (requests/sec) = 1001.0144 res=false
*==== INFO ====*  stream_id=3367996 latency=0.482653 ms (tx_ts=85588347327906, rx_ts=85588347810559) request_id=6790332 zil_blk_id=3367996 ccf_commit_seqno=6790332 nstreams_done_=842000 config.nstreams=1000000 avg_latency=0.5516 ms avg throuhgput (requests/sec) = 1001.0074 res=false
*==== INFO ====*  stream_id=3369996 latency=0.467806 ms (tx_ts=85588842165456, rx_ts=85588842633262) request_id=6793781 zil_blk_id=3369996 ccf_commit_seqno=6793781 nstreams_done_=842500 config.nstreams=1000000 avg_latency=0.5516 ms avg throuhgput (requests/sec) = 1001.0130 res=false
*==== INFO ====*  stream_id=3371996 latency=0.520725 ms (tx_ts=85589338294964, rx_ts=85589338815689) request_id=6797283 zil_blk_id=3371996 ccf_commit_seqno=6797283 nstreams_done_=843000 config.nstreams=1000000 avg_latency=0.5516 ms avg throuhgput (requests/sec) = 1001.0169 res=false
*==== INFO ====*  stream_id=3373996 latency=0.494856 ms (tx_ts=85589841606357, rx_ts=85589842101213) request_id=6800703 zil_blk_id=3373996 ccf_commit_seqno=6800703 nstreams_done_=843500 config.nstreams=1000000 avg_latency=0.5516 ms avg throuhgput (requests/sec) = 1001.0124 res=false
*==== INFO ====*  stream_id=3375996 latency=0.543698 ms (tx_ts=85590356767886, rx_ts=85590357311584) request_id=6804241 zil_blk_id=3375996 ccf_commit_seqno=6804242 nstreams_done_=844000 config.nstreams=1000000 avg_latency=0.5516 ms avg throuhgput (requests/sec) = 1000.9937 res=false
*==== INFO ====*  stream_id=3377996 latency=0.452908 ms (tx_ts=85590850883702, rx_ts=85590851336610) request_id=6807742 zil_blk_id=3377996 ccf_commit_seqno=6807742 nstreams_done_=844500 config.nstreams=1000000 avg_latency=0.5515 ms avg throuhgput (requests/sec) = 1001.0002 res=false
*==== INFO ====*  stream_id=3379996 latency=0.512910 ms (tx_ts=85591344888029, rx_ts=85591345400939) request_id=6811146 zil_blk_id=3379996 ccf_commit_seqno=6811146 nstreams_done_=845000 config.nstreams=1000000 avg_latency=0.5515 ms avg throuhgput (requests/sec) = 1001.0067 res=false
*==== INFO ====*  stream_id=3381996 latency=0.480559 ms (tx_ts=85591861228365, rx_ts=85591861708924) request_id=6814682 zil_blk_id=3381996 ccf_commit_seqno=6814682 nstreams_done_=845500 config.nstreams=1000000 avg_latency=0.5515 ms avg throuhgput (requests/sec) = 1000.9868 res=false
*==== INFO ====*  stream_id=3383996 latency=0.591927 ms (tx_ts=85592367388610, rx_ts=85592367980537) request_id=6818057 zil_blk_id=3383996 ccf_commit_seqno=6818058 nstreams_done_=846000 config.nstreams=1000000 avg_latency=0.5515 ms avg throuhgput (requests/sec) = 1000.9787 res=false
*==== INFO ====*  stream_id=3385996 latency=0.538668 ms (tx_ts=85592860102753, rx_ts=85592860641421) request_id=6821500 zil_blk_id=3385996 ccf_commit_seqno=6821501 nstreams_done_=846500 config.nstreams=1000000 avg_latency=0.5515 ms avg throuhgput (requests/sec) = 1000.9869 res=false
*==== INFO ====*  stream_id=3387996 latency=0.600053 ms (tx_ts=85593362435274, rx_ts=85593363035327) request_id=6824958 zil_blk_id=3387996 ccf_commit_seqno=6824959 nstreams_done_=847000 config.nstreams=1000000 avg_latency=0.5514 ms avg throuhgput (requests/sec) = 1000.9834 res=false
*==== INFO ====*  stream_id=3389996 latency=0.502380 ms (tx_ts=85593880593131, rx_ts=85593881095511) request_id=6828507 zil_blk_id=3389996 ccf_commit_seqno=6828507 nstreams_done_=847500 config.nstreams=1000000 avg_latency=0.5514 ms avg throuhgput (requests/sec) = 1000.9615 res=false
*==== INFO ====*  stream_id=3391996 latency=0.591547 ms (tx_ts=85594387341256, rx_ts=85594387932803) request_id=6832001 zil_blk_id=3391996 ccf_commit_seqno=6832001 nstreams_done_=848000 config.nstreams=1000000 avg_latency=0.5514 ms avg throuhgput (requests/sec) = 1000.9529 res=false
*==== INFO ====*  stream_id=3393996 latency=0.675253 ms (tx_ts=85594893119236, rx_ts=85594893794489) request_id=6835535 zil_blk_id=3393996 ccf_commit_seqno=6835536 nstreams_done_=848500 config.nstreams=1000000 avg_latency=0.5514 ms avg throuhgput (requests/sec) = 1000.9454 res=false
*==== INFO ====*  stream_id=3395996 latency=0.533038 ms (tx_ts=85595407207697, rx_ts=85595407740735) request_id=6839120 zil_blk_id=3395996 ccf_commit_seqno=6839120 nstreams_done_=849000 config.nstreams=1000000 avg_latency=0.5514 ms avg throuhgput (requests/sec) = 1000.9284 res=false
*==== INFO ====*  stream_id=3397996 latency=0.499665 ms (tx_ts=85595888481217, rx_ts=85595888980882) request_id=6842475 zil_blk_id=3397996 ccf_commit_seqno=6842475 nstreams_done_=849500 config.nstreams=1000000 avg_latency=0.5514 ms avg throuhgput (requests/sec) = 1000.9499 res=false
*==== INFO ====*  stream_id=3399996 latency=0.597879 ms (tx_ts=85596362015301, rx_ts=85596362613180) request_id=6845837 zil_blk_id=3399996 ccf_commit_seqno=6845837 nstreams_done_=850000 config.nstreams=1000000 avg_latency=0.5514 ms avg throuhgput (requests/sec) = 1000.9805 res=false
*==== INFO ====*  stream_id=3401996 latency=0.504895 ms (tx_ts=85596840596897, rx_ts=85596841101792) request_id=6849238 zil_blk_id=3401996 ccf_commit_seqno=6849238 nstreams_done_=850500 config.nstreams=1000000 avg_latency=0.5514 ms avg throuhgput (requests/sec) = 1001.0052 res=false
*==== INFO ====*  stream_id=3403996 latency=0.476222 ms (tx_ts=85597356568011, rx_ts=85597357044233) request_id=6852786 zil_blk_id=3403996 ccf_commit_seqno=6852786 nstreams_done_=851000 config.nstreams=1000000 avg_latency=0.5514 ms avg throuhgput (requests/sec) = 1000.9859 res=false
*==== INFO ====*  stream_id=3405996 latency=0.536655 ms (tx_ts=85597859347802, rx_ts=85597859884457) request_id=6856326 zil_blk_id=3405996 ccf_commit_seqno=6856329 nstreams_done_=851500 config.nstreams=1000000 avg_latency=0.5514 ms avg throuhgput (requests/sec) = 1000.9819 res=false
*==== INFO ====*  stream_id=3407996 latency=0.540582 ms (tx_ts=85598369014743, rx_ts=85598369555325) request_id=6859887 zil_blk_id=3407996 ccf_commit_seqno=6859887 nstreams_done_=852000 config.nstreams=1000000 avg_latency=0.5514 ms avg throuhgput (requests/sec) = 1000.9700 res=false
*==== INFO ====*  stream_id=3409996 latency=0.500467 ms (tx_ts=85598881180760, rx_ts=85598881681227) request_id=6863454 zil_blk_id=3409996 ccf_commit_seqno=6863454 nstreams_done_=852500 config.nstreams=1000000 avg_latency=0.5513 ms avg throuhgput (requests/sec) = 1000.9552 res=false
*==== INFO ====*  stream_id=3411996 latency=0.526275 ms (tx_ts=85599386021759, rx_ts=85599386548034) request_id=6866956 zil_blk_id=3411996 ccf_commit_seqno=6866957 nstreams_done_=853000 config.nstreams=1000000 avg_latency=0.5513 ms avg throuhgput (requests/sec) = 1000.9489 res=false
*==== INFO ====*  stream_id=3413996 latency=0.484757 ms (tx_ts=85599894026298, rx_ts=85599894511055) request_id=6870504 zil_blk_id=3413996 ccf_commit_seqno=6870504 nstreams_done_=853500 config.nstreams=1000000 avg_latency=0.5513 ms avg throuhgput (requests/sec) = 1000.9390 res=false
*==== INFO ====*  stream_id=3415996 latency=0.517088 ms (tx_ts=85600428019575, rx_ts=85600428536663) request_id=6874156 zil_blk_id=3415996 ccf_commit_seqno=6874156 nstreams_done_=854000 config.nstreams=1000000 avg_latency=0.5513 ms avg throuhgput (requests/sec) = 1000.8985 res=false
*==== INFO ====*  stream_id=3417996 latency=0.570698 ms (tx_ts=85600927227582, rx_ts=85600927798280) request_id=6877624 zil_blk_id=3417996 ccf_commit_seqno=6877625 nstreams_done_=854500 config.nstreams=1000000 avg_latency=0.5513 ms avg throuhgput (requests/sec) = 1000.8989 res=false
*==== INFO ====*  stream_id=3419996 latency=0.547735 ms (tx_ts=85601425046969, rx_ts=85601425594704) request_id=6881065 zil_blk_id=3419996 ccf_commit_seqno=6881065 nstreams_done_=855000 config.nstreams=1000000 avg_latency=0.5513 ms avg throuhgput (requests/sec) = 1000.9009 res=false
*==== INFO ====*  stream_id=3421996 latency=0.517087 ms (tx_ts=85601918559357, rx_ts=85601919076444) request_id=6884537 zil_blk_id=3421996 ccf_commit_seqno=6884537 nstreams_done_=855500 config.nstreams=1000000 avg_latency=0.5513 ms avg throuhgput (requests/sec) = 1000.9080 res=false
*==== INFO ====*  stream_id=3423996 latency=0.544309 ms (tx_ts=85602416255794, rx_ts=85602416800103) request_id=6887997 zil_blk_id=3423996 ccf_commit_seqno=6887997 nstreams_done_=856000 config.nstreams=1000000 avg_latency=0.5513 ms avg throuhgput (requests/sec) = 1000.9102 res=false
*==== INFO ====*  stream_id=3425996 latency=0.563464 ms (tx_ts=85602899543677, rx_ts=85602900107141) request_id=6891355 zil_blk_id=3425996 ccf_commit_seqno=6891355 nstreams_done_=856500 config.nstreams=1000000 avg_latency=0.5513 ms avg throuhgput (requests/sec) = 1000.9292 res=false
*==== INFO ====*  stream_id=3427996 latency=0.513621 ms (tx_ts=85603381023679, rx_ts=85603381537300) request_id=6894729 zil_blk_id=3427996 ccf_commit_seqno=6894729 nstreams_done_=857000 config.nstreams=1000000 avg_latency=0.5513 ms avg throuhgput (requests/sec) = 1000.9503 res=false
*==== INFO ====*  stream_id=3429996 latency=0.487703 ms (tx_ts=85603873283021, rx_ts=85603873770724) request_id=6898109 zil_blk_id=3429996 ccf_commit_seqno=6898109 nstreams_done_=857500 config.nstreams=1000000 avg_latency=0.5513 ms avg throuhgput (requests/sec) = 1000.9588 res=false
*==== INFO ====*  stream_id=3431996 latency=0.551021 ms (tx_ts=85604360549108, rx_ts=85604361100129) request_id=6901438 zil_blk_id=3431996 ccf_commit_seqno=6901438 nstreams_done_=858000 config.nstreams=1000000 avg_latency=0.5513 ms avg throuhgput (requests/sec) = 1000.9731 res=false
*==== INFO ====*  stream_id=3433996 latency=0.523570 ms (tx_ts=85604879965831, rx_ts=85604880489401) request_id=6904939 zil_blk_id=3433996 ccf_commit_seqno=6904939 nstreams_done_=858500 config.nstreams=1000000 avg_latency=0.5513 ms avg throuhgput (requests/sec) = 1000.9499 res=false
*==== INFO ====*  stream_id=3435996 latency=0.561039 ms (tx_ts=85605357024506, rx_ts=85605357585545) request_id=6908312 zil_blk_id=3435996 ccf_commit_seqno=6908312 nstreams_done_=859000 config.nstreams=1000000 avg_latency=0.5513 ms avg throuhgput (requests/sec) = 1000.9760 res=false
*==== INFO ====*  stream_id=3437996 latency=0.479448 ms (tx_ts=85605852296421, rx_ts=85605852775869) request_id=6911703 zil_blk_id=3437996 ccf_commit_seqno=6911703 nstreams_done_=859500 config.nstreams=1000000 avg_latency=0.5513 ms avg throuhgput (requests/sec) = 1000.9811 res=false
*==== INFO ====*  stream_id=3439996 latency=0.500496 ms (tx_ts=85606323316092, rx_ts=85606323816588) request_id=6915078 zil_blk_id=3439996 ccf_commit_seqno=6915078 nstreams_done_=860000 config.nstreams=1000000 avg_latency=0.5513 ms avg throuhgput (requests/sec) = 1001.0143 res=false
*==== INFO ====*  stream_id=3441996 latency=0.445674 ms (tx_ts=85606824399335, rx_ts=85606824845009) request_id=6918621 zil_blk_id=3441996 ccf_commit_seqno=6918621 nstreams_done_=860500 config.nstreams=1000000 avg_latency=0.5513 ms avg throuhgput (requests/sec) = 1001.0125 res=false
*==== INFO ====*  stream_id=3443996 latency=0.616735 ms (tx_ts=85607307614127, rx_ts=85607308230862) request_id=6922038 zil_blk_id=3443996 ccf_commit_seqno=6922038 nstreams_done_=861000 config.nstreams=1000000 avg_latency=0.5513 ms avg throuhgput (requests/sec) = 1001.0312 res=false
*==== INFO ====*  stream_id=3445996 latency=0.607597 ms (tx_ts=85607795429914, rx_ts=85607796037511) request_id=6925419 zil_blk_id=3445996 ccf_commit_seqno=6925420 nstreams_done_=861500 config.nstreams=1000000 avg_latency=0.5513 ms avg throuhgput (requests/sec) = 1001.0448 res=false
*==== INFO ====*  stream_id=3447996 latency=0.493784 ms (tx_ts=85608281020361, rx_ts=85608281514145) request_id=6928785 zil_blk_id=3447996 ccf_commit_seqno=6928785 nstreams_done_=862000 config.nstreams=1000000 avg_latency=0.5512 ms avg throuhgput (requests/sec) = 1001.0611 res=false
*==== INFO ====*  stream_id=3449996 latency=0.494856 ms (tx_ts=85608757732444, rx_ts=85608758227300) request_id=6932103 zil_blk_id=3449996 ccf_commit_seqno=6932103 nstreams_done_=862500 config.nstreams=1000000 avg_latency=0.5512 ms avg throuhgput (requests/sec) = 1001.0875 res=false
*==== INFO ====*  stream_id=3451996 latency=0.557032 ms (tx_ts=85609249366541, rx_ts=85609249923573) request_id=6935522 zil_blk_id=3451996 ccf_commit_seqno=6935522 nstreams_done_=863000 config.nstreams=1000000 avg_latency=0.5512 ms avg throuhgput (requests/sec) = 1001.0965 res=false
*==== INFO ====*  stream_id=3453996 latency=0.539479 ms (tx_ts=85609759021101, rx_ts=85609759560580) request_id=6939054 zil_blk_id=3453996 ccf_commit_seqno=6939056 nstreams_done_=863500 config.nstreams=1000000 avg_latency=0.5512 ms avg throuhgput (requests/sec) = 1001.0847 res=false
*==== INFO ====*  stream_id=3455996 latency=0.526786 ms (tx_ts=85610247721748, rx_ts=85610248248534) request_id=6942486 zil_blk_id=3455996 ccf_commit_seqno=6942486 nstreams_done_=864000 config.nstreams=1000000 avg_latency=0.5512 ms avg throuhgput (requests/sec) = 1001.0972 res=false
*==== INFO ====*  stream_id=3457996 latency=0.528840 ms (tx_ts=85610761509001, rx_ts=85610762037841) request_id=6945930 zil_blk_id=3457996 ccf_commit_seqno=6945931 nstreams_done_=864500 config.nstreams=1000000 avg_latency=0.5512 ms avg throuhgput (requests/sec) = 1001.0806 res=false
*==== INFO ====*  stream_id=3459996 latency=0.576299 ms (tx_ts=85611278065496, rx_ts=85611278641795) request_id=6949419 zil_blk_id=3459996 ccf_commit_seqno=6949419 nstreams_done_=865000 config.nstreams=1000000 avg_latency=0.5512 ms avg throuhgput (requests/sec) = 1001.0607 res=false
*==== INFO ====*  stream_id=3461996 latency=0.607186 ms (tx_ts=85611808919227, rx_ts=85611809526413) request_id=6952825 zil_blk_id=3461996 ccf_commit_seqno=6952825 nstreams_done_=865500 config.nstreams=1000000 avg_latency=0.5512 ms avg throuhgput (requests/sec) = 1001.0243 res=false
*==== INFO ====*  stream_id=3463996 latency=0.626583 ms (tx_ts=85612318234401, rx_ts=85612318860984) request_id=6956339 zil_blk_id=3463996 ccf_commit_seqno=6956339 nstreams_done_=866000 config.nstreams=1000000 avg_latency=0.5512 ms avg throuhgput (requests/sec) = 1001.0130 res=false
*==== INFO ====*  stream_id=3465996 latency=0.523038 ms (tx_ts=85612837065093, rx_ts=85612837588131) request_id=6959938 zil_blk_id=3465996 ccf_commit_seqno=6959938 nstreams_done_=866500 config.nstreams=1000000 avg_latency=0.5512 ms avg throuhgput (requests/sec) = 1000.9907 res=false
*==== INFO ====*  stream_id=3467996 latency=0.567702 ms (tx_ts=85613353305066, rx_ts=85613353872768) request_id=6963395 zil_blk_id=3467996 ccf_commit_seqno=6963395 nstreams_done_=867000 config.nstreams=1000000 avg_latency=0.5512 ms avg throuhgput (requests/sec) = 1000.9713 res=false
*==== INFO ====*  stream_id=3469996 latency=0.750906 ms (tx_ts=85613828265748, rx_ts=85613829016654) request_id=6966751 zil_blk_id=3469996 ccf_commit_seqno=6966752 nstreams_done_=867500 config.nstreams=1000000 avg_latency=0.5512 ms avg throuhgput (requests/sec) = 1000.9995 res=false
*==== INFO ====*  stream_id=3471996 latency=0.535301 ms (tx_ts=85614324756251, rx_ts=85614325291552) request_id=6970180 zil_blk_id=3471996 ccf_commit_seqno=6970180 nstreams_done_=868000 config.nstreams=1000000 avg_latency=0.5512 ms avg throuhgput (requests/sec) = 1001.0032 res=false
*==== INFO ====*  stream_id=3473996 latency=0.507851 ms (tx_ts=85614832235371, rx_ts=85614832743222) request_id=6973539 zil_blk_id=3473996 ccf_commit_seqno=6973539 nstreams_done_=868500 config.nstreams=1000000 avg_latency=0.5512 ms avg throuhgput (requests/sec) = 1000.9940 res=false
*==== INFO ====*  stream_id=3475996 latency=0.515795 ms (tx_ts=85615343516706, rx_ts=85615344032501) request_id=6977030 zil_blk_id=3475996 ccf_commit_seqno=6977030 nstreams_done_=869000 config.nstreams=1000000 avg_latency=0.5512 ms avg throuhgput (requests/sec) = 1000.9804 res=false
*==== INFO ====*  stream_id=3477996 latency=0.466634 ms (tx_ts=85615861782097, rx_ts=85615862248731) request_id=6980556 zil_blk_id=3477996 ccf_commit_seqno=6980556 nstreams_done_=869500 config.nstreams=1000000 avg_latency=0.5512 ms avg throuhgput (requests/sec) = 1000.9589 res=false
*==== INFO ====*  stream_id=3479996 latency=0.520794 ms (tx_ts=85616349112248, rx_ts=85616349633042) request_id=6983900 zil_blk_id=3479996 ccf_commit_seqno=6983900 nstreams_done_=870000 config.nstreams=1000000 avg_latency=0.5512 ms avg throuhgput (requests/sec) = 1000.9728 res=false
*==== INFO ====*  stream_id=3481996 latency=0.477344 ms (tx_ts=85616833909828, rx_ts=85616834387172) request_id=6987340 zil_blk_id=3481996 ccf_commit_seqno=6987340 nstreams_done_=870500 config.nstreams=1000000 avg_latency=0.5512 ms avg throuhgput (requests/sec) = 1000.9898 res=false
*==== INFO ====*  stream_id=3483996 latency=0.589704 ms (tx_ts=85617300523571, rx_ts=85617301113275) request_id=6990653 zil_blk_id=3483996 ccf_commit_seqno=6990653 nstreams_done_=871000 config.nstreams=1000000 avg_latency=0.5511 ms avg throuhgput (requests/sec) = 1001.0275 res=false
*==== INFO ====*  stream_id=3485996 latency=0.499665 ms (tx_ts=85617790460179, rx_ts=85617790959844) request_id=6994085 zil_blk_id=3485996 ccf_commit_seqno=6994085 nstreams_done_=871500 config.nstreams=1000000 avg_latency=0.5511 ms avg throuhgput (requests/sec) = 1001.0386 res=false
*==== INFO ====*  stream_id=3487996 latency=0.489105 ms (tx_ts=85618264924887, rx_ts=85618265413992) request_id=6997450 zil_blk_id=3487996 ccf_commit_seqno=6997450 nstreams_done_=872000 config.nstreams=1000000 avg_latency=0.5511 ms avg throuhgput (requests/sec) = 1001.0674 res=false
*==== INFO ====*  stream_id=3489996 latency=0.460121 ms (tx_ts=85618758020578, rx_ts=85618758480699) request_id=7000853 zil_blk_id=3489996 ccf_commit_seqno=7000853 nstreams_done_=872500 config.nstreams=1000000 avg_latency=0.5511 ms avg throuhgput (requests/sec) = 1001.0747 res=false
*==== INFO ====*  stream_id=3491996 latency=0.535513 ms (tx_ts=85619253104893, rx_ts=85619253640406) request_id=7004338 zil_blk_id=3491996 ccf_commit_seqno=7004339 nstreams_done_=873000 config.nstreams=1000000 avg_latency=0.5511 ms avg throuhgput (requests/sec) = 1001.0797 res=false
*==== INFO ====*  stream_id=3493996 latency=0.452427 ms (tx_ts=85619771744394, rx_ts=85619772196821) request_id=7007894 zil_blk_id=3493996 ccf_commit_seqno=7007894 nstreams_done_=873500 config.nstreams=1000000 avg_latency=0.5511 ms avg throuhgput (requests/sec) = 1001.0578 res=false
*==== INFO ====*  stream_id=3495996 latency=0.536534 ms (tx_ts=85620265796904, rx_ts=85620266333438) request_id=7011359 zil_blk_id=3495996 ccf_commit_seqno=7011359 nstreams_done_=874000 config.nstreams=1000000 avg_latency=0.5511 ms avg throuhgput (requests/sec) = 1001.0639 res=false
*==== INFO ====*  stream_id=3497996 latency=0.547264 ms (tx_ts=85620745019682, rx_ts=85620745566946) request_id=7014688 zil_blk_id=3497996 ccf_commit_seqno=7014688 nstreams_done_=874500 config.nstreams=1000000 avg_latency=0.5511 ms avg throuhgput (requests/sec) = 1001.0871 res=false
*==== INFO ====*  stream_id=3499996 latency=0.442859 ms (tx_ts=85621236478929, rx_ts=85621236921788) request_id=7018032 zil_blk_id=3499996 ccf_commit_seqno=7018032 nstreams_done_=875000 config.nstreams=1000000 avg_latency=0.5511 ms avg throuhgput (requests/sec) = 1001.0964 res=false
*==== INFO ====*  stream_id=3501996 latency=0.624559 ms (tx_ts=85621720925920, rx_ts=85621721550479) request_id=7021418 zil_blk_id=3501996 ccf_commit_seqno=7021418 nstreams_done_=875500 config.nstreams=1000000 avg_latency=0.5511 ms avg throuhgput (requests/sec) = 1001.1133 res=false
*==== INFO ====*  stream_id=3503996 latency=0.570077 ms (tx_ts=85622216650473, rx_ts=85622217220550) request_id=7024836 zil_blk_id=3503996 ccf_commit_seqno=7024836 nstreams_done_=876000 config.nstreams=1000000 avg_latency=0.5511 ms avg throuhgput (requests/sec) = 1001.1176 res=false
*==== INFO ====*  stream_id=3505996 latency=0.532657 ms (tx_ts=85622708043971, rx_ts=85622708576628) request_id=7028272 zil_blk_id=3505996 ccf_commit_seqno=7028273 nstreams_done_=876500 config.nstreams=1000000 avg_latency=0.5511 ms avg throuhgput (requests/sec) = 1001.1269 res=false
*==== INFO ====*  stream_id=3507996 latency=0.480990 ms (tx_ts=85623209053214, rx_ts=85623209534204) request_id=7031651 zil_blk_id=3507996 ccf_commit_seqno=7031651 nstreams_done_=877000 config.nstreams=1000000 avg_latency=0.5511 ms avg throuhgput (requests/sec) = 1001.1252 res=false
*==== INFO ====*  stream_id=3509996 latency=0.500056 ms (tx_ts=85623705472623, rx_ts=85623705972679) request_id=7035029 zil_blk_id=3509996 ccf_commit_seqno=7035029 nstreams_done_=877500 config.nstreams=1000000 avg_latency=0.5511 ms avg throuhgput (requests/sec) = 1001.1286 res=false
*==== INFO ====*  stream_id=3511996 latency=0.468056 ms (tx_ts=85624205601558, rx_ts=85624206069614) request_id=7038509 zil_blk_id=3511996 ccf_commit_seqno=7038509 nstreams_done_=878000 config.nstreams=1000000 avg_latency=0.5510 ms avg throuhgput (requests/sec) = 1001.1278 res=false
*==== INFO ====*  stream_id=3513996 latency=0.486000 ms (tx_ts=85624698464159, rx_ts=85624698950159) request_id=7041923 zil_blk_id=3513996 ccf_commit_seqno=7041923 nstreams_done_=878500 config.nstreams=1000000 avg_latency=0.5510 ms avg throuhgput (requests/sec) = 1001.1353 res=false
*==== INFO ====*  stream_id=3515996 latency=0.512379 ms (tx_ts=85625184808445, rx_ts=85625185320824) request_id=7045315 zil_blk_id=3515996 ccf_commit_seqno=7045315 nstreams_done_=879000 config.nstreams=1000000 avg_latency=0.5510 ms avg throuhgput (requests/sec) = 1001.1502 res=false
*==== INFO ====*  stream_id=3517996 latency=0.484216 ms (tx_ts=85625677258320, rx_ts=85625677742536) request_id=7048716 zil_blk_id=3517996 ccf_commit_seqno=7048716 nstreams_done_=879500 config.nstreams=1000000 avg_latency=0.5510 ms avg throuhgput (requests/sec) = 1001.1582 res=false
*==== INFO ====*  stream_id=3519996 latency=0.506668 ms (tx_ts=85626167021210, rx_ts=85626167527878) request_id=7052080 zil_blk_id=3519996 ccf_commit_seqno=7052080 nstreams_done_=880000 config.nstreams=1000000 avg_latency=0.5510 ms avg throuhgput (requests/sec) = 1001.1692 res=false
*==== INFO ====*  stream_id=3521996 latency=0.482002 ms (tx_ts=85626663917005, rx_ts=85626664399007) request_id=7055500 zil_blk_id=3521996 ccf_commit_seqno=7055500 nstreams_done_=880500 config.nstreams=1000000 avg_latency=0.5510 ms avg throuhgput (requests/sec) = 1001.1721 res=false
*==== INFO ====*  stream_id=3523996 latency=0.494375 ms (tx_ts=85627145841229, rx_ts=85627146335604) request_id=7058911 zil_blk_id=3523996 ccf_commit_seqno=7058911 nstreams_done_=881000 config.nstreams=1000000 avg_latency=0.5510 ms avg throuhgput (requests/sec) = 1001.1919 res=false
*==== INFO ====*  stream_id=3525996 latency=0.576229 ms (tx_ts=85627625317153, rx_ts=85627625893382) request_id=7062279 zil_blk_id=3525996 ccf_commit_seqno=7062279 nstreams_done_=881500 config.nstreams=1000000 avg_latency=0.5510 ms avg throuhgput (requests/sec) = 1001.2145 res=false
*==== INFO ====*  stream_id=3527996 latency=0.565618 ms (tx_ts=85628107874988, rx_ts=85628108440606) request_id=7065700 zil_blk_id=3527996 ccf_commit_seqno=7065700 nstreams_done_=882000 config.nstreams=1000000 avg_latency=0.5510 ms avg throuhgput (requests/sec) = 1001.2337 res=false
*==== INFO ====*  stream_id=3529996 latency=0.500868 ms (tx_ts=85628600456947, rx_ts=85628600957815) request_id=7069110 zil_blk_id=3529996 ccf_commit_seqno=7069110 nstreams_done_=882500 config.nstreams=1000000 avg_latency=0.5510 ms avg throuhgput (requests/sec) = 1001.2415 res=false
*==== INFO ====*  stream_id=3531996 latency=0.579825 ms (tx_ts=85629093610334, rx_ts=85629094190159) request_id=7072611 zil_blk_id=3531996 ccf_commit_seqno=7072611 nstreams_done_=883000 config.nstreams=1000000 avg_latency=0.5510 ms avg throuhgput (requests/sec) = 1001.2484 res=false
*==== INFO ====*  stream_id=3533996 latency=0.524402 ms (tx_ts=85629574805739, rx_ts=85629575330141) request_id=7076028 zil_blk_id=3533996 ccf_commit_seqno=7076028 nstreams_done_=883500 config.nstreams=1000000 avg_latency=0.5510 ms avg throuhgput (requests/sec) = 1001.2691 res=false
*==== INFO ====*  stream_id=3535996 latency=0.569416 ms (tx_ts=85630067663625, rx_ts=85630068233041) request_id=7079544 zil_blk_id=3535996 ccf_commit_seqno=7079544 nstreams_done_=884000 config.nstreams=1000000 avg_latency=0.5510 ms avg throuhgput (requests/sec) = 1001.2765 res=false
*==== INFO ====*  stream_id=3537996 latency=0.510215 ms (tx_ts=85630576124810, rx_ts=85630576635025) request_id=7083121 zil_blk_id=3537996 ccf_commit_seqno=7083121 nstreams_done_=884500 config.nstreams=1000000 avg_latency=0.5509 ms avg throuhgput (requests/sec) = 1001.2662 res=false
*==== INFO ====*  stream_id=3539996 latency=0.504855 ms (tx_ts=85631088869429, rx_ts=85631089374284) request_id=7086678 zil_blk_id=3539996 ccf_commit_seqno=7086678 nstreams_done_=885000 config.nstreams=1000000 avg_latency=0.5509 ms avg throuhgput (requests/sec) = 1001.2511 res=false
*==== INFO ====*  stream_id=3541996 latency=0.541664 ms (tx_ts=85631608316671, rx_ts=85631608858335) request_id=7090259 zil_blk_id=3541996 ccf_commit_seqno=7090259 nstreams_done_=885500 config.nstreams=1000000 avg_latency=0.5509 ms avg throuhgput (requests/sec) = 1001.2283 res=false
*==== INFO ====*  stream_id=3543996 latency=0.477253 ms (tx_ts=85632116106719, rx_ts=85632116583972) request_id=7093806 zil_blk_id=3543996 ccf_commit_seqno=7093806 nstreams_done_=886000 config.nstreams=1000000 avg_latency=0.5509 ms avg throuhgput (requests/sec) = 1001.2189 res=false
*==== INFO ====*  stream_id=3545996 latency=0.511987 ms (tx_ts=85632619242338, rx_ts=85632619754325) request_id=7097294 zil_blk_id=3545996 ccf_commit_seqno=7097294 nstreams_done_=886500 config.nstreams=1000000 avg_latency=0.5509 ms avg throuhgput (requests/sec) = 1001.2146 res=false
*==== INFO ====*  stream_id=3547996 latency=0.595514 ms (tx_ts=85633124182704, rx_ts=85633124778218) request_id=7100777 zil_blk_id=3547996 ccf_commit_seqno=7100778 nstreams_done_=887000 config.nstreams=1000000 avg_latency=0.5509 ms avg throuhgput (requests/sec) = 1001.2082 res=false
*==== INFO ====*  stream_id=3549996 latency=0.491941 ms (tx_ts=85633631664534, rx_ts=85633632156475) request_id=7104324 zil_blk_id=3549996 ccf_commit_seqno=7104324 nstreams_done_=887500 config.nstreams=1000000 avg_latency=0.5509 ms avg throuhgput (requests/sec) = 1001.1992 res=false
*==== INFO ====*  stream_id=3551996 latency=0.519612 ms (tx_ts=85634129516636, rx_ts=85634130036248) request_id=7107928 zil_blk_id=3551996 ccf_commit_seqno=7107928 nstreams_done_=888000 config.nstreams=1000000 avg_latency=0.5509 ms avg throuhgput (requests/sec) = 1001.2009 res=false
*==== INFO ====*  stream_id=3553996 latency=0.510405 ms (tx_ts=85634642858613, rx_ts=85634643369018) request_id=7111556 zil_blk_id=3553996 ccf_commit_seqno=7111556 nstreams_done_=888500 config.nstreams=1000000 avg_latency=0.5509 ms avg throuhgput (requests/sec) = 1001.1852 res=false
*==== INFO ====*  stream_id=3555996 latency=0.489646 ms (tx_ts=85635142412349, rx_ts=85635142901995) request_id=7115118 zil_blk_id=3555996 ccf_commit_seqno=7115118 nstreams_done_=889000 config.nstreams=1000000 avg_latency=0.5509 ms avg throuhgput (requests/sec) = 1001.1851 res=false
*==== INFO ====*  stream_id=3557996 latency=0.537185 ms (tx_ts=85635639876054, rx_ts=85635640413239) request_id=7118657 zil_blk_id=3557996 ccf_commit_seqno=7118657 nstreams_done_=889500 config.nstreams=1000000 avg_latency=0.5508 ms avg throuhgput (requests/sec) = 1001.1872 res=false
*==== INFO ====*  stream_id=3559996 latency=0.498974 ms (tx_ts=85636152132159, rx_ts=85636152631133) request_id=7122224 zil_blk_id=3559996 ccf_commit_seqno=7122224 nstreams_done_=890000 config.nstreams=1000000 avg_latency=0.5508 ms avg throuhgput (requests/sec) = 1001.1728 res=false
*==== INFO ====*  stream_id=3561996 latency=0.541934 ms (tx_ts=85636662507599, rx_ts=85636663049533) request_id=7125796 zil_blk_id=3561996 ccf_commit_seqno=7125797 nstreams_done_=890500 config.nstreams=1000000 avg_latency=0.5508 ms avg throuhgput (requests/sec) = 1001.1604 res=false
*==== INFO ====*  stream_id=3563996 latency=0.565948 ms (tx_ts=85637175479397, rx_ts=85637176045345) request_id=7129399 zil_blk_id=3563996 ccf_commit_seqno=7129400 nstreams_done_=891000 config.nstreams=1000000 avg_latency=0.5508 ms avg throuhgput (requests/sec) = 1001.1451 res=false
*==== INFO ====*  stream_id=3565996 latency=0.529130 ms (tx_ts=85637692791255, rx_ts=85637693320385) request_id=7132974 zil_blk_id=3565996 ccf_commit_seqno=7132974 nstreams_done_=891500 config.nstreams=1000000 avg_latency=0.5508 ms avg throuhgput (requests/sec) = 1001.1251 res=false
*==== INFO ====*  stream_id=3567996 latency=0.564427 ms (tx_ts=85638207321083, rx_ts=85638207885510) request_id=7136564 zil_blk_id=3567996 ccf_commit_seqno=7136564 nstreams_done_=892000 config.nstreams=1000000 avg_latency=0.5508 ms avg throuhgput (requests/sec) = 1001.1081 res=false
*==== INFO ====*  stream_id=3569996 latency=0.509433 ms (tx_ts=85638703165086, rx_ts=85638703674519) request_id=7139950 zil_blk_id=3569996 ccf_commit_seqno=7139950 nstreams_done_=892500 config.nstreams=1000000 avg_latency=0.5508 ms avg throuhgput (requests/sec) = 1001.1122 res=false
*==== INFO ====*  stream_id=3571996 latency=0.543658 ms (tx_ts=85639215988751, rx_ts=85639216532409) request_id=7143512 zil_blk_id=3571996 ccf_commit_seqno=7143512 nstreams_done_=893000 config.nstreams=1000000 avg_latency=0.5508 ms avg throuhgput (requests/sec) = 1001.0971 res=false
*==== INFO ====*  stream_id=3573996 latency=0.545140 ms (tx_ts=85639692993122, rx_ts=85639693538262) request_id=7146868 zil_blk_id=3573996 ccf_commit_seqno=7146868 nstreams_done_=893500 config.nstreams=1000000 avg_latency=0.5508 ms avg throuhgput (requests/sec) = 1001.1223 res=false
*==== INFO ====*  stream_id=3575996 latency=0.489997 ms (tx_ts=85640183585720, rx_ts=85640184075717) request_id=7150301 zil_blk_id=3575996 ccf_commit_seqno=7150301 nstreams_done_=894000 config.nstreams=1000000 avg_latency=0.5508 ms avg throuhgput (requests/sec) = 1001.1323 res=false
*==== INFO ====*  stream_id=3577996 latency=0.675814 ms (tx_ts=85640702376473, rx_ts=85640703052287) request_id=7153881 zil_blk_id=3577996 ccf_commit_seqno=7153882 nstreams_done_=894500 config.nstreams=1000000 avg_latency=0.5508 ms avg throuhgput (requests/sec) = 1001.1104 res=false
*==== INFO ====*  stream_id=3579996 latency=0.501278 ms (tx_ts=85641223224098, rx_ts=85641223725376) request_id=7157208 zil_blk_id=3579996 ccf_commit_seqno=7157208 nstreams_done_=895000 config.nstreams=1000000 avg_latency=0.5508 ms avg throuhgput (requests/sec) = 1001.0866 res=false
*==== INFO ====*  stream_id=3581996 latency=0.560960 ms (tx_ts=85641734497231, rx_ts=85641735058191) request_id=7160646 zil_blk_id=3581996 ccf_commit_seqno=7160646 nstreams_done_=895500 config.nstreams=1000000 avg_latency=0.5508 ms avg throuhgput (requests/sec) = 1001.0733 res=false
*==== INFO ====*  stream_id=3583996 latency=0.485398 ms (tx_ts=85642244618870, rx_ts=85642245104268) request_id=7164097 zil_blk_id=3583996 ccf_commit_seqno=7164097 nstreams_done_=896000 config.nstreams=1000000 avg_latency=0.5508 ms avg throuhgput (requests/sec) = 1001.0615 res=false
*==== INFO ====*  stream_id=3585996 latency=0.517168 ms (tx_ts=85642753019919, rx_ts=85642753537087) request_id=7167493 zil_blk_id=3585996 ccf_commit_seqno=7167493 nstreams_done_=896500 config.nstreams=1000000 avg_latency=0.5508 ms avg throuhgput (requests/sec) = 1001.0515 res=false
*==== INFO ====*  stream_id=3587996 latency=0.513671 ms (tx_ts=85643267997475, rx_ts=85643268511146) request_id=7170999 zil_blk_id=3587996 ccf_commit_seqno=7170999 nstreams_done_=897000 config.nstreams=1000000 avg_latency=0.5508 ms avg throuhgput (requests/sec) = 1001.0342 res=false
*==== INFO ====*  stream_id=3589996 latency=0.569686 ms (tx_ts=85643779322614, rx_ts=85643779892300) request_id=7174540 zil_blk_id=3589996 ccf_commit_seqno=7174540 nstreams_done_=897500 config.nstreams=1000000 avg_latency=0.5508 ms avg throuhgput (requests/sec) = 1001.0209 res=false
*==== INFO ====*  stream_id=3591996 latency=0.521616 ms (tx_ts=85644274416681, rx_ts=85644274938297) request_id=7177937 zil_blk_id=3591996 ccf_commit_seqno=7177937 nstreams_done_=898000 config.nstreams=1000000 avg_latency=0.5508 ms avg throuhgput (requests/sec) = 1001.0258 res=false
*==== INFO ====*  stream_id=3593996 latency=0.560008 ms (tx_ts=85644770377523, rx_ts=85644770937531) request_id=7181384 zil_blk_id=3593996 ccf_commit_seqno=7181386 nstreams_done_=898500 config.nstreams=1000000 avg_latency=0.5508 ms avg throuhgput (requests/sec) = 1001.0297 res=false
*==== INFO ====*  stream_id=3595996 latency=0.574245 ms (tx_ts=85645262339041, rx_ts=85645262913286) request_id=7184845 zil_blk_id=3595996 ccf_commit_seqno=7184845 nstreams_done_=899000 config.nstreams=1000000 avg_latency=0.5508 ms avg throuhgput (requests/sec) = 1001.0381 res=false
*==== INFO ====*  stream_id=3597996 latency=0.545921 ms (tx_ts=85645770495723, rx_ts=85645771041644) request_id=7188226 zil_blk_id=3597996 ccf_commit_seqno=7188226 nstreams_done_=899500 config.nstreams=1000000 avg_latency=0.5508 ms avg throuhgput (requests/sec) = 1001.0285 res=false
*==== INFO ====*  stream_id=3599996 latency=0.524408 ms (tx_ts=85646272903580, rx_ts=85646273427988) request_id=7191707 zil_blk_id=3599996 ccf_commit_seqno=7191707 nstreams_done_=900000 config.nstreams=1000000 avg_latency=0.5508 ms avg throuhgput (requests/sec) = 1001.0252 res=false
*==== INFO ====*  stream_id=3601996 latency=0.488474 ms (tx_ts=85646772289526, rx_ts=85646772778000) request_id=7195062 zil_blk_id=3601996 ccf_commit_seqno=7195062 nstreams_done_=900500 config.nstreams=1000000 avg_latency=0.5508 ms avg throuhgput (requests/sec) = 1001.0254 res=false
*==== INFO ====*  stream_id=3603996 latency=0.540992 ms (tx_ts=85647249332963, rx_ts=85647249873955) request_id=7198375 zil_blk_id=3603996 ccf_commit_seqno=7198375 nstreams_done_=901000 config.nstreams=1000000 avg_latency=0.5508 ms avg throuhgput (requests/sec) = 1001.0503 res=false
*==== INFO ====*  stream_id=3605996 latency=0.501047 ms (tx_ts=85647762095404, rx_ts=85647762596451) request_id=7201896 zil_blk_id=3605996 ccf_commit_seqno=7201896 nstreams_done_=901500 config.nstreams=1000000 avg_latency=0.5508 ms avg throuhgput (requests/sec) = 1001.0356 res=false
*==== INFO ====*  stream_id=3607996 latency=0.571649 ms (tx_ts=85648275057208, rx_ts=85648275628857) request_id=7205379 zil_blk_id=3607996 ccf_commit_seqno=7205380 nstreams_done_=902000 config.nstreams=1000000 avg_latency=0.5508 ms avg throuhgput (requests/sec) = 1001.0205 res=false
*==== INFO ====*  stream_id=3609996 latency=0.591146 ms (tx_ts=85648763507970, rx_ts=85648764099116) request_id=7208688 zil_blk_id=3609996 ccf_commit_seqno=7208688 nstreams_done_=902500 config.nstreams=1000000 avg_latency=0.5508 ms avg throuhgput (requests/sec) = 1001.0327 res=false
*==== INFO ====*  stream_id=3611996 latency=0.601356 ms (tx_ts=85649238209081, rx_ts=85649238810437) request_id=7211978 zil_blk_id=3611996 ccf_commit_seqno=7211978 nstreams_done_=903000 config.nstreams=1000000 avg_latency=0.5508 ms avg throuhgput (requests/sec) = 1001.0602 res=false
*==== INFO ====*  stream_id=3613996 latency=0.501098 ms (tx_ts=85649732251572, rx_ts=85649732752670) request_id=7215451 zil_blk_id=3613996 ccf_commit_seqno=7215451 nstreams_done_=903500 config.nstreams=1000000 avg_latency=0.5508 ms avg throuhgput (requests/sec) = 1001.0664 res=false
*==== INFO ====*  stream_id=3615996 latency=0.520784 ms (tx_ts=85650229781531, rx_ts=85650230302315) request_id=7218892 zil_blk_id=3615996 ccf_commit_seqno=7218892 nstreams_done_=904000 config.nstreams=1000000 avg_latency=0.5508 ms avg throuhgput (requests/sec) = 1001.0685 res=false
*==== INFO ====*  stream_id=3617996 latency=0.518060 ms (tx_ts=85650704412945, rx_ts=85650704931005) request_id=7222208 zil_blk_id=3617996 ccf_commit_seqno=7222208 nstreams_done_=904500 config.nstreams=1000000 avg_latency=0.5508 ms avg throuhgput (requests/sec) = 1001.0960 res=false
*==== INFO ====*  stream_id=3619996 latency=0.539118 ms (tx_ts=85651189455235, rx_ts=85651189994353) request_id=7225635 zil_blk_id=3619996 ccf_commit_seqno=7225636 nstreams_done_=905000 config.nstreams=1000000 avg_latency=0.5508 ms avg throuhgput (requests/sec) = 1001.1119 res=false
*==== INFO ====*  stream_id=3621996 latency=0.497941 ms (tx_ts=85651691927468, rx_ts=85651692425409) request_id=7229115 zil_blk_id=3621996 ccf_commit_seqno=7229115 nstreams_done_=905500 config.nstreams=1000000 avg_latency=0.5507 ms avg throuhgput (requests/sec) = 1001.1086 res=false
*==== INFO ====*  stream_id=3623996 latency=0.586217 ms (tx_ts=85652173377631, rx_ts=85652173963848) request_id=7232437 zil_blk_id=3623996 ccf_commit_seqno=7232437 nstreams_done_=906000 config.nstreams=1000000 avg_latency=0.5508 ms avg throuhgput (requests/sec) = 1001.1285 res=false
*==== INFO ====*  stream_id=3625996 latency=0.541764 ms (tx_ts=85652675543898, rx_ts=85652676085662) request_id=7235930 zil_blk_id=3625996 ccf_commit_seqno=7235930 nstreams_done_=906500 config.nstreams=1000000 avg_latency=0.5507 ms avg throuhgput (requests/sec) = 1001.1255 res=false
*==== INFO ====*  stream_id=3627996 latency=0.591136 ms (tx_ts=85653165623434, rx_ts=85653166214570) request_id=7239342 zil_blk_id=3627996 ccf_commit_seqno=7239342 nstreams_done_=907000 config.nstreams=1000000 avg_latency=0.5508 ms avg throuhgput (requests/sec) = 1001.1358 res=false
*==== INFO ====*  stream_id=3629996 latency=0.517677 ms (tx_ts=85653646723925, rx_ts=85653647241602) request_id=7242609 zil_blk_id=3629996 ccf_commit_seqno=7242609 nstreams_done_=907500 config.nstreams=1000000 avg_latency=0.5507 ms avg throuhgput (requests/sec) = 1001.1561 res=false
*==== INFO ====*  stream_id=3631996 latency=0.524520 ms (tx_ts=85654123887185, rx_ts=85654124411705) request_id=7245937 zil_blk_id=3631996 ccf_commit_seqno=7245937 nstreams_done_=908000 config.nstreams=1000000 avg_latency=0.5507 ms avg throuhgput (requests/sec) = 1001.1807 res=false
*==== INFO ====*  stream_id=3633996 latency=0.572209 ms (tx_ts=85654601141573, rx_ts=85654601713782) request_id=7249296 zil_blk_id=3633996 ccf_commit_seqno=7249296 nstreams_done_=908500 config.nstreams=1000000 avg_latency=0.5507 ms avg throuhgput (requests/sec) = 1001.2051 res=false
*==== INFO ====*  stream_id=3635996 latency=0.500295 ms (tx_ts=85655081420435, rx_ts=85655081920730) request_id=7252684 zil_blk_id=3635996 ccf_commit_seqno=7252684 nstreams_done_=909000 config.nstreams=1000000 avg_latency=0.5507 ms avg throuhgput (requests/sec) = 1001.2262 res=false
*==== INFO ====*  stream_id=3637996 latency=0.610562 ms (tx_ts=85655577239169, rx_ts=85655577849731) request_id=7256165 zil_blk_id=3637996 ccf_commit_seqno=7256165 nstreams_done_=909500 config.nstreams=1000000 avg_latency=0.5507 ms avg throuhgput (requests/sec) = 1001.2300 res=false
*==== INFO ====*  stream_id=3639996 latency=0.483535 ms (tx_ts=85656062878698, rx_ts=85656063362233) request_id=7259618 zil_blk_id=3639996 ccf_commit_seqno=7259618 nstreams_done_=910000 config.nstreams=1000000 avg_latency=0.5507 ms avg throuhgput (requests/sec) = 1001.2453 res=false
*==== INFO ====*  stream_id=3641996 latency=0.474007 ms (tx_ts=85656530449582, rx_ts=85656530923589) request_id=7262974 zil_blk_id=3641996 ccf_commit_seqno=7262974 nstreams_done_=910500 config.nstreams=1000000 avg_latency=0.5507 ms avg throuhgput (requests/sec) = 1001.2803 res=false
*==== INFO ====*  stream_id=3643996 latency=0.515565 ms (tx_ts=85656998175612, rx_ts=85656998691177) request_id=7266340 zil_blk_id=3643996 ccf_commit_seqno=7266340 nstreams_done_=911000 config.nstreams=1000000 avg_latency=0.5507 ms avg throuhgput (requests/sec) = 1001.3151 res=false
*==== INFO ====*  stream_id=3645996 latency=0.472614 ms (tx_ts=85657526454297, rx_ts=85657526926911) request_id=7270021 zil_blk_id=3645996 ccf_commit_seqno=7270021 nstreams_done_=911500 config.nstreams=1000000 avg_latency=0.5507 ms avg throuhgput (requests/sec) = 1001.2833 res=false
*==== INFO ====*  stream_id=3647996 latency=0.504925 ms (tx_ts=85658052301367, rx_ts=85658052806292) request_id=7273644 zil_blk_id=3647996 ccf_commit_seqno=7273644 nstreams_done_=912000 config.nstreams=1000000 avg_latency=0.5507 ms avg throuhgput (requests/sec) = 1001.2542 res=false
*==== INFO ====*  stream_id=3649996 latency=0.533388 ms (tx_ts=85658534691384, rx_ts=85658535224772) request_id=7276971 zil_blk_id=3649996 ccf_commit_seqno=7276971 nstreams_done_=912500 config.nstreams=1000000 avg_latency=0.5507 ms avg throuhgput (requests/sec) = 1001.2728 res=false
*==== INFO ====*  stream_id=3651996 latency=0.507460 ms (tx_ts=85659029395257, rx_ts=85659029902717) request_id=7280426 zil_blk_id=3651996 ccf_commit_seqno=7280426 nstreams_done_=913000 config.nstreams=1000000 avg_latency=0.5507 ms avg throuhgput (requests/sec) = 1001.2780 res=false
*==== INFO ====*  stream_id=3653996 latency=0.544690 ms (tx_ts=85659513789218, rx_ts=85659514333908) request_id=7283788 zil_blk_id=3653996 ccf_commit_seqno=7283788 nstreams_done_=913500 config.nstreams=1000000 avg_latency=0.5507 ms avg throuhgput (requests/sec) = 1001.2943 res=false
*==== INFO ====*  stream_id=3655996 latency=0.534450 ms (tx_ts=85660009878084, rx_ts=85660010412534) request_id=7287215 zil_blk_id=3655996 ccf_commit_seqno=7287215 nstreams_done_=914000 config.nstreams=1000000 avg_latency=0.5507 ms avg throuhgput (requests/sec) = 1001.2979 res=false
*==== INFO ====*  stream_id=3657996 latency=0.535321 ms (tx_ts=85660500604775, rx_ts=85660501140096) request_id=7290579 zil_blk_id=3657996 ccf_commit_seqno=7290579 nstreams_done_=914500 config.nstreams=1000000 avg_latency=0.5506 ms avg throuhgput (requests/sec) = 1001.3074 res=false
*==== INFO ====*  stream_id=3659996 latency=0.523098 ms (tx_ts=85660997876395, rx_ts=85660998399493) request_id=7294063 zil_blk_id=3659996 ccf_commit_seqno=7294063 nstreams_done_=915000 config.nstreams=1000000 avg_latency=0.5507 ms avg throuhgput (requests/sec) = 1001.3097 res=false
*==== INFO ====*  stream_id=3661996 latency=0.506597 ms (tx_ts=85661494450411, rx_ts=85661494957008) request_id=7297533 zil_blk_id=3661996 ccf_commit_seqno=7297533 nstreams_done_=915500 config.nstreams=1000000 avg_latency=0.5507 ms avg throuhgput (requests/sec) = 1001.3127 res=false
*==== INFO ====*  stream_id=3663996 latency=0.480138 ms (tx_ts=85661973747966, rx_ts=85661974228104) request_id=7300868 zil_blk_id=3663996 ccf_commit_seqno=7300868 nstreams_done_=916000 config.nstreams=1000000 avg_latency=0.5507 ms avg throuhgput (requests/sec) = 1001.3347 res=false
*==== INFO ====*  stream_id=3665996 latency=0.511426 ms (tx_ts=85662463053661, rx_ts=85662463565087) request_id=7304199 zil_blk_id=3665996 ccf_commit_seqno=7304199 nstreams_done_=916500 config.nstreams=1000000 avg_latency=0.5507 ms avg throuhgput (requests/sec) = 1001.3456 res=false
*==== INFO ====*  stream_id=3667996 latency=0.481561 ms (tx_ts=85662944071008, rx_ts=85662944552569) request_id=7307403 zil_blk_id=3667996 ccf_commit_seqno=7307403 nstreams_done_=917000 config.nstreams=1000000 avg_latency=0.5507 ms avg throuhgput (requests/sec) = 1001.3657 res=false
*==== INFO ====*  stream_id=3669996 latency=0.487572 ms (tx_ts=85663415855869, rx_ts=85663416343441) request_id=7310682 zil_blk_id=3669996 ccf_commit_seqno=7310682 nstreams_done_=917500 config.nstreams=1000000 avg_latency=0.5507 ms avg throuhgput (requests/sec) = 1001.3958 res=false
*==== INFO ====*  stream_id=3671996 latency=0.530011 ms (tx_ts=85663904035276, rx_ts=85663904565287) request_id=7314030 zil_blk_id=3671996 ccf_commit_seqno=7314030 nstreams_done_=918000 config.nstreams=1000000 avg_latency=0.5507 ms avg throuhgput (requests/sec) = 1001.4079 res=false
*==== INFO ====*  stream_id=3673996 latency=0.492271 ms (tx_ts=85664395105049, rx_ts=85664395597320) request_id=7317452 zil_blk_id=3673996 ccf_commit_seqno=7317452 nstreams_done_=918500 config.nstreams=1000000 avg_latency=0.5506 ms avg throuhgput (requests/sec) = 1001.4169 res=false
*==== INFO ====*  stream_id=3675996 latency=0.537095 ms (tx_ts=85664909257533, rx_ts=85664909794628) request_id=7320930 zil_blk_id=3675996 ccf_commit_seqno=7320930 nstreams_done_=919000 config.nstreams=1000000 avg_latency=0.5506 ms avg throuhgput (requests/sec) = 1001.4006 res=false
*==== INFO ====*  stream_id=3677996 latency=0.505736 ms (tx_ts=85665389068947, rx_ts=85665389574683) request_id=7324178 zil_blk_id=3677996 ccf_commit_seqno=7324178 nstreams_done_=919500 config.nstreams=1000000 avg_latency=0.5506 ms avg throuhgput (requests/sec) = 1001.4219 res=false
*==== INFO ====*  stream_id=3679996 latency=0.489947 ms (tx_ts=85665892822496, rx_ts=85665893312443) request_id=7327585 zil_blk_id=3679996 ccf_commit_seqno=7327585 nstreams_done_=920000 config.nstreams=1000000 avg_latency=0.5506 ms avg throuhgput (requests/sec) = 1001.4171 res=false
*==== INFO ====*  stream_id=3681996 latency=0.518470 ms (tx_ts=85666387649137, rx_ts=85666388167607) request_id=7331092 zil_blk_id=3681996 ccf_commit_seqno=7331092 nstreams_done_=920500 config.nstreams=1000000 avg_latency=0.5506 ms avg throuhgput (requests/sec) = 1001.4219 res=false
*==== INFO ====*  stream_id=3683996 latency=0.607307 ms (tx_ts=85666874692791, rx_ts=85666875300098) request_id=7334403 zil_blk_id=3683996 ccf_commit_seqno=7334404 nstreams_done_=921000 config.nstreams=1000000 avg_latency=0.5506 ms avg throuhgput (requests/sec) = 1001.4352 res=false
*==== INFO ====*  stream_id=3685996 latency=0.621493 ms (tx_ts=85667349612947, rx_ts=85667350234440) request_id=7337702 zil_blk_id=3685996 ccf_commit_seqno=7337702 nstreams_done_=921500 config.nstreams=1000000 avg_latency=0.5506 ms avg throuhgput (requests/sec) = 1001.4617 res=false
*==== INFO ====*  stream_id=3687996 latency=0.472975 ms (tx_ts=85667837500572, rx_ts=85667837973547) request_id=7341047 zil_blk_id=3687996 ccf_commit_seqno=7341047 nstreams_done_=922000 config.nstreams=1000000 avg_latency=0.5506 ms avg throuhgput (requests/sec) = 1001.4742 res=false
*==== INFO ====*  stream_id=3689996 latency=0.578522 ms (tx_ts=85668330074064, rx_ts=85668330652586) request_id=7344397 zil_blk_id=3689996 ccf_commit_seqno=7344397 nstreams_done_=922500 config.nstreams=1000000 avg_latency=0.5506 ms avg throuhgput (requests/sec) = 1001.4814 res=false
*==== INFO ====*  stream_id=3691996 latency=0.540060 ms (tx_ts=85668838224257, rx_ts=85668838764317) request_id=7347853 zil_blk_id=3691996 ccf_commit_seqno=7347853 nstreams_done_=923000 config.nstreams=1000000 avg_latency=0.5506 ms avg throuhgput (requests/sec) = 1001.4717 res=false
*==== INFO ====*  stream_id=3693996 latency=0.518731 ms (tx_ts=85669341519496, rx_ts=85669342038227) request_id=7351193 zil_blk_id=3693996 ccf_commit_seqno=7351193 nstreams_done_=923500 config.nstreams=1000000 avg_latency=0.5506 ms avg throuhgput (requests/sec) = 1001.4674 res=false
*==== INFO ====*  stream_id=3695996 latency=0.493082 ms (tx_ts=85669826424692, rx_ts=85669826917774) request_id=7354402 zil_blk_id=3695996 ccf_commit_seqno=7354402 nstreams_done_=924000 config.nstreams=1000000 avg_latency=0.5506 ms avg throuhgput (requests/sec) = 1001.4830 res=false
*==== INFO ====*  stream_id=3697996 latency=0.467204 ms (tx_ts=85670303108376, rx_ts=85670303575580) request_id=7357772 zil_blk_id=3697996 ccf_commit_seqno=7357772 nstreams_done_=924500 config.nstreams=1000000 avg_latency=0.5506 ms avg throuhgput (requests/sec) = 1001.5075 res=false
*==== INFO ====*  stream_id=3699996 latency=0.533277 ms (tx_ts=85670793988921, rx_ts=85670794522198) request_id=7361173 zil_blk_id=3699996 ccf_commit_seqno=7361173 nstreams_done_=925000 config.nstreams=1000000 avg_latency=0.5506 ms avg throuhgput (requests/sec) = 1001.5165 res=false
*==== INFO ====*  stream_id=3701996 latency=0.487211 ms (tx_ts=85671305041813, rx_ts=85671305529024) request_id=7364695 zil_blk_id=3701996 ccf_commit_seqno=7364695 nstreams_done_=925500 config.nstreams=1000000 avg_latency=0.5506 ms avg throuhgput (requests/sec) = 1001.5038 res=false
*==== INFO ====*  stream_id=3703996 latency=0.737679 ms (tx_ts=85671806826786, rx_ts=85671807564465) request_id=7368188 zil_blk_id=3703996 ccf_commit_seqno=7368188 nstreams_done_=926000 config.nstreams=1000000 avg_latency=0.5506 ms avg throuhgput (requests/sec) = 1001.5008 res=false
*==== INFO ====*  stream_id=3705996 latency=0.534804 ms (tx_ts=85672281682003, rx_ts=85672282216807) request_id=7371546 zil_blk_id=3705996 ccf_commit_seqno=7371547 nstreams_done_=926500 config.nstreams=1000000 avg_latency=0.5506 ms avg throuhgput (requests/sec) = 1001.5274 res=false
*==== INFO ====*  stream_id=3707996 latency=0.500276 ms (tx_ts=85672783583661, rx_ts=85672784083937) request_id=7374984 zil_blk_id=3707996 ccf_commit_seqno=7374984 nstreams_done_=927000 config.nstreams=1000000 avg_latency=0.5506 ms avg throuhgput (requests/sec) = 1001.5245 res=false
*==== INFO ====*  stream_id=3709996 latency=0.525623 ms (tx_ts=85673277696124, rx_ts=85673278221747) request_id=7378402 zil_blk_id=3709996 ccf_commit_seqno=7378402 nstreams_done_=927500 config.nstreams=1000000 avg_latency=0.5506 ms avg throuhgput (requests/sec) = 1001.5301 res=false
*==== INFO ====*  stream_id=3711996 latency=0.534640 ms (tx_ts=85673771252760, rx_ts=85673771787400) request_id=7381859 zil_blk_id=3711996 ccf_commit_seqno=7381859 nstreams_done_=928000 config.nstreams=1000000 avg_latency=0.5506 ms avg throuhgput (requests/sec) = 1001.5362 res=false
*==== INFO ====*  stream_id=3713996 latency=0.530944 ms (tx_ts=85674258796372, rx_ts=85674259327316) request_id=7385279 zil_blk_id=3713996 ccf_commit_seqno=7385279 nstreams_done_=928500 config.nstreams=1000000 avg_latency=0.5506 ms avg throuhgput (requests/sec) = 1001.5488 res=false
*==== INFO ====*  stream_id=3715996 latency=0.608809 ms (tx_ts=85674742643971, rx_ts=85674743252780) request_id=7388680 zil_blk_id=3715996 ccf_commit_seqno=7388680 nstreams_done_=929000 config.nstreams=1000000 avg_latency=0.5506 ms avg throuhgput (requests/sec) = 1001.5653 res=false
*==== INFO ====*  stream_id=3717996 latency=0.489355 ms (tx_ts=85675233155674, rx_ts=85675233645029) request_id=7392129 zil_blk_id=3717996 ccf_commit_seqno=7392129 nstreams_done_=929500 config.nstreams=1000000 avg_latency=0.5506 ms avg throuhgput (requests/sec) = 1001.5749 res=false
*==== INFO ====*  stream_id=3719996 latency=0.552924 ms (tx_ts=85675733223757, rx_ts=85675733776681) request_id=7395597 zil_blk_id=3719996 ccf_commit_seqno=7395598 nstreams_done_=930000 config.nstreams=1000000 avg_latency=0.5506 ms avg throuhgput (requests/sec) = 1001.5739 res=false
*==== INFO ====*  stream_id=3721996 latency=0.498814 ms (tx_ts=85676244254042, rx_ts=85676244752856) request_id=7399161 zil_blk_id=3721996 ccf_commit_seqno=7399161 nstreams_done_=930500 config.nstreams=1000000 avg_latency=0.5506 ms avg throuhgput (requests/sec) = 1001.5612 res=false
*==== INFO ====*  stream_id=3723996 latency=0.795769 ms (tx_ts=85676746716469, rx_ts=85676747512238) request_id=7402662 zil_blk_id=3723996 ccf_commit_seqno=7402663 nstreams_done_=931000 config.nstreams=1000000 avg_latency=0.5506 ms avg throuhgput (requests/sec) = 1001.5574 res=false
*==== INFO ====*  stream_id=3725996 latency=0.535552 ms (tx_ts=85677255226213, rx_ts=85677255761765) request_id=7406202 zil_blk_id=3725996 ccf_commit_seqno=7406202 nstreams_done_=931500 config.nstreams=1000000 avg_latency=0.5506 ms avg throuhgput (requests/sec) = 1001.5477 res=false
*==== INFO ====*  stream_id=3727996 latency=0.562232 ms (tx_ts=85677756677654, rx_ts=85677757239886) request_id=7409717 zil_blk_id=3727996 ccf_commit_seqno=7409717 nstreams_done_=932000 config.nstreams=1000000 avg_latency=0.5505 ms avg throuhgput (requests/sec) = 1001.5452 res=false
*==== INFO ====*  stream_id=3729996 latency=0.612536 ms (tx_ts=85678277290170, rx_ts=85678277902706) request_id=7413353 zil_blk_id=3729996 ccf_commit_seqno=7413353 nstreams_done_=932500 config.nstreams=1000000 avg_latency=0.5505 ms avg throuhgput (requests/sec) = 1001.5222 res=false
*==== INFO ====*  stream_id=3731996 latency=0.514152 ms (tx_ts=85678807328821, rx_ts=85678807842973) request_id=7417035 zil_blk_id=3731996 ccf_commit_seqno=7417035 nstreams_done_=933000 config.nstreams=1000000 avg_latency=0.5505 ms avg throuhgput (requests/sec) = 1001.4892 res=false
*==== INFO ====*  stream_id=3733996 latency=0.547464 ms (tx_ts=85679326827327, rx_ts=85679327374791) request_id=7420747 zil_blk_id=3733996 ccf_commit_seqno=7420747 nstreams_done_=933500 config.nstreams=1000000 avg_latency=0.5505 ms avg throuhgput (requests/sec) = 1001.4674 res=false
*==== INFO ====*  stream_id=3735996 latency=0.523039 ms (tx_ts=85679831156691, rx_ts=85679831679730) request_id=7424348 zil_blk_id=3735996 ccf_commit_seqno=7424349 nstreams_done_=934000 config.nstreams=1000000 avg_latency=0.5505 ms avg throuhgput (requests/sec) = 1001.4620 res=false
*==== INFO ====*  stream_id=3737996 latency=0.538798 ms (tx_ts=85680343082502, rx_ts=85680343621300) request_id=7427964 zil_blk_id=3737996 ccf_commit_seqno=7427964 nstreams_done_=934500 config.nstreams=1000000 avg_latency=0.5505 ms avg throuhgput (requests/sec) = 1001.4484 res=false
*==== INFO ====*  stream_id=3739996 latency=0.458549 ms (tx_ts=85680828762646, rx_ts=85680829221195) request_id=7431368 zil_blk_id=3739996 ccf_commit_seqno=7431368 nstreams_done_=935000 config.nstreams=1000000 avg_latency=0.5505 ms avg throuhgput (requests/sec) = 1001.4631 res=false
*==== INFO ====*  stream_id=3741996 latency=0.469699 ms (tx_ts=85681317386167, rx_ts=85681317855866) request_id=7434801 zil_blk_id=3741996 ccf_commit_seqno=7434801 nstreams_done_=935500 config.nstreams=1000000 avg_latency=0.5505 ms avg throuhgput (requests/sec) = 1001.4745 res=false
*==== INFO ====*  stream_id=3743996 latency=0.555940 ms (tx_ts=85681825795992, rx_ts=85681826351932) request_id=7438303 zil_blk_id=3743996 ccf_commit_seqno=7438303 nstreams_done_=936000 config.nstreams=1000000 avg_latency=0.5505 ms avg throuhgput (requests/sec) = 1001.4646 res=false
*==== INFO ====*  stream_id=3745996 latency=0.498814 ms (tx_ts=85682336965481, rx_ts=85682337464295) request_id=7441964 zil_blk_id=3745996 ccf_commit_seqno=7441964 nstreams_done_=936500 config.nstreams=1000000 avg_latency=0.5505 ms avg throuhgput (requests/sec) = 1001.4519 res=false
*==== INFO ====*  stream_id=3747996 latency=0.494456 ms (tx_ts=85682853140892, rx_ts=85682853635348) request_id=7445561 zil_blk_id=3747996 ccf_commit_seqno=7445561 nstreams_done_=937000 config.nstreams=1000000 avg_latency=0.5505 ms avg throuhgput (requests/sec) = 1001.4338 res=false
*==== INFO ====*  stream_id=3749996 latency=0.503232 ms (tx_ts=85683368085586, rx_ts=85683368588818) request_id=7449116 zil_blk_id=3749996 ccf_commit_seqno=7449116 nstreams_done_=937500 config.nstreams=1000000 avg_latency=0.5505 ms avg throuhgput (requests/sec) = 1001.4170 res=false
*==== INFO ====*  stream_id=3751996 latency=0.472925 ms (tx_ts=85683877767262, rx_ts=85683878240187) request_id=7452598 zil_blk_id=3751996 ccf_commit_seqno=7452598 nstreams_done_=938000 config.nstreams=1000000 avg_latency=0.5505 ms avg throuhgput (requests/sec) = 1001.4060 res=false
*==== INFO ====*  stream_id=3753996 latency=0.643995 ms (tx_ts=85684385026333, rx_ts=85684385670328) request_id=7456047 zil_blk_id=3753996 ccf_commit_seqno=7456047 nstreams_done_=938500 config.nstreams=1000000 avg_latency=0.5504 ms avg throuhgput (requests/sec) = 1001.3973 res=false
*==== INFO ====*  stream_id=3755996 latency=0.603019 ms (tx_ts=85684897382072, rx_ts=85684897985091) request_id=7459661 zil_blk_id=3755996 ccf_commit_seqno=7459662 nstreams_done_=939000 config.nstreams=1000000 avg_latency=0.5504 ms avg throuhgput (requests/sec) = 1001.3834 res=false
*==== INFO ====*  stream_id=3757996 latency=0.484396 ms (tx_ts=85685378450953, rx_ts=85685378935349) request_id=7463072 zil_blk_id=3757996 ccf_commit_seqno=7463072 nstreams_done_=939500 config.nstreams=1000000 avg_latency=0.5504 ms avg throuhgput (requests/sec) = 1001.4030 res=false
*==== INFO ====*  stream_id=3759996 latency=0.467715 ms (tx_ts=85685860315926, rx_ts=85685860783641) request_id=7466067 zil_blk_id=3759996 ccf_commit_seqno=7466067 nstreams_done_=940000 config.nstreams=1000000 avg_latency=0.5504 ms avg throuhgput (requests/sec) = 1001.4216 res=false
*==== INFO ====*  stream_id=3761996 latency=0.493644 ms (tx_ts=85686375649028, rx_ts=85686376142672) request_id=7469083 zil_blk_id=3761996 ccf_commit_seqno=7469083 nstreams_done_=940500 config.nstreams=1000000 avg_latency=0.5504 ms avg throuhgput (requests/sec) = 1001.4045 res=false
*==== INFO ====*  stream_id=3763996 latency=0.494134 ms (tx_ts=85686877751176, rx_ts=85686878245310) request_id=7472055 zil_blk_id=3763996 ccf_commit_seqno=7472055 nstreams_done_=941000 config.nstreams=1000000 avg_latency=0.5504 ms avg throuhgput (requests/sec) = 1001.4015 res=false
*==== INFO ====*  stream_id=3765996 latency=0.518169 ms (tx_ts=85687375633967, rx_ts=85687376152136) request_id=7474947 zil_blk_id=3765996 ccf_commit_seqno=7474947 nstreams_done_=941500 config.nstreams=1000000 avg_latency=0.5504 ms avg throuhgput (requests/sec) = 1001.4030 res=false
*==== INFO ====*  stream_id=3767996 latency=0.583712 ms (tx_ts=85687870587964, rx_ts=85687871171676) request_id=7477797 zil_blk_id=3767996 ccf_commit_seqno=7477797 nstreams_done_=942000 config.nstreams=1000000 avg_latency=0.5504 ms avg throuhgput (requests/sec) = 1001.4075 res=false
*==== INFO ====*  stream_id=3769996 latency=0.471993 ms (tx_ts=85688384039977, rx_ts=85688384511970) request_id=7480758 zil_blk_id=3769996 ccf_commit_seqno=7480758 nstreams_done_=942500 config.nstreams=1000000 avg_latency=0.5504 ms avg throuhgput (requests/sec) = 1001.3926 res=false
*==== INFO ====*  stream_id=3771996 latency=0.567151 ms (tx_ts=85688888560540, rx_ts=85688889127691) request_id=7483686 zil_blk_id=3771996 ccf_commit_seqno=7483686 nstreams_done_=943000 config.nstreams=1000000 avg_latency=0.5504 ms avg throuhgput (requests/sec) = 1001.3869 res=false
*==== INFO ====*  stream_id=3773996 latency=0.499615 ms (tx_ts=85689400367986, rx_ts=85689400867601) request_id=7486620 zil_blk_id=3773996 ccf_commit_seqno=7486620 nstreams_done_=943500 config.nstreams=1000000 avg_latency=0.5504 ms avg throuhgput (requests/sec) = 1001.3737 res=false
*==== INFO ====*  stream_id=3775996 latency=0.520684 ms (tx_ts=85689904680099, rx_ts=85689905200783) request_id=7489562 zil_blk_id=3775996 ccf_commit_seqno=7489562 nstreams_done_=944000 config.nstreams=1000000 avg_latency=0.5503 ms avg throuhgput (requests/sec) = 1001.3684 res=false
*==== INFO ====*  stream_id=3777996 latency=0.508902 ms (tx_ts=85690408164533, rx_ts=85690408673435) request_id=7492459 zil_blk_id=3777996 ccf_commit_seqno=7492459 nstreams_done_=944500 config.nstreams=1000000 avg_latency=0.5503 ms avg throuhgput (requests/sec) = 1001.3640 res=false
*==== INFO ====*  stream_id=3779996 latency=0.521346 ms (tx_ts=85690923195049, rx_ts=85690923716395) request_id=7495434 zil_blk_id=3779996 ccf_commit_seqno=7495434 nstreams_done_=945000 config.nstreams=1000000 avg_latency=0.5503 ms avg throuhgput (requests/sec) = 1001.3473 res=false
*==== INFO ====*  stream_id=3781996 latency=0.492312 ms (tx_ts=85691425599833, rx_ts=85691426092145) request_id=7498340 zil_blk_id=3781996 ccf_commit_seqno=7498340 nstreams_done_=945500 config.nstreams=1000000 avg_latency=0.5503 ms avg throuhgput (requests/sec) = 1001.3441 res=false
*==== INFO ====*  stream_id=3783996 latency=0.517469 ms (tx_ts=85691922393579, rx_ts=85691922911048) request_id=7501173 zil_blk_id=3783996 ccf_commit_seqno=7501173 nstreams_done_=946000 config.nstreams=1000000 avg_latency=0.5503 ms avg throuhgput (requests/sec) = 1001.3467 res=false
*==== INFO ====*  stream_id=3785996 latency=0.517087 ms (tx_ts=85692417155243, rx_ts=85692417672330) request_id=7504075 zil_blk_id=3785996 ccf_commit_seqno=7504075 nstreams_done_=946500 config.nstreams=1000000 avg_latency=0.5503 ms avg throuhgput (requests/sec) = 1001.3516 res=false
*==== INFO ====*  stream_id=3787996 latency=0.526445 ms (tx_ts=85692941926441, rx_ts=85692942452886) request_id=7507038 zil_blk_id=3787996 ccf_commit_seqno=7507038 nstreams_done_=947000 config.nstreams=1000000 avg_latency=0.5503 ms avg throuhgput (requests/sec) = 1001.3246 res=false
*==== INFO ====*  stream_id=3789996 latency=0.487001 ms (tx_ts=85693469607450, rx_ts=85693470094451) request_id=7510019 zil_blk_id=3789996 ccf_commit_seqno=7510019 nstreams_done_=947500 config.nstreams=1000000 avg_latency=0.5503 ms avg throuhgput (requests/sec) = 1001.2946 res=false
*==== INFO ====*  stream_id=3791996 latency=0.486480 ms (tx_ts=85694002294721, rx_ts=85694002781201) request_id=7513048 zil_blk_id=3791996 ccf_commit_seqno=7513048 nstreams_done_=948000 config.nstreams=1000000 avg_latency=0.5503 ms avg throuhgput (requests/sec) = 1001.2594 res=false
*==== INFO ====*  stream_id=3793996 latency=0.491651 ms (tx_ts=85694514675529, rx_ts=85694515167180) request_id=7516037 zil_blk_id=3793996 ccf_commit_seqno=7516037 nstreams_done_=948500 config.nstreams=1000000 avg_latency=0.5503 ms avg throuhgput (requests/sec) = 1001.2456 res=false
*==== INFO ====*  stream_id=3795996 latency=0.548737 ms (tx_ts=85695045789738, rx_ts=85695046338475) request_id=7519036 zil_blk_id=3795996 ccf_commit_seqno=7519036 nstreams_done_=949000 config.nstreams=1000000 avg_latency=0.5503 ms avg throuhgput (requests/sec) = 1001.2121 res=false
*==== INFO ====*  stream_id=3797996 latency=0.557543 ms (tx_ts=85695571441777, rx_ts=85695571999320) request_id=7522008 zil_blk_id=3797996 ccf_commit_seqno=7522008 nstreams_done_=949500 config.nstreams=1000000 avg_latency=0.5502 ms avg throuhgput (requests/sec) = 1001.1843 res=false
*==== INFO ====*  stream_id=3799996 latency=0.820775 ms (tx_ts=85696110248688, rx_ts=85696111069463) request_id=7525080 zil_blk_id=3799996 ccf_commit_seqno=7525080 nstreams_done_=950000 config.nstreams=1000000 avg_latency=0.5502 ms avg throuhgput (requests/sec) = 1001.1425 res=false
*==== INFO ====*  stream_id=3801996 latency=0.522758 ms (tx_ts=85696658518444, rx_ts=85696659041202) request_id=7528168 zil_blk_id=3801996 ccf_commit_seqno=7528168 nstreams_done_=950500 config.nstreams=1000000 avg_latency=0.5502 ms avg throuhgput (requests/sec) = 1001.0913 res=false
*==== INFO ====*  stream_id=3803996 latency=0.475209 ms (tx_ts=85697178863193, rx_ts=85697179338402) request_id=7531137 zil_blk_id=3803996 ccf_commit_seqno=7531137 nstreams_done_=951000 config.nstreams=1000000 avg_latency=0.5502 ms avg throuhgput (requests/sec) = 1001.0693 res=false
*==== INFO ====*  stream_id=3805996 latency=0.483654 ms (tx_ts=85697749829434, rx_ts=85697750313088) request_id=7534045 zil_blk_id=3805996 ccf_commit_seqno=7534045 nstreams_done_=951500 config.nstreams=1000000 avg_latency=0.5502 ms avg throuhgput (requests/sec) = 1000.9940 res=false
*==== INFO ====*  stream_id=3807996 latency=0.604801 ms (tx_ts=85698267839745, rx_ts=85698268444546) request_id=7536914 zil_blk_id=3807996 ccf_commit_seqno=7536914 nstreams_done_=952000 config.nstreams=1000000 avg_latency=0.5502 ms avg throuhgput (requests/sec) = 1000.9744 res=false
*==== INFO ====*  stream_id=3809996 latency=0.506758 ms (tx_ts=85698821749413, rx_ts=85698822256171) request_id=7539925 zil_blk_id=3809996 ccf_commit_seqno=7539925 nstreams_done_=952500 config.nstreams=1000000 avg_latency=0.5502 ms avg throuhgput (requests/sec) = 1000.9173 res=false
*==== INFO ====*  stream_id=3811996 latency=0.475079 ms (tx_ts=85699344644062, rx_ts=85699345119141) request_id=7542934 zil_blk_id=3811996 ccf_commit_seqno=7542934 nstreams_done_=953000 config.nstreams=1000000 avg_latency=0.5502 ms avg throuhgput (requests/sec) = 1000.8928 res=false
*==== INFO ====*  stream_id=3813996 latency=0.513531 ms (tx_ts=85699834318337, rx_ts=85699834831868) request_id=7545781 zil_blk_id=3813996 ccf_commit_seqno=7545781 nstreams_done_=953500 config.nstreams=1000000 avg_latency=0.5502 ms avg throuhgput (requests/sec) = 1000.9031 res=false
*==== INFO ====*  stream_id=3815996 latency=0.492922 ms (tx_ts=85700328244457, rx_ts=85700328737379) request_id=7548459 zil_blk_id=3815996 ccf_commit_seqno=7548459 nstreams_done_=954000 config.nstreams=1000000 avg_latency=0.5502 ms avg throuhgput (requests/sec) = 1000.9091 res=false
*==== INFO ====*  stream_id=3817996 latency=0.485388 ms (tx_ts=85700844568122, rx_ts=85700845053510) request_id=7551354 zil_blk_id=3817996 ccf_commit_seqno=7551354 nstreams_done_=954500 config.nstreams=1000000 avg_latency=0.5502 ms avg throuhgput (requests/sec) = 1000.8915 res=false
*==== INFO ====*  stream_id=3819996 latency=0.467525 ms (tx_ts=85701341384346, rx_ts=85701341851871) request_id=7554217 zil_blk_id=3819996 ccf_commit_seqno=7554217 nstreams_done_=955000 config.nstreams=1000000 avg_latency=0.5502 ms avg throuhgput (requests/sec) = 1000.8943 res=false
*==== INFO ====*  stream_id=3821996 latency=0.512519 ms (tx_ts=85701840928738, rx_ts=85701841441257) request_id=7557081 zil_blk_id=3821996 ccf_commit_seqno=7557081 nstreams_done_=955500 config.nstreams=1000000 avg_latency=0.5501 ms avg throuhgput (requests/sec) = 1000.8943 res=false
*==== INFO ====*  stream_id=3823996 latency=0.586347 ms (tx_ts=85702367734462, rx_ts=85702368320809) request_id=7560139 zil_blk_id=3823996 ccf_commit_seqno=7560139 nstreams_done_=956000 config.nstreams=1000000 avg_latency=0.5501 ms avg throuhgput (requests/sec) = 1000.8657 res=false
*==== INFO ====*  stream_id=3825996 latency=0.452746 ms (tx_ts=85702875238842, rx_ts=85702875691588) request_id=7563104 zil_blk_id=3825996 ccf_commit_seqno=7563104 nstreams_done_=956500 config.nstreams=1000000 avg_latency=0.5501 ms avg throuhgput (requests/sec) = 1000.8575 res=false
*==== INFO ====*  stream_id=3827996 latency=0.592618 ms (tx_ts=85703386229284, rx_ts=85703386821902) request_id=7566018 zil_blk_id=3827996 ccf_commit_seqno=7566018 nstreams_done_=957000 config.nstreams=1000000 avg_latency=0.5501 ms avg throuhgput (requests/sec) = 1000.8454 res=false
*==== INFO ====*  stream_id=3829996 latency=0.467845 ms (tx_ts=85703888778647, rx_ts=85703889246492) request_id=7568925 zil_blk_id=3829996 ccf_commit_seqno=7568925 nstreams_done_=957500 config.nstreams=1000000 avg_latency=0.5501 ms avg throuhgput (requests/sec) = 1000.8424 res=false
*==== INFO ====*  stream_id=3831996 latency=0.543948 ms (tx_ts=85704390679497, rx_ts=85704391223445) request_id=7571868 zil_blk_id=3831996 ccf_commit_seqno=7571868 nstreams_done_=958000 config.nstreams=1000000 avg_latency=0.5501 ms avg throuhgput (requests/sec) = 1000.8399 res=false
*==== INFO ====*  stream_id=3833996 latency=0.598168 ms (tx_ts=85704891889256, rx_ts=85704892487424) request_id=7574780 zil_blk_id=3833996 ccf_commit_seqno=7574780 nstreams_done_=958500 config.nstreams=1000000 avg_latency=0.5501 ms avg throuhgput (requests/sec) = 1000.8382 res=false
*==== INFO ====*  stream_id=3835996 latency=0.498833 ms (tx_ts=85705418520650, rx_ts=85705419019483) request_id=7577742 zil_blk_id=3835996 ccf_commit_seqno=7577742 nstreams_done_=959000 config.nstreams=1000000 avg_latency=0.5501 ms avg throuhgput (requests/sec) = 1000.8100 res=false
*==== INFO ====*  stream_id=3837996 latency=0.503612 ms (tx_ts=85705959769013, rx_ts=85705960272625) request_id=7580804 zil_blk_id=3837996 ccf_commit_seqno=7580804 nstreams_done_=959500 config.nstreams=1000000 avg_latency=0.5501 ms avg throuhgput (requests/sec) = 1000.7665 res=false
*==== INFO ====*  stream_id=3839996 latency=0.487432 ms (tx_ts=85706461133153, rx_ts=85706461620585) request_id=7583737 zil_blk_id=3839996 ccf_commit_seqno=7583737 nstreams_done_=960000 config.nstreams=1000000 avg_latency=0.5501 ms avg throuhgput (requests/sec) = 1000.7647 res=false
*==== INFO ====*  stream_id=3841996 latency=0.474187 ms (tx_ts=85706976339380, rx_ts=85706976813567) request_id=7586725 zil_blk_id=3841996 ccf_commit_seqno=7586725 nstreams_done_=960500 config.nstreams=1000000 avg_latency=0.5500 ms avg throuhgput (requests/sec) = 1000.7485 res=false
*==== INFO ====*  stream_id=3843996 latency=0.476913 ms (tx_ts=85707487459589, rx_ts=85707487936502) request_id=7589739 zil_blk_id=3843996 ccf_commit_seqno=7589739 nstreams_done_=961000 config.nstreams=1000000 avg_latency=0.5500 ms avg throuhgput (requests/sec) = 1000.7365 res=false
*==== INFO ====*  stream_id=3845996 latency=0.481060 ms (tx_ts=85707987614673, rx_ts=85707988095733) request_id=7592657 zil_blk_id=3845996 ccf_commit_seqno=7592657 nstreams_done_=961500 config.nstreams=1000000 avg_latency=0.5500 ms avg throuhgput (requests/sec) = 1000.7359 res=false
*==== INFO ====*  stream_id=3847996 latency=0.506568 ms (tx_ts=85708482516890, rx_ts=85708483023458) request_id=7595615 zil_blk_id=3847996 ccf_commit_seqno=7595615 nstreams_done_=962000 config.nstreams=1000000 avg_latency=0.5500 ms avg throuhgput (requests/sec) = 1000.7408 res=false
*==== INFO ====*  stream_id=3849996 latency=0.478926 ms (tx_ts=85709008235502, rx_ts=85709008714428) request_id=7598665 zil_blk_id=3849996 ccf_commit_seqno=7598665 nstreams_done_=962500 config.nstreams=1000000 avg_latency=0.5500 ms avg throuhgput (requests/sec) = 1000.7137 res=false
*==== INFO ====*  stream_id=3851996 latency=0.500096 ms (tx_ts=85709539579621, rx_ts=85709540079717) request_id=7601660 zil_blk_id=3851996 ccf_commit_seqno=7601660 nstreams_done_=963000 config.nstreams=1000000 avg_latency=0.5500 ms avg throuhgput (requests/sec) = 1000.6807 res=false
*==== INFO ====*  stream_id=3853996 latency=0.527417 ms (tx_ts=85710064115462, rx_ts=85710064642879) request_id=7604685 zil_blk_id=3853996 ccf_commit_seqno=7604685 nstreams_done_=963500 config.nstreams=1000000 avg_latency=0.5500 ms avg throuhgput (requests/sec) = 1000.6549 res=false
*==== INFO ====*  stream_id=3855996 latency=0.517026 ms (tx_ts=85710575431910, rx_ts=85710575948936) request_id=7607724 zil_blk_id=3855996 ccf_commit_seqno=7607724 nstreams_done_=964000 config.nstreams=1000000 avg_latency=0.5499 ms avg throuhgput (requests/sec) = 1000.6428 res=false
*==== INFO ====*  stream_id=3857996 latency=0.498832 ms (tx_ts=85711063997487, rx_ts=85711064496319) request_id=7610564 zil_blk_id=3857996 ccf_commit_seqno=7610564 nstreams_done_=964500 config.nstreams=1000000 avg_latency=0.5499 ms avg throuhgput (requests/sec) = 1000.6543 res=false
*==== INFO ====*  stream_id=3859996 latency=0.621622 ms (tx_ts=85711545021165, rx_ts=85711545642787) request_id=7613379 zil_blk_id=3859996 ccf_commit_seqno=7613381 nstreams_done_=965000 config.nstreams=1000000 avg_latency=0.5499 ms avg throuhgput (requests/sec) = 1000.6736 res=false
*==== INFO ====*  stream_id=3861996 latency=0.479306 ms (tx_ts=85712036252567, rx_ts=85712036731873) request_id=7616218 zil_blk_id=3861996 ccf_commit_seqno=7616218 nstreams_done_=965500 config.nstreams=1000000 avg_latency=0.5499 ms avg throuhgput (requests/sec) = 1000.6825 res=false
*==== INFO ====*  stream_id=3863996 latency=0.527747 ms (tx_ts=85712537528602, rx_ts=85712538056349) request_id=7619154 zil_blk_id=3863996 ccf_commit_seqno=7619154 nstreams_done_=966000 config.nstreams=1000000 avg_latency=0.5499 ms avg throuhgput (requests/sec) = 1000.6807 res=false
*==== INFO ====*  stream_id=3865996 latency=0.571489 ms (tx_ts=85713036782386, rx_ts=85713037353875) request_id=7621695 zil_blk_id=3865996 ccf_commit_seqno=7621695 nstreams_done_=966500 config.nstreams=1000000 avg_latency=0.5499 ms avg throuhgput (requests/sec) = 1000.6811 res=false
*==== INFO ====*  stream_id=3867996 latency=0.517799 ms (tx_ts=85713530857846, rx_ts=85713531375645) request_id=7624072 zil_blk_id=3867996 ccf_commit_seqno=7624072 nstreams_done_=967000 config.nstreams=1000000 avg_latency=0.5499 ms avg throuhgput (requests/sec) = 1000.6869 res=false
*==== INFO ====*  stream_id=3869996 latency=0.492682 ms (tx_ts=85714078041067, rx_ts=85714078533749) request_id=7626505 zil_blk_id=3869996 ccf_commit_seqno=7626505 nstreams_done_=967500 config.nstreams=1000000 avg_latency=0.5499 ms avg throuhgput (requests/sec) = 1000.6378 res=false
*==== INFO ====*  stream_id=3871996 latency=0.498813 ms (tx_ts=85714568646250, rx_ts=85714569145063) request_id=7628782 zil_blk_id=3871996 ccf_commit_seqno=7628782 nstreams_done_=968000 config.nstreams=1000000 avg_latency=0.5499 ms avg throuhgput (requests/sec) = 1000.6472 res=false
*==== INFO ====*  stream_id=3873996 latency=0.531184 ms (tx_ts=85715086703646, rx_ts=85715087234830) request_id=7631061 zil_blk_id=3873996 ccf_commit_seqno=7631061 nstreams_done_=968500 config.nstreams=1000000 avg_latency=0.5499 ms avg throuhgput (requests/sec) = 1000.6281 res=false
*==== INFO ====*  stream_id=3875996 latency=0.585144 ms (tx_ts=85715585952465, rx_ts=85715586537609) request_id=7633383 zil_blk_id=3875996 ccf_commit_seqno=7633383 nstreams_done_=969000 config.nstreams=1000000 avg_latency=0.5498 ms avg throuhgput (requests/sec) = 1000.6285 res=false
*==== INFO ====*  stream_id=3877996 latency=0.486089 ms (tx_ts=85716114269592, rx_ts=85716114755681) request_id=7635731 zil_blk_id=3877996 ccf_commit_seqno=7635731 nstreams_done_=969500 config.nstreams=1000000 avg_latency=0.5498 ms avg throuhgput (requests/sec) = 1000.5991 res=false
*==== INFO ====*  stream_id=3879996 latency=0.520664 ms (tx_ts=85716642564889, rx_ts=85716643085553) request_id=7638097 zil_blk_id=3879996 ccf_commit_seqno=7638097 nstreams_done_=970000 config.nstreams=1000000 avg_latency=0.5498 ms avg throuhgput (requests/sec) = 1000.5695 res=false
*==== INFO ====*  stream_id=3881996 latency=0.479397 ms (tx_ts=85717157967370, rx_ts=85717158446767) request_id=7640401 zil_blk_id=3881996 ccf_commit_seqno=7640401 nstreams_done_=970500 config.nstreams=1000000 avg_latency=0.5498 ms avg throuhgput (requests/sec) = 1000.5534 res=false
*==== INFO ====*  stream_id=3883996 latency=0.497139 ms (tx_ts=85717687980579, rx_ts=85717688477718) request_id=7642819 zil_blk_id=3883996 ccf_commit_seqno=7642819 nstreams_done_=971000 config.nstreams=1000000 avg_latency=0.5498 ms avg throuhgput (requests/sec) = 1000.5221 res=false
*==== INFO ====*  stream_id=3885996 latency=0.551772 ms (tx_ts=85718178272766, rx_ts=85718178824538) request_id=7645145 zil_blk_id=3885996 ccf_commit_seqno=7645145 nstreams_done_=971500 config.nstreams=1000000 avg_latency=0.5498 ms avg throuhgput (requests/sec) = 1000.5318 res=false
*==== INFO ====*  stream_id=3887996 latency=0.569936 ms (tx_ts=85718688344775, rx_ts=85718688914711) request_id=7647566 zil_blk_id=3887996 ccf_commit_seqno=7647566 nstreams_done_=972000 config.nstreams=1000000 avg_latency=0.5498 ms avg throuhgput (requests/sec) = 1000.5211 res=false
*==== INFO ====*  stream_id=3889996 latency=0.455753 ms (tx_ts=85719188424189, rx_ts=85719188879942) request_id=7649654 zil_blk_id=3889996 ccf_commit_seqno=7649654 nstreams_done_=972500 config.nstreams=1000000 avg_latency=0.5498 ms avg throuhgput (requests/sec) = 1000.5209 res=false
*==== INFO ====*  stream_id=3891996 latency=0.531214 ms (tx_ts=85719701986061, rx_ts=85719702517275) request_id=7651459 zil_blk_id=3891996 ccf_commit_seqno=7651459 nstreams_done_=973000 config.nstreams=1000000 avg_latency=0.5497 ms avg throuhgput (requests/sec) = 1000.5066 res=false
*==== INFO ====*  stream_id=3893996 latency=0.501929 ms (tx_ts=85720213207286, rx_ts=85720213709215) request_id=7653272 zil_blk_id=3893996 ccf_commit_seqno=7653272 nstreams_done_=973500 config.nstreams=1000000 avg_latency=0.5497 ms avg throuhgput (requests/sec) = 1000.4948 res=false
*==== INFO ====*  stream_id=3895996 latency=0.468266 ms (tx_ts=85720722051707, rx_ts=85720722519973) request_id=7655085 zil_blk_id=3895996 ccf_commit_seqno=7655085 nstreams_done_=974000 config.nstreams=1000000 avg_latency=0.5497 ms avg throuhgput (requests/sec) = 1000.4855 res=false
*==== INFO ====*  stream_id=3897996 latency=0.485497 ms (tx_ts=85721278571152, rx_ts=85721279056649) request_id=7656857 zil_blk_id=3897996 ccf_commit_seqno=7656857 nstreams_done_=974500 config.nstreams=1000000 avg_latency=0.5497 ms avg throuhgput (requests/sec) = 1000.4272 res=false
*==== INFO ====*  stream_id=3899996 latency=0.483814 ms (tx_ts=85721789311678, rx_ts=85721789795492) request_id=7658643 zil_blk_id=3899996 ccf_commit_seqno=7658643 nstreams_done_=975000 config.nstreams=1000000 avg_latency=0.5497 ms avg throuhgput (requests/sec) = 1000.4160 res=false
*==== INFO ====*  stream_id=3901996 latency=0.467103 ms (tx_ts=85722299207865, rx_ts=85722299674968) request_id=7660401 zil_blk_id=3901996 ccf_commit_seqno=7660401 nstreams_done_=975500 config.nstreams=1000000 avg_latency=0.5497 ms avg throuhgput (requests/sec) = 1000.4056 res=false
*==== INFO ====*  stream_id=3903996 latency=0.490097 ms (tx_ts=85722841568341, rx_ts=85722842058438) request_id=7662244 zil_blk_id=3903996 ccf_commit_seqno=7662244 nstreams_done_=976000 config.nstreams=1000000 avg_latency=0.5496 ms avg throuhgput (requests/sec) = 1000.3619 res=false
*==== INFO ====*  stream_id=3905996 latency=0.475410 ms (tx_ts=85723380162591, rx_ts=85723380638001) request_id=7664059 zil_blk_id=3905996 ccf_commit_seqno=7664059 nstreams_done_=976500 config.nstreams=1000000 avg_latency=0.5496 ms avg throuhgput (requests/sec) = 1000.3222 res=false
*==== INFO ====*  stream_id=3907996 latency=0.728814 ms (tx_ts=85723895854343, rx_ts=85723896583157) request_id=7665838 zil_blk_id=3907996 ccf_commit_seqno=7665838 nstreams_done_=977000 config.nstreams=1000000 avg_latency=0.5496 ms avg throuhgput (requests/sec) = 1000.3057 res=false
*==== INFO ====*  stream_id=3909996 latency=0.451765 ms (tx_ts=85724477127580, rx_ts=85724477579345) request_id=7667666 zil_blk_id=3909996 ccf_commit_seqno=7667666 nstreams_done_=977500 config.nstreams=1000000 avg_latency=0.5496 ms avg throuhgput (requests/sec) = 1000.2227 res=false
*==== INFO ====*  stream_id=3911996 latency=0.568413 ms (tx_ts=85725004465169, rx_ts=85725005033582) request_id=7669478 zil_blk_id=3911996 ccf_commit_seqno=7669478 nstreams_done_=978000 config.nstreams=1000000 avg_latency=0.5496 ms avg throuhgput (requests/sec) = 1000.1945 res=false
*==== INFO ====*  stream_id=3913996 latency=0.555969 ms (tx_ts=85725540066753, rx_ts=85725540622722) request_id=7671327 zil_blk_id=3913996 ccf_commit_seqno=7671327 nstreams_done_=978500 config.nstreams=1000000 avg_latency=0.5496 ms avg throuhgput (requests/sec) = 1000.1580 res=false
*==== INFO ====*  stream_id=3915996 latency=0.503591 ms (tx_ts=85726061247681, rx_ts=85726061751272) request_id=7673120 zil_blk_id=3915996 ccf_commit_seqno=7673120 nstreams_done_=979000 config.nstreams=1000000 avg_latency=0.5496 ms avg throuhgput (requests/sec) = 1000.1363 res=false
*==== INFO ====*  stream_id=3917996 latency=0.479256 ms (tx_ts=85726589469106, rx_ts=85726589948362) request_id=7674961 zil_blk_id=3917996 ccf_commit_seqno=7674961 nstreams_done_=979500 config.nstreams=1000000 avg_latency=0.5495 ms avg throuhgput (requests/sec) = 1000.1075 res=false
*==== INFO ====*  stream_id=3919996 latency=0.480418 ms (tx_ts=85727092491245, rx_ts=85727092971663) request_id=7676744 zil_blk_id=3919996 ccf_commit_seqno=7676744 nstreams_done_=980000 config.nstreams=1000000 avg_latency=0.5495 ms avg throuhgput (requests/sec) = 1000.1043 res=false
*==== INFO ====*  stream_id=3921996 latency=0.497250 ms (tx_ts=85727609064687, rx_ts=85727609561937) request_id=7678580 zil_blk_id=3921996 ccf_commit_seqno=7678580 nstreams_done_=980500 config.nstreams=1000000 avg_latency=0.5495 ms avg throuhgput (requests/sec) = 1000.0873 res=false
*==== INFO ====*  stream_id=3923996 latency=0.537003 ms (tx_ts=85728112681408, rx_ts=85728113218411) request_id=7680355 zil_blk_id=3923996 ccf_commit_seqno=7680355 nstreams_done_=981000 config.nstreams=1000000 avg_latency=0.5495 ms avg throuhgput (requests/sec) = 1000.0836 res=false
*==== INFO ====*  stream_id=3925996 latency=0.486380 ms (tx_ts=85728604154355, rx_ts=85728604640735) request_id=7682143 zil_blk_id=3925996 ccf_commit_seqno=7682143 nstreams_done_=981500 config.nstreams=1000000 avg_latency=0.5494 ms avg throuhgput (requests/sec) = 1000.0923 res=false
*==== INFO ====*  stream_id=3927996 latency=0.527506 ms (tx_ts=85729096736146, rx_ts=85729097263652) request_id=7683924 zil_blk_id=3927996 ccf_commit_seqno=7683924 nstreams_done_=982000 config.nstreams=1000000 avg_latency=0.5494 ms avg throuhgput (requests/sec) = 1000.0997 res=false
*==== INFO ====*  stream_id=3929996 latency=1.330018 ms (tx_ts=85729623807711, rx_ts=85729625137729) request_id=7685751 zil_blk_id=3929996 ccf_commit_seqno=7685751 nstreams_done_=982500 config.nstreams=1000000 avg_latency=0.5494 ms avg throuhgput (requests/sec) = 1000.0713 res=false
*==== INFO ====*  stream_id=3931996 latency=0.512869 ms (tx_ts=85730142046247, rx_ts=85730142559116) request_id=7687575 zil_blk_id=3931996 ccf_commit_seqno=7687575 nstreams_done_=983000 config.nstreams=1000000 avg_latency=0.5494 ms avg throuhgput (requests/sec) = 1000.0535 res=false
*==== INFO ====*  stream_id=3933996 latency=0.475931 ms (tx_ts=85730635381858, rx_ts=85730635857789) request_id=7689345 zil_blk_id=3933996 ccf_commit_seqno=7689345 nstreams_done_=983500 config.nstreams=1000000 avg_latency=0.5494 ms avg throuhgput (requests/sec) = 1000.0603 res=false
*==== INFO ====*  stream_id=3935996 latency=0.508210 ms (tx_ts=85731144388402, rx_ts=85731144896612) request_id=7691222 zil_blk_id=3935996 ccf_commit_seqno=7691222 nstreams_done_=984000 config.nstreams=1000000 avg_latency=0.5493 ms avg throuhgput (requests/sec) = 1000.0511 res=false
*==== INFO ====*  stream_id=3937996 latency=0.517668 ms (tx_ts=85731653854291, rx_ts=85731654371959) request_id=7693095 zil_blk_id=3937996 ccf_commit_seqno=7693095 nstreams_done_=984500 config.nstreams=1000000 avg_latency=0.5493 ms avg throuhgput (requests/sec) = 1000.0415 res=false
*==== INFO ====*  stream_id=3939996 latency=0.500105 ms (tx_ts=85732141234473, rx_ts=85732141734578) request_id=7694839 zil_blk_id=3939996 ccf_commit_seqno=7694839 nstreams_done_=985000 config.nstreams=1000000 avg_latency=0.5493 ms avg throuhgput (requests/sec) = 1000.0543 res=false
*==== INFO ====*  stream_id=3941996 latency=0.459569 ms (tx_ts=85732669795703, rx_ts=85732670255272) request_id=7696707 zil_blk_id=3941996 ccf_commit_seqno=7696707 nstreams_done_=985500 config.nstreams=1000000 avg_latency=0.5493 ms avg throuhgput (requests/sec) = 1000.0253 res=false
*==== INFO ====*  stream_id=3943996 latency=0.482542 ms (tx_ts=85733222379216, rx_ts=85733222861758) request_id=7698606 zil_blk_id=3943996 ccf_commit_seqno=7698606 nstreams_done_=986000 config.nstreams=1000000 avg_latency=0.5493 ms avg throuhgput (requests/sec) = 999.9719 res=false
*==== INFO ====*  stream_id=3945996 latency=0.489707 ms (tx_ts=85733756883406, rx_ts=85733757373113) request_id=7700511 zil_blk_id=3945996 ccf_commit_seqno=7700511 nstreams_done_=986500 config.nstreams=1000000 avg_latency=0.5492 ms avg throuhgput (requests/sec) = 999.9370 res=false
*==== INFO ====*  stream_id=3947996 latency=0.498302 ms (tx_ts=85734295053140, rx_ts=85734295551442) request_id=7702414 zil_blk_id=3947996 ccf_commit_seqno=7702414 nstreams_done_=987000 config.nstreams=1000000 avg_latency=0.5492 ms avg throuhgput (requests/sec) = 999.8983 res=false
*==== INFO ====*  stream_id=3949996 latency=0.479777 ms (tx_ts=85734826895465, rx_ts=85734827375242) request_id=7704254 zil_blk_id=3949996 ccf_commit_seqno=7704254 nstreams_done_=987500 config.nstreams=1000000 avg_latency=0.5492 ms avg throuhgput (requests/sec) = 999.8662 res=false
*==== INFO ====*  stream_id=3951996 latency=0.489826 ms (tx_ts=85735327941741, rx_ts=85735328431567) request_id=7706008 zil_blk_id=3951996 ccf_commit_seqno=7706008 nstreams_done_=988000 config.nstreams=1000000 avg_latency=0.5492 ms avg throuhgput (requests/sec) = 999.8652 res=false
*==== INFO ====*  stream_id=3953996 latency=0.444402 ms (tx_ts=85735830177773, rx_ts=85735830622175) request_id=7707806 zil_blk_id=3953996 ccf_commit_seqno=7707806 nstreams_done_=988500 config.nstreams=1000000 avg_latency=0.5491 ms avg throuhgput (requests/sec) = 999.8630 res=false
*==== INFO ====*  stream_id=3955996 latency=0.467425 ms (tx_ts=85736334342314, rx_ts=85736334809739) request_id=7709602 zil_blk_id=3955996 ccf_commit_seqno=7709602 nstreams_done_=989000 config.nstreams=1000000 avg_latency=0.5491 ms avg throuhgput (requests/sec) = 999.8588 res=false
*==== INFO ====*  stream_id=3957996 latency=0.457586 ms (tx_ts=85736829434271, rx_ts=85736829891857) request_id=7711365 zil_blk_id=3957996 ccf_commit_seqno=7711365 nstreams_done_=989500 config.nstreams=1000000 avg_latency=0.5491 ms avg throuhgput (requests/sec) = 999.8639 res=false
*==== INFO ====*  stream_id=3959996 latency=0.541272 ms (tx_ts=85737411661243, rx_ts=85737412202515) request_id=7713280 zil_blk_id=3959996 ccf_commit_seqno=7713280 nstreams_done_=990000 config.nstreams=1000000 avg_latency=0.5491 ms avg throuhgput (requests/sec) = 999.7808 res=false
*==== INFO ====*  stream_id=3961996 latency=0.473575 ms (tx_ts=85737908179899, rx_ts=85737908653474) request_id=7715046 zil_blk_id=3961996 ccf_commit_seqno=7715046 nstreams_done_=990500 config.nstreams=1000000 avg_latency=0.5491 ms avg throuhgput (requests/sec) = 999.7845 res=false
*==== INFO ====*  stream_id=3963996 latency=0.495407 ms (tx_ts=85738422771237, rx_ts=85738423266644) request_id=7716897 zil_blk_id=3963996 ccf_commit_seqno=7716897 nstreams_done_=991000 config.nstreams=1000000 avg_latency=0.5491 ms avg throuhgput (requests/sec) = 999.7699 res=false
*==== INFO ====*  stream_id=3965996 latency=0.480208 ms (tx_ts=85738938483273, rx_ts=85738938963481) request_id=7718713 zil_blk_id=3965996 ccf_commit_seqno=7718713 nstreams_done_=991500 config.nstreams=1000000 avg_latency=0.5490 ms avg throuhgput (requests/sec) = 999.7542 res=false
*==== INFO ====*  stream_id=3967996 latency=0.493683 ms (tx_ts=85739469184493, rx_ts=85739469678176) request_id=7720586 zil_blk_id=3967996 ccf_commit_seqno=7720586 nstreams_done_=992000 config.nstreams=1000000 avg_latency=0.5490 ms avg throuhgput (requests/sec) = 999.7234 res=false
*==== INFO ====*  stream_id=3969996 latency=0.508902 ms (tx_ts=85739987259289, rx_ts=85739987768191) request_id=7722402 zil_blk_id=3969996 ccf_commit_seqno=7722402 nstreams_done_=992500 config.nstreams=1000000 avg_latency=0.5490 ms avg throuhgput (requests/sec) = 999.7053 res=false
*==== INFO ====*  stream_id=3971996 latency=0.476392 ms (tx_ts=85740512866928, rx_ts=85740513343320) request_id=7724279 zil_blk_id=3971996 ccf_commit_seqno=7724279 nstreams_done_=993000 config.nstreams=1000000 avg_latency=0.5490 ms avg throuhgput (requests/sec) = 999.6797 res=false
*==== INFO ====*  stream_id=3973996 latency=0.496459 ms (tx_ts=85741019859001, rx_ts=85741020355460) request_id=7726115 zil_blk_id=3973996 ccf_commit_seqno=7726115 nstreams_done_=993500 config.nstreams=1000000 avg_latency=0.5489 ms avg throuhgput (requests/sec) = 999.6728 res=false
*==== INFO ====*  stream_id=3975996 latency=0.479447 ms (tx_ts=85741550885771, rx_ts=85741551365218) request_id=7727926 zil_blk_id=3975996 ccf_commit_seqno=7727926 nstreams_done_=994000 config.nstreams=1000000 avg_latency=0.5489 ms avg throuhgput (requests/sec) = 999.6418 res=false
*==== INFO ====*  stream_id=3977996 latency=0.505505 ms (tx_ts=85742089535705, rx_ts=85742090041210) request_id=7729745 zil_blk_id=3977996 ccf_commit_seqno=7729745 nstreams_done_=994500 config.nstreams=1000000 avg_latency=0.5489 ms avg throuhgput (requests/sec) = 999.6031 res=false
*==== INFO ====*  stream_id=3979996 latency=0.509653 ms (tx_ts=85742669765886, rx_ts=85742670275539) request_id=7731643 zil_blk_id=3979996 ccf_commit_seqno=7731643 nstreams_done_=995000 config.nstreams=1000000 avg_latency=0.5489 ms avg throuhgput (requests/sec) = 999.5228 res=false
*==== INFO ====*  stream_id=3981996 latency=0.523479 ms (tx_ts=85743276075039, rx_ts=85743276598518) request_id=7733551 zil_blk_id=3981996 ccf_commit_seqno=7733551 nstreams_done_=995500 config.nstreams=1000000 avg_latency=0.5489 ms avg throuhgput (requests/sec) = 999.4163 res=false
*==== INFO ====*  stream_id=3983996 latency=0.539198 ms (tx_ts=85743880332925, rx_ts=85743880872123) request_id=7735460 zil_blk_id=3983996 ccf_commit_seqno=7735460 nstreams_done_=996000 config.nstreams=1000000 avg_latency=0.5489 ms avg throuhgput (requests/sec) = 999.3120 res=false
*==== INFO ====*  stream_id=3985996 latency=0.472533 ms (tx_ts=85744464890461, rx_ts=85744465362994) request_id=7737326 zil_blk_id=3985996 ccf_commit_seqno=7737326 nstreams_done_=996500 config.nstreams=1000000 avg_latency=0.5489 ms avg throuhgput (requests/sec) = 999.2277 res=false
*==== INFO ====*  stream_id=3987996 latency=0.472013 ms (tx_ts=85744982072338, rx_ts=85744982544351) request_id=7739159 zil_blk_id=3987996 ccf_commit_seqno=7739159 nstreams_done_=997000 config.nstreams=1000000 avg_latency=0.5489 ms avg throuhgput (requests/sec) = 999.2109 res=false
*==== INFO ====*  stream_id=3989996 latency=0.578562 ms (tx_ts=85745510153092, rx_ts=85745510731654) request_id=7740992 zil_blk_id=3989996 ccf_commit_seqno=7740992 nstreams_done_=997500 config.nstreams=1000000 avg_latency=0.5489 ms avg throuhgput (requests/sec) = 999.1831 res=false
*==== INFO ====*  stream_id=3991996 latency=0.512629 ms (tx_ts=85746020975002, rx_ts=85746021487631) request_id=7742830 zil_blk_id=3991996 ccf_commit_seqno=7742830 nstreams_done_=998000 config.nstreams=1000000 avg_latency=0.5489 ms avg throuhgput (requests/sec) = 999.1727 res=false
*==== INFO ====*  stream_id=3993996 latency=0.521936 ms (tx_ts=85746553514797, rx_ts=85746554036733) request_id=7744739 zil_blk_id=3993996 ccf_commit_seqno=7744739 nstreams_done_=998500 config.nstreams=1000000 avg_latency=0.5489 ms avg throuhgput (requests/sec) = 999.1406 res=false
*==== INFO ====*  stream_id=3995996 latency=0.562052 ms (tx_ts=85747070381454, rx_ts=85747070943506) request_id=7746608 zil_blk_id=3995996 ccf_commit_seqno=7746608 nstreams_done_=999000 config.nstreams=1000000 avg_latency=0.5488 ms avg throuhgput (requests/sec) = 999.1241 res=false
*==== INFO ====*  stream_id=3997996 latency=0.508331 ms (tx_ts=85747579327616, rx_ts=85747579835947) request_id=7748457 zil_blk_id=3997996 ccf_commit_seqno=7748457 nstreams_done_=999500 config.nstreams=1000000 avg_latency=0.5488 ms avg throuhgput (requests/sec) = 999.1157 res=false
*==== INFO ====* http_end_stream ALL streams done! nstreams_done_=1000000 avg_latency=0.5488 ms
*==== INFO ====*  stream_id=3999996 latency=0.507359 ms (tx_ts=85748120290617, rx_ts=85748120797976) request_id=7750349 zil_blk_id=3999996 ccf_commit_seqno=7750349 nstreams_done_=1000000 config.nstreams=1000000 avg_latency=0.5488 ms avg throuhgput (requests/sec) = 999.0752 res=false
