Uniform: 174 1070 1304 1150 973 
Exponential: -2147483648 -2147483648 -2147483648 -2147483648 -2147483648 
Truncated Normal: 170 1451 1104 788 1602 
*==== INFO ====*  stream_id=1996 latency=0.596215 ms (tx_ts=84747715442081, rx_ts=84747716038296) request_id=3277 zil_blk_id=1996 ccf_commit_seqno=3277 nstreams_done_=500 config.nstreams=1000000 avg_latency=0.5712 ms avg throuhgput (requests/sec) = 959.7277 res=false
*==== INFO ====*  stream_id=3996 latency=0.518480 ms (tx_ts=84748246285711, rx_ts=84748246804191) request_id=6724 zil_blk_id=3996 ccf_commit_seqno=6724 nstreams_done_=1000 config.nstreams=1000000 avg_latency=0.5900 ms avg throuhgput (requests/sec) = 950.7990 res=false
*==== INFO ====*  stream_id=5996 latency=0.571874 ms (tx_ts=84748736396953, rx_ts=84748736968827) request_id=10061 zil_blk_id=5996 ccf_commit_seqno=10062 nstreams_done_=1500 config.nstreams=1000000 avg_latency=0.5851 ms avg throuhgput (requests/sec) = 972.8184 res=false
*==== INFO ====*  stream_id=7996 latency=0.707028 ms (tx_ts=84749271501191, rx_ts=84749272208219) request_id=13654 zil_blk_id=7996 ccf_commit_seqno=13654 nstreams_done_=2000 config.nstreams=1000000 avg_latency=0.5847 ms avg throuhgput (requests/sec) = 962.8573 res=false
*==== INFO ====*  stream_id=9996 latency=0.585099 ms (tx_ts=84749767088216, rx_ts=84749767673315) request_id=17124 zil_blk_id=9996 ccf_commit_seqno=17124 nstreams_done_=2500 config.nstreams=1000000 avg_latency=0.5806 ms avg throuhgput (requests/sec) = 971.7734 res=false
*==== INFO ====*  stream_id=11996 latency=0.506220 ms (tx_ts=84750261071651, rx_ts=84750261577871) request_id=20555 zil_blk_id=11996 ccf_commit_seqno=20555 nstreams_done_=3000 config.nstreams=1000000 avg_latency=0.5780 ms avg throuhgput (requests/sec) = 978.3074 res=false
*==== INFO ====*  stream_id=13996 latency=0.505435 ms (tx_ts=84750748269134, rx_ts=84750748774569) request_id=23904 zil_blk_id=13996 ccf_commit_seqno=23904 nstreams_done_=3500 config.nstreams=1000000 avg_latency=0.5777 ms avg throuhgput (requests/sec) = 984.8842 res=false
*==== INFO ====*  stream_id=15996 latency=0.533438 ms (tx_ts=84751223519880, rx_ts=84751224053318) request_id=27180 zil_blk_id=15996 ccf_commit_seqno=27180 nstreams_done_=4000 config.nstreams=1000000 avg_latency=0.5768 ms avg throuhgput (requests/sec) = 992.8031 res=false
*==== INFO ====*  stream_id=17996 latency=0.481941 ms (tx_ts=84751724617455, rx_ts=84751725099396) request_id=30430 zil_blk_id=17996 ccf_commit_seqno=30430 nstreams_done_=4500 config.nstreams=1000000 avg_latency=0.5808 ms avg throuhgput (requests/sec) = 993.3682 res=false
*==== INFO ====*  stream_id=19996 latency=0.534043 ms (tx_ts=84752250218281, rx_ts=84752250752324) request_id=33969 zil_blk_id=19996 ccf_commit_seqno=33969 nstreams_done_=5000 config.nstreams=1000000 avg_latency=0.5797 ms avg throuhgput (requests/sec) = 988.9837 res=false
*==== INFO ====*  stream_id=21996 latency=0.582038 ms (tx_ts=84752730173233, rx_ts=84752730755271) request_id=38796 zil_blk_id=21996 ccf_commit_seqno=38797 nstreams_done_=5500 config.nstreams=1000000 avg_latency=0.5789 ms avg throuhgput (requests/sec) = 993.5513 res=false
*==== INFO ====*  stream_id=23996 latency=0.607165 ms (tx_ts=84753201723431, rx_ts=84753202330596) request_id=43467 zil_blk_id=23996 ccf_commit_seqno=43468 nstreams_done_=6000 config.nstreams=1000000 avg_latency=0.5795 ms avg throuhgput (requests/sec) = 998.7892 res=false
*==== INFO ====*  stream_id=25996 latency=0.527116 ms (tx_ts=84753705200396, rx_ts=84753705727512) request_id=48395 zil_blk_id=25996 ccf_commit_seqno=48395 nstreams_done_=6500 config.nstreams=1000000 avg_latency=0.5808 ms avg throuhgput (requests/sec) = 998.3611 res=false
*==== INFO ====*  stream_id=27996 latency=0.567151 ms (tx_ts=84754203080750, rx_ts=84754203647901) request_id=53480 zil_blk_id=27996 ccf_commit_seqno=53481 nstreams_done_=7000 config.nstreams=1000000 avg_latency=0.5811 ms avg throuhgput (requests/sec) = 998.7743 res=false
*==== INFO ====*  stream_id=29996 latency=0.505656 ms (tx_ts=84754702343630, rx_ts=84754702849286) request_id=58397 zil_blk_id=29996 ccf_commit_seqno=58397 nstreams_done_=7500 config.nstreams=1000000 avg_latency=0.5820 ms avg throuhgput (requests/sec) = 998.9621 res=false
*==== INFO ====*  stream_id=31996 latency=0.779268 ms (tx_ts=84755189899544, rx_ts=84755190678812) request_id=63361 zil_blk_id=31996 ccf_commit_seqno=63363 nstreams_done_=8000 config.nstreams=1000000 avg_latency=0.5822 ms avg throuhgput (requests/sec) = 1000.5476 res=false
*==== INFO ====*  stream_id=33996 latency=0.624608 ms (tx_ts=84755682571958, rx_ts=84755683196566) request_id=68538 zil_blk_id=33996 ccf_commit_seqno=68538 nstreams_done_=8500 config.nstreams=1000000 avg_latency=0.5813 ms avg throuhgput (requests/sec) = 1001.3973 res=false
*==== INFO ====*  stream_id=35996 latency=0.581779 ms (tx_ts=84756148076795, rx_ts=84756148658574) request_id=73292 zil_blk_id=35996 ccf_commit_seqno=73293 nstreams_done_=9000 config.nstreams=1000000 avg_latency=0.5800 ms avg throuhgput (requests/sec) = 1005.1821 res=false
*==== INFO ====*  stream_id=37996 latency=0.605414 ms (tx_ts=84756620416202, rx_ts=84756621021616) request_id=78331 zil_blk_id=37996 ccf_commit_seqno=78331 nstreams_done_=9500 config.nstreams=1000000 avg_latency=0.5793 ms avg throuhgput (requests/sec) = 1007.8544 res=false
*==== INFO ====*  stream_id=39996 latency=0.493755 ms (tx_ts=84757330425191, rx_ts=84757330918946) request_id=83396 zil_blk_id=39996 ccf_commit_seqno=83396 nstreams_done_=10000 config.nstreams=1000000 avg_latency=0.6020 ms avg throuhgput (requests/sec) = 986.5959 res=false
*==== INFO ====*  stream_id=41996 latency=0.542866 ms (tx_ts=84757788237856, rx_ts=84757788780722) request_id=88210 zil_blk_id=41996 ccf_commit_seqno=88211 nstreams_done_=10500 config.nstreams=1000000 avg_latency=0.5995 ms avg throuhgput (requests/sec) = 991.1529 res=false
*==== INFO ====*  stream_id=43996 latency=0.506718 ms (tx_ts=84758239239270, rx_ts=84758239745988) request_id=92835 zil_blk_id=43996 ccf_commit_seqno=92835 nstreams_done_=11000 config.nstreams=1000000 avg_latency=0.5978 ms avg throuhgput (requests/sec) = 995.9538 res=false
*==== INFO ====*  stream_id=45996 latency=0.735758 ms (tx_ts=84758707956795, rx_ts=84758708692553) request_id=97442 zil_blk_id=45996 ccf_commit_seqno=97442 nstreams_done_=11500 config.nstreams=1000000 avg_latency=0.5968 ms avg throuhgput (requests/sec) = 998.8157 res=false
*==== INFO ====*  stream_id=47996 latency=0.548236 ms (tx_ts=84759181433240, rx_ts=84759181981476) request_id=102231 zil_blk_id=47996 ccf_commit_seqno=102231 nstreams_done_=12000 config.nstreams=1000000 avg_latency=0.5969 ms avg throuhgput (requests/sec) = 1001.0908 res=false
*==== INFO ====*  stream_id=49996 latency=0.512559 ms (tx_ts=84759639913676, rx_ts=84759640426235) request_id=106934 zil_blk_id=49996 ccf_commit_seqno=106934 nstreams_done_=12500 config.nstreams=1000000 avg_latency=0.5967 ms avg throuhgput (requests/sec) = 1004.3897 res=false
*==== INFO ====*  stream_id=51996 latency=0.550940 ms (tx_ts=84760091293152, rx_ts=84760091844092) request_id=111476 zil_blk_id=51996 ccf_commit_seqno=111476 nstreams_done_=13000 config.nstreams=1000000 avg_latency=0.5959 ms avg throuhgput (requests/sec) = 1008.0030 res=false
*==== INFO ====*  stream_id=53996 latency=0.692205 ms (tx_ts=84760575633898, rx_ts=84760576326103) request_id=116515 zil_blk_id=53996 ccf_commit_seqno=116516 nstreams_done_=13500 config.nstreams=1000000 avg_latency=0.5957 ms avg throuhgput (requests/sec) = 1008.8729 res=false
*==== INFO ====*  stream_id=55996 latency=0.671697 ms (tx_ts=84761058533857, rx_ts=84761059205554) request_id=121421 zil_blk_id=55996 ccf_commit_seqno=121422 nstreams_done_=14000 config.nstreams=1000000 avg_latency=0.5965 ms avg throuhgput (requests/sec) = 1009.7988 res=false
*==== INFO ====*  stream_id=57996 latency=0.546783 ms (tx_ts=84761570552813, rx_ts=84761571099596) request_id=126442 zil_blk_id=57996 ccf_commit_seqno=126442 nstreams_done_=14500 config.nstreams=1000000 avg_latency=0.5975 ms avg throuhgput (requests/sec) = 1008.6225 res=false
*==== INFO ====*  stream_id=59996 latency=0.516356 ms (tx_ts=84762099502838, rx_ts=84762100019194) request_id=131527 zil_blk_id=59996 ccf_commit_seqno=131527 nstreams_done_=15000 config.nstreams=1000000 avg_latency=0.5986 ms avg throuhgput (requests/sec) = 1006.3763 res=false
*==== INFO ====*  stream_id=61996 latency=0.627083 ms (tx_ts=84762599660762, rx_ts=84762600287845) request_id=136470 zil_blk_id=61996 ccf_commit_seqno=136470 nstreams_done_=15500 config.nstreams=1000000 avg_latency=0.5985 ms avg throuhgput (requests/sec) = 1006.1518 res=false
*==== INFO ====*  stream_id=63996 latency=0.601115 ms (tx_ts=84763066107268, rx_ts=84763066708383) request_id=141190 zil_blk_id=63996 ccf_commit_seqno=141191 nstreams_done_=16000 config.nstreams=1000000 avg_latency=0.5975 ms avg throuhgput (requests/sec) = 1008.0867 res=false
*==== INFO ====*  stream_id=65996 latency=0.698998 ms (tx_ts=84763522633497, rx_ts=84763523332495) request_id=145713 zil_blk_id=65996 ccf_commit_seqno=145713 nstreams_done_=16500 config.nstreams=1000000 avg_latency=0.5963 ms avg throuhgput (requests/sec) = 1010.5170 res=false
*==== INFO ====*  stream_id=67996 latency=0.617696 ms (tx_ts=84764042630740, rx_ts=84764043248436) request_id=150697 zil_blk_id=67996 ccf_commit_seqno=150698 nstreams_done_=17000 config.nstreams=1000000 avg_latency=0.5970 ms avg throuhgput (requests/sec) = 1009.0104 res=false
*==== INFO ====*  stream_id=69996 latency=0.512899 ms (tx_ts=84764511016626, rx_ts=84764511529525) request_id=155522 zil_blk_id=69996 ccf_commit_seqno=155522 nstreams_done_=17500 config.nstreams=1000000 avg_latency=0.5963 ms avg throuhgput (requests/sec) = 1010.5984 res=false
*==== INFO ====*  stream_id=71996 latency=0.548597 ms (tx_ts=84764989777482, rx_ts=84764990326079) request_id=160391 zil_blk_id=71996 ccf_commit_seqno=160391 nstreams_done_=18000 config.nstreams=1000000 avg_latency=0.5956 ms avg throuhgput (requests/sec) = 1011.5048 res=false
*==== INFO ====*  stream_id=73996 latency=0.497501 ms (tx_ts=84765450155012, rx_ts=84765450652513) request_id=165205 zil_blk_id=73996 ccf_commit_seqno=165205 nstreams_done_=18500 config.nstreams=1000000 avg_latency=0.5943 ms avg throuhgput (requests/sec) = 1013.3879 res=false
*==== INFO ====*  stream_id=75996 latency=0.478466 ms (tx_ts=84765935323415, rx_ts=84765935801881) request_id=169941 zil_blk_id=75996 ccf_commit_seqno=169941 nstreams_done_=19000 config.nstreams=1000000 avg_latency=0.5937 ms avg throuhgput (requests/sec) = 1013.8338 res=false
*==== INFO ====*  stream_id=77996 latency=0.536945 ms (tx_ts=84766434787272, rx_ts=84766435324217) request_id=174944 zil_blk_id=77996 ccf_commit_seqno=174944 nstreams_done_=19500 config.nstreams=1000000 avg_latency=0.5933 ms avg throuhgput (requests/sec) = 1013.4994 res=false
*==== INFO ====*  stream_id=79996 latency=0.500196 ms (tx_ts=84766904079712, rx_ts=84766904579908) request_id=179742 zil_blk_id=79996 ccf_commit_seqno=179742 nstreams_done_=20000 config.nstreams=1000000 avg_latency=0.5922 ms avg throuhgput (requests/sec) = 1014.7379 res=false
*==== INFO ====*  stream_id=81996 latency=0.700480 ms (tx_ts=84767375627873, rx_ts=84767376328353) request_id=184599 zil_blk_id=81996 ccf_commit_seqno=184599 nstreams_done_=20500 config.nstreams=1000000 avg_latency=0.5913 ms avg throuhgput (requests/sec) = 1015.7933 res=false
*==== INFO ====*  stream_id=83996 latency=0.545440 ms (tx_ts=84767831720554, rx_ts=84767832265994) request_id=189316 zil_blk_id=83996 ccf_commit_seqno=189316 nstreams_done_=21000 config.nstreams=1000000 avg_latency=0.5905 ms avg throuhgput (requests/sec) = 1017.5795 res=false
*==== INFO ====*  stream_id=85996 latency=0.500396 ms (tx_ts=84768290804871, rx_ts=84768291305267) request_id=194173 zil_blk_id=85996 ccf_commit_seqno=194173 nstreams_done_=21500 config.nstreams=1000000 avg_latency=0.5897 ms avg throuhgput (requests/sec) = 1019.1386 res=false
*==== INFO ====*  stream_id=87996 latency=0.727410 ms (tx_ts=84768760605375, rx_ts=84768761332785) request_id=198846 zil_blk_id=87996 ccf_commit_seqno=198847 nstreams_done_=22000 config.nstreams=1000000 avg_latency=0.5889 ms avg throuhgput (requests/sec) = 1020.1112 res=false
*==== INFO ====*  stream_id=89996 latency=0.482933 ms (tx_ts=84769230479466, rx_ts=84769230962399) request_id=203465 zil_blk_id=89996 ccf_commit_seqno=203465 nstreams_done_=22500 config.nstreams=1000000 avg_latency=0.5886 ms avg throuhgput (requests/sec) = 1021.0608 res=false
*==== INFO ====*  stream_id=91996 latency=0.579184 ms (tx_ts=84769717262110, rx_ts=84769717841294) request_id=208506 zil_blk_id=91996 ccf_commit_seqno=208507 nstreams_done_=23000 config.nstreams=1000000 avg_latency=0.5884 ms avg throuhgput (requests/sec) = 1021.1881 res=false
*==== INFO ====*  stream_id=93996 latency=0.687707 ms (tx_ts=84770198915777, rx_ts=84770199603484) request_id=213569 zil_blk_id=93996 ccf_commit_seqno=213569 nstreams_done_=23500 config.nstreams=1000000 avg_latency=0.5878 ms avg throuhgput (requests/sec) = 1021.5372 res=false
*==== INFO ====*  stream_id=95996 latency=0.536393 ms (tx_ts=84770690549902, rx_ts=84770691086295) request_id=218571 zil_blk_id=95996 ccf_commit_seqno=218571 nstreams_done_=24000 config.nstreams=1000000 avg_latency=0.5877 ms avg throuhgput (requests/sec) = 1021.4492 res=false
*==== INFO ====*  stream_id=97996 latency=0.499504 ms (tx_ts=84771170803583, rx_ts=84771171303087) request_id=223598 zil_blk_id=97996 ccf_commit_seqno=223598 nstreams_done_=24500 config.nstreams=1000000 avg_latency=0.5872 ms avg throuhgput (requests/sec) = 1021.8447 res=false
*==== INFO ====*  stream_id=99996 latency=0.627745 ms (tx_ts=84771653409129, rx_ts=84771654036874) request_id=228566 zil_blk_id=99996 ccf_commit_seqno=228567 nstreams_done_=25000 config.nstreams=1000000 avg_latency=0.5866 ms avg throuhgput (requests/sec) = 1022.1195 res=false
*==== INFO ====*  stream_id=101996 latency=0.512789 ms (tx_ts=84772131511563, rx_ts=84772132024352) request_id=233585 zil_blk_id=101996 ccf_commit_seqno=233586 nstreams_done_=25500 config.nstreams=1000000 avg_latency=0.5862 ms avg throuhgput (requests/sec) = 1022.5782 res=false
*==== INFO ====*  stream_id=103996 latency=0.657631 ms (tx_ts=84772609553091, rx_ts=84772610210722) request_id=238490 zil_blk_id=103996 ccf_commit_seqno=238490 nstreams_done_=26000 config.nstreams=1000000 avg_latency=0.5854 ms avg throuhgput (requests/sec) = 1023.0117 res=false
*==== INFO ====*  stream_id=105996 latency=0.526536 ms (tx_ts=84773089969957, rx_ts=84773090496493) request_id=243500 zil_blk_id=105996 ccf_commit_seqno=243500 nstreams_done_=26500 config.nstreams=1000000 avg_latency=0.5848 ms avg throuhgput (requests/sec) = 1023.3462 res=false
*==== INFO ====*  stream_id=107996 latency=0.582780 ms (tx_ts=84773587013765, rx_ts=84773587596545) request_id=248589 zil_blk_id=107996 ccf_commit_seqno=248589 nstreams_done_=27000 config.nstreams=1000000 avg_latency=0.5848 ms avg throuhgput (requests/sec) = 1023.0164 res=false
*==== INFO ====*  stream_id=109996 latency=0.609350 ms (tx_ts=84774081045986, rx_ts=84774081655336) request_id=253500 zil_blk_id=109996 ccf_commit_seqno=253500 nstreams_done_=27500 config.nstreams=1000000 avg_latency=0.5848 ms avg throuhgput (requests/sec) = 1022.8144 res=false
*==== INFO ====*  stream_id=111996 latency=0.550419 ms (tx_ts=84774546661342, rx_ts=84774547211761) request_id=258292 zil_blk_id=111996 ccf_commit_seqno=258292 nstreams_done_=28000 config.nstreams=1000000 avg_latency=0.5843 ms avg throuhgput (requests/sec) = 1023.6854 res=false
*==== INFO ====*  stream_id=113996 latency=0.539099 ms (tx_ts=84775013913024, rx_ts=84775014452123) request_id=263019 zil_blk_id=113996 ccf_commit_seqno=263019 nstreams_done_=28500 config.nstreams=1000000 avg_latency=0.5840 ms avg throuhgput (requests/sec) = 1024.4651 res=false
*==== INFO ====*  stream_id=115996 latency=0.645367 ms (tx_ts=84775499889682, rx_ts=84775500535049) request_id=268066 zil_blk_id=115996 ccf_commit_seqno=268068 nstreams_done_=29000 config.nstreams=1000000 avg_latency=0.5832 ms avg throuhgput (requests/sec) = 1024.5367 res=false
*==== INFO ====*  stream_id=117996 latency=0.559186 ms (tx_ts=84775986141540, rx_ts=84775986700726) request_id=272779 zil_blk_id=117996 ccf_commit_seqno=272779 nstreams_done_=29500 config.nstreams=1000000 avg_latency=0.5837 ms avg throuhgput (requests/sec) = 1024.6028 res=false
*==== INFO ====*  stream_id=119996 latency=0.483354 ms (tx_ts=84776447811565, rx_ts=84776448294919) request_id=277391 zil_blk_id=119996 ccf_commit_seqno=277391 nstreams_done_=30000 config.nstreams=1000000 avg_latency=0.5833 ms avg throuhgput (requests/sec) = 1025.5275 res=false
*==== INFO ====*  stream_id=121996 latency=0.489796 ms (tx_ts=84776919410846, rx_ts=84776919900642) request_id=282196 zil_blk_id=121996 ccf_commit_seqno=282196 nstreams_done_=30500 config.nstreams=1000000 avg_latency=0.5832 ms avg throuhgput (requests/sec) = 1026.0777 res=false
*==== INFO ====*  stream_id=123996 latency=0.615692 ms (tx_ts=84777386849427, rx_ts=84777387465119) request_id=287037 zil_blk_id=123996 ccf_commit_seqno=287037 nstreams_done_=31000 config.nstreams=1000000 avg_latency=0.5829 ms avg throuhgput (requests/sec) = 1026.7482 res=false
*==== INFO ====*  stream_id=125996 latency=0.727792 ms (tx_ts=84777866973026, rx_ts=84777867700818) request_id=291905 zil_blk_id=125996 ccf_commit_seqno=291906 nstreams_done_=31500 config.nstreams=1000000 avg_latency=0.5826 ms avg throuhgput (requests/sec) = 1026.9738 res=false
*==== INFO ====*  stream_id=127996 latency=0.527217 ms (tx_ts=84778352191988, rx_ts=84778352719205) request_id=296852 zil_blk_id=127996 ccf_commit_seqno=296852 nstreams_done_=32000 config.nstreams=1000000 avg_latency=0.5826 ms avg throuhgput (requests/sec) = 1027.0347 res=false
*==== INFO ====*  stream_id=129996 latency=0.532356 ms (tx_ts=84778846645930, rx_ts=84778847178286) request_id=301827 zil_blk_id=129996 ccf_commit_seqno=301827 nstreams_done_=32500 config.nstreams=1000000 avg_latency=0.5826 ms avg throuhgput (requests/sec) = 1026.7874 res=false
*==== INFO ====*  stream_id=131996 latency=0.573392 ms (tx_ts=84779330694127, rx_ts=84779331267519) request_id=306745 zil_blk_id=131996 ccf_commit_seqno=306746 nstreams_done_=33000 config.nstreams=1000000 avg_latency=0.5826 ms avg throuhgput (requests/sec) = 1026.8790 res=false
*==== INFO ====*  stream_id=133996 latency=0.474078 ms (tx_ts=84779782695602, rx_ts=84779783169680) request_id=311538 zil_blk_id=133996 ccf_commit_seqno=311538 nstreams_done_=33500 config.nstreams=1000000 avg_latency=0.5820 ms avg throuhgput (requests/sec) = 1027.9822 res=false
*==== INFO ====*  stream_id=135996 latency=0.509213 ms (tx_ts=84780230033373, rx_ts=84780230542586) request_id=316166 zil_blk_id=135996 ccf_commit_seqno=316166 nstreams_done_=34000 config.nstreams=1000000 avg_latency=0.5814 ms avg throuhgput (requests/sec) = 1029.1963 res=false
*==== INFO ====*  stream_id=137996 latency=0.518510 ms (tx_ts=84780705101498, rx_ts=84780705620008) request_id=321086 zil_blk_id=137996 ccf_commit_seqno=321086 nstreams_done_=34500 config.nstreams=1000000 avg_latency=0.5810 ms avg throuhgput (requests/sec) = 1029.5261 res=false
*==== INFO ====*  stream_id=139996 latency=0.541723 ms (tx_ts=84781194835117, rx_ts=84781195376840) request_id=325966 zil_blk_id=139996 ccf_commit_seqno=325966 nstreams_done_=35000 config.nstreams=1000000 avg_latency=0.5811 ms avg throuhgput (requests/sec) = 1029.4021 res=false
*==== INFO ====*  stream_id=141996 latency=0.487081 ms (tx_ts=84781677661212, rx_ts=84781678148293) request_id=330791 zil_blk_id=141996 ccf_commit_seqno=330791 nstreams_done_=35500 config.nstreams=1000000 avg_latency=0.5811 ms avg throuhgput (requests/sec) = 1029.4901 res=false
*==== INFO ====*  stream_id=143996 latency=0.589342 ms (tx_ts=84782134774803, rx_ts=84782135364145) request_id=335671 zil_blk_id=143996 ccf_commit_seqno=335672 nstreams_done_=36000 config.nstreams=1000000 avg_latency=0.5807 ms avg throuhgput (requests/sec) = 1030.3287 res=false
*==== INFO ====*  stream_id=145996 latency=0.658956 ms (tx_ts=84782595807254, rx_ts=84782596466210) request_id=340492 zil_blk_id=145996 ccf_commit_seqno=340492 nstreams_done_=36500 config.nstreams=1000000 avg_latency=0.5803 ms avg throuhgput (requests/sec) = 1031.0324 res=false
*==== INFO ====*  stream_id=147996 latency=0.656198 ms (tx_ts=84783062646150, rx_ts=84783063302348) request_id=345291 zil_blk_id=147996 ccf_commit_seqno=345293 nstreams_done_=37000 config.nstreams=1000000 avg_latency=0.5800 ms avg throuhgput (requests/sec) = 1031.5531 res=false
*==== INFO ====*  stream_id=149996 latency=0.585776 ms (tx_ts=84783578751251, rx_ts=84783579337027) request_id=350426 zil_blk_id=149996 ccf_commit_seqno=350426 nstreams_done_=37500 config.nstreams=1000000 avg_latency=0.5802 ms avg throuhgput (requests/sec) = 1030.6649 res=false
*==== INFO ====*  stream_id=151996 latency=0.662129 ms (tx_ts=84784070663275, rx_ts=84784071325404) request_id=355487 zil_blk_id=151996 ccf_commit_seqno=355487 nstreams_done_=38000 config.nstreams=1000000 avg_latency=0.5803 ms avg throuhgput (requests/sec) = 1030.4730 res=false
*==== INFO ====*  stream_id=153996 latency=0.561089 ms (tx_ts=84784551114104, rx_ts=84784551675193) request_id=360544 zil_blk_id=153996 ccf_commit_seqno=360545 nstreams_done_=38500 config.nstreams=1000000 avg_latency=0.5804 ms avg throuhgput (requests/sec) = 1030.6072 res=false
*==== INFO ====*  stream_id=155996 latency=0.501969 ms (tx_ts=84785026144314, rx_ts=84785026646283) request_id=365599 zil_blk_id=155996 ccf_commit_seqno=365599 nstreams_done_=39000 config.nstreams=1000000 avg_latency=0.5800 ms avg throuhgput (requests/sec) = 1030.8845 res=false
*==== INFO ====*  stream_id=157996 latency=0.634657 ms (tx_ts=84785511976974, rx_ts=84785512611631) request_id=370770 zil_blk_id=157996 ccf_commit_seqno=370772 nstreams_done_=39500 config.nstreams=1000000 avg_latency=0.5797 ms avg throuhgput (requests/sec) = 1030.8591 res=false
*==== INFO ====*  stream_id=159996 latency=0.479427 ms (tx_ts=84785996727951, rx_ts=84785997207378) request_id=375834 zil_blk_id=159996 ccf_commit_seqno=375834 nstreams_done_=40000 config.nstreams=1000000 avg_latency=0.5794 ms avg throuhgput (requests/sec) = 1030.8707 res=false
*==== INFO ====*  stream_id=161996 latency=0.547755 ms (tx_ts=84786472683395, rx_ts=84786473231150) request_id=380964 zil_blk_id=161996 ccf_commit_seqno=380965 nstreams_done_=40500 config.nstreams=1000000 avg_latency=0.5790 ms avg throuhgput (requests/sec) = 1031.1070 res=false
*==== INFO ====*  stream_id=163996 latency=0.584975 ms (tx_ts=84786965306404, rx_ts=84786965891379) request_id=386196 zil_blk_id=163996 ccf_commit_seqno=386196 nstreams_done_=41000 config.nstreams=1000000 avg_latency=0.5789 ms avg throuhgput (requests/sec) = 1030.9062 res=false
*==== INFO ====*  stream_id=165996 latency=0.625540 ms (tx_ts=84787430255975, rx_ts=84787430881515) request_id=391171 zil_blk_id=165996 ccf_commit_seqno=391172 nstreams_done_=41500 config.nstreams=1000000 avg_latency=0.5789 ms avg throuhgput (requests/sec) = 1031.4192 res=false
*==== INFO ====*  stream_id=167996 latency=0.705630 ms (tx_ts=84787906885047, rx_ts=84787907590677) request_id=396098 zil_blk_id=167996 ccf_commit_seqno=396099 nstreams_done_=42000 config.nstreams=1000000 avg_latency=0.5790 ms avg throuhgput (requests/sec) = 1031.6233 res=false
*==== INFO ====*  stream_id=169996 latency=0.519581 ms (tx_ts=84788353177693, rx_ts=84788353697274) request_id=400748 zil_blk_id=169996 ccf_commit_seqno=400750 nstreams_done_=42500 config.nstreams=1000000 avg_latency=0.5786 ms avg throuhgput (requests/sec) = 1032.5900 res=false
*==== INFO ====*  stream_id=171996 latency=0.574024 ms (tx_ts=84788819873672, rx_ts=84788820447696) request_id=405531 zil_blk_id=171996 ccf_commit_seqno=405531 nstreams_done_=43000 config.nstreams=1000000 avg_latency=0.5782 ms avg throuhgput (requests/sec) = 1033.0233 res=false
*==== INFO ====*  stream_id=173996 latency=0.491540 ms (tx_ts=84789291199866, rx_ts=84789291691406) request_id=410549 zil_blk_id=173996 ccf_commit_seqno=410549 nstreams_done_=43500 config.nstreams=1000000 avg_latency=0.5780 ms avg throuhgput (requests/sec) = 1033.3368 res=false
*==== INFO ====*  stream_id=175996 latency=0.579183 ms (tx_ts=84789773566504, rx_ts=84789774145687) request_id=415488 zil_blk_id=175996 ccf_commit_seqno=415489 nstreams_done_=44000 config.nstreams=1000000 avg_latency=0.5777 ms avg throuhgput (requests/sec) = 1033.3711 res=false
*==== INFO ====*  stream_id=177996 latency=0.532116 ms (tx_ts=84790270073265, rx_ts=84790270605381) request_id=420519 zil_blk_id=177996 ccf_commit_seqno=420519 nstreams_done_=44500 config.nstreams=1000000 avg_latency=0.5778 ms avg throuhgput (requests/sec) = 1033.0687 res=false
*==== INFO ====*  stream_id=179996 latency=0.505275 ms (tx_ts=84790744192633, rx_ts=84790744697908) request_id=425362 zil_blk_id=179996 ccf_commit_seqno=425362 nstreams_done_=45000 config.nstreams=1000000 avg_latency=0.5773 ms avg throuhgput (requests/sec) = 1033.3036 res=false
*==== INFO ====*  stream_id=181996 latency=0.585656 ms (tx_ts=84791215235742, rx_ts=84791215821398) request_id=430217 zil_blk_id=181996 ccf_commit_seqno=430217 nstreams_done_=45500 config.nstreams=1000000 avg_latency=0.5770 ms avg throuhgput (requests/sec) = 1033.6031 res=false
*==== INFO ====*  stream_id=183996 latency=0.520804 ms (tx_ts=84791685818549, rx_ts=84791686339353) request_id=435181 zil_blk_id=183996 ccf_commit_seqno=435182 nstreams_done_=46000 config.nstreams=1000000 avg_latency=0.5768 ms avg throuhgput (requests/sec) = 1033.9104 res=false
*==== INFO ====*  stream_id=185996 latency=0.720709 ms (tx_ts=84792154110023, rx_ts=84792154830732) request_id=440279 zil_blk_id=185996 ccf_commit_seqno=440280 nstreams_done_=46500 config.nstreams=1000000 avg_latency=0.5766 ms avg throuhgput (requests/sec) = 1034.2579 res=false
*==== INFO ====*  stream_id=187996 latency=0.478045 ms (tx_ts=84792661097956, rx_ts=84792661576001) request_id=445407 zil_blk_id=187996 ccf_commit_seqno=445408 nstreams_done_=47000 config.nstreams=1000000 avg_latency=0.5766 ms avg throuhgput (requests/sec) = 1033.7277 res=false
*==== INFO ====*  stream_id=189996 latency=0.507238 ms (tx_ts=84793148813155, rx_ts=84793149320393) request_id=450413 zil_blk_id=189996 ccf_commit_seqno=450413 nstreams_done_=47500 config.nstreams=1000000 avg_latency=0.5768 ms avg throuhgput (requests/sec) = 1033.6364 res=false
*==== INFO ====*  stream_id=191996 latency=0.597498 ms (tx_ts=84793622317428, rx_ts=84793622914926) request_id=455328 zil_blk_id=191996 ccf_commit_seqno=455328 nstreams_done_=48000 config.nstreams=1000000 avg_latency=0.5766 ms avg throuhgput (requests/sec) = 1033.8620 res=false
*==== INFO ====*  stream_id=193996 latency=0.520353 ms (tx_ts=84794105871813, rx_ts=84794106392166) request_id=460351 zil_blk_id=193996 ccf_commit_seqno=460351 nstreams_done_=48500 config.nstreams=1000000 avg_latency=0.5764 ms avg throuhgput (requests/sec) = 1033.8653 res=false
*==== INFO ====*  stream_id=195996 latency=0.614580 ms (tx_ts=84794601114900, rx_ts=84794601729480) request_id=465438 zil_blk_id=195996 ccf_commit_seqno=465439 nstreams_done_=49000 config.nstreams=1000000 avg_latency=0.5762 ms avg throuhgput (requests/sec) = 1033.6098 res=false
*==== INFO ====*  stream_id=197996 latency=0.576759 ms (tx_ts=84795076641149, rx_ts=84795077217908) request_id=470262 zil_blk_id=197996 ccf_commit_seqno=470264 nstreams_done_=49500 config.nstreams=1000000 avg_latency=0.5761 ms avg throuhgput (requests/sec) = 1033.7879 res=false
*==== INFO ====*  stream_id=199996 latency=0.491900 ms (tx_ts=84795538115619, rx_ts=84795538607519) request_id=475151 zil_blk_id=199996 ccf_commit_seqno=475151 nstreams_done_=50000 config.nstreams=1000000 avg_latency=0.5761 ms avg throuhgput (requests/sec) = 1034.2641 res=false
*==== INFO ====*  stream_id=201996 latency=0.540561 ms (tx_ts=84796003708008, rx_ts=84796004248569) request_id=480223 zil_blk_id=201996 ccf_commit_seqno=480223 nstreams_done_=50500 config.nstreams=1000000 avg_latency=0.5758 ms avg throuhgput (requests/sec) = 1034.6412 res=false
*==== INFO ====*  stream_id=203996 latency=0.508983 ms (tx_ts=84796486964398, rx_ts=84796487473381) request_id=485209 zil_blk_id=203996 ccf_commit_seqno=485209 nstreams_done_=51000 config.nstreams=1000000 avg_latency=0.5759 ms avg throuhgput (requests/sec) = 1034.6419 res=false
*==== INFO ====*  stream_id=205996 latency=0.609450 ms (tx_ts=84796945889901, rx_ts=84796946499351) request_id=490063 zil_blk_id=205996 ccf_commit_seqno=490063 nstreams_done_=51500 config.nstreams=1000000 avg_latency=0.5757 ms avg throuhgput (requests/sec) = 1035.1459 res=false
*==== INFO ====*  stream_id=207996 latency=0.497571 ms (tx_ts=84797412351085, rx_ts=84797412848656) request_id=495047 zil_blk_id=207996 ccf_commit_seqno=495047 nstreams_done_=52000 config.nstreams=1000000 avg_latency=0.5758 ms avg throuhgput (requests/sec) = 1035.4896 res=false
*==== INFO ====*  stream_id=209996 latency=0.535462 ms (tx_ts=84797930027614, rx_ts=84797930563076) request_id=500260 zil_blk_id=209996 ccf_commit_seqno=500260 nstreams_done_=52500 config.nstreams=1000000 avg_latency=0.5759 ms avg throuhgput (requests/sec) = 1034.7783 res=false
*==== INFO ====*  stream_id=211996 latency=0.533418 ms (tx_ts=84798480300154, rx_ts=84798480833572) request_id=505905 zil_blk_id=211996 ccf_commit_seqno=505905 nstreams_done_=53000 config.nstreams=1000000 avg_latency=0.5764 ms avg throuhgput (requests/sec) = 1033.4249 res=false
*==== INFO ====*  stream_id=213996 latency=0.604380 ms (tx_ts=84798954871169, rx_ts=84798955475549) request_id=510836 zil_blk_id=213996 ccf_commit_seqno=510836 nstreams_done_=53500 config.nstreams=1000000 avg_latency=0.5763 ms avg throuhgput (requests/sec) = 1033.6083 res=false
*==== INFO ====*  stream_id=215996 latency=0.602087 ms (tx_ts=84799411439672, rx_ts=84799412041759) request_id=515583 zil_blk_id=215996 ccf_commit_seqno=515583 nstreams_done_=54000 config.nstreams=1000000 avg_latency=0.5760 ms avg throuhgput (requests/sec) = 1034.1463 res=false
*==== INFO ====*  stream_id=217996 latency=0.514523 ms (tx_ts=84799880557909, rx_ts=84799881072432) request_id=520369 zil_blk_id=217996 ccf_commit_seqno=520369 nstreams_done_=54500 config.nstreams=1000000 avg_latency=0.5759 ms avg throuhgput (requests/sec) = 1034.4301 res=false
*==== INFO ====*  stream_id=219996 latency=0.570408 ms (tx_ts=84800359702690, rx_ts=84800360273098) request_id=525342 zil_blk_id=219996 ccf_commit_seqno=525342 nstreams_done_=55000 config.nstreams=1000000 avg_latency=0.5759 ms avg throuhgput (requests/sec) = 1034.5110 res=false
*==== INFO ====*  stream_id=221996 latency=0.648944 ms (tx_ts=84800853189506, rx_ts=84800853838450) request_id=530220 zil_blk_id=221996 ccf_commit_seqno=530220 nstreams_done_=55500 config.nstreams=1000000 avg_latency=0.5761 ms avg throuhgput (requests/sec) = 1034.3135 res=false
*==== INFO ====*  stream_id=223996 latency=0.571058 ms (tx_ts=84801381400707, rx_ts=84801381971765) request_id=535278 zil_blk_id=223996 ccf_commit_seqno=535278 nstreams_done_=56000 config.nstreams=1000000 avg_latency=0.5761 ms avg throuhgput (requests/sec) = 1033.4598 res=false
*==== INFO ====*  stream_id=225996 latency=0.571219 ms (tx_ts=84801872100343, rx_ts=84801872671562) request_id=540085 zil_blk_id=225996 ccf_commit_seqno=540086 nstreams_done_=56500 config.nstreams=1000000 avg_latency=0.5761 ms avg throuhgput (requests/sec) = 1033.3296 res=false
*==== INFO ====*  stream_id=227996 latency=0.686094 ms (tx_ts=84802362483522, rx_ts=84802363169616) request_id=544827 zil_blk_id=227996 ccf_commit_seqno=544829 nstreams_done_=57000 config.nstreams=1000000 avg_latency=0.5760 ms avg throuhgput (requests/sec) = 1033.2056 res=false
*==== INFO ====*  stream_id=229996 latency=0.566028 ms (tx_ts=84802873029086, rx_ts=84802873595114) request_id=549789 zil_blk_id=229996 ccf_commit_seqno=549789 nstreams_done_=57500 config.nstreams=1000000 avg_latency=0.5760 ms avg throuhgput (requests/sec) = 1032.7139 res=false
*==== INFO ====*  stream_id=231996 latency=0.553255 ms (tx_ts=84803367420633, rx_ts=84803367973888) request_id=554654 zil_blk_id=231996 ccf_commit_seqno=554654 nstreams_done_=58000 config.nstreams=1000000 avg_latency=0.5760 ms avg throuhgput (requests/sec) = 1032.5261 res=false
*==== INFO ====*  stream_id=233996 latency=0.497060 ms (tx_ts=84803846135476, rx_ts=84803846632536) request_id=559546 zil_blk_id=233996 ccf_commit_seqno=559546 nstreams_done_=58500 config.nstreams=1000000 avg_latency=0.5759 ms avg throuhgput (requests/sec) = 1032.6279 res=false
*==== INFO ====*  stream_id=235996 latency=0.665344 ms (tx_ts=84804300803343, rx_ts=84804301468687) request_id=564342 zil_blk_id=235996 ccf_commit_seqno=564343 nstreams_done_=59000 config.nstreams=1000000 avg_latency=0.5757 ms avg throuhgput (requests/sec) = 1033.1589 res=false
*==== INFO ====*  stream_id=237996 latency=0.573674 ms (tx_ts=84804798369457, rx_ts=84804798943131) request_id=569516 zil_blk_id=237996 ccf_commit_seqno=569516 nstreams_done_=59500 config.nstreams=1000000 avg_latency=0.5759 ms avg throuhgput (requests/sec) = 1032.9164 res=false
*==== INFO ====*  stream_id=239996 latency=0.582309 ms (tx_ts=84805268607200, rx_ts=84805269189509) request_id=574277 zil_blk_id=239996 ccf_commit_seqno=574277 nstreams_done_=60000 config.nstreams=1000000 avg_latency=0.5758 ms avg throuhgput (requests/sec) = 1033.1622 res=false
*==== INFO ====*  stream_id=241996 latency=0.562042 ms (tx_ts=84805776886886, rx_ts=84805777448928) request_id=579140 zil_blk_id=241996 ccf_commit_seqno=579140 nstreams_done_=60500 config.nstreams=1000000 avg_latency=0.5760 ms avg throuhgput (requests/sec) = 1032.7335 res=false
*==== INFO ====*  stream_id=243996 latency=0.666847 ms (tx_ts=84806275518054, rx_ts=84806276184901) request_id=584195 zil_blk_id=243996 ccf_commit_seqno=584196 nstreams_done_=61000 config.nstreams=1000000 avg_latency=0.5762 ms avg throuhgput (requests/sec) = 1032.4786 res=false
*==== INFO ====*  stream_id=245996 latency=0.525133 ms (tx_ts=84806734374909, rx_ts=84806734900042) request_id=588968 zil_blk_id=245996 ccf_commit_seqno=588968 nstreams_done_=61500 config.nstreams=1000000 avg_latency=0.5761 ms avg throuhgput (requests/sec) = 1032.9218 res=false
*==== INFO ====*  stream_id=247996 latency=0.492101 ms (tx_ts=84807195730471, rx_ts=84807196222572) request_id=593721 zil_blk_id=247996 ccf_commit_seqno=593722 nstreams_done_=62000 config.nstreams=1000000 avg_latency=0.5759 ms avg throuhgput (requests/sec) = 1033.3133 res=false
*==== INFO ====*  stream_id=249996 latency=0.547353 ms (tx_ts=84807713608844, rx_ts=84807714156197) request_id=598569 zil_blk_id=249996 ccf_commit_seqno=598569 nstreams_done_=62500 config.nstreams=1000000 avg_latency=0.5765 ms avg throuhgput (requests/sec) = 1032.7318 res=false
*==== INFO ====*  stream_id=251996 latency=0.497340 ms (tx_ts=84808194027899, rx_ts=84808194525239) request_id=603412 zil_blk_id=251996 ccf_commit_seqno=603412 nstreams_done_=63000 config.nstreams=1000000 avg_latency=0.5765 ms avg throuhgput (requests/sec) = 1032.7959 res=false
*==== INFO ====*  stream_id=253996 latency=0.531775 ms (tx_ts=84808658441512, rx_ts=84808658973287) request_id=608128 zil_blk_id=253996 ccf_commit_seqno=608128 nstreams_done_=63500 config.nstreams=1000000 avg_latency=0.5764 ms avg throuhgput (requests/sec) = 1033.1265 res=false
*==== INFO ====*  stream_id=255996 latency=0.526775 ms (tx_ts=84809132914127, rx_ts=84809133440902) request_id=613095 zil_blk_id=255996 ccf_commit_seqno=613095 nstreams_done_=64000 config.nstreams=1000000 avg_latency=0.5762 ms avg throuhgput (requests/sec) = 1033.2850 res=false
*==== INFO ====*  stream_id=257996 latency=0.680984 ms (tx_ts=84809616228819, rx_ts=84809616909803) request_id=617987 zil_blk_id=257996 ccf_commit_seqno=617987 nstreams_done_=64500 config.nstreams=1000000 avg_latency=0.5763 ms avg throuhgput (requests/sec) = 1033.2920 res=false
*==== INFO ====*  stream_id=259996 latency=0.539379 ms (tx_ts=84810103998094, rx_ts=84810104537473) request_id=622903 zil_blk_id=259996 ccf_commit_seqno=622903 nstreams_done_=65000 config.nstreams=1000000 avg_latency=0.5764 ms avg throuhgput (requests/sec) = 1033.2306 res=false
*==== INFO ====*  stream_id=261996 latency=0.532677 ms (tx_ts=84810620700381, rx_ts=84810621233058) request_id=628067 zil_blk_id=261996 ccf_commit_seqno=628067 nstreams_done_=65500 config.nstreams=1000000 avg_latency=0.5766 ms avg throuhgput (requests/sec) = 1032.6967 res=false
*==== INFO ====*  stream_id=263996 latency=0.486326 ms (tx_ts=84811139252208, rx_ts=84811139738534) request_id=633277 zil_blk_id=263996 ccf_commit_seqno=633277 nstreams_done_=66000 config.nstreams=1000000 avg_latency=0.5767 ms avg throuhgput (requests/sec) = 1032.1421 res=false
*==== INFO ====*  stream_id=265996 latency=0.547615 ms (tx_ts=84811612499102, rx_ts=84811613046717) request_id=638065 zil_blk_id=265996 ccf_commit_seqno=638065 nstreams_done_=66500 config.nstreams=1000000 avg_latency=0.5766 ms avg throuhgput (requests/sec) = 1032.3203 res=false
*==== INFO ====*  stream_id=267996 latency=0.561290 ms (tx_ts=84812110875852, rx_ts=84812111437142) request_id=643170 zil_blk_id=267996 ccf_commit_seqno=643170 nstreams_done_=67000 config.nstreams=1000000 avg_latency=0.5767 ms avg throuhgput (requests/sec) = 1032.0970 res=false
*==== INFO ====*  stream_id=269996 latency=0.554533 ms (tx_ts=84812597632813, rx_ts=84812598187346) request_id=647956 zil_blk_id=269996 ccf_commit_seqno=647956 nstreams_done_=67500 config.nstreams=1000000 avg_latency=0.5768 ms avg throuhgput (requests/sec) = 1032.0607 res=false
*==== INFO ====*  stream_id=271996 latency=0.534589 ms (tx_ts=84813082327831, rx_ts=84813082862420) request_id=652725 zil_blk_id=271996 ccf_commit_seqno=652727 nstreams_done_=68000 config.nstreams=1000000 avg_latency=0.5770 ms avg throuhgput (requests/sec) = 1032.0574 res=false
*==== INFO ====*  stream_id=273996 latency=0.511797 ms (tx_ts=84813579204059, rx_ts=84813579715856) request_id=657437 zil_blk_id=273996 ccf_commit_seqno=657437 nstreams_done_=68500 config.nstreams=1000000 avg_latency=0.5773 ms avg throuhgput (requests/sec) = 1031.8649 res=false
*==== INFO ====*  stream_id=275996 latency=0.494825 ms (tx_ts=84814056619403, rx_ts=84814057114228) request_id=662237 zil_blk_id=275996 ccf_commit_seqno=662237 nstreams_done_=69000 config.nstreams=1000000 avg_latency=0.5775 ms avg throuhgput (requests/sec) = 1031.9754 res=false
*==== INFO ====*  stream_id=277996 latency=0.570267 ms (tx_ts=84814532158190, rx_ts=84814532728457) request_id=666927 zil_blk_id=277996 ccf_commit_seqno=666927 nstreams_done_=69500 config.nstreams=1000000 avg_latency=0.5776 ms avg throuhgput (requests/sec) = 1032.1117 res=false
*==== INFO ====*  stream_id=279996 latency=0.539279 ms (tx_ts=84815029760713, rx_ts=84815030299992) request_id=671756 zil_blk_id=279996 ccf_commit_seqno=671758 nstreams_done_=70000 config.nstreams=1000000 avg_latency=0.5777 ms avg throuhgput (requests/sec) = 1031.9120 res=false
*==== INFO ====*  stream_id=281996 latency=0.511868 ms (tx_ts=84815503350189, rx_ts=84815503862057) request_id=676543 zil_blk_id=281996 ccf_commit_seqno=676543 nstreams_done_=70500 config.nstreams=1000000 avg_latency=0.5775 ms avg throuhgput (requests/sec) = 1032.0778 res=false
*==== INFO ====*  stream_id=283996 latency=0.535782 ms (tx_ts=84815991510518, rx_ts=84815992046300) request_id=681378 zil_blk_id=283996 ccf_commit_seqno=681378 nstreams_done_=71000 config.nstreams=1000000 avg_latency=0.5776 ms avg throuhgput (requests/sec) = 1032.0219 res=false
*==== INFO ====*  stream_id=285996 latency=0.537015 ms (tx_ts=84816450117331, rx_ts=84816450654346) request_id=686016 zil_blk_id=285996 ccf_commit_seqno=686016 nstreams_done_=71500 config.nstreams=1000000 avg_latency=0.5775 ms avg throuhgput (requests/sec) = 1032.4075 res=false
*==== INFO ====*  stream_id=287996 latency=0.537836 ms (tx_ts=84816969333884, rx_ts=84816969871720) request_id=690967 zil_blk_id=287996 ccf_commit_seqno=690967 nstreams_done_=72000 config.nstreams=1000000 avg_latency=0.5778 ms avg throuhgput (requests/sec) = 1031.8910 res=false
*==== INFO ====*  stream_id=289996 latency=0.704548 ms (tx_ts=84817480536643, rx_ts=84817481241191) request_id=696020 zil_blk_id=289996 ccf_commit_seqno=696022 nstreams_done_=72500 config.nstreams=1000000 avg_latency=0.5781 ms avg throuhgput (requests/sec) = 1031.4972 res=false
*==== INFO ====*  stream_id=291996 latency=0.710530 ms (tx_ts=84817968366584, rx_ts=84817969077114) request_id=700986 zil_blk_id=291996 ccf_commit_seqno=700988 nstreams_done_=73000 config.nstreams=1000000 avg_latency=0.5781 ms avg throuhgput (requests/sec) = 1031.4519 res=false
*==== INFO ====*  stream_id=293996 latency=0.598289 ms (tx_ts=84818463367167, rx_ts=84818463965456) request_id=706112 zil_blk_id=293996 ccf_commit_seqno=706114 nstreams_done_=73500 config.nstreams=1000000 avg_latency=0.5782 ms avg throuhgput (requests/sec) = 1031.3053 res=false
*==== INFO ====*  stream_id=295996 latency=0.524250 ms (tx_ts=84818943232563, rx_ts=84818943756813) request_id=711059 zil_blk_id=295996 ccf_commit_seqno=711059 nstreams_done_=74000 config.nstreams=1000000 avg_latency=0.5783 ms avg throuhgput (requests/sec) = 1031.3776 res=false
*==== INFO ====*  stream_id=297996 latency=0.535743 ms (tx_ts=84819416869926, rx_ts=84819417405669) request_id=715931 zil_blk_id=297996 ccf_commit_seqno=715931 nstreams_done_=74500 config.nstreams=1000000 avg_latency=0.5783 ms avg throuhgput (requests/sec) = 1031.5367 res=false
*==== INFO ====*  stream_id=299996 latency=0.524912 ms (tx_ts=84819875603742, rx_ts=84819876128654) request_id=720693 zil_blk_id=299996 ccf_commit_seqno=720693 nstreams_done_=75000 config.nstreams=1000000 avg_latency=0.5783 ms avg throuhgput (requests/sec) = 1031.9055 res=false
*==== INFO ====*  stream_id=301996 latency=0.565449 ms (tx_ts=84820343718851, rx_ts=84820344284300) request_id=725622 zil_blk_id=301996 ccf_commit_seqno=725623 nstreams_done_=75500 config.nstreams=1000000 avg_latency=0.5782 ms avg throuhgput (requests/sec) = 1032.1367 res=false
*==== INFO ====*  stream_id=303996 latency=0.648252 ms (tx_ts=84820914465549, rx_ts=84820915113801) request_id=730527 zil_blk_id=303996 ccf_commit_seqno=730528 nstreams_done_=76000 config.nstreams=1000000 avg_latency=0.5795 ms avg throuhgput (requests/sec) = 1030.9270 res=false
*==== INFO ====*  stream_id=305996 latency=0.579695 ms (tx_ts=84821365156223, rx_ts=84821365735918) request_id=735232 zil_blk_id=305996 ccf_commit_seqno=735232 nstreams_done_=76500 config.nstreams=1000000 avg_latency=0.5795 ms avg throuhgput (requests/sec) = 1031.4049 res=false
*==== INFO ====*  stream_id=307996 latency=0.524261 ms (tx_ts=84821838511174, rx_ts=84821839035435) request_id=740055 zil_blk_id=307996 ccf_commit_seqno=740055 nstreams_done_=77000 config.nstreams=1000000 avg_latency=0.5796 ms avg throuhgput (requests/sec) = 1031.5635 res=false
*==== INFO ====*  stream_id=309996 latency=0.569325 ms (tx_ts=84822340563109, rx_ts=84822341132434) request_id=744860 zil_blk_id=309996 ccf_commit_seqno=744861 nstreams_done_=77500 config.nstreams=1000000 avg_latency=0.5802 ms avg throuhgput (requests/sec) = 1031.3247 res=false
*==== INFO ====*  stream_id=311996 latency=0.586928 ms (tx_ts=84822822274818, rx_ts=84822822861746) request_id=749670 zil_blk_id=311996 ccf_commit_seqno=749671 nstreams_done_=78000 config.nstreams=1000000 avg_latency=0.5800 ms avg throuhgput (requests/sec) = 1031.3667 res=false
*==== INFO ====*  stream_id=313996 latency=0.503432 ms (tx_ts=84823324316383, rx_ts=84823324819815) request_id=754543 zil_blk_id=313996 ccf_commit_seqno=754544 nstreams_done_=78500 config.nstreams=1000000 avg_latency=0.5802 ms avg throuhgput (requests/sec) = 1031.1342 res=false
*==== INFO ====*  stream_id=315996 latency=0.522597 ms (tx_ts=84823852299402, rx_ts=84823852821999) request_id=759640 zil_blk_id=315996 ccf_commit_seqno=759640 nstreams_done_=79000 config.nstreams=1000000 avg_latency=0.5806 ms avg throuhgput (requests/sec) = 1030.5544 res=false
*==== INFO ====*  stream_id=317996 latency=0.546783 ms (tx_ts=84824314536477, rx_ts=84824315083260) request_id=764428 zil_blk_id=317996 ccf_commit_seqno=764428 nstreams_done_=79500 config.nstreams=1000000 avg_latency=0.5805 ms avg throuhgput (requests/sec) = 1030.8606 res=false
*==== INFO ====*  stream_id=319996 latency=0.536424 ms (tx_ts=84824812062239, rx_ts=84824812598663) request_id=769670 zil_blk_id=319996 ccf_commit_seqno=769671 nstreams_done_=80000 config.nstreams=1000000 avg_latency=0.5805 ms avg throuhgput (requests/sec) = 1030.6948 res=false
*==== INFO ====*  stream_id=321996 latency=0.727281 ms (tx_ts=84825300631832, rx_ts=84825301359113) request_id=774762 zil_blk_id=321996 ccf_commit_seqno=774763 nstreams_done_=80500 config.nstreams=1000000 avg_latency=0.5806 ms avg throuhgput (requests/sec) = 1030.6467 res=false
*==== INFO ====*  stream_id=323996 latency=0.741267 ms (tx_ts=84825827708653, rx_ts=84825828449920) request_id=779896 zil_blk_id=323996 ccf_commit_seqno=779897 nstreams_done_=81000 config.nstreams=1000000 avg_latency=0.5806 ms avg throuhgput (requests/sec) = 1030.0967 res=false
*==== INFO ====*  stream_id=325996 latency=0.623897 ms (tx_ts=84826304243528, rx_ts=84826304867425) request_id=784842 zil_blk_id=325996 ccf_commit_seqno=784844 nstreams_done_=81500 config.nstreams=1000000 avg_latency=0.5804 ms avg throuhgput (requests/sec) = 1030.2136 res=false
*==== INFO ====*  stream_id=327996 latency=0.529791 ms (tx_ts=84826785747408, rx_ts=84826786277199) request_id=789823 zil_blk_id=327996 ccf_commit_seqno=789823 nstreams_done_=82000 config.nstreams=1000000 avg_latency=0.5803 ms avg throuhgput (requests/sec) = 1030.2644 res=false
*==== INFO ====*  stream_id=329996 latency=0.654996 ms (tx_ts=84827273094674, rx_ts=84827273749670) request_id=794862 zil_blk_id=329996 ccf_commit_seqno=794863 nstreams_done_=82500 config.nstreams=1000000 avg_latency=0.5801 ms avg throuhgput (requests/sec) = 1030.2366 res=false
*==== INFO ====*  stream_id=331996 latency=0.481361 ms (tx_ts=84827743113356, rx_ts=84827743594717) request_id=799723 zil_blk_id=331996 ccf_commit_seqno=799723 nstreams_done_=83000 config.nstreams=1000000 avg_latency=0.5802 ms avg throuhgput (requests/sec) = 1030.4346 res=false
*==== INFO ====*  stream_id=333996 latency=0.694829 ms (tx_ts=84828210154646, rx_ts=84828210849475) request_id=804498 zil_blk_id=333996 ccf_commit_seqno=804498 nstreams_done_=83500 config.nstreams=1000000 avg_latency=0.5802 ms avg throuhgput (requests/sec) = 1030.6633 res=false
*==== INFO ====*  stream_id=335996 latency=0.494155 ms (tx_ts=84828650795449, rx_ts=84828651289604) request_id=809131 zil_blk_id=335996 ccf_commit_seqno=809131 nstreams_done_=84000 config.nstreams=1000000 avg_latency=0.5800 ms avg throuhgput (requests/sec) = 1031.2286 res=false
*==== INFO ====*  stream_id=337996 latency=0.637543 ms (tx_ts=84829135622084, rx_ts=84829136259627) request_id=814128 zil_blk_id=337996 ccf_commit_seqno=814128 nstreams_done_=84500 config.nstreams=1000000 avg_latency=0.5801 ms avg throuhgput (requests/sec) = 1031.2272 res=false
*==== INFO ====*  stream_id=339996 latency=0.495236 ms (tx_ts=84829621128553, rx_ts=84829621623789) request_id=819089 zil_blk_id=339996 ccf_commit_seqno=819089 nstreams_done_=85000 config.nstreams=1000000 avg_latency=0.5800 ms avg throuhgput (requests/sec) = 1031.2209 res=false
*==== INFO ====*  stream_id=341996 latency=0.651118 ms (tx_ts=84830100341514, rx_ts=84830100992632) request_id=824014 zil_blk_id=341996 ccf_commit_seqno=824014 nstreams_done_=85500 config.nstreams=1000000 avg_latency=0.5799 ms avg throuhgput (requests/sec) = 1031.2893 res=false
*==== INFO ====*  stream_id=343996 latency=0.742449 ms (tx_ts=84830584766834, rx_ts=84830585509283) request_id=828935 zil_blk_id=343996 ccf_commit_seqno=828936 nstreams_done_=86000 config.nstreams=1000000 avg_latency=0.5799 ms avg throuhgput (requests/sec) = 1031.2931 res=false
*==== INFO ====*  stream_id=345996 latency=0.537906 ms (tx_ts=84831073709765, rx_ts=84831074247671) request_id=834170 zil_blk_id=345996 ccf_commit_seqno=834170 nstreams_done_=86500 config.nstreams=1000000 avg_latency=0.5798 ms avg throuhgput (requests/sec) = 1031.2451 res=false
*==== INFO ====*  stream_id=347996 latency=0.540431 ms (tx_ts=84831581138845, rx_ts=84831581679276) request_id=839270 zil_blk_id=347996 ccf_commit_seqno=839270 nstreams_done_=87000 config.nstreams=1000000 avg_latency=0.5797 ms avg throuhgput (requests/sec) = 1030.9691 res=false
*==== INFO ====*  stream_id=349996 latency=0.548957 ms (tx_ts=84832078683077, rx_ts=84832079232034) request_id=844217 zil_blk_id=349996 ccf_commit_seqno=844217 nstreams_done_=87500 config.nstreams=1000000 avg_latency=0.5797 ms avg throuhgput (requests/sec) = 1030.8164 res=false
*==== INFO ====*  stream_id=351996 latency=0.487809 ms (tx_ts=84832558064614, rx_ts=84832558552423) request_id=849099 zil_blk_id=351996 ccf_commit_seqno=849099 nstreams_done_=88000 config.nstreams=1000000 avg_latency=0.5796 ms avg throuhgput (requests/sec) = 1030.8856 res=false
*==== INFO ====*  stream_id=353996 latency=0.686845 ms (tx_ts=84833070332109, rx_ts=84833071018954) request_id=854051 zil_blk_id=353996 ccf_commit_seqno=854052 nstreams_done_=88500 config.nstreams=1000000 avg_latency=0.5797 ms avg throuhgput (requests/sec) = 1030.5561 res=false
*==== INFO ====*  stream_id=355996 latency=0.530653 ms (tx_ts=84833567885118, rx_ts=84833568415771) request_id=859040 zil_blk_id=355996 ccf_commit_seqno=859040 nstreams_done_=89000 config.nstreams=1000000 avg_latency=0.5796 ms avg throuhgput (requests/sec) = 1030.4103 res=false
*==== INFO ====*  stream_id=357996 latency=0.658471 ms (tx_ts=84834032593142, rx_ts=84834033251613) request_id=863687 zil_blk_id=357996 ccf_commit_seqno=863687 nstreams_done_=89500 config.nstreams=1000000 avg_latency=0.5795 ms avg throuhgput (requests/sec) = 1030.6525 res=false
*==== INFO ====*  stream_id=359996 latency=0.558064 ms (tx_ts=84834496862735, rx_ts=84834497420799) request_id=868686 zil_blk_id=359996 ccf_commit_seqno=868687 nstreams_done_=90000 config.nstreams=1000000 avg_latency=0.5794 ms avg throuhgput (requests/sec) = 1030.8999 res=false
*==== INFO ====*  stream_id=361996 latency=0.504093 ms (tx_ts=84835002049701, rx_ts=84835002553794) request_id=873837 zil_blk_id=361996 ccf_commit_seqno=873837 nstreams_done_=90500 config.nstreams=1000000 avg_latency=0.5795 ms avg throuhgput (requests/sec) = 1030.6637 res=false
*==== INFO ====*  stream_id=363996 latency=0.504644 ms (tx_ts=84835478656991, rx_ts=84835479161635) request_id=878972 zil_blk_id=363996 ccf_commit_seqno=878972 nstreams_done_=91000 config.nstreams=1000000 avg_latency=0.5794 ms avg throuhgput (requests/sec) = 1030.7631 res=false
*==== INFO ====*  stream_id=365996 latency=0.556912 ms (tx_ts=84835964117994, rx_ts=84835964674906) request_id=884002 zil_blk_id=365996 ccf_commit_seqno=884003 nstreams_done_=91500 config.nstreams=1000000 avg_latency=0.5792 ms avg throuhgput (requests/sec) = 1030.7581 res=false
*==== INFO ====*  stream_id=367996 latency=0.581427 ms (tx_ts=84836467270822, rx_ts=84836467852249) request_id=889163 zil_blk_id=367996 ccf_commit_seqno=889164 nstreams_done_=92000 config.nstreams=1000000 avg_latency=0.5791 ms avg throuhgput (requests/sec) = 1030.5491 res=false
*==== INFO ====*  stream_id=369996 latency=0.487061 ms (tx_ts=84836951506115, rx_ts=84836951993176) request_id=894188 zil_blk_id=369996 ccf_commit_seqno=894188 nstreams_done_=92500 config.nstreams=1000000 avg_latency=0.5789 ms avg throuhgput (requests/sec) = 1030.5610 res=false
*==== INFO ====*  stream_id=371996 latency=0.588471 ms (tx_ts=84837403935393, rx_ts=84837404523864) request_id=898929 zil_blk_id=371996 ccf_commit_seqno=898930 nstreams_done_=93000 config.nstreams=1000000 avg_latency=0.5788 ms avg throuhgput (requests/sec) = 1030.9339 res=false
*==== INFO ====*  stream_id=373996 latency=0.584453 ms (tx_ts=84837873515804, rx_ts=84837874100257) request_id=903860 zil_blk_id=373996 ccf_commit_seqno=903860 nstreams_done_=93500 config.nstreams=1000000 avg_latency=0.5788 ms avg throuhgput (requests/sec) = 1031.1092 res=false
*==== INFO ====*  stream_id=375996 latency=0.501057 ms (tx_ts=84838341391793, rx_ts=84838341892850) request_id=908893 zil_blk_id=375996 ccf_commit_seqno=908893 nstreams_done_=94000 config.nstreams=1000000 avg_latency=0.5788 ms avg throuhgput (requests/sec) = 1031.3029 res=false
*==== INFO ====*  stream_id=377996 latency=0.488674 ms (tx_ts=84838790468653, rx_ts=84838790957327) request_id=913455 zil_blk_id=377996 ccf_commit_seqno=913455 nstreams_done_=94500 config.nstreams=1000000 avg_latency=0.5786 ms avg throuhgput (requests/sec) = 1031.7056 res=false
*==== INFO ====*  stream_id=379996 latency=1.609651 ms (tx_ts=84839268058493, rx_ts=84839269668144) request_id=918350 zil_blk_id=379996 ccf_commit_seqno=918350 nstreams_done_=95000 config.nstreams=1000000 avg_latency=0.5785 ms avg throuhgput (requests/sec) = 1031.7719 res=false
*==== INFO ====*  stream_id=381996 latency=0.603529 ms (tx_ts=84839754626360, rx_ts=84839755229889) request_id=923339 zil_blk_id=381996 ccf_commit_seqno=923339 nstreams_done_=95500 config.nstreams=1000000 avg_latency=0.5784 ms avg throuhgput (requests/sec) = 1031.7613 res=false
*==== INFO ====*  stream_id=383996 latency=0.519212 ms (tx_ts=84840227512334, rx_ts=84840228031546) request_id=928274 zil_blk_id=383996 ccf_commit_seqno=928274 nstreams_done_=96000 config.nstreams=1000000 avg_latency=0.5783 ms avg throuhgput (requests/sec) = 1031.8922 res=false
*==== INFO ====*  stream_id=385996 latency=0.508160 ms (tx_ts=84840680836167, rx_ts=84840681344327) request_id=933024 zil_blk_id=385996 ccf_commit_seqno=933025 nstreams_done_=96500 config.nstreams=1000000 avg_latency=0.5781 ms avg throuhgput (requests/sec) = 1032.2370 res=false
*==== INFO ====*  stream_id=387996 latency=0.585776 ms (tx_ts=84841169270456, rx_ts=84841169856232) request_id=938157 zil_blk_id=387996 ccf_commit_seqno=938157 nstreams_done_=97000 config.nstreams=1000000 avg_latency=0.5780 ms avg throuhgput (requests/sec) = 1032.1916 res=false
*==== INFO ====*  stream_id=389996 latency=0.518991 ms (tx_ts=84841644082777, rx_ts=84841644601768) request_id=943041 zil_blk_id=389996 ccf_commit_seqno=943042 nstreams_done_=97500 config.nstreams=1000000 avg_latency=0.5780 ms avg throuhgput (requests/sec) = 1032.2972 res=false
*==== INFO ====*  stream_id=391996 latency=0.577871 ms (tx_ts=84842117311769, rx_ts=84842117889640) request_id=947929 zil_blk_id=391996 ccf_commit_seqno=947930 nstreams_done_=98000 config.nstreams=1000000 avg_latency=0.5779 ms avg throuhgput (requests/sec) = 1032.4176 res=false
*==== INFO ====*  stream_id=393996 latency=0.455963 ms (tx_ts=84842604758506, rx_ts=84842605214469) request_id=952780 zil_blk_id=393996 ccf_commit_seqno=952780 nstreams_done_=98500 config.nstreams=1000000 avg_latency=0.5779 ms avg throuhgput (requests/sec) = 1032.3848 res=false
*==== INFO ====*  stream_id=395996 latency=0.509793 ms (tx_ts=84843065534032, rx_ts=84843066043825) request_id=957540 zil_blk_id=395996 ccf_commit_seqno=957540 nstreams_done_=99000 config.nstreams=1000000 avg_latency=0.5777 ms avg throuhgput (requests/sec) = 1032.6378 res=false
*==== INFO ====*  stream_id=397996 latency=0.586327 ms (tx_ts=84843569791593, rx_ts=84843570377920) request_id=962663 zil_blk_id=397996 ccf_commit_seqno=962663 nstreams_done_=99500 config.nstreams=1000000 avg_latency=0.5777 ms avg throuhgput (requests/sec) = 1032.4220 res=false
*==== INFO ====*  stream_id=399996 latency=0.547865 ms (tx_ts=84844063914276, rx_ts=84844064462141) request_id=967887 zil_blk_id=399996 ccf_commit_seqno=967888 nstreams_done_=100000 config.nstreams=1000000 avg_latency=0.5776 ms avg throuhgput (requests/sec) = 1032.3177 res=false
*==== INFO ====*  stream_id=401996 latency=0.472785 ms (tx_ts=84844523853161, rx_ts=84844524325946) request_id=972747 zil_blk_id=401996 ccf_commit_seqno=972747 nstreams_done_=100500 config.nstreams=1000000 avg_latency=0.5775 ms avg throuhgput (requests/sec) = 1032.5774 res=false
*==== INFO ====*  stream_id=403996 latency=0.476181 ms (tx_ts=84844996454557, rx_ts=84844996930738) request_id=977776 zil_blk_id=403996 ccf_commit_seqno=977776 nstreams_done_=101000 config.nstreams=1000000 avg_latency=0.5773 ms avg throuhgput (requests/sec) = 1032.7001 res=false
*==== INFO ====*  stream_id=405996 latency=0.523690 ms (tx_ts=84845479094175, rx_ts=84845479617865) request_id=982786 zil_blk_id=405996 ccf_commit_seqno=982787 nstreams_done_=101500 config.nstreams=1000000 avg_latency=0.5773 ms avg throuhgput (requests/sec) = 1032.7156 res=false
*==== INFO ====*  stream_id=407996 latency=0.480840 ms (tx_ts=84845964051935, rx_ts=84845964532775) request_id=987679 zil_blk_id=407996 ccf_commit_seqno=987679 nstreams_done_=102000 config.nstreams=1000000 avg_latency=0.5772 ms avg throuhgput (requests/sec) = 1032.7077 res=false
*==== INFO ====*  stream_id=409996 latency=0.554748 ms (tx_ts=84846434275208, rx_ts=84846434829956) request_id=992524 zil_blk_id=409996 ccf_commit_seqno=992524 nstreams_done_=102500 config.nstreams=1000000 avg_latency=0.5772 ms avg throuhgput (requests/sec) = 1032.8520 res=false
*==== INFO ====*  stream_id=411996 latency=0.583081 ms (tx_ts=84846893788095, rx_ts=84846894371176) request_id=997262 zil_blk_id=411996 ccf_commit_seqno=997263 nstreams_done_=103000 config.nstreams=1000000 avg_latency=0.5772 ms avg throuhgput (requests/sec) = 1033.1064 res=false
*==== INFO ====*  stream_id=413996 latency=0.462836 ms (tx_ts=84847360923108, rx_ts=84847361385944) request_id=1001990 zil_blk_id=413996 ccf_commit_seqno=1001990 nstreams_done_=103500 config.nstreams=1000000 avg_latency=0.5772 ms avg throuhgput (requests/sec) = 1033.2814 res=false
*==== INFO ====*  stream_id=415996 latency=0.530172 ms (tx_ts=84847853073676, rx_ts=84847853603848) request_id=1006912 zil_blk_id=415996 ccf_commit_seqno=1006912 nstreams_done_=104000 config.nstreams=1000000 avg_latency=0.5772 ms avg throuhgput (requests/sec) = 1033.1959 res=false
*==== INFO ====*  stream_id=417996 latency=0.588451 ms (tx_ts=84848341614213, rx_ts=84848342202664) request_id=1012024 zil_blk_id=417996 ccf_commit_seqno=1012024 nstreams_done_=104500 config.nstreams=1000000 avg_latency=0.5772 ms avg throuhgput (requests/sec) = 1033.1483 res=false
*==== INFO ====*  stream_id=419996 latency=0.501548 ms (tx_ts=84848830541901, rx_ts=84848831043449) request_id=1017084 zil_blk_id=419996 ccf_commit_seqno=1017084 nstreams_done_=105000 config.nstreams=1000000 avg_latency=0.5772 ms avg throuhgput (requests/sec) = 1033.0986 res=false
*==== INFO ====*  stream_id=421996 latency=0.755544 ms (tx_ts=84849311021502, rx_ts=84849311777046) request_id=1022221 zil_blk_id=421996 ccf_commit_seqno=1022223 nstreams_done_=105500 config.nstreams=1000000 avg_latency=0.5772 ms avg throuhgput (requests/sec) = 1033.1315 res=false
*==== INFO ====*  stream_id=423996 latency=0.503692 ms (tx_ts=84849797124416, rx_ts=84849797628108) request_id=1027183 zil_blk_id=423996 ccf_commit_seqno=1027183 nstreams_done_=106000 config.nstreams=1000000 avg_latency=0.5772 ms avg throuhgput (requests/sec) = 1033.1125 res=false
*==== INFO ====*  stream_id=425996 latency=0.624058 ms (tx_ts=84850274134301, rx_ts=84850274758359) request_id=1032034 zil_blk_id=425996 ccf_commit_seqno=1032034 nstreams_done_=106500 config.nstreams=1000000 avg_latency=0.5771 ms avg throuhgput (requests/sec) = 1033.1811 res=false
*==== INFO ====*  stream_id=427996 latency=0.528378 ms (tx_ts=84850763850334, rx_ts=84850764378712) request_id=1037037 zil_blk_id=427996 ccf_commit_seqno=1037037 nstreams_done_=107000 config.nstreams=1000000 avg_latency=0.5771 ms avg throuhgput (requests/sec) = 1033.1245 res=false
*==== INFO ====*  stream_id=429996 latency=0.483885 ms (tx_ts=84851256981841, rx_ts=84851257465726) request_id=1042132 zil_blk_id=429996 ccf_commit_seqno=1042132 nstreams_done_=107500 config.nstreams=1000000 avg_latency=0.5771 ms avg throuhgput (requests/sec) = 1033.0339 res=false
*==== INFO ====*  stream_id=431996 latency=0.521916 ms (tx_ts=84851767987186, rx_ts=84851768509102) request_id=1047420 zil_blk_id=431996 ccf_commit_seqno=1047420 nstreams_done_=108000 config.nstreams=1000000 avg_latency=0.5771 ms avg throuhgput (requests/sec) = 1032.7669 res=false
*==== INFO ====*  stream_id=433996 latency=0.495797 ms (tx_ts=84852294251949, rx_ts=84852294747746) request_id=1052474 zil_blk_id=433996 ccf_commit_seqno=1052474 nstreams_done_=108500 config.nstreams=1000000 avg_latency=0.5774 ms avg throuhgput (requests/sec) = 1032.3532 res=false
*==== INFO ====*  stream_id=435996 latency=0.540702 ms (tx_ts=84852787048087, rx_ts=84852787588789) request_id=1057674 zil_blk_id=435996 ccf_commit_seqno=1057674 nstreams_done_=109000 config.nstreams=1000000 avg_latency=0.5774 ms avg throuhgput (requests/sec) = 1032.2700 res=false
*==== INFO ====*  stream_id=437996 latency=0.557483 ms (tx_ts=84853270729105, rx_ts=84853271286588) request_id=1062774 zil_blk_id=437996 ccf_commit_seqno=1062774 nstreams_done_=109500 config.nstreams=1000000 avg_latency=0.5774 ms avg throuhgput (requests/sec) = 1032.2765 res=false
*==== INFO ====*  stream_id=439996 latency=0.836135 ms (tx_ts=84853749388904, rx_ts=84853750225039) request_id=1067694 zil_blk_id=439996 ccf_commit_seqno=1067699 nstreams_done_=110000 config.nstreams=1000000 avg_latency=0.5773 ms avg throuhgput (requests/sec) = 1032.3291 res=false
*==== INFO ====*  stream_id=441996 latency=0.503612 ms (tx_ts=84854231254411, rx_ts=84854231758023) request_id=1072580 zil_blk_id=441996 ccf_commit_seqno=1072581 nstreams_done_=110500 config.nstreams=1000000 avg_latency=0.5772 ms avg throuhgput (requests/sec) = 1032.3562 res=false
*==== INFO ====*  stream_id=443996 latency=0.549508 ms (tx_ts=84854699486460, rx_ts=84854700035968) request_id=1077449 zil_blk_id=443996 ccf_commit_seqno=1077449 nstreams_done_=111000 config.nstreams=1000000 avg_latency=0.5771 ms avg throuhgput (requests/sec) = 1032.5103 res=false
*==== INFO ====*  stream_id=445996 latency=0.574986 ms (tx_ts=84855178735422, rx_ts=84855179310408) request_id=1082470 zil_blk_id=445996 ccf_commit_seqno=1082471 nstreams_done_=111500 config.nstreams=1000000 avg_latency=0.5770 ms avg throuhgput (requests/sec) = 1032.5580 res=false
*==== INFO ====*  stream_id=447996 latency=0.570558 ms (tx_ts=84855672661697, rx_ts=84855673232255) request_id=1087539 zil_blk_id=447996 ccf_commit_seqno=1087540 nstreams_done_=112000 config.nstreams=1000000 avg_latency=0.5770 ms avg throuhgput (requests/sec) = 1032.4657 res=false
*==== INFO ====*  stream_id=449996 latency=0.523029 ms (tx_ts=84856166361186, rx_ts=84856166884215) request_id=1092630 zil_blk_id=449996 ccf_commit_seqno=1092630 nstreams_done_=112500 config.nstreams=1000000 avg_latency=0.5770 ms avg throuhgput (requests/sec) = 1032.3769 res=false
*==== INFO ====*  stream_id=451996 latency=0.556701 ms (tx_ts=84856661106162, rx_ts=84856661662863) request_id=1097622 zil_blk_id=451996 ccf_commit_seqno=1097622 nstreams_done_=113000 config.nstreams=1000000 avg_latency=0.5770 ms avg throuhgput (requests/sec) = 1032.2783 res=false
*==== INFO ====*  stream_id=453996 latency=0.707313 ms (tx_ts=84857194789780, rx_ts=84857195497093) request_id=1102779 zil_blk_id=453996 ccf_commit_seqno=1102779 nstreams_done_=113500 config.nstreams=1000000 avg_latency=0.5772 ms avg throuhgput (requests/sec) = 1031.8141 res=false
*==== INFO ====*  stream_id=455996 latency=0.486440 ms (tx_ts=84857691796243, rx_ts=84857692282683) request_id=1107969 zil_blk_id=455996 ccf_commit_seqno=1107969 nstreams_done_=114000 config.nstreams=1000000 avg_latency=0.5773 ms avg throuhgput (requests/sec) = 1031.7001 res=false
*==== INFO ====*  stream_id=457996 latency=0.522337 ms (tx_ts=84858164650119, rx_ts=84858165172456) request_id=1112905 zil_blk_id=457996 ccf_commit_seqno=1112906 nstreams_done_=114500 config.nstreams=1000000 avg_latency=0.5772 ms avg throuhgput (requests/sec) = 1031.8093 res=false
*==== INFO ====*  stream_id=459996 latency=0.556651 ms (tx_ts=84858652511965, rx_ts=84858653068616) request_id=1117755 zil_blk_id=459996 ccf_commit_seqno=1117755 nstreams_done_=115000 config.nstreams=1000000 avg_latency=0.5771 ms avg throuhgput (requests/sec) = 1031.7787 res=false
*==== INFO ====*  stream_id=461996 latency=0.541212 ms (tx_ts=84859135296117, rx_ts=84859135837329) request_id=1122798 zil_blk_id=461996 ccf_commit_seqno=1122798 nstreams_done_=115500 config.nstreams=1000000 avg_latency=0.5771 ms avg throuhgput (requests/sec) = 1031.7956 res=false
*==== INFO ====*  stream_id=463996 latency=0.485428 ms (tx_ts=84859633877126, rx_ts=84859634362554) request_id=1127891 zil_blk_id=463996 ccf_commit_seqno=1127891 nstreams_done_=116000 config.nstreams=1000000 avg_latency=0.5771 ms avg throuhgput (requests/sec) = 1031.6677 res=false
*==== INFO ====*  stream_id=465996 latency=0.505636 ms (tx_ts=84860123627568, rx_ts=84860124133204) request_id=1132965 zil_blk_id=465996 ccf_commit_seqno=1132965 nstreams_done_=116500 config.nstreams=1000000 avg_latency=0.5770 ms avg throuhgput (requests/sec) = 1031.6209 res=false
*==== INFO ====*  stream_id=467996 latency=0.556201 ms (tx_ts=84860645322247, rx_ts=84860645878448) request_id=1138230 zil_blk_id=467996 ccf_commit_seqno=1138230 nstreams_done_=117000 config.nstreams=1000000 avg_latency=0.5772 ms avg throuhgput (requests/sec) = 1031.2839 res=false
*==== INFO ====*  stream_id=469996 latency=0.564389 ms (tx_ts=84861133073319, rx_ts=84861133637708) request_id=1143059 zil_blk_id=469996 ccf_commit_seqno=1143060 nstreams_done_=117500 config.nstreams=1000000 avg_latency=0.5772 ms avg throuhgput (requests/sec) = 1031.2574 res=false
*==== INFO ====*  stream_id=471996 latency=0.609269 ms (tx_ts=84861634013844, rx_ts=84861634623113) request_id=1148028 zil_blk_id=471996 ccf_commit_seqno=1148028 nstreams_done_=118000 config.nstreams=1000000 avg_latency=0.5773 ms avg throuhgput (requests/sec) = 1031.1119 res=false
*==== INFO ====*  stream_id=473996 latency=0.722876 ms (tx_ts=84862094789183, rx_ts=84862095512059) request_id=1152520 zil_blk_id=473996 ccf_commit_seqno=1152521 nstreams_done_=118500 config.nstreams=1000000 avg_latency=0.5773 ms avg throuhgput (requests/sec) = 1031.3275 res=false
*==== INFO ====*  stream_id=475996 latency=0.551873 ms (tx_ts=84862539433395, rx_ts=84862539985268) request_id=1157227 zil_blk_id=475996 ccf_commit_seqno=1157228 nstreams_done_=119000 config.nstreams=1000000 avg_latency=0.5773 ms avg throuhgput (requests/sec) = 1031.6882 res=false
*==== INFO ====*  stream_id=477996 latency=0.489386 ms (tx_ts=84862996168877, rx_ts=84862996658263) request_id=1162028 zil_blk_id=477996 ccf_commit_seqno=1162028 nstreams_done_=119500 config.nstreams=1000000 avg_latency=0.5772 ms avg throuhgput (requests/sec) = 1031.9374 res=false
*==== INFO ====*  stream_id=479996 latency=0.676355 ms (tx_ts=84863450727701, rx_ts=84863451404056) request_id=1166508 zil_blk_id=479996 ccf_commit_seqno=1166509 nstreams_done_=120000 config.nstreams=1000000 avg_latency=0.5772 ms avg throuhgput (requests/sec) = 1032.2017 res=false
*==== INFO ====*  stream_id=481996 latency=0.567512 ms (tx_ts=84863913272981, rx_ts=84863913840493) request_id=1171135 zil_blk_id=481996 ccf_commit_seqno=1171136 nstreams_done_=120500 config.nstreams=1000000 avg_latency=0.5773 ms avg throuhgput (requests/sec) = 1032.3960 res=false
*==== INFO ====*  stream_id=483996 latency=0.517047 ms (tx_ts=84864367361281, rx_ts=84864367878328) request_id=1175942 zil_blk_id=483996 ccf_commit_seqno=1175943 nstreams_done_=121000 config.nstreams=1000000 avg_latency=0.5773 ms avg throuhgput (requests/sec) = 1032.6627 res=false
*==== INFO ====*  stream_id=485996 latency=0.502109 ms (tx_ts=84864815644287, rx_ts=84864816146396) request_id=1180652 zil_blk_id=485996 ccf_commit_seqno=1180652 nstreams_done_=121500 config.nstreams=1000000 avg_latency=0.5773 ms avg throuhgput (requests/sec) = 1032.9780 res=false
*==== INFO ====*  stream_id=487996 latency=0.603529 ms (tx_ts=84865294260741, rx_ts=84865294864270) request_id=1185654 zil_blk_id=487996 ccf_commit_seqno=1185654 nstreams_done_=122000 config.nstreams=1000000 avg_latency=0.5773 ms avg throuhgput (requests/sec) = 1033.0245 res=false
*==== INFO ====*  stream_id=489996 latency=0.544469 ms (tx_ts=84865774751047, rx_ts=84865775295516) request_id=1190388 zil_blk_id=489996 ccf_commit_seqno=1190389 nstreams_done_=122500 config.nstreams=1000000 avg_latency=0.5772 ms avg throuhgput (requests/sec) = 1033.0558 res=false
*==== INFO ====*  stream_id=491996 latency=0.550339 ms (tx_ts=84866258807728, rx_ts=84866259358067) request_id=1195452 zil_blk_id=491996 ccf_commit_seqno=1195452 nstreams_done_=123000 config.nstreams=1000000 avg_latency=0.5772 ms avg throuhgput (requests/sec) = 1033.0552 res=false
*==== INFO ====*  stream_id=493996 latency=0.536533 ms (tx_ts=84866764142433, rx_ts=84866764678966) request_id=1200450 zil_blk_id=493996 ccf_commit_seqno=1200450 nstreams_done_=123500 config.nstreams=1000000 avg_latency=0.5772 ms avg throuhgput (requests/sec) = 1032.8710 res=false
*==== INFO ====*  stream_id=495996 latency=0.713916 ms (tx_ts=84867319339263, rx_ts=84867320053179) request_id=1205471 zil_blk_id=495996 ccf_commit_seqno=1205472 nstreams_done_=124000 config.nstreams=1000000 avg_latency=0.5776 ms avg throuhgput (requests/sec) = 1032.2581 res=false
*==== INFO ====*  stream_id=497996 latency=0.584052 ms (tx_ts=84867828279393, rx_ts=84867828863445) request_id=1210597 zil_blk_id=497996 ccf_commit_seqno=1210597 nstreams_done_=124500 config.nstreams=1000000 avg_latency=0.5777 ms avg throuhgput (requests/sec) = 1032.0490 res=false
*==== INFO ====*  stream_id=499996 latency=0.671185 ms (tx_ts=84868322719217, rx_ts=84868323390402) request_id=1215781 zil_blk_id=499996 ccf_commit_seqno=1215782 nstreams_done_=125000 config.nstreams=1000000 avg_latency=0.5777 ms avg throuhgput (requests/sec) = 1031.9633 res=false
*==== INFO ====*  stream_id=501996 latency=0.587927 ms (tx_ts=84868824141825, rx_ts=84868824729752) request_id=1220916 zil_blk_id=501996 ccf_commit_seqno=1220916 nstreams_done_=125500 config.nstreams=1000000 avg_latency=0.5778 ms avg throuhgput (requests/sec) = 1031.8206 res=false
*==== INFO ====*  stream_id=503996 latency=0.478615 ms (tx_ts=84869321475325, rx_ts=84869321953940) request_id=1226095 zil_blk_id=503996 ccf_commit_seqno=1226095 nstreams_done_=126000 config.nstreams=1000000 avg_latency=0.5777 ms avg throuhgput (requests/sec) = 1031.7138 res=false
*==== INFO ====*  stream_id=505996 latency=0.588561 ms (tx_ts=84869821703863, rx_ts=84869822292424) request_id=1231086 zil_blk_id=505996 ccf_commit_seqno=1231086 nstreams_done_=126500 config.nstreams=1000000 avg_latency=0.5778 ms avg throuhgput (requests/sec) = 1031.5816 res=false
*==== INFO ====*  stream_id=507996 latency=0.543156 ms (tx_ts=84870303387411, rx_ts=84870303930567) request_id=1236069 zil_blk_id=507996 ccf_commit_seqno=1236069 nstreams_done_=127000 config.nstreams=1000000 avg_latency=0.5777 ms avg throuhgput (requests/sec) = 1031.6072 res=false
*==== INFO ====*  stream_id=509996 latency=0.611705 ms (tx_ts=84870780985559, rx_ts=84870781597264) request_id=1241129 zil_blk_id=509996 ccf_commit_seqno=1241130 nstreams_done_=127500 config.nstreams=1000000 avg_latency=0.5776 ms avg throuhgput (requests/sec) = 1031.6657 res=false
*==== INFO ====*  stream_id=511996 latency=0.529130 ms (tx_ts=84871257963118, rx_ts=84871258492248) request_id=1245988 zil_blk_id=511996 ccf_commit_seqno=1245988 nstreams_done_=128000 config.nstreams=1000000 avg_latency=0.5777 ms avg throuhgput (requests/sec) = 1031.7303 res=false
*==== INFO ====*  stream_id=513996 latency=0.474507 ms (tx_ts=84871718512562, rx_ts=84871718987069) request_id=1250878 zil_blk_id=513996 ccf_commit_seqno=1250878 nstreams_done_=128500 config.nstreams=1000000 avg_latency=0.5776 ms avg throuhgput (requests/sec) = 1031.9302 res=false
*==== INFO ====*  stream_id=515996 latency=0.727741 ms (tx_ts=84872198246707, rx_ts=84872198974448) request_id=1255803 zil_blk_id=515996 ccf_commit_seqno=1255803 nstreams_done_=129000 config.nstreams=1000000 avg_latency=0.5774 ms avg throuhgput (requests/sec) = 1031.9677 res=false
*==== INFO ====*  stream_id=517996 latency=0.509914 ms (tx_ts=84872696795602, rx_ts=84872697305516) request_id=1260850 zil_blk_id=517996 ccf_commit_seqno=1260850 nstreams_done_=129500 config.nstreams=1000000 avg_latency=0.5775 ms avg throuhgput (requests/sec) = 1031.8540 res=false
*==== INFO ====*  stream_id=519996 latency=0.653532 ms (tx_ts=84873193306147, rx_ts=84873193959679) request_id=1265865 zil_blk_id=519996 ccf_commit_seqno=1265865 nstreams_done_=130000 config.nstreams=1000000 avg_latency=0.5775 ms avg throuhgput (requests/sec) = 1031.7550 res=false
*==== INFO ====*  stream_id=521996 latency=0.579835 ms (tx_ts=84873658818579, rx_ts=84873659398414) request_id=1270602 zil_blk_id=521996 ccf_commit_seqno=1270604 nstreams_done_=130500 config.nstreams=1000000 avg_latency=0.5775 ms avg throuhgput (requests/sec) = 1031.9114 res=false
*==== INFO ====*  stream_id=523996 latency=0.558665 ms (tx_ts=84874134889498, rx_ts=84874135448163) request_id=1275600 zil_blk_id=523996 ccf_commit_seqno=1275600 nstreams_done_=131000 config.nstreams=1000000 avg_latency=0.5775 ms avg throuhgput (requests/sec) = 1031.9804 res=false
*==== INFO ====*  stream_id=525996 latency=0.536003 ms (tx_ts=84874599911832, rx_ts=84874600447835) request_id=1280552 zil_blk_id=525996 ccf_commit_seqno=1280552 nstreams_done_=131500 config.nstreams=1000000 avg_latency=0.5775 ms avg throuhgput (requests/sec) = 1032.1384 res=false
*==== INFO ====*  stream_id=527996 latency=0.618477 ms (tx_ts=84875057293074, rx_ts=84875057911551) request_id=1285393 zil_blk_id=527996 ccf_commit_seqno=1285394 nstreams_done_=132000 config.nstreams=1000000 avg_latency=0.5775 ms avg throuhgput (requests/sec) = 1032.3561 res=false
*==== INFO ====*  stream_id=529996 latency=0.715368 ms (tx_ts=84875526085821, rx_ts=84875526801189) request_id=1290274 zil_blk_id=529996 ccf_commit_seqno=1290275 nstreams_done_=132500 config.nstreams=1000000 avg_latency=0.5776 ms avg throuhgput (requests/sec) = 1032.4803 res=false
*==== INFO ====*  stream_id=531996 latency=0.505095 ms (tx_ts=84875990820152, rx_ts=84875991325247) request_id=1295107 zil_blk_id=531996 ccf_commit_seqno=1295107 nstreams_done_=133000 config.nstreams=1000000 avg_latency=0.5775 ms avg throuhgput (requests/sec) = 1032.6386 res=false
*==== INFO ====*  stream_id=533996 latency=0.643254 ms (tx_ts=84876507205217, rx_ts=84876507848471) request_id=1300215 zil_blk_id=533996 ccf_commit_seqno=1300215 nstreams_done_=133500 config.nstreams=1000000 avg_latency=0.5776 ms avg throuhgput (requests/sec) = 1032.3805 res=false
*==== INFO ====*  stream_id=535996 latency=0.510445 ms (tx_ts=84877000866762, rx_ts=84877001377207) request_id=1305090 zil_blk_id=535996 ccf_commit_seqno=1305090 nstreams_done_=134000 config.nstreams=1000000 avg_latency=0.5776 ms avg throuhgput (requests/sec) = 1032.3072 res=false
*==== INFO ====*  stream_id=537996 latency=0.503783 ms (tx_ts=84877520925957, rx_ts=84877521429740) request_id=1309983 zil_blk_id=537996 ccf_commit_seqno=1309983 nstreams_done_=134500 config.nstreams=1000000 avg_latency=0.5776 ms avg throuhgput (requests/sec) = 1032.0244 res=false
*==== INFO ====*  stream_id=539996 latency=0.503733 ms (tx_ts=84878022681612, rx_ts=84878023185345) request_id=1314976 zil_blk_id=539996 ccf_commit_seqno=1314976 nstreams_done_=135000 config.nstreams=1000000 avg_latency=0.5776 ms avg throuhgput (requests/sec) = 1031.8882 res=false
*==== INFO ====*  stream_id=541996 latency=0.560068 ms (tx_ts=84878537901422, rx_ts=84878538461490) request_id=1319812 zil_blk_id=541996 ccf_commit_seqno=1319814 nstreams_done_=135500 config.nstreams=1000000 avg_latency=0.5776 ms avg throuhgput (requests/sec) = 1031.6468 res=false
*==== INFO ====*  stream_id=543996 latency=0.482303 ms (tx_ts=84879015088721, rx_ts=84879015571024) request_id=1324728 zil_blk_id=543996 ccf_commit_seqno=1324728 nstreams_done_=136000 config.nstreams=1000000 avg_latency=0.5775 ms avg throuhgput (requests/sec) = 1031.7059 res=false
*==== INFO ====*  stream_id=545996 latency=0.598389 ms (tx_ts=84879514807547, rx_ts=84879515405936) request_id=1329702 zil_blk_id=545996 ccf_commit_seqno=1329704 nstreams_done_=136500 config.nstreams=1000000 avg_latency=0.5776 ms avg throuhgput (requests/sec) = 1031.5874 res=false
*==== INFO ====*  stream_id=547996 latency=0.529510 ms (tx_ts=84880004044070, rx_ts=84880004573580) request_id=1334655 zil_blk_id=547996 ccf_commit_seqno=1334655 nstreams_done_=137000 config.nstreams=1000000 avg_latency=0.5775 ms avg throuhgput (requests/sec) = 1031.5526 res=false
*==== INFO ====*  stream_id=549996 latency=0.599151 ms (tx_ts=84880502558861, rx_ts=84880503158012) request_id=1339674 zil_blk_id=549996 ccf_commit_seqno=1339674 nstreams_done_=137500 config.nstreams=1000000 avg_latency=0.5775 ms avg throuhgput (requests/sec) = 1031.4452 res=false
*==== INFO ====*  stream_id=551996 latency=0.530302 ms (tx_ts=84880982812625, rx_ts=84880983342927) request_id=1344779 zil_blk_id=551996 ccf_commit_seqno=1344780 nstreams_done_=138000 config.nstreams=1000000 avg_latency=0.5774 ms avg throuhgput (requests/sec) = 1031.4804 res=false
*==== INFO ====*  stream_id=553996 latency=0.688799 ms (tx_ts=84881457787108, rx_ts=84881458475907) request_id=1349659 zil_blk_id=553996 ccf_commit_seqno=1349659 nstreams_done_=138500 config.nstreams=1000000 avg_latency=0.5773 ms avg throuhgput (requests/sec) = 1031.5542 res=false
*==== INFO ====*  stream_id=555996 latency=0.592408 ms (tx_ts=84881939053821, rx_ts=84881939646229) request_id=1354440 zil_blk_id=555996 ccf_commit_seqno=1354440 nstreams_done_=139000 config.nstreams=1000000 avg_latency=0.5772 ms avg throuhgput (requests/sec) = 1031.5813 res=false
*==== INFO ====*  stream_id=557996 latency=0.535702 ms (tx_ts=84882406669036, rx_ts=84882407204738) request_id=1359186 zil_blk_id=557996 ccf_commit_seqno=1359186 nstreams_done_=139500 config.nstreams=1000000 avg_latency=0.5771 ms avg throuhgput (requests/sec) = 1031.7120 res=false
*==== INFO ====*  stream_id=559996 latency=0.555660 ms (tx_ts=84882884241042, rx_ts=84882884796702) request_id=1363817 zil_blk_id=559996 ccf_commit_seqno=1363817 nstreams_done_=140000 config.nstreams=1000000 avg_latency=0.5771 ms avg throuhgput (requests/sec) = 1031.7656 res=false
*==== INFO ====*  stream_id=561996 latency=0.531043 ms (tx_ts=84883358653738, rx_ts=84883359184781) request_id=1368713 zil_blk_id=561996 ccf_commit_seqno=1368713 nstreams_done_=140500 config.nstreams=1000000 avg_latency=0.5770 ms avg throuhgput (requests/sec) = 1031.8430 res=false
*==== INFO ====*  stream_id=563996 latency=0.495877 ms (tx_ts=84883851251480, rx_ts=84883851747357) request_id=1373708 zil_blk_id=563996 ccf_commit_seqno=1373708 nstreams_done_=141000 config.nstreams=1000000 avg_latency=0.5770 ms avg throuhgput (requests/sec) = 1031.7826 res=false
*==== INFO ====*  stream_id=565996 latency=0.485559 ms (tx_ts=84884309245297, rx_ts=84884309730856) request_id=1378568 zil_blk_id=565996 ccf_commit_seqno=1378568 nstreams_done_=141500 config.nstreams=1000000 avg_latency=0.5768 ms avg throuhgput (requests/sec) = 1031.9829 res=false
*==== INFO ====*  stream_id=567996 latency=0.557332 ms (tx_ts=84884767062890, rx_ts=84884767620222) request_id=1383517 zil_blk_id=567996 ccf_commit_seqno=1383518 nstreams_done_=142000 config.nstreams=1000000 avg_latency=0.5768 ms avg throuhgput (requests/sec) = 1032.1826 res=false
*==== INFO ====*  stream_id=569996 latency=0.531645 ms (tx_ts=84885243212308, rx_ts=84885243743953) request_id=1388540 zil_blk_id=569996 ccf_commit_seqno=1388540 nstreams_done_=142500 config.nstreams=1000000 avg_latency=0.5767 ms avg throuhgput (requests/sec) = 1032.2445 res=false
*==== INFO ====*  stream_id=571996 latency=0.530703 ms (tx_ts=84885749035040, rx_ts=84885749565743) request_id=1393596 zil_blk_id=571996 ccf_commit_seqno=1393596 nstreams_done_=143000 config.nstreams=1000000 avg_latency=0.5767 ms avg throuhgput (requests/sec) = 1032.0848 res=false
*==== INFO ====*  stream_id=573996 latency=0.529871 ms (tx_ts=84886264916166, rx_ts=84886265446037) request_id=1398967 zil_blk_id=573996 ccf_commit_seqno=1398967 nstreams_done_=143500 config.nstreams=1000000 avg_latency=0.5768 ms avg throuhgput (requests/sec) = 1031.8516 res=false
*==== INFO ====*  stream_id=575996 latency=0.506006 ms (tx_ts=84886770535177, rx_ts=84886771041183) request_id=1404039 zil_blk_id=575996 ccf_commit_seqno=1404039 nstreams_done_=144000 config.nstreams=1000000 avg_latency=0.5769 ms avg throuhgput (requests/sec) = 1031.6961 res=false
*==== INFO ====*  stream_id=577996 latency=0.520103 ms (tx_ts=84887262466911, rx_ts=84887262987014) request_id=1409011 zil_blk_id=577996 ccf_commit_seqno=1409011 nstreams_done_=144500 config.nstreams=1000000 avg_latency=0.5768 ms avg throuhgput (requests/sec) = 1031.6423 res=false
*==== INFO ====*  stream_id=579996 latency=0.530322 ms (tx_ts=84887759544306, rx_ts=84887760074628) request_id=1414119 zil_blk_id=579996 ccf_commit_seqno=1414119 nstreams_done_=145000 config.nstreams=1000000 avg_latency=0.5768 ms avg throuhgput (requests/sec) = 1031.5511 res=false
*==== INFO ====*  stream_id=581996 latency=0.667328 ms (tx_ts=84888225375569, rx_ts=84888226042897) request_id=1418971 zil_blk_id=581996 ccf_commit_seqno=1418972 nstreams_done_=145500 config.nstreams=1000000 avg_latency=0.5768 ms avg throuhgput (requests/sec) = 1031.6882 res=false
*==== INFO ====*  stream_id=583996 latency=0.505666 ms (tx_ts=84888698226852, rx_ts=84888698732518) request_id=1423789 zil_blk_id=583996 ccf_commit_seqno=1423789 nstreams_done_=146000 config.nstreams=1000000 avg_latency=0.5767 ms avg throuhgput (requests/sec) = 1031.7753 res=false
*==== INFO ====*  stream_id=585996 latency=0.501097 ms (tx_ts=84889159544349, rx_ts=84889160045446) request_id=1428726 zil_blk_id=585996 ccf_commit_seqno=1428726 nstreams_done_=146500 config.nstreams=1000000 avg_latency=0.5766 ms avg throuhgput (requests/sec) = 1031.9446 res=false
*==== INFO ====*  stream_id=587996 latency=0.549418 ms (tx_ts=84889637059909, rx_ts=84889637609327) request_id=1433728 zil_blk_id=587996 ccf_commit_seqno=1433729 nstreams_done_=147000 config.nstreams=1000000 avg_latency=0.5766 ms avg throuhgput (requests/sec) = 1031.9950 res=false
*==== INFO ====*  stream_id=589996 latency=0.577039 ms (tx_ts=84890122132330, rx_ts=84890122709369) request_id=1438709 zil_blk_id=589996 ccf_commit_seqno=1438711 nstreams_done_=147500 config.nstreams=1000000 avg_latency=0.5766 ms avg throuhgput (requests/sec) = 1031.9906 res=false
*==== INFO ====*  stream_id=591996 latency=0.483564 ms (tx_ts=84890616237924, rx_ts=84890616721488) request_id=1443770 zil_blk_id=591996 ccf_commit_seqno=1443770 nstreams_done_=148000 config.nstreams=1000000 avg_latency=0.5767 ms avg throuhgput (requests/sec) = 1031.9222 res=false
*==== INFO ====*  stream_id=593996 latency=0.786632 ms (tx_ts=84891088153369, rx_ts=84891088940001) request_id=1448724 zil_blk_id=593996 ccf_commit_seqno=1448729 nstreams_done_=148500 config.nstreams=1000000 avg_latency=0.5767 ms avg throuhgput (requests/sec) = 1032.0105 res=false
*==== INFO ====*  stream_id=595996 latency=0.532737 ms (tx_ts=84891578965095, rx_ts=84891579497832) request_id=1453625 zil_blk_id=595996 ccf_commit_seqno=1453625 nstreams_done_=149000 config.nstreams=1000000 avg_latency=0.5767 ms avg throuhgput (requests/sec) = 1031.9672 res=false
*==== INFO ====*  stream_id=597996 latency=0.587229 ms (tx_ts=84892079360813, rx_ts=84892079948042) request_id=1458713 zil_blk_id=597996 ccf_commit_seqno=1458713 nstreams_done_=149500 config.nstreams=1000000 avg_latency=0.5767 ms avg throuhgput (requests/sec) = 1031.8536 res=false
*==== INFO ====*  stream_id=599996 latency=0.510575 ms (tx_ts=84892543759626, rx_ts=84892544270201) request_id=1463599 zil_blk_id=599996 ccf_commit_seqno=1463599 nstreams_done_=150000 config.nstreams=1000000 avg_latency=0.5767 ms avg throuhgput (requests/sec) = 1031.9973 res=false
*==== INFO ====*  stream_id=601996 latency=0.621943 ms (tx_ts=84893018771830, rx_ts=84893019393773) request_id=1468475 zil_blk_id=601996 ccf_commit_seqno=1468476 nstreams_done_=150500 config.nstreams=1000000 avg_latency=0.5767 ms avg throuhgput (requests/sec) = 1032.0637 res=false
*==== INFO ====*  stream_id=603996 latency=0.519010 ms (tx_ts=84893467904831, rx_ts=84893468423841) request_id=1473164 zil_blk_id=603996 ccf_commit_seqno=1473164 nstreams_done_=151000 config.nstreams=1000000 avg_latency=0.5766 ms avg throuhgput (requests/sec) = 1032.3137 res=false
*==== INFO ====*  stream_id=605996 latency=0.522677 ms (tx_ts=84893916528553, rx_ts=84893917051230) request_id=1477819 zil_blk_id=605996 ccf_commit_seqno=1477819 nstreams_done_=151500 config.nstreams=1000000 avg_latency=0.5766 ms avg throuhgput (requests/sec) = 1032.5650 res=false
*==== INFO ====*  stream_id=607996 latency=0.555259 ms (tx_ts=84894371624865, rx_ts=84894372180124) request_id=1482560 zil_blk_id=607996 ccf_commit_seqno=1482560 nstreams_done_=152000 config.nstreams=1000000 avg_latency=0.5765 ms avg throuhgput (requests/sec) = 1032.7692 res=false
*==== INFO ====*  stream_id=609996 latency=0.570266 ms (tx_ts=84894843222241, rx_ts=84894843792507) request_id=1487558 zil_blk_id=609996 ccf_commit_seqno=1487558 nstreams_done_=152500 config.nstreams=1000000 avg_latency=0.5765 ms avg throuhgput (requests/sec) = 1032.8568 res=false
*==== INFO ====*  stream_id=611996 latency=0.701131 ms (tx_ts=84895320540699, rx_ts=84895321241830) request_id=1492456 zil_blk_id=611996 ccf_commit_seqno=1492456 nstreams_done_=153000 config.nstreams=1000000 avg_latency=0.5765 ms avg throuhgput (requests/sec) = 1032.9031 res=false
*==== INFO ====*  stream_id=613996 latency=0.586947 ms (tx_ts=84895815261149, rx_ts=84895815848096) request_id=1497353 zil_blk_id=613996 ccf_commit_seqno=1497353 nstreams_done_=153500 config.nstreams=1000000 avg_latency=0.5766 ms avg throuhgput (requests/sec) = 1032.8299 res=false
*==== INFO ====*  stream_id=615996 latency=0.502320 ms (tx_ts=84896273059888, rx_ts=84896273562208) request_id=1502192 zil_blk_id=615996 ccf_commit_seqno=1502192 nstreams_done_=154000 config.nstreams=1000000 avg_latency=0.5766 ms avg throuhgput (requests/sec) = 1033.0128 res=false
*==== INFO ====*  stream_id=617996 latency=0.470800 ms (tx_ts=84896746573540, rx_ts=84896747044340) request_id=1506992 zil_blk_id=617996 ccf_commit_seqno=1506992 nstreams_done_=154500 config.nstreams=1000000 avg_latency=0.5766 ms avg throuhgput (requests/sec) = 1033.0856 res=false
*==== INFO ====*  stream_id=619996 latency=0.591055 ms (tx_ts=84897250385013, rx_ts=84897250976068) request_id=1511958 zil_blk_id=619996 ccf_commit_seqno=1511959 nstreams_done_=155000 config.nstreams=1000000 avg_latency=0.5767 ms avg throuhgput (requests/sec) = 1032.9483 res=false
*==== INFO ====*  stream_id=621996 latency=0.772986 ms (tx_ts=84897739052794, rx_ts=84897739825780) request_id=1516831 zil_blk_id=621996 ccf_commit_seqno=1516833 nstreams_done_=155500 config.nstreams=1000000 avg_latency=0.5767 ms avg throuhgput (requests/sec) = 1032.9153 res=false
*==== INFO ====*  stream_id=623996 latency=0.537586 ms (tx_ts=84898241022179, rx_ts=84898241559765) request_id=1521915 zil_blk_id=623996 ccf_commit_seqno=1521915 nstreams_done_=156000 config.nstreams=1000000 avg_latency=0.5766 ms avg throuhgput (requests/sec) = 1032.7945 res=false
*==== INFO ====*  stream_id=625996 latency=0.506227 ms (tx_ts=84898732932225, rx_ts=84898733438452) request_id=1527137 zil_blk_id=625996 ccf_commit_seqno=1527137 nstreams_done_=156500 config.nstreams=1000000 avg_latency=0.5766 ms avg throuhgput (requests/sec) = 1032.7417 res=false
*==== INFO ====*  stream_id=627996 latency=0.536013 ms (tx_ts=84899211100327, rx_ts=84899211636340) request_id=1531996 zil_blk_id=627996 ccf_commit_seqno=1531996 nstreams_done_=157000 config.nstreams=1000000 avg_latency=0.5766 ms avg throuhgput (requests/sec) = 1032.7821 res=false
*==== INFO ====*  stream_id=629996 latency=0.904042 ms (tx_ts=84899687498723, rx_ts=84899688402765) request_id=1536862 zil_blk_id=629996 ccf_commit_seqno=1536866 nstreams_done_=157500 config.nstreams=1000000 avg_latency=0.5765 ms avg throuhgput (requests/sec) = 1032.8320 res=false
*==== INFO ====*  stream_id=631996 latency=0.470901 ms (tx_ts=84900163227123, rx_ts=84900163698024) request_id=1541844 zil_blk_id=631996 ccf_commit_seqno=1541844 nstreams_done_=158000 config.nstreams=1000000 avg_latency=0.5765 ms avg throuhgput (requests/sec) = 1032.8914 res=false
*==== INFO ====*  stream_id=633996 latency=0.593210 ms (tx_ts=84900634309253, rx_ts=84900634902463) request_id=1546591 zil_blk_id=633996 ccf_commit_seqno=1546591 nstreams_done_=158500 config.nstreams=1000000 avg_latency=0.5764 ms avg throuhgput (requests/sec) = 1032.9781 res=false
*==== INFO ====*  stream_id=635996 latency=0.547194 ms (tx_ts=84901117494314, rx_ts=84901118041508) request_id=1551458 zil_blk_id=635996 ccf_commit_seqno=1551458 nstreams_done_=159000 config.nstreams=1000000 avg_latency=0.5764 ms avg throuhgput (requests/sec) = 1032.9841 res=false
*==== INFO ====*  stream_id=637996 latency=0.726058 ms (tx_ts=84901617313063, rx_ts=84901618039121) request_id=1556625 zil_blk_id=637996 ccf_commit_seqno=1556626 nstreams_done_=159500 config.nstreams=1000000 avg_latency=0.5764 ms avg throuhgput (requests/sec) = 1032.8773 res=false
*==== INFO ====*  stream_id=639996 latency=0.610361 ms (tx_ts=84902123435973, rx_ts=84902124046334) request_id=1561790 zil_blk_id=639996 ccf_commit_seqno=1561790 nstreams_done_=160000 config.nstreams=1000000 avg_latency=0.5765 ms avg throuhgput (requests/sec) = 1032.7312 res=false
*==== INFO ====*  stream_id=641996 latency=0.509904 ms (tx_ts=84902609907770, rx_ts=84902610417674) request_id=1566943 zil_blk_id=641996 ccf_commit_seqno=1566943 nstreams_done_=160500 config.nstreams=1000000 avg_latency=0.5764 ms avg throuhgput (requests/sec) = 1032.7165 res=false
*==== INFO ====*  stream_id=643996 latency=0.589513 ms (tx_ts=84903089898336, rx_ts=84903090487849) request_id=1571805 zil_blk_id=643996 ccf_commit_seqno=1571806 nstreams_done_=161000 config.nstreams=1000000 avg_latency=0.5763 ms avg throuhgput (requests/sec) = 1032.7435 res=false
*==== INFO ====*  stream_id=645996 latency=0.499074 ms (tx_ts=84903583278605, rx_ts=84903583777679) request_id=1576884 zil_blk_id=645996 ccf_commit_seqno=1576884 nstreams_done_=161500 config.nstreams=1000000 avg_latency=0.5762 ms avg throuhgput (requests/sec) = 1032.6832 res=false
*==== INFO ====*  stream_id=647996 latency=0.631031 ms (tx_ts=84904072612264, rx_ts=84904073243295) request_id=1581997 zil_blk_id=647996 ccf_commit_seqno=1581997 nstreams_done_=162000 config.nstreams=1000000 avg_latency=0.5762 ms avg throuhgput (requests/sec) = 1032.6483 res=false
*==== INFO ====*  stream_id=649996 latency=0.556521 ms (tx_ts=84904560120090, rx_ts=84904560676611) request_id=1587181 zil_blk_id=649996 ccf_commit_seqno=1587182 nstreams_done_=162500 config.nstreams=1000000 avg_latency=0.5761 ms avg throuhgput (requests/sec) = 1032.6271 res=false
*==== INFO ====*  stream_id=651996 latency=0.464048 ms (tx_ts=84905025529984, rx_ts=84905025994032) request_id=1591977 zil_blk_id=651996 ccf_commit_seqno=1591977 nstreams_done_=163000 config.nstreams=1000000 avg_latency=0.5760 ms avg throuhgput (requests/sec) = 1032.7506 res=false
*==== INFO ====*  stream_id=653996 latency=0.567057 ms (tx_ts=84905508946291, rx_ts=84905509513348) request_id=1596915 zil_blk_id=653996 ccf_commit_seqno=1596915 nstreams_done_=163500 config.nstreams=1000000 avg_latency=0.5760 ms avg throuhgput (requests/sec) = 1032.7547 res=false
*==== INFO ====*  stream_id=655996 latency=0.617174 ms (tx_ts=84906011320239, rx_ts=84906011937413) request_id=1601944 zil_blk_id=655996 ccf_commit_seqno=1601944 nstreams_done_=164000 config.nstreams=1000000 avg_latency=0.5760 ms avg throuhgput (requests/sec) = 1032.6358 res=false
*==== INFO ====*  stream_id=657996 latency=0.579384 ms (tx_ts=84906486875807, rx_ts=84906487455191) request_id=1607032 zil_blk_id=657996 ccf_commit_seqno=1607033 nstreams_done_=164500 config.nstreams=1000000 avg_latency=0.5760 ms avg throuhgput (requests/sec) = 1032.6921 res=false
*==== INFO ====*  stream_id=659996 latency=0.482233 ms (tx_ts=84906961349348, rx_ts=84906961831581) request_id=1611983 zil_blk_id=659996 ccf_commit_seqno=1611984 nstreams_done_=165000 config.nstreams=1000000 avg_latency=0.5760 ms avg throuhgput (requests/sec) = 1032.7554 res=false
*==== INFO ====*  stream_id=661996 latency=0.579023 ms (tx_ts=84907422702535, rx_ts=84907423281558) request_id=1617021 zil_blk_id=661996 ccf_commit_seqno=1617022 nstreams_done_=165500 config.nstreams=1000000 avg_latency=0.5759 ms avg throuhgput (requests/sec) = 1032.9017 res=false
*==== INFO ====*  stream_id=663996 latency=0.539048 ms (tx_ts=84907908284446, rx_ts=84907908823494) request_id=1622115 zil_blk_id=663996 ccf_commit_seqno=1622116 nstreams_done_=166000 config.nstreams=1000000 avg_latency=0.5759 ms avg throuhgput (requests/sec) = 1032.8922 res=false
*==== INFO ====*  stream_id=665996 latency=0.517809 ms (tx_ts=84908404061943, rx_ts=84908404579752) request_id=1627059 zil_blk_id=665996 ccf_commit_seqno=1627059 nstreams_done_=166500 config.nstreams=1000000 avg_latency=0.5759 ms avg throuhgput (requests/sec) = 1032.8174 res=false
*==== INFO ====*  stream_id=667996 latency=0.641412 ms (tx_ts=84908870535019, rx_ts=84908871176431) request_id=1631850 zil_blk_id=667996 ccf_commit_seqno=1631850 nstreams_done_=167000 config.nstreams=1000000 avg_latency=0.5759 ms avg throuhgput (requests/sec) = 1032.9293 res=false
*==== INFO ====*  stream_id=669996 latency=0.582806 ms (tx_ts=84909336787818, rx_ts=84909337370624) request_id=1636790 zil_blk_id=669996 ccf_commit_seqno=1636790 nstreams_done_=167500 config.nstreams=1000000 avg_latency=0.5758 ms avg throuhgput (requests/sec) = 1033.0431 res=false
*==== INFO ====*  stream_id=671996 latency=0.538193 ms (tx_ts=84909822438334, rx_ts=84909822976527) request_id=1641842 zil_blk_id=671996 ccf_commit_seqno=1641842 nstreams_done_=168000 config.nstreams=1000000 avg_latency=0.5758 ms avg throuhgput (requests/sec) = 1033.0330 res=false
*==== INFO ====*  stream_id=673996 latency=0.603295 ms (tx_ts=84910302509854, rx_ts=84910303113149) request_id=1646894 zil_blk_id=673996 ccf_commit_seqno=1646895 nstreams_done_=168500 config.nstreams=1000000 avg_latency=0.5758 ms avg throuhgput (requests/sec) = 1033.0575 res=false
*==== INFO ====*  stream_id=675996 latency=0.488280 ms (tx_ts=84910787287988, rx_ts=84910787776268) request_id=1651926 zil_blk_id=675996 ccf_commit_seqno=1651926 nstreams_done_=169000 config.nstreams=1000000 avg_latency=0.5758 ms avg throuhgput (requests/sec) = 1033.0533 res=false
*==== INFO ====*  stream_id=677996 latency=0.531754 ms (tx_ts=84911255242159, rx_ts=84911255773913) request_id=1656783 zil_blk_id=677996 ccf_commit_seqno=1656783 nstreams_done_=169500 config.nstreams=1000000 avg_latency=0.5758 ms avg throuhgput (requests/sec) = 1033.1541 res=false
*==== INFO ====*  stream_id=679996 latency=0.518509 ms (tx_ts=84911741687462, rx_ts=84911742205971) request_id=1662033 zil_blk_id=679996 ccf_commit_seqno=1662033 nstreams_done_=170000 config.nstreams=1000000 avg_latency=0.5757 ms avg throuhgput (requests/sec) = 1033.1385 res=false
*==== INFO ====*  stream_id=681996 latency=0.607125 ms (tx_ts=84912246427901, rx_ts=84912247035026) request_id=1667401 zil_blk_id=681996 ccf_commit_seqno=1667403 nstreams_done_=170500 config.nstreams=1000000 avg_latency=0.5757 ms avg throuhgput (requests/sec) = 1033.0079 res=false
*==== INFO ====*  stream_id=683996 latency=0.506818 ms (tx_ts=84912717594345, rx_ts=84912718101163) request_id=1672302 zil_blk_id=683996 ccf_commit_seqno=1672302 nstreams_done_=171000 config.nstreams=1000000 avg_latency=0.5757 ms avg throuhgput (requests/sec) = 1033.0888 res=false
*==== INFO ====*  stream_id=685996 latency=0.526144 ms (tx_ts=84913188590714, rx_ts=84913189116858) request_id=1676989 zil_blk_id=685996 ccf_commit_seqno=1676989 nstreams_done_=171500 config.nstreams=1000000 avg_latency=0.5757 ms avg throuhgput (requests/sec) = 1033.1695 res=false
*==== INFO ====*  stream_id=687996 latency=0.627093 ms (tx_ts=84913653851676, rx_ts=84913654478769) request_id=1681676 zil_blk_id=687996 ccf_commit_seqno=1681676 nstreams_done_=172000 config.nstreams=1000000 avg_latency=0.5756 ms avg throuhgput (requests/sec) = 1033.2849 res=false
*==== INFO ====*  stream_id=689996 latency=0.489996 ms (tx_ts=84914132417267, rx_ts=84914132907263) request_id=1686645 zil_blk_id=689996 ccf_commit_seqno=1686645 nstreams_done_=172500 config.nstreams=1000000 avg_latency=0.5755 ms avg throuhgput (requests/sec) = 1033.3187 res=false
*==== INFO ====*  stream_id=691996 latency=0.549227 ms (tx_ts=84914619152640, rx_ts=84914619701867) request_id=1691537 zil_blk_id=691996 ccf_commit_seqno=1691538 nstreams_done_=173000 config.nstreams=1000000 avg_latency=0.5755 ms avg throuhgput (requests/sec) = 1033.3007 res=false
*==== INFO ====*  stream_id=693996 latency=0.489365 ms (tx_ts=84915109394594, rx_ts=84915109883959) request_id=1696485 zil_blk_id=693996 ccf_commit_seqno=1696485 nstreams_done_=173500 config.nstreams=1000000 avg_latency=0.5755 ms avg throuhgput (requests/sec) = 1033.2619 res=false
*==== INFO ====*  stream_id=695996 latency=0.566529 ms (tx_ts=84915610466230, rx_ts=84915611032759) request_id=1701365 zil_blk_id=695996 ccf_commit_seqno=1701365 nstreams_done_=174000 config.nstreams=1000000 avg_latency=0.5756 ms avg throuhgput (requests/sec) = 1033.1561 res=false
*==== INFO ====*  stream_id=697996 latency=0.607496 ms (tx_ts=84916098219028, rx_ts=84916098826524) request_id=1706461 zil_blk_id=697996 ccf_commit_seqno=1706461 nstreams_done_=174500 config.nstreams=1000000 avg_latency=0.5756 ms avg throuhgput (requests/sec) = 1033.1327 res=false
*==== INFO ====*  stream_id=699996 latency=0.523039 ms (tx_ts=84916579163526, rx_ts=84916579686565) request_id=1711330 zil_blk_id=699996 ccf_commit_seqno=1711331 nstreams_done_=175000 config.nstreams=1000000 avg_latency=0.5757 ms avg throuhgput (requests/sec) = 1033.1516 res=false
*==== INFO ====*  stream_id=701996 latency=0.470051 ms (tx_ts=84917052784161, rx_ts=84917053254212) request_id=1716200 zil_blk_id=701996 ccf_commit_seqno=1716200 nstreams_done_=175500 config.nstreams=1000000 avg_latency=0.5757 ms avg throuhgput (requests/sec) = 1033.2148 res=false
*==== INFO ====*  stream_id=703996 latency=0.583493 ms (tx_ts=84917544901343, rx_ts=84917545484836) request_id=1721272 zil_blk_id=703996 ccf_commit_seqno=1721273 nstreams_done_=176000 config.nstreams=1000000 avg_latency=0.5757 ms avg throuhgput (requests/sec) = 1033.1644 res=false
*==== INFO ====*  stream_id=705996 latency=0.605384 ms (tx_ts=84918019333411, rx_ts=84918019938795) request_id=1726119 zil_blk_id=705996 ccf_commit_seqno=1726120 nstreams_done_=176500 config.nstreams=1000000 avg_latency=0.5756 ms avg throuhgput (requests/sec) = 1033.2218 res=false
*==== INFO ====*  stream_id=707996 latency=0.552605 ms (tx_ts=84918497029492, rx_ts=84918497582097) request_id=1730998 zil_blk_id=707996 ccf_commit_seqno=1730998 nstreams_done_=177000 config.nstreams=1000000 avg_latency=0.5756 ms avg throuhgput (requests/sec) = 1033.2597 res=false
*==== INFO ====*  stream_id=709996 latency=0.602689 ms (tx_ts=84918969965955, rx_ts=84918970568644) request_id=1735731 zil_blk_id=709996 ccf_commit_seqno=1735731 nstreams_done_=177500 config.nstreams=1000000 avg_latency=0.5755 ms avg throuhgput (requests/sec) = 1033.3254 res=false
*==== INFO ====*  stream_id=711996 latency=0.615012 ms (tx_ts=84919436208135, rx_ts=84919436823147) request_id=1740445 zil_blk_id=711996 ccf_commit_seqno=1740445 nstreams_done_=178000 config.nstreams=1000000 avg_latency=0.5755 ms avg throuhgput (requests/sec) = 1033.4311 res=false
*==== INFO ====*  stream_id=713996 latency=0.583753 ms (tx_ts=84919933945581, rx_ts=84919934529334) request_id=1745611 zil_blk_id=713996 ccf_commit_seqno=1745612 nstreams_done_=178500 config.nstreams=1000000 avg_latency=0.5754 ms avg throuhgput (requests/sec) = 1033.3481 res=false
*==== INFO ====*  stream_id=715996 latency=0.590366 ms (tx_ts=84920417055878, rx_ts=84920417646244) request_id=1750593 zil_blk_id=715996 ccf_commit_seqno=1750593 nstreams_done_=179000 config.nstreams=1000000 avg_latency=0.5754 ms avg throuhgput (requests/sec) = 1033.3525 res=false
*==== INFO ====*  stream_id=717996 latency=0.670005 ms (tx_ts=84920934132535, rx_ts=84920934802540) request_id=1755756 zil_blk_id=717996 ccf_commit_seqno=1755756 nstreams_done_=179500 config.nstreams=1000000 avg_latency=0.5755 ms avg throuhgput (requests/sec) = 1033.1545 res=false
*==== INFO ====*  stream_id=719996 latency=0.685252 ms (tx_ts=84921429656072, rx_ts=84921430341324) request_id=1760770 zil_blk_id=719996 ccf_commit_seqno=1760771 nstreams_done_=180000 config.nstreams=1000000 avg_latency=0.5755 ms avg throuhgput (requests/sec) = 1033.0858 res=false
*==== INFO ====*  stream_id=721996 latency=0.478114 ms (tx_ts=84921931133656, rx_ts=84921931611770) request_id=1765969 zil_blk_id=721996 ccf_commit_seqno=1765969 nstreams_done_=180500 config.nstreams=1000000 avg_latency=0.5755 ms avg throuhgput (requests/sec) = 1032.9836 res=false
*==== INFO ====*  stream_id=723996 latency=0.607379 ms (tx_ts=84922428972762, rx_ts=84922429580141) request_id=1771079 zil_blk_id=723996 ccf_commit_seqno=1771079 nstreams_done_=181000 config.nstreams=1000000 avg_latency=0.5755 ms avg throuhgput (requests/sec) = 1032.9015 res=false
*==== INFO ====*  stream_id=725996 latency=0.516786 ms (tx_ts=84922901829563, rx_ts=84922902346349) request_id=1775825 zil_blk_id=725996 ccf_commit_seqno=1775826 nstreams_done_=181500 config.nstreams=1000000 avg_latency=0.5755 ms avg throuhgput (requests/sec) = 1032.9680 res=false
*==== INFO ====*  stream_id=727996 latency=0.599932 ms (tx_ts=84923398890862, rx_ts=84923399490794) request_id=1780721 zil_blk_id=727996 ccf_commit_seqno=1780722 nstreams_done_=182000 config.nstreams=1000000 avg_latency=0.5755 ms avg throuhgput (requests/sec) = 1032.8911 res=false
*==== INFO ====*  stream_id=729996 latency=0.633515 ms (tx_ts=84923875426666, rx_ts=84923876060181) request_id=1785650 zil_blk_id=729996 ccf_commit_seqno=1785652 nstreams_done_=182500 config.nstreams=1000000 avg_latency=0.5755 ms avg throuhgput (requests/sec) = 1032.9350 res=false
*==== INFO ====*  stream_id=731996 latency=0.554597 ms (tx_ts=84924366926405, rx_ts=84924367481002) request_id=1790810 zil_blk_id=731996 ccf_commit_seqno=1790810 nstreams_done_=183000 config.nstreams=1000000 avg_latency=0.5755 ms avg throuhgput (requests/sec) = 1032.8921 res=false
*==== INFO ====*  stream_id=733996 latency=0.566880 ms (tx_ts=84924864938458, rx_ts=84924865505338) request_id=1796029 zil_blk_id=733996 ccf_commit_seqno=1796030 nstreams_done_=183500 config.nstreams=1000000 avg_latency=0.5755 ms avg throuhgput (requests/sec) = 1032.8110 res=false
*==== INFO ====*  stream_id=735996 latency=0.603929 ms (tx_ts=84925332053019, rx_ts=84925332656948) request_id=1800822 zil_blk_id=735996 ccf_commit_seqno=1800824 nstreams_done_=184000 config.nstreams=1000000 avg_latency=0.5754 ms avg throuhgput (requests/sec) = 1032.9094 res=false
*==== INFO ====*  stream_id=737996 latency=0.494935 ms (tx_ts=84925795267448, rx_ts=84925795762383) request_id=1805464 zil_blk_id=737996 ccf_commit_seqno=1805464 nstreams_done_=184500 config.nstreams=1000000 avg_latency=0.5753 ms avg throuhgput (requests/sec) = 1033.0306 res=false
*==== INFO ====*  stream_id=739996 latency=0.438941 ms (tx_ts=84926269902597, rx_ts=84926270341538) request_id=1810553 zil_blk_id=739996 ccf_commit_seqno=1810553 nstreams_done_=185000 config.nstreams=1000000 avg_latency=0.5752 ms avg throuhgput (requests/sec) = 1033.0851 res=false
*==== INFO ====*  stream_id=741996 latency=0.491129 ms (tx_ts=84926750945286, rx_ts=84926751436415) request_id=1815665 zil_blk_id=741996 ccf_commit_seqno=1815665 nstreams_done_=185500 config.nstreams=1000000 avg_latency=0.5750 ms avg throuhgput (requests/sec) = 1033.1017 res=false
*==== INFO ====*  stream_id=743996 latency=0.543276 ms (tx_ts=84927251214334, rx_ts=84927251757610) request_id=1820879 zil_blk_id=743996 ccf_commit_seqno=1820880 nstreams_done_=186000 config.nstreams=1000000 avg_latency=0.5749 ms avg throuhgput (requests/sec) = 1033.0079 res=false
*==== INFO ====*  stream_id=745996 latency=0.485508 ms (tx_ts=84927748208044, rx_ts=84927748693552) request_id=1825886 zil_blk_id=745996 ccf_commit_seqno=1825886 nstreams_done_=186500 config.nstreams=1000000 avg_latency=0.5749 ms avg throuhgput (requests/sec) = 1032.9341 res=false
*==== INFO ====*  stream_id=747996 latency=0.541032 ms (tx_ts=84928229086664, rx_ts=84928229627696) request_id=1830790 zil_blk_id=747996 ccf_commit_seqno=1830790 nstreams_done_=187000 config.nstreams=1000000 avg_latency=0.5748 ms avg throuhgput (requests/sec) = 1032.9519 res=false
*==== INFO ====*  stream_id=749996 latency=0.551772 ms (tx_ts=84928703024644, rx_ts=84928703576416) request_id=1835705 zil_blk_id=749996 ccf_commit_seqno=1835705 nstreams_done_=187500 config.nstreams=1000000 avg_latency=0.5747 ms avg throuhgput (requests/sec) = 1033.0094 res=false
*==== INFO ====*  stream_id=751996 latency=0.605012 ms (tx_ts=84929214507436, rx_ts=84929215112448) request_id=1840962 zil_blk_id=751996 ccf_commit_seqno=1840964 nstreams_done_=188000 config.nstreams=1000000 avg_latency=0.5746 ms avg throuhgput (requests/sec) = 1032.8532 res=false
*==== INFO ====*  stream_id=753996 latency=0.546161 ms (tx_ts=84929703225039, rx_ts=84929703771200) request_id=1845918 zil_blk_id=753996 ccf_commit_seqno=1845919 nstreams_done_=188500 config.nstreams=1000000 avg_latency=0.5745 ms avg throuhgput (requests/sec) = 1032.8274 res=false
*==== INFO ====*  stream_id=755996 latency=0.563514 ms (tx_ts=84930202818090, rx_ts=84930203381604) request_id=1850878 zil_blk_id=755996 ccf_commit_seqno=1850878 nstreams_done_=189000 config.nstreams=1000000 avg_latency=0.5745 ms avg throuhgput (requests/sec) = 1032.7399 res=false
*==== INFO ====*  stream_id=757996 latency=0.553495 ms (tx_ts=84930698169112, rx_ts=84930698722607) request_id=1856064 zil_blk_id=757996 ccf_commit_seqno=1856064 nstreams_done_=189500 config.nstreams=1000000 avg_latency=0.5744 ms avg throuhgput (requests/sec) = 1032.6769 res=false
*==== INFO ====*  stream_id=759996 latency=0.618467 ms (tx_ts=84931204709830, rx_ts=84931205328297) request_id=1861142 zil_blk_id=759996 ccf_commit_seqno=1861142 nstreams_done_=190000 config.nstreams=1000000 avg_latency=0.5744 ms avg throuhgput (requests/sec) = 1032.5511 res=false
*==== INFO ====*  stream_id=761996 latency=0.520363 ms (tx_ts=84931695970309, rx_ts=84931696490672) request_id=1866239 zil_blk_id=761996 ccf_commit_seqno=1866239 nstreams_done_=190500 config.nstreams=1000000 avg_latency=0.5743 ms avg throuhgput (requests/sec) = 1032.5123 res=false
*==== INFO ====*  stream_id=763996 latency=0.466533 ms (tx_ts=84932167811635, rx_ts=84932168278168) request_id=1871067 zil_blk_id=763996 ccf_commit_seqno=1871067 nstreams_done_=191000 config.nstreams=1000000 avg_latency=0.5742 ms avg throuhgput (requests/sec) = 1032.5819 res=false
*==== INFO ====*  stream_id=765996 latency=0.481360 ms (tx_ts=84932652355517, rx_ts=84932652836877) request_id=1876021 zil_blk_id=765996 ccf_commit_seqno=1876021 nstreams_done_=191500 config.nstreams=1000000 avg_latency=0.5741 ms avg throuhgput (requests/sec) = 1032.5800 res=false
*==== INFO ====*  stream_id=767996 latency=0.536102 ms (tx_ts=84933158141217, rx_ts=84933158677319) request_id=1880933 zil_blk_id=767996 ccf_commit_seqno=1880933 nstreams_done_=192000 config.nstreams=1000000 avg_latency=0.5741 ms avg throuhgput (requests/sec) = 1032.4600 res=false
*==== INFO ====*  stream_id=769996 latency=0.506367 ms (tx_ts=84933662891347, rx_ts=84933663397714) request_id=1885886 zil_blk_id=769996 ccf_commit_seqno=1885887 nstreams_done_=192500 config.nstreams=1000000 avg_latency=0.5740 ms avg throuhgput (requests/sec) = 1032.3468 res=false
*==== INFO ====*  stream_id=771996 latency=0.510084 ms (tx_ts=84934186796358, rx_ts=84934187306442) request_id=1891022 zil_blk_id=771996 ccf_commit_seqno=1891023 nstreams_done_=193000 config.nstreams=1000000 avg_latency=0.5740 ms avg throuhgput (requests/sec) = 1032.1283 res=false
*==== INFO ====*  stream_id=773996 latency=0.493724 ms (tx_ts=84934657537583, rx_ts=84934658031307) request_id=1895803 zil_blk_id=773996 ccf_commit_seqno=1895803 nstreams_done_=193500 config.nstreams=1000000 avg_latency=0.5739 ms avg throuhgput (requests/sec) = 1032.2038 res=false
*==== INFO ====*  stream_id=775996 latency=0.560077 ms (tx_ts=84935128707912, rx_ts=84935129267989) request_id=1900616 zil_blk_id=775996 ccf_commit_seqno=1900617 nstreams_done_=194000 config.nstreams=1000000 avg_latency=0.5739 ms avg throuhgput (requests/sec) = 1032.2761 res=false
*==== INFO ====*  stream_id=777996 latency=0.491469 ms (tx_ts=84935606242469, rx_ts=84935606733938) request_id=1905508 zil_blk_id=777996 ccf_commit_seqno=1905508 nstreams_done_=194500 config.nstreams=1000000 avg_latency=0.5739 ms avg throuhgput (requests/sec) = 1032.3139 res=false
*==== INFO ====*  stream_id=779996 latency=0.553124 ms (tx_ts=84936086282161, rx_ts=84936086835285) request_id=1910413 zil_blk_id=779996 ccf_commit_seqno=1910414 nstreams_done_=195000 config.nstreams=1000000 avg_latency=0.5739 ms avg throuhgput (requests/sec) = 1032.3372 res=false
*==== INFO ====*  stream_id=781996 latency=0.543386 ms (tx_ts=84936550032841, rx_ts=84936550576227) request_id=1915297 zil_blk_id=781996 ccf_commit_seqno=1915297 nstreams_done_=195500 config.nstreams=1000000 avg_latency=0.5739 ms avg throuhgput (requests/sec) = 1032.4494 res=false
*==== INFO ====*  stream_id=783996 latency=0.519621 ms (tx_ts=84937014064221, rx_ts=84937014583842) request_id=1920131 zil_blk_id=783996 ccf_commit_seqno=1920131 nstreams_done_=196000 config.nstreams=1000000 avg_latency=0.5738 ms avg throuhgput (requests/sec) = 1032.5597 res=false
*==== INFO ====*  stream_id=785996 latency=0.516536 ms (tx_ts=84937456318074, rx_ts=84937456834610) request_id=1924734 zil_blk_id=785996 ccf_commit_seqno=1924734 nstreams_done_=196500 config.nstreams=1000000 avg_latency=0.5737 ms avg throuhgput (requests/sec) = 1032.7876 res=false
*==== INFO ====*  stream_id=787996 latency=0.535782 ms (tx_ts=84937918828214, rx_ts=84937919363996) request_id=1929642 zil_blk_id=787996 ccf_commit_seqno=1929643 nstreams_done_=197000 config.nstreams=1000000 avg_latency=0.5736 ms avg throuhgput (requests/sec) = 1032.9045 res=false
*==== INFO ====*  stream_id=789996 latency=0.654303 ms (tx_ts=84938388720631, rx_ts=84938389374934) request_id=1934587 zil_blk_id=789996 ccf_commit_seqno=1934587 nstreams_done_=197500 config.nstreams=1000000 avg_latency=0.5736 ms avg throuhgput (requests/sec) = 1032.9805 res=false
*==== INFO ====*  stream_id=791996 latency=0.659554 ms (tx_ts=84938880339154, rx_ts=84938880998708) request_id=1939747 zil_blk_id=791996 ccf_commit_seqno=1939747 nstreams_done_=198000 config.nstreams=1000000 avg_latency=0.5735 ms avg throuhgput (requests/sec) = 1032.9396 res=false
*==== INFO ====*  stream_id=793996 latency=0.603660 ms (tx_ts=84939376474492, rx_ts=84939377078152) request_id=1944810 zil_blk_id=793996 ccf_commit_seqno=1944810 nstreams_done_=198500 config.nstreams=1000000 avg_latency=0.5736 ms avg throuhgput (requests/sec) = 1032.8750 res=false
*==== INFO ====*  stream_id=795996 latency=0.471652 ms (tx_ts=84939842866913, rx_ts=84939843338565) request_id=1949534 zil_blk_id=795996 ccf_commit_seqno=1949534 nstreams_done_=199000 config.nstreams=1000000 avg_latency=0.5736 ms avg throuhgput (requests/sec) = 1032.9705 res=false
*==== INFO ====*  stream_id=797996 latency=0.598069 ms (tx_ts=84940319388122, rx_ts=84940319986191) request_id=1954503 zil_blk_id=797996 ccf_commit_seqno=1954503 nstreams_done_=199500 config.nstreams=1000000 avg_latency=0.5736 ms avg throuhgput (requests/sec) = 1033.0101 res=false
*==== INFO ====*  stream_id=799996 latency=0.533417 ms (tx_ts=84940808943149, rx_ts=84940809476566) request_id=1959442 zil_blk_id=799996 ccf_commit_seqno=1959442 nstreams_done_=200000 config.nstreams=1000000 avg_latency=0.5736 ms avg throuhgput (requests/sec) = 1032.9809 res=false
*==== INFO ====*  stream_id=801996 latency=0.545130 ms (tx_ts=84941269204436, rx_ts=84941269749566) request_id=1964251 zil_blk_id=801996 ccf_commit_seqno=1964251 nstreams_done_=200500 config.nstreams=1000000 avg_latency=0.5736 ms avg throuhgput (requests/sec) = 1033.1074 res=false
*==== INFO ====*  stream_id=803996 latency=0.468236 ms (tx_ts=84941751232553, rx_ts=84941751700789) request_id=1969077 zil_blk_id=803996 ccf_commit_seqno=1969077 nstreams_done_=201000 config.nstreams=1000000 avg_latency=0.5736 ms avg throuhgput (requests/sec) = 1033.1182 res=false
*==== INFO ====*  stream_id=805996 latency=0.600943 ms (tx_ts=84942269597025, rx_ts=84942270197968) request_id=1974291 zil_blk_id=805996 ccf_commit_seqno=1974293 nstreams_done_=201500 config.nstreams=1000000 avg_latency=0.5737 ms avg throuhgput (requests/sec) = 1032.9353 res=false
*==== INFO ====*  stream_id=807996 latency=0.553665 ms (tx_ts=84942780193724, rx_ts=84942780747389) request_id=1979345 zil_blk_id=807996 ccf_commit_seqno=1979345 nstreams_done_=202000 config.nstreams=1000000 avg_latency=0.5738 ms avg throuhgput (requests/sec) = 1032.7954 res=false
*==== INFO ====*  stream_id=809996 latency=0.559887 ms (tx_ts=84943260861090, rx_ts=84943261420977) request_id=1984151 zil_blk_id=809996 ccf_commit_seqno=1984152 nstreams_done_=202500 config.nstreams=1000000 avg_latency=0.5737 ms avg throuhgput (requests/sec) = 1032.8136 res=false
*==== INFO ====*  stream_id=811996 latency=0.557743 ms (tx_ts=84943739635326, rx_ts=84943740193069) request_id=1988986 zil_blk_id=811996 ccf_commit_seqno=1988986 nstreams_done_=203000 config.nstreams=1000000 avg_latency=0.5737 ms avg throuhgput (requests/sec) = 1032.8416 res=false
*==== INFO ====*  stream_id=813996 latency=0.591716 ms (tx_ts=84944208889171, rx_ts=84944209480887) request_id=1993930 zil_blk_id=813996 ccf_commit_seqno=1993931 nstreams_done_=203500 config.nstreams=1000000 avg_latency=0.5737 ms avg throuhgput (requests/sec) = 1032.9193 res=false
*==== INFO ====*  stream_id=815996 latency=0.528679 ms (tx_ts=84944699911666, rx_ts=84944700440345) request_id=1999104 zil_blk_id=815996 ccf_commit_seqno=1999104 nstreams_done_=204000 config.nstreams=1000000 avg_latency=0.5737 ms avg throuhgput (requests/sec) = 1032.8832 res=false
*==== INFO ====*  stream_id=817996 latency=0.655526 ms (tx_ts=84945230085201, rx_ts=84945230740727) request_id=2004375 zil_blk_id=817996 ccf_commit_seqno=2004375 nstreams_done_=204500 config.nstreams=1000000 avg_latency=0.5738 ms avg throuhgput (requests/sec) = 1032.6422 res=false
*==== INFO ====*  stream_id=819996 latency=0.584723 ms (tx_ts=84945741937742, rx_ts=84945742522465) request_id=2009607 zil_blk_id=819996 ccf_commit_seqno=2009607 nstreams_done_=205000 config.nstreams=1000000 avg_latency=0.5738 ms avg throuhgput (requests/sec) = 1032.4987 res=false
*==== INFO ====*  stream_id=821996 latency=0.558353 ms (tx_ts=84946216620057, rx_ts=84946217178410) request_id=2014525 zil_blk_id=821996 ccf_commit_seqno=2014526 nstreams_done_=205500 config.nstreams=1000000 avg_latency=0.5738 ms avg throuhgput (requests/sec) = 1032.5485 res=false
*==== INFO ====*  stream_id=823996 latency=0.580946 ms (tx_ts=84946715131737, rx_ts=84946715712683) request_id=2019805 zil_blk_id=823996 ccf_commit_seqno=2019805 nstreams_done_=206000 config.nstreams=1000000 avg_latency=0.5738 ms avg throuhgput (requests/sec) = 1032.4746 res=false
*==== INFO ====*  stream_id=825996 latency=0.567841 ms (tx_ts=84947191426804, rx_ts=84947191994645) request_id=2024803 zil_blk_id=825996 ccf_commit_seqno=2024803 nstreams_done_=206500 config.nstreams=1000000 avg_latency=0.5738 ms avg throuhgput (requests/sec) = 1032.5158 res=false
*==== INFO ====*  stream_id=827996 latency=0.489626 ms (tx_ts=84947706626629, rx_ts=84947707116255) request_id=2030119 zil_blk_id=827996 ccf_commit_seqno=2030119 nstreams_done_=207000 config.nstreams=1000000 avg_latency=0.5738 ms avg throuhgput (requests/sec) = 1032.3569 res=false
*==== INFO ====*  stream_id=829996 latency=0.549458 ms (tx_ts=84948191775557, rx_ts=84948192325015) request_id=2035130 zil_blk_id=829996 ccf_commit_seqno=2035130 nstreams_done_=207500 config.nstreams=1000000 avg_latency=0.5738 ms avg throuhgput (requests/sec) = 1032.3523 res=false
*==== INFO ====*  stream_id=831996 latency=0.533367 ms (tx_ts=84948672501998, rx_ts=84948673035365) request_id=2040026 zil_blk_id=831996 ccf_commit_seqno=2040026 nstreams_done_=208000 config.nstreams=1000000 avg_latency=0.5738 ms avg throuhgput (requests/sec) = 1032.3709 res=false
*==== INFO ====*  stream_id=833996 latency=0.484896 ms (tx_ts=84949139324311, rx_ts=84949139809207) request_id=2044803 zil_blk_id=833996 ccf_commit_seqno=2044803 nstreams_done_=208500 config.nstreams=1000000 avg_latency=0.5737 ms avg throuhgput (requests/sec) = 1032.4606 res=false
*==== INFO ====*  stream_id=835996 latency=0.502810 ms (tx_ts=84949631913403, rx_ts=84949632416213) request_id=2049919 zil_blk_id=835996 ccf_commit_seqno=2049919 nstreams_done_=209000 config.nstreams=1000000 avg_latency=0.5737 ms avg throuhgput (requests/sec) = 1032.4181 res=false
*==== INFO ====*  stream_id=837996 latency=0.469078 ms (tx_ts=84950115772023, rx_ts=84950116241101) request_id=2054929 zil_blk_id=837996 ccf_commit_seqno=2054929 nstreams_done_=209500 config.nstreams=1000000 avg_latency=0.5737 ms avg throuhgput (requests/sec) = 1032.4205 res=false
*==== INFO ====*  stream_id=839996 latency=0.492371 ms (tx_ts=84950610188266, rx_ts=84950610680637) request_id=2060004 zil_blk_id=839996 ccf_commit_seqno=2060005 nstreams_done_=210000 config.nstreams=1000000 avg_latency=0.5736 ms avg throuhgput (requests/sec) = 1032.3691 res=false
*==== INFO ====*  stream_id=841996 latency=0.526535 ms (tx_ts=84951081191308, rx_ts=84951081717843) request_id=2064885 zil_blk_id=841996 ccf_commit_seqno=2064885 nstreams_done_=210500 config.nstreams=1000000 avg_latency=0.5736 ms avg throuhgput (requests/sec) = 1032.4364 res=false
*==== INFO ====*  stream_id=843996 latency=0.475148 ms (tx_ts=84951547836390, rx_ts=84951548311538) request_id=2069807 zil_blk_id=843996 ccf_commit_seqno=2069807 nstreams_done_=211000 config.nstreams=1000000 avg_latency=0.5735 ms avg throuhgput (requests/sec) = 1032.5258 res=false
*==== INFO ====*  stream_id=845996 latency=0.462144 ms (tx_ts=84952041119027, rx_ts=84952041581171) request_id=2074810 zil_blk_id=845996 ccf_commit_seqno=2074810 nstreams_done_=211500 config.nstreams=1000000 avg_latency=0.5735 ms avg throuhgput (requests/sec) = 1032.4803 res=false
*==== INFO ====*  stream_id=847996 latency=0.559236 ms (tx_ts=84952515028134, rx_ts=84952515587370) request_id=2079604 zil_blk_id=847996 ccf_commit_seqno=2079604 nstreams_done_=212000 config.nstreams=1000000 avg_latency=0.5735 ms avg throuhgput (requests/sec) = 1032.5319 res=false
*==== INFO ====*  stream_id=849996 latency=0.580606 ms (tx_ts=84953006070396, rx_ts=84953006651002) request_id=2084520 zil_blk_id=849996 ccf_commit_seqno=2084521 nstreams_done_=212500 config.nstreams=1000000 avg_latency=0.5735 ms avg throuhgput (requests/sec) = 1032.4977 res=false
*==== INFO ====*  stream_id=851996 latency=0.496027 ms (tx_ts=84953484122638, rx_ts=84953484618665) request_id=2089476 zil_blk_id=851996 ccf_commit_seqno=2089476 nstreams_done_=213000 config.nstreams=1000000 avg_latency=0.5735 ms avg throuhgput (requests/sec) = 1032.5292 res=false
*==== INFO ====*  stream_id=853996 latency=0.496269 ms (tx_ts=84953975864650, rx_ts=84953976360919) request_id=2094468 zil_blk_id=853996 ccf_commit_seqno=2094468 nstreams_done_=213500 config.nstreams=1000000 avg_latency=0.5734 ms avg throuhgput (requests/sec) = 1032.4918 res=false
*==== INFO ====*  stream_id=855996 latency=0.609569 ms (tx_ts=84954499233192, rx_ts=84954499842761) request_id=2099392 zil_blk_id=855996 ccf_commit_seqno=2099392 nstreams_done_=214000 config.nstreams=1000000 avg_latency=0.5736 ms avg throuhgput (requests/sec) = 1032.2965 res=false
*==== INFO ====*  stream_id=857996 latency=0.595624 ms (tx_ts=84954997215223, rx_ts=84954997810847) request_id=2104342 zil_blk_id=857996 ccf_commit_seqno=2104342 nstreams_done_=214500 config.nstreams=1000000 avg_latency=0.5737 ms avg throuhgput (requests/sec) = 1032.2289 res=false
*==== INFO ====*  stream_id=859996 latency=0.520617 ms (tx_ts=84955487669830, rx_ts=84955488190447) request_id=2109389 zil_blk_id=859996 ccf_commit_seqno=2109389 nstreams_done_=215000 config.nstreams=1000000 avg_latency=0.5737 ms avg throuhgput (requests/sec) = 1032.1992 res=false
*==== INFO ====*  stream_id=861996 latency=0.572711 ms (tx_ts=84955959276334, rx_ts=84955959849045) request_id=2114311 zil_blk_id=861996 ccf_commit_seqno=2114311 nstreams_done_=215500 config.nstreams=1000000 avg_latency=0.5737 ms avg throuhgput (requests/sec) = 1032.2622 res=false
*==== INFO ====*  stream_id=863996 latency=0.519912 ms (tx_ts=84956438310512, rx_ts=84956438830424) request_id=2119308 zil_blk_id=863996 ccf_commit_seqno=2119308 nstreams_done_=216000 config.nstreams=1000000 avg_latency=0.5737 ms avg throuhgput (requests/sec) = 1032.2888 res=false
*==== INFO ====*  stream_id=865996 latency=0.573953 ms (tx_ts=84956922697388, rx_ts=84956923271341) request_id=2124158 zil_blk_id=865996 ccf_commit_seqno=2124159 nstreams_done_=216500 config.nstreams=1000000 avg_latency=0.5737 ms avg throuhgput (requests/sec) = 1032.2884 res=false
*==== INFO ====*  stream_id=867996 latency=0.538547 ms (tx_ts=84957414508150, rx_ts=84957415046697) request_id=2129163 zil_blk_id=867996 ccf_commit_seqno=2129163 nstreams_done_=217000 config.nstreams=1000000 avg_latency=0.5736 ms avg throuhgput (requests/sec) = 1032.2520 res=false
*==== INFO ====*  stream_id=869996 latency=0.496228 ms (tx_ts=84957889081821, rx_ts=84957889578049) request_id=2134051 zil_blk_id=869996 ccf_commit_seqno=2134051 nstreams_done_=217500 config.nstreams=1000000 avg_latency=0.5736 ms avg throuhgput (requests/sec) = 1032.3002 res=false
*==== INFO ====*  stream_id=871996 latency=0.555840 ms (tx_ts=84958366551458, rx_ts=84958367107298) request_id=2138904 zil_blk_id=871996 ccf_commit_seqno=2138904 nstreams_done_=218000 config.nstreams=1000000 avg_latency=0.5736 ms avg throuhgput (requests/sec) = 1032.3336 res=false
*==== INFO ====*  stream_id=873996 latency=0.473395 ms (tx_ts=84958822326659, rx_ts=84958822800054) request_id=2143574 zil_blk_id=873996 ccf_commit_seqno=2143574 nstreams_done_=218500 config.nstreams=1000000 avg_latency=0.5735 ms avg throuhgput (requests/sec) = 1032.4733 res=false
*==== INFO ====*  stream_id=875996 latency=0.513591 ms (tx_ts=84959302575248, rx_ts=84959303088839) request_id=2148363 zil_blk_id=875996 ccf_commit_seqno=2148363 nstreams_done_=219000 config.nstreams=1000000 avg_latency=0.5735 ms avg throuhgput (requests/sec) = 1032.4927 res=false
*==== INFO ====*  stream_id=877996 latency=0.465370 ms (tx_ts=84959765726673, rx_ts=84959766192043) request_id=2153088 zil_blk_id=877996 ccf_commit_seqno=2153088 nstreams_done_=219500 config.nstreams=1000000 avg_latency=0.5735 ms avg throuhgput (requests/sec) = 1032.5955 res=false
*==== INFO ====*  stream_id=879996 latency=0.493733 ms (tx_ts=84960222178351, rx_ts=84960222672084) request_id=2157849 zil_blk_id=879996 ccf_commit_seqno=2157849 nstreams_done_=220000 config.nstreams=1000000 avg_latency=0.5734 ms avg throuhgput (requests/sec) = 1032.7300 res=false
*==== INFO ====*  stream_id=881996 latency=0.492121 ms (tx_ts=84960697790885, rx_ts=84960698283006) request_id=2162719 zil_blk_id=881996 ccf_commit_seqno=2162719 nstreams_done_=220500 config.nstreams=1000000 avg_latency=0.5734 ms avg throuhgput (requests/sec) = 1032.7713 res=false
*==== INFO ====*  stream_id=883996 latency=0.490528 ms (tx_ts=84961191597932, rx_ts=84961192088460) request_id=2167809 zil_blk_id=883996 ccf_commit_seqno=2167809 nstreams_done_=221000 config.nstreams=1000000 avg_latency=0.5733 ms avg throuhgput (requests/sec) = 1032.7246 res=false
*==== INFO ====*  stream_id=885996 latency=0.556982 ms (tx_ts=84961666148417, rx_ts=84961666705399) request_id=2172689 zil_blk_id=885996 ccf_commit_seqno=2172690 nstreams_done_=221500 config.nstreams=1000000 avg_latency=0.5733 ms avg throuhgput (requests/sec) = 1032.7705 res=false
*==== INFO ====*  stream_id=887996 latency=0.537375 ms (tx_ts=84962147761789, rx_ts=84962148299164) request_id=2177761 zil_blk_id=887996 ccf_commit_seqno=2177762 nstreams_done_=222000 config.nstreams=1000000 avg_latency=0.5734 ms avg throuhgput (requests/sec) = 1032.7827 res=false
*==== INFO ====*  stream_id=889996 latency=0.499595 ms (tx_ts=84962618167531, rx_ts=84962618667126) request_id=2182520 zil_blk_id=889996 ccf_commit_seqno=2182520 nstreams_done_=222500 config.nstreams=1000000 avg_latency=0.5733 ms avg throuhgput (requests/sec) = 1032.8487 res=false
*==== INFO ====*  stream_id=891996 latency=0.575175 ms (tx_ts=84963146401103, rx_ts=84963146976278) request_id=2187307 zil_blk_id=891996 ccf_commit_seqno=2187308 nstreams_done_=223000 config.nstreams=1000000 avg_latency=0.5735 ms avg throuhgput (requests/sec) = 1032.6373 res=false
*==== INFO ====*  stream_id=893996 latency=0.500036 ms (tx_ts=84963603075674, rx_ts=84963603575710) request_id=2191946 zil_blk_id=893996 ccf_commit_seqno=2191946 nstreams_done_=223500 config.nstreams=1000000 avg_latency=0.5735 ms avg throuhgput (requests/sec) = 1032.7690 res=false
*==== INFO ====*  stream_id=895996 latency=0.510545 ms (tx_ts=84964062111415, rx_ts=84964062621960) request_id=2196807 zil_blk_id=895996 ccf_commit_seqno=2196807 nstreams_done_=224000 config.nstreams=1000000 avg_latency=0.5735 ms avg throuhgput (requests/sec) = 1032.8884 res=false
*==== INFO ====*  stream_id=897996 latency=0.466623 ms (tx_ts=84964538687990, rx_ts=84964539154613) request_id=2201829 zil_blk_id=897996 ccf_commit_seqno=2201829 nstreams_done_=224500 config.nstreams=1000000 avg_latency=0.5734 ms avg throuhgput (requests/sec) = 1032.9243 res=false
*==== INFO ====*  stream_id=899996 latency=0.587670 ms (tx_ts=84964990105173, rx_ts=84964990692843) request_id=2206621 zil_blk_id=899996 ccf_commit_seqno=2206621 nstreams_done_=225000 config.nstreams=1000000 avg_latency=0.5734 ms avg throuhgput (requests/sec) = 1033.0786 res=false
*==== INFO ====*  stream_id=901996 latency=0.497150 ms (tx_ts=84965449311251, rx_ts=84965449808401) request_id=2211312 zil_blk_id=901996 ccf_commit_seqno=2211312 nstreams_done_=225500 config.nstreams=1000000 avg_latency=0.5733 ms avg throuhgput (requests/sec) = 1033.1963 res=false
*==== INFO ====*  stream_id=903996 latency=0.546532 ms (tx_ts=84965934653135, rx_ts=84965935199667) request_id=2216221 zil_blk_id=903996 ccf_commit_seqno=2216221 nstreams_done_=226000 config.nstreams=1000000 avg_latency=0.5733 ms avg throuhgput (requests/sec) = 1033.1894 res=false
*==== INFO ====*  stream_id=905996 latency=0.546973 ms (tx_ts=84966415050996, rx_ts=84966415597969) request_id=2221156 zil_blk_id=905996 ccf_commit_seqno=2221156 nstreams_done_=226500 config.nstreams=1000000 avg_latency=0.5732 ms avg throuhgput (requests/sec) = 1033.2061 res=false
*==== INFO ====*  stream_id=907996 latency=0.480829 ms (tx_ts=84966880191606, rx_ts=84966880672435) request_id=2225869 zil_blk_id=907996 ccf_commit_seqno=2225869 nstreams_done_=227000 config.nstreams=1000000 avg_latency=0.5733 ms avg throuhgput (requests/sec) = 1033.2948 res=false
*==== INFO ====*  stream_id=909996 latency=0.461242 ms (tx_ts=84967344958164, rx_ts=84967345419406) request_id=2230729 zil_blk_id=909996 ccf_commit_seqno=2230729 nstreams_done_=227500 config.nstreams=1000000 avg_latency=0.5732 ms avg throuhgput (requests/sec) = 1033.3846 res=false
*==== INFO ====*  stream_id=911996 latency=0.523660 ms (tx_ts=84967843504780, rx_ts=84967844028440) request_id=2235781 zil_blk_id=911996 ccf_commit_seqno=2235781 nstreams_done_=228000 config.nstreams=1000000 avg_latency=0.5732 ms avg throuhgput (requests/sec) = 1033.3155 res=false
*==== INFO ====*  stream_id=913996 latency=0.592359 ms (tx_ts=84968338041884, rx_ts=84968338634243) request_id=2240896 zil_blk_id=913996 ccf_commit_seqno=2240896 nstreams_done_=228500 config.nstreams=1000000 avg_latency=0.5732 ms avg throuhgput (requests/sec) = 1033.2654 res=false
*==== INFO ====*  stream_id=915996 latency=0.532556 ms (tx_ts=84968844604209, rx_ts=84968845136765) request_id=2246050 zil_blk_id=915996 ccf_commit_seqno=2246050 nstreams_done_=229000 config.nstreams=1000000 avg_latency=0.5733 ms avg throuhgput (requests/sec) = 1033.1600 res=false
*==== INFO ====*  stream_id=917996 latency=0.575377 ms (tx_ts=84969329684757, rx_ts=84969330260134) request_id=2250897 zil_blk_id=917996 ccf_commit_seqno=2250899 nstreams_done_=229500 config.nstreams=1000000 avg_latency=0.5733 ms avg throuhgput (requests/sec) = 1033.1546 res=false
*==== INFO ====*  stream_id=919996 latency=0.557442 ms (tx_ts=84969822512887, rx_ts=84969823070329) request_id=2255984 zil_blk_id=919996 ccf_commit_seqno=2255984 nstreams_done_=230000 config.nstreams=1000000 avg_latency=0.5733 ms avg throuhgput (requests/sec) = 1033.1135 res=false
*==== INFO ====*  stream_id=921996 latency=0.583531 ms (tx_ts=84970302937326, rx_ts=84970303520857) request_id=2260813 zil_blk_id=921996 ccf_commit_seqno=2260813 nstreams_done_=230500 config.nstreams=1000000 avg_latency=0.5733 ms avg throuhgput (requests/sec) = 1033.1298 res=false
*==== INFO ====*  stream_id=923996 latency=0.591376 ms (tx_ts=84970781243084, rx_ts=84970781834460) request_id=2265526 zil_blk_id=923996 ccf_commit_seqno=2265526 nstreams_done_=231000 config.nstreams=1000000 avg_latency=0.5733 ms avg throuhgput (requests/sec) = 1033.1559 res=false
*==== INFO ====*  stream_id=925996 latency=0.580706 ms (tx_ts=84971245025236, rx_ts=84971245605942) request_id=2270105 zil_blk_id=925996 ccf_commit_seqno=2270106 nstreams_done_=231500 config.nstreams=1000000 avg_latency=0.5733 ms avg throuhgput (requests/sec) = 1033.2490 res=false
*==== INFO ====*  stream_id=927996 latency=0.544869 ms (tx_ts=84971753521364, rx_ts=84971754066233) request_id=2275167 zil_blk_id=927996 ccf_commit_seqno=2275167 nstreams_done_=232000 config.nstreams=1000000 avg_latency=0.5734 ms avg throuhgput (requests/sec) = 1033.1360 res=false
*==== INFO ====*  stream_id=929996 latency=0.464810 ms (tx_ts=84972263289053, rx_ts=84972263753863) request_id=2280363 zil_blk_id=929996 ccf_commit_seqno=2280363 nstreams_done_=232500 config.nstreams=1000000 avg_latency=0.5734 ms avg throuhgput (requests/sec) = 1033.0179 res=false
*==== INFO ====*  stream_id=931996 latency=0.538878 ms (tx_ts=84972751221374, rx_ts=84972751760252) request_id=2285303 zil_blk_id=931996 ccf_commit_seqno=2285304 nstreams_done_=233000 config.nstreams=1000000 avg_latency=0.5734 ms avg throuhgput (requests/sec) = 1032.9997 res=false
*==== INFO ====*  stream_id=933996 latency=0.528309 ms (tx_ts=84973269561280, rx_ts=84973270089589) request_id=2290285 zil_blk_id=933996 ccf_commit_seqno=2290285 nstreams_done_=233500 config.nstreams=1000000 avg_latency=0.5735 ms avg throuhgput (requests/sec) = 1032.8429 res=false
*==== INFO ====*  stream_id=935996 latency=0.525273 ms (tx_ts=84973760367723, rx_ts=84973760892996) request_id=2295187 zil_blk_id=935996 ccf_commit_seqno=2295188 nstreams_done_=234000 config.nstreams=1000000 avg_latency=0.5735 ms avg throuhgput (requests/sec) = 1032.8124 res=false
*==== INFO ====*  stream_id=937996 latency=0.555920 ms (tx_ts=84974267194188, rx_ts=84974267750108) request_id=2300319 zil_blk_id=937996 ccf_commit_seqno=2300319 nstreams_done_=234500 config.nstreams=1000000 avg_latency=0.5735 ms avg throuhgput (requests/sec) = 1032.7089 res=false
*==== INFO ====*  stream_id=939996 latency=0.599732 ms (tx_ts=84974744582756, rx_ts=84974745182488) request_id=2305138 zil_blk_id=939996 ccf_commit_seqno=2305138 nstreams_done_=235000 config.nstreams=1000000 avg_latency=0.5734 ms avg throuhgput (requests/sec) = 1032.7395 res=false
*==== INFO ====*  stream_id=941996 latency=0.495447 ms (tx_ts=84975221886590, rx_ts=84975222382037) request_id=2309938 zil_blk_id=941996 ccf_commit_seqno=2309938 nstreams_done_=235500 config.nstreams=1000000 avg_latency=0.5733 ms avg throuhgput (requests/sec) = 1032.7710 res=false
*==== INFO ====*  stream_id=943996 latency=0.459049 ms (tx_ts=84975708969549, rx_ts=84975709428598) request_id=2314922 zil_blk_id=943996 ccf_commit_seqno=2314922 nstreams_done_=236000 config.nstreams=1000000 avg_latency=0.5733 ms avg throuhgput (requests/sec) = 1032.7578 res=false
*==== INFO ====*  stream_id=945996 latency=0.486550 ms (tx_ts=84976204360297, rx_ts=84976204846847) request_id=2319892 zil_blk_id=945996 ccf_commit_seqno=2319892 nstreams_done_=236500 config.nstreams=1000000 avg_latency=0.5733 ms avg throuhgput (requests/sec) = 1032.7069 res=false
*==== INFO ====*  stream_id=947996 latency=0.453918 ms (tx_ts=84976667837759, rx_ts=84976668291677) request_id=2324733 zil_blk_id=947996 ccf_commit_seqno=2324733 nstreams_done_=237000 config.nstreams=1000000 avg_latency=0.5733 ms avg throuhgput (requests/sec) = 1032.8002 res=false
*==== INFO ====*  stream_id=949996 latency=0.500516 ms (tx_ts=84977139765286, rx_ts=84977140265802) request_id=2329449 zil_blk_id=949996 ccf_commit_seqno=2329449 nstreams_done_=237500 config.nstreams=1000000 avg_latency=0.5733 ms avg throuhgput (requests/sec) = 1032.8547 res=false
*==== INFO ====*  stream_id=951996 latency=0.556161 ms (tx_ts=84977624650805, rx_ts=84977625206966) request_id=2334287 zil_blk_id=951996 ccf_commit_seqno=2334287 nstreams_done_=238000 config.nstreams=1000000 avg_latency=0.5733 ms avg throuhgput (requests/sec) = 1032.8510 res=false
*==== INFO ====*  stream_id=953996 latency=0.507840 ms (tx_ts=84978101255688, rx_ts=84978101763528) request_id=2339275 zil_blk_id=953996 ccf_commit_seqno=2339275 nstreams_done_=238500 config.nstreams=1000000 avg_latency=0.5732 ms avg throuhgput (requests/sec) = 1032.8847 res=false
*==== INFO ====*  stream_id=955996 latency=0.577039 ms (tx_ts=84978580674056, rx_ts=84978581251095) request_id=2344179 zil_blk_id=955996 ccf_commit_seqno=2344179 nstreams_done_=239000 config.nstreams=1000000 avg_latency=0.5733 ms avg throuhgput (requests/sec) = 1032.9052 res=false
*==== INFO ====*  stream_id=957996 latency=0.658191 ms (tx_ts=84979056310437, rx_ts=84979056968628) request_id=2348951 zil_blk_id=957996 ccf_commit_seqno=2348953 nstreams_done_=239500 config.nstreams=1000000 avg_latency=0.5732 ms avg throuhgput (requests/sec) = 1032.9424 res=false
*==== INFO ====*  stream_id=959996 latency=0.570798 ms (tx_ts=84979532471687, rx_ts=84979533042485) request_id=2353781 zil_blk_id=959996 ccf_commit_seqno=2353781 nstreams_done_=240000 config.nstreams=1000000 avg_latency=0.5732 ms avg throuhgput (requests/sec) = 1032.9779 res=false
*==== INFO ====*  stream_id=961996 latency=0.512115 ms (tx_ts=84980008854467, rx_ts=84980009366582) request_id=2358726 zil_blk_id=961996 ccf_commit_seqno=2358726 nstreams_done_=240500 config.nstreams=1000000 avg_latency=0.5732 ms avg throuhgput (requests/sec) = 1033.0121 res=false
*==== INFO ====*  stream_id=963996 latency=0.519090 ms (tx_ts=84980486852523, rx_ts=84980487371613) request_id=2363621 zil_blk_id=963996 ccf_commit_seqno=2363621 nstreams_done_=241000 config.nstreams=1000000 avg_latency=0.5732 ms avg throuhgput (requests/sec) = 1033.0387 res=false
*==== INFO ====*  stream_id=965996 latency=0.555549 ms (tx_ts=84980952766489, rx_ts=84980953322038) request_id=2368583 zil_blk_id=965996 ccf_commit_seqno=2368584 nstreams_done_=241500 config.nstreams=1000000 avg_latency=0.5731 ms avg throuhgput (requests/sec) = 1033.1186 res=false
*==== INFO ====*  stream_id=967996 latency=0.564773 ms (tx_ts=84981436034925, rx_ts=84981436599698) request_id=2373402 zil_blk_id=967996 ccf_commit_seqno=2373404 nstreams_done_=242000 config.nstreams=1000000 avg_latency=0.5731 ms avg throuhgput (requests/sec) = 1033.1216 res=false
*==== INFO ====*  stream_id=969996 latency=0.505526 ms (tx_ts=84981918576148, rx_ts=84981919081674) request_id=2378389 zil_blk_id=969996 ccf_commit_seqno=2378389 nstreams_done_=242500 config.nstreams=1000000 avg_latency=0.5730 ms avg throuhgput (requests/sec) = 1033.1282 res=false
*==== INFO ====*  stream_id=971996 latency=0.522936 ms (tx_ts=84982396591439, rx_ts=84982397114375) request_id=2383149 zil_blk_id=971996 ccf_commit_seqno=2383149 nstreams_done_=243000 config.nstreams=1000000 avg_latency=0.5730 ms avg throuhgput (requests/sec) = 1033.1542 res=false
*==== INFO ====*  stream_id=973996 latency=0.621703 ms (tx_ts=84982903971552, rx_ts=84982904593255) request_id=2388074 zil_blk_id=973996 ccf_commit_seqno=2388074 nstreams_done_=243500 config.nstreams=1000000 avg_latency=0.5730 ms avg throuhgput (requests/sec) = 1033.0511 res=false
*==== INFO ====*  stream_id=975996 latency=0.481490 ms (tx_ts=84983396154998, rx_ts=84983396636488) request_id=2392712 zil_blk_id=975996 ccf_commit_seqno=2392712 nstreams_done_=244000 config.nstreams=1000000 avg_latency=0.5730 ms avg throuhgput (requests/sec) = 1033.0160 res=false
*==== INFO ====*  stream_id=977996 latency=0.541693 ms (tx_ts=84983869234283, rx_ts=84983869775976) request_id=2397361 zil_blk_id=977996 ccf_commit_seqno=2397361 nstreams_done_=244500 config.nstreams=1000000 avg_latency=0.5730 ms avg throuhgput (requests/sec) = 1033.0634 res=false
*==== INFO ====*  stream_id=979996 latency=0.519431 ms (tx_ts=84984345927976, rx_ts=84984346447407) request_id=2401986 zil_blk_id=979996 ccf_commit_seqno=2401986 nstreams_done_=245000 config.nstreams=1000000 avg_latency=0.5730 ms avg throuhgput (requests/sec) = 1033.0954 res=false
*==== INFO ====*  stream_id=981996 latency=0.528338 ms (tx_ts=84984835554970, rx_ts=84984836083308) request_id=2406876 zil_blk_id=981996 ccf_commit_seqno=2406876 nstreams_done_=245500 config.nstreams=1000000 avg_latency=0.5730 ms avg throuhgput (requests/sec) = 1033.0708 res=false
*==== INFO ====*  stream_id=983996 latency=0.599531 ms (tx_ts=84985308920910, rx_ts=84985309520441) request_id=2411678 zil_blk_id=983996 ccf_commit_seqno=2411678 nstreams_done_=246000 config.nstreams=1000000 avg_latency=0.5730 ms avg throuhgput (requests/sec) = 1033.1166 res=false
*==== INFO ====*  stream_id=985996 latency=0.562492 ms (tx_ts=84985820590801, rx_ts=84985821153293) request_id=2416719 zil_blk_id=985996 ccf_commit_seqno=2416719 nstreams_done_=246500 config.nstreams=1000000 avg_latency=0.5730 ms avg throuhgput (requests/sec) = 1032.9968 res=false
*==== INFO ====*  stream_id=987996 latency=0.474728 ms (tx_ts=84986310716809, rx_ts=84986311191537) request_id=2421633 zil_blk_id=987996 ccf_commit_seqno=2421633 nstreams_done_=247000 config.nstreams=1000000 avg_latency=0.5730 ms avg throuhgput (requests/sec) = 1032.9709 res=false
*==== INFO ====*  stream_id=989996 latency=0.530051 ms (tx_ts=84986785314736, rx_ts=84986785844787) request_id=2426539 zil_blk_id=989996 ccf_commit_seqno=2426539 nstreams_done_=247500 config.nstreams=1000000 avg_latency=0.5730 ms avg throuhgput (requests/sec) = 1033.0113 res=false
*==== INFO ====*  stream_id=991996 latency=0.556641 ms (tx_ts=84987265441502, rx_ts=84987265998143) request_id=2431348 zil_blk_id=991996 ccf_commit_seqno=2431349 nstreams_done_=248000 config.nstreams=1000000 avg_latency=0.5729 ms avg throuhgput (requests/sec) = 1033.0280 res=false
*==== INFO ====*  stream_id=993996 latency=0.586086 ms (tx_ts=84987736359149, rx_ts=84987736945235) request_id=2436043 zil_blk_id=993996 ccf_commit_seqno=2436045 nstreams_done_=248500 config.nstreams=1000000 avg_latency=0.5729 ms avg throuhgput (requests/sec) = 1033.0841 res=false
*==== INFO ====*  stream_id=995996 latency=0.778686 ms (tx_ts=84988203245105, rx_ts=84988204023791) request_id=2440710 zil_blk_id=995996 ccf_commit_seqno=2440711 nstreams_done_=249000 config.nstreams=1000000 avg_latency=0.5729 ms avg throuhgput (requests/sec) = 1033.1566 res=false
*==== INFO ====*  stream_id=997996 latency=0.508220 ms (tx_ts=84988682322666, rx_ts=84988682830886) request_id=2445639 zil_blk_id=997996 ccf_commit_seqno=2445639 nstreams_done_=249500 config.nstreams=1000000 avg_latency=0.5729 ms avg throuhgput (requests/sec) = 1033.1786 res=false
*==== INFO ====*  stream_id=999996 latency=0.614369 ms (tx_ts=84989167320632, rx_ts=84989167935001) request_id=2450327 zil_blk_id=999996 ccf_commit_seqno=2450327 nstreams_done_=250000 config.nstreams=1000000 avg_latency=0.5730 ms avg throuhgput (requests/sec) = 1033.1736 res=false
*==== INFO ====*  stream_id=1001996 latency=0.648402 ms (tx_ts=84989646280598, rx_ts=84989646929000) request_id=2455158 zil_blk_id=1001996 ccf_commit_seqno=2455159 nstreams_done_=250500 config.nstreams=1000000 avg_latency=0.5730 ms avg throuhgput (requests/sec) = 1033.1947 res=false
*==== INFO ====*  stream_id=1003996 latency=0.549137 ms (tx_ts=84990107093462, rx_ts=84990107642599) request_id=2459824 zil_blk_id=1003996 ccf_commit_seqno=2459824 nstreams_done_=251000 config.nstreams=1000000 avg_latency=0.5729 ms avg throuhgput (requests/sec) = 1033.2935 res=false
*==== INFO ====*  stream_id=1005996 latency=0.515424 ms (tx_ts=84990583086592, rx_ts=84990583602016) request_id=2464561 zil_blk_id=1005996 ccf_commit_seqno=2464561 nstreams_done_=251500 config.nstreams=1000000 avg_latency=0.5729 ms avg throuhgput (requests/sec) = 1033.3272 res=false
*==== INFO ====*  stream_id=1007996 latency=0.601284 ms (tx_ts=84991070325689, rx_ts=84991070926973) request_id=2469390 zil_blk_id=1007996 ccf_commit_seqno=2469390 nstreams_done_=252000 config.nstreams=1000000 avg_latency=0.5729 ms avg throuhgput (requests/sec) = 1033.3126 res=false
*==== INFO ====*  stream_id=1009996 latency=0.633124 ms (tx_ts=84991589959599, rx_ts=84991590592723) request_id=2474519 zil_blk_id=1009996 ccf_commit_seqno=2474519 nstreams_done_=252500 config.nstreams=1000000 avg_latency=0.5729 ms avg throuhgput (requests/sec) = 1033.1613 res=false
*==== INFO ====*  stream_id=1011996 latency=0.482483 ms (tx_ts=84992057955846, rx_ts=84992058438329) request_id=2479272 zil_blk_id=1011996 ccf_commit_seqno=2479272 nstreams_done_=253000 config.nstreams=1000000 avg_latency=0.5729 ms avg throuhgput (requests/sec) = 1033.2292 res=false
*==== INFO ====*  stream_id=1013996 latency=0.513260 ms (tx_ts=84992523530699, rx_ts=84992524043959) request_id=2483983 zil_blk_id=1013996 ccf_commit_seqno=2483984 nstreams_done_=253500 config.nstreams=1000000 avg_latency=0.5728 ms avg throuhgput (requests/sec) = 1033.3064 res=false
*==== INFO ====*  stream_id=1015996 latency=0.581898 ms (tx_ts=84992980389921, rx_ts=84992980971819) request_id=2488762 zil_blk_id=1015996 ccf_commit_seqno=2488762 nstreams_done_=254000 config.nstreams=1000000 avg_latency=0.5728 ms avg throuhgput (requests/sec) = 1033.4197 res=false
*==== INFO ====*  stream_id=1017996 latency=0.545440 ms (tx_ts=84993445974804, rx_ts=84993446520244) request_id=2493507 zil_blk_id=1017996 ccf_commit_seqno=2493508 nstreams_done_=254500 config.nstreams=1000000 avg_latency=0.5727 ms avg throuhgput (requests/sec) = 1033.4964 res=false
*==== INFO ====*  stream_id=1019996 latency=0.544187 ms (tx_ts=84993937092019, rx_ts=84993937636206) request_id=2498452 zil_blk_id=1019996 ccf_commit_seqno=2498452 nstreams_done_=255000 config.nstreams=1000000 avg_latency=0.5727 ms avg throuhgput (requests/sec) = 1033.4657 res=false
*==== INFO ====*  stream_id=1021996 latency=0.491038 ms (tx_ts=84994411949394, rx_ts=84994412440432) request_id=2503214 zil_blk_id=1021996 ccf_commit_seqno=2503214 nstreams_done_=255500 config.nstreams=1000000 avg_latency=0.5726 ms avg throuhgput (requests/sec) = 1033.5034 res=false
*==== INFO ====*  stream_id=1023996 latency=0.517357 ms (tx_ts=84994910322820, rx_ts=84994910840177) request_id=2508166 zil_blk_id=1023996 ccf_commit_seqno=2508166 nstreams_done_=256000 config.nstreams=1000000 avg_latency=0.5726 ms avg throuhgput (requests/sec) = 1033.4424 res=false
*==== INFO ====*  stream_id=1025996 latency=0.482162 ms (tx_ts=84995427883250, rx_ts=84995428365412) request_id=2513554 zil_blk_id=1025996 ccf_commit_seqno=2513554 nstreams_done_=256500 config.nstreams=1000000 avg_latency=0.5726 ms avg throuhgput (requests/sec) = 1033.3021 res=false
*==== INFO ====*  stream_id=1027996 latency=0.561289 ms (tx_ts=84995923482755, rx_ts=84995924044044) request_id=2518610 zil_blk_id=1027996 ccf_commit_seqno=2518610 nstreams_done_=257000 config.nstreams=1000000 avg_latency=0.5726 ms avg throuhgput (requests/sec) = 1033.2531 res=false
*==== INFO ====*  stream_id=1029996 latency=0.556340 ms (tx_ts=84996381736185, rx_ts=84996382292525) request_id=2523345 zil_blk_id=1029996 ccf_commit_seqno=2523345 nstreams_done_=257500 config.nstreams=1000000 avg_latency=0.5726 ms avg throuhgput (requests/sec) = 1033.3595 res=false
*==== INFO ====*  stream_id=1031996 latency=0.579995 ms (tx_ts=84996885301250, rx_ts=84996885881245) request_id=2528445 zil_blk_id=1031996 ccf_commit_seqno=2528446 nstreams_done_=258000 config.nstreams=1000000 avg_latency=0.5726 ms avg throuhgput (requests/sec) = 1033.2779 res=false
*==== INFO ====*  stream_id=1033996 latency=0.619669 ms (tx_ts=84997399019124, rx_ts=84997399638793) request_id=2533690 zil_blk_id=1033996 ccf_commit_seqno=2533691 nstreams_done_=258500 config.nstreams=1000000 avg_latency=0.5727 ms avg throuhgput (requests/sec) = 1033.1545 res=false
*==== INFO ====*  stream_id=1035996 latency=0.532776 ms (tx_ts=84997865261887, rx_ts=84997865794663) request_id=2538432 zil_blk_id=1035996 ccf_commit_seqno=2538433 nstreams_done_=259000 config.nstreams=1000000 avg_latency=0.5727 ms avg throuhgput (requests/sec) = 1033.2279 res=false
*==== INFO ====*  stream_id=1037996 latency=0.501006 ms (tx_ts=84998359131503, rx_ts=84998359632509) request_id=2543272 zil_blk_id=1037996 ccf_commit_seqno=2543272 nstreams_done_=259500 config.nstreams=1000000 avg_latency=0.5726 ms avg throuhgput (requests/sec) = 1033.1871 res=false
*==== INFO ====*  stream_id=1039996 latency=0.632643 ms (tx_ts=84998856116390, rx_ts=84998856749033) request_id=2548283 zil_blk_id=1039996 ccf_commit_seqno=2548283 nstreams_done_=260000 config.nstreams=1000000 avg_latency=0.5727 ms avg throuhgput (requests/sec) = 1033.1330 res=false
*==== INFO ====*  stream_id=1041996 latency=0.503402 ms (tx_ts=84999376893265, rx_ts=84999377396667) request_id=2553600 zil_blk_id=1041996 ccf_commit_seqno=2553600 nstreams_done_=260500 config.nstreams=1000000 avg_latency=0.5728 ms avg throuhgput (requests/sec) = 1032.9827 res=false
*==== INFO ====*  stream_id=1043996 latency=0.544699 ms (tx_ts=84999898216088, rx_ts=84999898760787) request_id=2558857 zil_blk_id=1043996 ccf_commit_seqno=2558858 nstreams_done_=261000 config.nstreams=1000000 avg_latency=0.5728 ms avg throuhgput (requests/sec) = 1032.8301 res=false
*==== INFO ====*  stream_id=1045996 latency=0.483083 ms (tx_ts=85000421627544, rx_ts=85000422110627) request_id=2564286 zil_blk_id=1045996 ccf_commit_seqno=2564286 nstreams_done_=261500 config.nstreams=1000000 avg_latency=0.5728 ms avg throuhgput (requests/sec) = 1032.6701 res=false
*==== INFO ====*  stream_id=1047996 latency=0.661367 ms (tx_ts=85000907823157, rx_ts=85000908484524) request_id=2569329 zil_blk_id=1047996 ccf_commit_seqno=2569331 nstreams_done_=262000 config.nstreams=1000000 avg_latency=0.5728 ms avg throuhgput (requests/sec) = 1032.6612 res=false
*==== INFO ====*  stream_id=1049996 latency=0.570116 ms (tx_ts=85001384636086, rx_ts=85001385206202) request_id=2574287 zil_blk_id=1049996 ccf_commit_seqno=2574287 nstreams_done_=262500 config.nstreams=1000000 avg_latency=0.5728 ms avg throuhgput (requests/sec) = 1032.6915 res=false
*==== INFO ====*  stream_id=1051996 latency=0.534540 ms (tx_ts=85001893106902, rx_ts=85001893641442) request_id=2579575 zil_blk_id=1051996 ccf_commit_seqno=2579575 nstreams_done_=263000 config.nstreams=1000000 avg_latency=0.5728 ms avg throuhgput (requests/sec) = 1032.5931 res=false
*==== INFO ====*  stream_id=1053996 latency=0.482753 ms (tx_ts=85002386859058, rx_ts=85002387341811) request_id=2584536 zil_blk_id=1053996 ccf_commit_seqno=2584536 nstreams_done_=263500 config.nstreams=1000000 avg_latency=0.5728 ms avg throuhgput (requests/sec) = 1032.5547 res=false
*==== INFO ====*  stream_id=1055996 latency=0.609569 ms (tx_ts=85002910182924, rx_ts=85002910792493) request_id=2589681 zil_blk_id=1055996 ccf_commit_seqno=2589681 nstreams_done_=264000 config.nstreams=1000000 avg_latency=0.5729 ms avg throuhgput (requests/sec) = 1032.3964 res=false
*==== INFO ====*  stream_id=1057996 latency=0.486370 ms (tx_ts=85003418956704, rx_ts=85003419443074) request_id=2594764 zil_blk_id=1057996 ccf_commit_seqno=2594764 nstreams_done_=264500 config.nstreams=1000000 avg_latency=0.5729 ms avg throuhgput (requests/sec) = 1032.2983 res=false
*==== INFO ====*  stream_id=1059996 latency=0.549718 ms (tx_ts=85003961868085, rx_ts=85003962417803) request_id=2600036 zil_blk_id=1059996 ccf_commit_seqno=2600036 nstreams_done_=265000 config.nstreams=1000000 avg_latency=0.5730 ms avg throuhgput (requests/sec) = 1032.0626 res=false
*==== INFO ====*  stream_id=1061996 latency=0.639496 ms (tx_ts=85004465399795, rx_ts=85004466039291) request_id=2605098 zil_blk_id=1061996 ccf_commit_seqno=2605099 nstreams_done_=265500 config.nstreams=1000000 avg_latency=0.5730 ms avg throuhgput (requests/sec) = 1031.9858 res=false
*==== INFO ====*  stream_id=1063996 latency=0.548115 ms (tx_ts=85004970205307, rx_ts=85004970753422) request_id=2610316 zil_blk_id=1063996 ccf_commit_seqno=2610316 nstreams_done_=266000 config.nstreams=1000000 avg_latency=0.5730 ms avg throuhgput (requests/sec) = 1031.9049 res=false
*==== INFO ====*  stream_id=1065996 latency=0.509502 ms (tx_ts=85005457030888, rx_ts=85005457540390) request_id=2615388 zil_blk_id=1065996 ccf_commit_seqno=2615388 nstreams_done_=266500 config.nstreams=1000000 avg_latency=0.5730 ms avg throuhgput (requests/sec) = 1031.8959 res=false
*==== INFO ====*  stream_id=1067996 latency=0.543095 ms (tx_ts=85005970631133, rx_ts=85005971174228) request_id=2620551 zil_blk_id=1067996 ccf_commit_seqno=2620552 nstreams_done_=267000 config.nstreams=1000000 avg_latency=0.5730 ms avg throuhgput (requests/sec) = 1031.7799 res=false
*==== INFO ====*  stream_id=1069996 latency=0.566529 ms (tx_ts=85006493129796, rx_ts=85006493696325) request_id=2625782 zil_blk_id=1069996 ccf_commit_seqno=2625784 nstreams_done_=267500 config.nstreams=1000000 avg_latency=0.5731 ms avg throuhgput (requests/sec) = 1031.6290 res=false
*==== INFO ====*  stream_id=1071996 latency=0.573994 ms (tx_ts=85007040180808, rx_ts=85007040754802) request_id=2631263 zil_blk_id=1071996 ccf_commit_seqno=2631263 nstreams_done_=268000 config.nstreams=1000000 avg_latency=0.5732 ms avg throuhgput (requests/sec) = 1031.3813 res=false
*==== INFO ====*  stream_id=1073996 latency=0.495737 ms (tx_ts=85007538952867, rx_ts=85007539448604) request_id=2636379 zil_blk_id=1073996 ccf_commit_seqno=2636379 nstreams_done_=268500 config.nstreams=1000000 avg_latency=0.5732 ms avg throuhgput (requests/sec) = 1031.3262 res=false
*==== INFO ====*  stream_id=1075996 latency=2.390409 ms (tx_ts=85008091819672, rx_ts=85008094210081) request_id=2641770 zil_blk_id=1075996 ccf_commit_seqno=2641770 nstreams_done_=269000 config.nstreams=1000000 avg_latency=0.5734 ms avg throuhgput (requests/sec) = 1031.0497 res=false
*==== INFO ====*  stream_id=1077996 latency=0.541333 ms (tx_ts=85008601164787, rx_ts=85008601706120) request_id=2646760 zil_blk_id=1077996 ccf_commit_seqno=2646760 nstreams_done_=269500 config.nstreams=1000000 avg_latency=0.5734 ms avg throuhgput (requests/sec) = 1030.9608 res=false
*==== INFO ====*  stream_id=1079996 latency=0.546763 ms (tx_ts=85009108580952, rx_ts=85009109127715) request_id=2651829 zil_blk_id=1079996 ccf_commit_seqno=2651829 nstreams_done_=270000 config.nstreams=1000000 avg_latency=0.5734 ms avg throuhgput (requests/sec) = 1030.8725 res=false
*==== INFO ====*  stream_id=1081996 latency=0.503822 ms (tx_ts=85009613660254, rx_ts=85009614164076) request_id=2656923 zil_blk_id=1081996 ccf_commit_seqno=2656923 nstreams_done_=270500 config.nstreams=1000000 avg_latency=0.5735 ms avg throuhgput (requests/sec) = 1030.7938 res=false
*==== INFO ====*  stream_id=1083996 latency=0.677376 ms (tx_ts=85010115898697, rx_ts=85010116576073) request_id=2661966 zil_blk_id=1083996 ccf_commit_seqno=2661966 nstreams_done_=271000 config.nstreams=1000000 avg_latency=0.5735 ms avg throuhgput (requests/sec) = 1030.7258 res=false
*==== INFO ====*  stream_id=1085996 latency=0.501819 ms (tx_ts=85010597277150, rx_ts=85010597778969) request_id=2666937 zil_blk_id=1085996 ccf_commit_seqno=2666938 nstreams_done_=271500 config.nstreams=1000000 avg_latency=0.5734 ms avg throuhgput (requests/sec) = 1030.7411 res=false
*==== INFO ====*  stream_id=1087996 latency=0.521335 ms (tx_ts=85011066743061, rx_ts=85011067264396) request_id=2671853 zil_blk_id=1087996 ccf_commit_seqno=2671854 nstreams_done_=272000 config.nstreams=1000000 avg_latency=0.5734 ms avg throuhgput (requests/sec) = 1030.8020 res=false
*==== INFO ====*  stream_id=1089996 latency=0.565478 ms (tx_ts=85011526330381, rx_ts=85011526895859) request_id=2676682 zil_blk_id=1089996 ccf_commit_seqno=2676682 nstreams_done_=272500 config.nstreams=1000000 avg_latency=0.5734 ms avg throuhgput (requests/sec) = 1030.9012 res=false
*==== INFO ====*  stream_id=1091996 latency=0.595256 ms (tx_ts=85011993829314, rx_ts=85011994424570) request_id=2681475 zil_blk_id=1091996 ccf_commit_seqno=2681475 nstreams_done_=273000 config.nstreams=1000000 avg_latency=0.5733 ms avg throuhgput (requests/sec) = 1030.9692 res=false
*==== INFO ====*  stream_id=1093996 latency=0.508632 ms (tx_ts=85012464163137, rx_ts=85012464671769) request_id=2686307 zil_blk_id=1093996 ccf_commit_seqno=2686307 nstreams_done_=273500 config.nstreams=1000000 avg_latency=0.5733 ms avg throuhgput (requests/sec) = 1031.0265 res=false
*==== INFO ====*  stream_id=1095996 latency=0.557963 ms (tx_ts=85012982574754, rx_ts=85012983132717) request_id=2691366 zil_blk_id=1095996 ccf_commit_seqno=2691366 nstreams_done_=274000 config.nstreams=1000000 avg_latency=0.5733 ms avg throuhgput (requests/sec) = 1030.8965 res=false
*==== INFO ====*  stream_id=1097996 latency=0.504914 ms (tx_ts=85013479856950, rx_ts=85013480361864) request_id=2696399 zil_blk_id=1097996 ccf_commit_seqno=2696399 nstreams_done_=274500 config.nstreams=1000000 avg_latency=0.5732 ms avg throuhgput (requests/sec) = 1030.8492 res=false
*==== INFO ====*  stream_id=1099996 latency=0.562172 ms (tx_ts=85014014815376, rx_ts=85014015377548) request_id=2701328 zil_blk_id=1099996 ccf_commit_seqno=2701329 nstreams_done_=275000 config.nstreams=1000000 avg_latency=0.5733 ms avg throuhgput (requests/sec) = 1030.6561 res=false
*==== INFO ====*  stream_id=1101996 latency=0.512649 ms (tx_ts=85014500066653, rx_ts=85014500579302) request_id=2706320 zil_blk_id=1101996 ccf_commit_seqno=2706320 nstreams_done_=275500 config.nstreams=1000000 avg_latency=0.5734 ms avg throuhgput (requests/sec) = 1030.6558 res=false
*==== INFO ====*  stream_id=1103996 latency=0.568694 ms (tx_ts=85014978603751, rx_ts=85014979172445) request_id=2711237 zil_blk_id=1103996 ccf_commit_seqno=2711238 nstreams_done_=276000 config.nstreams=1000000 avg_latency=0.5733 ms avg throuhgput (requests/sec) = 1030.6810 res=false
*==== INFO ====*  stream_id=1105996 latency=0.564274 ms (tx_ts=85015437270001, rx_ts=85015437834275) request_id=2716138 zil_blk_id=1105996 ccf_commit_seqno=2716138 nstreams_done_=276500 config.nstreams=1000000 avg_latency=0.5733 ms avg throuhgput (requests/sec) = 1030.7826 res=false
*==== INFO ====*  stream_id=1107996 latency=0.495586 ms (tx_ts=85015926610135, rx_ts=85015927105721) request_id=2721292 zil_blk_id=1107996 ccf_commit_seqno=2721292 nstreams_done_=277000 config.nstreams=1000000 avg_latency=0.5732 ms avg throuhgput (requests/sec) = 1030.7665 res=false
*==== INFO ====*  stream_id=1109996 latency=0.500215 ms (tx_ts=85016385879489, rx_ts=85016386379704) request_id=2726231 zil_blk_id=1109996 ccf_commit_seqno=2726231 nstreams_done_=277500 config.nstreams=1000000 avg_latency=0.5732 ms avg throuhgput (requests/sec) = 1030.8653 res=false
*==== INFO ====*  stream_id=1111996 latency=0.529029 ms (tx_ts=85016858871118, rx_ts=85016859400147) request_id=2731109 zil_blk_id=1111996 ccf_commit_seqno=2731109 nstreams_done_=278000 config.nstreams=1000000 avg_latency=0.5732 ms avg throuhgput (requests/sec) = 1030.9112 res=false
*==== INFO ====*  stream_id=1113996 latency=0.497517 ms (tx_ts=85017348048770, rx_ts=85017348546287) request_id=2736094 zil_blk_id=1113996 ccf_commit_seqno=2736094 nstreams_done_=278500 config.nstreams=1000000 avg_latency=0.5732 ms avg throuhgput (requests/sec) = 1030.8954 res=false
*==== INFO ====*  stream_id=1115996 latency=0.538728 ms (tx_ts=85017803694749, rx_ts=85017804233477) request_id=2740896 zil_blk_id=1115996 ccf_commit_seqno=2740896 nstreams_done_=279000 config.nstreams=1000000 avg_latency=0.5732 ms avg throuhgput (requests/sec) = 1031.0072 res=false
*==== INFO ====*  stream_id=1117996 latency=0.552373 ms (tx_ts=85018276497044, rx_ts=85018277049417) request_id=2745671 zil_blk_id=1117996 ccf_commit_seqno=2745672 nstreams_done_=279500 config.nstreams=1000000 avg_latency=0.5732 ms avg throuhgput (requests/sec) = 1031.0534 res=false
*==== INFO ====*  stream_id=1119996 latency=0.517247 ms (tx_ts=85018748641868, rx_ts=85018749159115) request_id=2750378 zil_blk_id=1119996 ccf_commit_seqno=2750378 nstreams_done_=280000 config.nstreams=1000000 avg_latency=0.5732 ms avg throuhgput (requests/sec) = 1031.1021 res=false
*==== INFO ====*  stream_id=1121996 latency=0.552095 ms (tx_ts=85019243737294, rx_ts=85019244289389) request_id=2755441 zil_blk_id=1121996 ccf_commit_seqno=2755441 nstreams_done_=280500 config.nstreams=1000000 avg_latency=0.5731 ms avg throuhgput (requests/sec) = 1031.0634 res=false
*==== INFO ====*  stream_id=1123996 latency=0.495637 ms (tx_ts=85019724555039, rx_ts=85019725050676) request_id=2760440 zil_blk_id=1123996 ccf_commit_seqno=2760440 nstreams_done_=281000 config.nstreams=1000000 avg_latency=0.5731 ms avg throuhgput (requests/sec) = 1031.0792 res=false
*==== INFO ====*  stream_id=1125996 latency=0.592858 ms (tx_ts=85020222179135, rx_ts=85020222771993) request_id=2765541 zil_blk_id=1125996 ccf_commit_seqno=2765542 nstreams_done_=281500 config.nstreams=1000000 avg_latency=0.5731 ms avg throuhgput (requests/sec) = 1031.0309 res=false
*==== INFO ====*  stream_id=1127996 latency=0.509273 ms (tx_ts=85020688136338, rx_ts=85020688645611) request_id=2770383 zil_blk_id=1127996 ccf_commit_seqno=2770383 nstreams_done_=282000 config.nstreams=1000000 avg_latency=0.5731 ms avg throuhgput (requests/sec) = 1031.1028 res=false
*==== INFO ====*  stream_id=1129996 latency=0.598608 ms (tx_ts=85021167056556, rx_ts=85021167655164) request_id=2775243 zil_blk_id=1129996 ccf_commit_seqno=2775244 nstreams_done_=282500 config.nstreams=1000000 avg_latency=0.5731 ms avg throuhgput (requests/sec) = 1031.1250 res=false
*==== INFO ====*  stream_id=1131996 latency=0.559204 ms (tx_ts=85021633295515, rx_ts=85021633854719) request_id=2779915 zil_blk_id=1131996 ccf_commit_seqno=2779915 nstreams_done_=283000 config.nstreams=1000000 avg_latency=0.5730 ms avg throuhgput (requests/sec) = 1031.1953 res=false
*==== INFO ====*  stream_id=1133996 latency=0.497379 ms (tx_ts=85022088588754, rx_ts=85022089086133) request_id=2784633 zil_blk_id=1133996 ccf_commit_seqno=2784633 nstreams_done_=283500 config.nstreams=1000000 avg_latency=0.5729 ms avg throuhgput (requests/sec) = 1031.3065 res=false
*==== INFO ====*  stream_id=1135996 latency=0.585844 ms (tx_ts=85022568673465, rx_ts=85022569259309) request_id=2789624 zil_blk_id=1135996 ccf_commit_seqno=2789624 nstreams_done_=284000 config.nstreams=1000000 avg_latency=0.5730 ms avg throuhgput (requests/sec) = 1031.3239 res=false
*==== INFO ====*  stream_id=1137996 latency=0.577489 ms (tx_ts=85023054773275, rx_ts=85023055350764) request_id=2794504 zil_blk_id=1137996 ccf_commit_seqno=2794504 nstreams_done_=284500 config.nstreams=1000000 avg_latency=0.5730 ms avg throuhgput (requests/sec) = 1031.3191 res=false
*==== INFO ====*  stream_id=1139996 latency=0.540970 ms (tx_ts=85023548538190, rx_ts=85023549079160) request_id=2799452 zil_blk_id=1139996 ccf_commit_seqno=2799452 nstreams_done_=285000 config.nstreams=1000000 avg_latency=0.5729 ms avg throuhgput (requests/sec) = 1031.2859 res=false
*==== INFO ====*  stream_id=1141996 latency=0.522105 ms (tx_ts=85024036858064, rx_ts=85024037380169) request_id=2804480 zil_blk_id=1141996 ccf_commit_seqno=2804480 nstreams_done_=285500 config.nstreams=1000000 avg_latency=0.5729 ms avg throuhgput (requests/sec) = 1031.2730 res=false
*==== INFO ====*  stream_id=1143996 latency=0.606392 ms (tx_ts=85024522244638, rx_ts=85024522851030) request_id=2809581 zil_blk_id=1143996 ccf_commit_seqno=2809582 nstreams_done_=286000 config.nstreams=1000000 avg_latency=0.5729 ms avg throuhgput (requests/sec) = 1031.2706 res=false
*==== INFO ====*  stream_id=1145996 latency=0.551010 ms (tx_ts=85024988028771, rx_ts=85024988579781) request_id=2814360 zil_blk_id=1145996 ccf_commit_seqno=2814361 nstreams_done_=286500 config.nstreams=1000000 avg_latency=0.5729 ms avg throuhgput (requests/sec) = 1031.3415 res=false
*==== INFO ====*  stream_id=1147996 latency=0.641901 ms (tx_ts=85025463287463, rx_ts=85025463929364) request_id=2819101 zil_blk_id=1147996 ccf_commit_seqno=2819101 nstreams_done_=287000 config.nstreams=1000000 avg_latency=0.5729 ms avg throuhgput (requests/sec) = 1031.3766 res=false
*==== INFO ====*  stream_id=1149996 latency=0.563002 ms (tx_ts=85025960472785, rx_ts=85025961035787) request_id=2824096 zil_blk_id=1149996 ccf_commit_seqno=2824097 nstreams_done_=287500 config.nstreams=1000000 avg_latency=0.5728 ms avg throuhgput (requests/sec) = 1031.3310 res=false
*==== INFO ====*  stream_id=1151996 latency=0.670404 ms (tx_ts=85026450772288, rx_ts=85026451442692) request_id=2829133 zil_blk_id=1151996 ccf_commit_seqno=2829134 nstreams_done_=288000 config.nstreams=1000000 avg_latency=0.5728 ms avg throuhgput (requests/sec) = 1031.3103 res=false
*==== INFO ====*  stream_id=1153996 latency=0.706972 ms (tx_ts=85026904666752, rx_ts=85026905373724) request_id=2833824 zil_blk_id=1153996 ccf_commit_seqno=2833824 nstreams_done_=288500 config.nstreams=1000000 avg_latency=0.5728 ms avg throuhgput (requests/sec) = 1031.4242 res=false
*==== INFO ====*  stream_id=1155996 latency=0.467964 ms (tx_ts=85027361832516, rx_ts=85027362300480) request_id=2838529 zil_blk_id=1155996 ccf_commit_seqno=2838529 nstreams_done_=289000 config.nstreams=1000000 avg_latency=0.5728 ms avg throuhgput (requests/sec) = 1031.5267 res=false
*==== INFO ====*  stream_id=1157996 latency=0.568313 ms (tx_ts=85027830322455, rx_ts=85027830890768) request_id=2843247 zil_blk_id=1157996 ccf_commit_seqno=2843247 nstreams_done_=289500 config.nstreams=1000000 avg_latency=0.5727 ms avg throuhgput (requests/sec) = 1031.5860 res=false
*==== INFO ====*  stream_id=1159996 latency=0.652404 ms (tx_ts=85028285632745, rx_ts=85028286285149) request_id=2847917 zil_blk_id=1159996 ccf_commit_seqno=2847917 nstreams_done_=290000 config.nstreams=1000000 avg_latency=0.5727 ms avg throuhgput (requests/sec) = 1031.6935 res=false
*==== INFO ====*  stream_id=1161996 latency=0.555047 ms (tx_ts=85028841021470, rx_ts=85028841576517) request_id=2853377 zil_blk_id=1161996 ccf_commit_seqno=2853377 nstreams_done_=290500 config.nstreams=1000000 avg_latency=0.5729 ms avg throuhgput (requests/sec) = 1031.4347 res=false
*==== INFO ====*  stream_id=1163996 latency=0.571592 ms (tx_ts=85029351157277, rx_ts=85029351728869) request_id=2858620 zil_blk_id=1163996 ccf_commit_seqno=2858621 nstreams_done_=291000 config.nstreams=1000000 avg_latency=0.5729 ms avg throuhgput (requests/sec) = 1031.3419 res=false
*==== INFO ====*  stream_id=1165996 latency=0.778977 ms (tx_ts=85029856115073, rx_ts=85029856894050) request_id=2863809 zil_blk_id=1165996 ccf_commit_seqno=2863810 nstreams_done_=291500 config.nstreams=1000000 avg_latency=0.5729 ms avg throuhgput (requests/sec) = 1031.2676 res=false
*==== INFO ====*  stream_id=1167996 latency=0.683348 ms (tx_ts=85030364457053, rx_ts=85030365140401) request_id=2869134 zil_blk_id=1167996 ccf_commit_seqno=2869135 nstreams_done_=292000 config.nstreams=1000000 avg_latency=0.5730 ms avg throuhgput (requests/sec) = 1031.1824 res=false
*==== INFO ====*  stream_id=1169996 latency=0.735726 ms (tx_ts=85030855828769, rx_ts=85030856564495) request_id=2874183 zil_blk_id=1169996 ccf_commit_seqno=2874184 nstreams_done_=292500 config.nstreams=1000000 avg_latency=0.5730 ms avg throuhgput (requests/sec) = 1031.1586 res=false
*==== INFO ====*  stream_id=1171996 latency=0.630840 ms (tx_ts=85031341073376, rx_ts=85031341704216) request_id=2879309 zil_blk_id=1171996 ccf_commit_seqno=2879310 nstreams_done_=293000 config.nstreams=1000000 avg_latency=0.5730 ms avg throuhgput (requests/sec) = 1031.1577 res=false
*==== INFO ====*  stream_id=1173996 latency=0.585444 ms (tx_ts=85031830477075, rx_ts=85031831062519) request_id=2884416 zil_blk_id=1173996 ccf_commit_seqno=2884416 nstreams_done_=293500 config.nstreams=1000000 avg_latency=0.5730 ms avg throuhgput (requests/sec) = 1031.1415 res=false
*==== INFO ====*  stream_id=1175996 latency=0.528468 ms (tx_ts=85032352365700, rx_ts=85032352894168) request_id=2889480 zil_blk_id=1175996 ccf_commit_seqno=2889480 nstreams_done_=294000 config.nstreams=1000000 avg_latency=0.5731 ms avg throuhgput (requests/sec) = 1031.0080 res=false
*==== INFO ====*  stream_id=1177996 latency=0.584793 ms (tx_ts=85032815940400, rx_ts=85032816525193) request_id=2894308 zil_blk_id=1177996 ccf_commit_seqno=2894308 nstreams_done_=294500 config.nstreams=1000000 avg_latency=0.5731 ms avg throuhgput (requests/sec) = 1031.0850 res=false
*==== INFO ====*  stream_id=1179996 latency=0.533707 ms (tx_ts=85033278877501, rx_ts=85033279411208) request_id=2899140 zil_blk_id=1179996 ccf_commit_seqno=2899140 nstreams_done_=295000 config.nstreams=1000000 avg_latency=0.5731 ms avg throuhgput (requests/sec) = 1031.1644 res=false
*==== INFO ====*  stream_id=1181996 latency=0.516846 ms (tx_ts=85033805197068, rx_ts=85033805713914) request_id=2904160 zil_blk_id=1181996 ccf_commit_seqno=2904160 nstreams_done_=295500 config.nstreams=1000000 avg_latency=0.5732 ms avg throuhgput (requests/sec) = 1031.0154 res=false
*==== INFO ====*  stream_id=1183996 latency=0.539468 ms (tx_ts=85034279784896, rx_ts=85034280324364) request_id=2909159 zil_blk_id=1183996 ccf_commit_seqno=2909159 nstreams_done_=296000 config.nstreams=1000000 avg_latency=0.5733 ms avg throuhgput (requests/sec) = 1031.0526 res=false
*==== INFO ====*  stream_id=1185996 latency=0.550129 ms (tx_ts=85034872414497, rx_ts=85034872964626) request_id=2914962 zil_blk_id=1185996 ccf_commit_seqno=2914962 nstreams_done_=296500 config.nstreams=1000000 avg_latency=0.5734 ms avg throuhgput (requests/sec) = 1030.6666 res=false
*==== INFO ====*  stream_id=1187996 latency=0.705790 ms (tx_ts=85035385614892, rx_ts=85035386320682) request_id=2919987 zil_blk_id=1187996 ccf_commit_seqno=2919988 nstreams_done_=297000 config.nstreams=1000000 avg_latency=0.5735 ms avg throuhgput (requests/sec) = 1030.5656 res=false
*==== INFO ====*  stream_id=1189996 latency=1.550398 ms (tx_ts=85035865032772, rx_ts=85035866583170) request_id=2924996 zil_blk_id=1189996 ccf_commit_seqno=2924996 nstreams_done_=297500 config.nstreams=1000000 avg_latency=0.5735 ms avg throuhgput (requests/sec) = 1030.5831 res=false
*==== INFO ====*  stream_id=1191996 latency=0.534950 ms (tx_ts=85036373268206, rx_ts=85036373803156) request_id=2930186 zil_blk_id=1191996 ccf_commit_seqno=2930186 nstreams_done_=298000 config.nstreams=1000000 avg_latency=0.5736 ms avg throuhgput (requests/sec) = 1030.5045 res=false
*==== INFO ====*  stream_id=1193996 latency=0.497239 ms (tx_ts=85036879292620, rx_ts=85036879789859) request_id=2935290 zil_blk_id=1193996 ccf_commit_seqno=2935290 nstreams_done_=298500 config.nstreams=1000000 avg_latency=0.5736 ms avg throuhgput (requests/sec) = 1030.4306 res=false
*==== INFO ====*  stream_id=1195996 latency=0.586982 ms (tx_ts=85037362906770, rx_ts=85037363493752) request_id=2940412 zil_blk_id=1195996 ccf_commit_seqno=2940412 nstreams_done_=299000 config.nstreams=1000000 avg_latency=0.5736 ms avg throuhgput (requests/sec) = 1030.4360 res=false
*==== INFO ====*  stream_id=1197996 latency=0.716454 ms (tx_ts=85037839136867, rx_ts=85037839853321) request_id=2945242 zil_blk_id=1197996 ccf_commit_seqno=2945243 nstreams_done_=299500 config.nstreams=1000000 avg_latency=0.5737 ms avg throuhgput (requests/sec) = 1030.4674 res=false
*==== INFO ====*  stream_id=1199996 latency=0.640959 ms (tx_ts=85038311844530, rx_ts=85038312485489) request_id=2950014 zil_blk_id=1199996 ccf_commit_seqno=2950014 nstreams_done_=300000 config.nstreams=1000000 avg_latency=0.5737 ms avg throuhgput (requests/sec) = 1030.5120 res=false
*==== INFO ====*  stream_id=1201996 latency=0.610231 ms (tx_ts=85038808512235, rx_ts=85038809122466) request_id=2954891 zil_blk_id=1201996 ccf_commit_seqno=2954892 nstreams_done_=300500 config.nstreams=1000000 avg_latency=0.5737 ms avg throuhgput (requests/sec) = 1030.4716 res=false
*==== INFO ====*  stream_id=1203996 latency=0.494625 ms (tx_ts=85039275558518, rx_ts=85039276053143) request_id=2959794 zil_blk_id=1203996 ccf_commit_seqno=2959794 nstreams_done_=301000 config.nstreams=1000000 avg_latency=0.5737 ms avg throuhgput (requests/sec) = 1030.5361 res=false
*==== INFO ====*  stream_id=1205996 latency=0.555556 ms (tx_ts=85039751762966, rx_ts=85039752318522) request_id=2964580 zil_blk_id=1205996 ccf_commit_seqno=2964580 nstreams_done_=301500 config.nstreams=1000000 avg_latency=0.5738 ms avg throuhgput (requests/sec) = 1030.5675 res=false
*==== INFO ====*  stream_id=1207996 latency=0.509623 ms (tx_ts=85040237847681, rx_ts=85040238357304) request_id=2969332 zil_blk_id=1207996 ccf_commit_seqno=2969332 nstreams_done_=302000 config.nstreams=1000000 avg_latency=0.5738 ms avg throuhgput (requests/sec) = 1030.5644 res=false
*==== INFO ====*  stream_id=1209996 latency=0.559897 ms (tx_ts=85040693016760, rx_ts=85040693576657) request_id=2974096 zil_blk_id=1209996 ccf_commit_seqno=2974097 nstreams_done_=302500 config.nstreams=1000000 avg_latency=0.5739 ms avg throuhgput (requests/sec) = 1030.6696 res=false
*==== INFO ====*  stream_id=1211996 latency=0.584543 ms (tx_ts=85041175364510, rx_ts=85041175949053) request_id=2979105 zil_blk_id=1211996 ccf_commit_seqno=2979105 nstreams_done_=303000 config.nstreams=1000000 avg_latency=0.5738 ms avg throuhgput (requests/sec) = 1030.6792 res=false
*==== INFO ====*  stream_id=1213996 latency=0.511386 ms (tx_ts=85041646076430, rx_ts=85041646587816) request_id=2984157 zil_blk_id=1213996 ccf_commit_seqno=2984157 nstreams_done_=303500 config.nstreams=1000000 avg_latency=0.5738 ms avg throuhgput (requests/sec) = 1030.7299 res=false
*==== INFO ====*  stream_id=1215996 latency=0.504353 ms (tx_ts=85042115229030, rx_ts=85042115733383) request_id=2988949 zil_blk_id=1215996 ccf_commit_seqno=2988949 nstreams_done_=304000 config.nstreams=1000000 avg_latency=0.5738 ms avg throuhgput (requests/sec) = 1030.7856 res=false
*==== INFO ====*  stream_id=1217996 latency=0.530385 ms (tx_ts=85042585067556, rx_ts=85042585597941) request_id=2993838 zil_blk_id=1217996 ccf_commit_seqno=2993838 nstreams_done_=304500 config.nstreams=1000000 avg_latency=0.5738 ms avg throuhgput (requests/sec) = 1030.8387 res=false
*==== INFO ====*  stream_id=1219996 latency=0.486340 ms (tx_ts=85043044957946, rx_ts=85043045444286) request_id=2998352 zil_blk_id=1219996 ccf_commit_seqno=2998352 nstreams_done_=305000 config.nstreams=1000000 avg_latency=0.5737 ms avg throuhgput (requests/sec) = 1030.9265 res=false
*==== INFO ====*  stream_id=1221996 latency=0.522548 ms (tx_ts=85043518796272, rx_ts=85043519318820) request_id=3003064 zil_blk_id=1221996 ccf_commit_seqno=3003064 nstreams_done_=305500 config.nstreams=1000000 avg_latency=0.5738 ms avg throuhgput (requests/sec) = 1030.9652 res=false
*==== INFO ====*  stream_id=1223996 latency=0.562232 ms (tx_ts=85044020042917, rx_ts=85044020605149) request_id=3008046 zil_blk_id=1223996 ccf_commit_seqno=3008046 nstreams_done_=306000 config.nstreams=1000000 avg_latency=0.5738 ms avg throuhgput (requests/sec) = 1030.9086 res=false
*==== INFO ====*  stream_id=1225996 latency=0.628916 ms (tx_ts=85044493571803, rx_ts=85044494200719) request_id=3012878 zil_blk_id=1225996 ccf_commit_seqno=3012879 nstreams_done_=306500 config.nstreams=1000000 avg_latency=0.5737 ms avg throuhgput (requests/sec) = 1030.9481 res=false
*==== INFO ====*  stream_id=1227996 latency=0.492250 ms (tx_ts=85044971132591, rx_ts=85044971624841) request_id=3017721 zil_blk_id=1227996 ccf_commit_seqno=3017721 nstreams_done_=307000 config.nstreams=1000000 avg_latency=0.5737 ms avg throuhgput (requests/sec) = 1030.9743 res=false
*==== INFO ====*  stream_id=1229996 latency=0.504914 ms (tx_ts=85045446753103, rx_ts=85045447258017) request_id=3022514 zil_blk_id=1229996 ccf_commit_seqno=3022514 nstreams_done_=307500 config.nstreams=1000000 avg_latency=0.5737 ms avg throuhgput (requests/sec) = 1031.0066 res=false
*==== INFO ====*  stream_id=1231996 latency=0.688367 ms (tx_ts=85045953014200, rx_ts=85045953702567) request_id=3027481 zil_blk_id=1231996 ccf_commit_seqno=3027481 nstreams_done_=308000 config.nstreams=1000000 avg_latency=0.5738 ms avg throuhgput (requests/sec) = 1030.9325 res=false
*==== INFO ====*  stream_id=1233996 latency=0.524440 ms (tx_ts=85046448041250, rx_ts=85046448565690) request_id=3032380 zil_blk_id=1233996 ccf_commit_seqno=3032380 nstreams_done_=308500 config.nstreams=1000000 avg_latency=0.5738 ms avg throuhgput (requests/sec) = 1030.8985 res=false
*==== INFO ====*  stream_id=1235996 latency=0.618977 ms (tx_ts=85046949177429, rx_ts=85046949796406) request_id=3037341 zil_blk_id=1235996 ccf_commit_seqno=3037342 nstreams_done_=309000 config.nstreams=1000000 avg_latency=0.5738 ms avg throuhgput (requests/sec) = 1030.8428 res=false
*==== INFO ====*  stream_id=1237996 latency=0.541332 ms (tx_ts=85047427884986, rx_ts=85047428426318) request_id=3042320 zil_blk_id=1237996 ccf_commit_seqno=3042320 nstreams_done_=309500 config.nstreams=1000000 avg_latency=0.5738 ms avg throuhgput (requests/sec) = 1030.8648 res=false
*==== INFO ====*  stream_id=1239996 latency=0.479787 ms (tx_ts=85047929763367, rx_ts=85047930243154) request_id=3047388 zil_blk_id=1239996 ccf_commit_seqno=3047388 nstreams_done_=310000 config.nstreams=1000000 avg_latency=0.5738 ms avg throuhgput (requests/sec) = 1030.8072 res=false
*==== INFO ====*  stream_id=1241996 latency=0.587459 ms (tx_ts=85048400264204, rx_ts=85048400851663) request_id=3052268 zil_blk_id=1241996 ccf_commit_seqno=3052268 nstreams_done_=310500 config.nstreams=1000000 avg_latency=0.5738 ms avg throuhgput (requests/sec) = 1030.8567 res=false
*==== INFO ====*  stream_id=1243996 latency=0.520914 ms (tx_ts=85048895101481, rx_ts=85048895622395) request_id=3057317 zil_blk_id=1243996 ccf_commit_seqno=3057318 nstreams_done_=311000 config.nstreams=1000000 avg_latency=0.5738 ms avg throuhgput (requests/sec) = 1030.8234 res=false
*==== INFO ====*  stream_id=1245996 latency=0.442959 ms (tx_ts=85049396318192, rx_ts=85049396761151) request_id=3062544 zil_blk_id=1245996 ccf_commit_seqno=3062544 nstreams_done_=311500 config.nstreams=1000000 avg_latency=0.5738 ms avg throuhgput (requests/sec) = 1030.7685 res=false
*==== INFO ====*  stream_id=1247996 latency=0.588681 ms (tx_ts=85049867256636, rx_ts=85049867845317) request_id=3067489 zil_blk_id=1247996 ccf_commit_seqno=3067490 nstreams_done_=312000 config.nstreams=1000000 avg_latency=0.5738 ms avg throuhgput (requests/sec) = 1030.8162 res=false
*==== INFO ====*  stream_id=1249996 latency=0.583421 ms (tx_ts=85050338213761, rx_ts=85050338797182) request_id=3072481 zil_blk_id=1249996 ccf_commit_seqno=3072481 nstreams_done_=312500 config.nstreams=1000000 avg_latency=0.5738 ms avg throuhgput (requests/sec) = 1030.8641 res=false
*==== INFO ====*  stream_id=1251996 latency=0.579013 ms (tx_ts=85050801584237, rx_ts=85050802163250) request_id=3077376 zil_blk_id=1251996 ccf_commit_seqno=3077378 nstreams_done_=313000 config.nstreams=1000000 avg_latency=0.5737 ms avg throuhgput (requests/sec) = 1030.9377 res=false
*==== INFO ====*  stream_id=1253996 latency=0.536423 ms (tx_ts=85051307306591, rx_ts=85051307843014) request_id=3082407 zil_blk_id=1253996 ccf_commit_seqno=3082407 nstreams_done_=313500 config.nstreams=1000000 avg_latency=0.5738 ms avg throuhgput (requests/sec) = 1030.8675 res=false
*==== INFO ====*  stream_id=1255996 latency=0.594713 ms (tx_ts=85051816243046, rx_ts=85051816837759) request_id=3087533 zil_blk_id=1255996 ccf_commit_seqno=3087533 nstreams_done_=314000 config.nstreams=1000000 avg_latency=0.5738 ms avg throuhgput (requests/sec) = 1030.7864 res=false
*==== INFO ====*  stream_id=1257996 latency=0.501438 ms (tx_ts=85052269752591, rx_ts=85052270254029) request_id=3092342 zil_blk_id=1257996 ccf_commit_seqno=3092342 nstreams_done_=314500 config.nstreams=1000000 avg_latency=0.5737 ms avg throuhgput (requests/sec) = 1030.8934 res=false
*==== INFO ====*  stream_id=1259996 latency=0.545310 ms (tx_ts=85052750279200, rx_ts=85052750824510) request_id=3097130 zil_blk_id=1259996 ccf_commit_seqno=3097130 nstreams_done_=315000 config.nstreams=1000000 avg_latency=0.5737 ms avg throuhgput (requests/sec) = 1030.9084 res=false
*==== INFO ====*  stream_id=1261996 latency=0.542745 ms (tx_ts=85053244103158, rx_ts=85053244645903) request_id=3102087 zil_blk_id=1261996 ccf_commit_seqno=3102087 nstreams_done_=315500 config.nstreams=1000000 avg_latency=0.5738 ms avg throuhgput (requests/sec) = 1030.8787 res=false
*==== INFO ====*  stream_id=1263996 latency=0.544328 ms (tx_ts=85053744019729, rx_ts=85053744564057) request_id=3107380 zil_blk_id=1263996 ccf_commit_seqno=3107380 nstreams_done_=316000 config.nstreams=1000000 avg_latency=0.5738 ms avg throuhgput (requests/sec) = 1030.8286 res=false
*==== INFO ====*  stream_id=1265996 latency=0.496829 ms (tx_ts=85054249958958, rx_ts=85054250455787) request_id=3112537 zil_blk_id=1265996 ccf_commit_seqno=3112537 nstreams_done_=316500 config.nstreams=1000000 avg_latency=0.5738 ms avg throuhgput (requests/sec) = 1030.7586 res=false
*==== INFO ====*  stream_id=1267996 latency=0.470249 ms (tx_ts=85054716142328, rx_ts=85054716612577) request_id=3117349 zil_blk_id=1267996 ccf_commit_seqno=3117349 nstreams_done_=317000 config.nstreams=1000000 avg_latency=0.5738 ms avg throuhgput (requests/sec) = 1030.8220 res=false
*==== INFO ====*  stream_id=1269996 latency=0.566466 ms (tx_ts=85055192507378, rx_ts=85055193073844) request_id=3122349 zil_blk_id=1269996 ccf_commit_seqno=3122349 nstreams_done_=317500 config.nstreams=1000000 avg_latency=0.5737 ms avg throuhgput (requests/sec) = 1030.8508 res=false
*==== INFO ====*  stream_id=1271996 latency=0.527527 ms (tx_ts=85055678094052, rx_ts=85055678621579) request_id=3127446 zil_blk_id=1271996 ccf_commit_seqno=3127446 nstreams_done_=318000 config.nstreams=1000000 avg_latency=0.5737 ms avg throuhgput (requests/sec) = 1030.8491 res=false
*==== INFO ====*  stream_id=1273996 latency=0.495176 ms (tx_ts=85056145221627, rx_ts=85056145716803) request_id=3131171 zil_blk_id=1273996 ccf_commit_seqno=3131171 nstreams_done_=318500 config.nstreams=1000000 avg_latency=0.5737 ms avg throuhgput (requests/sec) = 1030.9089 res=false
*==== INFO ====*  stream_id=1275996 latency=0.500746 ms (tx_ts=85056623165255, rx_ts=85056623666001) request_id=3134559 zil_blk_id=1275996 ccf_commit_seqno=3134559 nstreams_done_=319000 config.nstreams=1000000 avg_latency=0.5736 ms avg throuhgput (requests/sec) = 1030.9325 res=false
*==== INFO ====*  stream_id=1277996 latency=0.465370 ms (tx_ts=85057109598372, rx_ts=85057110063742) request_id=3137953 zil_blk_id=1277996 ccf_commit_seqno=3137953 nstreams_done_=319500 config.nstreams=1000000 avg_latency=0.5735 ms avg throuhgput (requests/sec) = 1030.9278 res=false
*==== INFO ====*  stream_id=1279996 latency=0.488794 ms (tx_ts=85057599115909, rx_ts=85057599604703) request_id=3141384 zil_blk_id=1279996 ccf_commit_seqno=3141384 nstreams_done_=320000 config.nstreams=1000000 avg_latency=0.5735 ms avg throuhgput (requests/sec) = 1030.9127 res=false
*==== INFO ====*  stream_id=1281996 latency=0.652831 ms (tx_ts=85058118241613, rx_ts=85058118894444) request_id=3144808 zil_blk_id=1281996 ccf_commit_seqno=3144809 nstreams_done_=320500 config.nstreams=1000000 avg_latency=0.5735 ms avg throuhgput (requests/sec) = 1030.7991 res=false
*==== INFO ====*  stream_id=1283996 latency=0.644105 ms (tx_ts=85058597251154, rx_ts=85058597895259) request_id=3148148 zil_blk_id=1283996 ccf_commit_seqno=3148148 nstreams_done_=321000 config.nstreams=1000000 avg_latency=0.5734 ms avg throuhgput (requests/sec) = 1030.8191 res=false
*==== INFO ====*  stream_id=1285996 latency=0.508280 ms (tx_ts=85059091755736, rx_ts=85059092264016) request_id=3151539 zil_blk_id=1285996 ccf_commit_seqno=3151539 nstreams_done_=321500 config.nstreams=1000000 avg_latency=0.5734 ms avg throuhgput (requests/sec) = 1030.7883 res=false
*==== INFO ====*  stream_id=1287996 latency=0.521205 ms (tx_ts=85059571119089, rx_ts=85059571640294) request_id=3154853 zil_blk_id=1287996 ccf_commit_seqno=3154853 nstreams_done_=322000 config.nstreams=1000000 avg_latency=0.5733 ms avg throuhgput (requests/sec) = 1030.8071 res=false
*==== INFO ====*  stream_id=1289996 latency=0.557322 ms (tx_ts=85060074463366, rx_ts=85060075020688) request_id=3158289 zil_blk_id=1289996 ccf_commit_seqno=3158290 nstreams_done_=322500 config.nstreams=1000000 avg_latency=0.5733 ms avg throuhgput (requests/sec) = 1030.7467 res=false
*==== INFO ====*  stream_id=1291996 latency=0.532466 ms (tx_ts=85060582101787, rx_ts=85060582634253) request_id=3161725 zil_blk_id=1291996 ccf_commit_seqno=3161725 nstreams_done_=323000 config.nstreams=1000000 avg_latency=0.5732 ms avg throuhgput (requests/sec) = 1030.6726 res=false
*==== INFO ====*  stream_id=1293996 latency=0.521547 ms (tx_ts=85061068957057, rx_ts=85061069478604) request_id=3165109 zil_blk_id=1293996 ccf_commit_seqno=3165109 nstreams_done_=323500 config.nstreams=1000000 avg_latency=0.5732 ms avg throuhgput (requests/sec) = 1030.6670 res=false
*==== INFO ====*  stream_id=1295996 latency=0.508733 ms (tx_ts=85061589021388, rx_ts=85061589530121) request_id=3168677 zil_blk_id=1295996 ccf_commit_seqno=3168677 nstreams_done_=324000 config.nstreams=1000000 avg_latency=0.5731 ms avg throuhgput (requests/sec) = 1030.5525 res=false
*==== INFO ====*  stream_id=1297996 latency=0.549438 ms (tx_ts=85062117053374, rx_ts=85062117602812) request_id=3172383 zil_blk_id=1297996 ccf_commit_seqno=3172383 nstreams_done_=324500 config.nstreams=1000000 avg_latency=0.5730 ms avg throuhgput (requests/sec) = 1030.4121 res=false
*==== INFO ====*  stream_id=1299996 latency=0.498954 ms (tx_ts=85062612238563, rx_ts=85062612737517) request_id=3175898 zil_blk_id=1299996 ccf_commit_seqno=3175898 nstreams_done_=325000 config.nstreams=1000000 avg_latency=0.5731 ms avg throuhgput (requests/sec) = 1030.3798 res=false
*==== INFO ====*  stream_id=1301996 latency=0.558335 ms (tx_ts=85063107114949, rx_ts=85063107673284) request_id=3179301 zil_blk_id=1301996 ccf_commit_seqno=3179301 nstreams_done_=325500 config.nstreams=1000000 avg_latency=0.5730 ms avg throuhgput (requests/sec) = 1030.3482 res=false
*==== INFO ====*  stream_id=1303996 latency=0.528910 ms (tx_ts=85063592471102, rx_ts=85063593000012) request_id=3182734 zil_blk_id=1303996 ccf_commit_seqno=3182734 nstreams_done_=326000 config.nstreams=1000000 avg_latency=0.5730 ms avg throuhgput (requests/sec) = 1030.3480 res=false
*==== INFO ====*  stream_id=1305996 latency=0.560589 ms (tx_ts=85064083365852, rx_ts=85064083926441) request_id=3186154 zil_blk_id=1305996 ccf_commit_seqno=3186154 nstreams_done_=326500 config.nstreams=1000000 avg_latency=0.5730 ms avg throuhgput (requests/sec) = 1030.3297 res=false
*==== INFO ====*  stream_id=1307996 latency=0.506929 ms (tx_ts=85064540900874, rx_ts=85064541407803) request_id=3189384 zil_blk_id=1307996 ccf_commit_seqno=3189385 nstreams_done_=327000 config.nstreams=1000000 avg_latency=0.5729 ms avg throuhgput (requests/sec) = 1030.4199 res=false
*==== INFO ====*  stream_id=1309996 latency=0.492702 ms (tx_ts=85064997187624, rx_ts=85064997680326) request_id=3192577 zil_blk_id=1309996 ccf_commit_seqno=3192577 nstreams_done_=327500 config.nstreams=1000000 avg_latency=0.5729 ms avg throuhgput (requests/sec) = 1030.5138 res=false
*==== INFO ====*  stream_id=1311996 latency=0.613027 ms (tx_ts=85065474199871, rx_ts=85065474812898) request_id=3195798 zil_blk_id=1311996 ccf_commit_seqno=3195799 nstreams_done_=328000 config.nstreams=1000000 avg_latency=0.5728 ms avg throuhgput (requests/sec) = 1030.5399 res=false
*==== INFO ====*  stream_id=1313996 latency=0.472845 ms (tx_ts=85065941126677, rx_ts=85065941599522) request_id=3199046 zil_blk_id=1313996 ccf_commit_seqno=3199046 nstreams_done_=328500 config.nstreams=1000000 avg_latency=0.5728 ms avg throuhgput (requests/sec) = 1030.5994 res=false
*==== INFO ====*  stream_id=1315996 latency=0.498253 ms (tx_ts=85066406533173, rx_ts=85066407031426) request_id=3202296 zil_blk_id=1315996 ccf_commit_seqno=3202296 nstreams_done_=329000 config.nstreams=1000000 avg_latency=0.5727 ms avg throuhgput (requests/sec) = 1030.6631 res=false
*==== INFO ====*  stream_id=1317996 latency=0.511997 ms (tx_ts=85066889133759, rx_ts=85066889645756) request_id=3205648 zil_blk_id=1317996 ccf_commit_seqno=3205648 nstreams_done_=329500 config.nstreams=1000000 avg_latency=0.5727 ms avg throuhgput (requests/sec) = 1030.6712 res=false
*==== INFO ====*  stream_id=1319996 latency=0.571569 ms (tx_ts=85067365487207, rx_ts=85067366058776) request_id=3209023 zil_blk_id=1319996 ccf_commit_seqno=3209023 nstreams_done_=330000 config.nstreams=1000000 avg_latency=0.5726 ms avg throuhgput (requests/sec) = 1030.6992 res=false
*==== INFO ====*  stream_id=1321996 latency=0.463697 ms (tx_ts=85067847662474, rx_ts=85067848126171) request_id=3212428 zil_blk_id=1321996 ccf_commit_seqno=3212428 nstreams_done_=330500 config.nstreams=1000000 avg_latency=0.5726 ms avg throuhgput (requests/sec) = 1030.7090 res=false
*==== INFO ====*  stream_id=1323996 latency=0.514222 ms (tx_ts=85068353988140, rx_ts=85068354502362) request_id=3215930 zil_blk_id=1323996 ccf_commit_seqno=3215930 nstreams_done_=331000 config.nstreams=1000000 avg_latency=0.5725 ms avg throuhgput (requests/sec) = 1030.6407 res=false
*==== INFO ====*  stream_id=1325996 latency=0.522181 ms (tx_ts=85068864550083, rx_ts=85068865072264) request_id=3219363 zil_blk_id=1325996 ccf_commit_seqno=3219363 nstreams_done_=331500 config.nstreams=1000000 avg_latency=0.5724 ms avg throuhgput (requests/sec) = 1030.5592 res=false
*==== INFO ====*  stream_id=1327996 latency=0.520226 ms (tx_ts=85069320690946, rx_ts=85069321211172) request_id=3222587 zil_blk_id=1327996 ccf_commit_seqno=3222587 nstreams_done_=332000 config.nstreams=1000000 avg_latency=0.5724 ms avg throuhgput (requests/sec) = 1030.6521 res=false
*==== INFO ====*  stream_id=1329996 latency=0.639454 ms (tx_ts=85069802226692, rx_ts=85069802866146) request_id=3225960 zil_blk_id=1329996 ccf_commit_seqno=3225960 nstreams_done_=332500 config.nstreams=1000000 avg_latency=0.5723 ms avg throuhgput (requests/sec) = 1030.6632 res=false
*==== INFO ====*  stream_id=1331996 latency=0.497434 ms (tx_ts=85070274281931, rx_ts=85070274779365) request_id=3229333 zil_blk_id=1331996 ccf_commit_seqno=3229333 nstreams_done_=333000 config.nstreams=1000000 avg_latency=0.5723 ms avg throuhgput (requests/sec) = 1030.7054 res=false
*==== INFO ====*  stream_id=1333996 latency=0.648574 ms (tx_ts=85070739266465, rx_ts=85070739915039) request_id=3232621 zil_blk_id=1333996 ccf_commit_seqno=3232622 nstreams_done_=333500 config.nstreams=1000000 avg_latency=0.5722 ms avg throuhgput (requests/sec) = 1030.7690 res=false
*==== INFO ====*  stream_id=1335996 latency=0.582800 ms (tx_ts=85071196759792, rx_ts=85071197342592) request_id=3235841 zil_blk_id=1335996 ccf_commit_seqno=3235841 nstreams_done_=334000 config.nstreams=1000000 avg_latency=0.5722 ms avg throuhgput (requests/sec) = 1030.8569 res=false
*==== INFO ====*  stream_id=1337996 latency=0.475640 ms (tx_ts=85071675020994, rx_ts=85071675496634) request_id=3239224 zil_blk_id=1337996 ccf_commit_seqno=3239224 nstreams_done_=334500 config.nstreams=1000000 avg_latency=0.5721 ms avg throuhgput (requests/sec) = 1030.8788 res=false
*==== INFO ====*  stream_id=1339996 latency=0.448459 ms (tx_ts=85072155671583, rx_ts=85072156120042) request_id=3242586 zil_blk_id=1339996 ccf_commit_seqno=3242586 nstreams_done_=335000 config.nstreams=1000000 avg_latency=0.5720 ms avg throuhgput (requests/sec) = 1030.8927 res=false
*==== INFO ====*  stream_id=1341996 latency=0.496048 ms (tx_ts=85072634457453, rx_ts=85072634953501) request_id=3245986 zil_blk_id=1341996 ccf_commit_seqno=3245986 nstreams_done_=335500 config.nstreams=1000000 avg_latency=0.5720 ms avg throuhgput (requests/sec) = 1030.9123 res=false
*==== INFO ====*  stream_id=1343996 latency=0.497130 ms (tx_ts=85073110342234, rx_ts=85073110839364) request_id=3249332 zil_blk_id=1343996 ccf_commit_seqno=3249332 nstreams_done_=336000 config.nstreams=1000000 avg_latency=0.5719 ms avg throuhgput (requests/sec) = 1030.9412 res=false
*==== INFO ====*  stream_id=1345996 latency=0.625870 ms (tx_ts=85073605554754, rx_ts=85073606180624) request_id=3252758 zil_blk_id=1345996 ccf_commit_seqno=3252758 nstreams_done_=336500 config.nstreams=1000000 avg_latency=0.5718 ms avg throuhgput (requests/sec) = 1030.9085 res=false
*==== INFO ====*  stream_id=1347996 latency=0.497661 ms (tx_ts=85074087286752, rx_ts=85074087784413) request_id=3256058 zil_blk_id=1347996 ccf_commit_seqno=3256058 nstreams_done_=337000 config.nstreams=1000000 avg_latency=0.5718 ms avg throuhgput (requests/sec) = 1030.9192 res=false
*==== INFO ====*  stream_id=1349996 latency=0.460130 ms (tx_ts=85074570920691, rx_ts=85074571380821) request_id=3259480 zil_blk_id=1349996 ccf_commit_seqno=3259480 nstreams_done_=337500 config.nstreams=1000000 avg_latency=0.5717 ms avg throuhgput (requests/sec) = 1030.9237 res=false
*==== INFO ====*  stream_id=1351996 latency=0.463227 ms (tx_ts=85075050795347, rx_ts=85075051258574) request_id=3262868 zil_blk_id=1351996 ccf_commit_seqno=3262868 nstreams_done_=338000 config.nstreams=1000000 avg_latency=0.5716 ms avg throuhgput (requests/sec) = 1030.9398 res=false
*==== INFO ====*  stream_id=1353996 latency=0.510014 ms (tx_ts=85075550231224, rx_ts=85075550741238) request_id=3266309 zil_blk_id=1353996 ccf_commit_seqno=3266309 nstreams_done_=338500 config.nstreams=1000000 avg_latency=0.5716 ms avg throuhgput (requests/sec) = 1030.8943 res=false
*==== INFO ====*  stream_id=1355996 latency=0.559387 ms (tx_ts=85076071526550, rx_ts=85076072085937) request_id=3269828 zil_blk_id=1355996 ccf_commit_seqno=3269829 nstreams_done_=339000 config.nstreams=1000000 avg_latency=0.5716 ms avg throuhgput (requests/sec) = 1030.7804 res=false
*==== INFO ====*  stream_id=1357996 latency=0.530512 ms (tx_ts=85076558149430, rx_ts=85076558679942) request_id=3273264 zil_blk_id=1357996 ccf_commit_seqno=3273264 nstreams_done_=339500 config.nstreams=1000000 avg_latency=0.5715 ms avg throuhgput (requests/sec) = 1030.7756 res=false
*==== INFO ====*  stream_id=1359996 latency=0.513941 ms (tx_ts=85077028812069, rx_ts=85077029326010) request_id=3276557 zil_blk_id=1359996 ccf_commit_seqno=3276558 nstreams_done_=340000 config.nstreams=1000000 avg_latency=0.5714 ms avg throuhgput (requests/sec) = 1030.8207 res=false
*==== INFO ====*  stream_id=1361996 latency=0.597938 ms (tx_ts=85077542924770, rx_ts=85077543522708) request_id=3279988 zil_blk_id=1361996 ccf_commit_seqno=3279988 nstreams_done_=340500 config.nstreams=1000000 avg_latency=0.5715 ms avg throuhgput (requests/sec) = 1030.7298 res=false
*==== INFO ====*  stream_id=1363996 latency=0.474417 ms (tx_ts=85078018092071, rx_ts=85078018566488) request_id=3283251 zil_blk_id=1363996 ccf_commit_seqno=3283251 nstreams_done_=341000 config.nstreams=1000000 avg_latency=0.5714 ms avg throuhgput (requests/sec) = 1030.7611 res=false
*==== INFO ====*  stream_id=1365996 latency=0.597037 ms (tx_ts=85078509832342, rx_ts=85078510429379) request_id=3286656 zil_blk_id=1365996 ccf_commit_seqno=3286657 nstreams_done_=341500 config.nstreams=1000000 avg_latency=0.5714 ms avg throuhgput (requests/sec) = 1030.7400 res=false
*==== INFO ====*  stream_id=1367996 latency=0.601034 ms (tx_ts=85078999690334, rx_ts=85079000291368) request_id=3289976 zil_blk_id=1367996 ccf_commit_seqno=3289976 nstreams_done_=342000 config.nstreams=1000000 avg_latency=0.5713 ms avg throuhgput (requests/sec) = 1030.7252 res=false
*==== INFO ====*  stream_id=1369996 latency=0.506507 ms (tx_ts=85079482850535, rx_ts=85079483357042) request_id=3293340 zil_blk_id=1369996 ccf_commit_seqno=3293340 nstreams_done_=342500 config.nstreams=1000000 avg_latency=0.5713 ms avg throuhgput (requests/sec) = 1030.7314 res=false
*==== INFO ====*  stream_id=1371996 latency=0.478204 ms (tx_ts=85079972450602, rx_ts=85079972928806) request_id=3296681 zil_blk_id=1371996 ccf_commit_seqno=3296681 nstreams_done_=343000 config.nstreams=1000000 avg_latency=0.5712 ms avg throuhgput (requests/sec) = 1030.7176 res=false
*==== INFO ====*  stream_id=1373996 latency=0.566931 ms (tx_ts=85080472820400, rx_ts=85080473387331) request_id=3300018 zil_blk_id=1373996 ccf_commit_seqno=3300019 nstreams_done_=343500 config.nstreams=1000000 avg_latency=0.5712 ms avg throuhgput (requests/sec) = 1030.6701 res=false
*==== INFO ====*  stream_id=1375996 latency=0.486219 ms (tx_ts=85080945701344, rx_ts=85080946187563) request_id=3303240 zil_blk_id=1375996 ccf_commit_seqno=3303240 nstreams_done_=344000 config.nstreams=1000000 avg_latency=0.5712 ms avg throuhgput (requests/sec) = 1030.7081 res=false
*==== INFO ====*  stream_id=1377996 latency=0.565578 ms (tx_ts=85081429656696, rx_ts=85081430222274) request_id=3306595 zil_blk_id=1377996 ccf_commit_seqno=3306595 nstreams_done_=344500 config.nstreams=1000000 avg_latency=0.5711 ms avg throuhgput (requests/sec) = 1030.7114 res=false
*==== INFO ====*  stream_id=1379996 latency=0.479927 ms (tx_ts=85081930082695, rx_ts=85081930562622) request_id=3310087 zil_blk_id=1379996 ccf_commit_seqno=3310087 nstreams_done_=345000 config.nstreams=1000000 avg_latency=0.5711 ms avg throuhgput (requests/sec) = 1030.6645 res=false
*==== INFO ====*  stream_id=1381996 latency=0.506988 ms (tx_ts=85082438511303, rx_ts=85082439018291) request_id=3313646 zil_blk_id=1381996 ccf_commit_seqno=3313646 nstreams_done_=345500 config.nstreams=1000000 avg_latency=0.5710 ms avg throuhgput (requests/sec) = 1030.5928 res=false
*==== INFO ====*  stream_id=1383996 latency=0.619940 ms (tx_ts=85082930832921, rx_ts=85082931452861) request_id=3317032 zil_blk_id=1383996 ccf_commit_seqno=3317032 nstreams_done_=346000 config.nstreams=1000000 avg_latency=0.5710 ms avg throuhgput (requests/sec) = 1030.5704 res=false
*==== INFO ====*  stream_id=1385996 latency=0.459640 ms (tx_ts=85083409344085, rx_ts=85083409803725) request_id=3320385 zil_blk_id=1385996 ccf_commit_seqno=3320385 nstreams_done_=346500 config.nstreams=1000000 avg_latency=0.5709 ms avg throuhgput (requests/sec) = 1030.5913 res=false
*==== INFO ====*  stream_id=1387996 latency=0.697835 ms (tx_ts=85083912471475, rx_ts=85083913169310) request_id=3323866 zil_blk_id=1387996 ccf_commit_seqno=3323866 nstreams_done_=347000 config.nstreams=1000000 avg_latency=0.5709 ms avg throuhgput (requests/sec) = 1030.5356 res=false
*==== INFO ====*  stream_id=1389996 latency=0.502781 ms (tx_ts=85084419721320, rx_ts=85084420224101) request_id=3327109 zil_blk_id=1389996 ccf_commit_seqno=3327109 nstreams_done_=347500 config.nstreams=1000000 avg_latency=0.5709 ms avg throuhgput (requests/sec) = 1030.4688 res=false
*==== INFO ====*  stream_id=1391996 latency=0.496348 ms (tx_ts=85084898212086, rx_ts=85084898708434) request_id=3330473 zil_blk_id=1391996 ccf_commit_seqno=3330473 nstreams_done_=348000 config.nstreams=1000000 avg_latency=0.5708 ms avg throuhgput (requests/sec) = 1030.4893 res=false
*==== INFO ====*  stream_id=1393996 latency=0.498713 ms (tx_ts=85085389736127, rx_ts=85085390234840) request_id=3333858 zil_blk_id=1393996 ccf_commit_seqno=3333858 nstreams_done_=348500 config.nstreams=1000000 avg_latency=0.5707 ms avg throuhgput (requests/sec) = 1030.4700 res=false
*==== INFO ====*  stream_id=1395996 latency=0.475669 ms (tx_ts=85085895707985, rx_ts=85085896183654) request_id=3337274 zil_blk_id=1395996 ccf_commit_seqno=3337274 nstreams_done_=349000 config.nstreams=1000000 avg_latency=0.5707 ms avg throuhgput (requests/sec) = 1030.4070 res=false
*==== INFO ====*  stream_id=1397996 latency=0.470170 ms (tx_ts=85086376770679, rx_ts=85086377240849) request_id=3340698 zil_blk_id=1397996 ccf_commit_seqno=3340698 nstreams_done_=349500 config.nstreams=1000000 avg_latency=0.5706 ms avg throuhgput (requests/sec) = 1030.4197 res=false
*==== INFO ====*  stream_id=1399996 latency=0.524401 ms (tx_ts=85086851768571, rx_ts=85086852292972) request_id=3344040 zil_blk_id=1399996 ccf_commit_seqno=3344041 nstreams_done_=350000 config.nstreams=1000000 avg_latency=0.5706 ms avg throuhgput (requests/sec) = 1030.4506 res=false
*==== INFO ====*  stream_id=1401996 latency=0.464880 ms (tx_ts=85087305412216, rx_ts=85087305877096) request_id=3347316 zil_blk_id=1401996 ccf_commit_seqno=3347316 nstreams_done_=350500 config.nstreams=1000000 avg_latency=0.5705 ms avg throuhgput (requests/sec) = 1030.5465 res=false
*==== INFO ====*  stream_id=1403996 latency=0.517885 ms (tx_ts=85087777326886, rx_ts=85087777844771) request_id=3350559 zil_blk_id=1403996 ccf_commit_seqno=3350559 nstreams_done_=351000 config.nstreams=1000000 avg_latency=0.5704 ms avg throuhgput (requests/sec) = 1030.5864 res=false
*==== INFO ====*  stream_id=1405996 latency=0.564296 ms (tx_ts=85088245176139, rx_ts=85088245740435) request_id=3353814 zil_blk_id=1405996 ccf_commit_seqno=3353815 nstreams_done_=351500 config.nstreams=1000000 avg_latency=0.5704 ms avg throuhgput (requests/sec) = 1030.6386 res=false
*==== INFO ====*  stream_id=1407996 latency=0.514382 ms (tx_ts=85088736735501, rx_ts=85088737249883) request_id=3357123 zil_blk_id=1407996 ccf_commit_seqno=3357123 nstreams_done_=352000 config.nstreams=1000000 avg_latency=0.5704 ms avg throuhgput (requests/sec) = 1030.6194 res=false
*==== INFO ====*  stream_id=1409996 latency=0.514391 ms (tx_ts=85089202437797, rx_ts=85089202952188) request_id=3360410 zil_blk_id=1409996 ccf_commit_seqno=3360410 nstreams_done_=352500 config.nstreams=1000000 avg_latency=0.5703 ms avg throuhgput (requests/sec) = 1030.6780 res=false
*==== INFO ====*  stream_id=1411996 latency=0.591516 ms (tx_ts=85089675287133, rx_ts=85089675878649) request_id=3363721 zil_blk_id=1411996 ccf_commit_seqno=3363721 nstreams_done_=353000 config.nstreams=1000000 avg_latency=0.5703 ms avg throuhgput (requests/sec) = 1030.7146 res=false
*==== INFO ====*  stream_id=1413996 latency=0.492651 ms (tx_ts=85090157061829, rx_ts=85090157554480) request_id=3366967 zil_blk_id=1413996 ccf_commit_seqno=3366967 nstreams_done_=353500 config.nstreams=1000000 avg_latency=0.5703 ms avg throuhgput (requests/sec) = 1030.7249 res=false
*==== INFO ====*  stream_id=1415996 latency=0.542694 ms (tx_ts=85090636335976, rx_ts=85090636878670) request_id=3370281 zil_blk_id=1415996 ccf_commit_seqno=3370281 nstreams_done_=354000 config.nstreams=1000000 avg_latency=0.5703 ms avg throuhgput (requests/sec) = 1030.7423 res=false
*==== INFO ====*  stream_id=1417996 latency=0.548947 ms (tx_ts=85091104928431, rx_ts=85091105477378) request_id=3373523 zil_blk_id=1417996 ccf_commit_seqno=3373523 nstreams_done_=354500 config.nstreams=1000000 avg_latency=0.5702 ms avg throuhgput (requests/sec) = 1030.7917 res=false
*==== INFO ====*  stream_id=1419996 latency=0.599241 ms (tx_ts=85091569782729, rx_ts=85091570381970) request_id=3376715 zil_blk_id=1419996 ccf_commit_seqno=3376716 nstreams_done_=355000 config.nstreams=1000000 avg_latency=0.5702 ms avg throuhgput (requests/sec) = 1030.8520 res=false
*==== INFO ====*  stream_id=1421996 latency=0.537406 ms (tx_ts=85092037822943, rx_ts=85092038360349) request_id=3380003 zil_blk_id=1421996 ccf_commit_seqno=3380003 nstreams_done_=355500 config.nstreams=1000000 avg_latency=0.5702 ms avg throuhgput (requests/sec) = 1030.9030 res=false
*==== INFO ====*  stream_id=1423996 latency=0.548255 ms (tx_ts=85092528912491, rx_ts=85092529460746) request_id=3383454 zil_blk_id=1423996 ccf_commit_seqno=3383455 nstreams_done_=356000 config.nstreams=1000000 avg_latency=0.5702 ms avg throuhgput (requests/sec) = 1030.8848 res=false
*==== INFO ====*  stream_id=1425996 latency=0.497249 ms (tx_ts=85093048837530, rx_ts=85093049334779) request_id=3387081 zil_blk_id=1425996 ccf_commit_seqno=3387081 nstreams_done_=356500 config.nstreams=1000000 avg_latency=0.5702 ms avg throuhgput (requests/sec) = 1030.7809 res=false
*==== INFO ====*  stream_id=1427996 latency=0.514172 ms (tx_ts=85093555473793, rx_ts=85093555987965) request_id=3390540 zil_blk_id=1427996 ccf_commit_seqno=3390540 nstreams_done_=357000 config.nstreams=1000000 avg_latency=0.5701 ms avg throuhgput (requests/sec) = 1030.7167 res=false
*==== INFO ====*  stream_id=1429996 latency=0.528608 ms (tx_ts=85094046517042, rx_ts=85094047045650) request_id=3393935 zil_blk_id=1429996 ccf_commit_seqno=3393935 nstreams_done_=357500 config.nstreams=1000000 avg_latency=0.5701 ms avg throuhgput (requests/sec) = 1030.6990 res=false
*==== INFO ====*  stream_id=1431996 latency=0.499804 ms (tx_ts=85094551774393, rx_ts=85094552274197) request_id=3397346 zil_blk_id=1431996 ccf_commit_seqno=3397346 nstreams_done_=358000 config.nstreams=1000000 avg_latency=0.5701 ms avg throuhgput (requests/sec) = 1030.6393 res=false
*==== INFO ====*  stream_id=1433996 latency=0.607215 ms (tx_ts=85095081302172, rx_ts=85095081909387) request_id=3400965 zil_blk_id=1433996 ccf_commit_seqno=3400965 nstreams_done_=358500 config.nstreams=1000000 avg_latency=0.5701 ms avg throuhgput (requests/sec) = 1030.5075 res=false
*==== INFO ====*  stream_id=1435996 latency=0.533808 ms (tx_ts=85095611054592, rx_ts=85095611588400) request_id=3404480 zil_blk_id=1435996 ccf_commit_seqno=3404481 nstreams_done_=359000 config.nstreams=1000000 avg_latency=0.5701 ms avg throuhgput (requests/sec) = 1030.3759 res=false
*==== INFO ====*  stream_id=1437996 latency=0.500235 ms (tx_ts=85096102913247, rx_ts=85096103413482) request_id=3407873 zil_blk_id=1437996 ccf_commit_seqno=3407873 nstreams_done_=359500 config.nstreams=1000000 avg_latency=0.5700 ms avg throuhgput (requests/sec) = 1030.3565 res=false
*==== INFO ====*  stream_id=1439996 latency=0.519681 ms (tx_ts=85096603121995, rx_ts=85096603641676) request_id=3411297 zil_blk_id=1439996 ccf_commit_seqno=3411297 nstreams_done_=360000 config.nstreams=1000000 avg_latency=0.5700 ms avg throuhgput (requests/sec) = 1030.3124 res=false
*==== INFO ====*  stream_id=1441996 latency=0.486840 ms (tx_ts=85097096599788, rx_ts=85097097086628) request_id=3414740 zil_blk_id=1441996 ccf_commit_seqno=3414740 nstreams_done_=360500 config.nstreams=1000000 avg_latency=0.5699 ms avg throuhgput (requests/sec) = 1030.2884 res=false
*==== INFO ====*  stream_id=1443996 latency=0.487641 ms (tx_ts=85097590391880, rx_ts=85097590879521) request_id=3418163 zil_blk_id=1443996 ccf_commit_seqno=3418163 nstreams_done_=361000 config.nstreams=1000000 avg_latency=0.5699 ms avg throuhgput (requests/sec) = 1030.2634 res=false
*==== INFO ====*  stream_id=1445996 latency=0.522928 ms (tx_ts=85098093816365, rx_ts=85098094339293) request_id=3421505 zil_blk_id=1445996 ccf_commit_seqno=3421505 nstreams_done_=361500 config.nstreams=1000000 avg_latency=0.5699 ms avg throuhgput (requests/sec) = 1030.2101 res=false
*==== INFO ====*  stream_id=1447996 latency=0.553345 ms (tx_ts=85098578686946, rx_ts=85098579240291) request_id=3424870 zil_blk_id=1447996 ccf_commit_seqno=3424870 nstreams_done_=362000 config.nstreams=1000000 avg_latency=0.5698 ms avg throuhgput (requests/sec) = 1030.2114 res=false
*==== INFO ====*  stream_id=1449996 latency=0.535371 ms (tx_ts=85099066972265, rx_ts=85099067507636) request_id=3428336 zil_blk_id=1449996 ccf_commit_seqno=3428336 nstreams_done_=362500 config.nstreams=1000000 avg_latency=0.5698 ms avg throuhgput (requests/sec) = 1030.2028 res=false
*==== INFO ====*  stream_id=1451996 latency=0.455602 ms (tx_ts=85099552918887, rx_ts=85099553374489) request_id=3431742 zil_blk_id=1451996 ccf_commit_seqno=3431742 nstreams_done_=363000 config.nstreams=1000000 avg_latency=0.5697 ms avg throuhgput (requests/sec) = 1030.2013 res=false
*==== INFO ====*  stream_id=1453996 latency=0.479617 ms (tx_ts=85100037910304, rx_ts=85100038389921) request_id=3435192 zil_blk_id=1453996 ccf_commit_seqno=3435192 nstreams_done_=363500 config.nstreams=1000000 avg_latency=0.5697 ms avg throuhgput (requests/sec) = 1030.2023 res=false
*==== INFO ====*  stream_id=1455996 latency=0.538077 ms (tx_ts=85100526711737, rx_ts=85100527249814) request_id=3438623 zil_blk_id=1455996 ccf_commit_seqno=3438623 nstreams_done_=364000 config.nstreams=1000000 avg_latency=0.5696 ms avg throuhgput (requests/sec) = 1030.1920 res=false
*==== INFO ====*  stream_id=1457996 latency=0.499194 ms (tx_ts=85101019053132, rx_ts=85101019552326) request_id=3442023 zil_blk_id=1457996 ccf_commit_seqno=3442023 nstreams_done_=364500 config.nstreams=1000000 avg_latency=0.5696 ms avg throuhgput (requests/sec) = 1030.1718 res=false
*==== INFO ====*  stream_id=1459996 latency=0.468325 ms (tx_ts=85101497146106, rx_ts=85101497614431) request_id=3445402 zil_blk_id=1459996 ccf_commit_seqno=3445402 nstreams_done_=365000 config.nstreams=1000000 avg_latency=0.5695 ms avg throuhgput (requests/sec) = 1030.1930 res=false
*==== INFO ====*  stream_id=1461996 latency=0.602818 ms (tx_ts=85101984177617, rx_ts=85101984780435) request_id=3448821 zil_blk_id=1461996 ccf_commit_seqno=3448822 nstreams_done_=365500 config.nstreams=1000000 avg_latency=0.5694 ms avg throuhgput (requests/sec) = 1030.1877 res=false
*==== INFO ====*  stream_id=1463996 latency=0.477773 ms (tx_ts=85102476465140, rx_ts=85102476942913) request_id=3452222 zil_blk_id=1463996 ccf_commit_seqno=3452222 nstreams_done_=366000 config.nstreams=1000000 avg_latency=0.5694 ms avg throuhgput (requests/sec) = 1030.1679 res=false
*==== INFO ====*  stream_id=1465996 latency=0.556029 ms (tx_ts=85102980744571, rx_ts=85102981300600) request_id=3455468 zil_blk_id=1465996 ccf_commit_seqno=3455468 nstreams_done_=366500 config.nstreams=1000000 avg_latency=0.5694 ms avg throuhgput (requests/sec) = 1030.1129 res=false
*==== INFO ====*  stream_id=1467996 latency=0.470771 ms (tx_ts=85103464049290, rx_ts=85103464520061) request_id=3458793 zil_blk_id=1467996 ccf_commit_seqno=3458793 nstreams_done_=367000 config.nstreams=1000000 avg_latency=0.5693 ms avg throuhgput (requests/sec) = 1030.1192 res=false
*==== INFO ====*  stream_id=1469996 latency=0.562502 ms (tx_ts=85103945143930, rx_ts=85103945706432) request_id=3462208 zil_blk_id=1469996 ccf_commit_seqno=3462208 nstreams_done_=367500 config.nstreams=1000000 avg_latency=0.5692 ms avg throuhgput (requests/sec) = 1030.1313 res=false
*==== INFO ====*  stream_id=1471996 latency=0.542254 ms (tx_ts=85104446059910, rx_ts=85104446602164) request_id=3465680 zil_blk_id=1471996 ccf_commit_seqno=3465680 nstreams_done_=368000 config.nstreams=1000000 avg_latency=0.5692 ms avg throuhgput (requests/sec) = 1030.0865 res=false
*==== INFO ====*  stream_id=1473996 latency=0.509583 ms (tx_ts=85104936668833, rx_ts=85104937178416) request_id=3469005 zil_blk_id=1473996 ccf_commit_seqno=3469005 nstreams_done_=368500 config.nstreams=1000000 avg_latency=0.5692 ms avg throuhgput (requests/sec) = 1030.0716 res=false
*==== INFO ====*  stream_id=1475996 latency=0.473185 ms (tx_ts=85105452697249, rx_ts=85105453170434) request_id=3472514 zil_blk_id=1475996 ccf_commit_seqno=3472514 nstreams_done_=369000 config.nstreams=1000000 avg_latency=0.5691 ms avg throuhgput (requests/sec) = 1029.9837 res=false
*==== INFO ====*  stream_id=1477996 latency=0.532385 ms (tx_ts=85105942085779, rx_ts=85105942618164) request_id=3475847 zil_blk_id=1477996 ccf_commit_seqno=3475847 nstreams_done_=369500 config.nstreams=1000000 avg_latency=0.5691 ms avg throuhgput (requests/sec) = 1029.9722 res=false
*==== INFO ====*  stream_id=1479996 latency=0.542665 ms (tx_ts=85106427202146, rx_ts=85106427744811) request_id=3479233 zil_blk_id=1479996 ccf_commit_seqno=3479233 nstreams_done_=370000 config.nstreams=1000000 avg_latency=0.5690 ms avg throuhgput (requests/sec) = 1029.9731 res=false
*==== INFO ====*  stream_id=1481996 latency=0.519242 ms (tx_ts=85106920021082, rx_ts=85106920540324) request_id=3482543 zil_blk_id=1481996 ccf_commit_seqno=3482543 nstreams_done_=370500 config.nstreams=1000000 avg_latency=0.5689 ms avg throuhgput (requests/sec) = 1029.9521 res=false
*==== INFO ====*  stream_id=1483996 latency=0.470851 ms (tx_ts=85107414634334, rx_ts=85107415105185) request_id=3486013 zil_blk_id=1483996 ccf_commit_seqno=3486013 nstreams_done_=371000 config.nstreams=1000000 avg_latency=0.5689 ms avg throuhgput (requests/sec) = 1029.9260 res=false
*==== INFO ====*  stream_id=1485996 latency=0.489556 ms (tx_ts=85107917918965, rx_ts=85107918408521) request_id=3489513 zil_blk_id=1485996 ccf_commit_seqno=3489513 nstreams_done_=371500 config.nstreams=1000000 avg_latency=0.5688 ms avg throuhgput (requests/sec) = 1029.8751 res=false
*==== INFO ====*  stream_id=1487996 latency=0.467625 ms (tx_ts=85108423140598, rx_ts=85108423608223) request_id=3493021 zil_blk_id=1487996 ccf_commit_seqno=3493021 nstreams_done_=372000 config.nstreams=1000000 avg_latency=0.5688 ms avg throuhgput (requests/sec) = 1029.8189 res=false
*==== INFO ====*  stream_id=1489996 latency=0.496438 ms (tx_ts=85108938712784, rx_ts=85108939209222) request_id=3496700 zil_blk_id=1489996 ccf_commit_seqno=3496700 nstreams_done_=372500 config.nstreams=1000000 avg_latency=0.5688 ms avg throuhgput (requests/sec) = 1029.7333 res=false
*==== INFO ====*  stream_id=1491996 latency=0.537405 ms (tx_ts=85109433117216, rx_ts=85109433654621) request_id=3500202 zil_blk_id=1491996 ccf_commit_seqno=3500202 nstreams_done_=373000 config.nstreams=1000000 avg_latency=0.5687 ms avg throuhgput (requests/sec) = 1029.7081 res=false
*==== INFO ====*  stream_id=1493996 latency=0.500567 ms (tx_ts=85109920951650, rx_ts=85109921452217) request_id=3503581 zil_blk_id=1493996 ccf_commit_seqno=3503581 nstreams_done_=373500 config.nstreams=1000000 avg_latency=0.5687 ms avg throuhgput (requests/sec) = 1029.7017 res=false
*==== INFO ====*  stream_id=1495996 latency=0.544789 ms (tx_ts=85110411583206, rx_ts=85110412127995) request_id=3507052 zil_blk_id=1495996 ccf_commit_seqno=3507052 nstreams_done_=374000 config.nstreams=1000000 avg_latency=0.5686 ms avg throuhgput (requests/sec) = 1029.6873 res=false
*==== INFO ====*  stream_id=1497996 latency=0.496959 ms (tx_ts=85110923535780, rx_ts=85110924032739) request_id=3510593 zil_blk_id=1497996 ccf_commit_seqno=3510593 nstreams_done_=374500 config.nstreams=1000000 avg_latency=0.5686 ms avg throuhgput (requests/sec) = 1029.6128 res=false
*==== INFO ====*  stream_id=1499996 latency=0.537445 ms (tx_ts=85111406355334, rx_ts=85111406892779) request_id=3514086 zil_blk_id=1499996 ccf_commit_seqno=3514086 nstreams_done_=375000 config.nstreams=1000000 avg_latency=0.5686 ms avg throuhgput (requests/sec) = 1029.6206 res=false
*==== INFO ====*  stream_id=1501996 latency=0.610592 ms (tx_ts=85111896654551, rx_ts=85111897265143) request_id=3517546 zil_blk_id=1501996 ccf_commit_seqno=3517547 nstreams_done_=375500 config.nstreams=1000000 avg_latency=0.5685 ms avg throuhgput (requests/sec) = 1029.6071 res=false
*==== INFO ====*  stream_id=1503996 latency=0.497716 ms (tx_ts=85112391017345, rx_ts=85112391515061) request_id=3520991 zil_blk_id=1503996 ccf_commit_seqno=3520991 nstreams_done_=376000 config.nstreams=1000000 avg_latency=0.5685 ms avg throuhgput (requests/sec) = 1029.5828 res=false
*==== INFO ====*  stream_id=1505996 latency=0.479177 ms (tx_ts=85112884718181, rx_ts=85112885197358) request_id=3524442 zil_blk_id=1505996 ccf_commit_seqno=3524442 nstreams_done_=376500 config.nstreams=1000000 avg_latency=0.5684 ms avg throuhgput (requests/sec) = 1029.5602 res=false
*==== INFO ====*  stream_id=1507996 latency=0.666336 ms (tx_ts=85113370184618, rx_ts=85113370850954) request_id=3527707 zil_blk_id=1507996 ccf_commit_seqno=3527708 nstreams_done_=377000 config.nstreams=1000000 avg_latency=0.5684 ms avg throuhgput (requests/sec) = 1029.5601 res=false
*==== INFO ====*  stream_id=1509996 latency=0.548966 ms (tx_ts=85113878254909, rx_ts=85113878803875) request_id=3531112 zil_blk_id=1509996 ccf_commit_seqno=3531113 nstreams_done_=377500 config.nstreams=1000000 avg_latency=0.5683 ms avg throuhgput (requests/sec) = 1029.4975 res=false
*==== INFO ====*  stream_id=1511996 latency=0.552894 ms (tx_ts=85114375472173, rx_ts=85114376025067) request_id=3534529 zil_blk_id=1511996 ccf_commit_seqno=3534529 nstreams_done_=378000 config.nstreams=1000000 avg_latency=0.5683 ms avg throuhgput (requests/sec) = 1029.4651 res=false
*==== INFO ====*  stream_id=1513996 latency=0.726329 ms (tx_ts=85114869922748, rx_ts=85114870649077) request_id=3537979 zil_blk_id=1513996 ccf_commit_seqno=3537979 nstreams_done_=378500 config.nstreams=1000000 avg_latency=0.5683 ms avg throuhgput (requests/sec) = 1029.4401 res=false
*==== INFO ====*  stream_id=1515996 latency=0.513531 ms (tx_ts=85115338624851, rx_ts=85115339138382) request_id=3541373 zil_blk_id=1515996 ccf_commit_seqno=3541373 nstreams_done_=379000 config.nstreams=1000000 avg_latency=0.5682 ms avg throuhgput (requests/sec) = 1029.4882 res=false
*==== INFO ====*  stream_id=1517996 latency=0.607476 ms (tx_ts=85115827716437, rx_ts=85115828323913) request_id=3544770 zil_blk_id=1517996 ccf_commit_seqno=3544771 nstreams_done_=379500 config.nstreams=1000000 avg_latency=0.5682 ms avg throuhgput (requests/sec) = 1029.4784 res=false
*==== INFO ====*  stream_id=1519996 latency=0.542655 ms (tx_ts=85116322560939, rx_ts=85116323103594) request_id=3548300 zil_blk_id=1519996 ccf_commit_seqno=3548301 nstreams_done_=380000 config.nstreams=1000000 avg_latency=0.5682 ms avg throuhgput (requests/sec) = 1029.4531 res=false
*==== INFO ====*  stream_id=1521996 latency=0.503702 ms (tx_ts=85116812874294, rx_ts=85116813377996) request_id=3551714 zil_blk_id=1521996 ccf_commit_seqno=3551714 nstreams_done_=380500 config.nstreams=1000000 avg_latency=0.5681 ms avg throuhgput (requests/sec) = 1029.4403 res=false
*==== INFO ====*  stream_id=1523996 latency=0.485688 ms (tx_ts=85117306080303, rx_ts=85117306565991) request_id=3555094 zil_blk_id=1523996 ccf_commit_seqno=3555094 nstreams_done_=381000 config.nstreams=1000000 avg_latency=0.5681 ms avg throuhgput (requests/sec) = 1029.4195 res=false
*==== INFO ====*  stream_id=1525996 latency=0.582789 ms (tx_ts=85117776929168, rx_ts=85117777511957) request_id=3558417 zil_blk_id=1525996 ccf_commit_seqno=3558418 nstreams_done_=381500 config.nstreams=1000000 avg_latency=0.5681 ms avg throuhgput (requests/sec) = 1029.4605 res=false
*==== INFO ====*  stream_id=1527996 latency=0.559055 ms (tx_ts=85118236771290, rx_ts=85118237330345) request_id=3561626 zil_blk_id=1527996 ccf_commit_seqno=3561626 nstreams_done_=382000 config.nstreams=1000000 avg_latency=0.5681 ms avg throuhgput (requests/sec) = 1029.5323 res=false
*==== INFO ====*  stream_id=1529996 latency=0.513229 ms (tx_ts=85118741155943, rx_ts=85118741669172) request_id=3564982 zil_blk_id=1529996 ccf_commit_seqno=3564982 nstreams_done_=382500 config.nstreams=1000000 avg_latency=0.5682 ms avg throuhgput (requests/sec) = 1029.4805 res=false
*==== INFO ====*  stream_id=1531996 latency=0.502870 ms (tx_ts=85119200283969, rx_ts=85119200786839) request_id=3568236 zil_blk_id=1531996 ccf_commit_seqno=3568236 nstreams_done_=383000 config.nstreams=1000000 avg_latency=0.5681 ms avg throuhgput (requests/sec) = 1029.5540 res=false
*==== INFO ====*  stream_id=1533996 latency=0.525873 ms (tx_ts=85119706266028, rx_ts=85119706791901) request_id=3571718 zil_blk_id=1533996 ccf_commit_seqno=3571718 nstreams_done_=383500 config.nstreams=1000000 avg_latency=0.5681 ms avg throuhgput (requests/sec) = 1029.4978 res=false
*==== INFO ====*  stream_id=1535996 latency=0.458868 ms (tx_ts=85120184531226, rx_ts=85120184990094) request_id=3575095 zil_blk_id=1535996 ccf_commit_seqno=3575095 nstreams_done_=384000 config.nstreams=1000000 avg_latency=0.5681 ms avg throuhgput (requests/sec) = 1029.5184 res=false
*==== INFO ====*  stream_id=1537996 latency=0.494254 ms (tx_ts=85120661705098, rx_ts=85120662199352) request_id=3578399 zil_blk_id=1537996 ccf_commit_seqno=3578399 nstreams_done_=384500 config.nstreams=1000000 avg_latency=0.5681 ms avg throuhgput (requests/sec) = 1029.5417 res=false
*==== INFO ====*  stream_id=1539996 latency=0.545529 ms (tx_ts=85121122340909, rx_ts=85121122886438) request_id=3581677 zil_blk_id=1539996 ccf_commit_seqno=3581677 nstreams_done_=385000 config.nstreams=1000000 avg_latency=0.5681 ms avg throuhgput (requests/sec) = 1029.6104 res=false
*==== INFO ====*  stream_id=1541996 latency=0.505806 ms (tx_ts=85121604570656, rx_ts=85121605076462) request_id=3585084 zil_blk_id=1541996 ccf_commit_seqno=3585084 nstreams_done_=385500 config.nstreams=1000000 avg_latency=0.5680 ms avg throuhgput (requests/sec) = 1029.6199 res=false
*==== INFO ====*  stream_id=1543996 latency=0.506527 ms (tx_ts=85122110731354, rx_ts=85122111237881) request_id=3588621 zil_blk_id=1543996 ccf_commit_seqno=3588621 nstreams_done_=386000 config.nstreams=1000000 avg_latency=0.5680 ms avg throuhgput (requests/sec) = 1029.5635 res=false
*==== INFO ====*  stream_id=1545996 latency=0.510725 ms (tx_ts=85122606260614, rx_ts=85122606771339) request_id=3591997 zil_blk_id=1545996 ccf_commit_seqno=3591997 nstreams_done_=386500 config.nstreams=1000000 avg_latency=0.5680 ms avg throuhgput (requests/sec) = 1029.5363 res=false
*==== INFO ====*  stream_id=1547996 latency=0.537726 ms (tx_ts=85123099801966, rx_ts=85123100339692) request_id=3595378 zil_blk_id=1547996 ccf_commit_seqno=3595378 nstreams_done_=387000 config.nstreams=1000000 avg_latency=0.5680 ms avg throuhgput (requests/sec) = 1029.5147 res=false
*==== INFO ====*  stream_id=1549996 latency=0.470510 ms (tx_ts=85123621968223, rx_ts=85123622438733) request_id=3598840 zil_blk_id=1549996 ccf_commit_seqno=3598840 nstreams_done_=387500 config.nstreams=1000000 avg_latency=0.5679 ms avg throuhgput (requests/sec) = 1029.4150 res=false
*==== INFO ====*  stream_id=1551996 latency=0.474267 ms (tx_ts=85124114448496, rx_ts=85124114922763) request_id=3602262 zil_blk_id=1551996 ccf_commit_seqno=3602262 nstreams_done_=388000 config.nstreams=1000000 avg_latency=0.5679 ms avg throuhgput (requests/sec) = 1029.3965 res=false
*==== INFO ====*  stream_id=1553996 latency=0.487972 ms (tx_ts=85124619607124, rx_ts=85124620095096) request_id=3605498 zil_blk_id=1553996 ccf_commit_seqno=3605498 nstreams_done_=388500 config.nstreams=1000000 avg_latency=0.5679 ms avg throuhgput (requests/sec) = 1029.3435 res=false
*==== INFO ====*  stream_id=1555996 latency=0.551080 ms (tx_ts=85125131182351, rx_ts=85125131733431) request_id=3608964 zil_blk_id=1555996 ccf_commit_seqno=3608964 nstreams_done_=389000 config.nstreams=1000000 avg_latency=0.5678 ms avg throuhgput (requests/sec) = 1029.2730 res=false
*==== INFO ====*  stream_id=1557996 latency=0.483805 ms (tx_ts=85125644826775, rx_ts=85125645310580) request_id=3612438 zil_blk_id=1557996 ccf_commit_seqno=3612438 nstreams_done_=389500 config.nstreams=1000000 avg_latency=0.5678 ms avg throuhgput (requests/sec) = 1029.1974 res=false
*==== INFO ====*  stream_id=1559996 latency=0.489135 ms (tx_ts=85126120397644, rx_ts=85126120886779) request_id=3615648 zil_blk_id=1559996 ccf_commit_seqno=3615648 nstreams_done_=390000 config.nstreams=1000000 avg_latency=0.5677 ms avg throuhgput (requests/sec) = 1029.2252 res=false
*==== INFO ====*  stream_id=1561996 latency=0.484356 ms (tx_ts=85126584619957, rx_ts=85126585104313) request_id=3618917 zil_blk_id=1561996 ccf_commit_seqno=3618917 nstreams_done_=390500 config.nstreams=1000000 avg_latency=0.5677 ms avg throuhgput (requests/sec) = 1029.2837 res=false
*==== INFO ====*  stream_id=1563996 latency=0.613708 ms (tx_ts=85127079996662, rx_ts=85127080610370) request_id=3622351 zil_blk_id=1563996 ccf_commit_seqno=3622351 nstreams_done_=391000 config.nstreams=1000000 avg_latency=0.5677 ms avg throuhgput (requests/sec) = 1029.2574 res=false
*==== INFO ====*  stream_id=1565996 latency=0.497350 ms (tx_ts=85127570050835, rx_ts=85127570548185) request_id=3625769 zil_blk_id=1565996 ccf_commit_seqno=3625769 nstreams_done_=391500 config.nstreams=1000000 avg_latency=0.5676 ms avg throuhgput (requests/sec) = 1029.2461 res=false
*==== INFO ====*  stream_id=1567996 latency=0.648714 ms (tx_ts=85128064677637, rx_ts=85128065326351) request_id=3629060 zil_blk_id=1567996 ccf_commit_seqno=3629060 nstreams_done_=392000 config.nstreams=1000000 avg_latency=0.5676 ms avg throuhgput (requests/sec) = 1029.2218 res=false
*==== INFO ====*  stream_id=1569996 latency=0.487712 ms (tx_ts=85128583337706, rx_ts=85128583825418) request_id=3632431 zil_blk_id=1569996 ccf_commit_seqno=3632431 nstreams_done_=392500 config.nstreams=1000000 avg_latency=0.5676 ms avg throuhgput (requests/sec) = 1029.1336 res=false
*==== INFO ====*  stream_id=1571996 latency=0.506708 ms (tx_ts=85129062864569, rx_ts=85129063371277) request_id=3635749 zil_blk_id=1571996 ccf_commit_seqno=3635750 nstreams_done_=393000 config.nstreams=1000000 avg_latency=0.5676 ms avg throuhgput (requests/sec) = 1029.1506 res=false
*==== INFO ====*  stream_id=1573996 latency=0.623487 ms (tx_ts=85129545217965, rx_ts=85129545841452) request_id=3639102 zil_blk_id=1573996 ccf_commit_seqno=3639103 nstreams_done_=393500 config.nstreams=1000000 avg_latency=0.5675 ms avg throuhgput (requests/sec) = 1029.1597 res=false
*==== INFO ====*  stream_id=1575996 latency=0.571169 ms (tx_ts=85130033281865, rx_ts=85130033853034) request_id=3642446 zil_blk_id=1575996 ccf_commit_seqno=3642446 nstreams_done_=394000 config.nstreams=1000000 avg_latency=0.5675 ms avg throuhgput (requests/sec) = 1029.1538 res=false
*==== INFO ====*  stream_id=1577996 latency=0.523649 ms (tx_ts=85130514726970, rx_ts=85130515250619) request_id=3645820 zil_blk_id=1577996 ccf_commit_seqno=3645820 nstreams_done_=394500 config.nstreams=1000000 avg_latency=0.5674 ms avg throuhgput (requests/sec) = 1029.1657 res=false
*==== INFO ====*  stream_id=1579996 latency=0.667348 ms (tx_ts=85130987934429, rx_ts=85130988601777) request_id=3649107 zil_blk_id=1579996 ccf_commit_seqno=3649108 nstreams_done_=395000 config.nstreams=1000000 avg_latency=0.5674 ms avg throuhgput (requests/sec) = 1029.1992 res=false
*==== INFO ====*  stream_id=1581996 latency=0.453929 ms (tx_ts=85131496781077, rx_ts=85131497235006) request_id=3652550 zil_blk_id=1581996 ccf_commit_seqno=3652550 nstreams_done_=395500 config.nstreams=1000000 avg_latency=0.5674 ms avg throuhgput (requests/sec) = 1029.1381 res=false
*==== INFO ====*  stream_id=1583996 latency=0.468486 ms (tx_ts=85131986579862, rx_ts=85131987048348) request_id=3655889 zil_blk_id=1583996 ccf_commit_seqno=3655889 nstreams_done_=396000 config.nstreams=1000000 avg_latency=0.5673 ms avg throuhgput (requests/sec) = 1029.1274 res=false
*==== INFO ====*  stream_id=1585996 latency=0.465080 ms (tx_ts=85132450403268, rx_ts=85132450868348) request_id=3659199 zil_blk_id=1585996 ccf_commit_seqno=3659199 nstreams_done_=396500 config.nstreams=1000000 avg_latency=0.5673 ms avg throuhgput (requests/sec) = 1029.1863 res=false
*==== INFO ====*  stream_id=1587996 latency=0.481861 ms (tx_ts=85132934131637, rx_ts=85132934613498) request_id=3662518 zil_blk_id=1587996 ccf_commit_seqno=3662518 nstreams_done_=397000 config.nstreams=1000000 avg_latency=0.5672 ms avg throuhgput (requests/sec) = 1029.1918 res=false
*==== INFO ====*  stream_id=1589996 latency=0.483444 ms (tx_ts=85133431846505, rx_ts=85133432329949) request_id=3665953 zil_blk_id=1589996 ccf_commit_seqno=3665954 nstreams_done_=397500 config.nstreams=1000000 avg_latency=0.5672 ms avg throuhgput (requests/sec) = 1029.1601 res=false
*==== INFO ====*  stream_id=1591996 latency=0.584483 ms (tx_ts=85133919287890, rx_ts=85133919872373) request_id=3669335 zil_blk_id=1591996 ccf_commit_seqno=3669336 nstreams_done_=398000 config.nstreams=1000000 avg_latency=0.5671 ms avg throuhgput (requests/sec) = 1029.1556 res=false
*==== INFO ====*  stream_id=1593996 latency=0.539649 ms (tx_ts=85134436158095, rx_ts=85134436697744) request_id=3672826 zil_blk_id=1593996 ccf_commit_seqno=3672827 nstreams_done_=398500 config.nstreams=1000000 avg_latency=0.5671 ms avg throuhgput (requests/sec) = 1029.0732 res=false
*==== INFO ====*  stream_id=1595996 latency=0.549508 ms (tx_ts=85134936765507, rx_ts=85134937315015) request_id=3676262 zil_blk_id=1595996 ccf_commit_seqno=3676262 nstreams_done_=399000 config.nstreams=1000000 avg_latency=0.5671 ms avg throuhgput (requests/sec) = 1029.0341 res=false
*==== INFO ====*  stream_id=1597996 latency=0.496738 ms (tx_ts=85135428423190, rx_ts=85135428919928) request_id=3679612 zil_blk_id=1597996 ccf_commit_seqno=3679612 nstreams_done_=399500 config.nstreams=1000000 avg_latency=0.5670 ms avg throuhgput (requests/sec) = 1029.0189 res=false
*==== INFO ====*  stream_id=1599996 latency=0.454500 ms (tx_ts=85135901470383, rx_ts=85135901924883) request_id=3682953 zil_blk_id=1599996 ccf_commit_seqno=3682953 nstreams_done_=400000 config.nstreams=1000000 avg_latency=0.5670 ms avg throuhgput (requests/sec) = 1029.0531 res=false
*==== INFO ====*  stream_id=1601996 latency=0.463337 ms (tx_ts=85136373764477, rx_ts=85136374227814) request_id=3686335 zil_blk_id=1601996 ccf_commit_seqno=3686335 nstreams_done_=400500 config.nstreams=1000000 avg_latency=0.5669 ms avg throuhgput (requests/sec) = 1029.0890 res=false
*==== INFO ====*  stream_id=1603996 latency=0.490107 ms (tx_ts=85136855312740, rx_ts=85136855802847) request_id=3689757 zil_blk_id=1603996 ccf_commit_seqno=3689757 nstreams_done_=401000 config.nstreams=1000000 avg_latency=0.5669 ms avg throuhgput (requests/sec) = 1029.1003 res=false
*==== INFO ====*  stream_id=1605996 latency=0.508110 ms (tx_ts=85137343657785, rx_ts=85137344165895) request_id=3693192 zil_blk_id=1605996 ccf_commit_seqno=3693193 nstreams_done_=401500 config.nstreams=1000000 avg_latency=0.5668 ms avg throuhgput (requests/sec) = 1029.0937 res=false
*==== INFO ====*  stream_id=1607996 latency=0.537165 ms (tx_ts=85137850810886, rx_ts=85137851348051) request_id=3696695 zil_blk_id=1607996 ccf_commit_seqno=3696695 nstreams_done_=402000 config.nstreams=1000000 avg_latency=0.5668 ms avg throuhgput (requests/sec) = 1029.0376 res=false
*==== INFO ====*  stream_id=1609996 latency=0.535041 ms (tx_ts=85138359447921, rx_ts=85138359982962) request_id=3700173 zil_blk_id=1609996 ccf_commit_seqno=3700173 nstreams_done_=402500 config.nstreams=1000000 avg_latency=0.5668 ms avg throuhgput (requests/sec) = 1028.9777 res=false
*==== INFO ====*  stream_id=1611996 latency=0.495306 ms (tx_ts=85138860503401, rx_ts=85138860998707) request_id=3703641 zil_blk_id=1611996 ccf_commit_seqno=3703642 nstreams_done_=403000 config.nstreams=1000000 avg_latency=0.5667 ms avg throuhgput (requests/sec) = 1028.9381 res=false
*==== INFO ====*  stream_id=1613996 latency=0.518039 ms (tx_ts=85139371523859, rx_ts=85139372041898) request_id=3707140 zil_blk_id=1613996 ccf_commit_seqno=3707140 nstreams_done_=403500 config.nstreams=1000000 avg_latency=0.5667 ms avg throuhgput (requests/sec) = 1028.8722 res=false
*==== INFO ====*  stream_id=1615996 latency=0.496388 ms (tx_ts=85139864345146, rx_ts=85139864841534) request_id=3710551 zil_blk_id=1615996 ccf_commit_seqno=3710551 nstreams_done_=404000 config.nstreams=1000000 avg_latency=0.5667 ms avg throuhgput (requests/sec) = 1028.8543 res=false
*==== INFO ====*  stream_id=1617996 latency=0.574965 ms (tx_ts=85140362079204, rx_ts=85140362654169) request_id=3714052 zil_blk_id=1617996 ccf_commit_seqno=3714053 nstreams_done_=404500 config.nstreams=1000000 avg_latency=0.5666 ms avg throuhgput (requests/sec) = 1028.8233 res=false
*==== INFO ====*  stream_id=1619996 latency=0.522076 ms (tx_ts=85140858767500, rx_ts=85140859289576) request_id=3717601 zil_blk_id=1619996 ccf_commit_seqno=3717601 nstreams_done_=405000 config.nstreams=1000000 avg_latency=0.5666 ms avg throuhgput (requests/sec) = 1028.7955 res=false
*==== INFO ====*  stream_id=1621996 latency=0.453217 ms (tx_ts=85141372347221, rx_ts=85141372800438) request_id=3721193 zil_blk_id=1621996 ccf_commit_seqno=3721193 nstreams_done_=405500 config.nstreams=1000000 avg_latency=0.5665 ms avg throuhgput (requests/sec) = 1028.7237 res=false
*==== INFO ====*  stream_id=1623996 latency=0.508060 ms (tx_ts=85141874981641, rx_ts=85141875489701) request_id=3724675 zil_blk_id=1623996 ccf_commit_seqno=3724675 nstreams_done_=406000 config.nstreams=1000000 avg_latency=0.5665 ms avg throuhgput (requests/sec) = 1028.6803 res=false
*==== INFO ====*  stream_id=1625996 latency=0.516376 ms (tx_ts=85142330298937, rx_ts=85142330815313) request_id=3727911 zil_blk_id=1625996 ccf_commit_seqno=3727911 nstreams_done_=406500 config.nstreams=1000000 avg_latency=0.5665 ms avg throuhgput (requests/sec) = 1028.7603 res=false
*==== INFO ====*  stream_id=1627996 latency=0.505745 ms (tx_ts=85142823631137, rx_ts=85142824136882) request_id=3731361 zil_blk_id=1627996 ccf_commit_seqno=3731361 nstreams_done_=407000 config.nstreams=1000000 avg_latency=0.5664 ms avg throuhgput (requests/sec) = 1028.7414 res=false
*==== INFO ====*  stream_id=1629996 latency=0.550099 ms (tx_ts=85143313199090, rx_ts=85143313749189) request_id=3734830 zil_blk_id=1629996 ccf_commit_seqno=3734830 nstreams_done_=407500 config.nstreams=1000000 avg_latency=0.5664 ms avg throuhgput (requests/sec) = 1028.7321 res=false
*==== INFO ====*  stream_id=1631996 latency=0.604611 ms (tx_ts=85143818367464, rx_ts=85143818972075) request_id=3738331 zil_blk_id=1631996 ccf_commit_seqno=3738332 nstreams_done_=408000 config.nstreams=1000000 avg_latency=0.5664 ms avg throuhgput (requests/sec) = 1028.6823 res=false
*==== INFO ====*  stream_id=1633996 latency=0.484195 ms (tx_ts=85144284060219, rx_ts=85144284544414) request_id=3741592 zil_blk_id=1633996 ccf_commit_seqno=3741592 nstreams_done_=408500 config.nstreams=1000000 avg_latency=0.5664 ms avg throuhgput (requests/sec) = 1028.7354 res=false
*==== INFO ====*  stream_id=1635996 latency=0.462766 ms (tx_ts=85144743776919, rx_ts=85144744239685) request_id=3744809 zil_blk_id=1635996 ccf_commit_seqno=3744809 nstreams_done_=409000 config.nstreams=1000000 avg_latency=0.5663 ms avg throuhgput (requests/sec) = 1028.8035 res=false
*==== INFO ====*  stream_id=1637996 latency=0.539098 ms (tx_ts=85145226971681, rx_ts=85145227510779) request_id=3748201 zil_blk_id=1637996 ccf_commit_seqno=3748201 nstreams_done_=409500 config.nstreams=1000000 avg_latency=0.5663 ms avg throuhgput (requests/sec) = 1028.8106 res=false
*==== INFO ====*  stream_id=1639996 latency=0.550039 ms (tx_ts=85145712343198, rx_ts=85145712893237) request_id=3751496 zil_blk_id=1639996 ccf_commit_seqno=3751496 nstreams_done_=410000 config.nstreams=1000000 avg_latency=0.5663 ms avg throuhgput (requests/sec) = 1028.8122 res=false
*==== INFO ====*  stream_id=1641996 latency=0.484787 ms (tx_ts=85146172509452, rx_ts=85146172994239) request_id=3754799 zil_blk_id=1641996 ccf_commit_seqno=3754799 nstreams_done_=410500 config.nstreams=1000000 avg_latency=0.5662 ms avg throuhgput (requests/sec) = 1028.8789 res=false
*==== INFO ====*  stream_id=1643996 latency=0.545049 ms (tx_ts=85146643425465, rx_ts=85146643970514) request_id=3758131 zil_blk_id=1643996 ccf_commit_seqno=3758131 nstreams_done_=411000 config.nstreams=1000000 avg_latency=0.5661 ms avg throuhgput (requests/sec) = 1028.9176 res=false
*==== INFO ====*  stream_id=1645996 latency=0.503291 ms (tx_ts=85147128540007, rx_ts=85147129043298) request_id=3761583 zil_blk_id=1645996 ccf_commit_seqno=3761583 nstreams_done_=411500 config.nstreams=1000000 avg_latency=0.5661 ms avg throuhgput (requests/sec) = 1028.9198 res=false
*==== INFO ====*  stream_id=1647996 latency=0.540241 ms (tx_ts=85147615771292, rx_ts=85147616311533) request_id=3764883 zil_blk_id=1647996 ccf_commit_seqno=3764883 nstreams_done_=412000 config.nstreams=1000000 avg_latency=0.5661 ms avg throuhgput (requests/sec) = 1028.9164 res=false
*==== INFO ====*  stream_id=1649996 latency=0.580987 ms (tx_ts=85148082129643, rx_ts=85148082710630) request_id=3768153 zil_blk_id=1649996 ccf_commit_seqno=3768153 nstreams_done_=412500 config.nstreams=1000000 avg_latency=0.5660 ms avg throuhgput (requests/sec) = 1028.9666 res=false
*==== INFO ====*  stream_id=1651996 latency=0.483925 ms (tx_ts=85148557219591, rx_ts=85148557703516) request_id=3771509 zil_blk_id=1651996 ccf_commit_seqno=3771509 nstreams_done_=413000 config.nstreams=1000000 avg_latency=0.5660 ms avg throuhgput (requests/sec) = 1028.9946 res=false
*==== INFO ====*  stream_id=1653996 latency=0.494845 ms (tx_ts=85149011662347, rx_ts=85149012157192) request_id=3774750 zil_blk_id=1653996 ccf_commit_seqno=3774750 nstreams_done_=413500 config.nstreams=1000000 avg_latency=0.5660 ms avg throuhgput (requests/sec) = 1029.0752 res=false
*==== INFO ====*  stream_id=1655996 latency=0.515828 ms (tx_ts=85149452538677, rx_ts=85149453054505) request_id=3777909 zil_blk_id=1655996 ccf_commit_seqno=3777909 nstreams_done_=414000 config.nstreams=1000000 avg_latency=0.5659 ms avg throuhgput (requests/sec) = 1029.1902 res=false
*==== INFO ====*  stream_id=1657996 latency=0.519131 ms (tx_ts=85149890354117, rx_ts=85149890873248) request_id=3781051 zil_blk_id=1657996 ccf_commit_seqno=3781051 nstreams_done_=414500 config.nstreams=1000000 avg_latency=0.5659 ms avg throuhgput (requests/sec) = 1029.3129 res=false
*==== INFO ====*  stream_id=1659996 latency=0.484796 ms (tx_ts=85150346151525, rx_ts=85150346636321) request_id=3784294 zil_blk_id=1659996 ccf_commit_seqno=3784294 nstreams_done_=415000 config.nstreams=1000000 avg_latency=0.5659 ms avg throuhgput (requests/sec) = 1029.3895 res=false
*==== INFO ====*  stream_id=1661996 latency=0.460091 ms (tx_ts=85150774877148, rx_ts=85150775337239) request_id=3787410 zil_blk_id=1661996 ccf_commit_seqno=3787410 nstreams_done_=415500 config.nstreams=1000000 avg_latency=0.5659 ms avg throuhgput (requests/sec) = 1029.5349 res=false
*==== INFO ====*  stream_id=1663996 latency=0.622725 ms (tx_ts=85151228355746, rx_ts=85151228978471) request_id=3790667 zil_blk_id=1663996 ccf_commit_seqno=3790667 nstreams_done_=416000 config.nstreams=1000000 avg_latency=0.5658 ms avg throuhgput (requests/sec) = 1029.6165 res=false
*==== INFO ====*  stream_id=1665996 latency=0.549278 ms (tx_ts=85151689686503, rx_ts=85151690235781) request_id=3793848 zil_blk_id=1665996 ccf_commit_seqno=3793848 nstreams_done_=416500 config.nstreams=1000000 avg_latency=0.5658 ms avg throuhgput (requests/sec) = 1029.6785 res=false
*==== INFO ====*  stream_id=1667996 latency=0.574044 ms (tx_ts=85152146981798, rx_ts=85152147555842) request_id=3797016 zil_blk_id=1667996 ccf_commit_seqno=3797016 nstreams_done_=417000 config.nstreams=1000000 avg_latency=0.5658 ms avg throuhgput (requests/sec) = 1029.7504 res=false
*==== INFO ====*  stream_id=1669996 latency=0.743524 ms (tx_ts=85152604332527, rx_ts=85152605076051) request_id=3800193 zil_blk_id=1669996 ccf_commit_seqno=3800194 nstreams_done_=417500 config.nstreams=1000000 avg_latency=0.5658 ms avg throuhgput (requests/sec) = 1029.8216 res=false
*==== INFO ====*  stream_id=1671996 latency=0.578682 ms (tx_ts=85153070583497, rx_ts=85153071162179) request_id=3803427 zil_blk_id=1671996 ccf_commit_seqno=3803427 nstreams_done_=418000 config.nstreams=1000000 avg_latency=0.5658 ms avg throuhgput (requests/sec) = 1029.8709 res=false
*==== INFO ====*  stream_id=1673996 latency=0.509854 ms (tx_ts=85153536850628, rx_ts=85153537360482) request_id=3806664 zil_blk_id=1673996 ccf_commit_seqno=3806664 nstreams_done_=418500 config.nstreams=1000000 avg_latency=0.5658 ms avg throuhgput (requests/sec) = 1029.9198 res=false
*==== INFO ====*  stream_id=1675996 latency=0.552493 ms (tx_ts=85154009744210, rx_ts=85154010296703) request_id=3809906 zil_blk_id=1675996 ccf_commit_seqno=3809906 nstreams_done_=419000 config.nstreams=1000000 avg_latency=0.5658 ms avg throuhgput (requests/sec) = 1029.9516 res=false
*==== INFO ====*  stream_id=1677996 latency=0.542584 ms (tx_ts=85154502755893, rx_ts=85154503298477) request_id=3813248 zil_blk_id=1677996 ccf_commit_seqno=3813248 nstreams_done_=419500 config.nstreams=1000000 avg_latency=0.5658 ms avg throuhgput (requests/sec) = 1029.9325 res=false
*==== INFO ====*  stream_id=1679996 latency=0.502259 ms (tx_ts=85154983904139, rx_ts=85154984406398) request_id=3816431 zil_blk_id=1679996 ccf_commit_seqno=3816431 nstreams_done_=420000 config.nstreams=1000000 avg_latency=0.5658 ms avg throuhgput (requests/sec) = 1029.9435 res=false
*==== INFO ====*  stream_id=1681996 latency=0.549724 ms (tx_ts=85155486903997, rx_ts=85155487453721) request_id=3819689 zil_blk_id=1681996 ccf_commit_seqno=3819689 nstreams_done_=420500 config.nstreams=1000000 avg_latency=0.5658 ms avg throuhgput (requests/sec) = 1029.8992 res=false
*==== INFO ====*  stream_id=1683996 latency=0.510375 ms (tx_ts=85155988221106, rx_ts=85155988731481) request_id=3822953 zil_blk_id=1683996 ccf_commit_seqno=3822953 nstreams_done_=421000 config.nstreams=1000000 avg_latency=0.5658 ms avg throuhgput (requests/sec) = 1029.8594 res=false
*==== INFO ====*  stream_id=1685996 latency=0.512269 ms (tx_ts=85156461218076, rx_ts=85156461730345) request_id=3826211 zil_blk_id=1685996 ccf_commit_seqno=3826211 nstreams_done_=421500 config.nstreams=1000000 avg_latency=0.5658 ms avg throuhgput (requests/sec) = 1029.8908 res=false
*==== INFO ====*  stream_id=1687996 latency=0.505876 ms (tx_ts=85156967712784, rx_ts=85156968218660) request_id=3829455 zil_blk_id=1687996 ccf_commit_seqno=3829455 nstreams_done_=422000 config.nstreams=1000000 avg_latency=0.5658 ms avg throuhgput (requests/sec) = 1029.8381 res=false
*==== INFO ====*  stream_id=1689996 latency=0.493974 ms (tx_ts=85157506525674, rx_ts=85157507019648) request_id=3832947 zil_blk_id=1689996 ccf_commit_seqno=3832947 nstreams_done_=422500 config.nstreams=1000000 avg_latency=0.5658 ms avg throuhgput (requests/sec) = 1029.7043 res=false
*==== INFO ====*  stream_id=1691996 latency=0.518139 ms (tx_ts=85157981104074, rx_ts=85157981622213) request_id=3836185 zil_blk_id=1691996 ccf_commit_seqno=3836185 nstreams_done_=423000 config.nstreams=1000000 avg_latency=0.5658 ms avg throuhgput (requests/sec) = 1029.7318 res=false
*==== INFO ====*  stream_id=1693996 latency=0.565508 ms (tx_ts=85158460826339, rx_ts=85158461391847) request_id=3839470 zil_blk_id=1693996 ccf_commit_seqno=3839470 nstreams_done_=423500 config.nstreams=1000000 avg_latency=0.5658 ms avg throuhgput (requests/sec) = 1029.7463 res=false
*==== INFO ====*  stream_id=1695996 latency=0.629858 ms (tx_ts=85158943707133, rx_ts=85158944336991) request_id=3842839 zil_blk_id=1695996 ccf_commit_seqno=3842839 nstreams_done_=424000 config.nstreams=1000000 avg_latency=0.5658 ms avg throuhgput (requests/sec) = 1029.7529 res=false
*==== INFO ====*  stream_id=1697996 latency=0.513440 ms (tx_ts=85159434406959, rx_ts=85159434920399) request_id=3846154 zil_blk_id=1697996 ccf_commit_seqno=3846154 nstreams_done_=424500 config.nstreams=1000000 avg_latency=0.5658 ms avg throuhgput (requests/sec) = 1029.7403 res=false
*==== INFO ====*  stream_id=1699996 latency=0.638567 ms (tx_ts=85159933415656, rx_ts=85159934054223) request_id=3849542 zil_blk_id=1699996 ccf_commit_seqno=3849542 nstreams_done_=425000 config.nstreams=1000000 avg_latency=0.5658 ms avg throuhgput (requests/sec) = 1029.7064 res=false
*==== INFO ====*  stream_id=1701996 latency=0.511687 ms (tx_ts=85160388648744, rx_ts=85160389160431) request_id=3852688 zil_blk_id=1701996 ccf_commit_seqno=3852688 nstreams_done_=425500 config.nstreams=1000000 avg_latency=0.5658 ms avg throuhgput (requests/sec) = 1029.7824 res=false
*==== INFO ====*  stream_id=1703996 latency=0.513690 ms (tx_ts=85160848248956, rx_ts=85160848762646) request_id=3855920 zil_blk_id=1703996 ccf_commit_seqno=3855920 nstreams_done_=426000 config.nstreams=1000000 avg_latency=0.5658 ms avg throuhgput (requests/sec) = 1029.8469 res=false
*==== INFO ====*  stream_id=1705996 latency=0.469718 ms (tx_ts=85161344522165, rx_ts=85161344991883) request_id=3859250 zil_blk_id=1705996 ccf_commit_seqno=3859250 nstreams_done_=426500 config.nstreams=1000000 avg_latency=0.5658 ms avg throuhgput (requests/sec) = 1029.8203 res=false
*==== INFO ====*  stream_id=1707996 latency=0.520223 ms (tx_ts=85161841952325, rx_ts=85161842472548) request_id=3862498 zil_blk_id=1707996 ccf_commit_seqno=3862498 nstreams_done_=427000 config.nstreams=1000000 avg_latency=0.5658 ms avg throuhgput (requests/sec) = 1029.7906 res=false
*==== INFO ====*  stream_id=1709996 latency=0.497581 ms (tx_ts=85162311537585, rx_ts=85162312035166) request_id=3865668 zil_blk_id=1709996 ccf_commit_seqno=3865668 nstreams_done_=427500 config.nstreams=1000000 avg_latency=0.5657 ms avg throuhgput (requests/sec) = 1029.8302 res=false
*==== INFO ====*  stream_id=1711996 latency=0.476751 ms (tx_ts=85162778932060, rx_ts=85162779408811) request_id=3868860 zil_blk_id=1711996 ccf_commit_seqno=3868860 nstreams_done_=428000 config.nstreams=1000000 avg_latency=0.5657 ms avg throuhgput (requests/sec) = 1029.8752 res=false
*==== INFO ====*  stream_id=1713996 latency=0.492782 ms (tx_ts=85163223028048, rx_ts=85163223520830) request_id=3871999 zil_blk_id=1713996 ccf_commit_seqno=3871999 nstreams_done_=428500 config.nstreams=1000000 avg_latency=0.5657 ms avg throuhgput (requests/sec) = 1029.9776 res=false
*==== INFO ====*  stream_id=1715996 latency=0.537802 ms (tx_ts=85163675586591, rx_ts=85163676124393) request_id=3875219 zil_blk_id=1715996 ccf_commit_seqno=3875219 nstreams_done_=429000 config.nstreams=1000000 avg_latency=0.5656 ms avg throuhgput (requests/sec) = 1030.0588 res=false
*==== INFO ====*  stream_id=1717996 latency=0.474558 ms (tx_ts=85164198800736, rx_ts=85164199275294) request_id=3878664 zil_blk_id=1717996 ccf_commit_seqno=3878664 nstreams_done_=429500 config.nstreams=1000000 avg_latency=0.5656 ms avg throuhgput (requests/sec) = 1029.9656 res=false
*==== INFO ====*  stream_id=1719996 latency=0.492892 ms (tx_ts=85164648039105, rx_ts=85164648531997) request_id=3881862 zil_blk_id=1719996 ccf_commit_seqno=3881862 nstreams_done_=430000 config.nstreams=1000000 avg_latency=0.5656 ms avg throuhgput (requests/sec) = 1030.0549 res=false
*==== INFO ====*  stream_id=1721996 latency=0.575196 ms (tx_ts=85165105270904, rx_ts=85165105846100) request_id=3885060 zil_blk_id=1721996 ccf_commit_seqno=3885061 nstreams_done_=430500 config.nstreams=1000000 avg_latency=0.5655 ms avg throuhgput (requests/sec) = 1030.1242 res=false
*==== INFO ====*  stream_id=1723996 latency=0.586717 ms (tx_ts=85165589218708, rx_ts=85165589805425) request_id=3888298 zil_blk_id=1723996 ccf_commit_seqno=3888298 nstreams_done_=431000 config.nstreams=1000000 avg_latency=0.5655 ms avg throuhgput (requests/sec) = 1030.1277 res=false
*==== INFO ====*  stream_id=1725996 latency=0.483444 ms (tx_ts=85166046358393, rx_ts=85166046841837) request_id=3891470 zil_blk_id=1725996 ccf_commit_seqno=3891470 nstreams_done_=431500 config.nstreams=1000000 avg_latency=0.5655 ms avg throuhgput (requests/sec) = 1030.1974 res=false
*==== INFO ====*  stream_id=1727996 latency=0.526254 ms (tx_ts=85166531161516, rx_ts=85166531687770) request_id=3894747 zil_blk_id=1727996 ccf_commit_seqno=3894748 nstreams_done_=432000 config.nstreams=1000000 avg_latency=0.5655 ms avg throuhgput (requests/sec) = 1030.1986 res=false
*==== INFO ====*  stream_id=1729996 latency=0.527907 ms (tx_ts=85166987958498, rx_ts=85166988486405) request_id=3897824 zil_blk_id=1729996 ccf_commit_seqno=3897824 nstreams_done_=432500 config.nstreams=1000000 avg_latency=0.5654 ms avg throuhgput (requests/sec) = 1030.2686 res=false
*==== INFO ====*  stream_id=1731996 latency=0.524725 ms (tx_ts=85167431971314, rx_ts=85167432496039) request_id=3900900 zil_blk_id=1731996 ccf_commit_seqno=3900900 nstreams_done_=433000 config.nstreams=1000000 avg_latency=0.5654 ms avg throuhgput (requests/sec) = 1030.3699 res=false
*==== INFO ====*  stream_id=1733996 latency=0.536143 ms (tx_ts=85167927048991, rx_ts=85167927585134) request_id=3904260 zil_blk_id=1733996 ccf_commit_seqno=3904260 nstreams_done_=433500 config.nstreams=1000000 avg_latency=0.5654 ms avg throuhgput (requests/sec) = 1030.3458 res=false
*==== INFO ====*  stream_id=1735996 latency=0.519542 ms (tx_ts=85168370326235, rx_ts=85168370845777) request_id=3907397 zil_blk_id=1735996 ccf_commit_seqno=3907397 nstreams_done_=434000 config.nstreams=1000000 avg_latency=0.5654 ms avg throuhgput (requests/sec) = 1030.4486 res=false
*==== INFO ====*  stream_id=1737996 latency=0.510345 ms (tx_ts=85168811101407, rx_ts=85168811611752) request_id=3910554 zil_blk_id=1737996 ccf_commit_seqno=3910554 nstreams_done_=434500 config.nstreams=1000000 avg_latency=0.5654 ms avg throuhgput (requests/sec) = 1030.5573 res=false
*==== INFO ====*  stream_id=1739996 latency=0.472994 ms (tx_ts=85169281252455, rx_ts=85169281725449) request_id=3913783 zil_blk_id=1739996 ccf_commit_seqno=3913783 nstreams_done_=435000 config.nstreams=1000000 avg_latency=0.5654 ms avg throuhgput (requests/sec) = 1030.5940 res=false
*==== INFO ====*  stream_id=1741996 latency=0.518149 ms (tx_ts=85169736254807, rx_ts=85169736772956) request_id=3916897 zil_blk_id=1741996 ccf_commit_seqno=3916897 nstreams_done_=435500 config.nstreams=1000000 avg_latency=0.5654 ms avg throuhgput (requests/sec) = 1030.6675 res=false
*==== INFO ====*  stream_id=1743996 latency=0.592929 ms (tx_ts=85170189736869, rx_ts=85170190329798) request_id=3920100 zil_blk_id=1743996 ccf_commit_seqno=3920100 nstreams_done_=436000 config.nstreams=1000000 avg_latency=0.5654 ms avg throuhgput (requests/sec) = 1030.7444 res=false
*==== INFO ====*  stream_id=1745996 latency=0.478675 ms (tx_ts=85170660244595, rx_ts=85170660723270) request_id=3923386 zil_blk_id=1745996 ccf_commit_seqno=3923386 nstreams_done_=436500 config.nstreams=1000000 avg_latency=0.5654 ms avg throuhgput (requests/sec) = 1030.7801 res=false
*==== INFO ====*  stream_id=1747996 latency=0.571429 ms (tx_ts=85171134962017, rx_ts=85171135533446) request_id=3926688 zil_blk_id=1747996 ccf_commit_seqno=3926688 nstreams_done_=437000 config.nstreams=1000000 avg_latency=0.5654 ms avg throuhgput (requests/sec) = 1030.8051 res=false
*==== INFO ====*  stream_id=1749996 latency=0.524587 ms (tx_ts=85171600243406, rx_ts=85171600767993) request_id=3929915 zil_blk_id=1749996 ccf_commit_seqno=3929915 nstreams_done_=437500 config.nstreams=1000000 avg_latency=0.5653 ms avg throuhgput (requests/sec) = 1030.8532 res=false
*==== INFO ====*  stream_id=1751996 latency=0.716100 ms (tx_ts=85172108016914, rx_ts=85172108733014) request_id=3933265 zil_blk_id=1751996 ccf_commit_seqno=3933265 nstreams_done_=438000 config.nstreams=1000000 avg_latency=0.5654 ms avg throuhgput (requests/sec) = 1030.7976 res=false
*==== INFO ====*  stream_id=1753996 latency=0.508561 ms (tx_ts=85172603167730, rx_ts=85172603676291) request_id=3936590 zil_blk_id=1753996 ccf_commit_seqno=3936590 nstreams_done_=438500 config.nstreams=1000000 avg_latency=0.5654 ms avg throuhgput (requests/sec) = 1030.7737 res=false
*==== INFO ====*  stream_id=1755996 latency=0.516726 ms (tx_ts=85173099410131, rx_ts=85173099926857) request_id=3940024 zil_blk_id=1755996 ccf_commit_seqno=3940024 nstreams_done_=439000 config.nstreams=1000000 avg_latency=0.5654 ms avg throuhgput (requests/sec) = 1030.7466 res=false
*==== INFO ====*  stream_id=1757996 latency=0.520357 ms (tx_ts=85173579094672, rx_ts=85173579615029) request_id=3943329 zil_blk_id=1757996 ccf_commit_seqno=3943329 nstreams_done_=439500 config.nstreams=1000000 avg_latency=0.5654 ms avg throuhgput (requests/sec) = 1030.7597 res=false
*==== INFO ====*  stream_id=1759996 latency=0.526726 ms (tx_ts=85174053283030, rx_ts=85174053809756) request_id=3946553 zil_blk_id=1759996 ccf_commit_seqno=3946553 nstreams_done_=440000 config.nstreams=1000000 avg_latency=0.5654 ms avg throuhgput (requests/sec) = 1030.7859 res=false
*==== INFO ====*  stream_id=1761996 latency=0.494876 ms (tx_ts=85174527052567, rx_ts=85174527547443) request_id=3949828 zil_blk_id=1761996 ccf_commit_seqno=3949828 nstreams_done_=440500 config.nstreams=1000000 avg_latency=0.5653 ms avg throuhgput (requests/sec) = 1030.8133 res=false
*==== INFO ====*  stream_id=1763996 latency=0.509443 ms (tx_ts=85175013827023, rx_ts=85175014336466) request_id=3953051 zil_blk_id=1763996 ccf_commit_seqno=3953051 nstreams_done_=441000 config.nstreams=1000000 avg_latency=0.5653 ms avg throuhgput (requests/sec) = 1030.8091 res=false
*==== INFO ====*  stream_id=1765996 latency=0.652741 ms (tx_ts=85175481386740, rx_ts=85175482039481) request_id=3956295 zil_blk_id=1765996 ccf_commit_seqno=3956297 nstreams_done_=441500 config.nstreams=1000000 avg_latency=0.5653 ms avg throuhgput (requests/sec) = 1030.8509 res=false
*==== INFO ====*  stream_id=1767996 latency=0.547784 ms (tx_ts=85175946726545, rx_ts=85175947274329) request_id=3959552 zil_blk_id=1767996 ccf_commit_seqno=3959552 nstreams_done_=442000 config.nstreams=1000000 avg_latency=0.5653 ms avg throuhgput (requests/sec) = 1030.8985 res=false
*==== INFO ====*  stream_id=1769996 latency=0.586467 ms (tx_ts=85176420945637, rx_ts=85176421532104) request_id=3962915 zil_blk_id=1769996 ccf_commit_seqno=3962915 nstreams_done_=442500 config.nstreams=1000000 avg_latency=0.5652 ms avg throuhgput (requests/sec) = 1030.9243 res=false
*==== INFO ====*  stream_id=1771996 latency=0.552163 ms (tx_ts=85176893818976, rx_ts=85176894371139) request_id=3966228 zil_blk_id=1771996 ccf_commit_seqno=3966228 nstreams_done_=443000 config.nstreams=1000000 avg_latency=0.5652 ms avg throuhgput (requests/sec) = 1030.9535 res=false
*==== INFO ====*  stream_id=1773996 latency=0.484777 ms (tx_ts=85177360774927, rx_ts=85177361259704) request_id=3969546 zil_blk_id=1773996 ccf_commit_seqno=3969546 nstreams_done_=443500 config.nstreams=1000000 avg_latency=0.5651 ms avg throuhgput (requests/sec) = 1030.9969 res=false
*==== INFO ====*  stream_id=1775996 latency=0.525462 ms (tx_ts=85177834994754, rx_ts=85177835520216) request_id=3972916 zil_blk_id=1775996 ccf_commit_seqno=3972916 nstreams_done_=444000 config.nstreams=1000000 avg_latency=0.5651 ms avg throuhgput (requests/sec) = 1031.0225 res=false
*==== INFO ====*  stream_id=1777996 latency=0.498553 ms (tx_ts=85178313535669, rx_ts=85178314034222) request_id=3976322 zil_blk_id=1777996 ccf_commit_seqno=3976322 nstreams_done_=444500 config.nstreams=1000000 avg_latency=0.5651 ms avg throuhgput (requests/sec) = 1031.0379 res=false
*==== INFO ====*  stream_id=1779996 latency=0.529140 ms (tx_ts=85178797997089, rx_ts=85178798526229) request_id=3979763 zil_blk_id=1779996 ccf_commit_seqno=3979763 nstreams_done_=445000 config.nstreams=1000000 avg_latency=0.5650 ms avg throuhgput (requests/sec) = 1031.0390 res=false
*==== INFO ====*  stream_id=1781996 latency=0.486850 ms (tx_ts=85179308468973, rx_ts=85179308955823) request_id=3983307 zil_blk_id=1781996 ccf_commit_seqno=3983307 nstreams_done_=445500 config.nstreams=1000000 avg_latency=0.5650 ms avg throuhgput (requests/sec) = 1030.9782 res=false
*==== INFO ====*  stream_id=1783996 latency=0.488854 ms (tx_ts=85179801551267, rx_ts=85179802040121) request_id=3986762 zil_blk_id=1783996 ccf_commit_seqno=3986762 nstreams_done_=446000 config.nstreams=1000000 avg_latency=0.5650 ms avg throuhgput (requests/sec) = 1030.9589 res=false
*==== INFO ====*  stream_id=1785996 latency=0.574385 ms (tx_ts=85180313229873, rx_ts=85180313804258) request_id=3990356 zil_blk_id=1785996 ccf_commit_seqno=3990357 nstreams_done_=446500 config.nstreams=1000000 avg_latency=0.5649 ms avg throuhgput (requests/sec) = 1030.8951 res=false
*==== INFO ====*  stream_id=1787996 latency=0.527346 ms (tx_ts=85180821225281, rx_ts=85180821752627) request_id=3993857 zil_blk_id=1787996 ccf_commit_seqno=3993858 nstreams_done_=447000 config.nstreams=1000000 avg_latency=0.5649 ms avg throuhgput (requests/sec) = 1030.8406 res=false
*==== INFO ====*  stream_id=1789996 latency=0.497691 ms (tx_ts=85181337621143, rx_ts=85181338118834) request_id=3997446 zil_blk_id=1789996 ccf_commit_seqno=3997446 nstreams_done_=447500 config.nstreams=1000000 avg_latency=0.5649 ms avg throuhgput (requests/sec) = 1030.7662 res=false
*==== INFO ====*  stream_id=1791996 latency=0.661968 ms (tx_ts=85181864201626, rx_ts=85181864863594) request_id=4000968 zil_blk_id=1791996 ccf_commit_seqno=4000968 nstreams_done_=448000 config.nstreams=1000000 avg_latency=0.5649 ms avg throuhgput (requests/sec) = 1030.6674 res=false
*==== INFO ====*  stream_id=1793996 latency=0.513349 ms (tx_ts=85182352818854, rx_ts=85182353332203) request_id=4004312 zil_blk_id=1793996 ccf_commit_seqno=4004312 nstreams_done_=448500 config.nstreams=1000000 avg_latency=0.5648 ms avg throuhgput (requests/sec) = 1030.6595 res=false
*==== INFO ====*  stream_id=1795996 latency=0.547915 ms (tx_ts=85182843247389, rx_ts=85182843795304) request_id=4007647 zil_blk_id=1795996 ccf_commit_seqno=4007647 nstreams_done_=449000 config.nstreams=1000000 avg_latency=0.5648 ms avg throuhgput (requests/sec) = 1030.6469 res=false
*==== INFO ====*  stream_id=1797996 latency=0.566960 ms (tx_ts=85183347630147, rx_ts=85183348197107) request_id=4011118 zil_blk_id=1797996 ccf_commit_seqno=4011118 nstreams_done_=449500 config.nstreams=1000000 avg_latency=0.5648 ms avg throuhgput (requests/sec) = 1030.6013 res=false
*==== INFO ====*  stream_id=1799996 latency=0.551401 ms (tx_ts=85183826276852, rx_ts=85183826828253) request_id=4014388 zil_blk_id=1799996 ccf_commit_seqno=4014388 nstreams_done_=450000 config.nstreams=1000000 avg_latency=0.5648 ms avg throuhgput (requests/sec) = 1030.6167 res=false
*==== INFO ====*  stream_id=1801996 latency=0.482012 ms (tx_ts=85184290070117, rx_ts=85184290552129) request_id=4017624 zil_blk_id=1801996 ccf_commit_seqno=4017624 nstreams_done_=450500 config.nstreams=1000000 avg_latency=0.5647 ms avg throuhgput (requests/sec) = 1030.6672 res=false
*==== INFO ====*  stream_id=1803996 latency=0.489355 ms (tx_ts=85184763100094, rx_ts=85184763589449) request_id=4020902 zil_blk_id=1803996 ccf_commit_seqno=4020902 nstreams_done_=451000 config.nstreams=1000000 avg_latency=0.5647 ms avg throuhgput (requests/sec) = 1030.6957 res=false
*==== INFO ====*  stream_id=1805996 latency=0.517277 ms (tx_ts=85185242983495, rx_ts=85185243500772) request_id=4024247 zil_blk_id=1805996 ccf_commit_seqno=4024247 nstreams_done_=451500 config.nstreams=1000000 avg_latency=0.5647 ms avg throuhgput (requests/sec) = 1030.7079 res=false
*==== INFO ====*  stream_id=1807996 latency=0.543958 ms (tx_ts=85185728198534, rx_ts=85185728742492) request_id=4027544 zil_blk_id=1807996 ccf_commit_seqno=4027544 nstreams_done_=452000 config.nstreams=1000000 avg_latency=0.5647 ms avg throuhgput (requests/sec) = 1030.7076 res=false
*==== INFO ====*  stream_id=1809996 latency=0.605412 ms (tx_ts=85186210751485, rx_ts=85186211356897) request_id=4030781 zil_blk_id=1809996 ccf_commit_seqno=4030782 nstreams_done_=452500 config.nstreams=1000000 avg_latency=0.5646 ms avg throuhgput (requests/sec) = 1030.7134 res=false
*==== INFO ====*  stream_id=1811996 latency=0.512929 ms (tx_ts=85186677253634, rx_ts=85186677766563) request_id=4034098 zil_blk_id=1811996 ccf_commit_seqno=4034098 nstreams_done_=453000 config.nstreams=1000000 avg_latency=0.5646 ms avg throuhgput (requests/sec) = 1030.7573 res=false
*==== INFO ====*  stream_id=1813996 latency=0.555259 ms (tx_ts=85187189945803, rx_ts=85187190501062) request_id=4037617 zil_blk_id=1813996 ccf_commit_seqno=4037617 nstreams_done_=453500 config.nstreams=1000000 avg_latency=0.5646 ms avg throuhgput (requests/sec) = 1030.6925 res=false
*==== INFO ====*  stream_id=1815996 latency=0.630709 ms (tx_ts=85187672174089, rx_ts=85187672804798) request_id=4040810 zil_blk_id=1815996 ccf_commit_seqno=4040810 nstreams_done_=454000 config.nstreams=1000000 avg_latency=0.5646 ms avg throuhgput (requests/sec) = 1030.6991 res=false
*==== INFO ====*  stream_id=1817996 latency=0.520250 ms (tx_ts=85188123440359, rx_ts=85188123960609) request_id=4043972 zil_blk_id=1817996 ccf_commit_seqno=4043972 nstreams_done_=454500 config.nstreams=1000000 avg_latency=0.5646 ms avg throuhgput (requests/sec) = 1030.7784 res=false
*==== INFO ====*  stream_id=1819996 latency=0.504814 ms (tx_ts=85188575278436, rx_ts=85188575783250) request_id=4047141 zil_blk_id=1819996 ccf_commit_seqno=4047141 nstreams_done_=455000 config.nstreams=1000000 avg_latency=0.5645 ms avg throuhgput (requests/sec) = 1030.8561 res=false
*==== INFO ====*  stream_id=1821996 latency=0.586567 ms (tx_ts=85189053461365, rx_ts=85189054047932) request_id=4050416 zil_blk_id=1821996 ccf_commit_seqno=4050416 nstreams_done_=455500 config.nstreams=1000000 avg_latency=0.5646 ms avg throuhgput (requests/sec) = 1030.8719 res=false
*==== INFO ====*  stream_id=1823996 latency=0.565170 ms (tx_ts=85189531617881, rx_ts=85189532183051) request_id=4053713 zil_blk_id=1823996 ccf_commit_seqno=4053713 nstreams_done_=456000 config.nstreams=1000000 avg_latency=0.5646 ms avg throuhgput (requests/sec) = 1030.8879 res=false
*==== INFO ====*  stream_id=1825996 latency=0.539609 ms (tx_ts=85189979731683, rx_ts=85189980271292) request_id=4056949 zil_blk_id=1825996 ccf_commit_seqno=4056949 nstreams_done_=456500 config.nstreams=1000000 avg_latency=0.5645 ms avg throuhgput (requests/sec) = 1030.9739 res=false
*==== INFO ====*  stream_id=1827996 latency=0.508591 ms (tx_ts=85190443056877, rx_ts=85190443565468) request_id=4060253 zil_blk_id=1827996 ccf_commit_seqno=4060253 nstreams_done_=457000 config.nstreams=1000000 avg_latency=0.5645 ms avg throuhgput (requests/sec) = 1031.0243 res=false
*==== INFO ====*  stream_id=1829996 latency=0.551712 ms (tx_ts=85190894727515, rx_ts=85190895279227) request_id=4063484 zil_blk_id=1829996 ccf_commit_seqno=4063484 nstreams_done_=457500 config.nstreams=1000000 avg_latency=0.5645 ms avg throuhgput (requests/sec) = 1031.1016 res=false
*==== INFO ====*  stream_id=1831996 latency=0.584362 ms (tx_ts=85191340507950, rx_ts=85191341092312) request_id=4066717 zil_blk_id=1831996 ccf_commit_seqno=4066717 nstreams_done_=458000 config.nstreams=1000000 avg_latency=0.5645 ms avg throuhgput (requests/sec) = 1031.1924 res=false
*==== INFO ====*  stream_id=1833996 latency=0.525072 ms (tx_ts=85191820262650, rx_ts=85191820787722) request_id=4070129 zil_blk_id=1833996 ccf_commit_seqno=4070129 nstreams_done_=458500 config.nstreams=1000000 avg_latency=0.5644 ms avg throuhgput (requests/sec) = 1031.2044 res=false
*==== INFO ====*  stream_id=1835996 latency=0.517397 ms (tx_ts=85192293084322, rx_ts=85192293601719) request_id=4073450 zil_blk_id=1835996 ccf_commit_seqno=4073450 nstreams_done_=459000 config.nstreams=1000000 avg_latency=0.5644 ms avg throuhgput (requests/sec) = 1031.2323 res=false
*==== INFO ====*  stream_id=1837996 latency=0.555198 ms (tx_ts=85192766535290, rx_ts=85192767090488) request_id=4076732 zil_blk_id=1837996 ccf_commit_seqno=4076732 nstreams_done_=459500 config.nstreams=1000000 avg_latency=0.5644 ms avg throuhgput (requests/sec) = 1031.2586 res=false
*==== INFO ====*  stream_id=1839996 latency=0.504333 ms (tx_ts=85193255044450, rx_ts=85193255548783) request_id=4080023 zil_blk_id=1839996 ccf_commit_seqno=4080023 nstreams_done_=460000 config.nstreams=1000000 avg_latency=0.5644 ms avg throuhgput (requests/sec) = 1031.2503 res=false
*==== INFO ====*  stream_id=1841996 latency=0.523408 ms (tx_ts=85193729723725, rx_ts=85193730247133) request_id=4083300 zil_blk_id=1841996 ccf_commit_seqno=4083300 nstreams_done_=460500 config.nstreams=1000000 avg_latency=0.5644 ms avg throuhgput (requests/sec) = 1031.2737 res=false
*==== INFO ====*  stream_id=1843996 latency=0.513671 ms (tx_ts=85194212228087, rx_ts=85194212741758) request_id=4086591 zil_blk_id=1843996 ccf_commit_seqno=4086591 nstreams_done_=461000 config.nstreams=1000000 avg_latency=0.5644 ms avg throuhgput (requests/sec) = 1031.2791 res=false
*==== INFO ====*  stream_id=1845996 latency=0.511136 ms (tx_ts=85194665637025, rx_ts=85194666148161) request_id=4089762 zil_blk_id=1845996 ccf_commit_seqno=4089762 nstreams_done_=461500 config.nstreams=1000000 avg_latency=0.5644 ms avg throuhgput (requests/sec) = 1031.3515 res=false
*==== INFO ====*  stream_id=1847996 latency=0.484206 ms (tx_ts=85195112232299, rx_ts=85195112716505) request_id=4092904 zil_blk_id=1847996 ccf_commit_seqno=4092904 nstreams_done_=462000 config.nstreams=1000000 avg_latency=0.5643 ms avg throuhgput (requests/sec) = 1031.4396 res=false
*==== INFO ====*  stream_id=1849996 latency=1.591076 ms (tx_ts=85195562923851, rx_ts=85195564514927) request_id=4096129 zil_blk_id=1849996 ccf_commit_seqno=4096129 nstreams_done_=462500 config.nstreams=1000000 avg_latency=0.5643 ms avg throuhgput (requests/sec) = 1031.5154 res=false
*==== INFO ====*  stream_id=1851996 latency=0.601865 ms (tx_ts=85196030016491, rx_ts=85196030618356) request_id=4099398 zil_blk_id=1851996 ccf_commit_seqno=4099398 nstreams_done_=463000 config.nstreams=1000000 avg_latency=0.5643 ms avg throuhgput (requests/sec) = 1031.5582 res=false
*==== INFO ====*  stream_id=1853996 latency=0.561049 ms (tx_ts=85196529612746, rx_ts=85196530173795) request_id=4102895 zil_blk_id=1853996 ccf_commit_seqno=4102896 nstreams_done_=463500 config.nstreams=1000000 avg_latency=0.5643 ms avg throuhgput (requests/sec) = 1031.5241 res=false
*==== INFO ====*  stream_id=1855996 latency=0.568799 ms (tx_ts=85197031671550, rx_ts=85197032240349) request_id=4106407 zil_blk_id=1855996 ccf_commit_seqno=4106407 nstreams_done_=464000 config.nstreams=1000000 avg_latency=0.5642 ms avg throuhgput (requests/sec) = 1031.4843 res=false
*==== INFO ====*  stream_id=1857996 latency=0.523990 ms (tx_ts=85197521948962, rx_ts=85197522472952) request_id=4109882 zil_blk_id=1857996 ccf_commit_seqno=4109882 nstreams_done_=464500 config.nstreams=1000000 avg_latency=0.5642 ms avg throuhgput (requests/sec) = 1031.4717 res=false
*==== INFO ====*  stream_id=1859996 latency=0.519452 ms (tx_ts=85197989030372, rx_ts=85197989549824) request_id=4113048 zil_blk_id=1859996 ccf_commit_seqno=4113048 nstreams_done_=465000 config.nstreams=1000000 avg_latency=0.5642 ms avg throuhgput (requests/sec) = 1031.5122 res=false
*==== INFO ====*  stream_id=1861996 latency=0.486640 ms (tx_ts=85198476049083, rx_ts=85198476535723) request_id=4116315 zil_blk_id=1861996 ccf_commit_seqno=4116315 nstreams_done_=465500 config.nstreams=1000000 avg_latency=0.5642 ms avg throuhgput (requests/sec) = 1031.5070 res=false
*==== INFO ====*  stream_id=1863996 latency=0.602917 ms (tx_ts=85198959529827, rx_ts=85198960132744) request_id=4119729 zil_blk_id=1863996 ccf_commit_seqno=4119730 nstreams_done_=466000 config.nstreams=1000000 avg_latency=0.5641 ms avg throuhgput (requests/sec) = 1031.5096 res=false
*==== INFO ====*  stream_id=1865996 latency=0.630068 ms (tx_ts=85199452490121, rx_ts=85199453120189) request_id=4123154 zil_blk_id=1865996 ccf_commit_seqno=4123154 nstreams_done_=466500 config.nstreams=1000000 avg_latency=0.5641 ms avg throuhgput (requests/sec) = 1031.4907 res=false
*==== INFO ====*  stream_id=1867996 latency=0.494004 ms (tx_ts=85199952082720, rx_ts=85199952576724) request_id=4126639 zil_blk_id=1867996 ccf_commit_seqno=4126639 nstreams_done_=467000 config.nstreams=1000000 avg_latency=0.5641 ms avg throuhgput (requests/sec) = 1031.4572 res=false
*==== INFO ====*  stream_id=1869996 latency=0.470369 ms (tx_ts=85200441644617, rx_ts=85200442114986) request_id=4130058 zil_blk_id=1869996 ccf_commit_seqno=4130058 nstreams_done_=467500 config.nstreams=1000000 avg_latency=0.5641 ms avg throuhgput (requests/sec) = 1031.4463 res=false
*==== INFO ====*  stream_id=1871996 latency=0.467725 ms (tx_ts=85200914023364, rx_ts=85200914491089) request_id=4133328 zil_blk_id=1871996 ccf_commit_seqno=4133328 nstreams_done_=468000 config.nstreams=1000000 avg_latency=0.5640 ms avg throuhgput (requests/sec) = 1031.4744 res=false
*==== INFO ====*  stream_id=1873996 latency=0.509092 ms (tx_ts=85201371647032, rx_ts=85201372156124) request_id=4136591 zil_blk_id=1873996 ccf_commit_seqno=4136592 nstreams_done_=468500 config.nstreams=1000000 avg_latency=0.5640 ms avg throuhgput (requests/sec) = 1031.5359 res=false
*==== INFO ====*  stream_id=1875996 latency=0.530783 ms (tx_ts=85201835248250, rx_ts=85201835779033) request_id=4139934 zil_blk_id=1875996 ccf_commit_seqno=4139935 nstreams_done_=469000 config.nstreams=1000000 avg_latency=0.5640 ms avg throuhgput (requests/sec) = 1031.5838 res=false
*==== INFO ====*  stream_id=1877996 latency=0.455802 ms (tx_ts=85202321500823, rx_ts=85202321956625) request_id=4143388 zil_blk_id=1877996 ccf_commit_seqno=4143388 nstreams_done_=469500 config.nstreams=1000000 avg_latency=0.5639 ms avg throuhgput (requests/sec) = 1031.5804 res=false
*==== INFO ====*  stream_id=1879996 latency=0.497741 ms (tx_ts=85202805156594, rx_ts=85202805654335) request_id=4146799 zil_blk_id=1879996 ccf_commit_seqno=4146799 nstreams_done_=470000 config.nstreams=1000000 avg_latency=0.5638 ms avg throuhgput (requests/sec) = 1031.5827 res=false
*==== INFO ====*  stream_id=1881996 latency=0.555770 ms (tx_ts=85203304071945, rx_ts=85203304627715) request_id=4150263 zil_blk_id=1881996 ccf_commit_seqno=4150263 nstreams_done_=470500 config.nstreams=1000000 avg_latency=0.5638 ms avg throuhgput (requests/sec) = 1031.5504 res=false
*==== INFO ====*  stream_id=1883996 latency=0.534469 ms (tx_ts=85203800230832, rx_ts=85203800765301) request_id=4153772 zil_blk_id=1883996 ccf_commit_seqno=4153772 nstreams_done_=471000 config.nstreams=1000000 avg_latency=0.5638 ms avg throuhgput (requests/sec) = 1031.5246 res=false
*==== INFO ====*  stream_id=1885996 latency=0.526134 ms (tx_ts=85204290329013, rx_ts=85204290855147) request_id=4157145 zil_blk_id=1885996 ccf_commit_seqno=4157145 nstreams_done_=471500 config.nstreams=1000000 avg_latency=0.5638 ms avg throuhgput (requests/sec) = 1031.5124 res=false
*==== INFO ====*  stream_id=1887996 latency=0.483585 ms (tx_ts=85204781245154, rx_ts=85204781728739) request_id=4160567 zil_blk_id=1887996 ccf_commit_seqno=4160567 nstreams_done_=472000 config.nstreams=1000000 avg_latency=0.5638 ms avg throuhgput (requests/sec) = 1031.4986 res=false
*==== INFO ====*  stream_id=1889996 latency=0.538326 ms (tx_ts=85205273090339, rx_ts=85205273628665) request_id=4164007 zil_blk_id=1889996 ccf_commit_seqno=4164007 nstreams_done_=472500 config.nstreams=1000000 avg_latency=0.5637 ms avg throuhgput (requests/sec) = 1031.4824 res=false
*==== INFO ====*  stream_id=1891996 latency=0.570906 ms (tx_ts=85205787404523, rx_ts=85205787975429) request_id=4167549 zil_blk_id=1891996 ccf_commit_seqno=4167549 nstreams_done_=473000 config.nstreams=1000000 avg_latency=0.5637 ms avg throuhgput (requests/sec) = 1031.4158 res=false
*==== INFO ====*  stream_id=1893996 latency=0.465871 ms (tx_ts=85206297942590, rx_ts=85206298408461) request_id=4171091 zil_blk_id=1893996 ccf_commit_seqno=4171091 nstreams_done_=473500 config.nstreams=1000000 avg_latency=0.5637 ms avg throuhgput (requests/sec) = 1031.3582 res=false
*==== INFO ====*  stream_id=1895996 latency=0.531553 ms (tx_ts=85206773869977, rx_ts=85206774401530) request_id=4174383 zil_blk_id=1895996 ccf_commit_seqno=4174383 nstreams_done_=474000 config.nstreams=1000000 avg_latency=0.5636 ms avg throuhgput (requests/sec) = 1031.3779 res=false
*==== INFO ====*  stream_id=1897996 latency=0.498642 ms (tx_ts=85207261994649, rx_ts=85207262493291) request_id=4177739 zil_blk_id=1897996 ccf_commit_seqno=4177739 nstreams_done_=474500 config.nstreams=1000000 avg_latency=0.5636 ms avg throuhgput (requests/sec) = 1031.3705 res=false
*==== INFO ====*  stream_id=1899996 latency=0.581627 ms (tx_ts=85207774976553, rx_ts=85207775558180) request_id=4181167 zil_blk_id=1899996 ccf_commit_seqno=4181167 nstreams_done_=475000 config.nstreams=1000000 avg_latency=0.5636 ms avg throuhgput (requests/sec) = 1031.3072 res=false
*==== INFO ====*  stream_id=1901996 latency=0.598018 ms (tx_ts=85208263865660, rx_ts=85208264463678) request_id=4184521 zil_blk_id=1901996 ccf_commit_seqno=4184521 nstreams_done_=475500 config.nstreams=1000000 avg_latency=0.5635 ms avg throuhgput (requests/sec) = 1031.2981 res=false
*==== INFO ====*  stream_id=1903996 latency=0.539409 ms (tx_ts=85208781808442, rx_ts=85208782347851) request_id=4187962 zil_blk_id=1903996 ccf_commit_seqno=4187962 nstreams_done_=476000 config.nstreams=1000000 avg_latency=0.5635 ms avg throuhgput (requests/sec) = 1031.2242 res=false
*==== INFO ====*  stream_id=1905996 latency=0.592198 ms (tx_ts=85209287022126, rx_ts=85209287614324) request_id=4191373 zil_blk_id=1905996 ccf_commit_seqno=4191374 nstreams_done_=476500 config.nstreams=1000000 avg_latency=0.5635 ms avg throuhgput (requests/sec) = 1031.1787 res=false
*==== INFO ====*  stream_id=1907996 latency=0.483544 ms (tx_ts=85209902117500, rx_ts=85209902601044) request_id=4194757 zil_blk_id=1907996 ccf_commit_seqno=4194757 nstreams_done_=477000 config.nstreams=1000000 avg_latency=0.5637 ms avg throuhgput (requests/sec) = 1030.8887 res=false
*==== INFO ====*  stream_id=1909996 latency=0.507930 ms (tx_ts=85210386879385, rx_ts=85210387387315) request_id=4198101 zil_blk_id=1909996 ccf_commit_seqno=4198102 nstreams_done_=477500 config.nstreams=1000000 avg_latency=0.5636 ms avg throuhgput (requests/sec) = 1030.8893 res=false
*==== INFO ====*  stream_id=1911996 latency=0.487712 ms (tx_ts=85210883735339, rx_ts=85210884223051) request_id=4201497 zil_blk_id=1911996 ccf_commit_seqno=4201497 nstreams_done_=478000 config.nstreams=1000000 avg_latency=0.5636 ms avg throuhgput (requests/sec) = 1030.8630 res=false
*==== INFO ====*  stream_id=1913996 latency=0.538016 ms (tx_ts=85211372487377, rx_ts=85211373025393) request_id=4204867 zil_blk_id=1913996 ccf_commit_seqno=4204867 nstreams_done_=478500 config.nstreams=1000000 avg_latency=0.5636 ms avg throuhgput (requests/sec) = 1030.8546 res=false
*==== INFO ====*  stream_id=1915996 latency=0.601935 ms (tx_ts=85211868312513, rx_ts=85211868914448) request_id=4208249 zil_blk_id=1915996 ccf_commit_seqno=4208249 nstreams_done_=479000 config.nstreams=1000000 avg_latency=0.5635 ms avg throuhgput (requests/sec) = 1030.8305 res=false
*==== INFO ====*  stream_id=1917996 latency=0.468717 ms (tx_ts=85212366482119, rx_ts=85212366950836) request_id=4211675 zil_blk_id=1917996 ccf_commit_seqno=4211675 nstreams_done_=479500 config.nstreams=1000000 avg_latency=0.5635 ms avg throuhgput (requests/sec) = 1030.8017 res=false
*==== INFO ====*  stream_id=1919996 latency=0.506708 ms (tx_ts=85212889524215, rx_ts=85212890030923) request_id=4215056 zil_blk_id=1919996 ccf_commit_seqno=4215056 nstreams_done_=480000 config.nstreams=1000000 avg_latency=0.5635 ms avg throuhgput (requests/sec) = 1030.7176 res=false
*==== INFO ====*  stream_id=1921996 latency=0.576999 ms (tx_ts=85213378788072, rx_ts=85213379365071) request_id=4218326 zil_blk_id=1921996 ccf_commit_seqno=4218326 nstreams_done_=480500 config.nstreams=1000000 avg_latency=0.5635 ms avg throuhgput (requests/sec) = 1030.7082 res=false
*==== INFO ====*  stream_id=1923996 latency=0.502509 ms (tx_ts=85213838757915, rx_ts=85213839260424) request_id=4221457 zil_blk_id=1923996 ccf_commit_seqno=4221457 nstreams_done_=481000 config.nstreams=1000000 avg_latency=0.5635 ms avg throuhgput (requests/sec) = 1030.7639 res=false
*==== INFO ====*  stream_id=1925996 latency=0.481941 ms (tx_ts=85214331656285, rx_ts=85214332138226) request_id=4224768 zil_blk_id=1925996 ccf_commit_seqno=4224768 nstreams_done_=481500 config.nstreams=1000000 avg_latency=0.5635 ms avg throuhgput (requests/sec) = 1030.7467 res=false
*==== INFO ====*  stream_id=1927996 latency=0.550930 ms (tx_ts=85214826901308, rx_ts=85214827452238) request_id=4228072 zil_blk_id=1927996 ccf_commit_seqno=4228072 nstreams_done_=482000 config.nstreams=1000000 avg_latency=0.5635 ms avg throuhgput (requests/sec) = 1030.7241 res=false
*==== INFO ====*  stream_id=1929996 latency=0.585876 ms (tx_ts=85215344079910, rx_ts=85215344665786) request_id=4231524 zil_blk_id=1929996 ccf_commit_seqno=4231524 nstreams_done_=482500 config.nstreams=1000000 avg_latency=0.5634 ms avg throuhgput (requests/sec) = 1030.6534 res=false
*==== INFO ====*  stream_id=1931996 latency=0.482282 ms (tx_ts=85215847585379, rx_ts=85215848067661) request_id=4234856 zil_blk_id=1931996 ccf_commit_seqno=4234856 nstreams_done_=483000 config.nstreams=1000000 avg_latency=0.5634 ms avg throuhgput (requests/sec) = 1030.6132 res=false
*==== INFO ====*  stream_id=1933996 latency=0.481480 ms (tx_ts=85216341327247, rx_ts=85216341808727) request_id=4238132 zil_blk_id=1933996 ccf_commit_seqno=4238132 nstreams_done_=483500 config.nstreams=1000000 avg_latency=0.5634 ms avg throuhgput (requests/sec) = 1030.5944 res=false
*==== INFO ====*  stream_id=1935996 latency=0.528398 ms (tx_ts=85216838682141, rx_ts=85216839210539) request_id=4241544 zil_blk_id=1935996 ccf_commit_seqno=4241544 nstreams_done_=484000 config.nstreams=1000000 avg_latency=0.5634 ms avg throuhgput (requests/sec) = 1030.5675 res=false
*==== INFO ====*  stream_id=1937996 latency=0.520052 ms (tx_ts=85217336696266, rx_ts=85217337216318) request_id=4244993 zil_blk_id=1937996 ccf_commit_seqno=4244993 nstreams_done_=484500 config.nstreams=1000000 avg_latency=0.5633 ms avg throuhgput (requests/sec) = 1030.5394 res=false
*==== INFO ====*  stream_id=1939996 latency=0.532726 ms (tx_ts=85217822971763, rx_ts=85217823504489) request_id=4248358 zil_blk_id=1939996 ccf_commit_seqno=4248358 nstreams_done_=485000 config.nstreams=1000000 avg_latency=0.5633 ms avg throuhgput (requests/sec) = 1030.5369 res=false
*==== INFO ====*  stream_id=1941996 latency=0.682185 ms (tx_ts=85218373556948, rx_ts=85218374239133) request_id=4251836 zil_blk_id=1941996 ccf_commit_seqno=4251837 nstreams_done_=485500 config.nstreams=1000000 avg_latency=0.5633 ms avg throuhgput (requests/sec) = 1030.3936 res=false
*==== INFO ====*  stream_id=1943996 latency=3.965666 ms (tx_ts=85218898507176, rx_ts=85218902472842) request_id=4255135 zil_blk_id=1943996 ccf_commit_seqno=4255136 nstreams_done_=486000 config.nstreams=1000000 avg_latency=0.5633 ms avg throuhgput (requests/sec) = 1030.2997 res=false
*==== INFO ====*  stream_id=1945996 latency=0.624348 ms (tx_ts=85219388983765, rx_ts=85219389608113) request_id=4258380 zil_blk_id=1945996 ccf_commit_seqno=4258380 nstreams_done_=486500 config.nstreams=1000000 avg_latency=0.5633 ms avg throuhgput (requests/sec) = 1030.2957 res=false
*==== INFO ====*  stream_id=1947996 latency=0.538327 ms (tx_ts=85219873285549, rx_ts=85219873823876) request_id=4261694 zil_blk_id=1947996 ccf_commit_seqno=4261694 nstreams_done_=487000 config.nstreams=1000000 avg_latency=0.5633 ms avg throuhgput (requests/sec) = 1030.2980 res=false
*==== INFO ====*  stream_id=1949996 latency=0.501247 ms (tx_ts=85220381939363, rx_ts=85220382440610) request_id=4265036 zil_blk_id=1949996 ccf_commit_seqno=4265036 nstreams_done_=487500 config.nstreams=1000000 avg_latency=0.5633 ms avg throuhgput (requests/sec) = 1030.2472 res=false
*==== INFO ====*  stream_id=1951996 latency=0.642482 ms (tx_ts=85220874153884, rx_ts=85220874796366) request_id=4268423 zil_blk_id=1951996 ccf_commit_seqno=4268423 nstreams_done_=488000 config.nstreams=1000000 avg_latency=0.5632 ms avg throuhgput (requests/sec) = 1030.2319 res=false
*==== INFO ====*  stream_id=1953996 latency=0.506767 ms (tx_ts=85221366909501, rx_ts=85221367416268) request_id=4271784 zil_blk_id=1953996 ccf_commit_seqno=4271785 nstreams_done_=488500 config.nstreams=1000000 avg_latency=0.5632 ms avg throuhgput (requests/sec) = 1030.2161 res=false
*==== INFO ====*  stream_id=1955996 latency=0.489115 ms (tx_ts=85221852470079, rx_ts=85221852959194) request_id=4275059 zil_blk_id=1955996 ccf_commit_seqno=4275059 nstreams_done_=489000 config.nstreams=1000000 avg_latency=0.5632 ms avg throuhgput (requests/sec) = 1030.2157 res=false
*==== INFO ====*  stream_id=1957996 latency=0.542374 ms (tx_ts=85222334306806, rx_ts=85222334849180) request_id=4278061 zil_blk_id=1957996 ccf_commit_seqno=4278061 nstreams_done_=489500 config.nstreams=1000000 avg_latency=0.5632 ms avg throuhgput (requests/sec) = 1030.2231 res=false
*==== INFO ====*  stream_id=1959996 latency=0.498963 ms (tx_ts=85222788423566, rx_ts=85222788922529) request_id=4281216 zil_blk_id=1959996 ccf_commit_seqno=4281216 nstreams_done_=490000 config.nstreams=1000000 avg_latency=0.5632 ms avg throuhgput (requests/sec) = 1030.2908 res=false
*==== INFO ====*  stream_id=1961996 latency=0.498432 ms (tx_ts=85223264383814, rx_ts=85223264882246) request_id=4284398 zil_blk_id=1961996 ccf_commit_seqno=4284398 nstreams_done_=490500 config.nstreams=1000000 avg_latency=0.5632 ms avg throuhgput (requests/sec) = 1030.3110 res=false
*==== INFO ====*  stream_id=1963996 latency=0.510675 ms (tx_ts=85223719842905, rx_ts=85223720353580) request_id=4287582 zil_blk_id=1963996 ccf_commit_seqno=4287583 nstreams_done_=491000 config.nstreams=1000000 avg_latency=0.5632 ms avg throuhgput (requests/sec) = 1030.3755 res=false
*==== INFO ====*  stream_id=1965996 latency=0.539198 ms (tx_ts=85224191372728, rx_ts=85224191911926) request_id=4290838 zil_blk_id=1965996 ccf_commit_seqno=4290838 nstreams_done_=491500 config.nstreams=1000000 avg_latency=0.5632 ms avg throuhgput (requests/sec) = 1030.4051 res=false
*==== INFO ====*  stream_id=1967996 latency=0.466853 ms (tx_ts=85224651115298, rx_ts=85224651582151) request_id=4294026 zil_blk_id=1967996 ccf_commit_seqno=4294026 nstreams_done_=492000 config.nstreams=1000000 avg_latency=0.5631 ms avg throuhgput (requests/sec) = 1030.4603 res=false
*==== INFO ====*  stream_id=1969996 latency=0.500806 ms (tx_ts=85225114212532, rx_ts=85225114713338) request_id=4297196 zil_blk_id=1969996 ccf_commit_seqno=4297196 nstreams_done_=492500 config.nstreams=1000000 avg_latency=0.5631 ms avg throuhgput (requests/sec) = 1030.5079 res=false
*==== INFO ====*  stream_id=1971996 latency=0.469829 ms (tx_ts=85225591110193, rx_ts=85225591580022) request_id=4300387 zil_blk_id=1971996 ccf_commit_seqno=4300387 nstreams_done_=493000 config.nstreams=1000000 avg_latency=0.5631 ms avg throuhgput (requests/sec) = 1030.5259 res=false
*==== INFO ====*  stream_id=1973996 latency=0.497851 ms (tx_ts=85226075239026, rx_ts=85226075736877) request_id=4303622 zil_blk_id=1973996 ccf_commit_seqno=4303622 nstreams_done_=493500 config.nstreams=1000000 avg_latency=0.5631 ms avg throuhgput (requests/sec) = 1030.5281 res=false
*==== INFO ====*  stream_id=1975996 latency=0.542284 ms (tx_ts=85226563514349, rx_ts=85226564056633) request_id=4307061 zil_blk_id=1975996 ccf_commit_seqno=4307061 nstreams_done_=494000 config.nstreams=1000000 avg_latency=0.5631 ms avg throuhgput (requests/sec) = 1030.5214 res=false
*==== INFO ====*  stream_id=1977996 latency=0.499564 ms (tx_ts=85227060445447, rx_ts=85227060945011) request_id=4310489 zil_blk_id=1977996 ccf_commit_seqno=4310489 nstreams_done_=494500 config.nstreams=1000000 avg_latency=0.5631 ms avg throuhgput (requests/sec) = 1030.4963 res=false
*==== INFO ====*  stream_id=1979996 latency=0.498662 ms (tx_ts=85227541951065, rx_ts=85227542449727) request_id=4313896 zil_blk_id=1979996 ccf_commit_seqno=4313896 nstreams_done_=495000 config.nstreams=1000000 avg_latency=0.5631 ms avg throuhgput (requests/sec) = 1030.5042 res=false
*==== INFO ====*  stream_id=1981996 latency=0.556681 ms (tx_ts=85228029185716, rx_ts=85228029742397) request_id=4317296 zil_blk_id=1981996 ccf_commit_seqno=4317297 nstreams_done_=495500 config.nstreams=1000000 avg_latency=0.5631 ms avg throuhgput (requests/sec) = 1030.4997 res=false
*==== INFO ====*  stream_id=1983996 latency=0.555809 ms (tx_ts=85228536095708, rx_ts=85228536651517) request_id=4320645 zil_blk_id=1983996 ccf_commit_seqno=4320645 nstreams_done_=496000 config.nstreams=1000000 avg_latency=0.5631 ms avg throuhgput (requests/sec) = 1030.4532 res=false
*==== INFO ====*  stream_id=1985996 latency=0.489416 ms (tx_ts=85229036055038, rx_ts=85229036544454) request_id=4324122 zil_blk_id=1985996 ccf_commit_seqno=4324122 nstreams_done_=496500 config.nstreams=1000000 avg_latency=0.5630 ms avg throuhgput (requests/sec) = 1030.4219 res=false
*==== INFO ====*  stream_id=1987996 latency=0.524120 ms (tx_ts=85229549019435, rx_ts=85229549543555) request_id=4327638 zil_blk_id=1987996 ccf_commit_seqno=4327638 nstreams_done_=497000 config.nstreams=1000000 avg_latency=0.5630 ms avg throuhgput (requests/sec) = 1030.3626 res=false
*==== INFO ====*  stream_id=1989996 latency=0.587418 ms (tx_ts=85230066055914, rx_ts=85230066643332) request_id=4331143 zil_blk_id=1989996 ccf_commit_seqno=4331143 nstreams_done_=497500 config.nstreams=1000000 avg_latency=0.5630 ms avg throuhgput (requests/sec) = 1030.2946 res=false
*==== INFO ====*  stream_id=1991996 latency=0.622233 ms (tx_ts=85230535866875, rx_ts=85230536489108) request_id=4334355 zil_blk_id=1991996 ccf_commit_seqno=4334355 nstreams_done_=498000 config.nstreams=1000000 avg_latency=0.5630 ms avg throuhgput (requests/sec) = 1030.3276 res=false
*==== INFO ====*  stream_id=1993996 latency=0.509974 ms (tx_ts=85231033033646, rx_ts=85231033543620) request_id=4337694 zil_blk_id=1993996 ccf_commit_seqno=4337694 nstreams_done_=498500 config.nstreams=1000000 avg_latency=0.5630 ms avg throuhgput (requests/sec) = 1030.3025 res=false
*==== INFO ====*  stream_id=1995996 latency=0.583842 ms (tx_ts=85231487143819, rx_ts=85231487727661) request_id=4340884 zil_blk_id=1995996 ccf_commit_seqno=4340885 nstreams_done_=499000 config.nstreams=1000000 avg_latency=0.5630 ms avg throuhgput (requests/sec) = 1030.3687 res=false
*==== INFO ====*  stream_id=1997996 latency=0.671906 ms (tx_ts=85231958204822, rx_ts=85231958876728) request_id=4344168 zil_blk_id=1997996 ccf_commit_seqno=4344168 nstreams_done_=499500 config.nstreams=1000000 avg_latency=0.5630 ms avg throuhgput (requests/sec) = 1030.3987 res=false
*==== INFO ====*  stream_id=1999996 latency=0.547036 ms (tx_ts=85232434383531, rx_ts=85232434930567) request_id=4347432 zil_blk_id=1999996 ccf_commit_seqno=4347432 nstreams_done_=500000 config.nstreams=1000000 avg_latency=0.5630 ms avg throuhgput (requests/sec) = 1030.4182 res=false
*==== INFO ====*  stream_id=2001996 latency=0.478956 ms (tx_ts=85232901328970, rx_ts=85232901807926) request_id=4350590 zil_blk_id=2001996 ccf_commit_seqno=4350590 nstreams_done_=500500 config.nstreams=1000000 avg_latency=0.5630 ms avg throuhgput (requests/sec) = 1030.4572 res=false
*==== INFO ====*  stream_id=2003996 latency=0.761027 ms (tx_ts=85233368668199, rx_ts=85233369429226) request_id=4353767 zil_blk_id=2003996 ccf_commit_seqno=4353767 nstreams_done_=501000 config.nstreams=1000000 avg_latency=0.5630 ms avg throuhgput (requests/sec) = 1030.4945 res=false
*==== INFO ====*  stream_id=2005996 latency=0.579844 ms (tx_ts=85233833888813, rx_ts=85233834468657) request_id=4356901 zil_blk_id=2005996 ccf_commit_seqno=4356901 nstreams_done_=501500 config.nstreams=1000000 avg_latency=0.5630 ms avg throuhgput (requests/sec) = 1030.5372 res=false
*==== INFO ====*  stream_id=2007996 latency=0.500436 ms (tx_ts=85234312776227, rx_ts=85234313276663) request_id=4360150 zil_blk_id=2007996 ccf_commit_seqno=4360150 nstreams_done_=502000 config.nstreams=1000000 avg_latency=0.5630 ms avg throuhgput (requests/sec) = 1030.5507 res=false
*==== INFO ====*  stream_id=2009996 latency=0.526494 ms (tx_ts=85234799823178, rx_ts=85234800349672) request_id=4363468 zil_blk_id=2009996 ccf_commit_seqno=4363468 nstreams_done_=502500 config.nstreams=1000000 avg_latency=0.5630 ms avg throuhgput (requests/sec) = 1030.5466 res=false
*==== INFO ====*  stream_id=2011996 latency=0.456678 ms (tx_ts=85235249334557, rx_ts=85235249791235) request_id=4366602 zil_blk_id=2011996 ccf_commit_seqno=4366602 nstreams_done_=503000 config.nstreams=1000000 avg_latency=0.5629 ms avg throuhgput (requests/sec) = 1030.6221 res=false
*==== INFO ====*  stream_id=2013996 latency=0.464288 ms (tx_ts=85235710265600, rx_ts=85235710729888) request_id=4369724 zil_blk_id=2013996 ccf_commit_seqno=4369724 nstreams_done_=503500 config.nstreams=1000000 avg_latency=0.5629 ms avg throuhgput (requests/sec) = 1030.6732 res=false
*==== INFO ====*  stream_id=2015996 latency=0.465166 ms (tx_ts=85236169241141, rx_ts=85236169706307) request_id=4372870 zil_blk_id=2015996 ccf_commit_seqno=4372870 nstreams_done_=504000 config.nstreams=1000000 avg_latency=0.5629 ms avg throuhgput (requests/sec) = 1030.7283 res=false
*==== INFO ====*  stream_id=2017996 latency=0.486209 ms (tx_ts=85236619403699, rx_ts=85236619889908) request_id=4376018 zil_blk_id=2017996 ccf_commit_seqno=4376018 nstreams_done_=504500 config.nstreams=1000000 avg_latency=0.5629 ms avg throuhgput (requests/sec) = 1030.8018 res=false
*==== INFO ====*  stream_id=2019996 latency=0.579353 ms (tx_ts=85237091216354, rx_ts=85237091795707) request_id=4379194 zil_blk_id=2019996 ccf_commit_seqno=4379194 nstreams_done_=505000 config.nstreams=1000000 avg_latency=0.5628 ms avg throuhgput (requests/sec) = 1030.8295 res=false
*==== INFO ====*  stream_id=2021996 latency=0.484025 ms (tx_ts=85237565149350, rx_ts=85237565633375) request_id=4382534 zil_blk_id=2021996 ccf_commit_seqno=4382534 nstreams_done_=505500 config.nstreams=1000000 avg_latency=0.5628 ms avg throuhgput (requests/sec) = 1030.8530 res=false
*==== INFO ====*  stream_id=2023996 latency=0.498282 ms (tx_ts=85238042242773, rx_ts=85238042741055) request_id=4385884 zil_blk_id=2023996 ccf_commit_seqno=4385884 nstreams_done_=506000 config.nstreams=1000000 avg_latency=0.5628 ms avg throuhgput (requests/sec) = 1030.8697 res=false
*==== INFO ====*  stream_id=2025996 latency=0.520463 ms (tx_ts=85238524808219, rx_ts=85238525328682) request_id=4389269 zil_blk_id=2025996 ccf_commit_seqno=4389269 nstreams_done_=506500 config.nstreams=1000000 avg_latency=0.5627 ms avg throuhgput (requests/sec) = 1030.8748 res=false
*==== INFO ====*  stream_id=2027996 latency=0.555880 ms (tx_ts=85239012956308, rx_ts=85239013512188) request_id=4392658 zil_blk_id=2027996 ccf_commit_seqno=4392658 nstreams_done_=507000 config.nstreams=1000000 avg_latency=0.5627 ms avg throuhgput (requests/sec) = 1030.8682 res=false
*==== INFO ====*  stream_id=2029996 latency=0.527977 ms (tx_ts=85239502153135, rx_ts=85239502681112) request_id=4396072 zil_blk_id=2029996 ccf_commit_seqno=4396073 nstreams_done_=507500 config.nstreams=1000000 avg_latency=0.5627 ms avg throuhgput (requests/sec) = 1030.8595 res=false
*==== INFO ====*  stream_id=2031996 latency=0.489506 ms (tx_ts=85240002543493, rx_ts=85240003032999) request_id=4399500 zil_blk_id=2031996 ccf_commit_seqno=4399500 nstreams_done_=508000 config.nstreams=1000000 avg_latency=0.5626 ms avg throuhgput (requests/sec) = 1030.8275 res=false
*==== INFO ====*  stream_id=2033996 latency=0.521886 ms (tx_ts=85240514545471, rx_ts=85240515067357) request_id=4403000 zil_blk_id=2033996 ccf_commit_seqno=4403000 nstreams_done_=508500 config.nstreams=1000000 avg_latency=0.5626 ms avg throuhgput (requests/sec) = 1030.7711 res=false
*==== INFO ====*  stream_id=2035996 latency=0.528168 ms (tx_ts=85240981040240, rx_ts=85240981568408) request_id=4406144 zil_blk_id=2035996 ccf_commit_seqno=4406144 nstreams_done_=509000 config.nstreams=1000000 avg_latency=0.5626 ms avg throuhgput (requests/sec) = 1030.8099 res=false
*==== INFO ====*  stream_id=2037996 latency=0.482492 ms (tx_ts=85241455997110, rx_ts=85241456479602) request_id=4409421 zil_blk_id=2037996 ccf_commit_seqno=4409421 nstreams_done_=509500 config.nstreams=1000000 avg_latency=0.5625 ms avg throuhgput (requests/sec) = 1030.8310 res=false
*==== INFO ====*  stream_id=2039996 latency=0.488373 ms (tx_ts=85241940014019, rx_ts=85241940502392) request_id=4412785 zil_blk_id=2039996 ccf_commit_seqno=4412785 nstreams_done_=510000 config.nstreams=1000000 avg_latency=0.5625 ms avg throuhgput (requests/sec) = 1030.8331 res=false
*==== INFO ====*  stream_id=2041996 latency=0.560979 ms (tx_ts=85242445909693, rx_ts=85242446470672) request_id=4416331 zil_blk_id=2041996 ccf_commit_seqno=4416331 nstreams_done_=510500 config.nstreams=1000000 avg_latency=0.5625 ms avg throuhgput (requests/sec) = 1030.7896 res=false
*==== INFO ====*  stream_id=2043996 latency=0.521395 ms (tx_ts=85242949583113, rx_ts=85242950104508) request_id=4419807 zil_blk_id=2043996 ccf_commit_seqno=4419807 nstreams_done_=511000 config.nstreams=1000000 avg_latency=0.5625 ms avg throuhgput (requests/sec) = 1030.7510 res=false
*==== INFO ====*  stream_id=2045996 latency=0.498412 ms (tx_ts=85243425848637, rx_ts=85243426347049) request_id=4423069 zil_blk_id=2045996 ccf_commit_seqno=4423069 nstreams_done_=511500 config.nstreams=1000000 avg_latency=0.5625 ms avg throuhgput (requests/sec) = 1030.7693 res=false
*==== INFO ====*  stream_id=2047996 latency=0.505565 ms (tx_ts=85243913543315, rx_ts=85243914048880) request_id=4426415 zil_blk_id=2047996 ccf_commit_seqno=4426415 nstreams_done_=512000 config.nstreams=1000000 avg_latency=0.5625 ms avg throuhgput (requests/sec) = 1030.7639 res=false
*==== INFO ====*  stream_id=2049996 latency=0.504603 ms (tx_ts=85244401887073, rx_ts=85244402391676) request_id=4429855 zil_blk_id=2049996 ccf_commit_seqno=4429855 nstreams_done_=512500 config.nstreams=1000000 avg_latency=0.5624 ms avg throuhgput (requests/sec) = 1030.7571 res=false
*==== INFO ====*  stream_id=2051996 latency=0.502289 ms (tx_ts=85244906077039, rx_ts=85244906579328) request_id=4433361 zil_blk_id=2051996 ccf_commit_seqno=4433361 nstreams_done_=513000 config.nstreams=1000000 avg_latency=0.5624 ms avg throuhgput (requests/sec) = 1030.7175 res=false
*==== INFO ====*  stream_id=2053996 latency=0.468103 ms (tx_ts=85245393817720, rx_ts=85245394285823) request_id=4436705 zil_blk_id=2053996 ccf_commit_seqno=4436705 nstreams_done_=513500 config.nstreams=1000000 avg_latency=0.5624 ms avg throuhgput (requests/sec) = 1030.7122 res=false
*==== INFO ====*  stream_id=2055996 latency=0.486918 ms (tx_ts=85245888621044, rx_ts=85245889107962) request_id=4440043 zil_blk_id=2055996 ccf_commit_seqno=4440043 nstreams_done_=514000 config.nstreams=1000000 avg_latency=0.5623 ms avg throuhgput (requests/sec) = 1030.6921 res=false
*==== INFO ====*  stream_id=2057996 latency=0.477541 ms (tx_ts=85246376565784, rx_ts=85246377043325) request_id=4443419 zil_blk_id=2057996 ccf_commit_seqno=4443419 nstreams_done_=514500 config.nstreams=1000000 avg_latency=0.5623 ms avg throuhgput (requests/sec) = 1030.6862 res=false
*==== INFO ====*  stream_id=2059996 latency=0.494813 ms (tx_ts=85246862587316, rx_ts=85246863082129) request_id=4446742 zil_blk_id=2059996 ccf_commit_seqno=4446742 nstreams_done_=515000 config.nstreams=1000000 avg_latency=0.5623 ms avg throuhgput (requests/sec) = 1030.6843 res=false
*==== INFO ====*  stream_id=2061996 latency=0.874912 ms (tx_ts=85247353910604, rx_ts=85247354785516) request_id=4450134 zil_blk_id=2061996 ccf_commit_seqno=4450135 nstreams_done_=515500 config.nstreams=1000000 avg_latency=0.5623 ms avg throuhgput (requests/sec) = 1030.6707 res=false
*==== INFO ====*  stream_id=2063996 latency=0.583278 ms (tx_ts=85247832603535, rx_ts=85247833186813) request_id=4453464 zil_blk_id=2063996 ccf_commit_seqno=4453464 nstreams_done_=516000 config.nstreams=1000000 avg_latency=0.5623 ms avg throuhgput (requests/sec) = 1030.6846 res=false
*==== INFO ====*  stream_id=2065996 latency=0.507356 ms (tx_ts=85248305831992, rx_ts=85248306339348) request_id=4456750 zil_blk_id=2065996 ccf_commit_seqno=4456750 nstreams_done_=516500 config.nstreams=1000000 avg_latency=0.5623 ms avg throuhgput (requests/sec) = 1030.7092 res=false
*==== INFO ====*  stream_id=2067996 latency=0.499704 ms (tx_ts=85248762321428, rx_ts=85248762821132) request_id=4459998 zil_blk_id=2067996 ccf_commit_seqno=4459999 nstreams_done_=517000 config.nstreams=1000000 avg_latency=0.5622 ms avg throuhgput (requests/sec) = 1030.7680 res=false
*==== INFO ====*  stream_id=2069996 latency=0.515213 ms (tx_ts=85249220666328, rx_ts=85249221181541) request_id=4463210 zil_blk_id=2069996 ccf_commit_seqno=4463210 nstreams_done_=517500 config.nstreams=1000000 avg_latency=0.5622 ms avg throuhgput (requests/sec) = 1030.8228 res=false
*==== INFO ====*  stream_id=2071996 latency=0.573432 ms (tx_ts=85249691592205, rx_ts=85249692165637) request_id=4466396 zil_blk_id=2071996 ccf_commit_seqno=4466396 nstreams_done_=518000 config.nstreams=1000000 avg_latency=0.5622 ms avg throuhgput (requests/sec) = 1030.8517 res=false
*==== INFO ====*  stream_id=2073996 latency=0.461313 ms (tx_ts=85250161576761, rx_ts=85250162038074) request_id=4469629 zil_blk_id=2073996 ccf_commit_seqno=4469629 nstreams_done_=518500 config.nstreams=1000000 avg_latency=0.5622 ms avg throuhgput (requests/sec) = 1030.8828 res=false
*==== INFO ====*  stream_id=2075996 latency=0.504924 ms (tx_ts=85250613470603, rx_ts=85250613975527) request_id=4472786 zil_blk_id=2075996 ccf_commit_seqno=4472786 nstreams_done_=519000 config.nstreams=1000000 avg_latency=0.5621 ms avg throuhgput (requests/sec) = 1030.9505 res=false
*==== INFO ====*  stream_id=2077996 latency=0.524281 ms (tx_ts=85251076033891, rx_ts=85251076558172) request_id=4476001 zil_blk_id=2077996 ccf_commit_seqno=4476001 nstreams_done_=519500 config.nstreams=1000000 avg_latency=0.5621 ms avg throuhgput (requests/sec) = 1030.9964 res=false
*==== INFO ====*  stream_id=2079996 latency=0.519682 ms (tx_ts=85251531164590, rx_ts=85251531684272) request_id=4479165 zil_blk_id=2079996 ccf_commit_seqno=4479165 nstreams_done_=520000 config.nstreams=1000000 avg_latency=0.5621 ms avg throuhgput (requests/sec) = 1031.0574 res=false
*==== INFO ====*  stream_id=2081996 latency=0.483725 ms (tx_ts=85251999633349, rx_ts=85252000117074) request_id=4482410 zil_blk_id=2081996 ccf_commit_seqno=4482410 nstreams_done_=520500 config.nstreams=1000000 avg_latency=0.5621 ms avg throuhgput (requests/sec) = 1031.0911 res=false
*==== INFO ====*  stream_id=2083996 latency=0.504584 ms (tx_ts=85252475223150, rx_ts=85252475727734) request_id=4485721 zil_blk_id=2083996 ccf_commit_seqno=4485721 nstreams_done_=521000 config.nstreams=1000000 avg_latency=0.5620 ms avg throuhgput (requests/sec) = 1031.1101 res=false
*==== INFO ====*  stream_id=2085996 latency=0.668511 ms (tx_ts=85252998183530, rx_ts=85252998852041) request_id=4489182 zil_blk_id=2085996 ccf_commit_seqno=4489183 nstreams_done_=521500 config.nstreams=1000000 avg_latency=0.5620 ms avg throuhgput (requests/sec) = 1031.0322 res=false
*==== INFO ====*  stream_id=2087996 latency=0.482954 ms (tx_ts=85253493845728, rx_ts=85253494328682) request_id=4492547 zil_blk_id=2087996 ccf_commit_seqno=4492547 nstreams_done_=522000 config.nstreams=1000000 avg_latency=0.5620 ms avg throuhgput (requests/sec) = 1031.0108 res=false
*==== INFO ====*  stream_id=2089996 latency=0.528579 ms (tx_ts=85253989069296, rx_ts=85253989597875) request_id=4495929 zil_blk_id=2089996 ccf_commit_seqno=4495930 nstreams_done_=522500 config.nstreams=1000000 avg_latency=0.5620 ms avg throuhgput (requests/sec) = 1030.9898 res=false
*==== INFO ====*  stream_id=2091996 latency=0.594372 ms (tx_ts=85254485128678, rx_ts=85254485723050) request_id=4499381 zil_blk_id=2091996 ccf_commit_seqno=4499382 nstreams_done_=523000 config.nstreams=1000000 avg_latency=0.5620 ms avg throuhgput (requests/sec) = 1030.9671 res=false
*==== INFO ====*  stream_id=2093996 latency=0.469027 ms (tx_ts=85254967615394, rx_ts=85254968084421) request_id=4502748 zil_blk_id=2093996 ccf_commit_seqno=4502748 nstreams_done_=523500 config.nstreams=1000000 avg_latency=0.5619 ms avg throuhgput (requests/sec) = 1030.9724 res=false
*==== INFO ====*  stream_id=2095996 latency=0.484636 ms (tx_ts=85255468545789, rx_ts=85255469030425) request_id=4506206 zil_blk_id=2095996 ccf_commit_seqno=4506206 nstreams_done_=524000 config.nstreams=1000000 avg_latency=0.5619 ms avg throuhgput (requests/sec) = 1030.9401 res=false
*==== INFO ====*  stream_id=2097996 latency=0.535302 ms (tx_ts=85255960921238, rx_ts=85255961456540) request_id=4509619 zil_blk_id=2097996 ccf_commit_seqno=4509619 nstreams_done_=524500 config.nstreams=1000000 avg_latency=0.5619 ms avg throuhgput (requests/sec) = 1030.9250 res=false
*==== INFO ====*  stream_id=2099996 latency=0.484676 ms (tx_ts=85256439177231, rx_ts=85256439661907) request_id=4512982 zil_blk_id=2099996 ccf_commit_seqno=4512982 nstreams_done_=525000 config.nstreams=1000000 avg_latency=0.5618 ms avg throuhgput (requests/sec) = 1030.9388 res=false
*==== INFO ====*  stream_id=2101996 latency=0.463157 ms (tx_ts=85256920525368, rx_ts=85256920988525) request_id=4516355 zil_blk_id=2101996 ccf_commit_seqno=4516355 nstreams_done_=525500 config.nstreams=1000000 avg_latency=0.5618 ms avg throuhgput (requests/sec) = 1030.9462 res=false
*==== INFO ====*  stream_id=2103996 latency=0.478395 ms (tx_ts=85257400448089, rx_ts=85257400926484) request_id=4519730 zil_blk_id=2103996 ccf_commit_seqno=4519730 nstreams_done_=526000 config.nstreams=1000000 avg_latency=0.5618 ms avg throuhgput (requests/sec) = 1030.9564 res=false
*==== INFO ====*  stream_id=2105996 latency=0.537756 ms (tx_ts=85257884132648, rx_ts=85257884670404) request_id=4523104 zil_blk_id=2105996 ccf_commit_seqno=4523104 nstreams_done_=526500 config.nstreams=1000000 avg_latency=0.5617 ms avg throuhgput (requests/sec) = 1030.9589 res=false
*==== INFO ====*  stream_id=2107996 latency=0.509584 ms (tx_ts=85258372811651, rx_ts=85258373321235) request_id=4526490 zil_blk_id=2107996 ccf_commit_seqno=4526490 nstreams_done_=527000 config.nstreams=1000000 avg_latency=0.5617 ms avg throuhgput (requests/sec) = 1030.9515 res=false
*==== INFO ====*  stream_id=2109996 latency=0.476761 ms (tx_ts=85258854753931, rx_ts=85258855230692) request_id=4529808 zil_blk_id=2109996 ccf_commit_seqno=4529808 nstreams_done_=527500 config.nstreams=1000000 avg_latency=0.5617 ms avg throuhgput (requests/sec) = 1030.9577 res=false
*==== INFO ====*  stream_id=2111996 latency=0.477112 ms (tx_ts=85259348660054, rx_ts=85259349137166) request_id=4533189 zil_blk_id=2111996 ccf_commit_seqno=4533189 nstreams_done_=528000 config.nstreams=1000000 avg_latency=0.5616 ms avg throuhgput (requests/sec) = 1030.9398 res=false
*==== INFO ====*  stream_id=2113996 latency=0.642853 ms (tx_ts=85259837965319, rx_ts=85259838608172) request_id=4536532 zil_blk_id=2113996 ccf_commit_seqno=4536533 nstreams_done_=528500 config.nstreams=1000000 avg_latency=0.5616 ms avg throuhgput (requests/sec) = 1030.9307 res=false
*==== INFO ====*  stream_id=2115996 latency=0.504935 ms (tx_ts=85260337034869, rx_ts=85260337539804) request_id=4539917 zil_blk_id=2115996 ccf_commit_seqno=4539917 nstreams_done_=529000 config.nstreams=1000000 avg_latency=0.5616 ms avg throuhgput (requests/sec) = 1030.9028 res=false
*==== INFO ====*  stream_id=2117996 latency=0.551562 ms (tx_ts=85260861307460, rx_ts=85260861859022) request_id=4543410 zil_blk_id=2117996 ccf_commit_seqno=4543410 nstreams_done_=529500 config.nstreams=1000000 avg_latency=0.5616 ms avg throuhgput (requests/sec) = 1030.8239 res=false
*==== INFO ====*  stream_id=2119996 latency=0.592698 ms (tx_ts=85261371303926, rx_ts=85261371896624) request_id=4546828 zil_blk_id=2119996 ccf_commit_seqno=4546828 nstreams_done_=530000 config.nstreams=1000000 avg_latency=0.5616 ms avg throuhgput (requests/sec) = 1030.7738 res=false
*==== INFO ====*  stream_id=2121996 latency=0.528829 ms (tx_ts=85261865239345, rx_ts=85261865768174) request_id=4550169 zil_blk_id=2121996 ccf_commit_seqno=4550169 nstreams_done_=530500 config.nstreams=1000000 avg_latency=0.5615 ms avg throuhgput (requests/sec) = 1030.7561 res=false
*==== INFO ====*  stream_id=2123996 latency=0.534199 ms (tx_ts=85262355232488, rx_ts=85262355766687) request_id=4553477 zil_blk_id=2123996 ccf_commit_seqno=4553477 nstreams_done_=531000 config.nstreams=1000000 avg_latency=0.5615 ms avg throuhgput (requests/sec) = 1030.7463 res=false
*==== INFO ====*  stream_id=2125996 latency=0.525482 ms (tx_ts=85262877618175, rx_ts=85262878143657) request_id=4556752 zil_blk_id=2125996 ccf_commit_seqno=4556752 nstreams_done_=531500 config.nstreams=1000000 avg_latency=0.5615 ms avg throuhgput (requests/sec) = 1030.6718 res=false
*==== INFO ====*  stream_id=2127996 latency=0.604501 ms (tx_ts=85263376479194, rx_ts=85263377083695) request_id=4560056 zil_blk_id=2127996 ccf_commit_seqno=4560056 nstreams_done_=532000 config.nstreams=1000000 avg_latency=0.5615 ms avg throuhgput (requests/sec) = 1030.6442 res=false
*==== INFO ====*  stream_id=2129996 latency=0.561500 ms (tx_ts=85263863019174, rx_ts=85263863580674) request_id=4563430 zil_blk_id=2129996 ccf_commit_seqno=4563430 nstreams_done_=532500 config.nstreams=1000000 avg_latency=0.5615 ms avg throuhgput (requests/sec) = 1030.6415 res=false
*==== INFO ====*  stream_id=2131996 latency=1.232545 ms (tx_ts=85264390902002, rx_ts=85264392134547) request_id=4567058 zil_blk_id=2131996 ccf_commit_seqno=4567058 nstreams_done_=533000 config.nstreams=1000000 avg_latency=0.5615 ms avg throuhgput (requests/sec) = 1030.5549 res=false
*==== INFO ====*  stream_id=2133996 latency=0.503682 ms (tx_ts=85264897196703, rx_ts=85264897700385) request_id=4570532 zil_blk_id=2133996 ccf_commit_seqno=4570532 nstreams_done_=533500 config.nstreams=1000000 avg_latency=0.5615 ms avg throuhgput (requests/sec) = 1030.5143 res=false
*==== INFO ====*  stream_id=2135996 latency=0.631932 ms (tx_ts=85265420126114, rx_ts=85265420758046) request_id=4574123 zil_blk_id=2135996 ccf_commit_seqno=4574123 nstreams_done_=534000 config.nstreams=1000000 avg_latency=0.5615 ms avg throuhgput (requests/sec) = 1030.4391 res=false
*==== INFO ====*  stream_id=2137996 latency=0.538247 ms (tx_ts=85265935507544, rx_ts=85265936045791) request_id=4577596 zil_blk_id=2137996 ccf_commit_seqno=4577596 nstreams_done_=534500 config.nstreams=1000000 avg_latency=0.5615 ms avg throuhgput (requests/sec) = 1030.3793 res=false
*==== INFO ====*  stream_id=2139996 latency=0.725761 ms (tx_ts=85266419261018, rx_ts=85266419986779) request_id=4580965 zil_blk_id=2139996 ccf_commit_seqno=4580965 nstreams_done_=535000 config.nstreams=1000000 avg_latency=0.5615 ms avg throuhgput (requests/sec) = 1030.3820 res=false
*==== INFO ====*  stream_id=2141996 latency=0.567351 ms (tx_ts=85266897022200, rx_ts=85266897589551) request_id=4584273 zil_blk_id=2141996 ccf_commit_seqno=4584273 nstreams_done_=535500 config.nstreams=1000000 avg_latency=0.5615 ms avg throuhgput (requests/sec) = 1030.3971 res=false
*==== INFO ====*  stream_id=2143996 latency=0.497921 ms (tx_ts=85267402243821, rx_ts=85267402741742) request_id=4587712 zil_blk_id=2143996 ccf_commit_seqno=4587712 nstreams_done_=536000 config.nstreams=1000000 avg_latency=0.5615 ms avg throuhgput (requests/sec) = 1030.3577 res=false
*==== INFO ====*  stream_id=2145996 latency=0.698907 ms (tx_ts=85267897428820, rx_ts=85267898127727) request_id=4591110 zil_blk_id=2145996 ccf_commit_seqno=4591110 nstreams_done_=536500 config.nstreams=1000000 avg_latency=0.5615 ms avg throuhgput (requests/sec) = 1030.3377 res=false
*==== INFO ====*  stream_id=2147996 latency=0.488854 ms (tx_ts=85268386384940, rx_ts=85268386873794) request_id=4594520 zil_blk_id=2147996 ccf_commit_seqno=4594520 nstreams_done_=537000 config.nstreams=1000000 avg_latency=0.5615 ms avg throuhgput (requests/sec) = 1030.3308 res=false
*==== INFO ====*  stream_id=2149996 latency=0.517508 ms (tx_ts=85268863848294, rx_ts=85268864365802) request_id=4597834 zil_blk_id=2149996 ccf_commit_seqno=4597834 nstreams_done_=537500 config.nstreams=1000000 avg_latency=0.5615 ms avg throuhgput (requests/sec) = 1030.3462 res=false
*==== INFO ====*  stream_id=2151996 latency=0.526494 ms (tx_ts=85269368470217, rx_ts=85269368996711) request_id=4601231 zil_blk_id=2151996 ccf_commit_seqno=4601231 nstreams_done_=538000 config.nstreams=1000000 avg_latency=0.5615 ms avg throuhgput (requests/sec) = 1030.3080 res=false
*==== INFO ====*  stream_id=2153996 latency=0.470363 ms (tx_ts=85269897742042, rx_ts=85269898212405) request_id=4604662 zil_blk_id=2153996 ccf_commit_seqno=4604662 nstreams_done_=538500 config.nstreams=1000000 avg_latency=0.5615 ms avg throuhgput (requests/sec) = 1030.2214 res=false
*==== INFO ====*  stream_id=2155996 latency=0.522697 ms (tx_ts=85270380614118, rx_ts=85270381136815) request_id=4607934 zil_blk_id=2155996 ccf_commit_seqno=4607934 nstreams_done_=539000 config.nstreams=1000000 avg_latency=0.5615 ms avg throuhgput (requests/sec) = 1030.2262 res=false
*==== INFO ====*  stream_id=2157996 latency=0.514212 ms (tx_ts=85270866480179, rx_ts=85270866994391) request_id=4611186 zil_blk_id=2157996 ccf_commit_seqno=4611186 nstreams_done_=539500 config.nstreams=1000000 avg_latency=0.5615 ms avg throuhgput (requests/sec) = 1030.2251 res=false
*==== INFO ====*  stream_id=2159996 latency=0.636901 ms (tx_ts=85271344491251, rx_ts=85271345128152) request_id=4614434 zil_blk_id=2159996 ccf_commit_seqno=4614436 nstreams_done_=540000 config.nstreams=1000000 avg_latency=0.5615 ms avg throuhgput (requests/sec) = 1030.2393 res=false
*==== INFO ====*  stream_id=2161996 latency=1.604971 ms (tx_ts=85271810585375, rx_ts=85271812190346) request_id=4617591 zil_blk_id=2161996 ccf_commit_seqno=4617591 nstreams_done_=540500 config.nstreams=1000000 avg_latency=0.5614 ms avg throuhgput (requests/sec) = 1030.2752 res=false
*==== INFO ====*  stream_id=2163996 latency=0.524241 ms (tx_ts=85272285699299, rx_ts=85272286223540) request_id=4620800 zil_blk_id=2163996 ccf_commit_seqno=4620800 nstreams_done_=541000 config.nstreams=1000000 avg_latency=0.5614 ms avg throuhgput (requests/sec) = 1030.2973 res=false
*==== INFO ====*  stream_id=2165996 latency=0.516656 ms (tx_ts=85272782772032, rx_ts=85272783288688) request_id=4624191 zil_blk_id=2165996 ccf_commit_seqno=4624191 nstreams_done_=541500 config.nstreams=1000000 avg_latency=0.5614 ms avg throuhgput (requests/sec) = 1030.2742 res=false
*==== INFO ====*  stream_id=2167996 latency=0.602296 ms (tx_ts=85273298558571, rx_ts=85273299160867) request_id=4627695 zil_blk_id=2167996 ccf_commit_seqno=4627695 nstreams_done_=542000 config.nstreams=1000000 avg_latency=0.5614 ms avg throuhgput (requests/sec) = 1030.2144 res=false
*==== INFO ====*  stream_id=2169996 latency=0.466022 ms (tx_ts=85273789823078, rx_ts=85273790289100) request_id=4631007 zil_blk_id=2169996 ccf_commit_seqno=4631007 nstreams_done_=542500 config.nstreams=1000000 avg_latency=0.5614 ms avg throuhgput (requests/sec) = 1030.2030 res=false
*==== INFO ====*  stream_id=2171996 latency=0.465400 ms (tx_ts=85274282498109, rx_ts=85274282963509) request_id=4634324 zil_blk_id=2171996 ccf_commit_seqno=4634324 nstreams_done_=543000 config.nstreams=1000000 avg_latency=0.5614 ms avg throuhgput (requests/sec) = 1030.1887 res=false
*==== INFO ====*  stream_id=2173996 latency=0.530071 ms (tx_ts=85274766425896, rx_ts=85274766955967) request_id=4637625 zil_blk_id=2173996 ccf_commit_seqno=4637625 nstreams_done_=543500 config.nstreams=1000000 avg_latency=0.5613 ms avg throuhgput (requests/sec) = 1030.1913 res=false
*==== INFO ====*  stream_id=2175996 latency=0.469969 ms (tx_ts=85275261392607, rx_ts=85275261862576) request_id=4640990 zil_blk_id=2175996 ccf_commit_seqno=4640990 nstreams_done_=544000 config.nstreams=1000000 avg_latency=0.5613 ms avg throuhgput (requests/sec) = 1030.1727 res=false
*==== INFO ====*  stream_id=2177996 latency=0.467936 ms (tx_ts=85275728646832, rx_ts=85275729114768) request_id=4644180 zil_blk_id=2177996 ccf_commit_seqno=4644180 nstreams_done_=544500 config.nstreams=1000000 avg_latency=0.5613 ms avg throuhgput (requests/sec) = 1030.2080 res=false
*==== INFO ====*  stream_id=2179996 latency=0.529690 ms (tx_ts=85276219296310, rx_ts=85276219826000) request_id=4647552 zil_blk_id=2179996 ccf_commit_seqno=4647552 nstreams_done_=545000 config.nstreams=1000000 avg_latency=0.5613 ms avg throuhgput (requests/sec) = 1030.1975 res=false
*==== INFO ====*  stream_id=2181996 latency=0.482191 ms (tx_ts=85276722942280, rx_ts=85276723424471) request_id=4650956 zil_blk_id=2181996 ccf_commit_seqno=4650956 nstreams_done_=545500 config.nstreams=1000000 avg_latency=0.5613 ms avg throuhgput (requests/sec) = 1030.1620 res=false
*==== INFO ====*  stream_id=2183996 latency=0.489165 ms (tx_ts=85277221196743, rx_ts=85277221685908) request_id=4654454 zil_blk_id=2183996 ccf_commit_seqno=4654454 nstreams_done_=546000 config.nstreams=1000000 avg_latency=0.5613 ms avg throuhgput (requests/sec) = 1030.1369 res=false
*==== INFO ====*  stream_id=2185996 latency=0.469198 ms (tx_ts=85277705345541, rx_ts=85277705814739) request_id=4657843 zil_blk_id=2185996 ccf_commit_seqno=4657843 nstreams_done_=546500 config.nstreams=1000000 avg_latency=0.5612 ms avg throuhgput (requests/sec) = 1030.1393 res=false
*==== INFO ====*  stream_id=2187996 latency=0.526264 ms (tx_ts=85278213691933, rx_ts=85278214218197) request_id=4661278 zil_blk_id=2187996 ccf_commit_seqno=4661278 nstreams_done_=547000 config.nstreams=1000000 avg_latency=0.5612 ms avg throuhgput (requests/sec) = 1030.0947 res=false
*==== INFO ====*  stream_id=2189996 latency=0.585204 ms (tx_ts=85278697697860, rx_ts=85278698283064) request_id=4664620 zil_blk_id=2189996 ccf_commit_seqno=4664620 nstreams_done_=547500 config.nstreams=1000000 avg_latency=0.5612 ms avg throuhgput (requests/sec) = 1030.0972 res=false
*==== INFO ====*  stream_id=2191996 latency=0.478555 ms (tx_ts=85279183280177, rx_ts=85279183758732) request_id=4667956 zil_blk_id=2191996 ccf_commit_seqno=4667956 nstreams_done_=548000 config.nstreams=1000000 avg_latency=0.5612 ms avg throuhgput (requests/sec) = 1030.0971 res=false
*==== INFO ====*  stream_id=2193996 latency=0.621843 ms (tx_ts=85279669946796, rx_ts=85279670568639) request_id=4671293 zil_blk_id=2193996 ccf_commit_seqno=4671294 nstreams_done_=548500 config.nstreams=1000000 avg_latency=0.5612 ms avg throuhgput (requests/sec) = 1030.0943 res=false
*==== INFO ====*  stream_id=2195996 latency=0.549858 ms (tx_ts=85280183464451, rx_ts=85280184014309) request_id=4674765 zil_blk_id=2195996 ccf_commit_seqno=4674766 nstreams_done_=549000 config.nstreams=1000000 avg_latency=0.5611 ms avg throuhgput (requests/sec) = 1030.0401 res=false
*==== INFO ====*  stream_id=2197996 latency=0.536743 ms (tx_ts=85280660922720, rx_ts=85280661459463) request_id=4678091 zil_blk_id=2197996 ccf_commit_seqno=4678091 nstreams_done_=549500 config.nstreams=1000000 avg_latency=0.5611 ms avg throuhgput (requests/sec) = 1030.0555 res=false
*==== INFO ====*  stream_id=2199996 latency=0.492972 ms (tx_ts=85281148293602, rx_ts=85281148786574) request_id=4681387 zil_blk_id=2199996 ccf_commit_seqno=4681387 nstreams_done_=550000 config.nstreams=1000000 avg_latency=0.5611 ms avg throuhgput (requests/sec) = 1030.0518 res=false
*==== INFO ====*  stream_id=2201996 latency=0.502570 ms (tx_ts=85281636238759, rx_ts=85281636741329) request_id=4684761 zil_blk_id=2201996 ccf_commit_seqno=4684761 nstreams_done_=550500 config.nstreams=1000000 avg_latency=0.5611 ms avg throuhgput (requests/sec) = 1030.0469 res=false
*==== INFO ====*  stream_id=2203996 latency=0.556992 ms (tx_ts=85282150809423, rx_ts=85282151366415) request_id=4688230 zil_blk_id=2203996 ccf_commit_seqno=4688230 nstreams_done_=551000 config.nstreams=1000000 avg_latency=0.5611 ms avg throuhgput (requests/sec) = 1029.9907 res=false
*==== INFO ====*  stream_id=2205996 latency=0.580505 ms (tx_ts=85282662524284, rx_ts=85282663104789) request_id=4691685 zil_blk_id=2205996 ccf_commit_seqno=4691686 nstreams_done_=551500 config.nstreams=1000000 avg_latency=0.5611 ms avg throuhgput (requests/sec) = 1029.9401 res=false
*==== INFO ====*  stream_id=2207996 latency=0.510174 ms (tx_ts=85283192126501, rx_ts=85283192636675) request_id=4695202 zil_blk_id=2207996 ccf_commit_seqno=4695202 nstreams_done_=552000 config.nstreams=1000000 avg_latency=0.5611 ms avg throuhgput (requests/sec) = 1029.8554 res=false
*==== INFO ====*  stream_id=2209996 latency=0.570147 ms (tx_ts=85283679063008, rx_ts=85283679633155) request_id=4698574 zil_blk_id=2209996 ccf_commit_seqno=4698574 nstreams_done_=552500 config.nstreams=1000000 avg_latency=0.5611 ms avg throuhgput (requests/sec) = 1029.8525 res=false
*==== INFO ====*  stream_id=2211996 latency=0.513250 ms (tx_ts=85284165469701, rx_ts=85284165982951) request_id=4701887 zil_blk_id=2211996 ccf_commit_seqno=4701887 nstreams_done_=553000 config.nstreams=1000000 avg_latency=0.5611 ms avg throuhgput (requests/sec) = 1029.8509 res=false
*==== INFO ====*  stream_id=2213996 latency=0.552604 ms (tx_ts=85284653505827, rx_ts=85284654058431) request_id=4705232 zil_blk_id=2213996 ccf_commit_seqno=4705232 nstreams_done_=553500 config.nstreams=1000000 avg_latency=0.5611 ms avg throuhgput (requests/sec) = 1029.8460 res=false
*==== INFO ====*  stream_id=2215996 latency=0.524821 ms (tx_ts=85285127334425, rx_ts=85285127859246) request_id=4708534 zil_blk_id=2215996 ccf_commit_seqno=4708535 nstreams_done_=554000 config.nstreams=1000000 avg_latency=0.5611 ms avg throuhgput (requests/sec) = 1029.8684 res=false
*==== INFO ====*  stream_id=2217996 latency=0.518901 ms (tx_ts=85285632597011, rx_ts=85285633115912) request_id=4711969 zil_blk_id=2217996 ccf_commit_seqno=4711969 nstreams_done_=554500 config.nstreams=1000000 avg_latency=0.5611 ms avg throuhgput (requests/sec) = 1029.8306 res=false
*==== INFO ====*  stream_id=2219996 latency=0.502529 ms (tx_ts=85286131950675, rx_ts=85286132453204) request_id=4715392 zil_blk_id=2219996 ccf_commit_seqno=4715392 nstreams_done_=555000 config.nstreams=1000000 avg_latency=0.5611 ms avg throuhgput (requests/sec) = 1029.8042 res=false
*==== INFO ====*  stream_id=2221996 latency=0.667108 ms (tx_ts=85286602021330, rx_ts=85286602688438) request_id=4718703 zil_blk_id=2221996 ccf_commit_seqno=4718703 nstreams_done_=555500 config.nstreams=1000000 avg_latency=0.5611 ms avg throuhgput (requests/sec) = 1029.8334 res=false
*==== INFO ====*  stream_id=2223996 latency=0.491850 ms (tx_ts=85287089738713, rx_ts=85287090230563) request_id=4722064 zil_blk_id=2223996 ccf_commit_seqno=4722064 nstreams_done_=556000 config.nstreams=1000000 avg_latency=0.5611 ms avg throuhgput (requests/sec) = 1029.8295 res=false
*==== INFO ====*  stream_id=2225996 latency=0.510986 ms (tx_ts=85287599222423, rx_ts=85287599733409) request_id=4725596 zil_blk_id=2225996 ccf_commit_seqno=4725596 nstreams_done_=556500 config.nstreams=1000000 avg_latency=0.5611 ms avg throuhgput (requests/sec) = 1029.7838 res=false
*==== INFO ====*  stream_id=2227996 latency=0.620100 ms (tx_ts=85288115931631, rx_ts=85288116551731) request_id=4729136 zil_blk_id=2227996 ccf_commit_seqno=4729137 nstreams_done_=557000 config.nstreams=1000000 avg_latency=0.5611 ms avg throuhgput (requests/sec) = 1029.7243 res=false
*==== INFO ====*  stream_id=2229996 latency=0.477253 ms (tx_ts=85288608574461, rx_ts=85288609051714) request_id=4732612 zil_blk_id=2229996 ccf_commit_seqno=4732612 nstreams_done_=557500 config.nstreams=1000000 avg_latency=0.5611 ms avg throuhgput (requests/sec) = 1029.7111 res=false
*==== INFO ====*  stream_id=2231996 latency=0.664964 ms (tx_ts=85289119216711, rx_ts=85289119881675) request_id=4736119 zil_blk_id=2231996 ccf_commit_seqno=4736120 nstreams_done_=558000 config.nstreams=1000000 avg_latency=0.5611 ms avg throuhgput (requests/sec) = 1029.6631 res=false
*==== INFO ====*  stream_id=2233996 latency=0.512248 ms (tx_ts=85289604587711, rx_ts=85289605099959) request_id=4739443 zil_blk_id=2233996 ccf_commit_seqno=4739443 nstreams_done_=558500 config.nstreams=1000000 avg_latency=0.5610 ms avg throuhgput (requests/sec) = 1029.6638 res=false
*==== INFO ====*  stream_id=2235996 latency=0.605753 ms (tx_ts=85290133676746, rx_ts=85290134282499) request_id=4742837 zil_blk_id=2235996 ccf_commit_seqno=4742838 nstreams_done_=559000 config.nstreams=1000000 avg_latency=0.5611 ms avg throuhgput (requests/sec) = 1029.5812 res=false
*==== INFO ====*  stream_id=2237996 latency=0.525733 ms (tx_ts=85290603756023, rx_ts=85290604281756) request_id=4746029 zil_blk_id=2237996 ccf_commit_seqno=4746029 nstreams_done_=559500 config.nstreams=1000000 avg_latency=0.5611 ms avg throuhgput (requests/sec) = 1029.6108 res=false
*==== INFO ====*  stream_id=2239996 latency=0.608338 ms (tx_ts=85291072869114, rx_ts=85291073477452) request_id=4749305 zil_blk_id=2239996 ccf_commit_seqno=4749306 nstreams_done_=560000 config.nstreams=1000000 avg_latency=0.5611 ms avg throuhgput (requests/sec) = 1029.6419 res=false
*==== INFO ====*  stream_id=2241996 latency=0.535572 ms (tx_ts=85291540602672, rx_ts=85291541138244) request_id=4752532 zil_blk_id=2241996 ccf_commit_seqno=4752532 nstreams_done_=560500 config.nstreams=1000000 avg_latency=0.5611 ms avg throuhgput (requests/sec) = 1029.6758 res=false
*==== INFO ====*  stream_id=2243996 latency=0.542104 ms (tx_ts=85291999267632, rx_ts=85291999809736) request_id=4755744 zil_blk_id=2243996 ccf_commit_seqno=4755744 nstreams_done_=561000 config.nstreams=1000000 avg_latency=0.5610 ms avg throuhgput (requests/sec) = 1029.7267 res=false
*==== INFO ====*  stream_id=2245996 latency=0.493473 ms (tx_ts=85292470953669, rx_ts=85292471447142) request_id=4759013 zil_blk_id=2245996 ccf_commit_seqno=4759013 nstreams_done_=561500 config.nstreams=1000000 avg_latency=0.5610 ms avg throuhgput (requests/sec) = 1029.7530 res=false
*==== INFO ====*  stream_id=2247996 latency=0.564536 ms (tx_ts=85292968929401, rx_ts=85292969493937) request_id=4762297 zil_blk_id=2247996 ccf_commit_seqno=4762297 nstreams_done_=562000 config.nstreams=1000000 avg_latency=0.5610 ms avg throuhgput (requests/sec) = 1029.7294 res=false
*==== INFO ====*  stream_id=2249996 latency=0.501247 ms (tx_ts=85293468850850, rx_ts=85293469352097) request_id=4765771 zil_blk_id=2249996 ccf_commit_seqno=4765771 nstreams_done_=562500 config.nstreams=1000000 avg_latency=0.5610 ms avg throuhgput (requests/sec) = 1029.7025 res=false
*==== INFO ====*  stream_id=2251996 latency=0.455091 ms (tx_ts=85293957670854, rx_ts=85293958125945) request_id=4769149 zil_blk_id=2251996 ccf_commit_seqno=4769149 nstreams_done_=563000 config.nstreams=1000000 avg_latency=0.5610 ms avg throuhgput (requests/sec) = 1029.6965 res=false
*==== INFO ====*  stream_id=2253996 latency=0.559587 ms (tx_ts=85294455968181, rx_ts=85294456527768) request_id=4772528 zil_blk_id=2253996 ccf_commit_seqno=4772528 nstreams_done_=563500 config.nstreams=1000000 avg_latency=0.5609 ms avg throuhgput (requests/sec) = 1029.6723 res=false
*==== INFO ====*  stream_id=2255996 latency=0.518009 ms (tx_ts=85294938018219, rx_ts=85294938536228) request_id=4775876 zil_blk_id=2255996 ccf_commit_seqno=4775876 nstreams_done_=564000 config.nstreams=1000000 avg_latency=0.5609 ms avg throuhgput (requests/sec) = 1029.6791 res=false
*==== INFO ====*  stream_id=2257996 latency=0.510084 ms (tx_ts=85295442783838, rx_ts=85295443293922) request_id=4779299 zil_blk_id=2257996 ccf_commit_seqno=4779299 nstreams_done_=564500 config.nstreams=1000000 avg_latency=0.5609 ms avg throuhgput (requests/sec) = 1029.6431 res=false
*==== INFO ====*  stream_id=2259996 latency=0.533037 ms (tx_ts=85295946117072, rx_ts=85295946650109) request_id=4782717 zil_blk_id=2259996 ccf_commit_seqno=4782717 nstreams_done_=565000 config.nstreams=1000000 avg_latency=0.5609 ms avg throuhgput (requests/sec) = 1029.6098 res=false
*==== INFO ====*  stream_id=2261996 latency=0.517368 ms (tx_ts=85296431267371, rx_ts=85296431784739) request_id=4786052 zil_blk_id=2261996 ccf_commit_seqno=4786052 nstreams_done_=565500 config.nstreams=1000000 avg_latency=0.5608 ms avg throuhgput (requests/sec) = 1029.6107 res=false
*==== INFO ====*  stream_id=2263996 latency=0.530362 ms (tx_ts=85296904829069, rx_ts=85296905359431) request_id=4789268 zil_blk_id=2263996 ccf_commit_seqno=4789268 nstreams_done_=566000 config.nstreams=1000000 avg_latency=0.5608 ms avg throuhgput (requests/sec) = 1029.6332 res=false
*==== INFO ====*  stream_id=2265996 latency=0.511287 ms (tx_ts=85297385268423, rx_ts=85297385779710) request_id=4792543 zil_blk_id=2265996 ccf_commit_seqno=4792543 nstreams_done_=566500 config.nstreams=1000000 avg_latency=0.5608 ms avg throuhgput (requests/sec) = 1029.6430 res=false
*==== INFO ====*  stream_id=2267996 latency=0.673309 ms (tx_ts=85297862240749, rx_ts=85297862914058) request_id=4795848 zil_blk_id=2267996 ccf_commit_seqno=4795849 nstreams_done_=567000 config.nstreams=1000000 avg_latency=0.5608 ms avg throuhgput (requests/sec) = 1029.6588 res=false
*==== INFO ====*  stream_id=2269996 latency=0.580265 ms (tx_ts=85298374779458, rx_ts=85298375359723) request_id=4799307 zil_blk_id=2269996 ccf_commit_seqno=4799307 nstreams_done_=567500 config.nstreams=1000000 avg_latency=0.5608 ms avg throuhgput (requests/sec) = 1029.6086 res=false
*==== INFO ====*  stream_id=2271996 latency=0.481240 ms (tx_ts=85298860771288, rx_ts=85298861252528) request_id=4802638 zil_blk_id=2271996 ccf_commit_seqno=4802638 nstreams_done_=568000 config.nstreams=1000000 avg_latency=0.5608 ms avg throuhgput (requests/sec) = 1029.6081 res=false
*==== INFO ====*  stream_id=2273996 latency=0.533027 ms (tx_ts=85299353919596, rx_ts=85299354452623) request_id=4805951 zil_blk_id=2273996 ccf_commit_seqno=4805951 nstreams_done_=568500 config.nstreams=1000000 avg_latency=0.5608 ms avg throuhgput (requests/sec) = 1029.5940 res=false
*==== INFO ====*  stream_id=2275996 latency=0.544228 ms (tx_ts=85299849512191, rx_ts=85299850056419) request_id=4809297 zil_blk_id=2275996 ccf_commit_seqno=4809297 nstreams_done_=569000 config.nstreams=1000000 avg_latency=0.5607 ms avg throuhgput (requests/sec) = 1029.5754 res=false
*==== INFO ====*  stream_id=2277996 latency=0.484136 ms (tx_ts=85300339573770, rx_ts=85300340057906) request_id=4812666 zil_blk_id=2277996 ccf_commit_seqno=4812666 nstreams_done_=569500 config.nstreams=1000000 avg_latency=0.5607 ms avg throuhgput (requests/sec) = 1029.5673 res=false
*==== INFO ====*  stream_id=2279996 latency=0.487712 ms (tx_ts=85300840180845, rx_ts=85300840668557) request_id=4816093 zil_blk_id=2279996 ccf_commit_seqno=4816093 nstreams_done_=570000 config.nstreams=1000000 avg_latency=0.5607 ms avg throuhgput (requests/sec) = 1029.5395 res=false
*==== INFO ====*  stream_id=2281996 latency=0.486630 ms (tx_ts=85301345833830, rx_ts=85301346320460) request_id=4819560 zil_blk_id=2281996 ccf_commit_seqno=4819560 nstreams_done_=570500 config.nstreams=1000000 avg_latency=0.5607 ms avg throuhgput (requests/sec) = 1029.5023 res=false
*==== INFO ====*  stream_id=2283996 latency=0.472323 ms (tx_ts=85301829436956, rx_ts=85301829909279) request_id=4822897 zil_blk_id=2283996 ccf_commit_seqno=4822897 nstreams_done_=571000 config.nstreams=1000000 avg_latency=0.5607 ms avg throuhgput (requests/sec) = 1029.5062 res=false
*==== INFO ====*  stream_id=2285996 latency=0.476852 ms (tx_ts=85302317311510, rx_ts=85302317788362) request_id=4826238 zil_blk_id=2285996 ccf_commit_seqno=4826238 nstreams_done_=571500 config.nstreams=1000000 avg_latency=0.5607 ms avg throuhgput (requests/sec) = 1029.5021 res=false
*==== INFO ====*  stream_id=2287996 latency=0.495096 ms (tx_ts=85302808341531, rx_ts=85302808836627) request_id=4829644 zil_blk_id=2287996 ccf_commit_seqno=4829644 nstreams_done_=572000 config.nstreams=1000000 avg_latency=0.5606 ms avg throuhgput (requests/sec) = 1029.4921 res=false
*==== INFO ====*  stream_id=2289996 latency=0.476962 ms (tx_ts=85303309461405, rx_ts=85303309938367) request_id=4833064 zil_blk_id=2289996 ccf_commit_seqno=4833064 nstreams_done_=572500 config.nstreams=1000000 avg_latency=0.5606 ms avg throuhgput (requests/sec) = 1029.4636 res=false
*==== INFO ====*  stream_id=2291996 latency=0.507879 ms (tx_ts=85303813464247, rx_ts=85303813972126) request_id=4836480 zil_blk_id=2291996 ccf_commit_seqno=4836480 nstreams_done_=573000 config.nstreams=1000000 avg_latency=0.5606 ms avg throuhgput (requests/sec) = 1029.4296 res=false
*==== INFO ====*  stream_id=2293996 latency=0.556070 ms (tx_ts=85304313502322, rx_ts=85304314058392) request_id=4839904 zil_blk_id=2293996 ccf_commit_seqno=4839905 nstreams_done_=573500 config.nstreams=1000000 avg_latency=0.5606 ms avg throuhgput (requests/sec) = 1029.4031 res=false
*==== INFO ====*  stream_id=2295996 latency=0.531614 ms (tx_ts=85304804485557, rx_ts=85304805017171) request_id=4843300 zil_blk_id=2295996 ccf_commit_seqno=4843300 nstreams_done_=574000 config.nstreams=1000000 avg_latency=0.5605 ms avg throuhgput (requests/sec) = 1029.3934 res=false
*==== INFO ====*  stream_id=2297996 latency=0.545580 ms (tx_ts=85305270128619, rx_ts=85305270674199) request_id=4846543 zil_blk_id=2297996 ccf_commit_seqno=4846543 nstreams_done_=574500 config.nstreams=1000000 avg_latency=0.5605 ms avg throuhgput (requests/sec) = 1029.4304 res=false
*==== INFO ====*  stream_id=2299996 latency=0.489615 ms (tx_ts=85305750289376, rx_ts=85305750778991) request_id=4849793 zil_blk_id=2299996 ccf_commit_seqno=4849793 nstreams_done_=575000 config.nstreams=1000000 avg_latency=0.5605 ms avg throuhgput (requests/sec) = 1029.4407 res=false
*==== INFO ====*  stream_id=2301996 latency=0.724405 ms (tx_ts=85306233319729, rx_ts=85306234044134) request_id=4853025 zil_blk_id=2301996 ccf_commit_seqno=4853025 nstreams_done_=575500 config.nstreams=1000000 avg_latency=0.5605 ms avg throuhgput (requests/sec) = 1029.4452 res=false
*==== INFO ====*  stream_id=2303996 latency=0.544970 ms (tx_ts=85306705398318, rx_ts=85306705943288) request_id=4856247 zil_blk_id=2303996 ccf_commit_seqno=4856247 nstreams_done_=576000 config.nstreams=1000000 avg_latency=0.5605 ms avg throuhgput (requests/sec) = 1029.4706 res=false
*==== INFO ====*  stream_id=2305996 latency=0.550790 ms (tx_ts=85307175480243, rx_ts=85307176031033) request_id=4859449 zil_blk_id=2305996 ccf_commit_seqno=4859449 nstreams_done_=576500 config.nstreams=1000000 avg_latency=0.5605 ms avg throuhgput (requests/sec) = 1029.4993 res=false
*==== INFO ====*  stream_id=2307996 latency=0.505345 ms (tx_ts=85307672180317, rx_ts=85307672685662) request_id=4862851 zil_blk_id=2307996 ccf_commit_seqno=4862851 nstreams_done_=577000 config.nstreams=1000000 avg_latency=0.5604 ms avg throuhgput (requests/sec) = 1029.4791 res=false
*==== INFO ====*  stream_id=2309996 latency=0.578411 ms (tx_ts=85308166447609, rx_ts=85308167026020) request_id=4866254 zil_blk_id=2309996 ccf_commit_seqno=4866255 nstreams_done_=577500 config.nstreams=1000000 avg_latency=0.5604 ms avg throuhgput (requests/sec) = 1029.4632 res=false
*==== INFO ====*  stream_id=2311996 latency=0.474848 ms (tx_ts=85308659523241, rx_ts=85308659998089) request_id=4869658 zil_blk_id=2311996 ccf_commit_seqno=4869658 nstreams_done_=578000 config.nstreams=1000000 avg_latency=0.5604 ms avg throuhgput (requests/sec) = 1029.4499 res=false
*==== INFO ====*  stream_id=2313996 latency=0.520133 ms (tx_ts=85309147679634, rx_ts=85309148199767) request_id=4873045 zil_blk_id=2313996 ccf_commit_seqno=4873045 nstreams_done_=578500 config.nstreams=1000000 avg_latency=0.5604 ms avg throuhgput (requests/sec) = 1029.4453 res=false
*==== INFO ====*  stream_id=2315996 latency=0.532296 ms (tx_ts=85309634847329, rx_ts=85309635379625) request_id=4876426 zil_blk_id=2315996 ccf_commit_seqno=4876426 nstreams_done_=579000 config.nstreams=1000000 avg_latency=0.5603 ms avg throuhgput (requests/sec) = 1029.4426 res=false
*==== INFO ====*  stream_id=2317996 latency=0.508241 ms (tx_ts=85310155224949, rx_ts=85310155733190) request_id=4880026 zil_blk_id=2317996 ccf_commit_seqno=4880026 nstreams_done_=579500 config.nstreams=1000000 avg_latency=0.5603 ms avg throuhgput (requests/sec) = 1029.3792 res=false
*==== INFO ====*  stream_id=2319996 latency=0.601355 ms (tx_ts=85310652470733, rx_ts=85310653072088) request_id=4883506 zil_blk_id=2319996 ccf_commit_seqno=4883506 nstreams_done_=580000 config.nstreams=1000000 avg_latency=0.5603 ms avg throuhgput (requests/sec) = 1029.3580 res=false
*==== INFO ====*  stream_id=2321996 latency=0.546142 ms (tx_ts=85311209988792, rx_ts=85311210534934) request_id=4887023 zil_blk_id=2321996 ccf_commit_seqno=4887023 nstreams_done_=580500 config.nstreams=1000000 avg_latency=0.5603 ms avg throuhgput (requests/sec) = 1029.2271 res=false
*==== INFO ====*  stream_id=2323996 latency=0.496189 ms (tx_ts=85311773018324, rx_ts=85311773514513) request_id=4890415 zil_blk_id=2323996 ccf_commit_seqno=4890415 nstreams_done_=581000 config.nstreams=1000000 avg_latency=0.5603 ms avg throuhgput (requests/sec) = 1029.0864 res=false
*==== INFO ====*  stream_id=2325996 latency=0.509854 ms (tx_ts=85312322046136, rx_ts=85312322555990) request_id=4893814 zil_blk_id=2325996 ccf_commit_seqno=4893814 nstreams_done_=581500 config.nstreams=1000000 avg_latency=0.5603 ms avg throuhgput (requests/sec) = 1028.9713 res=false
*==== INFO ====*  stream_id=2327996 latency=0.532025 ms (tx_ts=85312865767328, rx_ts=85312866299353) request_id=4897187 zil_blk_id=2327996 ccf_commit_seqno=4897187 nstreams_done_=582000 config.nstreams=1000000 avg_latency=0.5603 ms avg throuhgput (requests/sec) = 1028.8662 res=false
*==== INFO ====*  stream_id=2329996 latency=0.491179 ms (tx_ts=85313397850702, rx_ts=85313398341881) request_id=4900556 zil_blk_id=2329996 ccf_commit_seqno=4900556 nstreams_done_=582500 config.nstreams=1000000 avg_latency=0.5603 ms avg throuhgput (requests/sec) = 1028.7824 res=false
*==== INFO ====*  stream_id=2331996 latency=0.479387 ms (tx_ts=85313901686498, rx_ts=85313902165885) request_id=4903991 zil_blk_id=2331996 ccf_commit_seqno=4903991 nstreams_done_=583000 config.nstreams=1000000 avg_latency=0.5603 ms avg throuhgput (requests/sec) = 1028.7501 res=false
*==== INFO ====*  stream_id=2333996 latency=0.664283 ms (tx_ts=85314401220654, rx_ts=85314401884937) request_id=4907424 zil_blk_id=2333996 ccf_commit_seqno=4907424 nstreams_done_=583500 config.nstreams=1000000 avg_latency=0.5603 ms avg throuhgput (requests/sec) = 1028.7253 res=false
*==== INFO ====*  stream_id=2335996 latency=0.505957 ms (tx_ts=85314883852787, rx_ts=85314884358744) request_id=4910832 zil_blk_id=2335996 ccf_commit_seqno=4910833 nstreams_done_=584000 config.nstreams=1000000 avg_latency=0.5603 ms avg throuhgput (requests/sec) = 1028.7317 res=false
*==== INFO ====*  stream_id=2337996 latency=0.479758 ms (tx_ts=85315364443691, rx_ts=85315364923449) request_id=4914171 zil_blk_id=2337996 ccf_commit_seqno=4914171 nstreams_done_=584500 config.nstreams=1000000 avg_latency=0.5602 ms avg throuhgput (requests/sec) = 1028.7416 res=false
*==== INFO ====*  stream_id=2339996 latency=0.613036 ms (tx_ts=85315859495282, rx_ts=85315860108318) request_id=4917571 zil_blk_id=2339996 ccf_commit_seqno=4917572 nstreams_done_=585000 config.nstreams=1000000 avg_latency=0.5602 ms avg throuhgput (requests/sec) = 1028.7251 res=false
*==== INFO ====*  stream_id=2341996 latency=0.516997 ms (tx_ts=85316355321343, rx_ts=85316355838340) request_id=4920943 zil_blk_id=2341996 ccf_commit_seqno=4920943 nstreams_done_=585500 config.nstreams=1000000 avg_latency=0.5602 ms avg throuhgput (requests/sec) = 1028.7076 res=false
*==== INFO ====*  stream_id=2343996 latency=0.509242 ms (tx_ts=85316830911582, rx_ts=85316831420824) request_id=4924260 zil_blk_id=2343996 ccf_commit_seqno=4924260 nstreams_done_=586000 config.nstreams=1000000 avg_latency=0.5602 ms avg throuhgput (requests/sec) = 1028.7265 res=false
*==== INFO ====*  stream_id=2345996 latency=0.553889 ms (tx_ts=85317307778705, rx_ts=85317308332594) request_id=4927610 zil_blk_id=2345996 ccf_commit_seqno=4927610 nstreams_done_=586500 config.nstreams=1000000 avg_latency=0.5602 ms avg throuhgput (requests/sec) = 1028.7429 res=false
*==== INFO ====*  stream_id=2347996 latency=0.526308 ms (tx_ts=85317784032569, rx_ts=85317784558877) request_id=4930952 zil_blk_id=2347996 ccf_commit_seqno=4930952 nstreams_done_=587000 config.nstreams=1000000 avg_latency=0.5602 ms avg throuhgput (requests/sec) = 1028.7606 res=false
*==== INFO ====*  stream_id=2349996 latency=0.486502 ms (tx_ts=85318239167545, rx_ts=85318239654047) request_id=4934099 zil_blk_id=2349996 ccf_commit_seqno=4934099 nstreams_done_=587500 config.nstreams=1000000 avg_latency=0.5601 ms avg throuhgput (requests/sec) = 1028.8163 res=false
*==== INFO ====*  stream_id=2351996 latency=0.526815 ms (tx_ts=85318704339401, rx_ts=85318704866216) request_id=4937246 zil_blk_id=2351996 ccf_commit_seqno=4937246 nstreams_done_=588000 config.nstreams=1000000 avg_latency=0.5601 ms avg throuhgput (requests/sec) = 1028.8537 res=false
*==== INFO ====*  stream_id=2353996 latency=0.501779 ms (tx_ts=85319148969436, rx_ts=85319149471215) request_id=4940456 zil_blk_id=2353996 ccf_commit_seqno=4940456 nstreams_done_=588500 config.nstreams=1000000 avg_latency=0.5601 ms avg throuhgput (requests/sec) = 1028.9282 res=false
*==== INFO ====*  stream_id=2355996 latency=0.543908 ms (tx_ts=85319606705867, rx_ts=85319607249775) request_id=4943631 zil_blk_id=2355996 ccf_commit_seqno=4943632 nstreams_done_=589000 config.nstreams=1000000 avg_latency=0.5601 ms avg throuhgput (requests/sec) = 1028.9788 res=false
*==== INFO ====*  stream_id=2357996 latency=0.519231 ms (tx_ts=85320069923481, rx_ts=85320070442712) request_id=4946828 zil_blk_id=2357996 ccf_commit_seqno=4946828 nstreams_done_=589500 config.nstreams=1000000 avg_latency=0.5601 ms avg throuhgput (requests/sec) = 1029.0196 res=false
*==== INFO ====*  stream_id=2359996 latency=0.523810 ms (tx_ts=85320606147167, rx_ts=85320606670977) request_id=4950468 zil_blk_id=2359996 ccf_commit_seqno=4950468 nstreams_done_=590000 config.nstreams=1000000 avg_latency=0.5601 ms avg throuhgput (requests/sec) = 1028.9293 res=false
*==== INFO ====*  stream_id=2361996 latency=0.493614 ms (tx_ts=85321101777897, rx_ts=85321102271511) request_id=4953898 zil_blk_id=2361996 ccf_commit_seqno=4953898 nstreams_done_=590500 config.nstreams=1000000 avg_latency=0.5601 ms avg throuhgput (requests/sec) = 1028.9120 res=false
*==== INFO ====*  stream_id=2363996 latency=0.470951 ms (tx_ts=85321594651072, rx_ts=85321595122023) request_id=4957294 zil_blk_id=2363996 ccf_commit_seqno=4957294 nstreams_done_=591000 config.nstreams=1000000 avg_latency=0.5600 ms avg throuhgput (requests/sec) = 1028.8996 res=false
*==== INFO ====*  stream_id=2365996 latency=0.485288 ms (tx_ts=85322087362354, rx_ts=85322087847642) request_id=4960736 zil_blk_id=2365996 ccf_commit_seqno=4960736 nstreams_done_=591500 config.nstreams=1000000 avg_latency=0.5600 ms avg throuhgput (requests/sec) = 1028.8875 res=false
*==== INFO ====*  stream_id=2367996 latency=0.490838 ms (tx_ts=85322574907663, rx_ts=85322575398501) request_id=4964095 zil_blk_id=2367996 ccf_commit_seqno=4964095 nstreams_done_=592000 config.nstreams=1000000 avg_latency=0.5600 ms avg throuhgput (requests/sec) = 1028.8846 res=false
*==== INFO ====*  stream_id=2369996 latency=0.627493 ms (tx_ts=85323055057526, rx_ts=85323055685019) request_id=4967298 zil_blk_id=2369996 ccf_commit_seqno=4967299 nstreams_done_=592500 config.nstreams=1000000 avg_latency=0.5600 ms avg throuhgput (requests/sec) = 1028.8948 res=false
*==== INFO ====*  stream_id=2371996 latency=0.476091 ms (tx_ts=85323527227187, rx_ts=85323527703278) request_id=4970477 zil_blk_id=2371996 ccf_commit_seqno=4970477 nstreams_done_=593000 config.nstreams=1000000 avg_latency=0.5600 ms avg throuhgput (requests/sec) = 1028.9197 res=false
*==== INFO ====*  stream_id=2373996 latency=0.554147 ms (tx_ts=85324025071838, rx_ts=85324025625985) request_id=4973887 zil_blk_id=2373996 ccf_commit_seqno=4973887 nstreams_done_=593500 config.nstreams=1000000 avg_latency=0.5599 ms avg throuhgput (requests/sec) = 1028.8983 res=false
*==== INFO ====*  stream_id=2375996 latency=0.494746 ms (tx_ts=85324499710054, rx_ts=85324500204800) request_id=4977085 zil_blk_id=2375996 ccf_commit_seqno=4977085 nstreams_done_=594000 config.nstreams=1000000 avg_latency=0.5599 ms avg throuhgput (requests/sec) = 1028.9186 res=false
*==== INFO ====*  stream_id=2377996 latency=0.614449 ms (tx_ts=85324983782330, rx_ts=85324984396779) request_id=4980427 zil_blk_id=2377996 ccf_commit_seqno=4980427 nstreams_done_=594500 config.nstreams=1000000 avg_latency=0.5599 ms avg throuhgput (requests/sec) = 1028.9217 res=false
*==== INFO ====*  stream_id=2379996 latency=0.505996 ms (tx_ts=85325483615726, rx_ts=85325484121722) request_id=4983787 zil_blk_id=2379996 ccf_commit_seqno=4983787 nstreams_done_=595000 config.nstreams=1000000 avg_latency=0.5599 ms avg throuhgput (requests/sec) = 1028.8972 res=false
*==== INFO ====*  stream_id=2381996 latency=0.479987 ms (tx_ts=85325971684678, rx_ts=85325972164665) request_id=4987122 zil_blk_id=2381996 ccf_commit_seqno=4987122 nstreams_done_=595500 config.nstreams=1000000 avg_latency=0.5598 ms avg throuhgput (requests/sec) = 1028.8935 res=false
*==== INFO ====*  stream_id=2383996 latency=0.516757 ms (tx_ts=85326474502655, rx_ts=85326475019412) request_id=4990513 zil_blk_id=2383996 ccf_commit_seqno=4990513 nstreams_done_=596000 config.nstreams=1000000 avg_latency=0.5598 ms avg throuhgput (requests/sec) = 1028.8635 res=false
*==== INFO ====*  stream_id=2385996 latency=0.468616 ms (tx_ts=85326971013732, rx_ts=85326971482348) request_id=4993912 zil_blk_id=2385996 ccf_commit_seqno=4993912 nstreams_done_=596500 config.nstreams=1000000 avg_latency=0.5598 ms avg throuhgput (requests/sec) = 1028.8449 res=false
*==== INFO ====*  stream_id=2387996 latency=0.500676 ms (tx_ts=85327444108456, rx_ts=85327444609132) request_id=4997156 zil_blk_id=2387996 ccf_commit_seqno=4997156 nstreams_done_=597000 config.nstreams=1000000 avg_latency=0.5597 ms avg throuhgput (requests/sec) = 1028.8677 res=false
*==== INFO ====*  stream_id=2389996 latency=0.486289 ms (tx_ts=85327911066084, rx_ts=85327911552373) request_id=5000346 zil_blk_id=2389996 ccf_commit_seqno=5000346 nstreams_done_=597500 config.nstreams=1000000 avg_latency=0.5597 ms avg throuhgput (requests/sec) = 1028.9014 res=false
*==== INFO ====*  stream_id=2391996 latency=0.516295 ms (tx_ts=85328365275729, rx_ts=85328365792024) request_id=5003547 zil_blk_id=2391996 ccf_commit_seqno=5003547 nstreams_done_=598000 config.nstreams=1000000 avg_latency=0.5597 ms avg throuhgput (requests/sec) = 1028.9575 res=false
*==== INFO ====*  stream_id=2393996 latency=0.495286 ms (tx_ts=85328818917268, rx_ts=85328819412554) request_id=5006733 zil_blk_id=2393996 ccf_commit_seqno=5006733 nstreams_done_=598500 config.nstreams=1000000 avg_latency=0.5596 ms avg throuhgput (requests/sec) = 1029.0147 res=false
*==== INFO ====*  stream_id=2395996 latency=0.542845 ms (tx_ts=85329283582001, rx_ts=85329284124846) request_id=5009963 zil_blk_id=2395996 ccf_commit_seqno=5009963 nstreams_done_=599000 config.nstreams=1000000 avg_latency=0.5596 ms avg throuhgput (requests/sec) = 1029.0521 res=false
*==== INFO ====*  stream_id=2397996 latency=0.480128 ms (tx_ts=85329727652589, rx_ts=85329728132717) request_id=5013067 zil_blk_id=2397996 ccf_commit_seqno=5013067 nstreams_done_=599500 config.nstreams=1000000 avg_latency=0.5596 ms avg throuhgput (requests/sec) = 1029.1261 res=false
*==== INFO ====*  stream_id=2399996 latency=0.581508 ms (tx_ts=85330209080243, rx_ts=85330209661751) request_id=5016406 zil_blk_id=2399996 ccf_commit_seqno=5016407 nstreams_done_=600000 config.nstreams=1000000 avg_latency=0.5596 ms avg throuhgput (requests/sec) = 1029.1337 res=false
*==== INFO ====*  stream_id=2401996 latency=0.566970 ms (tx_ts=85330679545596, rx_ts=85330680112566) request_id=5019756 zil_blk_id=2401996 ccf_commit_seqno=5019756 nstreams_done_=600500 config.nstreams=1000000 avg_latency=0.5596 ms avg throuhgput (requests/sec) = 1029.1609 res=false
*==== INFO ====*  stream_id=2403996 latency=0.503809 ms (tx_ts=85331138439106, rx_ts=85331138942915) request_id=5023036 zil_blk_id=2403996 ccf_commit_seqno=5023036 nstreams_done_=601000 config.nstreams=1000000 avg_latency=0.5596 ms avg throuhgput (requests/sec) = 1029.2085 res=false
*==== INFO ====*  stream_id=2405996 latency=0.530693 ms (tx_ts=85331612871313, rx_ts=85331613402006) request_id=5026358 zil_blk_id=2405996 ccf_commit_seqno=5026358 nstreams_done_=601500 config.nstreams=1000000 avg_latency=0.5595 ms avg throuhgput (requests/sec) = 1029.2285 res=false
*==== INFO ====*  stream_id=2407996 latency=0.569415 ms (tx_ts=85332081893107, rx_ts=85332082462522) request_id=5029677 zil_blk_id=2407996 ccf_commit_seqno=5029678 nstreams_done_=602000 config.nstreams=1000000 avg_latency=0.5595 ms avg throuhgput (requests/sec) = 1029.2579 res=false
*==== INFO ====*  stream_id=2409996 latency=0.510174 ms (tx_ts=85332569757853, rx_ts=85332570268027) request_id=5033113 zil_blk_id=2409996 ccf_commit_seqno=5033113 nstreams_done_=602500 config.nstreams=1000000 avg_latency=0.5595 ms avg throuhgput (requests/sec) = 1029.2544 res=false
*==== INFO ====*  stream_id=2411996 latency=0.543456 ms (tx_ts=85333073444102, rx_ts=85333073987558) request_id=5036480 zil_blk_id=2411996 ccf_commit_seqno=5036480 nstreams_done_=603000 config.nstreams=1000000 avg_latency=0.5595 ms avg throuhgput (requests/sec) = 1029.2229 res=false
*==== INFO ====*  stream_id=2413996 latency=0.586797 ms (tx_ts=85333559178041, rx_ts=85333559764838) request_id=5039790 zil_blk_id=2413996 ccf_commit_seqno=5039792 nstreams_done_=603500 config.nstreams=1000000 avg_latency=0.5595 ms avg throuhgput (requests/sec) = 1029.2229 res=false
*==== INFO ====*  stream_id=2415996 latency=0.576758 ms (tx_ts=85334060820373, rx_ts=85334061397131) request_id=5043189 zil_blk_id=2415996 ccf_commit_seqno=5043190 nstreams_done_=604000 config.nstreams=1000000 avg_latency=0.5595 ms avg throuhgput (requests/sec) = 1029.1952 res=false
*==== INFO ====*  stream_id=2417996 latency=0.583886 ms (tx_ts=85334557350375, rx_ts=85334557934261) request_id=5046539 zil_blk_id=2417996 ccf_commit_seqno=5046539 nstreams_done_=604500 config.nstreams=1000000 avg_latency=0.5595 ms avg throuhgput (requests/sec) = 1029.1764 res=false
*==== INFO ====*  stream_id=2419996 latency=0.560759 ms (tx_ts=85335040734382, rx_ts=85335041295141) request_id=5049861 zil_blk_id=2419996 ccf_commit_seqno=5049861 nstreams_done_=605000 config.nstreams=1000000 avg_latency=0.5595 ms avg throuhgput (requests/sec) = 1029.1807 res=false
*==== INFO ====*  stream_id=2421996 latency=0.514492 ms (tx_ts=85335533028860, rx_ts=85335533543352) request_id=5053173 zil_blk_id=2421996 ccf_commit_seqno=5053173 nstreams_done_=605500 config.nstreams=1000000 avg_latency=0.5595 ms avg throuhgput (requests/sec) = 1029.1695 res=false
*==== INFO ====*  stream_id=2423996 latency=0.472534 ms (tx_ts=85336070772624, rx_ts=85336071245158) request_id=5056437 zil_blk_id=2423996 ccf_commit_seqno=5056437 nstreams_done_=606000 config.nstreams=1000000 avg_latency=0.5595 ms avg throuhgput (requests/sec) = 1029.0788 res=false
*==== INFO ====*  stream_id=2425996 latency=0.529570 ms (tx_ts=85336552616503, rx_ts=85336553146073) request_id=5059692 zil_blk_id=2425996 ccf_commit_seqno=5059692 nstreams_done_=606500 config.nstreams=1000000 avg_latency=0.5595 ms avg throuhgput (requests/sec) = 1029.0857 res=false
*==== INFO ====*  stream_id=2427996 latency=0.513731 ms (tx_ts=85337008868280, rx_ts=85337009382011) request_id=5062880 zil_blk_id=2427996 ccf_commit_seqno=5062881 nstreams_done_=607000 config.nstreams=1000000 avg_latency=0.5595 ms avg throuhgput (requests/sec) = 1029.1374 res=false
*==== INFO ====*  stream_id=2429996 latency=0.470430 ms (tx_ts=85337477506533, rx_ts=85337477976963) request_id=5066179 zil_blk_id=2429996 ccf_commit_seqno=5066179 nstreams_done_=607500 config.nstreams=1000000 avg_latency=0.5594 ms avg throuhgput (requests/sec) = 1029.1675 res=false
*==== INFO ====*  stream_id=2431996 latency=0.509984 ms (tx_ts=85337953989896, rx_ts=85337954499880) request_id=5069507 zil_blk_id=2431996 ccf_commit_seqno=5069507 nstreams_done_=608000 config.nstreams=1000000 avg_latency=0.5594 ms avg throuhgput (requests/sec) = 1029.1837 res=false
*==== INFO ====*  stream_id=2433996 latency=0.538998 ms (tx_ts=85338418808477, rx_ts=85338419347475) request_id=5072777 zil_blk_id=2433996 ccf_commit_seqno=5072778 nstreams_done_=608500 config.nstreams=1000000 avg_latency=0.5594 ms avg throuhgput (requests/sec) = 1029.2202 res=false
*==== INFO ====*  stream_id=2435996 latency=0.497591 ms (tx_ts=85338887740362, rx_ts=85338888237953) request_id=5076013 zil_blk_id=2435996 ccf_commit_seqno=5076013 nstreams_done_=609000 config.nstreams=1000000 avg_latency=0.5593 ms avg throuhgput (requests/sec) = 1029.2497 res=false
*==== INFO ====*  stream_id=2437996 latency=0.472574 ms (tx_ts=85339391651685, rx_ts=85339392124259) request_id=5079434 zil_blk_id=2437996 ccf_commit_seqno=5079434 nstreams_done_=609500 config.nstreams=1000000 avg_latency=0.5593 ms avg throuhgput (requests/sec) = 1029.2182 res=false
*==== INFO ====*  stream_id=2439996 latency=0.493804 ms (tx_ts=85339870802851, rx_ts=85339871296655) request_id=5082778 zil_blk_id=2439996 ccf_commit_seqno=5082778 nstreams_done_=610000 config.nstreams=1000000 avg_latency=0.5593 ms avg throuhgput (requests/sec) = 1029.2297 res=false
*==== INFO ====*  stream_id=2441996 latency=0.499153 ms (tx_ts=85340391495052, rx_ts=85340391994205) request_id=5086273 zil_blk_id=2441996 ccf_commit_seqno=5086273 nstreams_done_=610500 config.nstreams=1000000 avg_latency=0.5593 ms avg throuhgput (requests/sec) = 1029.1692 res=false
*==== INFO ====*  stream_id=2443996 latency=0.576488 ms (tx_ts=85340868149775, rx_ts=85340868726263) request_id=5089528 zil_blk_id=2443996 ccf_commit_seqno=5089528 nstreams_done_=611000 config.nstreams=1000000 avg_latency=0.5593 ms avg throuhgput (requests/sec) = 1029.1849 res=false
*==== INFO ====*  stream_id=2445996 latency=0.493624 ms (tx_ts=85341335238550, rx_ts=85341335732174) request_id=5092739 zil_blk_id=2445996 ccf_commit_seqno=5092739 nstreams_done_=611500 config.nstreams=1000000 avg_latency=0.5593 ms avg throuhgput (requests/sec) = 1029.2175 res=false
*==== INFO ====*  stream_id=2447996 latency=0.516235 ms (tx_ts=85341802167399, rx_ts=85341802683634) request_id=5095937 zil_blk_id=2447996 ccf_commit_seqno=5095937 nstreams_done_=612000 config.nstreams=1000000 avg_latency=0.5593 ms avg throuhgput (requests/sec) = 1029.2502 res=false
*==== INFO ====*  stream_id=2449996 latency=0.522227 ms (tx_ts=85342277403667, rx_ts=85342277925894) request_id=5099117 zil_blk_id=2449996 ccf_commit_seqno=5099117 nstreams_done_=612500 config.nstreams=1000000 avg_latency=0.5593 ms avg throuhgput (requests/sec) = 1029.2684 res=false
*==== INFO ====*  stream_id=2451996 latency=0.475319 ms (tx_ts=85342776507596, rx_ts=85342776982915) request_id=5102441 zil_blk_id=2451996 ccf_commit_seqno=5102441 nstreams_done_=613000 config.nstreams=1000000 avg_latency=0.5593 ms avg throuhgput (requests/sec) = 1029.2455 res=false
*==== INFO ====*  stream_id=2453996 latency=0.529210 ms (tx_ts=85343303237144, rx_ts=85343303766354) request_id=5105928 zil_blk_id=2453996 ccf_commit_seqno=5105928 nstreams_done_=613500 config.nstreams=1000000 avg_latency=0.5593 ms avg throuhgput (requests/sec) = 1029.1747 res=false
*==== INFO ====*  stream_id=2455996 latency=0.555279 ms (tx_ts=85343796178293, rx_ts=85343796733572) request_id=5109329 zil_blk_id=2455996 ccf_commit_seqno=5109329 nstreams_done_=614000 config.nstreams=1000000 avg_latency=0.5593 ms avg throuhgput (requests/sec) = 1029.1624 res=false
*==== INFO ====*  stream_id=2457996 latency=0.580766 ms (tx_ts=85344286353966, rx_ts=85344286934732) request_id=5112665 zil_blk_id=2457996 ccf_commit_seqno=5112665 nstreams_done_=614500 config.nstreams=1000000 avg_latency=0.5593 ms avg throuhgput (requests/sec) = 1029.1548 res=false
*==== INFO ====*  stream_id=2459996 latency=0.586056 ms (tx_ts=85344756564388, rx_ts=85344757150444) request_id=5115899 zil_blk_id=2459996 ccf_commit_seqno=5115899 nstreams_done_=615000 config.nstreams=1000000 avg_latency=0.5593 ms avg throuhgput (requests/sec) = 1029.1817 res=false
*==== INFO ====*  stream_id=2461996 latency=0.486530 ms (tx_ts=85345215115105, rx_ts=85345215601635) request_id=5119066 zil_blk_id=2461996 ccf_commit_seqno=5119066 nstreams_done_=615500 config.nstreams=1000000 avg_latency=0.5593 ms avg throuhgput (requests/sec) = 1029.2289 res=false
*==== INFO ====*  stream_id=2463996 latency=0.613848 ms (tx_ts=85345693596918, rx_ts=85345694210766) request_id=5122303 zil_blk_id=2463996 ccf_commit_seqno=5122303 nstreams_done_=616000 config.nstreams=1000000 avg_latency=0.5593 ms avg throuhgput (requests/sec) = 1029.2412 res=false
*==== INFO ====*  stream_id=2465996 latency=0.589051 ms (tx_ts=85346188909022, rx_ts=85346189498073) request_id=5125685 zil_blk_id=2465996 ccf_commit_seqno=5125686 nstreams_done_=616500 config.nstreams=1000000 avg_latency=0.5592 ms avg throuhgput (requests/sec) = 1029.2249 res=false
*==== INFO ====*  stream_id=2467996 latency=0.491339 ms (tx_ts=85346688739964, rx_ts=85346689231303) request_id=5129144 zil_blk_id=2467996 ccf_commit_seqno=5129144 nstreams_done_=617000 config.nstreams=1000000 avg_latency=0.5592 ms avg throuhgput (requests/sec) = 1029.2010 res=false
*==== INFO ====*  stream_id=2469996 latency=0.577901 ms (tx_ts=85347177810343, rx_ts=85347178388244) request_id=5132497 zil_blk_id=2469996 ccf_commit_seqno=5132497 nstreams_done_=617500 config.nstreams=1000000 avg_latency=0.5592 ms avg throuhgput (requests/sec) = 1029.1953 res=false
*==== INFO ====*  stream_id=2471996 latency=0.476862 ms (tx_ts=85347675686703, rx_ts=85347676163565) request_id=5135945 zil_blk_id=2471996 ccf_commit_seqno=5135945 nstreams_done_=618000 config.nstreams=1000000 avg_latency=0.5592 ms avg throuhgput (requests/sec) = 1029.1748 res=false
*==== INFO ====*  stream_id=2473996 latency=0.539830 ms (tx_ts=85348169972687, rx_ts=85348170512517) request_id=5139355 zil_blk_id=2473996 ccf_commit_seqno=5139355 nstreams_done_=618500 config.nstreams=1000000 avg_latency=0.5592 ms avg throuhgput (requests/sec) = 1029.1602 res=false
*==== INFO ====*  stream_id=2475996 latency=0.585726 ms (tx_ts=85348661314467, rx_ts=85348661900193) request_id=5142749 zil_blk_id=2475996 ccf_commit_seqno=5142749 nstreams_done_=619000 config.nstreams=1000000 avg_latency=0.5592 ms avg throuhgput (requests/sec) = 1029.1507 res=false
*==== INFO ====*  stream_id=2477996 latency=0.506447 ms (tx_ts=85349160861808, rx_ts=85349161368255) request_id=5146186 zil_blk_id=2477996 ccf_commit_seqno=5146186 nstreams_done_=619500 config.nstreams=1000000 avg_latency=0.5592 ms avg throuhgput (requests/sec) = 1029.1274 res=false
*==== INFO ====*  stream_id=2479996 latency=0.503141 ms (tx_ts=85349643262325, rx_ts=85349643765466) request_id=5149504 zil_blk_id=2479996 ccf_commit_seqno=5149504 nstreams_done_=620000 config.nstreams=1000000 avg_latency=0.5592 ms avg throuhgput (requests/sec) = 1029.1333 res=false
*==== INFO ====*  stream_id=2481996 latency=0.606855 ms (tx_ts=85350150830775, rx_ts=85350151437630) request_id=5152911 zil_blk_id=2481996 ccf_commit_seqno=5152912 nstreams_done_=620500 config.nstreams=1000000 avg_latency=0.5592 ms avg throuhgput (requests/sec) = 1029.0960 res=false
*==== INFO ====*  stream_id=2483996 latency=0.509296 ms (tx_ts=85350649464063, rx_ts=85350649973359) request_id=5156267 zil_blk_id=2483996 ccf_commit_seqno=5156267 nstreams_done_=621000 config.nstreams=1000000 avg_latency=0.5592 ms avg throuhgput (requests/sec) = 1029.0744 res=false
*==== INFO ====*  stream_id=2485996 latency=0.519361 ms (tx_ts=85351139582199, rx_ts=85351140101560) request_id=5159621 zil_blk_id=2485996 ccf_commit_seqno=5159621 nstreams_done_=621500 config.nstreams=1000000 avg_latency=0.5592 ms avg throuhgput (requests/sec) = 1029.0671 res=false
*==== INFO ====*  stream_id=2487996 latency=0.534089 ms (tx_ts=85351628692593, rx_ts=85351629226682) request_id=5162944 zil_blk_id=2487996 ccf_commit_seqno=5162944 nstreams_done_=622000 config.nstreams=1000000 avg_latency=0.5592 ms avg throuhgput (requests/sec) = 1029.0616 res=false
*==== INFO ====*  stream_id=2489996 latency=0.630138 ms (tx_ts=85352111724712, rx_ts=85352112354850) request_id=5166217 zil_blk_id=2489996 ccf_commit_seqno=5166217 nstreams_done_=622500 config.nstreams=1000000 avg_latency=0.5592 ms avg throuhgput (requests/sec) = 1029.0663 res=false
*==== INFO ====*  stream_id=2491996 latency=0.487191 ms (tx_ts=85352615768683, rx_ts=85352616255874) request_id=5169590 zil_blk_id=2491996 ccf_commit_seqno=5169590 nstreams_done_=623000 config.nstreams=1000000 avg_latency=0.5592 ms avg throuhgput (requests/sec) = 1029.0357 res=false
*==== INFO ====*  stream_id=2493996 latency=0.556601 ms (tx_ts=85353102082309, rx_ts=85353102638910) request_id=5172914 zil_blk_id=2493996 ccf_commit_seqno=5172914 nstreams_done_=623500 config.nstreams=1000000 avg_latency=0.5592 ms avg throuhgput (requests/sec) = 1029.0348 res=false
*==== INFO ====*  stream_id=2495996 latency=0.643504 ms (tx_ts=85353594811859, rx_ts=85353595455363) request_id=5176330 zil_blk_id=2495996 ccf_commit_seqno=5176330 nstreams_done_=624000 config.nstreams=1000000 avg_latency=0.5592 ms avg throuhgput (requests/sec) = 1029.0231 res=false
*==== INFO ====*  stream_id=2497996 latency=0.490387 ms (tx_ts=85354085409258, rx_ts=85354085899645) request_id=5179654 zil_blk_id=2497996 ccf_commit_seqno=5179654 nstreams_done_=624500 config.nstreams=1000000 avg_latency=0.5591 ms avg throuhgput (requests/sec) = 1029.0154 res=false
*==== INFO ====*  stream_id=2499996 latency=0.527897 ms (tx_ts=85354591972167, rx_ts=85354592500064) request_id=5183155 zil_blk_id=2499996 ccf_commit_seqno=5183155 nstreams_done_=625000 config.nstreams=1000000 avg_latency=0.5591 ms avg throuhgput (requests/sec) = 1028.9803 res=false
*==== INFO ====*  stream_id=2501996 latency=0.610352 ms (tx_ts=85355092430288, rx_ts=85355093040640) request_id=5186616 zil_blk_id=2501996 ccf_commit_seqno=5186618 nstreams_done_=625500 config.nstreams=1000000 avg_latency=0.5591 ms avg throuhgput (requests/sec) = 1028.9555 res=false
*==== INFO ====*  stream_id=2503996 latency=0.522828 ms (tx_ts=85355581831659, rx_ts=85355582354487) request_id=5190071 zil_blk_id=2503996 ccf_commit_seqno=5190071 nstreams_done_=626000 config.nstreams=1000000 avg_latency=0.5591 ms avg throuhgput (requests/sec) = 1028.9498 res=false
*==== INFO ====*  stream_id=2505996 latency=0.556341 ms (tx_ts=85356083022123, rx_ts=85356083578464) request_id=5193522 zil_blk_id=2505996 ccf_commit_seqno=5193523 nstreams_done_=626500 config.nstreams=1000000 avg_latency=0.5591 ms avg throuhgput (requests/sec) = 1028.9240 res=false
*==== INFO ====*  stream_id=2507996 latency=0.506367 ms (tx_ts=85356583698155, rx_ts=85356584204522) request_id=5196986 zil_blk_id=2507996 ccf_commit_seqno=5196986 nstreams_done_=627000 config.nstreams=1000000 avg_latency=0.5591 ms avg throuhgput (requests/sec) = 1028.8992 res=false
*==== INFO ====*  stream_id=2509996 latency=0.579123 ms (tx_ts=85357076021792, rx_ts=85357076600915) request_id=5200361 zil_blk_id=2509996 ccf_commit_seqno=5200361 nstreams_done_=627500 config.nstreams=1000000 avg_latency=0.5591 ms avg throuhgput (requests/sec) = 1028.8883 res=false
*==== INFO ====*  stream_id=2511996 latency=0.531745 ms (tx_ts=85357555661120, rx_ts=85357556192865) request_id=5203647 zil_blk_id=2511996 ccf_commit_seqno=5203647 nstreams_done_=628000 config.nstreams=1000000 avg_latency=0.5590 ms avg throuhgput (requests/sec) = 1028.8991 res=false
*==== INFO ====*  stream_id=2513996 latency=0.524350 ms (tx_ts=85358051849963, rx_ts=85358052374313) request_id=5207028 zil_blk_id=2513996 ccf_commit_seqno=5207028 nstreams_done_=628500 config.nstreams=1000000 avg_latency=0.5590 ms avg throuhgput (requests/sec) = 1028.8818 res=false
*==== INFO ====*  stream_id=2515996 latency=0.572170 ms (tx_ts=85358541585856, rx_ts=85358542158026) request_id=5210361 zil_blk_id=2515996 ccf_commit_seqno=5210361 nstreams_done_=629000 config.nstreams=1000000 avg_latency=0.5590 ms avg throuhgput (requests/sec) = 1028.8754 res=false
*==== INFO ====*  stream_id=2517996 latency=0.587038 ms (tx_ts=85359023638117, rx_ts=85359024225155) request_id=5213586 zil_blk_id=2517996 ccf_commit_seqno=5213586 nstreams_done_=629500 config.nstreams=1000000 avg_latency=0.5590 ms avg throuhgput (requests/sec) = 1028.8820 res=false
*==== INFO ====*  stream_id=2519996 latency=0.497511 ms (tx_ts=85359518876646, rx_ts=85359519374157) request_id=5216979 zil_blk_id=2519996 ccf_commit_seqno=5216979 nstreams_done_=630000 config.nstreams=1000000 avg_latency=0.5590 ms avg throuhgput (requests/sec) = 1028.8665 res=false
*==== INFO ====*  stream_id=2521996 latency=0.556692 ms (tx_ts=85360035054134, rx_ts=85360035610826) request_id=5220480 zil_blk_id=2521996 ccf_commit_seqno=5220480 nstreams_done_=630500 config.nstreams=1000000 avg_latency=0.5589 ms avg throuhgput (requests/sec) = 1028.8157 res=false
*==== INFO ====*  stream_id=2523996 latency=0.532516 ms (tx_ts=85360543020234, rx_ts=85360543552750) request_id=5224001 zil_blk_id=2523996 ccf_commit_seqno=5224001 nstreams_done_=631000 config.nstreams=1000000 avg_latency=0.5589 ms avg throuhgput (requests/sec) = 1028.7789 res=false
*==== INFO ====*  stream_id=2525996 latency=0.498492 ms (tx_ts=85361026799967, rx_ts=85361027298459) request_id=5227392 zil_blk_id=2525996 ccf_commit_seqno=5227392 nstreams_done_=631500 config.nstreams=1000000 avg_latency=0.5589 ms avg throuhgput (requests/sec) = 1028.7827 res=false
*==== INFO ====*  stream_id=2527996 latency=0.518039 ms (tx_ts=85361543209830, rx_ts=85361543727869) request_id=5230756 zil_blk_id=2527996 ccf_commit_seqno=5230756 nstreams_done_=632000 config.nstreams=1000000 avg_latency=0.5589 ms avg throuhgput (requests/sec) = 1028.7318 res=false
*==== INFO ====*  stream_id=2529996 latency=0.484617 ms (tx_ts=85362027828722, rx_ts=85362028313339) request_id=5234111 zil_blk_id=2529996 ccf_commit_seqno=5234111 nstreams_done_=632500 config.nstreams=1000000 avg_latency=0.5589 ms avg throuhgput (requests/sec) = 1028.7342 res=false
*==== INFO ====*  stream_id=2531996 latency=0.573713 ms (tx_ts=85362518342565, rx_ts=85362518916278) request_id=5237507 zil_blk_id=2531996 ccf_commit_seqno=5237507 nstreams_done_=633000 config.nstreams=1000000 avg_latency=0.5588 ms avg throuhgput (requests/sec) = 1028.7266 res=false
*==== INFO ====*  stream_id=2533996 latency=0.706862 ms (tx_ts=85363018417586, rx_ts=85363019124448) request_id=5240886 zil_blk_id=2533996 ccf_commit_seqno=5240887 nstreams_done_=633500 config.nstreams=1000000 avg_latency=0.5588 ms avg throuhgput (requests/sec) = 1028.7029 res=false
*==== INFO ====*  stream_id=2535996 latency=0.459770 ms (tx_ts=85363500907704, rx_ts=85363501367474) request_id=5244213 zil_blk_id=2535996 ccf_commit_seqno=5244213 nstreams_done_=634000 config.nstreams=1000000 avg_latency=0.5588 ms avg throuhgput (requests/sec) = 1028.7092 res=false
*==== INFO ====*  stream_id=2537996 latency=0.577119 ms (tx_ts=85363987079695, rx_ts=85363987656814) request_id=5247418 zil_blk_id=2537996 ccf_commit_seqno=5247418 nstreams_done_=634500 config.nstreams=1000000 avg_latency=0.5588 ms avg throuhgput (requests/sec) = 1028.7088 res=false
*==== INFO ====*  stream_id=2539996 latency=0.654654 ms (tx_ts=85364481559317, rx_ts=85364482213971) request_id=5250749 zil_blk_id=2539996 ccf_commit_seqno=5250750 nstreams_done_=635000 config.nstreams=1000000 avg_latency=0.5588 ms avg throuhgput (requests/sec) = 1028.6947 res=false
*==== INFO ====*  stream_id=2541996 latency=0.541102 ms (tx_ts=85364972997193, rx_ts=85364973538295) request_id=5254008 zil_blk_id=2541996 ccf_commit_seqno=5254008 nstreams_done_=635500 config.nstreams=1000000 avg_latency=0.5588 ms avg throuhgput (requests/sec) = 1028.6859 res=false
*==== INFO ====*  stream_id=2543996 latency=0.532252 ms (tx_ts=85365468106676, rx_ts=85365468638928) request_id=5257334 zil_blk_id=2543996 ccf_commit_seqno=5257334 nstreams_done_=636000 config.nstreams=1000000 avg_latency=0.5587 ms avg throuhgput (requests/sec) = 1028.6708 res=false
*==== INFO ====*  stream_id=2545996 latency=0.598269 ms (tx_ts=85365958570636, rx_ts=85365959168905) request_id=5260678 zil_blk_id=2545996 ccf_commit_seqno=5260678 nstreams_done_=636500 config.nstreams=1000000 avg_latency=0.5587 ms avg throuhgput (requests/sec) = 1028.6634 res=false
*==== INFO ====*  stream_id=2547996 latency=0.510204 ms (tx_ts=85366434171921, rx_ts=85366434682125) request_id=5264007 zil_blk_id=2547996 ccf_commit_seqno=5264007 nstreams_done_=637000 config.nstreams=1000000 avg_latency=0.5587 ms avg throuhgput (requests/sec) = 1028.6809 res=false
*==== INFO ====*  stream_id=2549996 latency=0.507789 ms (tx_ts=85366928396181, rx_ts=85366928903970) request_id=5267453 zil_blk_id=2549996 ccf_commit_seqno=5267453 nstreams_done_=637500 config.nstreams=1000000 avg_latency=0.5587 ms avg throuhgput (requests/sec) = 1028.6674 res=false
*==== INFO ====*  stream_id=2551996 latency=0.536073 ms (tx_ts=85367441578360, rx_ts=85367442114433) request_id=5270951 zil_blk_id=2551996 ccf_commit_seqno=5270951 nstreams_done_=638000 config.nstreams=1000000 avg_latency=0.5587 ms avg throuhgput (requests/sec) = 1028.6224 res=false
*==== INFO ====*  stream_id=2553996 latency=0.492340 ms (tx_ts=85367964444018, rx_ts=85367964936358) request_id=5274315 zil_blk_id=2553996 ccf_commit_seqno=5274315 nstreams_done_=638500 config.nstreams=1000000 avg_latency=0.5587 ms avg throuhgput (requests/sec) = 1028.5615 res=false
*==== INFO ====*  stream_id=2555996 latency=0.512839 ms (tx_ts=85368455859487, rx_ts=85368456372326) request_id=5277709 zil_blk_id=2555996 ccf_commit_seqno=5277709 nstreams_done_=639000 config.nstreams=1000000 avg_latency=0.5587 ms avg throuhgput (requests/sec) = 1028.5527 res=false
*==== INFO ====*  stream_id=2557996 latency=0.492872 ms (tx_ts=85368945821014, rx_ts=85368946313886) request_id=5281067 zil_blk_id=2557996 ccf_commit_seqno=5281067 nstreams_done_=639500 config.nstreams=1000000 avg_latency=0.5587 ms avg throuhgput (requests/sec) = 1028.5464 res=false
*==== INFO ====*  stream_id=2559996 latency=0.489245 ms (tx_ts=85369449461348, rx_ts=85369449950593) request_id=5284481 zil_blk_id=2559996 ccf_commit_seqno=5284481 nstreams_done_=640000 config.nstreams=1000000 avg_latency=0.5587 ms avg throuhgput (requests/sec) = 1028.5174 res=false
*==== INFO ====*  stream_id=2561996 latency=0.589202 ms (tx_ts=85369932653524, rx_ts=85369933242726) request_id=5287823 zil_blk_id=2561996 ccf_commit_seqno=5287823 nstreams_done_=640500 config.nstreams=1000000 avg_latency=0.5587 ms avg throuhgput (requests/sec) = 1028.5221 res=false
*==== INFO ====*  stream_id=2563996 latency=0.512148 ms (tx_ts=85370422144264, rx_ts=85370422656412) request_id=5291216 zil_blk_id=2563996 ccf_commit_seqno=5291216 nstreams_done_=641000 config.nstreams=1000000 avg_latency=0.5587 ms avg throuhgput (requests/sec) = 1028.5167 res=false
*==== INFO ====*  stream_id=2565996 latency=0.482542 ms (tx_ts=85370909105970, rx_ts=85370909588512) request_id=5294575 zil_blk_id=2565996 ccf_commit_seqno=5294575 nstreams_done_=641500 config.nstreams=1000000 avg_latency=0.5587 ms avg throuhgput (requests/sec) = 1028.5154 res=false
*==== INFO ====*  stream_id=2567996 latency=0.670514 ms (tx_ts=85371386434326, rx_ts=85371387104840) request_id=5297854 zil_blk_id=2567996 ccf_commit_seqno=5297855 nstreams_done_=642000 config.nstreams=1000000 avg_latency=0.5587 ms avg throuhgput (requests/sec) = 1028.5296 res=false
*==== INFO ====*  stream_id=2569996 latency=0.528298 ms (tx_ts=85371874506195, rx_ts=85371875034493) request_id=5301069 zil_blk_id=2569996 ccf_commit_seqno=5301069 nstreams_done_=642500 config.nstreams=1000000 avg_latency=0.5587 ms avg throuhgput (requests/sec) = 1028.5266 res=false
*==== INFO ====*  stream_id=2571996 latency=0.524622 ms (tx_ts=85372351732236, rx_ts=85372352256858) request_id=5304392 zil_blk_id=2571996 ccf_commit_seqno=5304392 nstreams_done_=643000 config.nstreams=1000000 avg_latency=0.5587 ms avg throuhgput (requests/sec) = 1028.5413 res=false
*==== INFO ====*  stream_id=2573996 latency=0.519061 ms (tx_ts=85372840229243, rx_ts=85372840748304) request_id=5307697 zil_blk_id=2573996 ccf_commit_seqno=5307697 nstreams_done_=643500 config.nstreams=1000000 avg_latency=0.5587 ms avg throuhgput (requests/sec) = 1028.5374 res=false
*==== INFO ====*  stream_id=2575996 latency=0.510164 ms (tx_ts=85373350104530, rx_ts=85373350614694) request_id=5311134 zil_blk_id=2575996 ccf_commit_seqno=5311135 nstreams_done_=644000 config.nstreams=1000000 avg_latency=0.5587 ms avg throuhgput (requests/sec) = 1028.4984 res=false
*==== INFO ====*  stream_id=2577996 latency=0.506056 ms (tx_ts=85373854144656, rx_ts=85373854650712) request_id=5314581 zil_blk_id=2577996 ccf_commit_seqno=5314581 nstreams_done_=644500 config.nstreams=1000000 avg_latency=0.5587 ms avg throuhgput (requests/sec) = 1028.4691 res=false
*==== INFO ====*  stream_id=2579996 latency=0.561060 ms (tx_ts=85374349794275, rx_ts=85374350355335) request_id=5317980 zil_blk_id=2579996 ccf_commit_seqno=5317980 nstreams_done_=645000 config.nstreams=1000000 avg_latency=0.5587 ms avg throuhgput (requests/sec) = 1028.4534 res=false
*==== INFO ====*  stream_id=2581996 latency=0.545320 ms (tx_ts=85374827523303, rx_ts=85374828068623) request_id=5321283 zil_blk_id=2581996 ccf_commit_seqno=5321284 nstreams_done_=645500 config.nstreams=1000000 avg_latency=0.5586 ms avg throuhgput (requests/sec) = 1028.4673 res=false
*==== INFO ====*  stream_id=2583996 latency=0.503141 ms (tx_ts=85375299437877, rx_ts=85375299941018) request_id=5324625 zil_blk_id=2583996 ccf_commit_seqno=5324625 nstreams_done_=646000 config.nstreams=1000000 avg_latency=0.5586 ms avg throuhgput (requests/sec) = 1028.4906 res=false
*==== INFO ====*  stream_id=2585996 latency=0.619728 ms (tx_ts=85375790626615, rx_ts=85375791246343) request_id=5328007 zil_blk_id=2585996 ccf_commit_seqno=5328007 nstreams_done_=646500 config.nstreams=1000000 avg_latency=0.5586 ms avg throuhgput (requests/sec) = 1028.4822 res=false
*==== INFO ====*  stream_id=2587996 latency=0.617635 ms (tx_ts=85376283825010, rx_ts=85376284442645) request_id=5331467 zil_blk_id=2587996 ccf_commit_seqno=5331468 nstreams_done_=647000 config.nstreams=1000000 avg_latency=0.5586 ms avg throuhgput (requests/sec) = 1028.4707 res=false
*==== INFO ====*  stream_id=2589996 latency=0.595577 ms (tx_ts=85376744942026, rx_ts=85376745537603) request_id=5334707 zil_blk_id=2589996 ccf_commit_seqno=5334707 nstreams_done_=647500 config.nstreams=1000000 avg_latency=0.5586 ms avg throuhgput (requests/sec) = 1028.5116 res=false
*==== INFO ====*  stream_id=2591996 latency=0.629498 ms (tx_ts=85377215149552, rx_ts=85377215779050) request_id=5337954 zil_blk_id=2591996 ccf_commit_seqno=5337954 nstreams_done_=648000 config.nstreams=1000000 avg_latency=0.5585 ms avg throuhgput (requests/sec) = 1028.5376 res=false
*==== INFO ====*  stream_id=2593996 latency=0.495046 ms (tx_ts=85377676594308, rx_ts=85377677089354) request_id=5341251 zil_blk_id=2593996 ccf_commit_seqno=5341251 nstreams_done_=648500 config.nstreams=1000000 avg_latency=0.5585 ms avg throuhgput (requests/sec) = 1028.5781 res=false
*==== INFO ====*  stream_id=2595996 latency=0.545560 ms (tx_ts=85378155111891, rx_ts=85378155657451) request_id=5344577 zil_blk_id=2595996 ccf_commit_seqno=5344577 nstreams_done_=649000 config.nstreams=1000000 avg_latency=0.5585 ms avg throuhgput (requests/sec) = 1028.5904 res=false
*==== INFO ====*  stream_id=2597996 latency=0.518219 ms (tx_ts=85378653337628, rx_ts=85378653855847) request_id=5348053 zil_blk_id=2597996 ccf_commit_seqno=5348053 nstreams_done_=649500 config.nstreams=1000000 avg_latency=0.5585 ms avg throuhgput (requests/sec) = 1028.5707 res=false
*==== INFO ====*  stream_id=2599996 latency=0.486259 ms (tx_ts=85379147833510, rx_ts=85379148319769) request_id=5351406 zil_blk_id=2599996 ccf_commit_seqno=5351406 nstreams_done_=650000 config.nstreams=1000000 avg_latency=0.5585 ms avg throuhgput (requests/sec) = 1028.5571 res=false
*==== INFO ====*  stream_id=2601996 latency=0.488764 ms (tx_ts=85379616382165, rx_ts=85379616870929) request_id=5354673 zil_blk_id=2601996 ccf_commit_seqno=5354673 nstreams_done_=650500 config.nstreams=1000000 avg_latency=0.5585 ms avg throuhgput (requests/sec) = 1028.5856 res=false
*==== INFO ====*  stream_id=2603996 latency=0.488704 ms (tx_ts=85380086760960, rx_ts=85380087249664) request_id=5357889 zil_blk_id=2603996 ccf_commit_seqno=5357889 nstreams_done_=651000 config.nstreams=1000000 avg_latency=0.5585 ms avg throuhgput (requests/sec) = 1028.6112 res=false
*==== INFO ====*  stream_id=2605996 latency=0.520554 ms (tx_ts=85380551680078, rx_ts=85380552200632) request_id=5361112 zil_blk_id=2605996 ccf_commit_seqno=5361112 nstreams_done_=651500 config.nstreams=1000000 avg_latency=0.5585 ms avg throuhgput (requests/sec) = 1028.6455 res=false
*==== INFO ====*  stream_id=2607996 latency=0.531083 ms (tx_ts=85381025503616, rx_ts=85381026034699) request_id=5364455 zil_blk_id=2607996 ccf_commit_seqno=5364455 nstreams_done_=652000 config.nstreams=1000000 avg_latency=0.5585 ms avg throuhgput (requests/sec) = 1028.6654 res=false
*==== INFO ====*  stream_id=2609996 latency=0.527176 ms (tx_ts=85381501131967, rx_ts=85381501659143) request_id=5367815 zil_blk_id=2609996 ccf_commit_seqno=5367815 nstreams_done_=652500 config.nstreams=1000000 avg_latency=0.5585 ms avg throuhgput (requests/sec) = 1028.6823 res=false
*==== INFO ====*  stream_id=2611996 latency=0.576559 ms (tx_ts=85381996947325, rx_ts=85381997523884) request_id=5371328 zil_blk_id=2611996 ccf_commit_seqno=5371328 nstreams_done_=653000 config.nstreams=1000000 avg_latency=0.5584 ms avg throuhgput (requests/sec) = 1028.6665 res=false
*==== INFO ====*  stream_id=2613996 latency=0.493493 ms (tx_ts=85382491549895, rx_ts=85382492043388) request_id=5374744 zil_blk_id=2613996 ccf_commit_seqno=5374744 nstreams_done_=653500 config.nstreams=1000000 avg_latency=0.5584 ms avg throuhgput (requests/sec) = 1028.6528 res=false
*==== INFO ====*  stream_id=2615996 latency=0.502861 ms (tx_ts=85382982351686, rx_ts=85382982854547) request_id=5378148 zil_blk_id=2615996 ccf_commit_seqno=5378148 nstreams_done_=654000 config.nstreams=1000000 avg_latency=0.5584 ms avg throuhgput (requests/sec) = 1028.6451 res=false
*==== INFO ====*  stream_id=2617996 latency=0.531584 ms (tx_ts=85383451313083, rx_ts=85383451844667) request_id=5381423 zil_blk_id=2617996 ccf_commit_seqno=5381423 nstreams_done_=654500 config.nstreams=1000000 avg_latency=0.5584 ms avg throuhgput (requests/sec) = 1028.6727 res=false
*==== INFO ====*  stream_id=2619996 latency=0.544829 ms (tx_ts=85383903045119, rx_ts=85383903589948) request_id=5384684 zil_blk_id=2619996 ccf_commit_seqno=5384684 nstreams_done_=655000 config.nstreams=1000000 avg_latency=0.5584 ms avg throuhgput (requests/sec) = 1028.7282 res=false
*==== INFO ====*  stream_id=2621996 latency=0.525713 ms (tx_ts=85384379075422, rx_ts=85384379601135) request_id=5387973 zil_blk_id=2621996 ccf_commit_seqno=5387973 nstreams_done_=655500 config.nstreams=1000000 avg_latency=0.5584 ms avg throuhgput (requests/sec) = 1028.7444 res=false
*==== INFO ====*  stream_id=2623996 latency=0.554737 ms (tx_ts=85384837957462, rx_ts=85384838512199) request_id=5391171 zil_blk_id=2623996 ccf_commit_seqno=5391171 nstreams_done_=656000 config.nstreams=1000000 avg_latency=0.5583 ms avg throuhgput (requests/sec) = 1028.7881 res=false
*==== INFO ====*  stream_id=2625996 latency=0.514162 ms (tx_ts=85385314698883, rx_ts=85385315213045) request_id=5394429 zil_blk_id=2625996 ccf_commit_seqno=5394429 nstreams_done_=656500 config.nstreams=1000000 avg_latency=0.5583 ms avg throuhgput (requests/sec) = 1028.8031 res=false
*==== INFO ====*  stream_id=2627996 latency=0.457225 ms (tx_ts=85385777232773, rx_ts=85385777689998) request_id=5397511 zil_blk_id=2627996 ccf_commit_seqno=5397511 nstreams_done_=657000 config.nstreams=1000000 avg_latency=0.5583 ms avg throuhgput (requests/sec) = 1028.8410 res=false
*==== INFO ====*  stream_id=2629996 latency=0.483754 ms (tx_ts=85386250625194, rx_ts=85386251108948) request_id=5400737 zil_blk_id=2629996 ccf_commit_seqno=5400737 nstreams_done_=657500 config.nstreams=1000000 avg_latency=0.5583 ms avg throuhgput (requests/sec) = 1028.8612 res=false
*==== INFO ====*  stream_id=2631996 latency=0.556010 ms (tx_ts=85386721635917, rx_ts=85386722191927) request_id=5403976 zil_blk_id=2631996 ccf_commit_seqno=5403977 nstreams_done_=658000 config.nstreams=1000000 avg_latency=0.5583 ms avg throuhgput (requests/sec) = 1028.8852 res=false
*==== INFO ====*  stream_id=2633996 latency=0.482582 ms (tx_ts=85387186778808, rx_ts=85387187261390) request_id=5407224 zil_blk_id=2633996 ccf_commit_seqno=5407224 nstreams_done_=658500 config.nstreams=1000000 avg_latency=0.5583 ms avg throuhgput (requests/sec) = 1028.9188 res=false
*==== INFO ====*  stream_id=2635996 latency=0.595313 ms (tx_ts=85387673369573, rx_ts=85387673964886) request_id=5410502 zil_blk_id=2635996 ccf_commit_seqno=5410502 nstreams_done_=659000 config.nstreams=1000000 avg_latency=0.5583 ms avg throuhgput (requests/sec) = 1028.9176 res=false
*==== INFO ====*  stream_id=2637996 latency=0.638284 ms (tx_ts=85388158286787, rx_ts=85388158925071) request_id=5413841 zil_blk_id=2637996 ccf_commit_seqno=5413842 nstreams_done_=659500 config.nstreams=1000000 avg_latency=0.5583 ms avg throuhgput (requests/sec) = 1028.9192 res=false
*==== INFO ====*  stream_id=2639996 latency=0.504243 ms (tx_ts=85388641204289, rx_ts=85388641708532) request_id=5417114 zil_blk_id=2639996 ccf_commit_seqno=5417114 nstreams_done_=660000 config.nstreams=1000000 avg_latency=0.5583 ms avg throuhgput (requests/sec) = 1028.9242 res=false
*==== INFO ====*  stream_id=2641996 latency=0.525864 ms (tx_ts=85389121353456, rx_ts=85389121879320) request_id=5420535 zil_blk_id=2641996 ccf_commit_seqno=5420535 nstreams_done_=660500 config.nstreams=1000000 avg_latency=0.5582 ms avg throuhgput (requests/sec) = 1028.9335 res=false
*==== INFO ====*  stream_id=2643996 latency=0.563504 ms (tx_ts=85389602253368, rx_ts=85389602816872) request_id=5423924 zil_blk_id=2643996 ccf_commit_seqno=5423924 nstreams_done_=661000 config.nstreams=1000000 avg_latency=0.5582 ms avg throuhgput (requests/sec) = 1028.9415 res=false
*==== INFO ====*  stream_id=2645996 latency=0.495847 ms (tx_ts=85390072315469, rx_ts=85390072811316) request_id=5427292 zil_blk_id=2645996 ccf_commit_seqno=5427292 nstreams_done_=661500 config.nstreams=1000000 avg_latency=0.5582 ms avg throuhgput (requests/sec) = 1028.9670 res=false
*==== INFO ====*  stream_id=2647996 latency=0.540221 ms (tx_ts=85390582953962, rx_ts=85390583494183) request_id=5430799 zil_blk_id=2647996 ccf_commit_seqno=5430799 nstreams_done_=662000 config.nstreams=1000000 avg_latency=0.5582 ms avg throuhgput (requests/sec) = 1028.9274 res=false
*==== INFO ====*  stream_id=2649996 latency=0.559437 ms (tx_ts=85391085277704, rx_ts=85391085837141) request_id=5434263 zil_blk_id=2649996 ccf_commit_seqno=5434264 nstreams_done_=662500 config.nstreams=1000000 avg_latency=0.5581 ms avg throuhgput (requests/sec) = 1028.9012 res=false
*==== INFO ====*  stream_id=2651996 latency=0.565528 ms (tx_ts=85391583210604, rx_ts=85391583776132) request_id=5437674 zil_blk_id=2651996 ccf_commit_seqno=5437675 nstreams_done_=663000 config.nstreams=1000000 avg_latency=0.5581 ms avg throuhgput (requests/sec) = 1028.8821 res=false
*==== INFO ====*  stream_id=2653996 latency=0.495987 ms (tx_ts=85392064423391, rx_ts=85392064919378) request_id=5441002 zil_blk_id=2653996 ccf_commit_seqno=5441002 nstreams_done_=663500 config.nstreams=1000000 avg_latency=0.5581 ms avg throuhgput (requests/sec) = 1028.8898 res=false
*==== INFO ====*  stream_id=2655996 latency=0.566340 ms (tx_ts=85392547890704, rx_ts=85392548457044) request_id=5444360 zil_blk_id=2655996 ccf_commit_seqno=5444360 nstreams_done_=664000 config.nstreams=1000000 avg_latency=0.5581 ms avg throuhgput (requests/sec) = 1028.8936 res=false
*==== INFO ====*  stream_id=2657996 latency=0.556782 ms (tx_ts=85393033996543, rx_ts=85393034553325) request_id=5447718 zil_blk_id=2657996 ccf_commit_seqno=5447719 nstreams_done_=664500 config.nstreams=1000000 avg_latency=0.5581 ms avg throuhgput (requests/sec) = 1028.8934 res=false
*==== INFO ====*  stream_id=2659996 latency=0.563734 ms (tx_ts=85393546219320, rx_ts=85393546783054) request_id=5451084 zil_blk_id=2659996 ccf_commit_seqno=5451084 nstreams_done_=665000 config.nstreams=1000000 avg_latency=0.5581 ms avg throuhgput (requests/sec) = 1028.8516 res=false
*==== INFO ====*  stream_id=2661996 latency=0.562332 ms (tx_ts=85394038705271, rx_ts=85394039267603) request_id=5454415 zil_blk_id=2661996 ccf_commit_seqno=5454415 nstreams_done_=665500 config.nstreams=1000000 avg_latency=0.5581 ms avg throuhgput (requests/sec) = 1028.8412 res=false
*==== INFO ====*  stream_id=2663996 latency=0.506307 ms (tx_ts=85394521988751, rx_ts=85394522495058) request_id=5457775 zil_blk_id=2663996 ccf_commit_seqno=5457775 nstreams_done_=666000 config.nstreams=1000000 avg_latency=0.5580 ms avg throuhgput (requests/sec) = 1028.8456 res=false
*==== INFO ====*  stream_id=2665996 latency=0.536273 ms (tx_ts=85395033669524, rx_ts=85395034205797) request_id=5461247 zil_blk_id=2665996 ccf_commit_seqno=5461247 nstreams_done_=666500 config.nstreams=1000000 avg_latency=0.5580 ms avg throuhgput (requests/sec) = 1028.8048 res=false
*==== INFO ====*  stream_id=2667996 latency=0.499785 ms (tx_ts=85395525300449, rx_ts=85395525800234) request_id=5464581 zil_blk_id=2667996 ccf_commit_seqno=5464581 nstreams_done_=667000 config.nstreams=1000000 avg_latency=0.5580 ms avg throuhgput (requests/sec) = 1028.7959 res=false
*==== INFO ====*  stream_id=2669996 latency=0.463857 ms (tx_ts=85395991021151, rx_ts=85395991485008) request_id=5467823 zil_blk_id=2669996 ccf_commit_seqno=5467823 nstreams_done_=667500 config.nstreams=1000000 avg_latency=0.5580 ms avg throuhgput (requests/sec) = 1028.8281 res=false
*==== INFO ====*  stream_id=2671996 latency=1.346669 ms (tx_ts=85396485888186, rx_ts=85396487234855) request_id=5471136 zil_blk_id=2671996 ccf_commit_seqno=5471136 nstreams_done_=668000 config.nstreams=1000000 avg_latency=0.5580 ms avg throuhgput (requests/sec) = 1028.8126 res=false
*==== INFO ====*  stream_id=2673996 latency=0.571018 ms (tx_ts=85396990338823, rx_ts=85396990909841) request_id=5474461 zil_blk_id=2673996 ccf_commit_seqno=5474461 nstreams_done_=668500 config.nstreams=1000000 avg_latency=0.5580 ms avg throuhgput (requests/sec) = 1028.7847 res=false
*==== INFO ====*  stream_id=2675996 latency=0.489275 ms (tx_ts=85397472040198, rx_ts=85397472529473) request_id=5477849 zil_blk_id=2675996 ccf_commit_seqno=5477849 nstreams_done_=669000 config.nstreams=1000000 avg_latency=0.5580 ms avg throuhgput (requests/sec) = 1028.7916 res=false
*==== INFO ====*  stream_id=2677996 latency=0.535431 ms (tx_ts=85397959757169, rx_ts=85397960292600) request_id=5481202 zil_blk_id=2677996 ccf_commit_seqno=5481202 nstreams_done_=669500 config.nstreams=1000000 avg_latency=0.5580 ms avg throuhgput (requests/sec) = 1028.7888 res=false
*==== INFO ====*  stream_id=2679996 latency=0.474227 ms (tx_ts=85398439939620, rx_ts=85398440413847) request_id=5484438 zil_blk_id=2679996 ccf_commit_seqno=5484438 nstreams_done_=670000 config.nstreams=1000000 avg_latency=0.5579 ms avg throuhgput (requests/sec) = 1028.7981 res=false
*==== INFO ====*  stream_id=2681996 latency=0.521014 ms (tx_ts=85398903246312, rx_ts=85398903767326) request_id=5487584 zil_blk_id=2681996 ccf_commit_seqno=5487584 nstreams_done_=670500 config.nstreams=1000000 avg_latency=0.5579 ms avg throuhgput (requests/sec) = 1028.8339 res=false
*==== INFO ====*  stream_id=2683996 latency=0.566339 ms (tx_ts=85399373278709, rx_ts=85399373845048) request_id=5490811 zil_blk_id=2683996 ccf_commit_seqno=5490811 nstreams_done_=671000 config.nstreams=1000000 avg_latency=0.5579 ms avg throuhgput (requests/sec) = 1028.8590 res=false
*==== INFO ====*  stream_id=2685996 latency=0.590885 ms (tx_ts=85399870267110, rx_ts=85399870857995) request_id=5494132 zil_blk_id=2685996 ccf_commit_seqno=5494133 nstreams_done_=671500 config.nstreams=1000000 avg_latency=0.5579 ms avg throuhgput (requests/sec) = 1028.8416 res=false
*==== INFO ====*  stream_id=2687996 latency=0.451214 ms (tx_ts=85400328721823, rx_ts=85400329173037) request_id=5497326 zil_blk_id=2687996 ccf_commit_seqno=5497326 nstreams_done_=672000 config.nstreams=1000000 avg_latency=0.5579 ms avg throuhgput (requests/sec) = 1028.8852 res=false
*==== INFO ====*  stream_id=2689996 latency=0.537215 ms (tx_ts=85400810698199, rx_ts=85400811235414) request_id=5500698 zil_blk_id=2689996 ccf_commit_seqno=5500698 nstreams_done_=672500 config.nstreams=1000000 avg_latency=0.5579 ms avg throuhgput (requests/sec) = 1028.8913 res=false
*==== INFO ====*  stream_id=2691996 latency=0.561661 ms (tx_ts=85401307530633, rx_ts=85401308092294) request_id=5504154 zil_blk_id=2691996 ccf_commit_seqno=5504156 nstreams_done_=673000 config.nstreams=1000000 avg_latency=0.5579 ms avg throuhgput (requests/sec) = 1028.8742 res=false
*==== INFO ====*  stream_id=2693996 latency=0.544999 ms (tx_ts=85401786042581, rx_ts=85401786587580) request_id=5507533 zil_blk_id=2693996 ccf_commit_seqno=5507533 nstreams_done_=673500 config.nstreams=1000000 avg_latency=0.5578 ms avg throuhgput (requests/sec) = 1028.8859 res=false
*==== INFO ====*  stream_id=2695996 latency=0.465761 ms (tx_ts=85402266980274, rx_ts=85402267446035) request_id=5510924 zil_blk_id=2695996 ccf_commit_seqno=5510924 nstreams_done_=674000 config.nstreams=1000000 avg_latency=0.5578 ms avg throuhgput (requests/sec) = 1028.8939 res=false
*==== INFO ====*  stream_id=2697996 latency=0.458186 ms (tx_ts=85402759182758, rx_ts=85402759640944) request_id=5514374 zil_blk_id=2697996 ccf_commit_seqno=5514374 nstreams_done_=674500 config.nstreams=1000000 avg_latency=0.5578 ms avg throuhgput (requests/sec) = 1028.8841 res=false
*==== INFO ====*  stream_id=2699996 latency=0.447206 ms (tx_ts=85403242793999, rx_ts=85403243241205) request_id=5517742 zil_blk_id=2699996 ccf_commit_seqno=5517742 nstreams_done_=675000 config.nstreams=1000000 avg_latency=0.5578 ms avg throuhgput (requests/sec) = 1028.8878 res=false
*==== INFO ====*  stream_id=2701996 latency=0.750694 ms (tx_ts=85403710980913, rx_ts=85403711731607) request_id=5520992 zil_blk_id=2701996 ccf_commit_seqno=5520992 nstreams_done_=675500 config.nstreams=1000000 avg_latency=0.5577 ms avg throuhgput (requests/sec) = 1028.9152 res=false
*==== INFO ====*  stream_id=2703996 latency=0.544388 ms (tx_ts=85404160712451, rx_ts=85404161256839) request_id=5524106 zil_blk_id=2703996 ccf_commit_seqno=5524107 nstreams_done_=676000 config.nstreams=1000000 avg_latency=0.5577 ms avg throuhgput (requests/sec) = 1028.9723 res=false
*==== INFO ====*  stream_id=2705996 latency=0.466793 ms (tx_ts=85404655770765, rx_ts=85404656237558) request_id=5527255 zil_blk_id=2705996 ccf_commit_seqno=5527255 nstreams_done_=676500 config.nstreams=1000000 avg_latency=0.5577 ms avg throuhgput (requests/sec) = 1028.9581 res=false
*==== INFO ====*  stream_id=2707996 latency=0.654735 ms (tx_ts=85405104496632, rx_ts=85405105151367) request_id=5530393 zil_blk_id=2707996 ccf_commit_seqno=5530393 nstreams_done_=677000 config.nstreams=1000000 avg_latency=0.5577 ms avg throuhgput (requests/sec) = 1029.0160 res=false
*==== INFO ====*  stream_id=2709996 latency=0.494134 ms (tx_ts=85405560221789, rx_ts=85405560715923) request_id=5533576 zil_blk_id=2709996 ccf_commit_seqno=5533576 nstreams_done_=677500 config.nstreams=1000000 avg_latency=0.5577 ms avg throuhgput (requests/sec) = 1029.0634 res=false
*==== INFO ====*  stream_id=2711996 latency=0.533858 ms (tx_ts=85406018078485, rx_ts=85406018612343) request_id=5536695 zil_blk_id=2711996 ccf_commit_seqno=5536696 nstreams_done_=678000 config.nstreams=1000000 avg_latency=0.5577 ms avg throuhgput (requests/sec) = 1029.1071 res=false
*==== INFO ====*  stream_id=2713996 latency=0.493734 ms (tx_ts=85406486580734, rx_ts=85406487074468) request_id=5539944 zil_blk_id=2713996 ccf_commit_seqno=5539944 nstreams_done_=678500 config.nstreams=1000000 avg_latency=0.5576 ms avg throuhgput (requests/sec) = 1029.1343 res=false
*==== INFO ====*  stream_id=2715996 latency=0.555720 ms (tx_ts=85406987862421, rx_ts=85406988418141) request_id=5543366 zil_blk_id=2715996 ccf_commit_seqno=5543367 nstreams_done_=679000 config.nstreams=1000000 avg_latency=0.5576 ms avg throuhgput (requests/sec) = 1029.1101 res=false
*==== INFO ====*  stream_id=2717996 latency=0.507279 ms (tx_ts=85407468241538, rx_ts=85407468748817) request_id=5546735 zil_blk_id=2717996 ccf_commit_seqno=5546735 nstreams_done_=679500 config.nstreams=1000000 avg_latency=0.5576 ms avg throuhgput (requests/sec) = 1029.1187 res=false
*==== INFO ====*  stream_id=2719996 latency=0.485437 ms (tx_ts=85407976216083, rx_ts=85407976701520) request_id=5550162 zil_blk_id=2719996 ccf_commit_seqno=5550162 nstreams_done_=680000 config.nstreams=1000000 avg_latency=0.5576 ms avg throuhgput (requests/sec) = 1029.0843 res=false
*==== INFO ====*  stream_id=2721996 latency=0.625089 ms (tx_ts=85408485978127, rx_ts=85408486603216) request_id=5553550 zil_blk_id=2721996 ccf_commit_seqno=5553550 nstreams_done_=680500 config.nstreams=1000000 avg_latency=0.5576 ms avg throuhgput (requests/sec) = 1029.0469 res=false
*==== INFO ====*  stream_id=2723996 latency=0.493011 ms (tx_ts=85409004068413, rx_ts=85409004561424) request_id=5557025 zil_blk_id=2723996 ccf_commit_seqno=5557025 nstreams_done_=681000 config.nstreams=1000000 avg_latency=0.5576 ms avg throuhgput (requests/sec) = 1028.9970 res=false
*==== INFO ====*  stream_id=2725996 latency=0.490657 ms (tx_ts=85409491297260, rx_ts=85409491787917) request_id=5560411 zil_blk_id=2725996 ccf_commit_seqno=5560411 nstreams_done_=681500 config.nstreams=1000000 avg_latency=0.5575 ms avg throuhgput (requests/sec) = 1028.9950 res=false
*==== INFO ====*  stream_id=2727996 latency=0.530071 ms (tx_ts=85409980965080, rx_ts=85409981495151) request_id=5563824 zil_blk_id=2727996 ccf_commit_seqno=5563824 nstreams_done_=682000 config.nstreams=1000000 avg_latency=0.5575 ms avg throuhgput (requests/sec) = 1028.9891 res=false
*==== INFO ====*  stream_id=2729996 latency=0.578442 ms (tx_ts=85410473774072, rx_ts=85410474352514) request_id=5567251 zil_blk_id=2729996 ccf_commit_seqno=5567251 nstreams_done_=682500 config.nstreams=1000000 avg_latency=0.5575 ms avg throuhgput (requests/sec) = 1028.9783 res=false
*==== INFO ====*  stream_id=2731996 latency=0.507459 ms (tx_ts=85410978778892, rx_ts=85410979286351) request_id=5570754 zil_blk_id=2731996 ccf_commit_seqno=5570754 nstreams_done_=683000 config.nstreams=1000000 avg_latency=0.5575 ms avg throuhgput (requests/sec) = 1028.9488 res=false
*==== INFO ====*  stream_id=2733996 latency=0.501287 ms (tx_ts=85411462641274, rx_ts=85411463142561) request_id=5574117 zil_blk_id=2733996 ccf_commit_seqno=5574117 nstreams_done_=683500 config.nstreams=1000000 avg_latency=0.5575 ms avg throuhgput (requests/sec) = 1028.9520 res=false
*==== INFO ====*  stream_id=2735996 latency=0.458357 ms (tx_ts=85411939440992, rx_ts=85411939899349) request_id=5577432 zil_blk_id=2735996 ccf_commit_seqno=5577432 nstreams_done_=684000 config.nstreams=1000000 avg_latency=0.5575 ms avg throuhgput (requests/sec) = 1028.9662 res=false
*==== INFO ====*  stream_id=2737996 latency=0.525863 ms (tx_ts=85412452779474, rx_ts=85412453305337) request_id=5580877 zil_blk_id=2737996 ccf_commit_seqno=5580878 nstreams_done_=684500 config.nstreams=1000000 avg_latency=0.5575 ms avg throuhgput (requests/sec) = 1028.9237 res=false
*==== INFO ====*  stream_id=2739996 latency=0.631361 ms (tx_ts=85412941166732, rx_ts=85412941798093) request_id=5584237 zil_blk_id=2739996 ccf_commit_seqno=5584238 nstreams_done_=685000 config.nstreams=1000000 avg_latency=0.5575 ms avg throuhgput (requests/sec) = 1028.9198 res=false
*==== INFO ====*  stream_id=2741996 latency=0.537646 ms (tx_ts=85413428514811, rx_ts=85413429052457) request_id=5587569 zil_blk_id=2741996 ccf_commit_seqno=5587569 nstreams_done_=685500 config.nstreams=1000000 avg_latency=0.5574 ms avg throuhgput (requests/sec) = 1028.9178 res=false
*==== INFO ====*  stream_id=2743996 latency=0.597252 ms (tx_ts=85413926205321, rx_ts=85413926802573) request_id=5590865 zil_blk_id=2743996 ccf_commit_seqno=5590865 nstreams_done_=686000 config.nstreams=1000000 avg_latency=0.5574 ms avg throuhgput (requests/sec) = 1028.8996 res=false
*==== INFO ====*  stream_id=2745996 latency=0.541202 ms (tx_ts=85414402829116, rx_ts=85414403370318) request_id=5594121 zil_blk_id=2745996 ccf_commit_seqno=5594121 nstreams_done_=686500 config.nstreams=1000000 avg_latency=0.5574 ms avg throuhgput (requests/sec) = 1028.9140 res=false
*==== INFO ====*  stream_id=2747996 latency=0.480829 ms (tx_ts=85414897681081, rx_ts=85414898161910) request_id=5597564 zil_blk_id=2747996 ccf_commit_seqno=5597564 nstreams_done_=687000 config.nstreams=1000000 avg_latency=0.5574 ms avg throuhgput (requests/sec) = 1028.9004 res=false
*==== INFO ====*  stream_id=2749996 latency=0.637121 ms (tx_ts=85415386807338, rx_ts=85415387444459) request_id=5600961 zil_blk_id=2749996 ccf_commit_seqno=5600962 nstreams_done_=687500 config.nstreams=1000000 avg_latency=0.5574 ms avg throuhgput (requests/sec) = 1028.8953 res=false
*==== INFO ====*  stream_id=2751996 latency=0.520213 ms (tx_ts=85415874945184, rx_ts=85415875465397) request_id=5604259 zil_blk_id=2751996 ccf_commit_seqno=5604259 nstreams_done_=688000 config.nstreams=1000000 avg_latency=0.5574 ms avg throuhgput (requests/sec) = 1028.8921 res=false
*==== INFO ====*  stream_id=2753996 latency=0.525352 ms (tx_ts=85416368581422, rx_ts=85416369106774) request_id=5607758 zil_blk_id=2753996 ccf_commit_seqno=5607758 nstreams_done_=688500 config.nstreams=1000000 avg_latency=0.5574 ms avg throuhgput (requests/sec) = 1028.8803 res=false
*==== INFO ====*  stream_id=2755996 latency=0.484246 ms (tx_ts=85416863367107, rx_ts=85416863851353) request_id=5611279 zil_blk_id=2755996 ccf_commit_seqno=5611279 nstreams_done_=689000 config.nstreams=1000000 avg_latency=0.5574 ms avg throuhgput (requests/sec) = 1028.8668 res=false
*==== INFO ====*  stream_id=2757996 latency=0.483243 ms (tx_ts=85417372984100, rx_ts=85417373467343) request_id=5614890 zil_blk_id=2757996 ccf_commit_seqno=5614890 nstreams_done_=689500 config.nstreams=1000000 avg_latency=0.5573 ms avg throuhgput (requests/sec) = 1028.8305 res=false
*==== INFO ====*  stream_id=2759996 latency=0.506838 ms (tx_ts=85417881263030, rx_ts=85417881769868) request_id=5618435 zil_blk_id=2759996 ccf_commit_seqno=5618435 nstreams_done_=690000 config.nstreams=1000000 avg_latency=0.5573 ms avg throuhgput (requests/sec) = 1028.7963 res=false
*==== INFO ====*  stream_id=2761996 latency=0.505405 ms (tx_ts=85418382863843, rx_ts=85418383369248) request_id=5621920 zil_blk_id=2761996 ccf_commit_seqno=5621920 nstreams_done_=690500 config.nstreams=1000000 avg_latency=0.5573 ms avg throuhgput (requests/sec) = 1028.7724 res=false
*==== INFO ====*  stream_id=2763996 latency=0.536613 ms (tx_ts=85418874438192, rx_ts=85418874974805) request_id=5625332 zil_blk_id=2763996 ccf_commit_seqno=5625332 nstreams_done_=691000 config.nstreams=1000000 avg_latency=0.5573 ms avg throuhgput (requests/sec) = 1028.7638 res=false
*==== INFO ====*  stream_id=2765996 latency=0.504082 ms (tx_ts=85419357691537, rx_ts=85419358195619) request_id=5628715 zil_blk_id=2765996 ccf_commit_seqno=5628715 nstreams_done_=691500 config.nstreams=1000000 avg_latency=0.5572 ms avg throuhgput (requests/sec) = 1028.7681 res=false
*==== INFO ====*  stream_id=2767996 latency=0.468004 ms (tx_ts=85419835565720, rx_ts=85419836033724) request_id=5632032 zil_blk_id=2767996 ccf_commit_seqno=5632032 nstreams_done_=692000 config.nstreams=1000000 avg_latency=0.5572 ms avg throuhgput (requests/sec) = 1028.7806 res=false
*==== INFO ====*  stream_id=2769996 latency=0.504493 ms (tx_ts=85420316044485, rx_ts=85420316548978) request_id=5635378 zil_blk_id=2769996 ccf_commit_seqno=5635378 nstreams_done_=692500 config.nstreams=1000000 avg_latency=0.5572 ms avg throuhgput (requests/sec) = 1028.7890 res=false
*==== INFO ====*  stream_id=2771996 latency=0.521365 ms (tx_ts=85420788882127, rx_ts=85420789403492) request_id=5638728 zil_blk_id=2771996 ccf_commit_seqno=5638728 nstreams_done_=693000 config.nstreams=1000000 avg_latency=0.5572 ms avg throuhgput (requests/sec) = 1028.8091 res=false
*==== INFO ====*  stream_id=2773996 latency=0.521726 ms (tx_ts=85421256752586, rx_ts=85421257274312) request_id=5642088 zil_blk_id=2773996 ccf_commit_seqno=5642088 nstreams_done_=693500 config.nstreams=1000000 avg_latency=0.5572 ms avg throuhgput (requests/sec) = 1028.8368 res=false
*==== INFO ====*  stream_id=2775996 latency=0.578963 ms (tx_ts=85421747165490, rx_ts=85421747744453) request_id=5645460 zil_blk_id=2775996 ccf_commit_seqno=5645460 nstreams_done_=694000 config.nstreams=1000000 avg_latency=0.5572 ms avg throuhgput (requests/sec) = 1028.8299 res=false
*==== INFO ====*  stream_id=2777996 latency=0.541733 ms (tx_ts=85422236889005, rx_ts=85422237430738) request_id=5648902 zil_blk_id=2777996 ccf_commit_seqno=5648903 nstreams_done_=694500 config.nstreams=1000000 avg_latency=0.5572 ms avg throuhgput (requests/sec) = 1028.8243 res=false
*==== INFO ====*  stream_id=2779996 latency=0.516776 ms (tx_ts=85422735786230, rx_ts=85422736303006) request_id=5652259 zil_blk_id=2779996 ccf_commit_seqno=5652259 nstreams_done_=695000 config.nstreams=1000000 avg_latency=0.5572 ms avg throuhgput (requests/sec) = 1028.8047 res=false
*==== INFO ====*  stream_id=2781996 latency=0.490097 ms (tx_ts=85423198286636, rx_ts=85423198776733) request_id=5655459 zil_blk_id=2781996 ccf_commit_seqno=5655459 nstreams_done_=695500 config.nstreams=1000000 avg_latency=0.5572 ms avg throuhgput (requests/sec) = 1028.8405 res=false
*==== INFO ====*  stream_id=2783996 latency=0.567802 ms (tx_ts=85423668171590, rx_ts=85423668739392) request_id=5658721 zil_blk_id=2783996 ccf_commit_seqno=5658721 nstreams_done_=696000 config.nstreams=1000000 avg_latency=0.5572 ms avg throuhgput (requests/sec) = 1028.8649 res=false
*==== INFO ====*  stream_id=2785996 latency=0.541873 ms (tx_ts=85424122730036, rx_ts=85424123271909) request_id=5661932 zil_blk_id=2785996 ccf_commit_seqno=5661933 nstreams_done_=696500 config.nstreams=1000000 avg_latency=0.5571 ms avg throuhgput (requests/sec) = 1028.9126 res=false
*==== INFO ====*  stream_id=2787996 latency=0.502590 ms (tx_ts=85424610519041, rx_ts=85424611021631) request_id=5665364 zil_blk_id=2787996 ccf_commit_seqno=5665364 nstreams_done_=697000 config.nstreams=1000000 avg_latency=0.5571 ms avg throuhgput (requests/sec) = 1028.9099 res=false
*==== INFO ====*  stream_id=2789996 latency=0.565667 ms (tx_ts=85425081134969, rx_ts=85425081700636) request_id=5668672 zil_blk_id=2789996 ccf_commit_seqno=5668672 nstreams_done_=697500 config.nstreams=1000000 avg_latency=0.5571 ms avg throuhgput (requests/sec) = 1028.9331 res=false
*==== INFO ====*  stream_id=2791996 latency=0.631812 ms (tx_ts=85425568780186, rx_ts=85425569411998) request_id=5671980 zil_blk_id=2791996 ccf_commit_seqno=5671980 nstreams_done_=698000 config.nstreams=1000000 avg_latency=0.5571 ms avg throuhgput (requests/sec) = 1028.9304 res=false
*==== INFO ====*  stream_id=2793996 latency=0.533447 ms (tx_ts=85426047485512, rx_ts=85426048018959) request_id=5675259 zil_blk_id=2793996 ccf_commit_seqno=5675259 nstreams_done_=698500 config.nstreams=1000000 avg_latency=0.5570 ms avg throuhgput (requests/sec) = 1028.9415 res=false
*==== INFO ====*  stream_id=2795996 latency=0.482522 ms (tx_ts=85426546723411, rx_ts=85426547205933) request_id=5678642 zil_blk_id=2795996 ccf_commit_seqno=5678642 nstreams_done_=699000 config.nstreams=1000000 avg_latency=0.5570 ms avg throuhgput (requests/sec) = 1028.9215 res=false
*==== INFO ====*  stream_id=2797996 latency=0.521906 ms (tx_ts=85427075679602, rx_ts=85427076201508) request_id=5682121 zil_blk_id=2797996 ccf_commit_seqno=5682122 nstreams_done_=699500 config.nstreams=1000000 avg_latency=0.5570 ms avg throuhgput (requests/sec) = 1028.8563 res=false
*==== INFO ====*  stream_id=2799996 latency=0.575797 ms (tx_ts=85427557462615, rx_ts=85427558038412) request_id=5685484 zil_blk_id=2799996 ccf_commit_seqno=5685484 nstreams_done_=700000 config.nstreams=1000000 avg_latency=0.5570 ms avg throuhgput (requests/sec) = 1028.8626 res=false
*==== INFO ====*  stream_id=2801996 latency=0.543407 ms (tx_ts=85428048961129, rx_ts=85428049504536) request_id=5688853 zil_blk_id=2801996 ccf_commit_seqno=5688853 nstreams_done_=700500 config.nstreams=1000000 avg_latency=0.5570 ms avg throuhgput (requests/sec) = 1028.8543 res=false
*==== INFO ====*  stream_id=2803996 latency=0.536623 ms (tx_ts=85428538994664, rx_ts=85428539531287) request_id=5692287 zil_blk_id=2803996 ccf_commit_seqno=5692287 nstreams_done_=701000 config.nstreams=1000000 avg_latency=0.5570 ms avg throuhgput (requests/sec) = 1028.8481 res=false
*==== INFO ====*  stream_id=2805996 latency=0.500005 ms (tx_ts=85429051336591, rx_ts=85429051836596) request_id=5695736 zil_blk_id=2805996 ccf_commit_seqno=5695736 nstreams_done_=701500 config.nstreams=1000000 avg_latency=0.5570 ms avg throuhgput (requests/sec) = 1028.8084 res=false
*==== INFO ====*  stream_id=2807996 latency=0.593168 ms (tx_ts=85429537832088, rx_ts=85429538425256) request_id=5699110 zil_blk_id=2807996 ccf_commit_seqno=5699110 nstreams_done_=702000 config.nstreams=1000000 avg_latency=0.5569 ms avg throuhgput (requests/sec) = 1028.8075 res=false
*==== INFO ====*  stream_id=2809996 latency=0.571277 ms (tx_ts=85430027055001, rx_ts=85430027626278) request_id=5702467 zil_blk_id=2809996 ccf_commit_seqno=5702469 nstreams_done_=702500 config.nstreams=1000000 avg_latency=0.5569 ms avg throuhgput (requests/sec) = 1028.8027 res=false
*==== INFO ====*  stream_id=2811996 latency=0.512658 ms (tx_ts=85430516245571, rx_ts=85430516758229) request_id=5705840 zil_blk_id=2811996 ccf_commit_seqno=5705840 nstreams_done_=703000 config.nstreams=1000000 avg_latency=0.5569 ms avg throuhgput (requests/sec) = 1028.7980 res=false
*==== INFO ====*  stream_id=2813996 latency=0.571959 ms (tx_ts=85430997968320, rx_ts=85430998540279) request_id=5709199 zil_blk_id=2813996 ccf_commit_seqno=5709201 nstreams_done_=703500 config.nstreams=1000000 avg_latency=0.5569 ms avg throuhgput (requests/sec) = 1028.8044 res=false
*==== INFO ====*  stream_id=2815996 latency=0.601784 ms (tx_ts=85431487260491, rx_ts=85431487862275) request_id=5712564 zil_blk_id=2815996 ccf_commit_seqno=5712564 nstreams_done_=704000 config.nstreams=1000000 avg_latency=0.5569 ms avg throuhgput (requests/sec) = 1028.7994 res=false
*==== INFO ====*  stream_id=2817996 latency=0.466171 ms (tx_ts=85431987943302, rx_ts=85431988409473) request_id=5716034 zil_blk_id=2817996 ccf_commit_seqno=5716034 nstreams_done_=704500 config.nstreams=1000000 avg_latency=0.5569 ms avg throuhgput (requests/sec) = 1028.7775 res=false
*==== INFO ====*  stream_id=2819996 latency=0.582599 ms (tx_ts=85432501866623, rx_ts=85432502449222) request_id=5719642 zil_blk_id=2819996 ccf_commit_seqno=5719642 nstreams_done_=705000 config.nstreams=1000000 avg_latency=0.5569 ms avg throuhgput (requests/sec) = 1028.7354 res=false
*==== INFO ====*  stream_id=2821996 latency=0.566189 ms (tx_ts=85432990398459, rx_ts=85432990964648) request_id=5723025 zil_blk_id=2821996 ccf_commit_seqno=5723026 nstreams_done_=705500 config.nstreams=1000000 avg_latency=0.5568 ms avg throuhgput (requests/sec) = 1028.7317 res=false
*==== INFO ====*  stream_id=2823996 latency=0.595745 ms (tx_ts=85433491115514, rx_ts=85433491711259) request_id=5726434 zil_blk_id=2823996 ccf_commit_seqno=5726434 nstreams_done_=706000 config.nstreams=1000000 avg_latency=0.5568 ms avg throuhgput (requests/sec) = 1028.7097 res=false
*==== INFO ====*  stream_id=2825996 latency=0.492691 ms (tx_ts=85433994658395, rx_ts=85433995151086) request_id=5729981 zil_blk_id=2825996 ccf_commit_seqno=5729981 nstreams_done_=706500 config.nstreams=1000000 avg_latency=0.5568 ms avg throuhgput (requests/sec) = 1028.6836 res=false
*==== INFO ====*  stream_id=2827996 latency=0.554858 ms (tx_ts=85434482552207, rx_ts=85434483107065) request_id=5733313 zil_blk_id=2827996 ccf_commit_seqno=5733313 nstreams_done_=707000 config.nstreams=1000000 avg_latency=0.5568 ms avg throuhgput (requests/sec) = 1028.6808 res=false
*==== INFO ====*  stream_id=2829996 latency=0.583482 ms (tx_ts=85434940726549, rx_ts=85434941310031) request_id=5736481 zil_blk_id=2829996 ccf_commit_seqno=5736481 nstreams_done_=707500 config.nstreams=1000000 avg_latency=0.5568 ms avg throuhgput (requests/sec) = 1028.7224 res=false
*==== INFO ====*  stream_id=2831996 latency=0.518450 ms (tx_ts=85435400291037, rx_ts=85435400809487) request_id=5739667 zil_blk_id=2831996 ccf_commit_seqno=5739667 nstreams_done_=708000 config.nstreams=1000000 avg_latency=0.5568 ms avg throuhgput (requests/sec) = 1028.7621 res=false
*==== INFO ====*  stream_id=2833996 latency=0.506237 ms (tx_ts=85435867798160, rx_ts=85435868304397) request_id=5742855 zil_blk_id=2833996 ccf_commit_seqno=5742855 nstreams_done_=708500 config.nstreams=1000000 avg_latency=0.5567 ms avg throuhgput (requests/sec) = 1028.7898 res=false
*==== INFO ====*  stream_id=2835996 latency=0.483714 ms (tx_ts=85436331816669, rx_ts=85436332300383) request_id=5746139 zil_blk_id=2835996 ccf_commit_seqno=5746139 nstreams_done_=709000 config.nstreams=1000000 avg_latency=0.5567 ms avg throuhgput (requests/sec) = 1028.8226 res=false
*==== INFO ====*  stream_id=2837996 latency=0.478896 ms (tx_ts=85436799597399, rx_ts=85436800076295) request_id=5749406 zil_blk_id=2837996 ccf_commit_seqno=5749406 nstreams_done_=709500 config.nstreams=1000000 avg_latency=0.5567 ms avg throuhgput (requests/sec) = 1028.8498 res=false
*==== INFO ====*  stream_id=2839996 latency=0.559947 ms (tx_ts=85437291332228, rx_ts=85437291892175) request_id=5752746 zil_blk_id=2839996 ccf_commit_seqno=5752747 nstreams_done_=710000 config.nstreams=1000000 avg_latency=0.5567 ms avg throuhgput (requests/sec) = 1028.8411 res=false
*==== INFO ====*  stream_id=2841996 latency=0.481280 ms (tx_ts=85437780700808, rx_ts=85437781182088) request_id=5756149 zil_blk_id=2841996 ccf_commit_seqno=5756149 nstreams_done_=710500 config.nstreams=1000000 avg_latency=0.5567 ms avg throuhgput (requests/sec) = 1028.8362 res=false
*==== INFO ====*  stream_id=2843996 latency=0.518169 ms (tx_ts=85438266200705, rx_ts=85438266718874) request_id=5759539 zil_blk_id=2843996 ccf_commit_seqno=5759539 nstreams_done_=711000 config.nstreams=1000000 avg_latency=0.5567 ms avg throuhgput (requests/sec) = 1028.8369 res=false
*==== INFO ====*  stream_id=2845996 latency=0.551361 ms (tx_ts=85438754331170, rx_ts=85438754882531) request_id=5762902 zil_blk_id=2845996 ccf_commit_seqno=5762902 nstreams_done_=711500 config.nstreams=1000000 avg_latency=0.5566 ms avg throuhgput (requests/sec) = 1028.8336 res=false
*==== INFO ====*  stream_id=2847996 latency=0.494846 ms (tx_ts=85439254492205, rx_ts=85439254987051) request_id=5766411 zil_blk_id=2847996 ccf_commit_seqno=5766411 nstreams_done_=712000 config.nstreams=1000000 avg_latency=0.5566 ms avg throuhgput (requests/sec) = 1028.8126 res=false
*==== INFO ====*  stream_id=2849996 latency=0.474547 ms (tx_ts=85439774856985, rx_ts=85439775331532) request_id=5769930 zil_blk_id=2849996 ccf_commit_seqno=5769930 nstreams_done_=712500 config.nstreams=1000000 avg_latency=0.5566 ms avg throuhgput (requests/sec) = 1028.7616 res=false
*==== INFO ====*  stream_id=2851996 latency=0.468135 ms (tx_ts=85440264820097, rx_ts=85440265288232) request_id=5773257 zil_blk_id=2851996 ccf_commit_seqno=5773257 nstreams_done_=713000 config.nstreams=1000000 avg_latency=0.5566 ms avg throuhgput (requests/sec) = 1028.7558 res=false
*==== INFO ====*  stream_id=2853996 latency=0.608378 ms (tx_ts=85440741256639, rx_ts=85440741865017) request_id=5776514 zil_blk_id=2853996 ccf_commit_seqno=5776515 nstreams_done_=713500 config.nstreams=1000000 avg_latency=0.5566 ms avg throuhgput (requests/sec) = 1028.7698 res=false
*==== INFO ====*  stream_id=2855996 latency=0.464028 ms (tx_ts=85441205326298, rx_ts=85441205790326) request_id=5779707 zil_blk_id=2855996 ccf_commit_seqno=5779707 nstreams_done_=714000 config.nstreams=1000000 avg_latency=0.5566 ms avg throuhgput (requests/sec) = 1028.8025 res=false
*==== INFO ====*  stream_id=2857996 latency=0.537355 ms (tx_ts=85441675545566, rx_ts=85441676082921) request_id=5782973 zil_blk_id=2857996 ccf_commit_seqno=5782973 nstreams_done_=714500 config.nstreams=1000000 avg_latency=0.5565 ms avg throuhgput (requests/sec) = 1028.8258 res=false
*==== INFO ====*  stream_id=2859996 latency=0.515544 ms (tx_ts=85442136442913, rx_ts=85442136958457) request_id=5786227 zil_blk_id=2859996 ccf_commit_seqno=5786227 nstreams_done_=715000 config.nstreams=1000000 avg_latency=0.5565 ms avg throuhgput (requests/sec) = 1028.8630 res=false
*==== INFO ====*  stream_id=2861996 latency=0.593469 ms (tx_ts=85442608261202, rx_ts=85442608854671) request_id=5789531 zil_blk_id=2861996 ccf_commit_seqno=5789531 nstreams_done_=715500 config.nstreams=1000000 avg_latency=0.5565 ms avg throuhgput (requests/sec) = 1028.8838 res=false
*==== INFO ====*  stream_id=2863996 latency=0.486700 ms (tx_ts=85443104674031, rx_ts=85443105160731) request_id=5792856 zil_blk_id=2863996 ccf_commit_seqno=5792856 nstreams_done_=716000 config.nstreams=1000000 avg_latency=0.5565 ms avg throuhgput (requests/sec) = 1028.8685 res=false
*==== INFO ====*  stream_id=2865996 latency=0.612846 ms (tx_ts=85443574841953, rx_ts=85443575454799) request_id=5796204 zil_blk_id=2865996 ccf_commit_seqno=5796204 nstreams_done_=716500 config.nstreams=1000000 avg_latency=0.5565 ms avg throuhgput (requests/sec) = 1028.8917 res=false
*==== INFO ====*  stream_id=2867996 latency=0.501778 ms (tx_ts=85444088056026, rx_ts=85444088557804) request_id=5799610 zil_blk_id=2867996 ccf_commit_seqno=5799610 nstreams_done_=717000 config.nstreams=1000000 avg_latency=0.5565 ms avg throuhgput (requests/sec) = 1028.8516 res=false
*==== INFO ====*  stream_id=2869996 latency=0.502660 ms (tx_ts=85444560019055, rx_ts=85444560521715) request_id=5802862 zil_blk_id=2869996 ccf_commit_seqno=5802862 nstreams_done_=717500 config.nstreams=1000000 avg_latency=0.5565 ms avg throuhgput (requests/sec) = 1028.8723 res=false
*==== INFO ====*  stream_id=2871996 latency=0.489716 ms (tx_ts=85445018211131, rx_ts=85445018700847) request_id=5806110 zil_blk_id=2871996 ccf_commit_seqno=5806110 nstreams_done_=718000 config.nstreams=1000000 avg_latency=0.5565 ms avg throuhgput (requests/sec) = 1028.9133 res=false
*==== INFO ====*  stream_id=2873996 latency=0.589781 ms (tx_ts=85445515642949, rx_ts=85445516232730) request_id=5809400 zil_blk_id=2873996 ccf_commit_seqno=5809400 nstreams_done_=718500 config.nstreams=1000000 avg_latency=0.5565 ms avg throuhgput (requests/sec) = 1028.8962 res=false
*==== INFO ====*  stream_id=2875996 latency=0.485597 ms (tx_ts=85446008500081, rx_ts=85446008985678) request_id=5812828 zil_blk_id=2875996 ccf_commit_seqno=5812828 nstreams_done_=719000 config.nstreams=1000000 avg_latency=0.5565 ms avg throuhgput (requests/sec) = 1028.8862 res=false
*==== INFO ====*  stream_id=2877996 latency=0.528547 ms (tx_ts=85446522017190, rx_ts=85446522545737) request_id=5816405 zil_blk_id=2877996 ccf_commit_seqno=5816405 nstreams_done_=719500 config.nstreams=1000000 avg_latency=0.5565 ms avg throuhgput (requests/sec) = 1028.8456 res=false
*==== INFO ====*  stream_id=2879996 latency=0.491518 ms (tx_ts=85447029502909, rx_ts=85447029994427) request_id=5819715 zil_blk_id=2879996 ccf_commit_seqno=5819715 nstreams_done_=720000 config.nstreams=1000000 avg_latency=0.5566 ms avg throuhgput (requests/sec) = 1028.8140 res=false
*==== INFO ====*  stream_id=2881996 latency=0.524680 ms (tx_ts=85447505815205, rx_ts=85447506339885) request_id=5823036 zil_blk_id=2881996 ccf_commit_seqno=5823036 nstreams_done_=720500 config.nstreams=1000000 avg_latency=0.5566 ms avg throuhgput (requests/sec) = 1028.8282 res=false
*==== INFO ====*  stream_id=2883996 latency=0.636220 ms (tx_ts=85448004284645, rx_ts=85448004920865) request_id=5826432 zil_blk_id=2883996 ccf_commit_seqno=5826433 nstreams_done_=721000 config.nstreams=1000000 avg_latency=0.5566 ms avg throuhgput (requests/sec) = 1028.8097 res=false
*==== INFO ====*  stream_id=2885996 latency=0.484817 ms (tx_ts=85448472137846, rx_ts=85448472622663) request_id=5829752 zil_blk_id=2885996 ccf_commit_seqno=5829752 nstreams_done_=721500 config.nstreams=1000000 avg_latency=0.5566 ms avg throuhgput (requests/sec) = 1028.8366 res=false
*==== INFO ====*  stream_id=2887996 latency=0.512278 ms (tx_ts=85448970298373, rx_ts=85448970810651) request_id=5833127 zil_blk_id=2887996 ccf_commit_seqno=5833127 nstreams_done_=722000 config.nstreams=1000000 avg_latency=0.5566 ms avg throuhgput (requests/sec) = 1028.8187 res=false
*==== INFO ====*  stream_id=2889996 latency=0.522337 ms (tx_ts=85449433938280, rx_ts=85449434460617) request_id=5836401 zil_blk_id=2889996 ccf_commit_seqno=5836401 nstreams_done_=722500 config.nstreams=1000000 avg_latency=0.5566 ms avg throuhgput (requests/sec) = 1028.8514 res=false
*==== INFO ====*  stream_id=2891996 latency=0.484146 ms (tx_ts=85449898691729, rx_ts=85449899175875) request_id=5839654 zil_blk_id=2891996 ccf_commit_seqno=5839654 nstreams_done_=723000 config.nstreams=1000000 avg_latency=0.5566 ms avg throuhgput (requests/sec) = 1028.8825 res=false
*==== INFO ====*  stream_id=2893996 latency=0.531554 ms (tx_ts=85450351312287, rx_ts=85450351843841) request_id=5842909 zil_blk_id=2893996 ccf_commit_seqno=5842910 nstreams_done_=723500 config.nstreams=1000000 avg_latency=0.5565 ms avg throuhgput (requests/sec) = 1028.9313 res=false
*==== INFO ====*  stream_id=2895996 latency=0.491670 ms (tx_ts=85450815022927, rx_ts=85450815514597) request_id=5846130 zil_blk_id=2895996 ccf_commit_seqno=5846130 nstreams_done_=724000 config.nstreams=1000000 avg_latency=0.5565 ms avg throuhgput (requests/sec) = 1028.9638 res=false
*==== INFO ====*  stream_id=2897996 latency=0.568333 ms (tx_ts=85451272330956, rx_ts=85451272899289) request_id=5849311 zil_blk_id=2897996 ccf_commit_seqno=5849311 nstreams_done_=724500 config.nstreams=1000000 avg_latency=0.5565 ms avg throuhgput (requests/sec) = 1029.0055 res=false
*==== INFO ====*  stream_id=2899996 latency=0.502079 ms (tx_ts=85451742998176, rx_ts=85451743500255) request_id=5852554 zil_blk_id=2899996 ccf_commit_seqno=5852554 nstreams_done_=725000 config.nstreams=1000000 avg_latency=0.5565 ms avg throuhgput (requests/sec) = 1029.0279 res=false
*==== INFO ====*  stream_id=2901996 latency=0.475779 ms (tx_ts=85452191477820, rx_ts=85452191953599) request_id=5855677 zil_blk_id=2901996 ccf_commit_seqno=5855677 nstreams_done_=725500 config.nstreams=1000000 avg_latency=0.5565 ms avg throuhgput (requests/sec) = 1029.0825 res=false
*==== INFO ====*  stream_id=2903996 latency=0.493442 ms (tx_ts=85452648146740, rx_ts=85452648640182) request_id=5858855 zil_blk_id=2903996 ccf_commit_seqno=5858855 nstreams_done_=726000 config.nstreams=1000000 avg_latency=0.5565 ms avg throuhgput (requests/sec) = 1029.1251 res=false
*==== INFO ====*  stream_id=2905996 latency=0.470440 ms (tx_ts=85453128528968, rx_ts=85453128999408) request_id=5862092 zil_blk_id=2905996 ccf_commit_seqno=5862092 nstreams_done_=726500 config.nstreams=1000000 avg_latency=0.5565 ms avg throuhgput (requests/sec) = 1029.1331 res=false
*==== INFO ====*  stream_id=2907996 latency=0.553996 ms (tx_ts=85453589018854, rx_ts=85453589572850) request_id=5865277 zil_blk_id=2907996 ccf_commit_seqno=5865277 nstreams_done_=727000 config.nstreams=1000000 avg_latency=0.5565 ms avg throuhgput (requests/sec) = 1029.1699 res=false
*==== INFO ====*  stream_id=2909996 latency=0.477693 ms (tx_ts=85454052878641, rx_ts=85454053356334) request_id=5868498 zil_blk_id=2909996 ccf_commit_seqno=5868498 nstreams_done_=727500 config.nstreams=1000000 avg_latency=0.5565 ms avg throuhgput (requests/sec) = 1029.2020 res=false
*==== INFO ====*  stream_id=2911996 latency=0.482993 ms (tx_ts=85454535577038, rx_ts=85454536060031) request_id=5871796 zil_blk_id=2911996 ccf_commit_seqno=5871796 nstreams_done_=728000 config.nstreams=1000000 avg_latency=0.5565 ms avg throuhgput (requests/sec) = 1029.2066 res=false
*==== INFO ====*  stream_id=2913996 latency=0.478484 ms (tx_ts=85455018312324, rx_ts=85455018790808) request_id=5875113 zil_blk_id=2913996 ccf_commit_seqno=5875113 nstreams_done_=728500 config.nstreams=1000000 avg_latency=0.5564 ms avg throuhgput (requests/sec) = 1029.2110 res=false
*==== INFO ====*  stream_id=2915996 latency=0.515353 ms (tx_ts=85455514547073, rx_ts=85455515062426) request_id=5878512 zil_blk_id=2915996 ccf_commit_seqno=5878512 nstreams_done_=729000 config.nstreams=1000000 avg_latency=0.5564 ms avg throuhgput (requests/sec) = 1029.1958 res=false
*==== INFO ====*  stream_id=2917996 latency=0.474737 ms (tx_ts=85456003100917, rx_ts=85456003575654) request_id=5881807 zil_blk_id=2917996 ccf_commit_seqno=5881807 nstreams_done_=729500 config.nstreams=1000000 avg_latency=0.5564 ms avg throuhgput (requests/sec) = 1029.1919 res=false
*==== INFO ====*  stream_id=2919996 latency=0.605943 ms (tx_ts=85456510994277, rx_ts=85456511600220) request_id=5885239 zil_blk_id=2919996 ccf_commit_seqno=5885240 nstreams_done_=730000 config.nstreams=1000000 avg_latency=0.5564 ms avg throuhgput (requests/sec) = 1029.1597 res=false
*==== INFO ====*  stream_id=2921996 latency=0.490317 ms (tx_ts=85457014479133, rx_ts=85457014969450) request_id=5888697 zil_blk_id=2921996 ccf_commit_seqno=5888697 nstreams_done_=730500 config.nstreams=1000000 avg_latency=0.5564 ms avg throuhgput (requests/sec) = 1029.1343 res=false
*==== INFO ====*  stream_id=2923996 latency=0.537174 ms (tx_ts=85457513498320, rx_ts=85457514035494) request_id=5892122 zil_blk_id=2923996 ccf_commit_seqno=5892122 nstreams_done_=731000 config.nstreams=1000000 avg_latency=0.5564 ms avg throuhgput (requests/sec) = 1029.1151 res=false
*==== INFO ====*  stream_id=2925996 latency=0.561691 ms (tx_ts=85458013510749, rx_ts=85458014072440) request_id=5895497 zil_blk_id=2925996 ccf_commit_seqno=5895497 nstreams_done_=731500 config.nstreams=1000000 avg_latency=0.5564 ms avg throuhgput (requests/sec) = 1029.0946 res=false
*==== INFO ====*  stream_id=2927996 latency=0.525041 ms (tx_ts=85458505378576, rx_ts=85458505903617) request_id=5898836 zil_blk_id=2927996 ccf_commit_seqno=5898836 nstreams_done_=732000 config.nstreams=1000000 avg_latency=0.5564 ms avg throuhgput (requests/sec) = 1029.0860 res=false
*==== INFO ====*  stream_id=2929996 latency=0.593720 ms (tx_ts=85459009704183, rx_ts=85459010297903) request_id=5902242 zil_blk_id=2929996 ccf_commit_seqno=5902242 nstreams_done_=732500 config.nstreams=1000000 avg_latency=0.5563 ms avg throuhgput (requests/sec) = 1029.0592 res=false
*==== INFO ====*  stream_id=2931996 latency=0.542885 ms (tx_ts=85459530339770, rx_ts=85459530882655) request_id=5905822 zil_blk_id=2931996 ccf_commit_seqno=5905822 nstreams_done_=733000 config.nstreams=1000000 avg_latency=0.5563 ms avg throuhgput (requests/sec) = 1029.0090 res=false
*==== INFO ====*  stream_id=2933996 latency=0.720607 ms (tx_ts=85460007694524, rx_ts=85460008415131) request_id=5909112 zil_blk_id=2933996 ccf_commit_seqno=5909112 nstreams_done_=733500 config.nstreams=1000000 avg_latency=0.5563 ms avg throuhgput (requests/sec) = 1029.0211 res=false
*==== INFO ====*  stream_id=2935996 latency=0.465199 ms (tx_ts=85460485406176, rx_ts=85460485871375) request_id=5912450 zil_blk_id=2935996 ccf_commit_seqno=5912450 nstreams_done_=734000 config.nstreams=1000000 avg_latency=0.5563 ms avg throuhgput (requests/sec) = 1029.0333 res=false
*==== INFO ====*  stream_id=2937996 latency=0.698276 ms (tx_ts=85460986169097, rx_ts=85460986867373) request_id=5915743 zil_blk_id=2937996 ccf_commit_seqno=5915744 nstreams_done_=734500 config.nstreams=1000000 avg_latency=0.5563 ms avg throuhgput (requests/sec) = 1029.0115 res=false
*==== INFO ====*  stream_id=2939996 latency=0.463467 ms (tx_ts=85461478735267, rx_ts=85461479198734) request_id=5919115 zil_blk_id=2939996 ccf_commit_seqno=5919115 nstreams_done_=735000 config.nstreams=1000000 avg_latency=0.5563 ms avg throuhgput (requests/sec) = 1029.0023 res=false
*==== INFO ====*  stream_id=2941996 latency=0.524311 ms (tx_ts=85462006161657, rx_ts=85462006685968) request_id=5922637 zil_blk_id=2941996 ccf_commit_seqno=5922637 nstreams_done_=735500 config.nstreams=1000000 avg_latency=0.5563 ms avg throuhgput (requests/sec) = 1028.9424 res=false
*==== INFO ====*  stream_id=2943996 latency=0.491539 ms (tx_ts=85462514672159, rx_ts=85462515163698) request_id=5926078 zil_blk_id=2943996 ccf_commit_seqno=5926078 nstreams_done_=736000 config.nstreams=1000000 avg_latency=0.5563 ms avg throuhgput (requests/sec) = 1028.9100 res=false
*==== INFO ====*  stream_id=2945996 latency=0.520102 ms (tx_ts=85462991663669, rx_ts=85462992183771) request_id=5929401 zil_blk_id=2945996 ccf_commit_seqno=5929401 nstreams_done_=736500 config.nstreams=1000000 avg_latency=0.5562 ms avg throuhgput (requests/sec) = 1028.9228 res=false
*==== INFO ====*  stream_id=2947996 latency=0.553925 ms (tx_ts=85463484641118, rx_ts=85463485195043) request_id=5932782 zil_blk_id=2947996 ccf_commit_seqno=5932782 nstreams_done_=737000 config.nstreams=1000000 avg_latency=0.5562 ms avg throuhgput (requests/sec) = 1028.9127 res=false
*==== INFO ====*  stream_id=2949996 latency=0.580105 ms (tx_ts=85463990817730, rx_ts=85463991397835) request_id=5936231 zil_blk_id=2949996 ccf_commit_seqno=5936232 nstreams_done_=737500 config.nstreams=1000000 avg_latency=0.5562 ms avg throuhgput (requests/sec) = 1028.8836 res=false
*==== INFO ====*  stream_id=2951996 latency=0.515153 ms (tx_ts=85464499582813, rx_ts=85464500097966) request_id=5939754 zil_blk_id=2951996 ccf_commit_seqno=5939754 nstreams_done_=738000 config.nstreams=1000000 avg_latency=0.5562 ms avg throuhgput (requests/sec) = 1028.8510 res=false
*==== INFO ====*  stream_id=2953996 latency=0.635087 ms (tx_ts=85465014325222, rx_ts=85465014960309) request_id=5943304 zil_blk_id=2953996 ccf_commit_seqno=5943305 nstreams_done_=738500 config.nstreams=1000000 avg_latency=0.5562 ms avg throuhgput (requests/sec) = 1028.8096 res=false
*==== INFO ====*  stream_id=2955996 latency=0.484452 ms (tx_ts=85465518415731, rx_ts=85465518900183) request_id=5946708 zil_blk_id=2955996 ccf_commit_seqno=5946708 nstreams_done_=739000 config.nstreams=1000000 avg_latency=0.5562 ms avg throuhgput (requests/sec) = 1028.7839 res=false
*==== INFO ====*  stream_id=2957996 latency=0.474498 ms (tx_ts=85465996047880, rx_ts=85465996522378) request_id=5949916 zil_blk_id=2957996 ccf_commit_seqno=5949916 nstreams_done_=739500 config.nstreams=1000000 avg_latency=0.5562 ms avg throuhgput (requests/sec) = 1028.7959 res=false
*==== INFO ====*  stream_id=2959996 latency=0.509192 ms (tx_ts=85466471348358, rx_ts=85466471857550) request_id=5953155 zil_blk_id=2959996 ccf_commit_seqno=5953155 nstreams_done_=740000 config.nstreams=1000000 avg_latency=0.5562 ms avg throuhgput (requests/sec) = 1028.8112 res=false
*==== INFO ====*  stream_id=2961996 latency=0.560437 ms (tx_ts=85466972314036, rx_ts=85466972874473) request_id=5956669 zil_blk_id=2961996 ccf_commit_seqno=5956669 nstreams_done_=740500 config.nstreams=1000000 avg_latency=0.5562 ms avg throuhgput (requests/sec) = 1028.7897 res=false
*==== INFO ====*  stream_id=2963996 latency=0.516657 ms (tx_ts=85467460898222, rx_ts=85467461414879) request_id=5960141 zil_blk_id=2963996 ccf_commit_seqno=5960141 nstreams_done_=741000 config.nstreams=1000000 avg_latency=0.5562 ms avg throuhgput (requests/sec) = 1028.7861 res=false
*==== INFO ====*  stream_id=2965996 latency=0.539309 ms (tx_ts=85467964936596, rx_ts=85467965475905) request_id=5963661 zil_blk_id=2965996 ccf_commit_seqno=5963661 nstreams_done_=741500 config.nstreams=1000000 avg_latency=0.5562 ms avg throuhgput (requests/sec) = 1028.7603 res=false
*==== INFO ====*  stream_id=2967996 latency=0.510284 ms (tx_ts=85468456105774, rx_ts=85468456616058) request_id=5967125 zil_blk_id=2967996 ccf_commit_seqno=5967125 nstreams_done_=742000 config.nstreams=1000000 avg_latency=0.5562 ms avg throuhgput (requests/sec) = 1028.7530 res=false
*==== INFO ====*  stream_id=2969996 latency=0.607056 ms (tx_ts=85468970060548, rx_ts=85468970667604) request_id=5970692 zil_blk_id=2969996 ccf_commit_seqno=5970692 nstreams_done_=742500 config.nstreams=1000000 avg_latency=0.5562 ms avg throuhgput (requests/sec) = 1028.7131 res=false
*==== INFO ====*  stream_id=2971996 latency=0.588220 ms (tx_ts=85469462790334, rx_ts=85469463378554) request_id=5974146 zil_blk_id=2971996 ccf_commit_seqno=5974146 nstreams_done_=743000 config.nstreams=1000000 avg_latency=0.5562 ms avg throuhgput (requests/sec) = 1028.7036 res=false
*==== INFO ====*  stream_id=2973996 latency=0.498622 ms (tx_ts=85469931481624, rx_ts=85469931980246) request_id=5977446 zil_blk_id=2973996 ccf_commit_seqno=5977446 nstreams_done_=743500 config.nstreams=1000000 avg_latency=0.5562 ms avg throuhgput (requests/sec) = 1028.7284 res=false
*==== INFO ====*  stream_id=2975996 latency=0.603759 ms (tx_ts=85470407982451, rx_ts=85470408586210) request_id=5980719 zil_blk_id=2975996 ccf_commit_seqno=5980719 nstreams_done_=744000 config.nstreams=1000000 avg_latency=0.5562 ms avg throuhgput (requests/sec) = 1028.7418 res=false
*==== INFO ====*  stream_id=2977996 latency=0.483574 ms (tx_ts=85470897241869, rx_ts=85470897725443) request_id=5983937 zil_blk_id=2977996 ccf_commit_seqno=5983937 nstreams_done_=744500 config.nstreams=1000000 avg_latency=0.5562 ms avg throuhgput (requests/sec) = 1028.7374 res=false
*==== INFO ====*  stream_id=2979996 latency=0.462676 ms (tx_ts=85471376632901, rx_ts=85471377095577) request_id=5987262 zil_blk_id=2979996 ccf_commit_seqno=5987262 nstreams_done_=745000 config.nstreams=1000000 avg_latency=0.5562 ms avg throuhgput (requests/sec) = 1028.7469 res=false
*==== INFO ====*  stream_id=2981996 latency=0.563314 ms (tx_ts=85471860994309, rx_ts=85471861557623) request_id=5990581 zil_blk_id=2981996 ccf_commit_seqno=5990581 nstreams_done_=745500 config.nstreams=1000000 avg_latency=0.5562 ms avg throuhgput (requests/sec) = 1028.7491 res=false
*==== INFO ====*  stream_id=2983996 latency=0.540110 ms (tx_ts=85472351109618, rx_ts=85472351649728) request_id=5993935 zil_blk_id=2983996 ccf_commit_seqno=5993935 nstreams_done_=746000 config.nstreams=1000000 avg_latency=0.5562 ms avg throuhgput (requests/sec) = 1028.7433 res=false
*==== INFO ====*  stream_id=2985996 latency=0.502910 ms (tx_ts=85472839331559, rx_ts=85472839834469) request_id=5997270 zil_blk_id=2985996 ccf_commit_seqno=5997270 nstreams_done_=746500 config.nstreams=1000000 avg_latency=0.5562 ms avg throuhgput (requests/sec) = 1028.7403 res=false
*==== INFO ====*  stream_id=2987996 latency=0.685262 ms (tx_ts=85473353641996, rx_ts=85473354327258) request_id=6000754 zil_blk_id=2987996 ccf_commit_seqno=6000755 nstreams_done_=747000 config.nstreams=1000000 avg_latency=0.5562 ms avg throuhgput (requests/sec) = 1028.6999 res=false
*==== INFO ====*  stream_id=2989996 latency=0.544468 ms (tx_ts=85473869023914, rx_ts=85473869568382) request_id=6004271 zil_blk_id=2989996 ccf_commit_seqno=6004271 nstreams_done_=747500 config.nstreams=1000000 avg_latency=0.5563 ms avg throuhgput (requests/sec) = 1028.6586 res=false
*==== INFO ====*  stream_id=2991996 latency=0.518139 ms (tx_ts=85474335312957, rx_ts=85474335831096) request_id=6007533 zil_blk_id=2991996 ccf_commit_seqno=6007533 nstreams_done_=748000 config.nstreams=1000000 avg_latency=0.5563 ms avg throuhgput (requests/sec) = 1028.6866 res=false
*==== INFO ====*  stream_id=2993996 latency=0.500896 ms (tx_ts=85474803096512, rx_ts=85474803597408) request_id=6010757 zil_blk_id=2993996 ccf_commit_seqno=6010757 nstreams_done_=748500 config.nstreams=1000000 avg_latency=0.5563 ms avg throuhgput (requests/sec) = 1028.7125 res=false
*==== INFO ====*  stream_id=2995996 latency=0.514703 ms (tx_ts=85475293104005, rx_ts=85475293618708) request_id=6014160 zil_blk_id=2995996 ccf_commit_seqno=6014160 nstreams_done_=749000 config.nstreams=1000000 avg_latency=0.5562 ms avg throuhgput (requests/sec) = 1028.7069 res=false
*==== INFO ====*  stream_id=2997996 latency=0.516249 ms (tx_ts=85475775778508, rx_ts=85475776294757) request_id=6017535 zil_blk_id=2997996 ccf_commit_seqno=6017535 nstreams_done_=749500 config.nstreams=1000000 avg_latency=0.5562 ms avg throuhgput (requests/sec) = 1028.7116 res=false
*==== INFO ====*  stream_id=2999996 latency=0.515354 ms (tx_ts=85476265158089, rx_ts=85476265673443) request_id=6020987 zil_blk_id=2999996 ccf_commit_seqno=6020987 nstreams_done_=750000 config.nstreams=1000000 avg_latency=0.5563 ms avg throuhgput (requests/sec) = 1028.7069 res=false
*==== INFO ====*  stream_id=3001996 latency=0.587779 ms (tx_ts=85476784582520, rx_ts=85476785170299) request_id=6024597 zil_blk_id=3001996 ccf_commit_seqno=6024597 nstreams_done_=750500 config.nstreams=1000000 avg_latency=0.5563 ms avg throuhgput (requests/sec) = 1028.6598 res=false
*==== INFO ====*  stream_id=3003996 latency=0.519892 ms (tx_ts=85477291495709, rx_ts=85477292015601) request_id=6028005 zil_blk_id=3003996 ccf_commit_seqno=6028005 nstreams_done_=751000 config.nstreams=1000000 avg_latency=0.5563 ms avg throuhgput (requests/sec) = 1028.6305 res=false
*==== INFO ====*  stream_id=3005996 latency=0.517759 ms (tx_ts=85477802229964, rx_ts=85477802747723) request_id=6031539 zil_blk_id=3005996 ccf_commit_seqno=6031539 nstreams_done_=751500 config.nstreams=1000000 avg_latency=0.5562 ms avg throuhgput (requests/sec) = 1028.5958 res=false
*==== INFO ====*  stream_id=3007996 latency=0.526575 ms (tx_ts=85478292886865, rx_ts=85478293413440) request_id=6034982 zil_blk_id=3007996 ccf_commit_seqno=6034982 nstreams_done_=752000 config.nstreams=1000000 avg_latency=0.5562 ms avg throuhgput (requests/sec) = 1028.5894 res=false
*==== INFO ====*  stream_id=3009996 latency=0.519983 ms (tx_ts=85478770943466, rx_ts=85478771463449) request_id=6038358 zil_blk_id=3009996 ccf_commit_seqno=6038358 nstreams_done_=752500 config.nstreams=1000000 avg_latency=0.5562 ms avg throuhgput (requests/sec) = 1028.6007 res=false
*==== INFO ====*  stream_id=3011996 latency=0.486500 ms (tx_ts=85479249703314, rx_ts=85479250189814) request_id=6041751 zil_blk_id=3011996 ccf_commit_seqno=6041751 nstreams_done_=753000 config.nstreams=1000000 avg_latency=0.5562 ms avg throuhgput (requests/sec) = 1028.6111 res=false
*==== INFO ====*  stream_id=3013996 latency=0.568313 ms (tx_ts=85479720023815, rx_ts=85479720592128) request_id=6045091 zil_blk_id=3013996 ccf_commit_seqno=6045091 nstreams_done_=753500 config.nstreams=1000000 avg_latency=0.5562 ms avg throuhgput (requests/sec) = 1028.6331 res=false
*==== INFO ====*  stream_id=3015996 latency=0.482623 ms (tx_ts=85480232665839, rx_ts=85480233148462) request_id=6048686 zil_blk_id=3015996 ccf_commit_seqno=6048686 nstreams_done_=754000 config.nstreams=1000000 avg_latency=0.5561 ms avg throuhgput (requests/sec) = 1028.5959 res=false
*==== INFO ====*  stream_id=3017996 latency=0.598844 ms (tx_ts=85480710680919, rx_ts=85480711279763) request_id=6051946 zil_blk_id=3017996 ccf_commit_seqno=6051946 nstreams_done_=754500 config.nstreams=1000000 avg_latency=0.5561 ms avg throuhgput (requests/sec) = 1028.6071 res=false
*==== INFO ====*  stream_id=3019996 latency=0.537055 ms (tx_ts=85481184874639, rx_ts=85481185411694) request_id=6055284 zil_blk_id=3019996 ccf_commit_seqno=6055284 nstreams_done_=755000 config.nstreams=1000000 avg_latency=0.5561 ms avg throuhgput (requests/sec) = 1028.6239 res=false
*==== INFO ====*  stream_id=3021996 latency=0.690411 ms (tx_ts=85481629829996, rx_ts=85481630520407) request_id=6058463 zil_blk_id=3021996 ccf_commit_seqno=6058463 nstreams_done_=755500 config.nstreams=1000000 avg_latency=0.5561 ms avg throuhgput (requests/sec) = 1028.6813 res=false
*==== INFO ====*  stream_id=3023996 latency=0.500095 ms (tx_ts=85482103300646, rx_ts=85482103800741) request_id=6061701 zil_blk_id=3023996 ccf_commit_seqno=6061701 nstreams_done_=756000 config.nstreams=1000000 avg_latency=0.5561 ms avg throuhgput (requests/sec) = 1028.6992 res=false
*==== INFO ====*  stream_id=3025996 latency=0.473285 ms (tx_ts=85482551902166, rx_ts=85482552375451) request_id=6064935 zil_blk_id=3025996 ccf_commit_seqno=6064935 nstreams_done_=756500 config.nstreams=1000000 avg_latency=0.5561 ms avg throuhgput (requests/sec) = 1028.7516 res=false
*==== INFO ====*  stream_id=3027996 latency=0.492522 ms (tx_ts=85483022818361, rx_ts=85483023310883) request_id=6068221 zil_blk_id=3027996 ccf_commit_seqno=6068221 nstreams_done_=757000 config.nstreams=1000000 avg_latency=0.5561 ms avg throuhgput (requests/sec) = 1028.7727 res=false
*==== INFO ====*  stream_id=3029996 latency=0.504073 ms (tx_ts=85483480255234, rx_ts=85483480759307) request_id=6071480 zil_blk_id=3029996 ccf_commit_seqno=6071480 nstreams_done_=757500 config.nstreams=1000000 avg_latency=0.5561 ms avg throuhgput (requests/sec) = 1028.8126 res=false
*==== INFO ====*  stream_id=3031996 latency=0.624030 ms (tx_ts=85483951325597, rx_ts=85483951949627) request_id=6074715 zil_blk_id=3031996 ccf_commit_seqno=6074715 nstreams_done_=758000 config.nstreams=1000000 avg_latency=0.5561 ms avg throuhgput (requests/sec) = 1028.8333 res=false
*==== INFO ====*  stream_id=3033996 latency=0.575887 ms (tx_ts=85484406125568, rx_ts=85484406701455) request_id=6077903 zil_blk_id=3033996 ccf_commit_seqno=6077903 nstreams_done_=758500 config.nstreams=1000000 avg_latency=0.5561 ms avg throuhgput (requests/sec) = 1028.8769 res=false
*==== INFO ====*  stream_id=3035996 latency=0.500216 ms (tx_ts=85484871794355, rx_ts=85484872294571) request_id=6081110 zil_blk_id=3035996 ccf_commit_seqno=6081110 nstreams_done_=759000 config.nstreams=1000000 avg_latency=0.5561 ms avg throuhgput (requests/sec) = 1028.9053 res=false
*==== INFO ====*  stream_id=3037996 latency=0.461804 ms (tx_ts=85485374888287, rx_ts=85485375350091) request_id=6084478 zil_blk_id=3037996 ccf_commit_seqno=6084478 nstreams_done_=759500 config.nstreams=1000000 avg_latency=0.5561 ms avg throuhgput (requests/sec) = 1028.8814 res=false
*==== INFO ====*  stream_id=3039996 latency=0.524938 ms (tx_ts=85485852561138, rx_ts=85485853086076) request_id=6087709 zil_blk_id=3039996 ccf_commit_seqno=6087709 nstreams_done_=760000 config.nstreams=1000000 avg_latency=0.5561 ms avg throuhgput (requests/sec) = 1028.8929 res=false
*==== INFO ====*  stream_id=3041996 latency=0.498833 ms (tx_ts=85486302151818, rx_ts=85486302650651) request_id=6090845 zil_blk_id=3041996 ccf_commit_seqno=6090845 nstreams_done_=760500 config.nstreams=1000000 avg_latency=0.5561 ms avg throuhgput (requests/sec) = 1028.9436 res=false
*==== INFO ====*  stream_id=3043996 latency=0.561029 ms (tx_ts=85486757656664, rx_ts=85486758217693) request_id=6093986 zil_blk_id=3043996 ccf_commit_seqno=6093986 nstreams_done_=761000 config.nstreams=1000000 avg_latency=0.5560 ms avg throuhgput (requests/sec) = 1028.9858 res=false
*==== INFO ====*  stream_id=3045996 latency=0.483084 ms (tx_ts=85487227255329, rx_ts=85487227738413) request_id=6097175 zil_blk_id=3045996 ccf_commit_seqno=6097175 nstreams_done_=761500 config.nstreams=1000000 avg_latency=0.5561 ms avg throuhgput (requests/sec) = 1029.0086 res=false
*==== INFO ====*  stream_id=3047996 latency=0.514101 ms (tx_ts=85487725971689, rx_ts=85487726485790) request_id=6100527 zil_blk_id=3047996 ccf_commit_seqno=6100527 nstreams_done_=762000 config.nstreams=1000000 avg_latency=0.5561 ms avg throuhgput (requests/sec) = 1028.9908 res=false
*==== INFO ====*  stream_id=3049996 latency=0.488604 ms (tx_ts=85488194344178, rx_ts=85488194832782) request_id=6103791 zil_blk_id=3049996 ccf_commit_seqno=6103791 nstreams_done_=762500 config.nstreams=1000000 avg_latency=0.5561 ms avg throuhgput (requests/sec) = 1029.0152 res=false
*==== INFO ====*  stream_id=3051996 latency=0.554086 ms (tx_ts=85488653262767, rx_ts=85488653816853) request_id=6107086 zil_blk_id=3051996 ccf_commit_seqno=6107087 nstreams_done_=763000 config.nstreams=1000000 avg_latency=0.5560 ms avg throuhgput (requests/sec) = 1029.0525 res=false
*==== INFO ====*  stream_id=3053996 latency=0.499614 ms (tx_ts=85489144723926, rx_ts=85489145223540) request_id=6110558 zil_blk_id=3053996 ccf_commit_seqno=6110558 nstreams_done_=763500 config.nstreams=1000000 avg_latency=0.5560 ms avg throuhgput (requests/sec) = 1029.0449 res=false
*==== INFO ====*  stream_id=3055996 latency=0.494614 ms (tx_ts=85489626023530, rx_ts=85489626518144) request_id=6113904 zil_blk_id=3055996 ccf_commit_seqno=6113905 nstreams_done_=764000 config.nstreams=1000000 avg_latency=0.5560 ms avg throuhgput (requests/sec) = 1029.0512 res=false
*==== INFO ====*  stream_id=3057996 latency=0.661286 ms (tx_ts=85490115303886, rx_ts=85490115965172) request_id=6117308 zil_blk_id=3057996 ccf_commit_seqno=6117309 nstreams_done_=764500 config.nstreams=1000000 avg_latency=0.5560 ms avg throuhgput (requests/sec) = 1029.0463 res=false
*==== INFO ====*  stream_id=3059996 latency=0.497069 ms (tx_ts=85490598098525, rx_ts=85490598595594) request_id=6120670 zil_blk_id=3059996 ccf_commit_seqno=6120670 nstreams_done_=765000 config.nstreams=1000000 avg_latency=0.5560 ms avg throuhgput (requests/sec) = 1029.0508 res=false
*==== INFO ====*  stream_id=3061996 latency=0.527066 ms (tx_ts=85491074923582, rx_ts=85491075450648) request_id=6123979 zil_blk_id=3061996 ccf_commit_seqno=6123979 nstreams_done_=765500 config.nstreams=1000000 avg_latency=0.5560 ms avg throuhgput (requests/sec) = 1029.0633 res=false
*==== INFO ====*  stream_id=3063996 latency=0.641579 ms (tx_ts=85491580950893, rx_ts=85491581592472) request_id=6127443 zil_blk_id=3063996 ccf_commit_seqno=6127443 nstreams_done_=766000 config.nstreams=1000000 avg_latency=0.5560 ms avg throuhgput (requests/sec) = 1029.0353 res=false
*==== INFO ====*  stream_id=3065996 latency=0.503351 ms (tx_ts=85492081100182, rx_ts=85492081603533) request_id=6130862 zil_blk_id=3065996 ccf_commit_seqno=6130862 nstreams_done_=766500 config.nstreams=1000000 avg_latency=0.5560 ms avg throuhgput (requests/sec) = 1029.0158 res=false
*==== INFO ====*  stream_id=3067996 latency=0.506017 ms (tx_ts=85492593379642, rx_ts=85492593885659) request_id=6134291 zil_blk_id=3067996 ccf_commit_seqno=6134291 nstreams_done_=767000 config.nstreams=1000000 avg_latency=0.5560 ms avg throuhgput (requests/sec) = 1028.9793 res=false
*==== INFO ====*  stream_id=3069996 latency=0.627564 ms (tx_ts=85493128361923, rx_ts=85493128989487) request_id=6137787 zil_blk_id=3069996 ccf_commit_seqno=6137787 nstreams_done_=767500 config.nstreams=1000000 avg_latency=0.5560 ms avg throuhgput (requests/sec) = 1028.9115 res=false
*==== INFO ====*  stream_id=3071996 latency=0.513660 ms (tx_ts=85493631937973, rx_ts=85493632451633) request_id=6141234 zil_blk_id=3071996 ccf_commit_seqno=6141234 nstreams_done_=768000 config.nstreams=1000000 avg_latency=0.5560 ms avg throuhgput (requests/sec) = 1028.8874 res=false
*==== INFO ====*  stream_id=3073996 latency=0.584202 ms (tx_ts=85494126289898, rx_ts=85494126874100) request_id=6144667 zil_blk_id=3073996 ccf_commit_seqno=6144667 nstreams_done_=768500 config.nstreams=1000000 avg_latency=0.5560 ms avg throuhgput (requests/sec) = 1028.8757 res=false
*==== INFO ====*  stream_id=3075996 latency=0.522968 ms (tx_ts=85494646641554, rx_ts=85494647164522) request_id=6148052 zil_blk_id=3075996 ccf_commit_seqno=6148052 nstreams_done_=769000 config.nstreams=1000000 avg_latency=0.5560 ms avg throuhgput (requests/sec) = 1028.8285 res=false
*==== INFO ====*  stream_id=3077996 latency=0.506066 ms (tx_ts=85495152842838, rx_ts=85495153348904) request_id=6151475 zil_blk_id=3077996 ccf_commit_seqno=6151475 nstreams_done_=769500 config.nstreams=1000000 avg_latency=0.5560 ms avg throuhgput (requests/sec) = 1028.8007 res=false
*==== INFO ====*  stream_id=3079996 latency=0.704657 ms (tx_ts=85495655052117, rx_ts=85495655756774) request_id=6154894 zil_blk_id=3079996 ccf_commit_seqno=6154894 nstreams_done_=770000 config.nstreams=1000000 avg_latency=0.5560 ms avg throuhgput (requests/sec) = 1028.7781 res=false
*==== INFO ====*  stream_id=3081996 latency=0.604400 ms (tx_ts=85496152872568, rx_ts=85496153476968) request_id=6158288 zil_blk_id=3081996 ccf_commit_seqno=6158288 nstreams_done_=770500 config.nstreams=1000000 avg_latency=0.5560 ms avg throuhgput (requests/sec) = 1028.7621 res=false
*==== INFO ====*  stream_id=3083996 latency=0.525974 ms (tx_ts=85496668881135, rx_ts=85496669407109) request_id=6161841 zil_blk_id=3083996 ccf_commit_seqno=6161841 nstreams_done_=771000 config.nstreams=1000000 avg_latency=0.5560 ms avg throuhgput (requests/sec) = 1028.7210 res=false
*==== INFO ====*  stream_id=3085996 latency=0.548476 ms (tx_ts=85497158745128, rx_ts=85497159293604) request_id=6165308 zil_blk_id=3085996 ccf_commit_seqno=6165308 nstreams_done_=771500 config.nstreams=1000000 avg_latency=0.5560 ms avg throuhgput (requests/sec) = 1028.7157 res=false
*==== INFO ====*  stream_id=3087996 latency=0.548655 ms (tx_ts=85497673867926, rx_ts=85497674416581) request_id=6168841 zil_blk_id=3087996 ccf_commit_seqno=6168841 nstreams_done_=772000 config.nstreams=1000000 avg_latency=0.5560 ms avg throuhgput (requests/sec) = 1028.6759 res=false
*==== INFO ====*  stream_id=3089996 latency=0.536593 ms (tx_ts=85498153430394, rx_ts=85498153966987) request_id=6172174 zil_blk_id=3089996 ccf_commit_seqno=6172174 nstreams_done_=772500 config.nstreams=1000000 avg_latency=0.5559 ms avg throuhgput (requests/sec) = 1028.6848 res=false
*==== INFO ====*  stream_id=3091996 latency=0.504023 ms (tx_ts=85498635421192, rx_ts=85498635925215) request_id=6175542 zil_blk_id=3091996 ccf_commit_seqno=6175543 nstreams_done_=773000 config.nstreams=1000000 avg_latency=0.5559 ms avg throuhgput (requests/sec) = 1028.6904 res=false
*==== INFO ====*  stream_id=3093996 latency=0.534309 ms (tx_ts=85499123847446, rx_ts=85499124381755) request_id=6178909 zil_blk_id=3093996 ccf_commit_seqno=6178910 nstreams_done_=773500 config.nstreams=1000000 avg_latency=0.5559 ms avg throuhgput (requests/sec) = 1028.6871 res=false
*==== INFO ====*  stream_id=3095996 latency=0.495537 ms (tx_ts=85499583095682, rx_ts=85499583591219) request_id=6182115 zil_blk_id=3095996 ccf_commit_seqno=6182115 nstreams_done_=774000 config.nstreams=1000000 avg_latency=0.5559 ms avg throuhgput (requests/sec) = 1028.7238 res=false
*==== INFO ====*  stream_id=3097996 latency=0.498933 ms (tx_ts=85500046992625, rx_ts=85500047491558) request_id=6185226 zil_blk_id=3097996 ccf_commit_seqno=6185226 nstreams_done_=774500 config.nstreams=1000000 avg_latency=0.5559 ms avg throuhgput (requests/sec) = 1028.7541 res=false
*==== INFO ====*  stream_id=3099996 latency=0.569205 ms (tx_ts=85500507620283, rx_ts=85500508189488) request_id=6188432 zil_blk_id=3099996 ccf_commit_seqno=6188432 nstreams_done_=775000 config.nstreams=1000000 avg_latency=0.5559 ms avg throuhgput (requests/sec) = 1028.7886 res=false
*==== INFO ====*  stream_id=3101996 latency=0.541252 ms (tx_ts=85500966485827, rx_ts=85500967027079) request_id=6191633 zil_blk_id=3101996 ccf_commit_seqno=6191633 nstreams_done_=775500 config.nstreams=1000000 avg_latency=0.5559 ms avg throuhgput (requests/sec) = 1028.8257 res=false
*==== INFO ====*  stream_id=3103996 latency=0.489465 ms (tx_ts=85501425335249, rx_ts=85501425824714) request_id=6194777 zil_blk_id=3103996 ccf_commit_seqno=6194777 nstreams_done_=776000 config.nstreams=1000000 avg_latency=0.5558 ms avg throuhgput (requests/sec) = 1028.8628 res=false
*==== INFO ====*  stream_id=3105996 latency=0.525563 ms (tx_ts=85501904966642, rx_ts=85501905492205) request_id=6198046 zil_blk_id=3105996 ccf_commit_seqno=6198046 nstreams_done_=776500 config.nstreams=1000000 avg_latency=0.5558 ms avg throuhgput (requests/sec) = 1028.8714 res=false
*==== INFO ====*  stream_id=3107996 latency=0.496840 ms (tx_ts=85502405758807, rx_ts=85502406255647) request_id=6201330 zil_blk_id=3107996 ccf_commit_seqno=6201330 nstreams_done_=777000 config.nstreams=1000000 avg_latency=0.5558 ms avg throuhgput (requests/sec) = 1028.8513 res=false
*==== INFO ====*  stream_id=3109996 latency=0.496999 ms (tx_ts=85502891229731, rx_ts=85502891726730) request_id=6204616 zil_blk_id=3109996 ccf_commit_seqno=6204616 nstreams_done_=777500 config.nstreams=1000000 avg_latency=0.5558 ms avg throuhgput (requests/sec) = 1028.8520 res=false
*==== INFO ====*  stream_id=3111996 latency=1.276347 ms (tx_ts=85503368329059, rx_ts=85503369605406) request_id=6207881 zil_blk_id=3111996 ccf_commit_seqno=6207881 nstreams_done_=778000 config.nstreams=1000000 avg_latency=0.5558 ms avg throuhgput (requests/sec) = 1028.8630 res=false
*==== INFO ====*  stream_id=3113996 latency=0.525553 ms (tx_ts=85503840924475, rx_ts=85503841450028) request_id=6211068 zil_blk_id=3113996 ccf_commit_seqno=6211068 nstreams_done_=778500 config.nstreams=1000000 avg_latency=0.5558 ms avg throuhgput (requests/sec) = 1028.8822 res=false
*==== INFO ====*  stream_id=3115996 latency=0.545670 ms (tx_ts=85504317014496, rx_ts=85504317560166) request_id=6214272 zil_blk_id=3115996 ccf_commit_seqno=6214272 nstreams_done_=779000 config.nstreams=1000000 avg_latency=0.5558 ms avg throuhgput (requests/sec) = 1028.8956 res=false
*==== INFO ====*  stream_id=3117996 latency=0.565277 ms (tx_ts=85504801467245, rx_ts=85504802032522) request_id=6217611 zil_blk_id=3117996 ccf_commit_seqno=6217611 nstreams_done_=779500 config.nstreams=1000000 avg_latency=0.5558 ms avg throuhgput (requests/sec) = 1028.8976 res=false
*==== INFO ====*  stream_id=3119996 latency=0.535160 ms (tx_ts=85505281578526, rx_ts=85505282113686) request_id=6220879 zil_blk_id=3119996 ccf_commit_seqno=6220879 nstreams_done_=780000 config.nstreams=1000000 avg_latency=0.5558 ms avg throuhgput (requests/sec) = 1028.9056 res=false
*==== INFO ====*  stream_id=3121996 latency=0.498843 ms (tx_ts=85505770069806, rx_ts=85505770568649) request_id=6224177 zil_blk_id=3121996 ccf_commit_seqno=6224177 nstreams_done_=780500 config.nstreams=1000000 avg_latency=0.5558 ms avg throuhgput (requests/sec) = 1028.9022 res=false
*==== INFO ====*  stream_id=3123996 latency=0.528028 ms (tx_ts=85506261725171, rx_ts=85506262253199) request_id=6227579 zil_blk_id=3123996 ccf_commit_seqno=6227579 nstreams_done_=781000 config.nstreams=1000000 avg_latency=0.5558 ms avg throuhgput (requests/sec) = 1028.8944 res=false
*==== INFO ====*  stream_id=3125996 latency=0.535010 ms (tx_ts=85506751774801, rx_ts=85506752309811) request_id=6230942 zil_blk_id=3125996 ccf_commit_seqno=6230942 nstreams_done_=781500 config.nstreams=1000000 avg_latency=0.5558 ms avg throuhgput (requests/sec) = 1028.8889 res=false
*==== INFO ====*  stream_id=3127996 latency=0.515424 ms (tx_ts=85507252365569, rx_ts=85507252880993) request_id=6234308 zil_blk_id=3127996 ccf_commit_seqno=6234308 nstreams_done_=782000 config.nstreams=1000000 avg_latency=0.5558 ms avg throuhgput (requests/sec) = 1028.8691 res=false
*==== INFO ====*  stream_id=3129996 latency=0.625741 ms (tx_ts=85507750973135, rx_ts=85507751598876) request_id=6237636 zil_blk_id=3129996 ccf_commit_seqno=6237636 nstreams_done_=782500 config.nstreams=1000000 avg_latency=0.5558 ms avg throuhgput (requests/sec) = 1028.8518 res=false
*==== INFO ====*  stream_id=3131996 latency=0.544719 ms (tx_ts=85508241303610, rx_ts=85508241848329) request_id=6240997 zil_blk_id=3131996 ccf_commit_seqno=6240997 nstreams_done_=783000 config.nstreams=1000000 avg_latency=0.5558 ms avg throuhgput (requests/sec) = 1028.8461 res=false
*==== INFO ====*  stream_id=3133996 latency=0.595213 ms (tx_ts=85508713864441, rx_ts=85508714459654) request_id=6244272 zil_blk_id=3133996 ccf_commit_seqno=6244273 nstreams_done_=783500 config.nstreams=1000000 avg_latency=0.5558 ms avg throuhgput (requests/sec) = 1028.8641 res=false
*==== INFO ====*  stream_id=3135996 latency=0.518099 ms (tx_ts=85509182907443, rx_ts=85509183425542) request_id=6247565 zil_blk_id=3135996 ccf_commit_seqno=6247565 nstreams_done_=784000 config.nstreams=1000000 avg_latency=0.5558 ms avg throuhgput (requests/sec) = 1028.8871 res=false
*==== INFO ====*  stream_id=3137996 latency=0.483264 ms (tx_ts=85509699872845, rx_ts=85509700356109) request_id=6250966 zil_blk_id=3137996 ccf_commit_seqno=6250966 nstreams_done_=784500 config.nstreams=1000000 avg_latency=0.5558 ms avg throuhgput (requests/sec) = 1028.8453 res=false
*==== INFO ====*  stream_id=3139996 latency=0.496368 ms (tx_ts=85510168109647, rx_ts=85510168606015) request_id=6254298 zil_blk_id=3139996 ccf_commit_seqno=6254298 nstreams_done_=785000 config.nstreams=1000000 avg_latency=0.5558 ms avg throuhgput (requests/sec) = 1028.8692 res=false
*==== INFO ====*  stream_id=3141996 latency=0.503521 ms (tx_ts=85510645602056, rx_ts=85510646105577) request_id=6257676 zil_blk_id=3141996 ccf_commit_seqno=6257676 nstreams_done_=785500 config.nstreams=1000000 avg_latency=0.5558 ms avg throuhgput (requests/sec) = 1028.8806 res=false
*==== INFO ====*  stream_id=3143996 latency=0.549517 ms (tx_ts=85511107675420, rx_ts=85511108224937) request_id=6260980 zil_blk_id=3143996 ccf_commit_seqno=6260981 nstreams_done_=786000 config.nstreams=1000000 avg_latency=0.5558 ms avg throuhgput (requests/sec) = 1028.9128 res=false
*==== INFO ====*  stream_id=3145996 latency=0.471191 ms (tx_ts=85511561229329, rx_ts=85511561700520) request_id=6264177 zil_blk_id=3145996 ccf_commit_seqno=6264177 nstreams_done_=786500 config.nstreams=1000000 avg_latency=0.5558 ms avg throuhgput (requests/sec) = 1028.9565 res=false
*==== INFO ====*  stream_id=3147996 latency=0.478544 ms (tx_ts=85512049823547, rx_ts=85512050302091) request_id=6267532 zil_blk_id=3147996 ccf_commit_seqno=6267532 nstreams_done_=787000 config.nstreams=1000000 avg_latency=0.5558 ms avg throuhgput (requests/sec) = 1028.9529 res=false
*==== INFO ====*  stream_id=3149996 latency=0.517398 ms (tx_ts=85512511461456, rx_ts=85512511978854) request_id=6270800 zil_blk_id=3149996 ccf_commit_seqno=6270800 nstreams_done_=787500 config.nstreams=1000000 avg_latency=0.5558 ms avg throuhgput (requests/sec) = 1028.9855 res=false
*==== INFO ====*  stream_id=3151996 latency=0.623846 ms (tx_ts=85512997110298, rx_ts=85512997734144) request_id=6274187 zil_blk_id=3151996 ccf_commit_seqno=6274188 nstreams_done_=788000 config.nstreams=1000000 avg_latency=0.5558 ms avg throuhgput (requests/sec) = 1028.9857 res=false
*==== INFO ====*  stream_id=3153996 latency=0.508200 ms (tx_ts=85513500060762, rx_ts=85513500568962) request_id=6277679 zil_blk_id=3153996 ccf_commit_seqno=6277679 nstreams_done_=788500 config.nstreams=1000000 avg_latency=0.5558 ms avg throuhgput (requests/sec) = 1028.9630 res=false
*==== INFO ====*  stream_id=3155996 latency=0.565287 ms (tx_ts=85514035846287, rx_ts=85514036411574) request_id=6281324 zil_blk_id=3155996 ccf_commit_seqno=6281324 nstreams_done_=789000 config.nstreams=1000000 avg_latency=0.5558 ms avg throuhgput (requests/sec) = 1028.8960 res=false
*==== INFO ====*  stream_id=3157996 latency=0.493022 ms (tx_ts=85514532900244, rx_ts=85514533393266) request_id=6284854 zil_blk_id=3157996 ccf_commit_seqno=6284854 nstreams_done_=789500 config.nstreams=1000000 avg_latency=0.5557 ms avg throuhgput (requests/sec) = 1028.8812 res=false
*==== INFO ====*  stream_id=3159996 latency=0.554356 ms (tx_ts=85515038081199, rx_ts=85515038635555) request_id=6288271 zil_blk_id=3159996 ccf_commit_seqno=6288271 nstreams_done_=790000 config.nstreams=1000000 avg_latency=0.5557 ms avg throuhgput (requests/sec) = 1028.8554 res=false
*==== INFO ====*  stream_id=3161996 latency=1.428942 ms (tx_ts=85515523164371, rx_ts=85515524593313) request_id=6291686 zil_blk_id=3161996 ccf_commit_seqno=6291687 nstreams_done_=790500 config.nstreams=1000000 avg_latency=0.5557 ms avg throuhgput (requests/sec) = 1028.8554 res=false
*==== INFO ====*  stream_id=3163996 latency=0.516947 ms (tx_ts=85516036254455, rx_ts=85516036771402) request_id=6295144 zil_blk_id=3163996 ccf_commit_seqno=6295144 nstreams_done_=791000 config.nstreams=1000000 avg_latency=0.5557 ms avg throuhgput (requests/sec) = 1028.8203 res=false
*==== INFO ====*  stream_id=3165996 latency=0.467915 ms (tx_ts=85516606380175, rx_ts=85516606848090) request_id=6298662 zil_blk_id=3165996 ccf_commit_seqno=6298662 nstreams_done_=791500 config.nstreams=1000000 avg_latency=0.5558 ms avg throuhgput (requests/sec) = 1028.7079 res=false
*==== INFO ====*  stream_id=3167996 latency=0.491880 ms (tx_ts=85517103645421, rx_ts=85517104137301) request_id=6301998 zil_blk_id=3167996 ccf_commit_seqno=6301998 nstreams_done_=792000 config.nstreams=1000000 avg_latency=0.5557 ms avg throuhgput (requests/sec) = 1028.6929 res=false
*==== INFO ====*  stream_id=3169996 latency=0.485608 ms (tx_ts=85517583265106, rx_ts=85517583750714) request_id=6305265 zil_blk_id=3169996 ccf_commit_seqno=6305265 nstreams_done_=792500 config.nstreams=1000000 avg_latency=0.5557 ms avg throuhgput (requests/sec) = 1028.7015 res=false
*==== INFO ====*  stream_id=3171996 latency=0.577420 ms (tx_ts=85518064315144, rx_ts=85518064892564) request_id=6308534 zil_blk_id=3171996 ccf_commit_seqno=6308534 nstreams_done_=793000 config.nstreams=1000000 avg_latency=0.5557 ms avg throuhgput (requests/sec) = 1028.7080 res=false
*==== INFO ====*  stream_id=3173996 latency=0.467063 ms (tx_ts=85518536786030, rx_ts=85518537253093) request_id=6311791 zil_blk_id=3173996 ccf_commit_seqno=6311791 nstreams_done_=793500 config.nstreams=1000000 avg_latency=0.5557 ms avg throuhgput (requests/sec) = 1028.7263 res=false
*==== INFO ====*  stream_id=3175996 latency=0.520453 ms (tx_ts=85519011466367, rx_ts=85519011986820) request_id=6315040 zil_blk_id=3175996 ccf_commit_seqno=6315040 nstreams_done_=794000 config.nstreams=1000000 avg_latency=0.5557 ms avg throuhgput (requests/sec) = 1028.7414 res=false
*==== INFO ====*  stream_id=3177996 latency=0.546933 ms (tx_ts=85519537438918, rx_ts=85519537985851) request_id=6318346 zil_blk_id=3177996 ccf_commit_seqno=6318346 nstreams_done_=794500 config.nstreams=1000000 avg_latency=0.5558 ms avg throuhgput (requests/sec) = 1028.6881 res=false
*==== INFO ====*  stream_id=3179996 latency=0.520964 ms (tx_ts=85520043290976, rx_ts=85520043811940) request_id=6321608 zil_blk_id=3179996 ccf_commit_seqno=6321608 nstreams_done_=795000 config.nstreams=1000000 avg_latency=0.5558 ms avg throuhgput (requests/sec) = 1028.6618 res=false
*==== INFO ====*  stream_id=3181996 latency=0.476571 ms (tx_ts=85520511064067, rx_ts=85520511540638) request_id=6324812 zil_blk_id=3181996 ccf_commit_seqno=6324812 nstreams_done_=795500 config.nstreams=1000000 avg_latency=0.5557 ms avg throuhgput (requests/sec) = 1028.6862 res=false
*==== INFO ====*  stream_id=3183996 latency=0.479637 ms (tx_ts=85521024948595, rx_ts=85521025428232) request_id=6328249 zil_blk_id=3183996 ccf_commit_seqno=6328249 nstreams_done_=796000 config.nstreams=1000000 avg_latency=0.5557 ms avg throuhgput (requests/sec) = 1028.6492 res=false
*==== INFO ====*  stream_id=3185996 latency=0.473235 ms (tx_ts=85521520193959, rx_ts=85521520667194) request_id=6331559 zil_blk_id=3185996 ccf_commit_seqno=6331559 nstreams_done_=796500 config.nstreams=1000000 avg_latency=0.5557 ms avg throuhgput (requests/sec) = 1028.6370 res=false
*==== INFO ====*  stream_id=3187996 latency=0.583401 ms (tx_ts=85522020071484, rx_ts=85522020654885) request_id=6334872 zil_blk_id=3187996 ccf_commit_seqno=6334873 nstreams_done_=797000 config.nstreams=1000000 avg_latency=0.5557 ms avg throuhgput (requests/sec) = 1028.6186 res=false
*==== INFO ====*  stream_id=3189996 latency=0.497741 ms (tx_ts=85522535918843, rx_ts=85522536416584) request_id=6338314 zil_blk_id=3189996 ccf_commit_seqno=6338314 nstreams_done_=797500 config.nstreams=1000000 avg_latency=0.5557 ms avg throuhgput (requests/sec) = 1028.5792 res=false
*==== INFO ====*  stream_id=3191996 latency=0.565367 ms (tx_ts=85523055549928, rx_ts=85523056115295) request_id=6341610 zil_blk_id=3191996 ccf_commit_seqno=6341610 nstreams_done_=798000 config.nstreams=1000000 avg_latency=0.5558 ms avg throuhgput (requests/sec) = 1028.5347 res=false
*==== INFO ====*  stream_id=3193996 latency=0.552272 ms (tx_ts=85523554467549, rx_ts=85523555019821) request_id=6344985 zil_blk_id=3193996 ccf_commit_seqno=6344985 nstreams_done_=798500 config.nstreams=1000000 avg_latency=0.5558 ms avg throuhgput (requests/sec) = 1028.5177 res=false
*==== INFO ====*  stream_id=3195996 latency=0.514773 ms (tx_ts=85524041912525, rx_ts=85524042427298) request_id=6348308 zil_blk_id=3195996 ccf_commit_seqno=6348308 nstreams_done_=799000 config.nstreams=1000000 avg_latency=0.5557 ms avg throuhgput (requests/sec) = 1028.5161 res=false
*==== INFO ====*  stream_id=3197996 latency=0.492491 ms (tx_ts=85524530667619, rx_ts=85524531160110) request_id=6351599 zil_blk_id=3197996 ccf_commit_seqno=6351599 nstreams_done_=799500 config.nstreams=1000000 avg_latency=0.5557 ms avg throuhgput (requests/sec) = 1028.5126 res=false
*==== INFO ====*  stream_id=3199996 latency=0.531193 ms (tx_ts=85525029082820, rx_ts=85525029614013) request_id=6355003 zil_blk_id=3199996 ccf_commit_seqno=6355003 nstreams_done_=800000 config.nstreams=1000000 avg_latency=0.5557 ms avg throuhgput (requests/sec) = 1028.4963 res=false
*==== INFO ====*  stream_id=3201996 latency=0.474567 ms (tx_ts=85525519910448, rx_ts=85525520385015) request_id=6358361 zil_blk_id=3201996 ccf_commit_seqno=6358361 nstreams_done_=800500 config.nstreams=1000000 avg_latency=0.5557 ms avg throuhgput (requests/sec) = 1028.4902 res=false
*==== INFO ====*  stream_id=3203996 latency=0.477513 ms (tx_ts=85526012424864, rx_ts=85526012902377) request_id=6361713 zil_blk_id=3203996 ccf_commit_seqno=6361713 nstreams_done_=801000 config.nstreams=1000000 avg_latency=0.5557 ms avg throuhgput (requests/sec) = 1028.4818 res=false
*==== INFO ====*  stream_id=3205996 latency=0.502419 ms (tx_ts=85526503991997, rx_ts=85526504494416) request_id=6365108 zil_blk_id=3205996 ccf_commit_seqno=6365108 nstreams_done_=801500 config.nstreams=1000000 avg_latency=0.5557 ms avg throuhgput (requests/sec) = 1028.4746 res=false
*==== INFO ====*  stream_id=3207996 latency=0.493683 ms (tx_ts=85526984152267, rx_ts=85526984645950) request_id=6368454 zil_blk_id=3207996 ccf_commit_seqno=6368454 nstreams_done_=802000 config.nstreams=1000000 avg_latency=0.5557 ms avg throuhgput (requests/sec) = 1028.4826 res=false
*==== INFO ====*  stream_id=3209996 latency=0.517106 ms (tx_ts=85527486704506, rx_ts=85527487221612) request_id=6371839 zil_blk_id=3209996 ccf_commit_seqno=6371839 nstreams_done_=802500 config.nstreams=1000000 avg_latency=0.5557 ms avg throuhgput (requests/sec) = 1028.4609 res=false
*==== INFO ====*  stream_id=3211996 latency=0.500526 ms (tx_ts=85527955989938, rx_ts=85527956490464) request_id=6375099 zil_blk_id=3211996 ccf_commit_seqno=6375099 nstreams_done_=803000 config.nstreams=1000000 avg_latency=0.5557 ms avg throuhgput (requests/sec) = 1028.4832 res=false
*==== INFO ====*  stream_id=3213996 latency=0.529490 ms (tx_ts=85528422927551, rx_ts=85528423457041) request_id=6378380 zil_blk_id=3213996 ccf_commit_seqno=6378380 nstreams_done_=803500 config.nstreams=1000000 avg_latency=0.5557 ms avg throuhgput (requests/sec) = 1028.5084 res=false
*==== INFO ====*  stream_id=3215996 latency=0.508320 ms (tx_ts=85528893668504, rx_ts=85528894176824) request_id=6381634 zil_blk_id=3215996 ccf_commit_seqno=6381634 nstreams_done_=804000 config.nstreams=1000000 avg_latency=0.5556 ms avg throuhgput (requests/sec) = 1028.5287 res=false
*==== INFO ====*  stream_id=3217996 latency=0.517307 ms (tx_ts=85529364808695, rx_ts=85529365326002) request_id=6384915 zil_blk_id=3217996 ccf_commit_seqno=6384915 nstreams_done_=804500 config.nstreams=1000000 avg_latency=0.5556 ms avg throuhgput (requests/sec) = 1028.5484 res=false
*==== INFO ====*  stream_id=3219996 latency=0.530622 ms (tx_ts=85529831242636, rx_ts=85529831773258) request_id=6388097 zil_blk_id=3219996 ccf_commit_seqno=6388097 nstreams_done_=805000 config.nstreams=1000000 avg_latency=0.5556 ms avg throuhgput (requests/sec) = 1028.5743 res=false
*==== INFO ====*  stream_id=3221996 latency=0.538006 ms (tx_ts=85530329382533, rx_ts=85530329920539) request_id=6391464 zil_blk_id=3221996 ccf_commit_seqno=6391464 nstreams_done_=805500 config.nstreams=1000000 avg_latency=0.5556 ms avg throuhgput (requests/sec) = 1028.5585 res=false
*==== INFO ====*  stream_id=3223996 latency=0.604520 ms (tx_ts=85530807996505, rx_ts=85530808601025) request_id=6394653 zil_blk_id=3223996 ccf_commit_seqno=6394653 nstreams_done_=806000 config.nstreams=1000000 avg_latency=0.5556 ms avg throuhgput (requests/sec) = 1028.5682 res=false
*==== INFO ====*  stream_id=3225996 latency=0.557712 ms (tx_ts=85531274839359, rx_ts=85531275397071) request_id=6397893 zil_blk_id=3225996 ccf_commit_seqno=6397893 nstreams_done_=806500 config.nstreams=1000000 avg_latency=0.5556 ms avg throuhgput (requests/sec) = 1028.5936 res=false
*==== INFO ====*  stream_id=3227996 latency=0.485007 ms (tx_ts=85531770179681, rx_ts=85531770664688) request_id=6401268 zil_blk_id=3227996 ccf_commit_seqno=6401268 nstreams_done_=807000 config.nstreams=1000000 avg_latency=0.5556 ms avg throuhgput (requests/sec) = 1028.5816 res=false
*==== INFO ====*  stream_id=3229996 latency=0.495808 ms (tx_ts=85532251466436, rx_ts=85532251962244) request_id=6404597 zil_blk_id=3229996 ccf_commit_seqno=6404597 nstreams_done_=807500 config.nstreams=1000000 avg_latency=0.5556 ms avg throuhgput (requests/sec) = 1028.5879 res=false
*==== INFO ====*  stream_id=3231996 latency=0.605272 ms (tx_ts=85532738160642, rx_ts=85532738765914) request_id=6407920 zil_blk_id=3231996 ccf_commit_seqno=6407920 nstreams_done_=808000 config.nstreams=1000000 avg_latency=0.5556 ms avg throuhgput (requests/sec) = 1028.5869 res=false
*==== INFO ====*  stream_id=3233996 latency=0.558875 ms (tx_ts=85533222185014, rx_ts=85533222743889) request_id=6411253 zil_blk_id=3233996 ccf_commit_seqno=6411253 nstreams_done_=808500 config.nstreams=1000000 avg_latency=0.5555 ms avg throuhgput (requests/sec) = 1028.5897 res=false
*==== INFO ====*  stream_id=3235996 latency=0.586316 ms (tx_ts=85533706310562, rx_ts=85533706896878) request_id=6414590 zil_blk_id=3235996 ccf_commit_seqno=6414590 nstreams_done_=809000 config.nstreams=1000000 avg_latency=0.5555 ms avg throuhgput (requests/sec) = 1028.5923 res=false
*==== INFO ====*  stream_id=3237996 latency=0.467765 ms (tx_ts=85534196849422, rx_ts=85534197317187) request_id=6418015 zil_blk_id=3237996 ccf_commit_seqno=6418015 nstreams_done_=809500 config.nstreams=1000000 avg_latency=0.5555 ms avg throuhgput (requests/sec) = 1028.5866 res=false
*==== INFO ====*  stream_id=3239996 latency=0.580155 ms (tx_ts=85534714019423, rx_ts=85534714599578) request_id=6421566 zil_blk_id=3239996 ccf_commit_seqno=6421566 nstreams_done_=810000 config.nstreams=1000000 avg_latency=0.5555 ms avg throuhgput (requests/sec) = 1028.5459 res=false
*==== INFO ====*  stream_id=3241996 latency=0.557052 ms (tx_ts=85535212563593, rx_ts=85535213120645) request_id=6425013 zil_blk_id=3241996 ccf_commit_seqno=6425015 nstreams_done_=810500 config.nstreams=1000000 avg_latency=0.5555 ms avg throuhgput (requests/sec) = 1028.5297 res=false
*==== INFO ====*  stream_id=3243996 latency=0.489245 ms (tx_ts=85535700281688, rx_ts=85535700770933) request_id=6428406 zil_blk_id=3243996 ccf_commit_seqno=6428406 nstreams_done_=811000 config.nstreams=1000000 avg_latency=0.5555 ms avg throuhgput (requests/sec) = 1028.5277 res=false
*==== INFO ====*  stream_id=3245996 latency=0.506367 ms (tx_ts=85536174349759, rx_ts=85536174856126) request_id=6431778 zil_blk_id=3245996 ccf_commit_seqno=6431779 nstreams_done_=811500 config.nstreams=1000000 avg_latency=0.5555 ms avg throuhgput (requests/sec) = 1028.5434 res=false
*==== INFO ====*  stream_id=3247996 latency=0.474968 ms (tx_ts=85536645740829, rx_ts=85536646215797) request_id=6435119 zil_blk_id=3247996 ccf_commit_seqno=6435119 nstreams_done_=812000 config.nstreams=1000000 avg_latency=0.5555 ms avg throuhgput (requests/sec) = 1028.5627 res=false
*==== INFO ====*  stream_id=3249996 latency=0.576698 ms (tx_ts=85537130240097, rx_ts=85537130816795) request_id=6438387 zil_blk_id=3249996 ccf_commit_seqno=6438387 nstreams_done_=812500 config.nstreams=1000000 avg_latency=0.5555 ms avg throuhgput (requests/sec) = 1028.5647 res=false
*==== INFO ====*  stream_id=3251996 latency=0.483936 ms (tx_ts=85537634940940, rx_ts=85537635424876) request_id=6441860 zil_blk_id=3251996 ccf_commit_seqno=6441860 nstreams_done_=813000 config.nstreams=1000000 avg_latency=0.5555 ms avg throuhgput (requests/sec) = 1028.5406 res=false
*==== INFO ====*  stream_id=3253996 latency=0.515194 ms (tx_ts=85538139056685, rx_ts=85538139571879) request_id=6445341 zil_blk_id=3253996 ccf_commit_seqno=6445341 nstreams_done_=813500 config.nstreams=1000000 avg_latency=0.5555 ms avg throuhgput (requests/sec) = 1028.5172 res=false
*==== INFO ====*  stream_id=3255996 latency=0.545270 ms (tx_ts=85538634418958, rx_ts=85538634964228) request_id=6448810 zil_blk_id=3255996 ccf_commit_seqno=6448810 nstreams_done_=814000 config.nstreams=1000000 avg_latency=0.5554 ms avg throuhgput (requests/sec) = 1028.5051 res=false
*==== INFO ====*  stream_id=3257996 latency=0.511887 ms (tx_ts=85539140603827, rx_ts=85539141115714) request_id=6452314 zil_blk_id=3257996 ccf_commit_seqno=6452314 nstreams_done_=814500 config.nstreams=1000000 avg_latency=0.5554 ms avg throuhgput (requests/sec) = 1028.4791 res=false
*==== INFO ====*  stream_id=3259996 latency=0.532706 ms (tx_ts=85539635964789, rx_ts=85539636497495) request_id=6455793 zil_blk_id=3259996 ccf_commit_seqno=6455793 nstreams_done_=815000 config.nstreams=1000000 avg_latency=0.5554 ms avg throuhgput (requests/sec) = 1028.4672 res=false
*==== INFO ====*  stream_id=3261996 latency=0.631411 ms (tx_ts=85540123828376, rx_ts=85540124459787) request_id=6459235 zil_blk_id=3261996 ccf_commit_seqno=6459235 nstreams_done_=815500 config.nstreams=1000000 avg_latency=0.5554 ms avg throuhgput (requests/sec) = 1028.4648 res=false
*==== INFO ====*  stream_id=3263996 latency=0.565171 ms (tx_ts=85540597037329, rx_ts=85540597602500) request_id=6462457 zil_blk_id=3263996 ccf_commit_seqno=6462457 nstreams_done_=816000 config.nstreams=1000000 avg_latency=0.5554 ms avg throuhgput (requests/sec) = 1028.4817 res=false
*==== INFO ====*  stream_id=3265996 latency=0.484055 ms (tx_ts=85541063702986, rx_ts=85541064187041) request_id=6465694 zil_blk_id=3265996 ccf_commit_seqno=6465694 nstreams_done_=816500 config.nstreams=1000000 avg_latency=0.5554 ms avg throuhgput (requests/sec) = 1028.5071 res=false
*==== INFO ====*  stream_id=3267996 latency=0.545469 ms (tx_ts=85541551298838, rx_ts=85541551844307) request_id=6469108 zil_blk_id=3267996 ccf_commit_seqno=6469108 nstreams_done_=817000 config.nstreams=1000000 avg_latency=0.5554 ms avg throuhgput (requests/sec) = 1028.5051 res=false
*==== INFO ====*  stream_id=3269996 latency=0.575165 ms (tx_ts=85542042095980, rx_ts=85542042671145) request_id=6472445 zil_blk_id=3269996 ccf_commit_seqno=6472445 nstreams_done_=817500 config.nstreams=1000000 avg_latency=0.5554 ms avg throuhgput (requests/sec) = 1028.4990 res=false
*==== INFO ====*  stream_id=3271996 latency=0.495126 ms (tx_ts=85542561525265, rx_ts=85542562020391) request_id=6475876 zil_blk_id=3271996 ccf_commit_seqno=6475876 nstreams_done_=818000 config.nstreams=1000000 avg_latency=0.5554 ms avg throuhgput (requests/sec) = 1028.4561 res=false
*==== INFO ====*  stream_id=3273996 latency=0.501568 ms (tx_ts=85543066624372, rx_ts=85543067125940) request_id=6479369 zil_blk_id=3273996 ccf_commit_seqno=6479369 nstreams_done_=818500 config.nstreams=1000000 avg_latency=0.5554 ms avg throuhgput (requests/sec) = 1028.4316 res=false
*==== INFO ====*  stream_id=3275996 latency=0.510694 ms (tx_ts=85543568332368, rx_ts=85543568843062) request_id=6482852 zil_blk_id=3275996 ccf_commit_seqno=6482852 nstreams_done_=819000 config.nstreams=1000000 avg_latency=0.5554 ms avg throuhgput (requests/sec) = 1028.4116 res=false
*==== INFO ====*  stream_id=3277996 latency=0.481560 ms (tx_ts=85544067823478, rx_ts=85544068305038) request_id=6486290 zil_blk_id=3277996 ccf_commit_seqno=6486290 nstreams_done_=819500 config.nstreams=1000000 avg_latency=0.5553 ms avg throuhgput (requests/sec) = 1028.3944 res=false
*==== INFO ====*  stream_id=3279996 latency=0.555209 ms (tx_ts=85544567712612, rx_ts=85544568267821) request_id=6489783 zil_blk_id=3279996 ccf_commit_seqno=6489783 nstreams_done_=820000 config.nstreams=1000000 avg_latency=0.5553 ms avg throuhgput (requests/sec) = 1028.3767 res=false
*==== INFO ====*  stream_id=3281996 latency=0.498913 ms (tx_ts=85545057351258, rx_ts=85545057850171) request_id=6493220 zil_blk_id=3281996 ccf_commit_seqno=6493220 nstreams_done_=820500 config.nstreams=1000000 avg_latency=0.5553 ms avg throuhgput (requests/sec) = 1028.3723 res=false
*==== INFO ====*  stream_id=3283996 latency=0.566199 ms (tx_ts=85545562140486, rx_ts=85545562706685) request_id=6496640 zil_blk_id=3283996 ccf_commit_seqno=6496640 nstreams_done_=821000 config.nstreams=1000000 avg_latency=0.5553 ms avg throuhgput (requests/sec) = 1028.3483 res=false
*==== INFO ====*  stream_id=3285996 latency=0.523920 ms (tx_ts=85546051897866, rx_ts=85546052421786) request_id=6499967 zil_blk_id=3285996 ccf_commit_seqno=6499967 nstreams_done_=821500 config.nstreams=1000000 avg_latency=0.5553 ms avg throuhgput (requests/sec) = 1028.3438 res=false
*==== INFO ====*  stream_id=3287996 latency=0.477924 ms (tx_ts=85546542372796, rx_ts=85546542850720) request_id=6503299 zil_blk_id=3287996 ccf_commit_seqno=6503299 nstreams_done_=822000 config.nstreams=1000000 avg_latency=0.5553 ms avg throuhgput (requests/sec) = 1028.3384 res=false
*==== INFO ====*  stream_id=3289996 latency=0.490457 ms (tx_ts=85547069877862, rx_ts=85547070368319) request_id=6506841 zil_blk_id=3289996 ccf_commit_seqno=6506841 nstreams_done_=822500 config.nstreams=1000000 avg_latency=0.5552 ms avg throuhgput (requests/sec) = 1028.2853 res=false
*==== INFO ====*  stream_id=3291996 latency=0.527236 ms (tx_ts=85547562903508, rx_ts=85547563430744) request_id=6510181 zil_blk_id=3291996 ccf_commit_seqno=6510181 nstreams_done_=823000 config.nstreams=1000000 avg_latency=0.5552 ms avg throuhgput (requests/sec) = 1028.2765 res=false
*==== INFO ====*  stream_id=3293996 latency=0.585825 ms (tx_ts=85548066050617, rx_ts=85548066636442) request_id=6513555 zil_blk_id=3293996 ccf_commit_seqno=6513555 nstreams_done_=823500 config.nstreams=1000000 avg_latency=0.5552 ms avg throuhgput (requests/sec) = 1028.2547 res=false
*==== INFO ====*  stream_id=3295996 latency=0.557954 ms (tx_ts=85548545735711, rx_ts=85548546293665) request_id=6516807 zil_blk_id=3295996 ccf_commit_seqno=6516807 nstreams_done_=824000 config.nstreams=1000000 avg_latency=0.5552 ms avg throuhgput (requests/sec) = 1028.2632 res=false
*==== INFO ====*  stream_id=3297996 latency=0.493262 ms (tx_ts=85549050226772, rx_ts=85549050720034) request_id=6520211 zil_blk_id=3297996 ccf_commit_seqno=6520211 nstreams_done_=824500 config.nstreams=1000000 avg_latency=0.5552 ms avg throuhgput (requests/sec) = 1028.2399 res=false
*==== INFO ====*  stream_id=3299996 latency=0.530612 ms (tx_ts=85549548101558, rx_ts=85549548632170) request_id=6523644 zil_blk_id=3299996 ccf_commit_seqno=6523644 nstreams_done_=825000 config.nstreams=1000000 avg_latency=0.5552 ms avg throuhgput (requests/sec) = 1028.2250 res=false
*==== INFO ====*  stream_id=3301996 latency=0.463177 ms (tx_ts=85550041851995, rx_ts=85550042315172) request_id=6527100 zil_blk_id=3301996 ccf_commit_seqno=6527100 nstreams_done_=825500 config.nstreams=1000000 avg_latency=0.5552 ms avg throuhgput (requests/sec) = 1028.2155 res=false
*==== INFO ====*  stream_id=3303996 latency=0.591085 ms (tx_ts=85550517301070, rx_ts=85550517892155) request_id=6530491 zil_blk_id=3303996 ccf_commit_seqno=6530491 nstreams_done_=826000 config.nstreams=1000000 avg_latency=0.5552 ms avg throuhgput (requests/sec) = 1028.2292 res=false
*==== INFO ====*  stream_id=3305996 latency=0.532135 ms (tx_ts=85551005524619, rx_ts=85551006056754) request_id=6533902 zil_blk_id=3305996 ccf_commit_seqno=6533902 nstreams_done_=826500 config.nstreams=1000000 avg_latency=0.5552 ms avg throuhgput (requests/sec) = 1028.2268 res=false
*==== INFO ====*  stream_id=3307996 latency=0.501488 ms (tx_ts=85551465971067, rx_ts=85551466472555) request_id=6537166 zil_blk_id=3307996 ccf_commit_seqno=6537166 nstreams_done_=827000 config.nstreams=1000000 avg_latency=0.5552 ms avg throuhgput (requests/sec) = 1028.2598 res=false
*==== INFO ====*  stream_id=3309996 latency=0.443820 ms (tx_ts=85551933357759, rx_ts=85551933801579) request_id=6540461 zil_blk_id=3309996 ccf_commit_seqno=6540461 nstreams_done_=827500 config.nstreams=1000000 avg_latency=0.5552 ms avg throuhgput (requests/sec) = 1028.2840 res=false
*==== INFO ====*  stream_id=3311996 latency=0.513601 ms (tx_ts=85552387851984, rx_ts=85552388365585) request_id=6543656 zil_blk_id=3311996 ccf_commit_seqno=6543656 nstreams_done_=828000 config.nstreams=1000000 avg_latency=0.5552 ms avg throuhgput (requests/sec) = 1028.3245 res=false
*==== INFO ====*  stream_id=3313996 latency=0.507859 ms (tx_ts=85552849216212, rx_ts=85552849724071) request_id=6546817 zil_blk_id=3313996 ccf_commit_seqno=6546817 nstreams_done_=828500 config.nstreams=1000000 avg_latency=0.5552 ms avg throuhgput (requests/sec) = 1028.3562 res=false
*==== INFO ====*  stream_id=3315996 latency=0.467244 ms (tx_ts=85553348952912, rx_ts=85553349420156) request_id=6550230 zil_blk_id=3315996 ccf_commit_seqno=6550230 nstreams_done_=829000 config.nstreams=1000000 avg_latency=0.5552 ms avg throuhgput (requests/sec) = 1028.3390 res=false
*==== INFO ====*  stream_id=3317996 latency=0.571038 ms (tx_ts=85553808885033, rx_ts=85553809456071) request_id=6553468 zil_blk_id=3317996 ccf_commit_seqno=6553468 nstreams_done_=829500 config.nstreams=1000000 avg_latency=0.5551 ms avg throuhgput (requests/sec) = 1028.3724 res=false
*==== INFO ====*  stream_id=3319996 latency=0.618938 ms (tx_ts=85554266052489, rx_ts=85554266671427) request_id=6556659 zil_blk_id=3319996 ccf_commit_seqno=6556660 nstreams_done_=830000 config.nstreams=1000000 avg_latency=0.5551 ms avg throuhgput (requests/sec) = 1028.4094 res=false
*==== INFO ====*  stream_id=3321996 latency=0.550049 ms (tx_ts=85554742415510, rx_ts=85554742965559) request_id=6559937 zil_blk_id=3321996 ccf_commit_seqno=6559937 nstreams_done_=830500 config.nstreams=1000000 avg_latency=0.5551 ms avg throuhgput (requests/sec) = 1028.4220 res=false
*==== INFO ====*  stream_id=3323996 latency=0.549587 ms (tx_ts=85555209617100, rx_ts=85555210166687) request_id=6563193 zil_blk_id=3323996 ccf_commit_seqno=6563193 nstreams_done_=831000 config.nstreams=1000000 avg_latency=0.5551 ms avg throuhgput (requests/sec) = 1028.4461 res=false
*==== INFO ====*  stream_id=3325996 latency=0.614349 ms (tx_ts=85555686020765, rx_ts=85555686635114) request_id=6566492 zil_blk_id=3325996 ccf_commit_seqno=6566492 nstreams_done_=831500 config.nstreams=1000000 avg_latency=0.5551 ms avg throuhgput (requests/sec) = 1028.4585 res=false
*==== INFO ====*  stream_id=3327996 latency=0.548366 ms (tx_ts=85556158333524, rx_ts=85556158881890) request_id=6569783 zil_blk_id=3327996 ccf_commit_seqno=6569783 nstreams_done_=832000 config.nstreams=1000000 avg_latency=0.5551 ms avg throuhgput (requests/sec) = 1028.4762 res=false
*==== INFO ====*  stream_id=3329996 latency=0.516827 ms (tx_ts=85556627078317, rx_ts=85556627595144) request_id=6573128 zil_blk_id=3329996 ccf_commit_seqno=6573128 nstreams_done_=832500 config.nstreams=1000000 avg_latency=0.5551 ms avg throuhgput (requests/sec) = 1028.4983 res=false
*==== INFO ====*  stream_id=3331996 latency=0.575656 ms (tx_ts=85557115972141, rx_ts=85557116547797) request_id=6576615 zil_blk_id=3331996 ccf_commit_seqno=6576615 nstreams_done_=833000 config.nstreams=1000000 avg_latency=0.5551 ms avg throuhgput (requests/sec) = 1028.4947 res=false
*==== INFO ====*  stream_id=3333996 latency=0.507188 ms (tx_ts=85557610104206, rx_ts=85557610611394) request_id=6580032 zil_blk_id=3333996 ccf_commit_seqno=6580032 nstreams_done_=833500 config.nstreams=1000000 avg_latency=0.5551 ms avg throuhgput (requests/sec) = 1028.4847 res=false
*==== INFO ====*  stream_id=3335996 latency=0.470570 ms (tx_ts=85558095683221, rx_ts=85558096153791) request_id=6583374 zil_blk_id=3335996 ccf_commit_seqno=6583374 nstreams_done_=834000 config.nstreams=1000000 avg_latency=0.5551 ms avg throuhgput (requests/sec) = 1028.4855 res=false
*==== INFO ====*  stream_id=3337996 latency=0.656989 ms (tx_ts=85558551994731, rx_ts=85558552651720) request_id=6586521 zil_blk_id=3337996 ccf_commit_seqno=6586521 nstreams_done_=834500 config.nstreams=1000000 avg_latency=0.5551 ms avg throuhgput (requests/sec) = 1028.5231 res=false
*==== INFO ====*  stream_id=3339996 latency=0.509833 ms (tx_ts=85559016208089, rx_ts=85559016717922) request_id=6589764 zil_blk_id=3339996 ccf_commit_seqno=6589765 nstreams_done_=835000 config.nstreams=1000000 avg_latency=0.5551 ms avg throuhgput (requests/sec) = 1028.5510 res=false
*==== INFO ====*  stream_id=3341996 latency=0.537816 ms (tx_ts=85559462357996, rx_ts=85559462895812) request_id=6592899 zil_blk_id=3341996 ccf_commit_seqno=6592899 nstreams_done_=835500 config.nstreams=1000000 avg_latency=0.5551 ms avg throuhgput (requests/sec) = 1028.6016 res=false
*==== INFO ====*  stream_id=3343996 latency=0.541813 ms (tx_ts=85559912408408, rx_ts=85559912950221) request_id=6596048 zil_blk_id=3343996 ccf_commit_seqno=6596049 nstreams_done_=836000 config.nstreams=1000000 avg_latency=0.5550 ms avg throuhgput (requests/sec) = 1028.6472 res=false
*==== INFO ====*  stream_id=3345996 latency=0.541052 ms (tx_ts=85560405064376, rx_ts=85560405605428) request_id=6599398 zil_blk_id=3345996 ccf_commit_seqno=6599398 nstreams_done_=836500 config.nstreams=1000000 avg_latency=0.5550 ms avg throuhgput (requests/sec) = 1028.6389 res=false
*==== INFO ====*  stream_id=3347996 latency=0.546883 ms (tx_ts=85560890891543, rx_ts=85560891438426) request_id=6602690 zil_blk_id=3347996 ccf_commit_seqno=6602690 nstreams_done_=837000 config.nstreams=1000000 avg_latency=0.5550 ms avg throuhgput (requests/sec) = 1028.6392 res=false
*==== INFO ====*  stream_id=3349996 latency=0.499544 ms (tx_ts=85561361237079, rx_ts=85561361736623) request_id=6605940 zil_blk_id=3349996 ccf_commit_seqno=6605940 nstreams_done_=837500 config.nstreams=1000000 avg_latency=0.5550 ms avg throuhgput (requests/sec) = 1028.6591 res=false
*==== INFO ====*  stream_id=3351996 latency=0.660646 ms (tx_ts=85561902317965, rx_ts=85561902978611) request_id=6609529 zil_blk_id=3351996 ccf_commit_seqno=6609529 nstreams_done_=838000 config.nstreams=1000000 avg_latency=0.5550 ms avg throuhgput (requests/sec) = 1028.5895 res=false
*==== INFO ====*  stream_id=3353996 latency=0.543066 ms (tx_ts=85562445084148, rx_ts=85562445627214) request_id=6613049 zil_blk_id=3353996 ccf_commit_seqno=6613049 nstreams_done_=838500 config.nstreams=1000000 avg_latency=0.5551 ms avg throuhgput (requests/sec) = 1028.5181 res=false
*==== INFO ====*  stream_id=3355996 latency=0.477633 ms (tx_ts=85562944170897, rx_ts=85562944648530) request_id=6616340 zil_blk_id=3355996 ccf_commit_seqno=6616340 nstreams_done_=839000 config.nstreams=1000000 avg_latency=0.5551 ms avg throuhgput (requests/sec) = 1028.5019 res=false
*==== INFO ====*  stream_id=3357996 latency=0.496349 ms (tx_ts=85563414963508, rx_ts=85563415459857) request_id=6619567 zil_blk_id=3357996 ccf_commit_seqno=6619567 nstreams_done_=839500 config.nstreams=1000000 avg_latency=0.5551 ms avg throuhgput (requests/sec) = 1028.5212 res=false
*==== INFO ====*  stream_id=3359996 latency=0.608628 ms (tx_ts=85563880688623, rx_ts=85563881297251) request_id=6622763 zil_blk_id=3359996 ccf_commit_seqno=6622763 nstreams_done_=840000 config.nstreams=1000000 avg_latency=0.5550 ms avg throuhgput (requests/sec) = 1028.5468 res=false
*==== INFO ====*  stream_id=3361996 latency=0.565458 ms (tx_ts=85564370826121, rx_ts=85564371391579) request_id=6626055 zil_blk_id=3361996 ccf_commit_seqno=6626055 nstreams_done_=840500 config.nstreams=1000000 avg_latency=0.5550 ms avg throuhgput (requests/sec) = 1028.5418 res=false
*==== INFO ====*  stream_id=3363996 latency=0.509342 ms (tx_ts=85564873886400, rx_ts=85564874395742) request_id=6629401 zil_blk_id=3363996 ccf_commit_seqno=6629401 nstreams_done_=841000 config.nstreams=1000000 avg_latency=0.5551 ms avg throuhgput (requests/sec) = 1028.5205 res=false
*==== INFO ====*  stream_id=3365996 latency=0.545230 ms (tx_ts=85565370109516, rx_ts=85565370654746) request_id=6632914 zil_blk_id=3365996 ccf_commit_seqno=6632914 nstreams_done_=841500 config.nstreams=1000000 avg_latency=0.5550 ms avg throuhgput (requests/sec) = 1028.5078 res=false
*==== INFO ====*  stream_id=3367996 latency=0.491309 ms (tx_ts=85565871855152, rx_ts=85565872346461) request_id=6636318 zil_blk_id=3367996 ccf_commit_seqno=6636318 nstreams_done_=842000 config.nstreams=1000000 avg_latency=0.5550 ms avg throuhgput (requests/sec) = 1028.4883 res=false
*==== INFO ====*  stream_id=3369996 latency=0.475389 ms (tx_ts=85566388722819, rx_ts=85566389198208) request_id=6639855 zil_blk_id=3369996 ccf_commit_seqno=6639855 nstreams_done_=842500 config.nstreams=1000000 avg_latency=0.5550 ms avg throuhgput (requests/sec) = 1028.4497 res=false
*==== INFO ====*  stream_id=3371996 latency=0.571649 ms (tx_ts=85566883732920, rx_ts=85566884304569) request_id=6643273 zil_blk_id=3371996 ccf_commit_seqno=6643274 nstreams_done_=843000 config.nstreams=1000000 avg_latency=0.5550 ms avg throuhgput (requests/sec) = 1028.4385 res=false
*==== INFO ====*  stream_id=3373996 latency=0.479126 ms (tx_ts=85567389889093, rx_ts=85567390368219) request_id=6646777 zil_blk_id=3373996 ccf_commit_seqno=6646777 nstreams_done_=843500 config.nstreams=1000000 avg_latency=0.5550 ms avg throuhgput (requests/sec) = 1028.4136 res=false
*==== INFO ====*  stream_id=3375996 latency=0.468105 ms (tx_ts=85567886459912, rx_ts=85567886928017) request_id=6650107 zil_blk_id=3375996 ccf_commit_seqno=6650107 nstreams_done_=844000 config.nstreams=1000000 avg_latency=0.5550 ms avg throuhgput (requests/sec) = 1028.4006 res=false
*==== INFO ====*  stream_id=3377996 latency=0.493252 ms (tx_ts=85568373248980, rx_ts=85568373742232) request_id=6653461 zil_blk_id=3377996 ccf_commit_seqno=6653461 nstreams_done_=844500 config.nstreams=1000000 avg_latency=0.5550 ms avg throuhgput (requests/sec) = 1028.3998 res=false
*==== INFO ====*  stream_id=3379996 latency=0.539749 ms (tx_ts=85568858048353, rx_ts=85568858588102) request_id=6656773 zil_blk_id=3379996 ccf_commit_seqno=6656773 nstreams_done_=845000 config.nstreams=1000000 avg_latency=0.5550 ms avg throuhgput (requests/sec) = 1028.4015 res=false
*==== INFO ====*  stream_id=3381996 latency=0.510265 ms (tx_ts=85569317859003, rx_ts=85569318369268) request_id=6659975 zil_blk_id=3381996 ccf_commit_seqno=6659975 nstreams_done_=845500 config.nstreams=1000000 avg_latency=0.5549 ms avg throuhgput (requests/sec) = 1028.4345 res=false
*==== INFO ====*  stream_id=3383996 latency=0.503512 ms (tx_ts=85569768128106, rx_ts=85569768631618) request_id=6663090 zil_blk_id=3383996 ccf_commit_seqno=6663090 nstreams_done_=846000 config.nstreams=1000000 avg_latency=0.5549 ms avg throuhgput (requests/sec) = 1028.4794 res=false
*==== INFO ====*  stream_id=3385996 latency=0.508972 ms (tx_ts=85570242506695, rx_ts=85570243015667) request_id=6666314 zil_blk_id=3385996 ccf_commit_seqno=6666314 nstreams_done_=846500 config.nstreams=1000000 avg_latency=0.5549 ms avg throuhgput (requests/sec) = 1028.4941 res=false
*==== INFO ====*  stream_id=3387996 latency=0.508802 ms (tx_ts=85570699316114, rx_ts=85570699824916) request_id=6669484 zil_blk_id=3387996 ccf_commit_seqno=6669485 nstreams_done_=847000 config.nstreams=1000000 avg_latency=0.5549 ms avg throuhgput (requests/sec) = 1028.5308 res=false
*==== INFO ====*  stream_id=3389996 latency=0.544789 ms (tx_ts=85571171753643, rx_ts=85571172298432) request_id=6672781 zil_blk_id=3389996 ccf_commit_seqno=6672781 nstreams_done_=847500 config.nstreams=1000000 avg_latency=0.5549 ms avg throuhgput (requests/sec) = 1028.5478 res=false
*==== INFO ====*  stream_id=3391996 latency=0.539919 ms (tx_ts=85571644615218, rx_ts=85571645155137) request_id=6676059 zil_blk_id=3391996 ccf_commit_seqno=6676059 nstreams_done_=848000 config.nstreams=1000000 avg_latency=0.5549 ms avg throuhgput (requests/sec) = 1028.5644 res=false
*==== INFO ====*  stream_id=3393996 latency=0.493062 ms (tx_ts=85572117257068, rx_ts=85572117750130) request_id=6679290 zil_blk_id=3393996 ccf_commit_seqno=6679290 nstreams_done_=848500 config.nstreams=1000000 avg_latency=0.5549 ms avg throuhgput (requests/sec) = 1028.5812 res=false
*==== INFO ====*  stream_id=3395996 latency=0.484276 ms (tx_ts=85572576707862, rx_ts=85572577192138) request_id=6682445 zil_blk_id=3395996 ccf_commit_seqno=6682445 nstreams_done_=849000 config.nstreams=1000000 avg_latency=0.5549 ms avg throuhgput (requests/sec) = 1028.6145 res=false
*==== INFO ====*  stream_id=3397996 latency=0.570102 ms (tx_ts=85573037885445, rx_ts=85573038455547) request_id=6685626 zil_blk_id=3397996 ccf_commit_seqno=6685626 nstreams_done_=849500 config.nstreams=1000000 avg_latency=0.5548 ms avg throuhgput (requests/sec) = 1028.6454 res=false
*==== INFO ====*  stream_id=3399996 latency=0.486868 ms (tx_ts=85573523133002, rx_ts=85573523619870) request_id=6689036 zil_blk_id=3399996 ccf_commit_seqno=6689036 nstreams_done_=850000 config.nstreams=1000000 avg_latency=0.5548 ms avg throuhgput (requests/sec) = 1028.6465 res=false
*==== INFO ====*  stream_id=3401996 latency=0.595056 ms (tx_ts=85574022845358, rx_ts=85574023440414) request_id=6692449 zil_blk_id=3401996 ccf_commit_seqno=6692449 nstreams_done_=850500 config.nstreams=1000000 avg_latency=0.5548 ms avg throuhgput (requests/sec) = 1028.6294 res=false
*==== INFO ====*  stream_id=3403996 latency=0.562021 ms (tx_ts=85574513963966, rx_ts=85574514525987) request_id=6695703 zil_blk_id=3403996 ccf_commit_seqno=6695703 nstreams_done_=851000 config.nstreams=1000000 avg_latency=0.5548 ms avg throuhgput (requests/sec) = 1028.6232 res=false
*==== INFO ====*  stream_id=3405996 latency=0.483574 ms (tx_ts=85575016412390, rx_ts=85575016895964) request_id=6699120 zil_blk_id=3405996 ccf_commit_seqno=6699120 nstreams_done_=851500 config.nstreams=1000000 avg_latency=0.5548 ms avg throuhgput (requests/sec) = 1028.6030 res=false
*==== INFO ====*  stream_id=3407996 latency=0.496078 ms (tx_ts=85575493980325, rx_ts=85575494476403) request_id=6702458 zil_blk_id=3407996 ccf_commit_seqno=6702459 nstreams_done_=852000 config.nstreams=1000000 avg_latency=0.5548 ms avg throuhgput (requests/sec) = 1028.6135 res=false
*==== INFO ====*  stream_id=3409996 latency=0.487983 ms (tx_ts=85575968774697, rx_ts=85575969262680) request_id=6705695 zil_blk_id=3409996 ccf_commit_seqno=6705695 nstreams_done_=852500 config.nstreams=1000000 avg_latency=0.5548 ms avg throuhgput (requests/sec) = 1028.6276 res=false
*==== INFO ====*  stream_id=3411996 latency=0.530032 ms (tx_ts=85576438932747, rx_ts=85576439462779) request_id=6708970 zil_blk_id=3411996 ccf_commit_seqno=6708970 nstreams_done_=853000 config.nstreams=1000000 avg_latency=0.5548 ms avg throuhgput (requests/sec) = 1028.6473 res=false
*==== INFO ====*  stream_id=3413996 latency=0.558454 ms (tx_ts=85576897017006, rx_ts=85576897575460) request_id=6712197 zil_blk_id=3413996 ccf_commit_seqno=6712198 nstreams_done_=853500 config.nstreams=1000000 avg_latency=0.5548 ms avg throuhgput (requests/sec) = 1028.6819 res=false
*==== INFO ====*  stream_id=3415996 latency=0.555269 ms (tx_ts=85577362967847, rx_ts=85577363523116) request_id=6715439 zil_blk_id=3415996 ccf_commit_seqno=6715440 nstreams_done_=854000 config.nstreams=1000000 avg_latency=0.5548 ms avg throuhgput (requests/sec) = 1028.7069 res=false
*==== INFO ====*  stream_id=3417996 latency=1.195606 ms (tx_ts=85577833151035, rx_ts=85577834346641) request_id=6718648 zil_blk_id=3417996 ccf_commit_seqno=6718648 nstreams_done_=854500 config.nstreams=1000000 avg_latency=0.5548 ms avg throuhgput (requests/sec) = 1028.7257 res=false
*==== INFO ====*  stream_id=3419996 latency=0.496939 ms (tx_ts=85578302290400, rx_ts=85578302787339) request_id=6721872 zil_blk_id=3419996 ccf_commit_seqno=6721872 nstreams_done_=855000 config.nstreams=1000000 avg_latency=0.5548 ms avg throuhgput (requests/sec) = 1028.7475 res=false
*==== INFO ====*  stream_id=3421996 latency=0.657600 ms (tx_ts=85578780394166, rx_ts=85578781051766) request_id=6725214 zil_blk_id=3421996 ccf_commit_seqno=6725214 nstreams_done_=855500 config.nstreams=1000000 avg_latency=0.5548 ms avg throuhgput (requests/sec) = 1028.7571 res=false
*==== INFO ====*  stream_id=3423996 latency=0.537796 ms (tx_ts=85579248224109, rx_ts=85579248761905) request_id=6728406 zil_blk_id=3423996 ccf_commit_seqno=6728406 nstreams_done_=856000 config.nstreams=1000000 avg_latency=0.5548 ms avg throuhgput (requests/sec) = 1028.7797 res=false
*==== INFO ====*  stream_id=3425996 latency=0.587929 ms (tx_ts=85579738893110, rx_ts=85579739481039) request_id=6731741 zil_blk_id=3425996 ccf_commit_seqno=6731741 nstreams_done_=856500 config.nstreams=1000000 avg_latency=0.5548 ms avg throuhgput (requests/sec) = 1028.7739 res=false
*==== INFO ====*  stream_id=3427996 latency=0.530833 ms (tx_ts=85580236684675, rx_ts=85580237215508) request_id=6735103 zil_blk_id=3427996 ccf_commit_seqno=6735103 nstreams_done_=857000 config.nstreams=1000000 avg_latency=0.5548 ms avg throuhgput (requests/sec) = 1028.7595 res=false
*==== INFO ====*  stream_id=3429996 latency=1.643264 ms (tx_ts=85580714024981, rx_ts=85580715668245) request_id=6738445 zil_blk_id=3429996 ccf_commit_seqno=6738445 nstreams_done_=857500 config.nstreams=1000000 avg_latency=0.5548 ms avg throuhgput (requests/sec) = 1028.7688 res=false
*==== INFO ====*  stream_id=3431996 latency=0.633574 ms (tx_ts=85581226894867, rx_ts=85581227528441) request_id=6741880 zil_blk_id=3431996 ccf_commit_seqno=6741880 nstreams_done_=858000 config.nstreams=1000000 avg_latency=0.5548 ms avg throuhgput (requests/sec) = 1028.7369 res=false
*==== INFO ====*  stream_id=3433996 latency=0.490008 ms (tx_ts=85581726441554, rx_ts=85581726931562) request_id=6745251 zil_blk_id=3433996 ccf_commit_seqno=6745251 nstreams_done_=858500 config.nstreams=1000000 avg_latency=0.5547 ms avg throuhgput (requests/sec) = 1028.7204 res=false
*==== INFO ====*  stream_id=3435996 latency=0.575278 ms (tx_ts=85582218988995, rx_ts=85582219564273) request_id=6748603 zil_blk_id=3435996 ccf_commit_seqno=6748604 nstreams_done_=859000 config.nstreams=1000000 avg_latency=0.5547 ms avg throuhgput (requests/sec) = 1028.7123 res=false
*==== INFO ====*  stream_id=3437996 latency=0.581229 ms (tx_ts=85582739131716, rx_ts=85582739712945) request_id=6752026 zil_blk_id=3437996 ccf_commit_seqno=6752026 nstreams_done_=859500 config.nstreams=1000000 avg_latency=0.5547 ms avg throuhgput (requests/sec) = 1028.6703 res=false
*==== INFO ====*  stream_id=3439996 latency=0.567253 ms (tx_ts=85583239880085, rx_ts=85583240447338) request_id=6755346 zil_blk_id=3439996 ccf_commit_seqno=6755346 nstreams_done_=860000 config.nstreams=1000000 avg_latency=0.5547 ms avg throuhgput (requests/sec) = 1028.6523 res=false
*==== INFO ====*  stream_id=3441996 latency=0.545182 ms (tx_ts=85583727743361, rx_ts=85583728288543) request_id=6758687 zil_blk_id=3441996 ccf_commit_seqno=6758687 nstreams_done_=860500 config.nstreams=1000000 avg_latency=0.5547 ms avg throuhgput (requests/sec) = 1028.6501 res=false
*==== INFO ====*  stream_id=3443996 latency=0.497642 ms (tx_ts=85584216371603, rx_ts=85584216869245) request_id=6762092 zil_blk_id=3443996 ccf_commit_seqno=6762092 nstreams_done_=861000 config.nstreams=1000000 avg_latency=0.5547 ms avg throuhgput (requests/sec) = 1028.6470 res=false
*==== INFO ====*  stream_id=3445996 latency=0.519773 ms (tx_ts=85584714434006, rx_ts=85584714953779) request_id=6765411 zil_blk_id=3445996 ccf_commit_seqno=6765411 nstreams_done_=861500 config.nstreams=1000000 avg_latency=0.5547 ms avg throuhgput (requests/sec) = 1028.6323 res=false
*==== INFO ====*  stream_id=3447996 latency=0.499184 ms (tx_ts=85585189597395, rx_ts=85585190096579) request_id=6768634 zil_blk_id=3447996 ccf_commit_seqno=6768634 nstreams_done_=862000 config.nstreams=1000000 avg_latency=0.5547 ms avg throuhgput (requests/sec) = 1028.6457 res=false
*==== INFO ====*  stream_id=3449996 latency=0.507801 ms (tx_ts=85585659196738, rx_ts=85585659704539) request_id=6771808 zil_blk_id=3449996 ccf_commit_seqno=6771808 nstreams_done_=862500 config.nstreams=1000000 avg_latency=0.5547 ms avg throuhgput (requests/sec) = 1028.6659 res=false
*==== INFO ====*  stream_id=3451996 latency=1.579575 ms (tx_ts=85586122711687, rx_ts=85586124291262) request_id=6774997 zil_blk_id=3451996 ccf_commit_seqno=6774997 nstreams_done_=863000 config.nstreams=1000000 avg_latency=0.5547 ms avg throuhgput (requests/sec) = 1028.6922 res=false
*==== INFO ====*  stream_id=3453996 latency=0.555349 ms (tx_ts=85586582712140, rx_ts=85586583267489) request_id=6778197 zil_blk_id=3453996 ccf_commit_seqno=6778197 nstreams_done_=863500 config.nstreams=1000000 avg_latency=0.5547 ms avg throuhgput (requests/sec) = 1028.7254 res=false
*==== INFO ====*  stream_id=3455996 latency=0.542455 ms (tx_ts=85587047162439, rx_ts=85587047704894) request_id=6781396 zil_blk_id=3455996 ccf_commit_seqno=6781396 nstreams_done_=864000 config.nstreams=1000000 avg_latency=0.5547 ms avg throuhgput (requests/sec) = 1028.7519 res=false
*==== INFO ====*  stream_id=3457996 latency=0.465000 ms (tx_ts=85587513572264, rx_ts=85587514037264) request_id=6784621 zil_blk_id=3457996 ccf_commit_seqno=6784621 nstreams_done_=864500 config.nstreams=1000000 avg_latency=0.5547 ms avg throuhgput (requests/sec) = 1028.7760 res=false
*==== INFO ====*  stream_id=3459996 latency=0.507390 ms (tx_ts=85587975801847, rx_ts=85587976309237) request_id=6787826 zil_blk_id=3459996 ccf_commit_seqno=6787826 nstreams_done_=865000 config.nstreams=1000000 avg_latency=0.5546 ms avg throuhgput (requests/sec) = 1028.8051 res=false
*==== INFO ====*  stream_id=3461996 latency=0.489867 ms (tx_ts=85588463295265, rx_ts=85588463785132) request_id=6791111 zil_blk_id=3461996 ccf_commit_seqno=6791111 nstreams_done_=865500 config.nstreams=1000000 avg_latency=0.5546 ms avg throuhgput (requests/sec) = 1028.8032 res=false
*==== INFO ====*  stream_id=3463996 latency=0.456394 ms (tx_ts=85588914498225, rx_ts=85588914954619) request_id=6794281 zil_blk_id=3463996 ccf_commit_seqno=6794281 nstreams_done_=866000 config.nstreams=1000000 avg_latency=0.5546 ms avg throuhgput (requests/sec) = 1028.8458 res=false
*==== INFO ====*  stream_id=3465996 latency=0.528259 ms (tx_ts=85589366594475, rx_ts=85589367122734) request_id=6797480 zil_blk_id=3465996 ccf_commit_seqno=6797480 nstreams_done_=866500 config.nstreams=1000000 avg_latency=0.5546 ms avg throuhgput (requests/sec) = 1028.8871 res=false
*==== INFO ====*  stream_id=3467996 latency=0.468337 ms (tx_ts=85589833285402, rx_ts=85589833753739) request_id=6800651 zil_blk_id=3467996 ccf_commit_seqno=6800651 nstreams_done_=867000 config.nstreams=1000000 avg_latency=0.5546 ms avg throuhgput (requests/sec) = 1028.9107 res=false
*==== INFO ====*  stream_id=3469996 latency=0.495297 ms (tx_ts=85590303930817, rx_ts=85590304426114) request_id=6803878 zil_blk_id=3469996 ccf_commit_seqno=6803878 nstreams_done_=867500 config.nstreams=1000000 avg_latency=0.5546 ms avg throuhgput (requests/sec) = 1028.9294 res=false
*==== INFO ====*  stream_id=3471996 latency=0.489997 ms (tx_ts=85590749078177, rx_ts=85590749568174) request_id=6807021 zil_blk_id=3471996 ccf_commit_seqno=6807021 nstreams_done_=868000 config.nstreams=1000000 avg_latency=0.5545 ms avg throuhgput (requests/sec) = 1028.9791 res=false
*==== INFO ====*  stream_id=3473996 latency=0.455543 ms (tx_ts=85591199292007, rx_ts=85591199747550) request_id=6810159 zil_blk_id=3473996 ccf_commit_seqno=6810159 nstreams_done_=868500 config.nstreams=1000000 avg_latency=0.5545 ms avg throuhgput (requests/sec) = 1029.0227 res=false
*==== INFO ====*  stream_id=3475996 latency=0.525443 ms (tx_ts=85591663950098, rx_ts=85591664475541) request_id=6813332 zil_blk_id=3475996 ccf_commit_seqno=6813332 nstreams_done_=869000 config.nstreams=1000000 avg_latency=0.5545 ms avg throuhgput (requests/sec) = 1029.0485 res=false
*==== INFO ====*  stream_id=3477996 latency=0.609180 ms (tx_ts=85592153649329, rx_ts=85592154258509) request_id=6816616 zil_blk_id=3477996 ccf_commit_seqno=6816616 nstreams_done_=869500 config.nstreams=1000000 avg_latency=0.5545 ms avg throuhgput (requests/sec) = 1029.0438 res=false
*==== INFO ====*  stream_id=3479996 latency=0.511918 ms (tx_ts=85592618762320, rx_ts=85592619274238) request_id=6819776 zil_blk_id=3479996 ccf_commit_seqno=6819776 nstreams_done_=870000 config.nstreams=1000000 avg_latency=0.5545 ms avg throuhgput (requests/sec) = 1029.0692 res=false
*==== INFO ====*  stream_id=3481996 latency=0.480439 ms (tx_ts=85593074293792, rx_ts=85593074774231) request_id=6822949 zil_blk_id=3481996 ccf_commit_seqno=6822949 nstreams_done_=870500 config.nstreams=1000000 avg_latency=0.5545 ms avg throuhgput (requests/sec) = 1029.1061 res=false
*==== INFO ====*  stream_id=3483996 latency=0.535883 ms (tx_ts=85593555514477, rx_ts=85593556050360) request_id=6826271 zil_blk_id=3483996 ccf_commit_seqno=6826271 nstreams_done_=871000 config.nstreams=1000000 avg_latency=0.5545 ms avg throuhgput (requests/sec) = 1029.1117 res=false
*==== INFO ====*  stream_id=3485996 latency=0.513280 ms (tx_ts=85594041128161, rx_ts=85594041641441) request_id=6829615 zil_blk_id=3485996 ccf_commit_seqno=6829615 nstreams_done_=871500 config.nstreams=1000000 avg_latency=0.5545 ms avg throuhgput (requests/sec) = 1029.1120 res=false
*==== INFO ====*  stream_id=3487996 latency=0.485158 ms (tx_ts=85594506451723, rx_ts=85594506936881) request_id=6832832 zil_blk_id=3487996 ccf_commit_seqno=6832832 nstreams_done_=872000 config.nstreams=1000000 avg_latency=0.5545 ms avg throuhgput (requests/sec) = 1029.1370 res=false
*==== INFO ====*  stream_id=3489996 latency=0.540451 ms (tx_ts=85594962985631, rx_ts=85594963526082) request_id=6836023 zil_blk_id=3489996 ccf_commit_seqno=6836023 nstreams_done_=872500 config.nstreams=1000000 avg_latency=0.5545 ms avg throuhgput (requests/sec) = 1029.1725 res=false
*==== INFO ====*  stream_id=3491996 latency=0.539279 ms (tx_ts=85595433744401, rx_ts=85595434283680) request_id=6839294 zil_blk_id=3491996 ccf_commit_seqno=6839294 nstreams_done_=873000 config.nstreams=1000000 avg_latency=0.5545 ms avg throuhgput (requests/sec) = 1029.1908 res=false
*==== INFO ====*  stream_id=3493996 latency=0.482734 ms (tx_ts=85595895493738, rx_ts=85595895976472) request_id=6842519 zil_blk_id=3493996 ccf_commit_seqno=6842519 nstreams_done_=873500 config.nstreams=1000000 avg_latency=0.5545 ms avg throuhgput (requests/sec) = 1029.2200 res=false
*==== INFO ====*  stream_id=3495996 latency=0.472124 ms (tx_ts=85596349461894, rx_ts=85596349934018) request_id=6845754 zil_blk_id=3495996 ccf_commit_seqno=6845754 nstreams_done_=874000 config.nstreams=1000000 avg_latency=0.5544 ms avg throuhgput (requests/sec) = 1029.2586 res=false
*==== INFO ====*  stream_id=3497996 latency=0.508120 ms (tx_ts=85596811050331, rx_ts=85596811558451) request_id=6849051 zil_blk_id=3497996 ccf_commit_seqno=6849051 nstreams_done_=874500 config.nstreams=1000000 avg_latency=0.5544 ms avg throuhgput (requests/sec) = 1029.2879 res=false
*==== INFO ====*  stream_id=3499996 latency=2.871484 ms (tx_ts=85597296862504, rx_ts=85597299733988) request_id=6852387 zil_blk_id=3499996 ccf_commit_seqno=6852387 nstreams_done_=875000 config.nstreams=1000000 avg_latency=0.5544 ms avg throuhgput (requests/sec) = 1029.2850 res=false
*==== INFO ====*  stream_id=3501996 latency=0.461664 ms (tx_ts=85597775220974, rx_ts=85597775682638) request_id=6855734 zil_blk_id=3501996 ccf_commit_seqno=6855734 nstreams_done_=875500 config.nstreams=1000000 avg_latency=0.5544 ms avg throuhgput (requests/sec) = 1029.2969 res=false
*==== INFO ====*  stream_id=3503996 latency=0.545541 ms (tx_ts=85598243758120, rx_ts=85598244303661) request_id=6859006 zil_blk_id=3503996 ccf_commit_seqno=6859006 nstreams_done_=876000 config.nstreams=1000000 avg_latency=0.5544 ms avg throuhgput (requests/sec) = 1029.3176 res=false
*==== INFO ====*  stream_id=3505996 latency=0.563725 ms (tx_ts=85598731964718, rx_ts=85598732528443) request_id=6862421 zil_blk_id=3505996 ccf_commit_seqno=6862422 nstreams_done_=876500 config.nstreams=1000000 avg_latency=0.5544 ms avg throuhgput (requests/sec) = 1029.3147 res=false
*==== INFO ====*  stream_id=3507996 latency=0.537486 ms (tx_ts=85599204504134, rx_ts=85599205041620) request_id=6865713 zil_blk_id=3507996 ccf_commit_seqno=6865713 nstreams_done_=877000 config.nstreams=1000000 avg_latency=0.5544 ms avg throuhgput (requests/sec) = 1029.3307 res=false
*==== INFO ====*  stream_id=3509996 latency=0.630680 ms (tx_ts=85599704184053, rx_ts=85599704814733) request_id=6869186 zil_blk_id=3509996 ccf_commit_seqno=6869186 nstreams_done_=877500 config.nstreams=1000000 avg_latency=0.5544 ms avg throuhgput (requests/sec) = 1029.3137 res=false
*==== INFO ====*  stream_id=3511996 latency=0.598209 ms (tx_ts=85600200220325, rx_ts=85600200818534) request_id=6872573 zil_blk_id=3511996 ccf_commit_seqno=6872573 nstreams_done_=878000 config.nstreams=1000000 avg_latency=0.5544 ms avg throuhgput (requests/sec) = 1029.3014 res=false
*==== INFO ====*  stream_id=3513996 latency=0.502470 ms (tx_ts=85600662480200, rx_ts=85600662982670) request_id=6875782 zil_blk_id=3513996 ccf_commit_seqno=6875782 nstreams_done_=878500 config.nstreams=1000000 avg_latency=0.5544 ms avg throuhgput (requests/sec) = 1029.3298 res=false
*==== INFO ====*  stream_id=3515996 latency=0.540221 ms (tx_ts=85601119247729, rx_ts=85601119787950) request_id=6878940 zil_blk_id=3515996 ccf_commit_seqno=6878941 nstreams_done_=879000 config.nstreams=1000000 avg_latency=0.5544 ms avg throuhgput (requests/sec) = 1029.3647 res=false
*==== INFO ====*  stream_id=3517996 latency=0.510498 ms (tx_ts=85601600684977, rx_ts=85601601195475) request_id=6882327 zil_blk_id=3517996 ccf_commit_seqno=6882327 nstreams_done_=879500 config.nstreams=1000000 avg_latency=0.5544 ms avg throuhgput (requests/sec) = 1029.3699 res=false
*==== INFO ====*  stream_id=3519996 latency=0.607086 ms (tx_ts=85602083143738, rx_ts=85602083750824) request_id=6885683 zil_blk_id=3519996 ccf_commit_seqno=6885683 nstreams_done_=880000 config.nstreams=1000000 avg_latency=0.5544 ms avg throuhgput (requests/sec) = 1029.3738 res=false
*==== INFO ====*  stream_id=3521996 latency=0.503683 ms (tx_ts=85602548164683, rx_ts=85602548668366) request_id=6888924 zil_blk_id=3521996 ccf_commit_seqno=6888924 nstreams_done_=880500 config.nstreams=1000000 avg_latency=0.5544 ms avg throuhgput (requests/sec) = 1029.3988 res=false
*==== INFO ====*  stream_id=3523996 latency=0.529131 ms (tx_ts=85603016176609, rx_ts=85603016705740) request_id=6892178 zil_blk_id=3523996 ccf_commit_seqno=6892178 nstreams_done_=881000 config.nstreams=1000000 avg_latency=0.5544 ms avg throuhgput (requests/sec) = 1029.4201 res=false
*==== INFO ====*  stream_id=3525996 latency=0.558616 ms (tx_ts=85603496317238, rx_ts=85603496875854) request_id=6895520 zil_blk_id=3525996 ccf_commit_seqno=6895520 nstreams_done_=881500 config.nstreams=1000000 avg_latency=0.5544 ms avg throuhgput (requests/sec) = 1029.4268 res=false
*==== INFO ====*  stream_id=3527996 latency=0.488183 ms (tx_ts=85603984832457, rx_ts=85603985320640) request_id=6898879 zil_blk_id=3527996 ccf_commit_seqno=6898879 nstreams_done_=882000 config.nstreams=1000000 avg_latency=0.5544 ms avg throuhgput (requests/sec) = 1029.4235 res=false
*==== INFO ====*  stream_id=3529996 latency=0.516788 ms (tx_ts=85604474348364, rx_ts=85604474865152) request_id=6902205 zil_blk_id=3529996 ccf_commit_seqno=6902205 nstreams_done_=882500 config.nstreams=1000000 avg_latency=0.5544 ms avg throuhgput (requests/sec) = 1029.4189 res=false
*==== INFO ====*  stream_id=3531996 latency=0.608419 ms (tx_ts=85604952139799, rx_ts=85604952748218) request_id=6905453 zil_blk_id=3531996 ccf_commit_seqno=6905453 nstreams_done_=883000 config.nstreams=1000000 avg_latency=0.5544 ms avg throuhgput (requests/sec) = 1029.4283 res=false
*==== INFO ====*  stream_id=3533996 latency=0.550240 ms (tx_ts=85605431551023, rx_ts=85605432101263) request_id=6908804 zil_blk_id=3533996 ccf_commit_seqno=6908804 nstreams_done_=883500 config.nstreams=1000000 avg_latency=0.5544 ms avg throuhgput (requests/sec) = 1029.4359 res=false
*==== INFO ====*  stream_id=3535996 latency=0.496329 ms (tx_ts=85605905144202, rx_ts=85605905640531) request_id=6912087 zil_blk_id=3535996 ccf_commit_seqno=6912087 nstreams_done_=884000 config.nstreams=1000000 avg_latency=0.5544 ms avg throuhgput (requests/sec) = 1029.4505 res=false
*==== INFO ====*  stream_id=3537996 latency=0.523620 ms (tx_ts=85606367647215, rx_ts=85606368170835) request_id=6915393 zil_blk_id=3537996 ccf_commit_seqno=6915393 nstreams_done_=884500 config.nstreams=1000000 avg_latency=0.5544 ms avg throuhgput (requests/sec) = 1029.4782 res=false
*==== INFO ====*  stream_id=3539996 latency=0.617877 ms (tx_ts=85606850983681, rx_ts=85606851601558) request_id=6918803 zil_blk_id=3539996 ccf_commit_seqno=6918803 nstreams_done_=885000 config.nstreams=1000000 avg_latency=0.5544 ms avg throuhgput (requests/sec) = 1029.4809 res=false
*==== INFO ====*  stream_id=3541996 latency=0.454200 ms (tx_ts=85607345543125, rx_ts=85607345997325) request_id=6922289 zil_blk_id=3541996 ccf_commit_seqno=6922289 nstreams_done_=885500 config.nstreams=1000000 avg_latency=0.5543 ms avg throuhgput (requests/sec) = 1029.4705 res=false
*==== INFO ====*  stream_id=3543996 latency=0.497341 ms (tx_ts=85607851678338, rx_ts=85607852175679) request_id=6925792 zil_blk_id=3543996 ccf_commit_seqno=6925792 nstreams_done_=886000 config.nstreams=1000000 avg_latency=0.5543 ms avg throuhgput (requests/sec) = 1029.4460 res=false
*==== INFO ====*  stream_id=3545996 latency=0.488444 ms (tx_ts=85608353425340, rx_ts=85608353913784) request_id=6929300 zil_blk_id=3545996 ccf_commit_seqno=6929300 nstreams_done_=886500 config.nstreams=1000000 avg_latency=0.5543 ms avg throuhgput (requests/sec) = 1029.4268 res=false
*==== INFO ====*  stream_id=3547996 latency=0.521195 ms (tx_ts=85608868774406, rx_ts=85608869295601) request_id=6932855 zil_blk_id=3547996 ccf_commit_seqno=6932855 nstreams_done_=887000 config.nstreams=1000000 avg_latency=0.5543 ms avg throuhgput (requests/sec) = 1029.3913 res=false
*==== INFO ====*  stream_id=3549996 latency=0.472224 ms (tx_ts=85609367554645, rx_ts=85609368026869) request_id=6936332 zil_blk_id=3549996 ccf_commit_seqno=6936332 nstreams_done_=887500 config.nstreams=1000000 avg_latency=0.5543 ms avg throuhgput (requests/sec) = 1029.3758 res=false
*==== INFO ====*  stream_id=3551996 latency=0.539460 ms (tx_ts=85609856726374, rx_ts=85609857265834) request_id=6939715 zil_blk_id=3551996 ccf_commit_seqno=6939715 nstreams_done_=888000 config.nstreams=1000000 avg_latency=0.5543 ms avg throuhgput (requests/sec) = 1029.3716 res=false
*==== INFO ====*  stream_id=3553996 latency=0.628817 ms (tx_ts=85610348112257, rx_ts=85610348741074) request_id=6943176 zil_blk_id=3553996 ccf_commit_seqno=6943177 nstreams_done_=888500 config.nstreams=1000000 avg_latency=0.5543 ms avg throuhgput (requests/sec) = 1029.3648 res=false
*==== INFO ====*  stream_id=3555996 latency=0.568374 ms (tx_ts=85610861174002, rx_ts=85610861742376) request_id=6946647 zil_blk_id=3555996 ccf_commit_seqno=6946647 nstreams_done_=889000 config.nstreams=1000000 avg_latency=0.5543 ms avg throuhgput (requests/sec) = 1029.3323 res=false
*==== INFO ====*  stream_id=3557996 latency=0.523590 ms (tx_ts=85611376952612, rx_ts=85611377476202) request_id=6950045 zil_blk_id=3557996 ccf_commit_seqno=6950045 nstreams_done_=889500 config.nstreams=1000000 avg_latency=0.5543 ms avg throuhgput (requests/sec) = 1029.2966 res=false
*==== INFO ====*  stream_id=3559996 latency=0.562813 ms (tx_ts=85611929025912, rx_ts=85611929588725) request_id=6953637 zil_blk_id=3559996 ccf_commit_seqno=6953637 nstreams_done_=890000 config.nstreams=1000000 avg_latency=0.5543 ms avg throuhgput (requests/sec) = 1029.2176 res=false
*==== INFO ====*  stream_id=3561996 latency=0.570247 ms (tx_ts=85612427274016, rx_ts=85612427844263) request_id=6957087 zil_blk_id=3561996 ccf_commit_seqno=6957088 nstreams_done_=890500 config.nstreams=1000000 avg_latency=0.5543 ms avg throuhgput (requests/sec) = 1029.2028 res=false
*==== INFO ====*  stream_id=3563996 latency=0.486640 ms (tx_ts=85612920206633, rx_ts=85612920693273) request_id=6960473 zil_blk_id=3563996 ccf_commit_seqno=6960473 nstreams_done_=891000 config.nstreams=1000000 avg_latency=0.5543 ms avg throuhgput (requests/sec) = 1029.1944 res=false
*==== INFO ====*  stream_id=3565996 latency=0.474108 ms (tx_ts=85613416942034, rx_ts=85613417416142) request_id=6963847 zil_blk_id=3565996 ccf_commit_seqno=6963847 nstreams_done_=891500 config.nstreams=1000000 avg_latency=0.5543 ms avg throuhgput (requests/sec) = 1029.1815 res=false
*==== INFO ====*  stream_id=3567996 latency=0.489816 ms (tx_ts=85613903720053, rx_ts=85613904209869) request_id=6967271 zil_blk_id=3567996 ccf_commit_seqno=6967271 nstreams_done_=892000 config.nstreams=1000000 avg_latency=0.5543 ms avg throuhgput (requests/sec) = 1029.1803 res=false
*==== INFO ====*  stream_id=3569996 latency=0.499605 ms (tx_ts=85614399671516, rx_ts=85614400171121) request_id=6970668 zil_blk_id=3569996 ccf_commit_seqno=6970668 nstreams_done_=892500 config.nstreams=1000000 avg_latency=0.5543 ms avg throuhgput (requests/sec) = 1029.1683 res=false
*==== INFO ====*  stream_id=3571996 latency=0.520424 ms (tx_ts=85614884340697, rx_ts=85614884861121) request_id=6973902 zil_blk_id=3571996 ccf_commit_seqno=6973902 nstreams_done_=893000 config.nstreams=1000000 avg_latency=0.5543 ms avg throuhgput (requests/sec) = 1029.1696 res=false
*==== INFO ====*  stream_id=3573996 latency=0.508672 ms (tx_ts=85615383625658, rx_ts=85615384134330) request_id=6977291 zil_blk_id=3573996 ccf_commit_seqno=6977291 nstreams_done_=893500 config.nstreams=1000000 avg_latency=0.5543 ms avg throuhgput (requests/sec) = 1029.1537 res=false
*==== INFO ====*  stream_id=3575996 latency=0.676957 ms (tx_ts=85615897350502, rx_ts=85615898027459) request_id=6980769 zil_blk_id=3575996 ccf_commit_seqno=6980770 nstreams_done_=894000 config.nstreams=1000000 avg_latency=0.5543 ms avg throuhgput (requests/sec) = 1029.1205 res=false
*==== INFO ====*  stream_id=3577996 latency=0.524538 ms (tx_ts=85616383800526, rx_ts=85616384325064) request_id=6984135 zil_blk_id=3577996 ccf_commit_seqno=6984135 nstreams_done_=894500 config.nstreams=1000000 avg_latency=0.5543 ms avg throuhgput (requests/sec) = 1029.1199 res=false
*==== INFO ====*  stream_id=3579996 latency=0.479497 ms (tx_ts=85616846801698, rx_ts=85616847281195) request_id=6987417 zil_blk_id=3579996 ccf_commit_seqno=6987417 nstreams_done_=895000 config.nstreams=1000000 avg_latency=0.5543 ms avg throuhgput (requests/sec) = 1029.1470 res=false
*==== INFO ====*  stream_id=3581996 latency=1.332434 ms (tx_ts=85617328700531, rx_ts=85617330032965) request_id=6990845 zil_blk_id=3581996 ccf_commit_seqno=6990845 nstreams_done_=895500 config.nstreams=1000000 avg_latency=0.5543 ms avg throuhgput (requests/sec) = 1029.1507 res=false
*==== INFO ====*  stream_id=3583996 latency=0.508321 ms (tx_ts=85617793382843, rx_ts=85617793891164) request_id=6994105 zil_blk_id=3583996 ccf_commit_seqno=6994105 nstreams_done_=896000 config.nstreams=1000000 avg_latency=0.5543 ms avg throuhgput (requests/sec) = 1029.1767 res=false
*==== INFO ====*  stream_id=3585996 latency=0.481361 ms (tx_ts=85618266031693, rx_ts=85618266513054) request_id=6997457 zil_blk_id=3585996 ccf_commit_seqno=6997457 nstreams_done_=896500 config.nstreams=1000000 avg_latency=0.5543 ms avg throuhgput (requests/sec) = 1029.1923 res=false
*==== INFO ====*  stream_id=3587996 latency=0.480750 ms (tx_ts=85618729089974, rx_ts=85618729570724) request_id=7000662 zil_blk_id=3587996 ccf_commit_seqno=7000663 nstreams_done_=897000 config.nstreams=1000000 avg_latency=0.5542 ms avg throuhgput (requests/sec) = 1029.2191 res=false
*==== INFO ====*  stream_id=3589996 latency=0.596807 ms (tx_ts=85619175183100, rx_ts=85619175779907) request_id=7003850 zil_blk_id=3589996 ccf_commit_seqno=7003850 nstreams_done_=897500 config.nstreams=1000000 avg_latency=0.5542 ms avg throuhgput (requests/sec) = 1029.2659 res=false
*==== INFO ====*  stream_id=3591996 latency=0.513111 ms (tx_ts=85619636266510, rx_ts=85619636779621) request_id=7006973 zil_blk_id=3591996 ccf_commit_seqno=7006973 nstreams_done_=898000 config.nstreams=1000000 avg_latency=0.5542 ms avg throuhgput (requests/sec) = 1029.2951 res=false
*==== INFO ====*  stream_id=3593996 latency=0.516026 ms (tx_ts=85620099079624, rx_ts=85620099595650) request_id=7010210 zil_blk_id=3593996 ccf_commit_seqno=7010210 nstreams_done_=898500 config.nstreams=1000000 avg_latency=0.5542 ms avg throuhgput (requests/sec) = 1029.3222 res=false
*==== INFO ====*  stream_id=3595996 latency=0.565428 ms (tx_ts=85620580129749, rx_ts=85620580695177) request_id=7013525 zil_blk_id=3595996 ccf_commit_seqno=7013525 nstreams_done_=899000 config.nstreams=1000000 avg_latency=0.5542 ms avg throuhgput (requests/sec) = 1029.3277 res=false
*==== INFO ====*  stream_id=3597996 latency=0.539539 ms (tx_ts=85621053178487, rx_ts=85621053718026) request_id=7016793 zil_blk_id=3597996 ccf_commit_seqno=7016793 nstreams_done_=899500 config.nstreams=1000000 avg_latency=0.5542 ms avg throuhgput (requests/sec) = 1029.3427 res=false
*==== INFO ====*  stream_id=3599996 latency=0.534129 ms (tx_ts=85621546594354, rx_ts=85621547128483) request_id=7020191 zil_blk_id=3599996 ccf_commit_seqno=7020191 nstreams_done_=900000 config.nstreams=1000000 avg_latency=0.5542 ms avg throuhgput (requests/sec) = 1029.3336 res=false
*==== INFO ====*  stream_id=3601996 latency=0.467375 ms (tx_ts=85622021835993, rx_ts=85622022303368) request_id=7023466 zil_blk_id=3601996 ccf_commit_seqno=7023466 nstreams_done_=900500 config.nstreams=1000000 avg_latency=0.5542 ms avg throuhgput (requests/sec) = 1029.3461 res=false
*==== INFO ====*  stream_id=3603996 latency=0.459059 ms (tx_ts=85622478914199, rx_ts=85622479373258) request_id=7026707 zil_blk_id=3603996 ccf_commit_seqno=7026707 nstreams_done_=901000 config.nstreams=1000000 avg_latency=0.5542 ms avg throuhgput (requests/sec) = 1029.3798 res=false
*==== INFO ====*  stream_id=3605996 latency=0.495907 ms (tx_ts=85622950213976, rx_ts=85622950709883) request_id=7029906 zil_blk_id=3605996 ccf_commit_seqno=7029906 nstreams_done_=901500 config.nstreams=1000000 avg_latency=0.5542 ms avg throuhgput (requests/sec) = 1029.3967 res=false
*==== INFO ====*  stream_id=3607996 latency=0.506317 ms (tx_ts=85623438023888, rx_ts=85623438530205) request_id=7033217 zil_blk_id=3607996 ccf_commit_seqno=7033217 nstreams_done_=902000 config.nstreams=1000000 avg_latency=0.5541 ms avg throuhgput (requests/sec) = 1029.3943 res=false
*==== INFO ====*  stream_id=3609996 latency=0.607376 ms (tx_ts=85623907862016, rx_ts=85623908469392) request_id=7036481 zil_blk_id=3609996 ccf_commit_seqno=7036481 nstreams_done_=902500 config.nstreams=1000000 avg_latency=0.5541 ms avg throuhgput (requests/sec) = 1029.4128 res=false
*==== INFO ====*  stream_id=3611996 latency=0.529171 ms (tx_ts=85624389603795, rx_ts=85624390132966) request_id=7039780 zil_blk_id=3611996 ccf_commit_seqno=7039780 nstreams_done_=903000 config.nstreams=1000000 avg_latency=0.5541 ms avg throuhgput (requests/sec) = 1029.4175 res=false
*==== INFO ====*  stream_id=3613996 latency=0.518961 ms (tx_ts=85624892215776, rx_ts=85624892734737) request_id=7043316 zil_blk_id=3613996 ccf_commit_seqno=7043316 nstreams_done_=903500 config.nstreams=1000000 avg_latency=0.5541 ms avg throuhgput (requests/sec) = 1029.3977 res=false
*==== INFO ====*  stream_id=3615996 latency=0.492913 ms (tx_ts=85625396768238, rx_ts=85625397261151) request_id=7046829 zil_blk_id=3615996 ccf_commit_seqno=7046829 nstreams_done_=904000 config.nstreams=1000000 avg_latency=0.5541 ms avg throuhgput (requests/sec) = 1029.3757 res=false
*==== INFO ====*  stream_id=3617996 latency=0.577140 ms (tx_ts=85625892808913, rx_ts=85625893386053) request_id=7050207 zil_blk_id=3617996 ccf_commit_seqno=7050207 nstreams_done_=904500 config.nstreams=1000000 avg_latency=0.5541 ms avg throuhgput (requests/sec) = 1029.3635 res=false
*==== INFO ====*  stream_id=3619996 latency=0.526215 ms (tx_ts=85626378854784, rx_ts=85626379380999) request_id=7053562 zil_blk_id=3619996 ccf_commit_seqno=7053562 nstreams_done_=905000 config.nstreams=1000000 avg_latency=0.5541 ms avg throuhgput (requests/sec) = 1029.3632 res=false
*==== INFO ====*  stream_id=3621996 latency=0.539128 ms (tx_ts=85626875109308, rx_ts=85626875648436) request_id=7057013 zil_blk_id=3621996 ccf_commit_seqno=7057013 nstreams_done_=905500 config.nstreams=1000000 avg_latency=0.5541 ms avg throuhgput (requests/sec) = 1029.3509 res=false
*==== INFO ====*  stream_id=3623996 latency=0.475941 ms (tx_ts=85627361428159, rx_ts=85627361904100) request_id=7060415 zil_blk_id=3623996 ccf_commit_seqno=7060415 nstreams_done_=906000 config.nstreams=1000000 avg_latency=0.5541 ms avg throuhgput (requests/sec) = 1029.3503 res=false
*==== INFO ====*  stream_id=3625996 latency=0.468186 ms (tx_ts=85627849840698, rx_ts=85627850308884) request_id=7063847 zil_blk_id=3625996 ccf_commit_seqno=7063847 nstreams_done_=906500 config.nstreams=1000000 avg_latency=0.5541 ms avg throuhgput (requests/sec) = 1029.3472 res=false
*==== INFO ====*  stream_id=3627996 latency=0.614730 ms (tx_ts=85628334438780, rx_ts=85628335053510) request_id=7067324 zil_blk_id=3627996 ccf_commit_seqno=7067324 nstreams_done_=907000 config.nstreams=1000000 avg_latency=0.5540 ms avg throuhgput (requests/sec) = 1029.3483 res=false
*==== INFO ====*  stream_id=3629996 latency=0.525584 ms (tx_ts=85628840352459, rx_ts=85628840878043) request_id=7070808 zil_blk_id=3629996 ccf_commit_seqno=7070809 nstreams_done_=907500 config.nstreams=1000000 avg_latency=0.5540 ms avg throuhgput (requests/sec) = 1029.3249 res=false
*==== INFO ====*  stream_id=3631996 latency=0.481942 ms (tx_ts=85629314088414, rx_ts=85629314570356) request_id=7074193 zil_blk_id=3631996 ccf_commit_seqno=7074193 nstreams_done_=908000 config.nstreams=1000000 avg_latency=0.5540 ms avg throuhgput (requests/sec) = 1029.3390 res=false
*==== INFO ====*  stream_id=3633996 latency=0.590845 ms (tx_ts=85629784038104, rx_ts=85629784628949) request_id=7077529 zil_blk_id=3633996 ccf_commit_seqno=7077529 nstreams_done_=908500 config.nstreams=1000000 avg_latency=0.5540 ms avg throuhgput (requests/sec) = 1029.3573 res=false
*==== INFO ====*  stream_id=3635996 latency=0.512840 ms (tx_ts=85630258599292, rx_ts=85630259112132) request_id=7080911 zil_blk_id=3635996 ccf_commit_seqno=7080911 nstreams_done_=909000 config.nstreams=1000000 avg_latency=0.5540 ms avg throuhgput (requests/sec) = 1029.3704 res=false
*==== INFO ====*  stream_id=3637996 latency=0.511016 ms (tx_ts=85630734230861, rx_ts=85630734741877) request_id=7084235 zil_blk_id=3637996 ccf_commit_seqno=7084235 nstreams_done_=909500 config.nstreams=1000000 avg_latency=0.5540 ms avg throuhgput (requests/sec) = 1029.3822 res=false
*==== INFO ====*  stream_id=3639996 latency=0.580106 ms (tx_ts=85631213955220, rx_ts=85631214535326) request_id=7087530 zil_blk_id=3639996 ccf_commit_seqno=7087530 nstreams_done_=910000 config.nstreams=1000000 avg_latency=0.5540 ms avg throuhgput (requests/sec) = 1029.3891 res=false
*==== INFO ====*  stream_id=3641996 latency=0.562663 ms (tx_ts=85631689231119, rx_ts=85631689793782) request_id=7090822 zil_blk_id=3641996 ccf_commit_seqno=7090822 nstreams_done_=910500 config.nstreams=1000000 avg_latency=0.5540 ms avg throuhgput (requests/sec) = 1029.4013 res=false
*==== INFO ====*  stream_id=3643996 latency=0.449671 ms (tx_ts=85632160791457, rx_ts=85632161241128) request_id=7094111 zil_blk_id=3643996 ccf_commit_seqno=7094111 nstreams_done_=911000 config.nstreams=1000000 avg_latency=0.5540 ms avg throuhgput (requests/sec) = 1029.4179 res=false
*==== INFO ====*  stream_id=3645996 latency=0.510616 ms (tx_ts=85632633289123, rx_ts=85632633799739) request_id=7097390 zil_blk_id=3645996 ccf_commit_seqno=7097390 nstreams_done_=911500 config.nstreams=1000000 avg_latency=0.5539 ms avg throuhgput (requests/sec) = 1029.4332 res=false
*==== INFO ====*  stream_id=3647996 latency=0.514754 ms (tx_ts=85633112950670, rx_ts=85633113465424) request_id=7100705 zil_blk_id=3647996 ccf_commit_seqno=7100705 nstreams_done_=912000 config.nstreams=1000000 avg_latency=0.5540 ms avg throuhgput (requests/sec) = 1029.4402 res=false
*==== INFO ====*  stream_id=3649996 latency=0.465117 ms (tx_ts=85633606441200, rx_ts=85633606906317) request_id=7104159 zil_blk_id=3649996 ccf_commit_seqno=7104159 nstreams_done_=912500 config.nstreams=1000000 avg_latency=0.5540 ms avg throuhgput (requests/sec) = 1029.4312 res=false
*==== INFO ====*  stream_id=3651996 latency=0.584364 ms (tx_ts=85634056973629, rx_ts=85634057557993) request_id=7107409 zil_blk_id=3651996 ccf_commit_seqno=7107410 nstreams_done_=913000 config.nstreams=1000000 avg_latency=0.5539 ms avg throuhgput (requests/sec) = 1029.4719 res=false
*==== INFO ====*  stream_id=3653996 latency=0.637523 ms (tx_ts=85634525826929, rx_ts=85634526464452) request_id=7110736 zil_blk_id=3653996 ccf_commit_seqno=7110736 nstreams_done_=913500 config.nstreams=1000000 avg_latency=0.5539 ms avg throuhgput (requests/sec) = 1029.4913 res=false
*==== INFO ====*  stream_id=3655996 latency=0.481370 ms (tx_ts=85634984353567, rx_ts=85634984834937) request_id=7113984 zil_blk_id=3655996 ccf_commit_seqno=7113984 nstreams_done_=914000 config.nstreams=1000000 avg_latency=0.5539 ms avg throuhgput (requests/sec) = 1029.5230 res=false
*==== INFO ====*  stream_id=3657996 latency=0.548687 ms (tx_ts=85635432569395, rx_ts=85635433118082) request_id=7117214 zil_blk_id=3657996 ccf_commit_seqno=7117215 nstreams_done_=914500 config.nstreams=1000000 avg_latency=0.5539 ms avg throuhgput (requests/sec) = 1029.5663 res=false
*==== INFO ====*  stream_id=3659996 latency=0.528999 ms (tx_ts=85635896187901, rx_ts=85635896716900) request_id=7120486 zil_blk_id=3659996 ccf_commit_seqno=7120486 nstreams_done_=915000 config.nstreams=1000000 avg_latency=0.5539 ms avg throuhgput (requests/sec) = 1029.5919 res=false
*==== INFO ====*  stream_id=3661996 latency=0.551322 ms (tx_ts=85636394266072, rx_ts=85636394817394) request_id=7123921 zil_blk_id=3661996 ccf_commit_seqno=7123921 nstreams_done_=915500 config.nstreams=1000000 avg_latency=0.5539 ms avg throuhgput (requests/sec) = 1029.5774 res=false
*==== INFO ====*  stream_id=3663996 latency=0.549038 ms (tx_ts=85636866352401, rx_ts=85636866901439) request_id=7127253 zil_blk_id=3663996 ccf_commit_seqno=7127253 nstreams_done_=916000 config.nstreams=1000000 avg_latency=0.5539 ms avg throuhgput (requests/sec) = 1029.5931 res=false
*==== INFO ====*  stream_id=3665996 latency=0.550521 ms (tx_ts=85637343759120, rx_ts=85637344309641) request_id=7130543 zil_blk_id=3665996 ccf_commit_seqno=7130543 nstreams_done_=916500 config.nstreams=1000000 avg_latency=0.5539 ms avg throuhgput (requests/sec) = 1029.6026 res=false
*==== INFO ====*  stream_id=3667996 latency=0.506538 ms (tx_ts=85637809176415, rx_ts=85637809682953) request_id=7133798 zil_blk_id=3667996 ccf_commit_seqno=7133798 nstreams_done_=917000 config.nstreams=1000000 avg_latency=0.5539 ms avg throuhgput (requests/sec) = 1029.6260 res=false
*==== INFO ====*  stream_id=3669996 latency=0.466904 ms (tx_ts=85638286842516, rx_ts=85638287309420) request_id=7137103 zil_blk_id=3669996 ccf_commit_seqno=7137103 nstreams_done_=917500 config.nstreams=1000000 avg_latency=0.5539 ms avg throuhgput (requests/sec) = 1029.6353 res=false
*==== INFO ====*  stream_id=3671996 latency=0.655718 ms (tx_ts=85638778818140, rx_ts=85638779473858) request_id=7140456 zil_blk_id=3671996 ccf_commit_seqno=7140457 nstreams_done_=918000 config.nstreams=1000000 avg_latency=0.5539 ms avg throuhgput (requests/sec) = 1029.6277 res=false
*==== INFO ====*  stream_id=3673996 latency=0.596135 ms (tx_ts=85639281422033, rx_ts=85639282018168) request_id=7143946 zil_blk_id=3673996 ccf_commit_seqno=7143946 nstreams_done_=918500 config.nstreams=1000000 avg_latency=0.5539 ms avg throuhgput (requests/sec) = 1029.6081 res=false
*==== INFO ====*  stream_id=3675996 latency=0.559277 ms (tx_ts=85639767629674, rx_ts=85639768188951) request_id=7147382 zil_blk_id=3675996 ccf_commit_seqno=7147383 nstreams_done_=919000 config.nstreams=1000000 avg_latency=0.5538 ms avg throuhgput (requests/sec) = 1029.6075 res=false
*==== INFO ====*  stream_id=3677996 latency=0.480856 ms (tx_ts=85640244089103, rx_ts=85640244569959) request_id=7150701 zil_blk_id=3677996 ccf_commit_seqno=7150701 nstreams_done_=919500 config.nstreams=1000000 avg_latency=0.5538 ms avg throuhgput (requests/sec) = 1029.6182 res=false
*==== INFO ====*  stream_id=3679996 latency=0.537967 ms (tx_ts=85640744143030, rx_ts=85640744680997) request_id=7154172 zil_blk_id=3679996 ccf_commit_seqno=7154172 nstreams_done_=920000 config.nstreams=1000000 avg_latency=0.5538 ms avg throuhgput (requests/sec) = 1029.6015 res=false
*==== INFO ====*  stream_id=3681996 latency=0.517799 ms (tx_ts=85641308216265, rx_ts=85641308734064) request_id=7157801 zil_blk_id=3681996 ccf_commit_seqno=7157801 nstreams_done_=920500 config.nstreams=1000000 avg_latency=0.5539 ms avg throuhgput (requests/sec) = 1029.5112 res=false
*==== INFO ====*  stream_id=3683996 latency=0.565098 ms (tx_ts=85641791681788, rx_ts=85641792246886) request_id=7161011 zil_blk_id=3683996 ccf_commit_seqno=7161011 nstreams_done_=921000 config.nstreams=1000000 avg_latency=0.5538 ms avg throuhgput (requests/sec) = 1029.5136 res=false
*==== INFO ====*  stream_id=3685996 latency=0.587099 ms (tx_ts=85642263207036, rx_ts=85642263794135) request_id=7164216 zil_blk_id=3685996 ccf_commit_seqno=7164218 nstreams_done_=921500 config.nstreams=1000000 avg_latency=0.5538 ms avg throuhgput (requests/sec) = 1029.5299 res=false
*==== INFO ====*  stream_id=3687996 latency=0.515174 ms (tx_ts=85642764522845, rx_ts=85642765038019) request_id=7167545 zil_blk_id=3687996 ccf_commit_seqno=7167545 nstreams_done_=922000 config.nstreams=1000000 avg_latency=0.5538 ms avg throuhgput (requests/sec) = 1029.5120 res=false
*==== INFO ====*  stream_id=3689996 latency=0.469028 ms (tx_ts=85643240107863, rx_ts=85643240576891) request_id=7170808 zil_blk_id=3689996 ccf_commit_seqno=7170808 nstreams_done_=922500 config.nstreams=1000000 avg_latency=0.5538 ms avg throuhgput (requests/sec) = 1029.5236 res=false
*==== INFO ====*  stream_id=3691996 latency=0.530242 ms (tx_ts=85643726983533, rx_ts=85643727513775) request_id=7174197 zil_blk_id=3691996 ccf_commit_seqno=7174197 nstreams_done_=923000 config.nstreams=1000000 avg_latency=0.5538 ms avg throuhgput (requests/sec) = 1029.5221 res=false
*==== INFO ====*  stream_id=3693996 latency=0.529791 ms (tx_ts=85644215377416, rx_ts=85644215907207) request_id=7177534 zil_blk_id=3693996 ccf_commit_seqno=7177534 nstreams_done_=923500 config.nstreams=1000000 avg_latency=0.5538 ms avg throuhgput (requests/sec) = 1029.5190 res=false
*==== INFO ====*  stream_id=3695996 latency=0.501849 ms (tx_ts=85644721024662, rx_ts=85644721526511) request_id=7181040 zil_blk_id=3695996 ccf_commit_seqno=7181040 nstreams_done_=924000 config.nstreams=1000000 avg_latency=0.5538 ms avg throuhgput (requests/sec) = 1029.4961 res=false
*==== INFO ====*  stream_id=3697996 latency=0.525954 ms (tx_ts=85645208016862, rx_ts=85645208542816) request_id=7184479 zil_blk_id=3697996 ccf_commit_seqno=7184479 nstreams_done_=924500 config.nstreams=1000000 avg_latency=0.5538 ms avg throuhgput (requests/sec) = 1029.4946 res=false
*==== INFO ====*  stream_id=3699996 latency=0.576428 ms (tx_ts=85645726486352, rx_ts=85645727062780) request_id=7187952 zil_blk_id=3699996 ccf_commit_seqno=7187953 nstreams_done_=925000 config.nstreams=1000000 avg_latency=0.5538 ms avg throuhgput (requests/sec) = 1029.4569 res=false
*==== INFO ====*  stream_id=3701996 latency=0.579735 ms (tx_ts=85646225732595, rx_ts=85646226312330) request_id=7191380 zil_blk_id=3701996 ccf_commit_seqno=7191381 nstreams_done_=925500 config.nstreams=1000000 avg_latency=0.5538 ms avg throuhgput (requests/sec) = 1029.4414 res=false
*==== INFO ====*  stream_id=3703996 latency=0.464279 ms (tx_ts=85646721505140, rx_ts=85646721969419) request_id=7194737 zil_blk_id=3703996 ccf_commit_seqno=7194737 nstreams_done_=926000 config.nstreams=1000000 avg_latency=0.5538 ms avg throuhgput (requests/sec) = 1029.4300 res=false
*==== INFO ====*  stream_id=3705996 latency=0.485218 ms (tx_ts=85647191456505, rx_ts=85647191941723) request_id=7197989 zil_blk_id=3705996 ccf_commit_seqno=7197989 nstreams_done_=926500 config.nstreams=1000000 avg_latency=0.5538 ms avg throuhgput (requests/sec) = 1029.4480 res=false
*==== INFO ====*  stream_id=3707996 latency=0.498242 ms (tx_ts=85647659395575, rx_ts=85647659893817) request_id=7201197 zil_blk_id=3707996 ccf_commit_seqno=7201197 nstreams_done_=927000 config.nstreams=1000000 avg_latency=0.5538 ms avg throuhgput (requests/sec) = 1029.4683 res=false
*==== INFO ====*  stream_id=3709996 latency=0.485298 ms (tx_ts=85648125319124, rx_ts=85648125804422) request_id=7204370 zil_blk_id=3709996 ccf_commit_seqno=7204370 nstreams_done_=927500 config.nstreams=1000000 avg_latency=0.5538 ms avg throuhgput (requests/sec) = 1029.4909 res=false
*==== INFO ====*  stream_id=3711996 latency=0.494625 ms (tx_ts=85648612940500, rx_ts=85648613435125) request_id=7207658 zil_blk_id=3711996 ccf_commit_seqno=7207658 nstreams_done_=928000 config.nstreams=1000000 avg_latency=0.5538 ms avg throuhgput (requests/sec) = 1029.4887 res=false
*==== INFO ====*  stream_id=3713996 latency=0.465651 ms (tx_ts=85649131325874, rx_ts=85649131791525) request_id=7211209 zil_blk_id=3713996 ccf_commit_seqno=7211209 nstreams_done_=928500 config.nstreams=1000000 avg_latency=0.5538 ms avg throuhgput (requests/sec) = 1029.4514 res=false
*==== INFO ====*  stream_id=3715996 latency=0.508331 ms (tx_ts=85649609712703, rx_ts=85649610221034) request_id=7214629 zil_blk_id=3715996 ccf_commit_seqno=7214630 nstreams_done_=929000 config.nstreams=1000000 avg_latency=0.5538 ms avg throuhgput (requests/sec) = 1029.4597 res=false
*==== INFO ====*  stream_id=3717996 latency=0.614791 ms (tx_ts=85650123528527, rx_ts=85650124143318) request_id=7218167 zil_blk_id=3717996 ccf_commit_seqno=7218167 nstreams_done_=929500 config.nstreams=1000000 avg_latency=0.5538 ms avg throuhgput (requests/sec) = 1029.4275 res=false
*==== INFO ====*  stream_id=3719996 latency=0.471973 ms (tx_ts=85650624903092, rx_ts=85650625375065) request_id=7221651 zil_blk_id=3719996 ccf_commit_seqno=7221651 nstreams_done_=930000 config.nstreams=1000000 avg_latency=0.5538 ms avg throuhgput (requests/sec) = 1029.4098 res=false
*==== INFO ====*  stream_id=3721996 latency=0.490157 ms (tx_ts=85651102310047, rx_ts=85651102800204) request_id=7225035 zil_blk_id=3721996 ccf_commit_seqno=7225035 nstreams_done_=930500 config.nstreams=1000000 avg_latency=0.5538 ms avg throuhgput (requests/sec) = 1029.4192 res=false
*==== INFO ====*  stream_id=3723996 latency=0.595384 ms (tx_ts=85651582705532, rx_ts=85651583300916) request_id=7228379 zil_blk_id=3723996 ccf_commit_seqno=7228379 nstreams_done_=931000 config.nstreams=1000000 avg_latency=0.5538 ms avg throuhgput (requests/sec) = 1029.4251 res=false
*==== INFO ====*  stream_id=3725996 latency=0.475179 ms (tx_ts=85652087039713, rx_ts=85652087514892) request_id=7231848 zil_blk_id=3725996 ccf_commit_seqno=7231848 nstreams_done_=931500 config.nstreams=1000000 avg_latency=0.5538 ms avg throuhgput (requests/sec) = 1029.4041 res=false
*==== INFO ====*  stream_id=3727996 latency=0.587550 ms (tx_ts=85652589033151, rx_ts=85652589620701) request_id=7235351 zil_blk_id=3727996 ccf_commit_seqno=7235351 nstreams_done_=932000 config.nstreams=1000000 avg_latency=0.5538 ms avg throuhgput (requests/sec) = 1029.3855 res=false
*==== INFO ====*  stream_id=3729996 latency=0.529010 ms (tx_ts=85653090549447, rx_ts=85653091078457) request_id=7238842 zil_blk_id=3729996 ccf_commit_seqno=7238842 nstreams_done_=932500 config.nstreams=1000000 avg_latency=0.5537 ms avg throuhgput (requests/sec) = 1029.3676 res=false
*==== INFO ====*  stream_id=3731996 latency=0.456793 ms (tx_ts=85653614683267, rx_ts=85653615140060) request_id=7242416 zil_blk_id=3731996 ccf_commit_seqno=7242416 nstreams_done_=933000 config.nstreams=1000000 avg_latency=0.5537 ms avg throuhgput (requests/sec) = 1029.3241 res=false
*==== INFO ====*  stream_id=3733996 latency=0.600973 ms (tx_ts=85654105475627, rx_ts=85654106076600) request_id=7245834 zil_blk_id=3733996 ccf_commit_seqno=7245834 nstreams_done_=933500 config.nstreams=1000000 avg_latency=0.5537 ms avg throuhgput (requests/sec) = 1029.3182 res=false
*==== INFO ====*  stream_id=3735996 latency=0.502088 ms (tx_ts=85654589946870, rx_ts=85654590448958) request_id=7249238 zil_blk_id=3735996 ccf_commit_seqno=7249238 nstreams_done_=934000 config.nstreams=1000000 avg_latency=0.5537 ms avg throuhgput (requests/sec) = 1029.3198 res=false
*==== INFO ====*  stream_id=3737996 latency=0.535309 ms (tx_ts=85655089367126, rx_ts=85655089902435) request_id=7252733 zil_blk_id=3737996 ccf_commit_seqno=7252734 nstreams_done_=934500 config.nstreams=1000000 avg_latency=0.5537 ms avg throuhgput (requests/sec) = 1029.3042 res=false
*==== INFO ====*  stream_id=3739996 latency=0.454360 ms (tx_ts=85655574648706, rx_ts=85655575103066) request_id=7256149 zil_blk_id=3739996 ccf_commit_seqno=7256149 nstreams_done_=935000 config.nstreams=1000000 avg_latency=0.5537 ms avg throuhgput (requests/sec) = 1029.3049 res=false
*==== INFO ====*  stream_id=3741996 latency=0.452838 ms (tx_ts=85656055494517, rx_ts=85656055947355) request_id=7259572 zil_blk_id=3741996 ccf_commit_seqno=7259572 nstreams_done_=935500 config.nstreams=1000000 avg_latency=0.5537 ms avg throuhgput (requests/sec) = 1029.3104 res=false
*==== INFO ====*  stream_id=3743996 latency=0.610563 ms (tx_ts=85656546528253, rx_ts=85656547138816) request_id=7263080 zil_blk_id=3743996 ccf_commit_seqno=7263080 nstreams_done_=936000 config.nstreams=1000000 avg_latency=0.5536 ms avg throuhgput (requests/sec) = 1029.3043 res=false
*==== INFO ====*  stream_id=3745996 latency=0.559507 ms (tx_ts=85657026550613, rx_ts=85657027110120) request_id=7266528 zil_blk_id=3745996 ccf_commit_seqno=7266528 nstreams_done_=936500 config.nstreams=1000000 avg_latency=0.5536 ms avg throuhgput (requests/sec) = 1029.3108 res=false
*==== INFO ====*  stream_id=3747996 latency=0.485969 ms (tx_ts=85657476211527, rx_ts=85657476697496) request_id=7269689 zil_blk_id=3747996 ccf_commit_seqno=7269689 nstreams_done_=937000 config.nstreams=1000000 avg_latency=0.5536 ms avg throuhgput (requests/sec) = 1029.3518 res=false
*==== INFO ====*  stream_id=3749996 latency=0.519311 ms (tx_ts=85657932087824, rx_ts=85657932607135) request_id=7272864 zil_blk_id=3749996 ccf_commit_seqno=7272864 nstreams_done_=937500 config.nstreams=1000000 avg_latency=0.5536 ms avg throuhgput (requests/sec) = 1029.3855 res=false
*==== INFO ====*  stream_id=3751996 latency=0.513781 ms (tx_ts=85658414650860, rx_ts=85658415164641) request_id=7276188 zil_blk_id=3751996 ccf_commit_seqno=7276188 nstreams_done_=938000 config.nstreams=1000000 avg_latency=0.5536 ms avg throuhgput (requests/sec) = 1029.3890 res=false
*==== INFO ====*  stream_id=3753996 latency=0.509443 ms (tx_ts=85658893392480, rx_ts=85658893901923) request_id=7279529 zil_blk_id=3753996 ccf_commit_seqno=7279529 nstreams_done_=938500 config.nstreams=1000000 avg_latency=0.5535 ms avg throuhgput (requests/sec) = 1029.3969 res=false
*==== INFO ====*  stream_id=3755996 latency=0.494766 ms (tx_ts=85659375087775, rx_ts=85659375582541) request_id=7282840 zil_blk_id=3755996 ccf_commit_seqno=7282840 nstreams_done_=939000 config.nstreams=1000000 avg_latency=0.5535 ms avg throuhgput (requests/sec) = 1029.4015 res=false
*==== INFO ====*  stream_id=3757996 latency=0.486160 ms (tx_ts=85659854147464, rx_ts=85659854633624) request_id=7286119 zil_blk_id=3757996 ccf_commit_seqno=7286119 nstreams_done_=939500 config.nstreams=1000000 avg_latency=0.5535 ms avg throuhgput (requests/sec) = 1029.4090 res=false
*==== INFO ====*  stream_id=3759996 latency=0.483454 ms (tx_ts=85660356203966, rx_ts=85660356687420) request_id=7289570 zil_blk_id=3759996 ccf_commit_seqno=7289570 nstreams_done_=940000 config.nstreams=1000000 avg_latency=0.5535 ms avg throuhgput (requests/sec) = 1029.3906 res=false
*==== INFO ====*  stream_id=3761996 latency=0.537135 ms (tx_ts=85660830179409, rx_ts=85660830716544) request_id=7292922 zil_blk_id=3761996 ccf_commit_seqno=7292922 nstreams_done_=940500 config.nstreams=1000000 avg_latency=0.5535 ms avg throuhgput (requests/sec) = 1029.4038 res=false
*==== INFO ====*  stream_id=3763996 latency=0.551352 ms (tx_ts=85661317114025, rx_ts=85661317665377) request_id=7296298 zil_blk_id=3763996 ccf_commit_seqno=7296299 nstreams_done_=941000 config.nstreams=1000000 avg_latency=0.5535 ms avg throuhgput (requests/sec) = 1029.4024 res=false
*==== INFO ====*  stream_id=3765996 latency=0.687920 ms (tx_ts=85661806968088, rx_ts=85661807656008) request_id=7299741 zil_blk_id=3765996 ccf_commit_seqno=7299741 nstreams_done_=941500 config.nstreams=1000000 avg_latency=0.5534 ms avg throuhgput (requests/sec) = 1029.3976 res=false
*==== INFO ====*  stream_id=3767996 latency=0.610362 ms (tx_ts=85662327441252, rx_ts=85662328051614) request_id=7303278 zil_blk_id=3767996 ccf_commit_seqno=7303278 nstreams_done_=942000 config.nstreams=1000000 avg_latency=0.5534 ms avg throuhgput (requests/sec) = 1029.3586 res=false
*==== INFO ====*  stream_id=3769996 latency=0.488194 ms (tx_ts=85662871387024, rx_ts=85662871875218) request_id=7306911 zil_blk_id=3769996 ccf_commit_seqno=7306911 nstreams_done_=942500 config.nstreams=1000000 avg_latency=0.5534 ms avg throuhgput (requests/sec) = 1029.2933 res=false
*==== INFO ====*  stream_id=3771996 latency=0.453789 ms (tx_ts=85663365128557, rx_ts=85663365582346) request_id=7310355 zil_blk_id=3771996 ccf_commit_seqno=7310355 nstreams_done_=943000 config.nstreams=1000000 avg_latency=0.5534 ms avg throuhgput (requests/sec) = 1029.2844 res=false
*==== INFO ====*  stream_id=3773996 latency=0.480428 ms (tx_ts=85663859473067, rx_ts=85663859953495) request_id=7313735 zil_blk_id=3773996 ccf_commit_seqno=7313735 nstreams_done_=943500 config.nstreams=1000000 avg_latency=0.5534 ms avg throuhgput (requests/sec) = 1029.2747 res=false
*==== INFO ====*  stream_id=3775996 latency=0.586446 ms (tx_ts=85664325317921, rx_ts=85664325904367) request_id=7316967 zil_blk_id=3775996 ccf_commit_seqno=7316967 nstreams_done_=944000 config.nstreams=1000000 avg_latency=0.5534 ms avg throuhgput (requests/sec) = 1029.2970 res=false
*==== INFO ====*  stream_id=3777996 latency=0.663862 ms (tx_ts=85664801173894, rx_ts=85664801837756) request_id=7320176 zil_blk_id=3777996 ccf_commit_seqno=7320176 nstreams_done_=944500 config.nstreams=1000000 avg_latency=0.5534 ms avg throuhgput (requests/sec) = 1029.3080 res=false
*==== INFO ====*  stream_id=3779996 latency=0.602657 ms (tx_ts=85665288986677, rx_ts=85665289589334) request_id=7323533 zil_blk_id=3779996 ccf_commit_seqno=7323534 nstreams_done_=945000 config.nstreams=1000000 avg_latency=0.5534 ms avg throuhgput (requests/sec) = 1029.3058 res=false
*==== INFO ====*  stream_id=3781996 latency=0.561580 ms (tx_ts=85665782823018, rx_ts=85665783384598) request_id=7326841 zil_blk_id=3781996 ccf_commit_seqno=7326842 nstreams_done_=945500 config.nstreams=1000000 avg_latency=0.5534 ms avg throuhgput (requests/sec) = 1029.2968 res=false
*==== INFO ====*  stream_id=3783996 latency=0.495497 ms (tx_ts=85666276309201, rx_ts=85666276804698) request_id=7330297 zil_blk_id=3783996 ccf_commit_seqno=7330297 nstreams_done_=946000 config.nstreams=1000000 avg_latency=0.5534 ms avg throuhgput (requests/sec) = 1029.2882 res=false
*==== INFO ====*  stream_id=3785996 latency=0.533128 ms (tx_ts=85666758234360, rx_ts=85666758767488) request_id=7333621 zil_blk_id=3785996 ccf_commit_seqno=7333621 nstreams_done_=946500 config.nstreams=1000000 avg_latency=0.5534 ms avg throuhgput (requests/sec) = 1029.2925 res=false
*==== INFO ====*  stream_id=3787996 latency=0.489145 ms (tx_ts=85667224477938, rx_ts=85667224967083) request_id=7336827 zil_blk_id=3787996 ccf_commit_seqno=7336827 nstreams_done_=947000 config.nstreams=1000000 avg_latency=0.5534 ms avg throuhgput (requests/sec) = 1029.3144 res=false
*==== INFO ====*  stream_id=3789996 latency=0.491530 ms (tx_ts=85667705666481, rx_ts=85667706158011) request_id=7340149 zil_blk_id=3789996 ccf_commit_seqno=7340149 nstreams_done_=947500 config.nstreams=1000000 avg_latency=0.5534 ms avg throuhgput (requests/sec) = 1029.3195 res=false
*==== INFO ====*  stream_id=3791996 latency=0.564526 ms (tx_ts=85668179688672, rx_ts=85668180253198) request_id=7343370 zil_blk_id=3791996 ccf_commit_seqno=7343370 nstreams_done_=948000 config.nstreams=1000000 avg_latency=0.5534 ms avg throuhgput (requests/sec) = 1029.3325 res=false
*==== INFO ====*  stream_id=3793996 latency=0.569335 ms (tx_ts=85668657212346, rx_ts=85668657781681) request_id=7346573 zil_blk_id=3793996 ccf_commit_seqno=7346574 nstreams_done_=948500 config.nstreams=1000000 avg_latency=0.5534 ms avg throuhgput (requests/sec) = 1029.3417 res=false
*==== INFO ====*  stream_id=3795996 latency=0.807591 ms (tx_ts=85669119035109, rx_ts=85669119842700) request_id=7349838 zil_blk_id=3795996 ccf_commit_seqno=7349838 nstreams_done_=949000 config.nstreams=1000000 avg_latency=0.5534 ms avg throuhgput (requests/sec) = 1029.3681 res=false
*==== INFO ====*  stream_id=3797996 latency=0.513029 ms (tx_ts=85669632539712, rx_ts=85669633052741) request_id=7353173 zil_blk_id=3797996 ccf_commit_seqno=7353173 nstreams_done_=949500 config.nstreams=1000000 avg_latency=0.5534 ms avg throuhgput (requests/sec) = 1029.3375 res=false
*==== INFO ====*  stream_id=3799996 latency=0.533708 ms (tx_ts=85670139198443, rx_ts=85670139732151) request_id=7356619 zil_blk_id=3799996 ccf_commit_seqno=7356619 nstreams_done_=950000 config.nstreams=1000000 avg_latency=0.5534 ms avg throuhgput (requests/sec) = 1029.3141 res=false
*==== INFO ====*  stream_id=3801996 latency=0.622754 ms (tx_ts=85670635976578, rx_ts=85670636599332) request_id=7360097 zil_blk_id=3801996 ccf_commit_seqno=7360097 nstreams_done_=950500 config.nstreams=1000000 avg_latency=0.5534 ms avg throuhgput (requests/sec) = 1029.3018 res=false
*==== INFO ====*  stream_id=3803996 latency=0.587508 ms (tx_ts=85671137555930, rx_ts=85671138143438) request_id=7363551 zil_blk_id=3803996 ccf_commit_seqno=7363552 nstreams_done_=951000 config.nstreams=1000000 avg_latency=0.5534 ms avg throuhgput (requests/sec) = 1029.2842 res=false
*==== INFO ====*  stream_id=3805996 latency=0.582900 ms (tx_ts=85671644670275, rx_ts=85671645253175) request_id=7367031 zil_blk_id=3805996 ccf_commit_seqno=7367032 nstreams_done_=951500 config.nstreams=1000000 avg_latency=0.5534 ms avg throuhgput (requests/sec) = 1029.2604 res=false
*==== INFO ====*  stream_id=3807996 latency=0.514963 ms (tx_ts=85672133242434, rx_ts=85672133757397) request_id=7370498 zil_blk_id=3807996 ccf_commit_seqno=7370498 nstreams_done_=952000 config.nstreams=1000000 avg_latency=0.5533 ms avg throuhgput (requests/sec) = 1029.2574 res=false
*==== INFO ====*  stream_id=3809996 latency=0.494926 ms (tx_ts=85672626609958, rx_ts=85672627104884) request_id=7373887 zil_blk_id=3809996 ccf_commit_seqno=7373887 nstreams_done_=952500 config.nstreams=1000000 avg_latency=0.5533 ms avg throuhgput (requests/sec) = 1029.2490 res=false
*==== INFO ====*  stream_id=3811996 latency=0.530413 ms (tx_ts=85673098152808, rx_ts=85673098683221) request_id=7377182 zil_blk_id=3811996 ccf_commit_seqno=7377182 nstreams_done_=953000 config.nstreams=1000000 avg_latency=0.5533 ms avg throuhgput (requests/sec) = 1029.2648 res=false
*==== INFO ====*  stream_id=3813996 latency=0.495648 ms (tx_ts=85673593970638, rx_ts=85673594466286) request_id=7380603 zil_blk_id=3813996 ccf_commit_seqno=7380603 nstreams_done_=953500 config.nstreams=1000000 avg_latency=0.5533 ms avg throuhgput (requests/sec) = 1029.2537 res=false
*==== INFO ====*  stream_id=3815996 latency=0.580977 ms (tx_ts=85674074930164, rx_ts=85674075511141) request_id=7384005 zil_blk_id=3815996 ccf_commit_seqno=7384005 nstreams_done_=954000 config.nstreams=1000000 avg_latency=0.5533 ms avg throuhgput (requests/sec) = 1029.2589 res=false
*==== INFO ====*  stream_id=3817996 latency=0.486360 ms (tx_ts=85674554016927, rx_ts=85674554503287) request_id=7387363 zil_blk_id=3817996 ccf_commit_seqno=7387363 nstreams_done_=954500 config.nstreams=1000000 avg_latency=0.5533 ms avg throuhgput (requests/sec) = 1029.2665 res=false
*==== INFO ====*  stream_id=3819996 latency=0.525623 ms (tx_ts=85675066936868, rx_ts=85675067462491) request_id=7390945 zil_blk_id=3819996 ccf_commit_seqno=7390945 nstreams_done_=955000 config.nstreams=1000000 avg_latency=0.5533 ms avg throuhgput (requests/sec) = 1029.2363 res=false
*==== INFO ====*  stream_id=3821996 latency=0.455001 ms (tx_ts=85675568938471, rx_ts=85675569393472) request_id=7394473 zil_blk_id=3821996 ccf_commit_seqno=7394473 nstreams_done_=955500 config.nstreams=1000000 avg_latency=0.5533 ms avg throuhgput (requests/sec) = 1029.2185 res=false
*==== INFO ====*  stream_id=3823996 latency=0.536464 ms (tx_ts=85676082919908, rx_ts=85676083456372) request_id=7398010 zil_blk_id=3823996 ccf_commit_seqno=7398010 nstreams_done_=956000 config.nstreams=1000000 avg_latency=0.5533 ms avg throuhgput (requests/sec) = 1029.1871 res=false
*==== INFO ====*  stream_id=3825996 latency=0.511467 ms (tx_ts=85676556570766, rx_ts=85676557082233) request_id=7401329 zil_blk_id=3825996 ccf_commit_seqno=7401329 nstreams_done_=956500 config.nstreams=1000000 avg_latency=0.5533 ms avg throuhgput (requests/sec) = 1029.2006 res=false
*==== INFO ====*  stream_id=3827996 latency=0.572752 ms (tx_ts=85677021816594, rx_ts=85677022389346) request_id=7404583 zil_blk_id=3827996 ccf_commit_seqno=7404583 nstreams_done_=957000 config.nstreams=1000000 avg_latency=0.5533 ms avg throuhgput (requests/sec) = 1029.2233 res=false
*==== INFO ====*  stream_id=3829996 latency=0.548527 ms (tx_ts=85677500804612, rx_ts=85677501353139) request_id=7407926 zil_blk_id=3829996 ccf_commit_seqno=7407926 nstreams_done_=957500 config.nstreams=1000000 avg_latency=0.5533 ms avg throuhgput (requests/sec) = 1029.2309 res=false
*==== INFO ====*  stream_id=3831996 latency=0.518089 ms (tx_ts=85677974020319, rx_ts=85677974538408) request_id=7411247 zil_blk_id=3831996 ccf_commit_seqno=7411247 nstreams_done_=958000 config.nstreams=1000000 avg_latency=0.5533 ms avg throuhgput (requests/sec) = 1029.2449 res=false
*==== INFO ====*  stream_id=3833996 latency=0.528709 ms (tx_ts=85678429889034, rx_ts=85678430417743) request_id=7414459 zil_blk_id=3833996 ccf_commit_seqno=7414459 nstreams_done_=958500 config.nstreams=1000000 avg_latency=0.5533 ms avg throuhgput (requests/sec) = 1029.2779 res=false
*==== INFO ====*  stream_id=3835996 latency=0.553115 ms (tx_ts=85678908490582, rx_ts=85678909043697) request_id=7417736 zil_blk_id=3835996 ccf_commit_seqno=7417736 nstreams_done_=959000 config.nstreams=1000000 avg_latency=0.5533 ms avg throuhgput (requests/sec) = 1029.2858 res=false
*==== INFO ====*  stream_id=3837996 latency=0.483896 ms (tx_ts=85679353356000, rx_ts=85679353839896) request_id=7420930 zil_blk_id=3837996 ccf_commit_seqno=7420930 nstreams_done_=959500 config.nstreams=1000000 avg_latency=0.5533 ms avg throuhgput (requests/sec) = 1029.3311 res=false
*==== INFO ====*  stream_id=3839996 latency=0.492251 ms (tx_ts=85679798243714, rx_ts=85679798735965) request_id=7424138 zil_blk_id=3839996 ccf_commit_seqno=7424138 nstreams_done_=960000 config.nstreams=1000000 avg_latency=0.5533 ms avg throuhgput (requests/sec) = 1029.3762 res=false
*==== INFO ====*  stream_id=3841996 latency=0.548306 ms (tx_ts=85680256035863, rx_ts=85680256584169) request_id=7427353 zil_blk_id=3841996 ccf_commit_seqno=7427353 nstreams_done_=960500 config.nstreams=1000000 avg_latency=0.5533 ms avg throuhgput (requests/sec) = 1029.4069 res=false
*==== INFO ====*  stream_id=3843996 latency=0.629682 ms (tx_ts=85680724164532, rx_ts=85680724794214) request_id=7430658 zil_blk_id=3843996 ccf_commit_seqno=7430658 nstreams_done_=961000 config.nstreams=1000000 avg_latency=0.5533 ms avg throuhgput (requests/sec) = 1029.4262 res=false
*==== INFO ====*  stream_id=3845996 latency=0.480058 ms (tx_ts=85681192051096, rx_ts=85681192531154) request_id=7433934 zil_blk_id=3845996 ccf_commit_seqno=7433934 nstreams_done_=961500 config.nstreams=1000000 avg_latency=0.5533 ms avg throuhgput (requests/sec) = 1029.4460 res=false
*==== INFO ====*  stream_id=3847996 latency=0.490417 ms (tx_ts=85681688096858, rx_ts=85681688587275) request_id=7437376 zil_blk_id=3847996 ccf_commit_seqno=7437376 nstreams_done_=962000 config.nstreams=1000000 avg_latency=0.5533 ms avg throuhgput (requests/sec) = 1029.4346 res=false
*==== INFO ====*  stream_id=3849996 latency=0.528990 ms (tx_ts=85682168869339, rx_ts=85682169398329) request_id=7440742 zil_blk_id=3849996 ccf_commit_seqno=7440742 nstreams_done_=962500 config.nstreams=1000000 avg_latency=0.5533 ms avg throuhgput (requests/sec) = 1029.4400 res=false
*==== INFO ====*  stream_id=3851996 latency=0.522708 ms (tx_ts=85682630500285, rx_ts=85682631022993) request_id=7444003 zil_blk_id=3851996 ccf_commit_seqno=7444003 nstreams_done_=963000 config.nstreams=1000000 avg_latency=0.5533 ms avg throuhgput (requests/sec) = 1029.4665 res=false
*==== INFO ====*  stream_id=3853996 latency=0.514643 ms (tx_ts=85683097279700, rx_ts=85683097794343) request_id=7447245 zil_blk_id=3853996 ccf_commit_seqno=7447245 nstreams_done_=963500 config.nstreams=1000000 avg_latency=0.5533 ms avg throuhgput (requests/sec) = 1029.4873 res=false
*==== INFO ====*  stream_id=3855996 latency=0.462225 ms (tx_ts=85683565666967, rx_ts=85683566129192) request_id=7450452 zil_blk_id=3855996 ccf_commit_seqno=7450452 nstreams_done_=964000 config.nstreams=1000000 avg_latency=0.5533 ms avg throuhgput (requests/sec) = 1029.5064 res=false
*==== INFO ====*  stream_id=3857996 latency=0.562773 ms (tx_ts=85684029988133, rx_ts=85684030550906) request_id=7453672 zil_blk_id=3857996 ccf_commit_seqno=7453672 nstreams_done_=964500 config.nstreams=1000000 avg_latency=0.5533 ms avg throuhgput (requests/sec) = 1029.5297 res=false
*==== INFO ====*  stream_id=3859996 latency=0.476542 ms (tx_ts=85684515138983, rx_ts=85684515615525) request_id=7456951 zil_blk_id=3859996 ccf_commit_seqno=7456951 nstreams_done_=965000 config.nstreams=1000000 avg_latency=0.5533 ms avg throuhgput (requests/sec) = 1029.5304 res=false
*==== INFO ====*  stream_id=3861996 latency=0.461704 ms (tx_ts=85684981697146, rx_ts=85684982158850) request_id=7460259 zil_blk_id=3861996 ccf_commit_seqno=7460259 nstreams_done_=965500 config.nstreams=1000000 avg_latency=0.5533 ms avg throuhgput (requests/sec) = 1029.5514 res=false
*==== INFO ====*  stream_id=3863996 latency=0.521355 ms (tx_ts=85685441738407, rx_ts=85685442259762) request_id=7463497 zil_blk_id=3863996 ccf_commit_seqno=7463497 nstreams_done_=966000 config.nstreams=1000000 avg_latency=0.5532 ms avg throuhgput (requests/sec) = 1029.5794 res=false
*==== INFO ====*  stream_id=3865996 latency=0.465141 ms (tx_ts=85685922333444, rx_ts=85685922798585) request_id=7466401 zil_blk_id=3865996 ccf_commit_seqno=7466401 nstreams_done_=966500 config.nstreams=1000000 avg_latency=0.5532 ms avg throuhgput (requests/sec) = 1029.5850 res=false
*==== INFO ====*  stream_id=3867996 latency=0.563885 ms (tx_ts=85686405162970, rx_ts=85686405726855) request_id=7469241 zil_blk_id=3867996 ccf_commit_seqno=7469241 nstreams_done_=967000 config.nstreams=1000000 avg_latency=0.5532 ms avg throuhgput (requests/sec) = 1029.5880 res=false
*==== INFO ====*  stream_id=3869996 latency=0.471252 ms (tx_ts=85686878402196, rx_ts=85686878873448) request_id=7472059 zil_blk_id=3869996 ccf_commit_seqno=7472059 nstreams_done_=967500 config.nstreams=1000000 avg_latency=0.5532 ms avg throuhgput (requests/sec) = 1029.6016 res=false
*==== INFO ====*  stream_id=3871996 latency=0.566199 ms (tx_ts=85687380708288, rx_ts=85687381274487) request_id=7474972 zil_blk_id=3871996 ccf_commit_seqno=7474972 nstreams_done_=968000 config.nstreams=1000000 avg_latency=0.5532 ms avg throuhgput (requests/sec) = 1029.5833 res=false
*==== INFO ====*  stream_id=3873996 latency=0.496679 ms (tx_ts=85687881130072, rx_ts=85687881626751) request_id=7477844 zil_blk_id=3873996 ccf_commit_seqno=7477844 nstreams_done_=968500 config.nstreams=1000000 avg_latency=0.5532 ms avg throuhgput (requests/sec) = 1029.5672 res=false
*==== INFO ====*  stream_id=3875996 latency=0.478926 ms (tx_ts=85688386495310, rx_ts=85688386974236) request_id=7480771 zil_blk_id=3875996 ccf_commit_seqno=7480771 nstreams_done_=969000 config.nstreams=1000000 avg_latency=0.5532 ms avg throuhgput (requests/sec) = 1029.5456 res=false
*==== INFO ====*  stream_id=3877996 latency=0.496168 ms (tx_ts=85688876695636, rx_ts=85688877191804) request_id=7483627 zil_blk_id=3877996 ccf_commit_seqno=7483627 nstreams_done_=969500 config.nstreams=1000000 avg_latency=0.5531 ms avg throuhgput (requests/sec) = 1029.5406 res=false
*==== INFO ====*  stream_id=3879996 latency=0.489446 ms (tx_ts=85689383810972, rx_ts=85689384300418) request_id=7486542 zil_blk_id=3879996 ccf_commit_seqno=7486542 nstreams_done_=970000 config.nstreams=1000000 avg_latency=0.5531 ms avg throuhgput (requests/sec) = 1029.5172 res=false
*==== INFO ====*  stream_id=3881996 latency=0.501277 ms (tx_ts=85689860847013, rx_ts=85689861348290) request_id=7489345 zil_blk_id=3881996 ccf_commit_seqno=7489346 nstreams_done_=970500 config.nstreams=1000000 avg_latency=0.5531 ms avg throuhgput (requests/sec) = 1029.5266 res=false
*==== INFO ====*  stream_id=3883996 latency=0.593911 ms (tx_ts=85690333940085, rx_ts=85690334533996) request_id=7492057 zil_blk_id=3883996 ccf_commit_seqno=7492057 nstreams_done_=971000 config.nstreams=1000000 avg_latency=0.5531 ms avg throuhgput (requests/sec) = 1029.5402 res=false
*==== INFO ====*  stream_id=3885996 latency=0.625741 ms (tx_ts=85690811304856, rx_ts=85690811930597) request_id=7494805 zil_blk_id=3885996 ccf_commit_seqno=7494805 nstreams_done_=971500 config.nstreams=1000000 avg_latency=0.5531 ms avg throuhgput (requests/sec) = 1029.5492 res=false
*==== INFO ====*  stream_id=3887996 latency=0.515985 ms (tx_ts=85691303105953, rx_ts=85691303621938) request_id=7497642 zil_blk_id=3887996 ccf_commit_seqno=7497642 nstreams_done_=972000 config.nstreams=1000000 avg_latency=0.5531 ms avg throuhgput (requests/sec) = 1029.5426 res=false
*==== INFO ====*  stream_id=3889996 latency=0.552333 ms (tx_ts=85691812762343, rx_ts=85691813314676) request_id=7500538 zil_blk_id=3889996 ccf_commit_seqno=7500538 nstreams_done_=972500 config.nstreams=1000000 avg_latency=0.5531 ms avg throuhgput (requests/sec) = 1029.5164 res=false
*==== INFO ====*  stream_id=3891996 latency=0.498944 ms (tx_ts=85692305311974, rx_ts=85692305810918) request_id=7503427 zil_blk_id=3891996 ccf_commit_seqno=7503427 nstreams_done_=973000 config.nstreams=1000000 avg_latency=0.5531 ms avg throuhgput (requests/sec) = 1029.5090 res=false
*==== INFO ====*  stream_id=3893996 latency=0.502070 ms (tx_ts=85692808863154, rx_ts=85692809365224) request_id=7506320 zil_blk_id=3893996 ccf_commit_seqno=7506320 nstreams_done_=973500 config.nstreams=1000000 avg_latency=0.5531 ms avg throuhgput (requests/sec) = 1029.4895 res=false
*==== INFO ====*  stream_id=3895996 latency=0.499034 ms (tx_ts=85693299121192, rx_ts=85693299620226) request_id=7509100 zil_blk_id=3895996 ccf_commit_seqno=7509100 nstreams_done_=974000 config.nstreams=1000000 avg_latency=0.5531 ms avg throuhgput (requests/sec) = 1029.4845 res=false
*==== INFO ====*  stream_id=3897996 latency=0.473887 ms (tx_ts=85693791869660, rx_ts=85693792343547) request_id=7511837 zil_blk_id=3897996 ccf_commit_seqno=7511837 nstreams_done_=974500 config.nstreams=1000000 avg_latency=0.5531 ms avg throuhgput (requests/sec) = 1029.4769 res=false
*==== INFO ====*  stream_id=3899996 latency=0.564175 ms (tx_ts=85694271745892, rx_ts=85694272310067) request_id=7514607 zil_blk_id=3899996 ccf_commit_seqno=7514608 nstreams_done_=975000 config.nstreams=1000000 avg_latency=0.5531 ms avg throuhgput (requests/sec) = 1029.4831 res=false
*==== INFO ====*  stream_id=3901996 latency=0.546914 ms (tx_ts=85694749972432, rx_ts=85694750519346) request_id=7517370 zil_blk_id=3901996 ccf_commit_seqno=7517370 nstreams_done_=975500 config.nstreams=1000000 avg_latency=0.5531 ms avg throuhgput (requests/sec) = 1029.4912 res=false
*==== INFO ====*  stream_id=3903996 latency=0.509253 ms (tx_ts=85695246263472, rx_ts=85695246772725) request_id=7520129 zil_blk_id=3903996 ccf_commit_seqno=7520129 nstreams_done_=976000 config.nstreams=1000000 avg_latency=0.5531 ms avg throuhgput (requests/sec) = 1029.4797 res=false
*==== INFO ====*  stream_id=3905996 latency=0.470180 ms (tx_ts=85695729114260, rx_ts=85695729584440) request_id=7522914 zil_blk_id=3905996 ccf_commit_seqno=7522914 nstreams_done_=976500 config.nstreams=1000000 avg_latency=0.5531 ms avg throuhgput (requests/sec) = 1029.4828 res=false
*==== INFO ====*  stream_id=3907996 latency=0.496810 ms (tx_ts=85696206965674, rx_ts=85696207462484) request_id=7525635 zil_blk_id=3907996 ccf_commit_seqno=7525635 nstreams_done_=977000 config.nstreams=1000000 avg_latency=0.5530 ms avg throuhgput (requests/sec) = 1029.4913 res=false
*==== INFO ====*  stream_id=3909996 latency=0.547304 ms (tx_ts=85696709981180, rx_ts=85696710528484) request_id=7528447 zil_blk_id=3909996 ccf_commit_seqno=7528447 nstreams_done_=977500 config.nstreams=1000000 avg_latency=0.5530 ms avg throuhgput (requests/sec) = 1029.4724 res=false
*==== INFO ====*  stream_id=3911996 latency=0.542184 ms (tx_ts=85697195931137, rx_ts=85697196473321) request_id=7531230 zil_blk_id=3911996 ccf_commit_seqno=7531230 nstreams_done_=978000 config.nstreams=1000000 avg_latency=0.5530 ms avg throuhgput (requests/sec) = 1029.4721 res=false
*==== INFO ====*  stream_id=3913996 latency=0.563113 ms (tx_ts=85697753273087, rx_ts=85697753836200) request_id=7534062 zil_blk_id=3913996 ccf_commit_seqno=7534062 nstreams_done_=978500 config.nstreams=1000000 avg_latency=0.5531 ms avg throuhgput (requests/sec) = 1029.3945 res=false
*==== INFO ====*  stream_id=3915996 latency=0.568333 ms (tx_ts=85698259922081, rx_ts=85698260490414) request_id=7536876 zil_blk_id=3915996 ccf_commit_seqno=7536876 nstreams_done_=979000 config.nstreams=1000000 avg_latency=0.5531 ms avg throuhgput (requests/sec) = 1029.3719 res=false
*==== INFO ====*  stream_id=3917996 latency=0.516306 ms (tx_ts=85698784778833, rx_ts=85698785295139) request_id=7539728 zil_blk_id=3917996 ccf_commit_seqno=7539728 nstreams_done_=979500 config.nstreams=1000000 avg_latency=0.5531 ms avg throuhgput (requests/sec) = 1029.3296 res=false
*==== INFO ====*  stream_id=3919996 latency=0.500387 ms (tx_ts=85699269244736, rx_ts=85699269745123) request_id=7542503 zil_blk_id=3919996 ccf_commit_seqno=7542503 nstreams_done_=980000 config.nstreams=1000000 avg_latency=0.5531 ms avg throuhgput (requests/sec) = 1029.3310 res=false
*==== INFO ====*  stream_id=3921996 latency=0.547074 ms (tx_ts=85699753342093, rx_ts=85699753889167) request_id=7545327 zil_blk_id=3921996 ccf_commit_seqno=7545327 nstreams_done_=980500 config.nstreams=1000000 avg_latency=0.5531 ms avg throuhgput (requests/sec) = 1029.3327 res=false
*==== INFO ====*  stream_id=3923996 latency=0.620060 ms (tx_ts=85700283989228, rx_ts=85700284609288) request_id=7548250 zil_blk_id=3923996 ccf_commit_seqno=7548250 nstreams_done_=981000 config.nstreams=1000000 avg_latency=0.5531 ms avg throuhgput (requests/sec) = 1029.2842 res=false
*==== INFO ====*  stream_id=3925996 latency=0.523750 ms (tx_ts=85700790353998, rx_ts=85700790877748) request_id=7551047 zil_blk_id=3925996 ccf_commit_seqno=7551047 nstreams_done_=981500 config.nstreams=1000000 avg_latency=0.5531 ms avg throuhgput (requests/sec) = 1029.2621 res=false
*==== INFO ====*  stream_id=3927996 latency=0.539850 ms (tx_ts=85701264097223, rx_ts=85701264637073) request_id=7553780 zil_blk_id=3927996 ccf_commit_seqno=7553780 nstreams_done_=982000 config.nstreams=1000000 avg_latency=0.5531 ms avg throuhgput (requests/sec) = 1029.2750 res=false
*==== INFO ====*  stream_id=3929996 latency=0.488012 ms (tx_ts=85701735436661, rx_ts=85701735924673) request_id=7556487 zil_blk_id=3929996 ccf_commit_seqno=7556487 nstreams_done_=982500 config.nstreams=1000000 avg_latency=0.5531 ms avg throuhgput (requests/sec) = 1029.2907 res=false
*==== INFO ====*  stream_id=3931996 latency=0.552503 ms (tx_ts=85702223333833, rx_ts=85702223886336) request_id=7559297 zil_blk_id=3931996 ccf_commit_seqno=7559297 nstreams_done_=983000 config.nstreams=1000000 avg_latency=0.5530 ms avg throuhgput (requests/sec) = 1029.2883 res=false
*==== INFO ====*  stream_id=3933996 latency=0.494565 ms (tx_ts=85702693874688, rx_ts=85702694369253) request_id=7562054 zil_blk_id=3933996 ccf_commit_seqno=7562054 nstreams_done_=983500 config.nstreams=1000000 avg_latency=0.5530 ms avg throuhgput (requests/sec) = 1029.3048 res=false
*==== INFO ====*  stream_id=3935996 latency=0.525123 ms (tx_ts=85703166162930, rx_ts=85703166688053) request_id=7564772 zil_blk_id=3935996 ccf_commit_seqno=7564772 nstreams_done_=984000 config.nstreams=1000000 avg_latency=0.5530 ms avg throuhgput (requests/sec) = 1029.3192 res=false
*==== INFO ====*  stream_id=3937996 latency=0.500606 ms (tx_ts=85703650751686, rx_ts=85703651252292) request_id=7567541 zil_blk_id=3937996 ccf_commit_seqno=7567541 nstreams_done_=984500 config.nstreams=1000000 avg_latency=0.5530 ms avg throuhgput (requests/sec) = 1029.3205 res=false
*==== INFO ====*  stream_id=3939996 latency=0.488313 ms (tx_ts=85704135507628, rx_ts=85704135995941) request_id=7570362 zil_blk_id=3939996 ccf_commit_seqno=7570362 nstreams_done_=985000 config.nstreams=1000000 avg_latency=0.5530 ms avg throuhgput (requests/sec) = 1029.3216 res=false
*==== INFO ====*  stream_id=3941996 latency=0.805847 ms (tx_ts=85704620989305, rx_ts=85704621795152) request_id=7573220 zil_blk_id=3941996 ccf_commit_seqno=7573220 nstreams_done_=985500 config.nstreams=1000000 avg_latency=0.5530 ms avg throuhgput (requests/sec) = 1029.3216 res=false
*==== INFO ====*  stream_id=3943996 latency=0.531485 ms (tx_ts=85705117789456, rx_ts=85705118320941) request_id=7576084 zil_blk_id=3943996 ccf_commit_seqno=7576084 nstreams_done_=986000 config.nstreams=1000000 avg_latency=0.5530 ms avg throuhgput (requests/sec) = 1029.3100 res=false
*==== INFO ====*  stream_id=3945996 latency=0.643693 ms (tx_ts=85705631799242, rx_ts=85705632442935) request_id=7578949 zil_blk_id=3945996 ccf_commit_seqno=7578949 nstreams_done_=986500 config.nstreams=1000000 avg_latency=0.5530 ms avg throuhgput (requests/sec) = 1029.2795 res=false
*==== INFO ====*  stream_id=3947996 latency=0.688257 ms (tx_ts=85706128283733, rx_ts=85706128971990) request_id=7581787 zil_blk_id=3947996 ccf_commit_seqno=7581788 nstreams_done_=987000 config.nstreams=1000000 avg_latency=0.5530 ms avg throuhgput (requests/sec) = 1029.2680 res=false
*==== INFO ====*  stream_id=3949996 latency=0.473685 ms (tx_ts=85706593565657, rx_ts=85706594039342) request_id=7584485 zil_blk_id=3949996 ccf_commit_seqno=7584485 nstreams_done_=987500 config.nstreams=1000000 avg_latency=0.5530 ms avg throuhgput (requests/sec) = 1029.2902 res=false
*==== INFO ====*  stream_id=3951996 latency=0.565308 ms (tx_ts=85707083673419, rx_ts=85707084238727) request_id=7587364 zil_blk_id=3951996 ccf_commit_seqno=7587364 nstreams_done_=988000 config.nstreams=1000000 avg_latency=0.5530 ms avg throuhgput (requests/sec) = 1029.2855 res=false
*==== INFO ====*  stream_id=3953996 latency=0.511658 ms (tx_ts=85707555706636, rx_ts=85707556218294) request_id=7590129 zil_blk_id=3953996 ccf_commit_seqno=7590129 nstreams_done_=988500 config.nstreams=1000000 avg_latency=0.5530 ms avg throuhgput (requests/sec) = 1029.3003 res=false
*==== INFO ====*  stream_id=3955996 latency=0.523159 ms (tx_ts=85708030232260, rx_ts=85708030755419) request_id=7592907 zil_blk_id=3955996 ccf_commit_seqno=7592907 nstreams_done_=989000 config.nstreams=1000000 avg_latency=0.5530 ms avg throuhgput (requests/sec) = 1029.3123 res=false
*==== INFO ====*  stream_id=3957996 latency=0.530453 ms (tx_ts=85708480367724, rx_ts=85708480898177) request_id=7595605 zil_blk_id=3957996 ccf_commit_seqno=7595605 nstreams_done_=989500 config.nstreams=1000000 avg_latency=0.5530 ms avg throuhgput (requests/sec) = 1029.3504 res=false
*==== INFO ====*  stream_id=3959996 latency=0.497741 ms (tx_ts=85708949108461, rx_ts=85708949606202) request_id=7598334 zil_blk_id=3959996 ccf_commit_seqno=7598334 nstreams_done_=990000 config.nstreams=1000000 avg_latency=0.5530 ms avg throuhgput (requests/sec) = 1029.3687 res=false
*==== INFO ====*  stream_id=3961996 latency=0.609450 ms (tx_ts=85709438202514, rx_ts=85709438811964) request_id=7601099 zil_blk_id=3961996 ccf_commit_seqno=7601099 nstreams_done_=990500 config.nstreams=1000000 avg_latency=0.5530 ms avg throuhgput (requests/sec) = 1029.3650 res=false
*==== INFO ====*  stream_id=3963996 latency=0.534228 ms (tx_ts=85709907548688, rx_ts=85709908082916) request_id=7603778 zil_blk_id=3963996 ccf_commit_seqno=7603778 nstreams_done_=991000 config.nstreams=1000000 avg_latency=0.5529 ms avg throuhgput (requests/sec) = 1029.3826 res=false
*==== INFO ====*  stream_id=3965996 latency=0.525373 ms (tx_ts=85710371223449, rx_ts=85710371748822) request_id=7606516 zil_blk_id=3965996 ccf_commit_seqno=7606516 nstreams_done_=991500 config.nstreams=1000000 avg_latency=0.5529 ms avg throuhgput (requests/sec) = 1029.4061 res=false
*==== INFO ====*  stream_id=3967996 latency=0.527266 ms (tx_ts=85710841866835, rx_ts=85710842394101) request_id=7609266 zil_blk_id=3967996 ccf_commit_seqno=7609266 nstreams_done_=992000 config.nstreams=1000000 avg_latency=0.5529 ms avg throuhgput (requests/sec) = 1029.4222 res=false
*==== INFO ====*  stream_id=3969996 latency=0.534580 ms (tx_ts=85711327731439, rx_ts=85711328266019) request_id=7612110 zil_blk_id=3969996 ccf_commit_seqno=7612110 nstreams_done_=992500 config.nstreams=1000000 avg_latency=0.5529 ms avg throuhgput (requests/sec) = 1029.4221 res=false
*==== INFO ====*  stream_id=3971996 latency=0.670724 ms (tx_ts=85711834485038, rx_ts=85711835155762) request_id=7615025 zil_blk_id=3971996 ccf_commit_seqno=7615026 nstreams_done_=993000 config.nstreams=1000000 avg_latency=0.5529 ms avg throuhgput (requests/sec) = 1029.3995 res=false
*==== INFO ====*  stream_id=3973996 latency=0.481099 ms (tx_ts=85712328237334, rx_ts=85712328718433) request_id=7617916 zil_blk_id=3973996 ccf_commit_seqno=7617916 nstreams_done_=993500 config.nstreams=1000000 avg_latency=0.5529 ms avg throuhgput (requests/sec) = 1029.3911 res=false
*==== INFO ====*  stream_id=3975996 latency=0.669732 ms (tx_ts=85712809071804, rx_ts=85712809741536) request_id=7620644 zil_blk_id=3975996 ccf_commit_seqno=7620644 nstreams_done_=994000 config.nstreams=1000000 avg_latency=0.5529 ms avg throuhgput (requests/sec) = 1029.3961 res=false
*==== INFO ====*  stream_id=3977996 latency=0.529410 ms (tx_ts=85713286700822, rx_ts=85713287230232) request_id=7622905 zil_blk_id=3977996 ccf_commit_seqno=7622906 nstreams_done_=994500 config.nstreams=1000000 avg_latency=0.5529 ms avg throuhgput (requests/sec) = 1029.4049 res=false
*==== INFO ====*  stream_id=3979996 latency=0.505174 ms (tx_ts=85713791072494, rx_ts=85713791577668) request_id=7625218 zil_blk_id=3979996 ccf_commit_seqno=7625218 nstreams_done_=995000 config.nstreams=1000000 avg_latency=0.5529 ms avg throuhgput (requests/sec) = 1029.3850 res=false
*==== INFO ====*  stream_id=3981996 latency=0.694489 ms (tx_ts=85714301423769, rx_ts=85714302118258) request_id=7627554 zil_blk_id=3981996 ccf_commit_seqno=7627554 nstreams_done_=995500 config.nstreams=1000000 avg_latency=0.5529 ms avg throuhgput (requests/sec) = 1029.3586 res=false
*==== INFO ====*  stream_id=3983996 latency=0.507539 ms (tx_ts=85714831130533, rx_ts=85714831638072) request_id=7629920 zil_blk_id=3983996 ccf_commit_seqno=7629920 nstreams_done_=996000 config.nstreams=1000000 avg_latency=0.5529 ms avg throuhgput (requests/sec) = 1029.3121 res=false
*==== INFO ====*  stream_id=3985996 latency=0.532495 ms (tx_ts=85715333999537, rx_ts=85715334532032) request_id=7632226 zil_blk_id=3985996 ccf_commit_seqno=7632227 nstreams_done_=996500 config.nstreams=1000000 avg_latency=0.5529 ms avg throuhgput (requests/sec) = 1029.2938 res=false
*==== INFO ====*  stream_id=3987996 latency=0.476992 ms (tx_ts=85715859939207, rx_ts=85715860416199) request_id=7634595 zil_blk_id=3987996 ccf_commit_seqno=7634595 nstreams_done_=997000 config.nstreams=1000000 avg_latency=0.5529 ms avg throuhgput (requests/sec) = 1029.2512 res=false
*==== INFO ====*  stream_id=3989996 latency=0.540672 ms (tx_ts=85716380855845, rx_ts=85716381396517) request_id=7636954 zil_blk_id=3989996 ccf_commit_seqno=7636954 nstreams_done_=997500 config.nstreams=1000000 avg_latency=0.5529 ms avg throuhgput (requests/sec) = 1029.2138 res=false
*==== INFO ====*  stream_id=3991996 latency=0.521917 ms (tx_ts=85716911778920, rx_ts=85716912300837) request_id=7639316 zil_blk_id=3991996 ccf_commit_seqno=7639316 nstreams_done_=998000 config.nstreams=1000000 avg_latency=0.5529 ms avg throuhgput (requests/sec) = 1029.1660 res=false
*==== INFO ====*  stream_id=3993996 latency=0.484797 ms (tx_ts=85717431511192, rx_ts=85717431995989) request_id=7641670 zil_blk_id=3993996 ccf_commit_seqno=7641670 nstreams_done_=998500 config.nstreams=1000000 avg_latency=0.5529 ms avg throuhgput (requests/sec) = 1029.1301 res=false
*==== INFO ====*  stream_id=3995996 latency=0.468677 ms (tx_ts=85717952656997, rx_ts=85717953125674) request_id=7644067 zil_blk_id=3995996 ccf_commit_seqno=7644067 nstreams_done_=999000 config.nstreams=1000000 avg_latency=0.5529 ms avg throuhgput (requests/sec) = 1029.0927 res=false
*==== INFO ====*  stream_id=3997996 latency=0.479226 ms (tx_ts=85718438327441, rx_ts=85718438806667) request_id=7646389 zil_blk_id=3997996 ccf_commit_seqno=7646389 nstreams_done_=999500 config.nstreams=1000000 avg_latency=0.5529 ms avg throuhgput (requests/sec) = 1029.0929 res=false
*==== INFO ====* http_end_stream ALL streams done! nstreams_done_=1000000 avg_latency=0.5528 ms
*==== INFO ====*  stream_id=3999996 latency=0.481681 ms (tx_ts=85718929460079, rx_ts=85718929941760) request_id=7648729 zil_blk_id=3999996 ccf_commit_seqno=7648729 nstreams_done_=1000000 config.nstreams=1000000 avg_latency=0.5528 ms avg throuhgput (requests/sec) = 1029.0873 res=false
