Uniform: 242 1377 1666 92 251 
Exponential: -2147483648 -2147483648 -2147483648 -2147483648 -2147483648 
Truncated Normal: 807 561 861 112 1567 
*==== INFO ====*  stream_id=1996 latency=0.564235 ms (tx_ts=86354279207817, rx_ts=86354279772052) request_id=8110 zil_blk_id=1996 ccf_commit_seqno=8110 nstreams_done_=500 config.nstreams=400000 avg_latency=0.7563 ms avg throuhgput (requests/sec) = 746.6322 res=false
*==== INFO ====*  stream_id=3996 latency=0.564005 ms (tx_ts=86354947561702, rx_ts=86354948125707) request_id=16466 zil_blk_id=3996 ccf_commit_seqno=16466 nstreams_done_=1000 config.nstreams=400000 avg_latency=0.7535 ms avg throuhgput (requests/sec) = 747.3688 res=false
*==== INFO ====*  stream_id=5996 latency=0.595464 ms (tx_ts=86355593041129, rx_ts=86355593636593) request_id=24773 zil_blk_id=5996 ccf_commit_seqno=24774 nstreams_done_=1500 config.nstreams=400000 avg_latency=0.7381 ms avg throuhgput (requests/sec) = 756.2244 res=false
*==== INFO ====*  stream_id=7996 latency=0.565017 ms (tx_ts=86356306717024, rx_ts=86356307282041) request_id=33529 zil_blk_id=7996 ccf_commit_seqno=33529 nstreams_done_=2000 config.nstreams=400000 avg_latency=0.7556 ms avg throuhgput (requests/sec) = 741.5142 res=false
*==== INFO ====*  stream_id=9996 latency=0.761215 ms (tx_ts=86356979959905, rx_ts=86356980721120) request_id=41766 zil_blk_id=9996 ccf_commit_seqno=41769 nstreams_done_=2500 config.nstreams=400000 avg_latency=0.7593 ms avg throuhgput (requests/sec) = 741.7027 res=false
*==== INFO ====*  stream_id=11996 latency=0.603679 ms (tx_ts=86357609898562, rx_ts=86357610502241) request_id=49921 zil_blk_id=11996 ccf_commit_seqno=49922 nstreams_done_=3000 config.nstreams=400000 avg_latency=0.7471 ms avg throuhgput (requests/sec) = 749.9243 res=false
*==== INFO ====*  stream_id=13996 latency=0.710269 ms (tx_ts=86358233064208, rx_ts=86358233774477) request_id=58191 zil_blk_id=13996 ccf_commit_seqno=58193 nstreams_done_=3500 config.nstreams=400000 avg_latency=0.7363 ms avg throuhgput (requests/sec) = 756.9734 res=false
*==== INFO ====*  stream_id=15996 latency=0.556721 ms (tx_ts=86358869582681, rx_ts=86358870139402) request_id=67099 zil_blk_id=15996 ccf_commit_seqno=67099 nstreams_done_=4000 config.nstreams=400000 avg_latency=0.7325 ms avg throuhgput (requests/sec) = 760.4503 res=false
*==== INFO ====*  stream_id=17996 latency=0.904853 ms (tx_ts=86359517544569, rx_ts=86359518449422) request_id=77160 zil_blk_id=17996 ccf_commit_seqno=77168 nstreams_done_=4500 config.nstreams=400000 avg_latency=0.7322 ms avg throuhgput (requests/sec) = 761.6338 res=false
*==== INFO ====*  stream_id=19996 latency=0.607416 ms (tx_ts=86360171381171, rx_ts=86360171988587) request_id=87161 zil_blk_id=19996 ccf_commit_seqno=87162 nstreams_done_=5000 config.nstreams=400000 avg_latency=0.7339 ms avg throuhgput (requests/sec) = 761.9756 res=false
*==== INFO ====*  stream_id=21996 latency=0.775521 ms (tx_ts=86360794650182, rx_ts=86360795425703) request_id=96836 zil_blk_id=21996 ccf_commit_seqno=96839 nstreams_done_=5500 config.nstreams=400000 avg_latency=0.7346 ms avg throuhgput (requests/sec) = 765.4488 res=false
*==== INFO ====*  stream_id=23996 latency=0.624916 ms (tx_ts=86361407473658, rx_ts=86361408098574) request_id=106502 zil_blk_id=23996 ccf_commit_seqno=106505 nstreams_done_=6000 config.nstreams=400000 avg_latency=0.7330 ms avg throuhgput (requests/sec) = 769.4280 res=false
*==== INFO ====*  stream_id=25996 latency=0.582780 ms (tx_ts=86362067060428, rx_ts=86362067643208) request_id=116545 zil_blk_id=25996 ccf_commit_seqno=116545 nstreams_done_=6500 config.nstreams=400000 avg_latency=0.7347 ms avg throuhgput (requests/sec) = 768.5445 res=false
*==== INFO ====*  stream_id=27996 latency=0.751496 ms (tx_ts=86362719343419, rx_ts=86362720094915) request_id=126550 zil_blk_id=27996 ccf_commit_seqno=126552 nstreams_done_=7000 config.nstreams=400000 avg_latency=0.7344 ms avg throuhgput (requests/sec) = 768.3867 res=false
*==== INFO ====*  stream_id=29996 latency=0.952752 ms (tx_ts=86363373095548, rx_ts=86363374048300) request_id=136320 zil_blk_id=29996 ccf_commit_seqno=136320 nstreams_done_=7500 config.nstreams=400000 avg_latency=0.7347 ms avg throuhgput (requests/sec) = 768.1317 res=false
*==== INFO ====*  stream_id=31996 latency=0.535802 ms (tx_ts=86364002298824, rx_ts=86364002834626) request_id=146178 zil_blk_id=31996 ccf_commit_seqno=146178 nstreams_done_=8000 config.nstreams=400000 avg_latency=0.7325 ms avg throuhgput (requests/sec) = 769.7684 res=false
*==== INFO ====*  stream_id=33996 latency=0.650928 ms (tx_ts=86364659397591, rx_ts=86364660048519) request_id=156335 zil_blk_id=33996 ccf_commit_seqno=156335 nstreams_done_=8500 config.nstreams=400000 avg_latency=0.7333 ms avg throuhgput (requests/sec) = 769.2342 res=false
*==== INFO ====*  stream_id=35996 latency=0.678670 ms (tx_ts=86365337083953, rx_ts=86365337762623) request_id=166319 zil_blk_id=35996 ccf_commit_seqno=166320 nstreams_done_=9000 config.nstreams=400000 avg_latency=0.7367 ms avg throuhgput (requests/sec) = 767.4162 res=false
*==== INFO ====*  stream_id=37996 latency=0.624108 ms (tx_ts=86366011535892, rx_ts=86366012160000) request_id=176331 zil_blk_id=37996 ccf_commit_seqno=176331 nstreams_done_=9500 config.nstreams=400000 avg_latency=0.7384 ms avg throuhgput (requests/sec) = 766.0017 res=false
*==== INFO ====*  stream_id=39996 latency=0.626322 ms (tx_ts=86366657317247, rx_ts=86366657943569) request_id=186055 zil_blk_id=39996 ccf_commit_seqno=186056 nstreams_done_=10000 config.nstreams=400000 avg_latency=0.7384 ms avg throuhgput (requests/sec) = 766.4101 res=false
*==== INFO ====*  stream_id=41996 latency=0.984372 ms (tx_ts=86367288619956, rx_ts=86367289604328) request_id=195794 zil_blk_id=41996 ccf_commit_seqno=195798 nstreams_done_=10500 config.nstreams=400000 avg_latency=0.7387 ms avg throuhgput (requests/sec) = 767.5716 res=false
*==== INFO ====*  stream_id=43996 latency=0.661531 ms (tx_ts=86367910470465, rx_ts=86367911131996) request_id=205407 zil_blk_id=43996 ccf_commit_seqno=205407 nstreams_done_=11000 config.nstreams=400000 avg_latency=0.7380 ms avg throuhgput (requests/sec) = 769.1752 res=false
*==== INFO ====*  stream_id=45996 latency=0.634794 ms (tx_ts=86368535703729, rx_ts=86368536338523) request_id=215048 zil_blk_id=45996 ccf_commit_seqno=215048 nstreams_done_=11500 config.nstreams=400000 avg_latency=0.7388 ms avg throuhgput (requests/sec) = 770.4552 res=false
*==== INFO ====*  stream_id=47996 latency=0.518399 ms (tx_ts=86369198976537, rx_ts=86369199494936) request_id=224523 zil_blk_id=47996 ccf_commit_seqno=224523 nstreams_done_=12000 config.nstreams=400000 avg_latency=0.7432 ms avg throuhgput (requests/sec) = 769.7540 res=false
*==== INFO ====*  stream_id=49996 latency=1.102843 ms (tx_ts=86369816216410, rx_ts=86369817319253) request_id=234075 zil_blk_id=49996 ccf_commit_seqno=234081 nstreams_done_=12500 config.nstreams=400000 avg_latency=0.7427 ms avg throuhgput (requests/sec) = 771.2612 res=false
*==== INFO ====*  stream_id=51996 latency=0.631571 ms (tx_ts=86370436588297, rx_ts=86370437219868) request_id=243663 zil_blk_id=51996 ccf_commit_seqno=243664 nstreams_done_=13000 config.nstreams=400000 avg_latency=0.7419 ms avg throuhgput (requests/sec) = 772.5623 res=false
*==== INFO ====*  stream_id=53996 latency=0.565508 ms (tx_ts=86371051433781, rx_ts=86371051999289) request_id=253203 zil_blk_id=53996 ccf_commit_seqno=253203 nstreams_done_=13500 config.nstreams=400000 avg_latency=0.7407 ms avg throuhgput (requests/sec) = 773.9982 res=false
*==== INFO ====*  stream_id=55996 latency=0.591537 ms (tx_ts=86371703254797, rx_ts=86371703846334) request_id=263011 zil_blk_id=55996 ccf_commit_seqno=263013 nstreams_done_=14000 config.nstreams=400000 avg_latency=0.7403 ms avg throuhgput (requests/sec) = 773.7479 res=false
*==== INFO ====*  stream_id=57996 latency=0.678570 ms (tx_ts=86372365736472, rx_ts=86372366415042) request_id=273051 zil_blk_id=57996 ccf_commit_seqno=273052 nstreams_done_=14500 config.nstreams=400000 avg_latency=0.7406 ms avg throuhgput (requests/sec) = 773.0729 res=false
*==== INFO ====*  stream_id=59996 latency=0.546172 ms (tx_ts=86373066660127, rx_ts=86373067206299) request_id=283434 zil_blk_id=59996 ccf_commit_seqno=283434 nstreams_done_=15000 config.nstreams=400000 avg_latency=0.7431 ms avg throuhgput (requests/sec) = 770.9265 res=false
*==== INFO ====*  stream_id=61996 latency=0.614460 ms (tx_ts=86373756962432, rx_ts=86373757576892) request_id=293681 zil_blk_id=61996 ccf_commit_seqno=293681 nstreams_done_=15500 config.nstreams=400000 avg_latency=0.7445 ms avg throuhgput (requests/sec) = 769.3270 res=false
*==== INFO ====*  stream_id=63996 latency=0.524911 ms (tx_ts=86374413590348, rx_ts=86374414115259) request_id=303549 zil_blk_id=63996 ccf_commit_seqno=303549 nstreams_done_=16000 config.nstreams=400000 avg_latency=0.7450 ms avg throuhgput (requests/sec) = 769.0822 res=false
*==== INFO ====*  stream_id=65996 latency=0.578402 ms (tx_ts=86375053079083, rx_ts=86375053657485) request_id=313332 zil_blk_id=65996 ccf_commit_seqno=313332 nstreams_done_=16500 config.nstreams=400000 avg_latency=0.7445 ms avg throuhgput (requests/sec) = 769.4618 res=false
*==== INFO ====*  stream_id=67996 latency=0.589172 ms (tx_ts=86375716477507, rx_ts=86375717066679) request_id=323313 zil_blk_id=67996 ccf_commit_seqno=323313 nstreams_done_=17000 config.nstreams=400000 avg_latency=0.7451 ms avg throuhgput (requests/sec) = 768.9883 res=false
*==== INFO ====*  stream_id=69996 latency=0.739514 ms (tx_ts=86376343623825, rx_ts=86376344363339) request_id=333063 zil_blk_id=69996 ccf_commit_seqno=333066 nstreams_done_=17500 config.nstreams=400000 avg_latency=0.7444 ms avg throuhgput (requests/sec) = 769.7632 res=false
*==== INFO ====*  stream_id=71996 latency=0.633926 ms (tx_ts=86376970348329, rx_ts=86376970982255) request_id=342929 zil_blk_id=71996 ccf_commit_seqno=342929 nstreams_done_=18000 config.nstreams=400000 avg_latency=0.7432 ms avg throuhgput (requests/sec) = 770.5188 res=false
*==== INFO ====*  stream_id=73996 latency=0.600464 ms (tx_ts=86377608257738, rx_ts=86377608858202) request_id=352771 zil_blk_id=73996 ccf_commit_seqno=352771 nstreams_done_=18500 config.nstreams=400000 avg_latency=0.7430 ms avg throuhgput (requests/sec) = 770.8732 res=false
*==== INFO ====*  stream_id=75996 latency=0.894954 ms (tx_ts=86378267697465, rx_ts=86378268592419) request_id=362632 zil_blk_id=75996 ccf_commit_seqno=362634 nstreams_done_=19000 config.nstreams=400000 avg_latency=0.7430 ms avg throuhgput (requests/sec) = 770.5256 res=false
*==== INFO ====*  stream_id=77996 latency=0.637332 ms (tx_ts=86378879313739, rx_ts=86378879951071) request_id=372016 zil_blk_id=77996 ccf_commit_seqno=372016 nstreams_done_=19500 config.nstreams=400000 avg_latency=0.7421 ms avg throuhgput (requests/sec) = 771.6705 res=false
*==== INFO ====*  stream_id=79996 latency=0.792783 ms (tx_ts=86379530846323, rx_ts=86379531639106) request_id=382078 zil_blk_id=79996 ccf_commit_seqno=382078 nstreams_done_=20000 config.nstreams=400000 avg_latency=0.7424 ms avg throuhgput (requests/sec) = 771.5591 res=false
*==== INFO ====*  stream_id=81996 latency=0.949998 ms (tx_ts=86380194600954, rx_ts=86380195550952) request_id=392241 zil_blk_id=81996 ccf_commit_seqno=392241 nstreams_done_=20500 config.nstreams=400000 avg_latency=0.7424 ms avg throuhgput (requests/sec) = 771.0984 res=false
*==== INFO ====*  stream_id=83996 latency=0.695091 ms (tx_ts=86380836598886, rx_ts=86380837293977) request_id=402027 zil_blk_id=83996 ccf_commit_seqno=402030 nstreams_done_=21000 config.nstreams=400000 avg_latency=0.7422 ms avg throuhgput (requests/sec) = 771.2877 res=false
*==== INFO ====*  stream_id=85996 latency=0.681495 ms (tx_ts=86381468920213, rx_ts=86381469601708) request_id=412004 zil_blk_id=85996 ccf_commit_seqno=412006 nstreams_done_=21500 config.nstreams=400000 avg_latency=0.7413 ms avg throuhgput (requests/sec) = 771.7295 res=false
*==== INFO ====*  stream_id=87996 latency=0.859979 ms (tx_ts=86382123746593, rx_ts=86382124606572) request_id=422068 zil_blk_id=87996 ccf_commit_seqno=422073 nstreams_done_=22000 config.nstreams=400000 avg_latency=0.7416 ms avg throuhgput (requests/sec) = 771.5371 res=false
*==== INFO ====*  stream_id=89996 latency=0.693097 ms (tx_ts=86382767670359, rx_ts=86382768363456) request_id=432195 zil_blk_id=89996 ccf_commit_seqno=432199 nstreams_done_=22500 config.nstreams=400000 avg_latency=0.7408 ms avg throuhgput (requests/sec) = 771.6508 res=false
*==== INFO ====*  stream_id=91996 latency=0.624509 ms (tx_ts=86383480113687, rx_ts=86383480738196) request_id=442542 zil_blk_id=91996 ccf_commit_seqno=442543 nstreams_done_=23000 config.nstreams=400000 avg_latency=0.7425 ms avg throuhgput (requests/sec) = 769.9869 res=false
*==== INFO ====*  stream_id=93996 latency=0.635399 ms (tx_ts=86384141452596, rx_ts=86384142087995) request_id=452408 zil_blk_id=93996 ccf_commit_seqno=452410 nstreams_done_=23500 config.nstreams=400000 avg_latency=0.7423 ms avg throuhgput (requests/sec) = 769.6845 res=false
*==== INFO ====*  stream_id=95996 latency=0.733644 ms (tx_ts=86384789776287, rx_ts=86384790509931) request_id=462404 zil_blk_id=95996 ccf_commit_seqno=462406 nstreams_done_=24000 config.nstreams=400000 avg_latency=0.7419 ms avg throuhgput (requests/sec) = 769.7140 res=false
*==== INFO ====*  stream_id=97996 latency=0.913240 ms (tx_ts=86385442993245, rx_ts=86385443906485) request_id=472357 zil_blk_id=97996 ccf_commit_seqno=472358 nstreams_done_=24500 config.nstreams=400000 avg_latency=0.7421 ms avg throuhgput (requests/sec) = 769.6220 res=false
*==== INFO ====*  stream_id=99996 latency=0.578263 ms (tx_ts=86386270062219, rx_ts=86386270640482) request_id=483400 zil_blk_id=99996 ccf_commit_seqno=483400 nstreams_done_=25000 config.nstreams=400000 avg_latency=0.7441 ms avg throuhgput (requests/sec) = 765.4496 res=false
*==== INFO ====*  stream_id=101996 latency=0.730738 ms (tx_ts=86386922302725, rx_ts=86386923033463) request_id=493358 zil_blk_id=101996 ccf_commit_seqno=493361 nstreams_done_=25500 config.nstreams=400000 avg_latency=0.7441 ms avg throuhgput (requests/sec) = 765.4684 res=false
*==== INFO ====*  stream_id=103996 latency=1.268655 ms (tx_ts=86387602503834, rx_ts=86387603772489) request_id=503613 zil_blk_id=103996 ccf_commit_seqno=503622 nstreams_done_=26000 config.nstreams=400000 avg_latency=0.7448 ms avg throuhgput (requests/sec) = 764.8482 res=false
*==== INFO ====*  stream_id=105996 latency=0.728845 ms (tx_ts=86388257184428, rx_ts=86388257913273) request_id=513706 zil_blk_id=105996 ccf_commit_seqno=513709 nstreams_done_=26500 config.nstreams=400000 avg_latency=0.7448 ms avg throuhgput (requests/sec) = 764.8390 res=false
*==== INFO ====*  stream_id=107996 latency=0.637353 ms (tx_ts=86388952301687, rx_ts=86388952939040) request_id=524090 zil_blk_id=107996 ccf_commit_seqno=524091 nstreams_done_=27000 config.nstreams=400000 avg_latency=0.7455 ms avg throuhgput (requests/sec) = 763.9454 res=false
*==== INFO ====*  stream_id=109996 latency=0.633175 ms (tx_ts=86389616412659, rx_ts=86389617045834) request_id=534164 zil_blk_id=109996 ccf_commit_seqno=534164 nstreams_done_=27500 config.nstreams=400000 avg_latency=0.7456 ms avg throuhgput (requests/sec) = 763.7415 res=false
*==== INFO ====*  stream_id=111996 latency=0.573798 ms (tx_ts=86390256903255, rx_ts=86390257477053) request_id=543759 zil_blk_id=111996 ccf_commit_seqno=543759 nstreams_done_=28000 config.nstreams=400000 avg_latency=0.7460 ms avg throuhgput (requests/sec) = 764.0383 res=false
*==== INFO ====*  stream_id=113996 latency=0.777896 ms (tx_ts=86390925364660, rx_ts=86390926142556) request_id=553832 zil_blk_id=113996 ccf_commit_seqno=553835 nstreams_done_=28500 config.nstreams=400000 avg_latency=0.7461 ms avg throuhgput (requests/sec) = 763.7465 res=false
*==== INFO ====*  stream_id=115996 latency=0.593781 ms (tx_ts=86391542994453, rx_ts=86391543588234) request_id=563813 zil_blk_id=115996 ccf_commit_seqno=563813 nstreams_done_=29000 config.nstreams=400000 avg_latency=0.7449 ms avg throuhgput (requests/sec) = 764.4960 res=false
*==== INFO ====*  stream_id=117996 latency=0.660246 ms (tx_ts=86392207396540, rx_ts=86392208056786) request_id=573906 zil_blk_id=117996 ccf_commit_seqno=573907 nstreams_done_=29500 config.nstreams=400000 avg_latency=0.7452 ms avg throuhgput (requests/sec) = 764.2891 res=false
*==== INFO ====*  stream_id=119996 latency=0.780450 ms (tx_ts=86392856019776, rx_ts=86392856800226) request_id=583852 zil_blk_id=119996 ccf_commit_seqno=583853 nstreams_done_=30000 config.nstreams=400000 avg_latency=0.7446 ms avg throuhgput (requests/sec) = 764.3954 res=false
*==== INFO ====*  stream_id=121996 latency=1.010951 ms (tx_ts=86393508844651, rx_ts=86393509855602) request_id=594168 zil_blk_id=121996 ccf_commit_seqno=594175 nstreams_done_=30500 config.nstreams=400000 avg_latency=0.7438 ms avg throuhgput (requests/sec) = 764.4157 res=false
*==== INFO ====*  stream_id=123996 latency=1.053411 ms (tx_ts=86394155627320, rx_ts=86394156680731) request_id=604218 zil_blk_id=123996 ccf_commit_seqno=604220 nstreams_done_=31000 config.nstreams=400000 avg_latency=0.7432 ms avg throuhgput (requests/sec) = 764.5527 res=false
*==== INFO ====*  stream_id=125996 latency=0.674991 ms (tx_ts=86394792138998, rx_ts=86394792813989) request_id=614328 zil_blk_id=125996 ccf_commit_seqno=614329 nstreams_done_=31500 config.nstreams=400000 avg_latency=0.7423 ms avg throuhgput (requests/sec) = 764.8840 res=false
*==== INFO ====*  stream_id=127996 latency=0.637894 ms (tx_ts=86395424207120, rx_ts=86395424845014) request_id=624521 zil_blk_id=127996 ccf_commit_seqno=624521 nstreams_done_=32000 config.nstreams=400000 avg_latency=0.7418 ms avg throuhgput (requests/sec) = 765.2803 res=false
*==== INFO ====*  stream_id=129996 latency=0.593170 ms (tx_ts=86396056721465, rx_ts=86396057314635) request_id=634591 zil_blk_id=129996 ccf_commit_seqno=634591 nstreams_done_=32500 config.nstreams=400000 avg_latency=0.7411 ms avg throuhgput (requests/sec) = 765.6568 res=false
*==== INFO ====*  stream_id=131996 latency=0.767937 ms (tx_ts=86396694708632, rx_ts=86396695476569) request_id=644648 zil_blk_id=131996 ccf_commit_seqno=644649 nstreams_done_=33000 config.nstreams=400000 avg_latency=0.7406 ms avg throuhgput (requests/sec) = 765.9211 res=false
*==== INFO ====*  stream_id=133996 latency=0.619319 ms (tx_ts=86397345575573, rx_ts=86397346194892) request_id=654554 zil_blk_id=133996 ccf_commit_seqno=654555 nstreams_done_=33500 config.nstreams=400000 avg_latency=0.7410 ms avg throuhgput (requests/sec) = 765.9577 res=false
*==== INFO ====*  stream_id=135996 latency=0.514052 ms (tx_ts=86397985630694, rx_ts=86397986144746) request_id=664443 zil_blk_id=135996 ccf_commit_seqno=664443 nstreams_done_=34000 config.nstreams=400000 avg_latency=0.7408 ms avg throuhgput (requests/sec) = 766.1791 res=false
*==== INFO ====*  stream_id=137996 latency=0.685453 ms (tx_ts=86398646883748, rx_ts=86398647569201) request_id=674286 zil_blk_id=137996 ccf_commit_seqno=674289 nstreams_done_=34500 config.nstreams=400000 avg_latency=0.7415 ms avg throuhgput (requests/sec) = 766.0288 res=false
*==== INFO ====*  stream_id=139996 latency=0.855110 ms (tx_ts=86399271758164, rx_ts=86399272613274) request_id=684184 zil_blk_id=139996 ccf_commit_seqno=684186 nstreams_done_=35000 config.nstreams=400000 avg_latency=0.7410 ms avg throuhgput (requests/sec) = 766.4930 res=false
*==== INFO ====*  stream_id=141996 latency=0.644527 ms (tx_ts=86399923394806, rx_ts=86399924039333) request_id=694134 zil_blk_id=141996 ccf_commit_seqno=694135 nstreams_done_=35500 config.nstreams=400000 avg_latency=0.7408 ms avg throuhgput (requests/sec) = 766.5079 res=false
*==== INFO ====*  stream_id=143996 latency=0.846955 ms (tx_ts=86400592662690, rx_ts=86400593509645) request_id=704238 zil_blk_id=143996 ccf_commit_seqno=704243 nstreams_done_=36000 config.nstreams=400000 avg_latency=0.7411 ms avg throuhgput (requests/sec) = 766.2279 res=false
*==== INFO ====*  stream_id=145996 latency=0.580366 ms (tx_ts=86401248765958, rx_ts=86401249346324) request_id=714351 zil_blk_id=145996 ccf_commit_seqno=714351 nstreams_done_=36500 config.nstreams=400000 avg_latency=0.7414 ms avg throuhgput (requests/sec) = 766.1750 res=false
*==== INFO ====*  stream_id=147996 latency=0.699600 ms (tx_ts=86401866340902, rx_ts=86401867040502) request_id=724275 zil_blk_id=147996 ccf_commit_seqno=724275 nstreams_done_=37000 config.nstreams=400000 avg_latency=0.7408 ms avg throuhgput (requests/sec) = 766.7291 res=false
*==== INFO ====*  stream_id=149996 latency=0.681946 ms (tx_ts=86402515735152, rx_ts=86402516417098) request_id=734227 zil_blk_id=149996 ccf_commit_seqno=734228 nstreams_done_=37500 config.nstreams=400000 avg_latency=0.7409 ms avg throuhgput (requests/sec) = 766.7721 res=false
*==== INFO ====*  stream_id=151996 latency=0.566640 ms (tx_ts=86403210227405, rx_ts=86403210794045) request_id=744714 zil_blk_id=151996 ccf_commit_seqno=744714 nstreams_done_=38000 config.nstreams=400000 avg_latency=0.7412 ms avg throuhgput (requests/sec) = 766.1183 res=false
*==== INFO ====*  stream_id=153996 latency=0.696043 ms (tx_ts=86403868552265, rx_ts=86403869248308) request_id=754863 zil_blk_id=153996 ccf_commit_seqno=754865 nstreams_done_=38500 config.nstreams=400000 avg_latency=0.7413 ms avg throuhgput (requests/sec) = 766.0297 res=false
*==== INFO ====*  stream_id=155996 latency=0.597889 ms (tx_ts=86404508949568, rx_ts=86404509547457) request_id=765234 zil_blk_id=155996 ccf_commit_seqno=765234 nstreams_done_=39000 config.nstreams=400000 avg_latency=0.7406 ms avg throuhgput (requests/sec) = 766.2165 res=false
*==== INFO ====*  stream_id=157996 latency=0.707868 ms (tx_ts=86405145248747, rx_ts=86405145956615) request_id=775020 zil_blk_id=157996 ccf_commit_seqno=775023 nstreams_done_=39500 config.nstreams=400000 avg_latency=0.7407 ms avg throuhgput (requests/sec) = 766.4566 res=false
*==== INFO ====*  stream_id=159996 latency=0.616294 ms (tx_ts=86405797975430, rx_ts=86405798591724) request_id=785139 zil_blk_id=159996 ccf_commit_seqno=785139 nstreams_done_=40000 config.nstreams=400000 avg_latency=0.7407 ms avg throuhgput (requests/sec) = 766.4525 res=false
*==== INFO ====*  stream_id=161996 latency=0.689700 ms (tx_ts=86406429786402, rx_ts=86406430476102) request_id=795015 zil_blk_id=161996 ccf_commit_seqno=795017 nstreams_done_=40500 config.nstreams=400000 avg_latency=0.7403 ms avg throuhgput (requests/sec) = 766.7495 res=false
*==== INFO ====*  stream_id=163996 latency=0.723173 ms (tx_ts=86407094953013, rx_ts=86407095676186) request_id=805013 zil_blk_id=163996 ccf_commit_seqno=805015 nstreams_done_=41000 config.nstreams=400000 avg_latency=0.7408 ms avg throuhgput (requests/sec) = 766.5618 res=false
*==== INFO ====*  stream_id=165996 latency=0.672798 ms (tx_ts=86407754653989, rx_ts=86407755326787) request_id=815322 zil_blk_id=165996 ccf_commit_seqno=815323 nstreams_done_=41500 config.nstreams=400000 avg_latency=0.7406 ms avg throuhgput (requests/sec) = 766.4572 res=false
*==== INFO ====*  stream_id=167996 latency=0.742559 ms (tx_ts=86408402814181, rx_ts=86408403556740) request_id=825644 zil_blk_id=167996 ccf_commit_seqno=825647 nstreams_done_=42000 config.nstreams=400000 avg_latency=0.7402 ms avg throuhgput (requests/sec) = 766.5149 res=false
*==== INFO ====*  stream_id=169996 latency=0.565287 ms (tx_ts=86409047032798, rx_ts=86409047598085) request_id=835627 zil_blk_id=169996 ccf_commit_seqno=835627 nstreams_done_=42500 config.nstreams=400000 avg_latency=0.7400 ms avg throuhgput (requests/sec) = 766.6291 res=false
*==== INFO ====*  stream_id=171996 latency=0.668511 ms (tx_ts=86409683523984, rx_ts=86409684192495) request_id=846031 zil_blk_id=171996 ccf_commit_seqno=846031 nstreams_done_=43000 config.nstreams=400000 avg_latency=0.7394 ms avg throuhgput (requests/sec) = 766.8425 res=false
*==== INFO ====*  stream_id=173996 latency=0.768127 ms (tx_ts=86410372093078, rx_ts=86410372861205) request_id=856496 zil_blk_id=173996 ccf_commit_seqno=856497 nstreams_done_=43500 config.nstreams=400000 avg_latency=0.7397 ms avg throuhgput (requests/sec) = 766.3475 res=false
*==== INFO ====*  stream_id=175996 latency=0.659654 ms (tx_ts=86411020867489, rx_ts=86411021527143) request_id=866724 zil_blk_id=175996 ccf_commit_seqno=866725 nstreams_done_=44000 config.nstreams=400000 avg_latency=0.7394 ms avg throuhgput (requests/sec) = 766.3979 res=false
*==== INFO ====*  stream_id=177996 latency=0.650597 ms (tx_ts=86411681535549, rx_ts=86411682186146) request_id=876605 zil_blk_id=177996 ccf_commit_seqno=876607 nstreams_done_=44500 config.nstreams=400000 avg_latency=0.7397 ms avg throuhgput (requests/sec) = 766.2890 res=false
*==== INFO ====*  stream_id=179996 latency=1.340597 ms (tx_ts=86412317273881, rx_ts=86412318614478) request_id=886528 zil_blk_id=179996 ccf_commit_seqno=886528 nstreams_done_=45000 config.nstreams=400000 avg_latency=0.7399 ms avg throuhgput (requests/sec) = 766.4987 res=false
*==== INFO ====*  stream_id=181996 latency=0.688036 ms (tx_ts=86412979175433, rx_ts=86412979863469) request_id=896878 zil_blk_id=181996 ccf_commit_seqno=896881 nstreams_done_=45500 config.nstreams=400000 avg_latency=0.7398 ms avg throuhgput (requests/sec) = 766.3834 res=false
*==== INFO ====*  stream_id=183996 latency=0.586557 ms (tx_ts=86413613625333, rx_ts=86413614211890) request_id=906812 zil_blk_id=183996 ccf_commit_seqno=906812 nstreams_done_=46000 config.nstreams=400000 avg_latency=0.7395 ms avg throuhgput (requests/sec) = 766.6141 res=false
*==== INFO ====*  stream_id=185996 latency=0.819072 ms (tx_ts=86414285713010, rx_ts=86414286532082) request_id=917056 zil_blk_id=185996 ccf_commit_seqno=917058 nstreams_done_=46500 config.nstreams=400000 avg_latency=0.7397 ms avg throuhgput (requests/sec) = 766.3601 res=false
*==== INFO ====*  stream_id=187996 latency=0.776900 ms (tx_ts=86414948700763, rx_ts=86414949477663) request_id=927062 zil_blk_id=187996 ccf_commit_seqno=927063 nstreams_done_=47000 config.nstreams=400000 avg_latency=0.7400 ms avg throuhgput (requests/sec) = 766.2288 res=false
*==== INFO ====*  stream_id=189996 latency=0.724342 ms (tx_ts=86415625295552, rx_ts=86415626019894) request_id=937294 zil_blk_id=189996 ccf_commit_seqno=937296 nstreams_done_=47500 config.nstreams=400000 avg_latency=0.7403 ms avg throuhgput (requests/sec) = 765.9323 res=false
*==== INFO ====*  stream_id=191996 latency=0.795856 ms (tx_ts=86416291734879, rx_ts=86416292530735) request_id=947738 zil_blk_id=191996 ccf_commit_seqno=947742 nstreams_done_=48000 config.nstreams=400000 avg_latency=0.7402 ms avg throuhgput (requests/sec) = 765.7648 res=false
*==== INFO ====*  stream_id=193996 latency=0.563925 ms (tx_ts=86416985626329, rx_ts=86416986190254) request_id=957909 zil_blk_id=193996 ccf_commit_seqno=957909 nstreams_done_=48500 config.nstreams=400000 avg_latency=0.7409 ms avg throuhgput (requests/sec) = 765.2728 res=false
*==== INFO ====*  stream_id=195996 latency=1.004179 ms (tx_ts=86417615848320, rx_ts=86417616852499) request_id=967775 zil_blk_id=195996 ccf_commit_seqno=967781 nstreams_done_=49000 config.nstreams=400000 avg_latency=0.7409 ms avg throuhgput (requests/sec) = 765.5442 res=false
*==== INFO ====*  stream_id=197996 latency=0.795188 ms (tx_ts=86418257804701, rx_ts=86418258599889) request_id=977481 zil_blk_id=197996 ccf_commit_seqno=977484 nstreams_done_=49500 config.nstreams=400000 avg_latency=0.7410 ms avg throuhgput (requests/sec) = 765.6790 res=false
*==== INFO ====*  stream_id=199996 latency=1.674804 ms (tx_ts=86418907906051, rx_ts=86418909580855) request_id=987538 zil_blk_id=199996 ccf_commit_seqno=987540 nstreams_done_=50000 config.nstreams=400000 avg_latency=0.7410 ms avg throuhgput (requests/sec) = 765.7029 res=false
*==== INFO ====*  stream_id=201996 latency=0.627795 ms (tx_ts=86419549858562, rx_ts=86419550486357) request_id=997577 zil_blk_id=201996 ccf_commit_seqno=997577 nstreams_done_=50500 config.nstreams=400000 avg_latency=0.7407 ms avg throuhgput (requests/sec) = 765.8432 res=false
*==== INFO ====*  stream_id=203996 latency=0.543207 ms (tx_ts=86420223113126, rx_ts=86420223656333) request_id=1007542 zil_blk_id=203996 ccf_commit_seqno=1007542 nstreams_done_=51000 config.nstreams=400000 avg_latency=0.7412 ms avg throuhgput (requests/sec) = 765.6099 res=false
*==== INFO ====*  stream_id=205996 latency=0.652601 ms (tx_ts=86420905789858, rx_ts=86420906442459) request_id=1017462 zil_blk_id=205996 ccf_commit_seqno=1017463 nstreams_done_=51500 config.nstreams=400000 avg_latency=0.7418 ms avg throuhgput (requests/sec) = 765.2719 res=false
*==== INFO ====*  stream_id=207996 latency=0.714537 ms (tx_ts=86421554096157, rx_ts=86421554810694) request_id=1027373 zil_blk_id=207996 ccf_commit_seqno=1027375 nstreams_done_=52000 config.nstreams=400000 avg_latency=0.7416 ms avg throuhgput (requests/sec) = 765.3281 res=false
*==== INFO ====*  stream_id=209996 latency=0.836646 ms (tx_ts=86422207930882, rx_ts=86422208767528) request_id=1037607 zil_blk_id=209996 ccf_commit_seqno=1037610 nstreams_done_=52500 config.nstreams=400000 avg_latency=0.7415 ms avg throuhgput (requests/sec) = 765.3210 res=false
*==== INFO ====*  stream_id=211996 latency=0.572509 ms (tx_ts=86422887129739, rx_ts=86422887702248) request_id=1048329 zil_blk_id=211996 ccf_commit_seqno=1048330 nstreams_done_=53000 config.nstreams=400000 avg_latency=0.7411 ms avg throuhgput (requests/sec) = 765.0380 res=false
*==== INFO ====*  stream_id=213996 latency=0.724574 ms (tx_ts=86423629728420, rx_ts=86423630452994) request_id=1059073 zil_blk_id=213996 ccf_commit_seqno=1059073 nstreams_done_=53500 config.nstreams=400000 avg_latency=0.7423 ms avg throuhgput (requests/sec) = 764.0635 res=false
*==== INFO ====*  stream_id=215996 latency=0.913006 ms (tx_ts=86424283720357, rx_ts=86424284633363) request_id=1068961 zil_blk_id=215996 ccf_commit_seqno=1068966 nstreams_done_=54000 config.nstreams=400000 avg_latency=0.7422 ms avg throuhgput (requests/sec) = 764.0659 res=false
*==== INFO ====*  stream_id=217996 latency=1.145112 ms (tx_ts=86424931846560, rx_ts=86424932991672) request_id=1078907 zil_blk_id=217996 ccf_commit_seqno=1078913 nstreams_done_=54500 config.nstreams=400000 avg_latency=0.7422 ms avg throuhgput (requests/sec) = 764.1305 res=false
*==== INFO ====*  stream_id=219996 latency=0.722592 ms (tx_ts=86425596026358, rx_ts=86425596748950) request_id=1089033 zil_blk_id=219996 ccf_commit_seqno=1089035 nstreams_done_=55000 config.nstreams=400000 avg_latency=0.7420 ms avg throuhgput (requests/sec) = 764.0305 res=false
*==== INFO ====*  stream_id=221996 latency=0.649295 ms (tx_ts=86426232446461, rx_ts=86426233095756) request_id=1099010 zil_blk_id=221996 ccf_commit_seqno=1099010 nstreams_done_=55500 config.nstreams=400000 avg_latency=0.7416 ms avg throuhgput (requests/sec) = 764.2207 res=false
*==== INFO ====*  stream_id=223996 latency=1.219892 ms (tx_ts=86426940827804, rx_ts=86426942047696) request_id=1109391 zil_blk_id=223996 ccf_commit_seqno=1109392 nstreams_done_=56000 config.nstreams=400000 avg_latency=0.7423 ms avg throuhgput (requests/sec) = 763.6508 res=false
*==== INFO ====*  stream_id=225996 latency=0.618778 ms (tx_ts=86427592958502, rx_ts=86427593577280) request_id=1119256 zil_blk_id=225996 ccf_commit_seqno=1119256 nstreams_done_=56500 config.nstreams=400000 avg_latency=0.7421 ms avg throuhgput (requests/sec) = 763.6840 res=false
*==== INFO ====*  stream_id=227996 latency=0.599992 ms (tx_ts=86428246457955, rx_ts=86428247057947) request_id=1129336 zil_blk_id=227996 ccf_commit_seqno=1129336 nstreams_done_=57000 config.nstreams=400000 avg_latency=0.7419 ms avg throuhgput (requests/sec) = 763.6967 res=false
*==== INFO ====*  stream_id=229996 latency=1.318867 ms (tx_ts=86428938609462, rx_ts=86428939928329) request_id=1139767 zil_blk_id=229996 ccf_commit_seqno=1139768 nstreams_done_=57500 config.nstreams=400000 avg_latency=0.7420 ms avg throuhgput (requests/sec) = 763.3098 res=false
*==== INFO ====*  stream_id=231996 latency=0.589422 ms (tx_ts=86429568934373, rx_ts=86429569523795) request_id=1149679 zil_blk_id=231996 ccf_commit_seqno=1149679 nstreams_done_=58000 config.nstreams=400000 avg_latency=0.7416 ms avg throuhgput (requests/sec) = 763.5655 res=false
*==== INFO ====*  stream_id=233996 latency=0.717903 ms (tx_ts=86430218610074, rx_ts=86430219327977) request_id=1159441 zil_blk_id=233996 ccf_commit_seqno=1159443 nstreams_done_=58500 config.nstreams=400000 avg_latency=0.7416 ms avg throuhgput (requests/sec) = 763.6156 res=false
*==== INFO ====*  stream_id=235996 latency=0.794827 ms (tx_ts=86430870033268, rx_ts=86430870828095) request_id=1169499 zil_blk_id=235996 ccf_commit_seqno=1169503 nstreams_done_=59000 config.nstreams=400000 avg_latency=0.7416 ms avg throuhgput (requests/sec) = 763.6480 res=false
*==== INFO ====*  stream_id=237996 latency=0.607747 ms (tx_ts=86431493330741, rx_ts=86431493938488) request_id=1179209 zil_blk_id=237996 ccf_commit_seqno=1179209 nstreams_done_=59500 config.nstreams=400000 avg_latency=0.7414 ms avg throuhgput (requests/sec) = 763.9582 res=false
*==== INFO ====*  stream_id=239996 latency=0.538036 ms (tx_ts=86432157149910, rx_ts=86432157687946) request_id=1189510 zil_blk_id=239996 ccf_commit_seqno=1189510 nstreams_done_=60000 config.nstreams=400000 avg_latency=0.7412 ms avg throuhgput (requests/sec) = 763.8681 res=false
*==== INFO ====*  stream_id=241996 latency=1.671197 ms (tx_ts=86432862495453, rx_ts=86432864166650) request_id=1200036 zil_blk_id=241996 ccf_commit_seqno=1200046 nstreams_done_=60500 config.nstreams=400000 avg_latency=0.7418 ms avg throuhgput (requests/sec) = 763.3678 res=false
*==== INFO ====*  stream_id=243996 latency=0.545380 ms (tx_ts=86433534916268, rx_ts=86433535461648) request_id=1210200 zil_blk_id=243996 ccf_commit_seqno=1210200 nstreams_done_=61000 config.nstreams=400000 avg_latency=0.7420 ms avg throuhgput (requests/sec) = 763.2120 res=false
*==== INFO ====*  stream_id=245996 latency=0.666967 ms (tx_ts=86434211221871, rx_ts=86434211888838) request_id=1220393 zil_blk_id=245996 ccf_commit_seqno=1220393 nstreams_done_=61500 config.nstreams=400000 avg_latency=0.7423 ms avg throuhgput (requests/sec) = 763.0103 res=false
*==== INFO ====*  stream_id=247996 latency=0.868204 ms (tx_ts=86434900658100, rx_ts=86434901526304) request_id=1230368 zil_blk_id=247996 ccf_commit_seqno=1230373 nstreams_done_=62000 config.nstreams=400000 avg_latency=0.7431 ms avg throuhgput (requests/sec) = 762.6880 res=false
*==== INFO ====*  stream_id=249996 latency=0.676716 ms (tx_ts=86435537300404, rx_ts=86435537977120) request_id=1240286 zil_blk_id=249996 ccf_commit_seqno=1240287 nstreams_done_=62500 config.nstreams=400000 avg_latency=0.7427 ms avg throuhgput (requests/sec) = 762.8661 res=false
*==== INFO ====*  stream_id=251996 latency=0.968702 ms (tx_ts=86436178480910, rx_ts=86436179449612) request_id=1250438 zil_blk_id=251996 ccf_commit_seqno=1250440 nstreams_done_=63000 config.nstreams=400000 avg_latency=0.7425 ms avg throuhgput (requests/sec) = 762.9950 res=false
*==== INFO ====*  stream_id=253996 latency=0.893692 ms (tx_ts=86436851301760, rx_ts=86436852195452) request_id=1260547 zil_blk_id=253996 ccf_commit_seqno=1260550 nstreams_done_=63500 config.nstreams=400000 avg_latency=0.7426 ms avg throuhgput (requests/sec) = 762.8352 res=false
*==== INFO ====*  stream_id=255996 latency=0.847806 ms (tx_ts=86437491198744, rx_ts=86437492046550) request_id=1270274 zil_blk_id=255996 ccf_commit_seqno=1270274 nstreams_done_=64000 config.nstreams=400000 avg_latency=0.7426 ms avg throuhgput (requests/sec) = 762.9770 res=false
*==== INFO ====*  stream_id=257996 latency=0.591036 ms (tx_ts=86438112965233, rx_ts=86438113556269) request_id=1280172 zil_blk_id=257996 ccf_commit_seqno=1280174 nstreams_done_=64500 config.nstreams=400000 avg_latency=0.7421 ms avg throuhgput (requests/sec) = 763.2824 res=false
*==== INFO ====*  stream_id=259996 latency=0.597327 ms (tx_ts=86438737399282, rx_ts=86438737996609) request_id=1290424 zil_blk_id=259996 ccf_commit_seqno=1290424 nstreams_done_=65000 config.nstreams=400000 avg_latency=0.7415 ms avg throuhgput (requests/sec) = 763.5570 res=false
*==== INFO ====*  stream_id=261996 latency=0.750133 ms (tx_ts=86439391724228, rx_ts=86439392474361) request_id=1300506 zil_blk_id=261996 ccf_commit_seqno=1300506 nstreams_done_=65500 config.nstreams=400000 avg_latency=0.7416 ms avg throuhgput (requests/sec) = 763.5601 res=false
*==== INFO ====*  stream_id=263996 latency=1.102703 ms (tx_ts=86440039718340, rx_ts=86440040821043) request_id=1310464 zil_blk_id=263996 ccf_commit_seqno=1310472 nstreams_done_=66000 config.nstreams=400000 avg_latency=0.7416 ms avg throuhgput (requests/sec) = 763.6174 res=false
*==== INFO ====*  stream_id=265996 latency=0.580757 ms (tx_ts=86440655505311, rx_ts=86440656086068) request_id=1320280 zil_blk_id=265996 ccf_commit_seqno=1320280 nstreams_done_=66500 config.nstreams=400000 avg_latency=0.7413 ms avg throuhgput (requests/sec) = 763.9640 res=false
*==== INFO ====*  stream_id=267996 latency=0.646629 ms (tx_ts=86441309391397, rx_ts=86441310038026) request_id=1330121 zil_blk_id=267996 ccf_commit_seqno=1330121 nstreams_done_=67000 config.nstreams=400000 avg_latency=0.7415 ms avg throuhgput (requests/sec) = 763.9686 res=false
*==== INFO ====*  stream_id=269996 latency=1.160551 ms (tx_ts=86441927488442, rx_ts=86441928648993) request_id=1339775 zil_blk_id=269996 ccf_commit_seqno=1339779 nstreams_done_=67500 config.nstreams=400000 avg_latency=0.7414 ms avg throuhgput (requests/sec) = 764.2788 res=false
*==== INFO ====*  stream_id=271996 latency=0.593149 ms (tx_ts=86442573618801, rx_ts=86442574211950) request_id=1349589 zil_blk_id=271996 ccf_commit_seqno=1349589 nstreams_done_=68000 config.nstreams=400000 avg_latency=0.7415 ms avg throuhgput (requests/sec) = 764.3531 res=false
*==== INFO ====*  stream_id=273996 latency=1.359213 ms (tx_ts=86443248944401, rx_ts=86443250303614) request_id=1359708 zil_blk_id=273996 ccf_commit_seqno=1359719 nstreams_done_=68500 config.nstreams=400000 avg_latency=0.7419 ms avg throuhgput (requests/sec) = 764.1660 res=false
*==== INFO ====*  stream_id=275996 latency=0.632383 ms (tx_ts=86443894181954, rx_ts=86443894814337) request_id=1369765 zil_blk_id=275996 ccf_commit_seqno=1369765 nstreams_done_=69000 config.nstreams=400000 avg_latency=0.7418 ms avg throuhgput (requests/sec) = 764.2490 res=false
*==== INFO ====*  stream_id=277996 latency=0.631210 ms (tx_ts=86444507267121, rx_ts=86444507898331) request_id=1379522 zil_blk_id=277996 ccf_commit_seqno=1379522 nstreams_done_=69500 config.nstreams=400000 avg_latency=0.7414 ms avg throuhgput (requests/sec) = 764.5950 res=false
*==== INFO ====*  stream_id=279996 latency=1.125205 ms (tx_ts=86445135660585, rx_ts=86445136785790) request_id=1389339 zil_blk_id=279996 ccf_commit_seqno=1389349 nstreams_done_=70000 config.nstreams=400000 avg_latency=0.7413 ms avg throuhgput (requests/sec) = 764.8043 res=false
*==== INFO ====*  stream_id=281996 latency=0.634416 ms (tx_ts=86445832344338, rx_ts=86445832978754) request_id=1399662 zil_blk_id=281996 ccf_commit_seqno=1399662 nstreams_done_=70500 config.nstreams=400000 avg_latency=0.7417 ms avg throuhgput (requests/sec) = 764.4524 res=false
*==== INFO ====*  stream_id=283996 latency=0.645897 ms (tx_ts=86446506147079, rx_ts=86446506792976) request_id=1409749 zil_blk_id=283996 ccf_commit_seqno=1409750 nstreams_done_=71000 config.nstreams=400000 avg_latency=0.7420 ms avg throuhgput (requests/sec) = 764.2898 res=false
*==== INFO ====*  stream_id=285996 latency=1.044823 ms (tx_ts=86447131246460, rx_ts=86447132291283) request_id=1419490 zil_blk_id=285996 ccf_commit_seqno=1419500 nstreams_done_=71500 config.nstreams=400000 avg_latency=0.7418 ms avg throuhgput (requests/sec) = 764.5244 res=false
*==== INFO ====*  stream_id=287996 latency=0.641139 ms (tx_ts=86447787901483, rx_ts=86447788542622) request_id=1429737 zil_blk_id=287996 ccf_commit_seqno=1429738 nstreams_done_=72000 config.nstreams=400000 avg_latency=0.7418 ms avg throuhgput (requests/sec) = 764.5062 res=false
*==== INFO ====*  stream_id=289996 latency=0.623385 ms (tx_ts=86448456290142, rx_ts=86448456913527) request_id=1440035 zil_blk_id=289996 ccf_commit_seqno=1440035 nstreams_done_=72500 config.nstreams=400000 avg_latency=0.7418 ms avg throuhgput (requests/sec) = 764.3905 res=false
*==== INFO ====*  stream_id=291996 latency=0.632312 ms (tx_ts=86449132452464, rx_ts=86449133084776) request_id=1450250 zil_blk_id=291996 ccf_commit_seqno=1450252 nstreams_done_=73000 config.nstreams=400000 avg_latency=0.7421 ms avg throuhgput (requests/sec) = 764.2140 res=false
*==== INFO ====*  stream_id=293996 latency=0.563193 ms (tx_ts=86449758891749, rx_ts=86449759454942) request_id=1459813 zil_blk_id=293996 ccf_commit_seqno=1459813 nstreams_done_=73500 config.nstreams=400000 avg_latency=0.7421 ms avg throuhgput (requests/sec) = 764.4357 res=false
*==== INFO ====*  stream_id=295996 latency=0.909571 ms (tx_ts=86450415670079, rx_ts=86450416579650) request_id=1469888 zil_blk_id=295996 ccf_commit_seqno=1469891 nstreams_done_=74000 config.nstreams=400000 avg_latency=0.7423 ms avg throuhgput (requests/sec) = 764.4116 res=false
*==== INFO ====*  stream_id=297996 latency=1.134912 ms (tx_ts=86451101269689, rx_ts=86451102404601) request_id=1479860 zil_blk_id=297996 ccf_commit_seqno=1479868 nstreams_done_=74500 config.nstreams=400000 avg_latency=0.7429 ms avg throuhgput (requests/sec) = 764.1629 res=false
*==== INFO ====*  stream_id=299996 latency=0.602477 ms (tx_ts=86451788222642, rx_ts=86451788825119) request_id=1490364 zil_blk_id=299996 ccf_commit_seqno=1490365 nstreams_done_=75000 config.nstreams=400000 avg_latency=0.7431 ms avg throuhgput (requests/sec) = 763.9129 res=false
*==== INFO ====*  stream_id=301996 latency=1.705651 ms (tx_ts=86452422506473, rx_ts=86452424212124) request_id=1500216 zil_blk_id=301996 ccf_commit_seqno=1500217 nstreams_done_=75500 config.nstreams=400000 avg_latency=0.7430 ms avg throuhgput (requests/sec) = 764.0609 res=false
*==== INFO ====*  stream_id=303996 latency=0.681245 ms (tx_ts=86453082060338, rx_ts=86453082741583) request_id=1510102 zil_blk_id=303996 ccf_commit_seqno=1510104 nstreams_done_=76000 config.nstreams=400000 avg_latency=0.7430 ms avg throuhgput (requests/sec) = 764.0292 res=false
*==== INFO ====*  stream_id=305996 latency=0.772957 ms (tx_ts=86453739971154, rx_ts=86453740744111) request_id=1520312 zil_blk_id=305996 ccf_commit_seqno=1520313 nstreams_done_=76500 config.nstreams=400000 avg_latency=0.7430 ms avg throuhgput (requests/sec) = 764.0019 res=false
*==== INFO ====*  stream_id=307996 latency=0.834140 ms (tx_ts=86454360158327, rx_ts=86454360992467) request_id=1530014 zil_blk_id=307996 ccf_commit_seqno=1530017 nstreams_done_=77000 config.nstreams=400000 avg_latency=0.7427 ms avg throuhgput (requests/sec) = 764.2612 res=false
*==== INFO ====*  stream_id=309996 latency=0.686715 ms (tx_ts=86454997908042, rx_ts=86454998594757) request_id=1539891 zil_blk_id=309996 ccf_commit_seqno=1539892 nstreams_done_=77500 config.nstreams=400000 avg_latency=0.7425 ms avg throuhgput (requests/sec) = 764.3865 res=false
*==== INFO ====*  stream_id=311996 latency=0.676546 ms (tx_ts=86455617461977, rx_ts=86455618138523) request_id=1549742 zil_blk_id=311996 ccf_commit_seqno=1549746 nstreams_done_=78000 config.nstreams=400000 avg_latency=0.7422 ms avg throuhgput (requests/sec) = 764.6456 res=false
*==== INFO ====*  stream_id=313996 latency=0.600914 ms (tx_ts=86456256769987, rx_ts=86456257370901) request_id=1559535 zil_blk_id=313996 ccf_commit_seqno=1559535 nstreams_done_=78500 config.nstreams=400000 avg_latency=0.7422 ms avg throuhgput (requests/sec) = 764.7549 res=false
*==== INFO ====*  stream_id=315996 latency=0.645449 ms (tx_ts=86456878518856, rx_ts=86456879164305) request_id=1569555 zil_blk_id=315996 ccf_commit_seqno=1569557 nstreams_done_=79000 config.nstreams=400000 avg_latency=0.7417 ms avg throuhgput (requests/sec) = 764.9919 res=false
*==== INFO ====*  stream_id=317996 latency=0.807791 ms (tx_ts=86457501726245, rx_ts=86457502534036) request_id=1579138 zil_blk_id=317996 ccf_commit_seqno=1579142 nstreams_done_=79500 config.nstreams=400000 avg_latency=0.7418 ms avg throuhgput (requests/sec) = 765.2145 res=false
*==== INFO ====*  stream_id=319996 latency=0.745995 ms (tx_ts=86458143891378, rx_ts=86458144637373) request_id=1588866 zil_blk_id=319996 ccf_commit_seqno=1588867 nstreams_done_=80000 config.nstreams=400000 avg_latency=0.7419 ms avg throuhgput (requests/sec) = 765.2973 res=false
*==== INFO ====*  stream_id=321996 latency=0.686427 ms (tx_ts=86458747670654, rx_ts=86458748357081) request_id=1598301 zil_blk_id=321996 ccf_commit_seqno=1598302 nstreams_done_=80500 config.nstreams=400000 avg_latency=0.7417 ms avg throuhgput (requests/sec) = 765.6585 res=false
*==== INFO ====*  stream_id=323996 latency=0.865953 ms (tx_ts=86459406947090, rx_ts=86459407813043) request_id=1608101 zil_blk_id=323996 ccf_commit_seqno=1608104 nstreams_done_=81000 config.nstreams=400000 avg_latency=0.7421 ms avg throuhgput (requests/sec) = 765.6120 res=false
*==== INFO ====*  stream_id=325996 latency=0.741176 ms (tx_ts=86460037243954, rx_ts=86460037985130) request_id=1617466 zil_blk_id=325996 ccf_commit_seqno=1617469 nstreams_done_=81500 config.nstreams=400000 avg_latency=0.7425 ms avg throuhgput (requests/sec) = 765.7767 res=false
*==== INFO ====*  stream_id=327996 latency=1.211196 ms (tx_ts=86460640322039, rx_ts=86460641533235) request_id=1627098 zil_blk_id=327996 ccf_commit_seqno=1627100 nstreams_done_=82000 config.nstreams=400000 avg_latency=0.7423 ms avg throuhgput (requests/sec) = 766.1301 res=false
*==== INFO ====*  stream_id=329996 latency=0.652190 ms (tx_ts=86461271089976, rx_ts=86461271742166) request_id=1636854 zil_blk_id=329996 ccf_commit_seqno=1636854 nstreams_done_=82500 config.nstreams=400000 avg_latency=0.7422 ms avg throuhgput (requests/sec) = 766.2896 res=false
*==== INFO ====*  stream_id=331996 latency=0.666750 ms (tx_ts=86461856641710, rx_ts=86461857308460) request_id=1646179 zil_blk_id=331996 ccf_commit_seqno=1646181 nstreams_done_=83000 config.nstreams=400000 avg_latency=0.7418 ms avg throuhgput (requests/sec) = 766.7634 res=false
*==== INFO ====*  stream_id=333996 latency=0.652691 ms (tx_ts=86462506365139, rx_ts=86462507017830) request_id=1655949 zil_blk_id=333996 ccf_commit_seqno=1655949 nstreams_done_=83500 config.nstreams=400000 avg_latency=0.7421 ms avg throuhgput (requests/sec) = 766.7802 res=false
*==== INFO ====*  stream_id=335996 latency=0.643304 ms (tx_ts=86463191017410, rx_ts=86463191660714) request_id=1666096 zil_blk_id=335996 ccf_commit_seqno=1666098 nstreams_done_=84000 config.nstreams=400000 avg_latency=0.7424 ms avg throuhgput (requests/sec) = 766.5523 res=false
*==== INFO ====*  stream_id=337996 latency=0.708572 ms (tx_ts=86463861454115, rx_ts=86463862162687) request_id=1676218 zil_blk_id=337996 ccf_commit_seqno=1676222 nstreams_done_=84500 config.nstreams=400000 avg_latency=0.7425 ms avg throuhgput (requests/sec) = 766.4256 res=false
*==== INFO ====*  stream_id=339996 latency=0.598499 ms (tx_ts=86464491936061, rx_ts=86464492534560) request_id=1685732 zil_blk_id=339996 ccf_commit_seqno=1685732 nstreams_done_=85000 config.nstreams=400000 avg_latency=0.7426 ms avg throuhgput (requests/sec) = 766.5777 res=false
*==== INFO ====*  stream_id=341996 latency=0.643474 ms (tx_ts=86465153099169, rx_ts=86465153742643) request_id=1695660 zil_blk_id=341996 ccf_commit_seqno=1695662 nstreams_done_=85500 config.nstreams=400000 avg_latency=0.7427 ms avg throuhgput (requests/sec) = 766.5161 res=false
*==== INFO ====*  stream_id=343996 latency=1.041819 ms (tx_ts=86465808432266, rx_ts=86465809474085) request_id=1705581 zil_blk_id=343996 ccf_commit_seqno=1705586 nstreams_done_=86000 config.nstreams=400000 avg_latency=0.7428 ms avg throuhgput (requests/sec) = 766.4927 res=false
*==== INFO ====*  stream_id=345996 latency=0.685963 ms (tx_ts=86466416262262, rx_ts=86466416948225) request_id=1715282 zil_blk_id=345996 ccf_commit_seqno=1715286 nstreams_done_=86500 config.nstreams=400000 avg_latency=0.7424 ms avg throuhgput (requests/sec) = 766.7974 res=false
*==== INFO ====*  stream_id=347996 latency=0.727771 ms (tx_ts=86467033151413, rx_ts=86467033879184) request_id=1725098 zil_blk_id=347996 ccf_commit_seqno=1725099 nstreams_done_=87000 config.nstreams=400000 avg_latency=0.7422 ms avg throuhgput (requests/sec) = 767.0349 res=false
*==== INFO ====*  stream_id=349996 latency=0.732460 ms (tx_ts=86467653945445, rx_ts=86467654677905) request_id=1734518 zil_blk_id=349996 ccf_commit_seqno=1734521 nstreams_done_=87500 config.nstreams=400000 avg_latency=0.7422 ms avg throuhgput (requests/sec) = 767.2438 res=false
*==== INFO ====*  stream_id=351996 latency=0.580466 ms (tx_ts=86468305682742, rx_ts=86468306263208) request_id=1744754 zil_blk_id=351996 ccf_commit_seqno=1744754 nstreams_done_=88000 config.nstreams=400000 avg_latency=0.7422 ms avg throuhgput (requests/sec) = 767.2445 res=false
*==== INFO ====*  stream_id=353996 latency=1.397160 ms (tx_ts=86468968622411, rx_ts=86468970019571) request_id=1754951 zil_blk_id=353996 ccf_commit_seqno=1754956 nstreams_done_=88500 config.nstreams=400000 avg_latency=0.7423 ms avg throuhgput (requests/sec) = 767.1642 res=false
*==== INFO ====*  stream_id=355996 latency=0.801138 ms (tx_ts=86469634596072, rx_ts=86469635397210) request_id=1765140 zil_blk_id=355996 ccf_commit_seqno=1765141 nstreams_done_=89000 config.nstreams=400000 avg_latency=0.7422 ms avg throuhgput (requests/sec) = 767.0741 res=false
*==== INFO ====*  stream_id=357996 latency=1.019069 ms (tx_ts=86470254026228, rx_ts=86470255045297) request_id=1774648 zil_blk_id=357996 ccf_commit_seqno=1774656 nstreams_done_=89500 config.nstreams=400000 avg_latency=0.7420 ms avg throuhgput (requests/sec) = 767.2857 res=false
*==== INFO ====*  stream_id=359996 latency=0.632724 ms (tx_ts=86470894655260, rx_ts=86470895287984) request_id=1784459 zil_blk_id=359996 ccf_commit_seqno=1784461 nstreams_done_=90000 config.nstreams=400000 avg_latency=0.7419 ms avg throuhgput (requests/sec) = 767.3603 res=false
*==== INFO ====*  stream_id=361996 latency=0.753569 ms (tx_ts=86471531128358, rx_ts=86471531881927) request_id=1794346 zil_blk_id=361996 ccf_commit_seqno=1794349 nstreams_done_=90500 config.nstreams=400000 avg_latency=0.7418 ms avg throuhgput (requests/sec) = 767.4579 res=false
*==== INFO ====*  stream_id=363996 latency=0.805417 ms (tx_ts=86472198464597, rx_ts=86472199270014) request_id=1804439 zil_blk_id=363996 ccf_commit_seqno=1804440 nstreams_done_=91000 config.nstreams=400000 avg_latency=0.7418 ms avg throuhgput (requests/sec) = 767.3551 res=false
*==== INFO ====*  stream_id=365996 latency=0.962100 ms (tx_ts=86472848571619, rx_ts=86472849533719) request_id=1814360 zil_blk_id=365996 ccf_commit_seqno=1814365 nstreams_done_=91500 config.nstreams=400000 avg_latency=0.7417 ms avg throuhgput (requests/sec) = 767.3636 res=false
*==== INFO ====*  stream_id=367996 latency=0.576098 ms (tx_ts=86473493528107, rx_ts=86473494104205) request_id=1824404 zil_blk_id=367996 ccf_commit_seqno=1824404 nstreams_done_=92000 config.nstreams=400000 avg_latency=0.7415 ms avg throuhgput (requests/sec) = 767.4085 res=false
*==== INFO ====*  stream_id=369996 latency=0.662189 ms (tx_ts=86474068976990, rx_ts=86474069639179) request_id=1833777 zil_blk_id=369996 ccf_commit_seqno=1833778 nstreams_done_=92500 config.nstreams=400000 avg_latency=0.7410 ms avg throuhgput (requests/sec) = 767.8927 res=false
*==== INFO ====*  stream_id=371996 latency=0.668761 ms (tx_ts=86474713865298, rx_ts=86474714534059) request_id=1843719 zil_blk_id=371996 ccf_commit_seqno=1843721 nstreams_done_=93000 config.nstreams=400000 avg_latency=0.7409 ms avg throuhgput (requests/sec) = 767.9322 res=false
*==== INFO ====*  stream_id=373996 latency=0.716130 ms (tx_ts=86475355915892, rx_ts=86475356632022) request_id=1853675 zil_blk_id=373996 ccf_commit_seqno=1853675 nstreams_done_=93500 config.nstreams=400000 avg_latency=0.7408 ms avg throuhgput (requests/sec) = 767.9890 res=false
*==== INFO ====*  stream_id=375996 latency=0.790148 ms (tx_ts=86476019110294, rx_ts=86476019900442) request_id=1863641 zil_blk_id=375996 ccf_commit_seqno=1863642 nstreams_done_=94000 config.nstreams=400000 avg_latency=0.7410 ms avg throuhgput (requests/sec) = 767.9124 res=false
*==== INFO ====*  stream_id=377996 latency=0.641700 ms (tx_ts=86476675269495, rx_ts=86476675911195) request_id=1873977 zil_blk_id=377996 ccf_commit_seqno=1873979 nstreams_done_=94500 config.nstreams=400000 avg_latency=0.7410 ms avg throuhgput (requests/sec) = 767.8818 res=false
*==== INFO ====*  stream_id=379996 latency=0.566239 ms (tx_ts=86477286769620, rx_ts=86477287335859) request_id=1883908 zil_blk_id=379996 ccf_commit_seqno=1883908 nstreams_done_=95000 config.nstreams=400000 avg_latency=0.7406 ms avg throuhgput (requests/sec) = 768.1284 res=false
*==== INFO ====*  stream_id=381996 latency=0.614961 ms (tx_ts=86477922972308, rx_ts=86477923587269) request_id=1893824 zil_blk_id=381996 ccf_commit_seqno=1893827 nstreams_done_=95500 config.nstreams=400000 avg_latency=0.7404 ms avg throuhgput (requests/sec) = 768.2191 res=false
*==== INFO ====*  stream_id=383996 latency=0.725467 ms (tx_ts=86478573366032, rx_ts=86478574091499) request_id=1903713 zil_blk_id=383996 ccf_commit_seqno=1903715 nstreams_done_=96000 config.nstreams=400000 avg_latency=0.7403 ms avg throuhgput (requests/sec) = 768.2213 res=false
*==== INFO ====*  stream_id=385996 latency=0.686445 ms (tx_ts=86479211714491, rx_ts=86479212400936) request_id=1913800 zil_blk_id=385996 ccf_commit_seqno=1913802 nstreams_done_=96500 config.nstreams=400000 avg_latency=0.7400 ms avg throuhgput (requests/sec) = 768.2980 res=false
*==== INFO ====*  stream_id=387996 latency=0.613417 ms (tx_ts=86479850361561, rx_ts=86479850974978) request_id=1923671 zil_blk_id=387996 ccf_commit_seqno=1923672 nstreams_done_=97000 config.nstreams=400000 avg_latency=0.7401 ms avg throuhgput (requests/sec) = 768.3724 res=false
*==== INFO ====*  stream_id=389996 latency=1.167494 ms (tx_ts=86480474680816, rx_ts=86480475848310) request_id=1933664 zil_blk_id=389996 ccf_commit_seqno=1933674 nstreams_done_=97500 config.nstreams=400000 avg_latency=0.7399 ms avg throuhgput (requests/sec) = 768.5289 res=false
*==== INFO ====*  stream_id=391996 latency=0.593760 ms (tx_ts=86481112118950, rx_ts=86481112712710) request_id=1943406 zil_blk_id=391996 ccf_commit_seqno=1943407 nstreams_done_=98000 config.nstreams=400000 avg_latency=0.7398 ms avg throuhgput (requests/sec) = 768.6117 res=false
*==== INFO ====*  stream_id=393996 latency=0.750604 ms (tx_ts=86481740522788, rx_ts=86481741273392) request_id=1953376 zil_blk_id=393996 ccf_commit_seqno=1953377 nstreams_done_=98500 config.nstreams=400000 avg_latency=0.7396 ms avg throuhgput (requests/sec) = 768.7434 res=false
*==== INFO ====*  stream_id=395996 latency=0.557663 ms (tx_ts=86482354839730, rx_ts=86482355397393) request_id=1963115 zil_blk_id=395996 ccf_commit_seqno=1963115 nstreams_done_=99000 config.nstreams=400000 avg_latency=0.7393 ms avg throuhgput (requests/sec) = 768.9601 res=false
*==== INFO ====*  stream_id=397996 latency=0.735657 ms (tx_ts=86483054153708, rx_ts=86483054889365) request_id=1973247 zil_blk_id=397996 ccf_commit_seqno=1973249 nstreams_done_=99500 config.nstreams=400000 avg_latency=0.7395 ms avg throuhgput (requests/sec) = 768.6675 res=false
*==== INFO ====*  stream_id=399996 latency=0.658913 ms (tx_ts=86483714955639, rx_ts=86483715614552) request_id=1982738 zil_blk_id=399996 ccf_commit_seqno=1982738 nstreams_done_=100000 config.nstreams=400000 avg_latency=0.7400 ms avg throuhgput (requests/sec) = 768.6069 res=false
*==== INFO ====*  stream_id=401996 latency=0.579644 ms (tx_ts=86484361221016, rx_ts=86484361800660) request_id=1992543 zil_blk_id=401996 ccf_commit_seqno=1992543 nstreams_done_=100500 config.nstreams=400000 avg_latency=0.7400 ms avg throuhgput (requests/sec) = 768.6324 res=false
*==== INFO ====*  stream_id=403996 latency=0.657059 ms (tx_ts=86485037453807, rx_ts=86485038110866) request_id=2002692 zil_blk_id=403996 ccf_commit_seqno=2002693 nstreams_done_=101000 config.nstreams=400000 avg_latency=0.7401 ms avg throuhgput (requests/sec) = 768.4815 res=false
*==== INFO ====*  stream_id=405996 latency=1.012895 ms (tx_ts=86485705516383, rx_ts=86485706529278) request_id=2012713 zil_blk_id=405996 ccf_commit_seqno=2012713 nstreams_done_=101500 config.nstreams=400000 avg_latency=0.7401 ms avg throuhgput (requests/sec) = 768.3781 res=false
*==== INFO ====*  stream_id=407996 latency=0.782093 ms (tx_ts=86486344702669, rx_ts=86486345484762) request_id=2022259 zil_blk_id=407996 ccf_commit_seqno=2022260 nstreams_done_=102000 config.nstreams=400000 avg_latency=0.7402 ms avg throuhgput (requests/sec) = 768.4462 res=false
*==== INFO ====*  stream_id=409996 latency=0.567782 ms (tx_ts=86487038877365, rx_ts=86487039445147) request_id=2032354 zil_blk_id=409996 ccf_commit_seqno=2032354 nstreams_done_=102500 config.nstreams=400000 avg_latency=0.7406 ms avg throuhgput (requests/sec) = 768.1968 res=false
*==== INFO ====*  stream_id=411996 latency=0.682937 ms (tx_ts=86487702074104, rx_ts=86487702757041) request_id=2042508 zil_blk_id=411996 ccf_commit_seqno=2042508 nstreams_done_=103000 config.nstreams=400000 avg_latency=0.7407 ms avg throuhgput (requests/sec) = 768.1256 res=false
*==== INFO ====*  stream_id=413996 latency=0.640028 ms (tx_ts=86488360016746, rx_ts=86488360656774) request_id=2052699 zil_blk_id=413996 ccf_commit_seqno=2052701 nstreams_done_=103500 config.nstreams=400000 avg_latency=0.7407 ms avg throuhgput (requests/sec) = 768.0859 res=false
*==== INFO ====*  stream_id=415996 latency=0.975956 ms (tx_ts=86489005405907, rx_ts=86489006381863) request_id=2062606 zil_blk_id=415996 ccf_commit_seqno=2062610 nstreams_done_=104000 config.nstreams=400000 avg_latency=0.7407 ms avg throuhgput (requests/sec) = 768.1156 res=false
*==== INFO ====*  stream_id=417996 latency=0.676325 ms (tx_ts=86489671020169, rx_ts=86489671696494) request_id=2072589 zil_blk_id=417996 ccf_commit_seqno=2072589 nstreams_done_=104500 config.nstreams=400000 avg_latency=0.7409 ms avg throuhgput (requests/sec) = 768.0345 res=false
*==== INFO ====*  stream_id=419996 latency=0.689349 ms (tx_ts=86490294663951, rx_ts=86490295353300) request_id=2082601 zil_blk_id=419996 ccf_commit_seqno=2082601 nstreams_done_=105000 config.nstreams=400000 avg_latency=0.7407 ms avg throuhgput (requests/sec) = 768.1882 res=false
*==== INFO ====*  stream_id=421996 latency=0.630680 ms (tx_ts=86490963048847, rx_ts=86490963679527) request_id=2092811 zil_blk_id=421996 ccf_commit_seqno=2092812 nstreams_done_=105500 config.nstreams=400000 avg_latency=0.7408 ms avg throuhgput (requests/sec) = 768.0906 res=false
*==== INFO ====*  stream_id=423996 latency=0.636079 ms (tx_ts=86491647344852, rx_ts=86491647980931) request_id=2102710 zil_blk_id=423996 ccf_commit_seqno=2102711 nstreams_done_=106000 config.nstreams=400000 avg_latency=0.7413 ms avg throuhgput (requests/sec) = 767.9051 res=false
*==== INFO ====*  stream_id=425996 latency=0.939247 ms (tx_ts=86492299299939, rx_ts=86492300239186) request_id=2112925 zil_blk_id=425996 ccf_commit_seqno=2112926 nstreams_done_=106500 config.nstreams=400000 avg_latency=0.7412 ms avg throuhgput (requests/sec) = 767.8989 res=false
*==== INFO ====*  stream_id=427996 latency=0.804115 ms (tx_ts=86492960634685, rx_ts=86492961438800) request_id=2123123 zil_blk_id=427996 ccf_commit_seqno=2123123 nstreams_done_=107000 config.nstreams=400000 avg_latency=0.7412 ms avg throuhgput (requests/sec) = 767.8433 res=false
*==== INFO ====*  stream_id=429996 latency=0.633164 ms (tx_ts=86493618566192, rx_ts=86493619199356) request_id=2133173 zil_blk_id=429996 ccf_commit_seqno=2133175 nstreams_done_=107500 config.nstreams=400000 avg_latency=0.7413 ms avg throuhgput (requests/sec) = 767.8072 res=false
*==== INFO ====*  stream_id=431996 latency=0.591416 ms (tx_ts=86494266206036, rx_ts=86494266797452) request_id=2143252 zil_blk_id=431996 ccf_commit_seqno=2143252 nstreams_done_=108000 config.nstreams=400000 avg_latency=0.7412 ms avg throuhgput (requests/sec) = 767.8269 res=false
*==== INFO ====*  stream_id=433996 latency=0.864817 ms (tx_ts=86494920365008, rx_ts=86494921229825) request_id=2153430 zil_blk_id=433996 ccf_commit_seqno=2153434 nstreams_done_=108500 config.nstreams=400000 avg_latency=0.7413 ms avg throuhgput (requests/sec) = 767.8093 res=false
*==== INFO ====*  stream_id=435996 latency=0.557833 ms (tx_ts=86495546853751, rx_ts=86495547411584) request_id=2163398 zil_blk_id=435996 ccf_commit_seqno=2163398 nstreams_done_=109000 config.nstreams=400000 avg_latency=0.7411 ms avg throuhgput (requests/sec) = 767.9446 res=false
*==== INFO ====*  stream_id=437996 latency=0.684811 ms (tx_ts=86496209080722, rx_ts=86496209765533) request_id=2173837 zil_blk_id=437996 ccf_commit_seqno=2173840 nstreams_done_=109500 config.nstreams=400000 avg_latency=0.7409 ms avg throuhgput (requests/sec) = 767.8840 res=false
*==== INFO ====*  stream_id=439996 latency=0.646658 ms (tx_ts=86496866046805, rx_ts=86496866693463) request_id=2183907 zil_blk_id=439996 ccf_commit_seqno=2183910 nstreams_done_=110000 config.nstreams=400000 avg_latency=0.7409 ms avg throuhgput (requests/sec) = 767.8530 res=false
*==== INFO ====*  stream_id=441996 latency=0.604500 ms (tx_ts=86497524148248, rx_ts=86497524752748) request_id=2194021 zil_blk_id=441996 ccf_commit_seqno=2194022 nstreams_done_=110500 config.nstreams=400000 avg_latency=0.7409 ms avg throuhgput (requests/sec) = 767.8162 res=false
*==== INFO ====*  stream_id=443996 latency=0.716840 ms (tx_ts=86498185141872, rx_ts=86498185858712) request_id=2204389 zil_blk_id=443996 ccf_commit_seqno=2204390 nstreams_done_=111000 config.nstreams=400000 avg_latency=0.7407 ms avg throuhgput (requests/sec) = 767.7636 res=false
*==== INFO ====*  stream_id=445996 latency=0.639567 ms (tx_ts=86498873598078, rx_ts=86498874237645) request_id=2214849 zil_blk_id=445996 ccf_commit_seqno=2214849 nstreams_done_=111500 config.nstreams=400000 avg_latency=0.7408 ms avg throuhgput (requests/sec) = 767.5673 res=false
*==== INFO ====*  stream_id=447996 latency=0.763097 ms (tx_ts=86499537863485, rx_ts=86499538626582) request_id=2225166 zil_blk_id=447996 ccf_commit_seqno=2225169 nstreams_done_=112000 config.nstreams=400000 avg_latency=0.7409 ms avg throuhgput (requests/sec) = 767.4990 res=false
*==== INFO ====*  stream_id=449996 latency=0.648893 ms (tx_ts=86500173027931, rx_ts=86500173676824) request_id=2234844 zil_blk_id=449996 ccf_commit_seqno=2234845 nstreams_done_=112500 config.nstreams=400000 avg_latency=0.7409 ms avg throuhgput (requests/sec) = 767.5850 res=false
*==== INFO ====*  stream_id=451996 latency=0.820875 ms (tx_ts=86500868465320, rx_ts=86500869286195) request_id=2244957 zil_blk_id=451996 ccf_commit_seqno=2244960 nstreams_done_=113000 config.nstreams=400000 avg_latency=0.7412 ms avg throuhgput (requests/sec) = 767.3545 res=false
*==== INFO ====*  stream_id=453996 latency=0.618547 ms (tx_ts=86501526269043, rx_ts=86501526887590) request_id=2255043 zil_blk_id=453996 ccf_commit_seqno=2255044 nstreams_done_=113500 config.nstreams=400000 avg_latency=0.7413 ms avg throuhgput (requests/sec) = 767.3233 res=false
*==== INFO ====*  stream_id=455996 latency=0.634197 ms (tx_ts=86502216488878, rx_ts=86502217123075) request_id=2265590 zil_blk_id=455996 ccf_commit_seqno=2265590 nstreams_done_=114000 config.nstreams=400000 avg_latency=0.7415 ms avg throuhgput (requests/sec) = 767.1239 res=false
*==== INFO ====*  stream_id=457996 latency=0.796449 ms (tx_ts=86502871417751, rx_ts=86502872214200) request_id=2275806 zil_blk_id=457996 ccf_commit_seqno=2275809 nstreams_done_=114500 config.nstreams=400000 avg_latency=0.7414 ms avg throuhgput (requests/sec) = 767.1069 res=false
*==== INFO ====*  stream_id=459996 latency=0.735827 ms (tx_ts=86503552531462, rx_ts=86503553267289) request_id=2286108 zil_blk_id=459996 ccf_commit_seqno=2286109 nstreams_done_=115000 config.nstreams=400000 avg_latency=0.7416 ms avg throuhgput (requests/sec) = 766.9572 res=false
*==== INFO ====*  stream_id=461996 latency=0.697614 ms (tx_ts=86504225401521, rx_ts=86504226099135) request_id=2296570 zil_blk_id=461996 ccf_commit_seqno=2296571 nstreams_done_=115500 config.nstreams=400000 avg_latency=0.7415 ms avg throuhgput (requests/sec) = 766.8508 res=false
*==== INFO ====*  stream_id=463996 latency=0.604861 ms (tx_ts=86504874769203, rx_ts=86504875374064) request_id=2306852 zil_blk_id=463996 ccf_commit_seqno=2306854 nstreams_done_=116000 config.nstreams=400000 avg_latency=0.7414 ms avg throuhgput (requests/sec) = 766.8647 res=false
*==== INFO ====*  stream_id=465996 latency=0.657199 ms (tx_ts=86505519838208, rx_ts=86505520495407) request_id=2316752 zil_blk_id=465996 ccf_commit_seqno=2316754 nstreams_done_=116500 config.nstreams=400000 avg_latency=0.7414 ms avg throuhgput (requests/sec) = 766.8995 res=false
*==== INFO ====*  stream_id=467996 latency=0.739543 ms (tx_ts=86506183282509, rx_ts=86506184022052) request_id=2326970 zil_blk_id=467996 ccf_commit_seqno=2326972 nstreams_done_=117000 config.nstreams=400000 avg_latency=0.7413 ms avg throuhgput (requests/sec) = 766.8414 res=false
*==== INFO ====*  stream_id=469996 latency=0.571669 ms (tx_ts=86506840221925, rx_ts=86506840793594) request_id=2337138 zil_blk_id=469996 ccf_commit_seqno=2337138 nstreams_done_=117500 config.nstreams=400000 avg_latency=0.7413 ms avg throuhgput (requests/sec) = 766.8176 res=false
*==== INFO ====*  stream_id=471996 latency=0.650005 ms (tx_ts=86507449673739, rx_ts=86507450323744) request_id=2345440 zil_blk_id=471996 ccf_commit_seqno=2345442 nstreams_done_=118000 config.nstreams=400000 avg_latency=0.7408 ms avg throuhgput (requests/sec) = 767.0296 res=false
*==== INFO ====*  stream_id=473996 latency=0.611684 ms (tx_ts=86508060575625, rx_ts=86508061187309) request_id=2353522 zil_blk_id=473996 ccf_commit_seqno=2353522 nstreams_done_=118500 config.nstreams=400000 avg_latency=0.7405 ms avg throuhgput (requests/sec) = 767.2332 res=false
*==== INFO ====*  stream_id=475996 latency=0.780139 ms (tx_ts=86508717114044, rx_ts=86508717894183) request_id=2361722 zil_blk_id=475996 ccf_commit_seqno=2361723 nstreams_done_=119000 config.nstreams=400000 avg_latency=0.7405 ms avg throuhgput (requests/sec) = 767.2084 res=false
*==== INFO ====*  stream_id=477996 latency=0.849242 ms (tx_ts=86509347516674, rx_ts=86509348365916) request_id=2369841 zil_blk_id=477996 ccf_commit_seqno=2369846 nstreams_done_=119500 config.nstreams=400000 avg_latency=0.7404 ms avg throuhgput (requests/sec) = 767.3130 res=false
*==== INFO ====*  stream_id=479996 latency=0.685221 ms (tx_ts=86509978355130, rx_ts=86509979040351) request_id=2378058 zil_blk_id=479996 ccf_commit_seqno=2378058 nstreams_done_=120000 config.nstreams=400000 avg_latency=0.7402 ms avg throuhgput (requests/sec) = 767.4158 res=false
*==== INFO ====*  stream_id=481996 latency=0.688697 ms (tx_ts=86510614014899, rx_ts=86510614703596) request_id=2386476 zil_blk_id=481996 ccf_commit_seqno=2386477 nstreams_done_=120500 config.nstreams=400000 avg_latency=0.7400 ms avg throuhgput (requests/sec) = 767.4934 res=false
*==== INFO ====*  stream_id=483996 latency=0.552833 ms (tx_ts=86511257218946, rx_ts=86511257771779) request_id=2394709 zil_blk_id=483996 ccf_commit_seqno=2394710 nstreams_done_=121000 config.nstreams=400000 avg_latency=0.7399 ms avg throuhgput (requests/sec) = 767.5343 res=false
*==== INFO ====*  stream_id=485996 latency=0.609700 ms (tx_ts=86511869561279, rx_ts=86511870170979) request_id=2402790 zil_blk_id=485996 ccf_commit_seqno=2402790 nstreams_done_=121500 config.nstreams=400000 avg_latency=0.7396 ms avg throuhgput (requests/sec) = 767.7236 res=false
*==== INFO ====*  stream_id=487996 latency=0.754130 ms (tx_ts=86512485341565, rx_ts=86512486095695) request_id=2410939 zil_blk_id=487996 ccf_commit_seqno=2410940 nstreams_done_=122000 config.nstreams=400000 avg_latency=0.7394 ms avg throuhgput (requests/sec) = 767.8945 res=false
*==== INFO ====*  stream_id=489996 latency=0.875166 ms (tx_ts=86513111555466, rx_ts=86513112430632) request_id=2418998 zil_blk_id=489996 ccf_commit_seqno=2418999 nstreams_done_=122500 config.nstreams=400000 avg_latency=0.7392 ms avg throuhgput (requests/sec) = 768.0138 res=false
*==== INFO ====*  stream_id=491996 latency=0.626982 ms (tx_ts=86513775899899, rx_ts=86513776526881) request_id=2427683 zil_blk_id=491996 ccf_commit_seqno=2427683 nstreams_done_=123000 config.nstreams=400000 avg_latency=0.7391 ms avg throuhgput (requests/sec) = 767.9512 res=false
*==== INFO ====*  stream_id=493996 latency=0.890584 ms (tx_ts=86514403087717, rx_ts=86514403978301) request_id=2435903 zil_blk_id=493996 ccf_commit_seqno=2435906 nstreams_done_=123500 config.nstreams=400000 avg_latency=0.7390 ms avg throuhgput (requests/sec) = 768.0641 res=false
*==== INFO ====*  stream_id=495996 latency=0.683408 ms (tx_ts=86515032660268, rx_ts=86515033343676) request_id=2444176 zil_blk_id=495996 ccf_commit_seqno=2444176 nstreams_done_=124000 config.nstreams=400000 avg_latency=0.7388 ms avg throuhgput (requests/sec) = 768.1669 res=false
*==== INFO ====*  stream_id=497996 latency=0.643964 ms (tx_ts=86515663758582, rx_ts=86515664402546) request_id=2452272 zil_blk_id=497996 ccf_commit_seqno=2452273 nstreams_done_=124500 config.nstreams=400000 avg_latency=0.7388 ms avg throuhgput (requests/sec) = 768.2610 res=false
*==== INFO ====*  stream_id=499996 latency=0.527116 ms (tx_ts=86516263602436, rx_ts=86516264129552) request_id=2460338 zil_blk_id=499996 ccf_commit_seqno=2460338 nstreams_done_=125000 config.nstreams=400000 avg_latency=0.7385 ms avg throuhgput (requests/sec) = 768.5023 res=false
*==== INFO ====*  stream_id=501996 latency=0.585154 ms (tx_ts=86516899386163, rx_ts=86516899971317) request_id=2468760 zil_blk_id=501996 ccf_commit_seqno=2468761 nstreams_done_=125500 config.nstreams=400000 avg_latency=0.7382 ms avg throuhgput (requests/sec) = 768.5719 res=false
*==== INFO ====*  stream_id=503996 latency=0.946541 ms (tx_ts=86517547331411, rx_ts=86517548277952) request_id=2476909 zil_blk_id=503996 ccf_commit_seqno=2476913 nstreams_done_=126000 config.nstreams=400000 avg_latency=0.7381 ms avg throuhgput (requests/sec) = 768.5824 res=false
*==== INFO ====*  stream_id=505996 latency=0.661196 ms (tx_ts=86518193099180, rx_ts=86518193760376) request_id=2485217 zil_blk_id=505996 ccf_commit_seqno=2485217 nstreams_done_=126500 config.nstreams=400000 avg_latency=0.7380 ms avg throuhgput (requests/sec) = 768.6061 res=false
*==== INFO ====*  stream_id=507996 latency=0.558405 ms (tx_ts=86518819151652, rx_ts=86518819710057) request_id=2493484 zil_blk_id=507996 ccf_commit_seqno=2493484 nstreams_done_=127000 config.nstreams=400000 avg_latency=0.7377 ms avg throuhgput (requests/sec) = 768.7204 res=false
*==== INFO ====*  stream_id=509996 latency=0.621346 ms (tx_ts=86519486576847, rx_ts=86519487198193) request_id=2502012 zil_blk_id=509996 ccf_commit_seqno=2502013 nstreams_done_=127500 config.nstreams=400000 avg_latency=0.7378 ms avg throuhgput (requests/sec) = 768.6414 res=false
*==== INFO ====*  stream_id=511996 latency=0.751155 ms (tx_ts=86520076903178, rx_ts=86520077654333) request_id=2509932 zil_blk_id=511996 ccf_commit_seqno=2509934 nstreams_done_=128000 config.nstreams=400000 avg_latency=0.7375 ms avg throuhgput (requests/sec) = 768.9186 res=false
*==== INFO ====*  stream_id=513996 latency=0.531755 ms (tx_ts=86520701830818, rx_ts=86520702362573) request_id=2518003 zil_blk_id=513996 ccf_commit_seqno=2518003 nstreams_done_=128500 config.nstreams=400000 avg_latency=0.7374 ms avg throuhgput (requests/sec) = 769.0362 res=false
*==== INFO ====*  stream_id=515996 latency=0.629858 ms (tx_ts=86521348396549, rx_ts=86521349026407) request_id=2526404 zil_blk_id=515996 ccf_commit_seqno=2526406 nstreams_done_=129000 config.nstreams=400000 avg_latency=0.7374 ms avg throuhgput (requests/sec) = 769.0522 res=false
*==== INFO ====*  stream_id=517996 latency=0.665465 ms (tx_ts=86522012402583, rx_ts=86522013068048) request_id=2535105 zil_blk_id=517996 ccf_commit_seqno=2535108 nstreams_done_=129500 config.nstreams=400000 avg_latency=0.7373 ms avg throuhgput (requests/sec) = 768.9888 res=false
*==== INFO ====*  stream_id=519996 latency=0.556861 ms (tx_ts=86522633198211, rx_ts=86522633755072) request_id=2543256 zil_blk_id=519996 ccf_commit_seqno=2543256 nstreams_done_=130000 config.nstreams=400000 avg_latency=0.7371 ms avg throuhgput (requests/sec) = 769.1231 res=false
*==== INFO ====*  stream_id=521996 latency=0.631960 ms (tx_ts=86523304742303, rx_ts=86523305374263) request_id=2551267 zil_blk_id=521996 ccf_commit_seqno=2551267 nstreams_done_=130500 config.nstreams=400000 avg_latency=0.7375 ms avg throuhgput (requests/sec) = 769.0255 res=false
*==== INFO ====*  stream_id=523996 latency=0.580896 ms (tx_ts=86523969226054, rx_ts=86523969806950) request_id=2559605 zil_blk_id=523996 ccf_commit_seqno=2559605 nstreams_done_=131000 config.nstreams=400000 avg_latency=0.7375 ms avg throuhgput (requests/sec) = 768.9612 res=false
*==== INFO ====*  stream_id=525996 latency=0.629678 ms (tx_ts=86524585989970, rx_ts=86524586619648) request_id=2567804 zil_blk_id=525996 ccf_commit_seqno=2567806 nstreams_done_=131500 config.nstreams=400000 avg_latency=0.7373 ms avg throuhgput (requests/sec) = 769.1114 res=false
*==== INFO ====*  stream_id=527996 latency=0.825655 ms (tx_ts=86525186711341, rx_ts=86525187536996) request_id=2575704 zil_blk_id=527996 ccf_commit_seqno=2575709 nstreams_done_=132000 config.nstreams=400000 avg_latency=0.7371 ms avg throuhgput (requests/sec) = 769.3319 res=false
*==== INFO ====*  stream_id=529996 latency=0.586136 ms (tx_ts=86525808461006, rx_ts=86525809047142) request_id=2583472 zil_blk_id=529996 ccf_commit_seqno=2583472 nstreams_done_=132500 config.nstreams=400000 avg_latency=0.7370 ms avg throuhgput (requests/sec) = 769.4588 res=false
*==== INFO ====*  stream_id=531996 latency=0.851082 ms (tx_ts=86526410552685, rx_ts=86526411403767) request_id=2591445 zil_blk_id=531996 ccf_commit_seqno=2591447 nstreams_done_=133000 config.nstreams=400000 avg_latency=0.7368 ms avg throuhgput (requests/sec) = 769.6701 res=false
*==== INFO ====*  stream_id=533996 latency=0.680743 ms (tx_ts=86527027367066, rx_ts=86527028047809) request_id=2599531 zil_blk_id=533996 ccf_commit_seqno=2599531 nstreams_done_=133500 config.nstreams=400000 avg_latency=0.7366 ms avg throuhgput (requests/sec) = 769.8165 res=false
*==== INFO ====*  stream_id=535996 latency=1.034044 ms (tx_ts=86527657956635, rx_ts=86527658990679) request_id=2607567 zil_blk_id=535996 ccf_commit_seqno=2607574 nstreams_done_=134000 config.nstreams=400000 avg_latency=0.7366 ms avg throuhgput (requests/sec) = 769.8986 res=false
*==== INFO ====*  stream_id=537996 latency=0.637225 ms (tx_ts=86528274618250, rx_ts=86528275255475) request_id=2615699 zil_blk_id=537996 ccf_commit_seqno=2615700 nstreams_done_=134500 config.nstreams=400000 avg_latency=0.7364 ms avg throuhgput (requests/sec) = 770.0448 res=false
*==== INFO ====*  stream_id=539996 latency=0.636039 ms (tx_ts=86528862904020, rx_ts=86528863540059) request_id=2623300 zil_blk_id=539996 ccf_commit_seqno=2623302 nstreams_done_=135000 config.nstreams=400000 avg_latency=0.7363 ms avg throuhgput (requests/sec) = 770.3130 res=false
*==== INFO ====*  stream_id=541996 latency=0.548325 ms (tx_ts=86529455281062, rx_ts=86529455829387) request_id=2631352 zil_blk_id=541996 ccf_commit_seqno=2631352 nstreams_done_=135500 config.nstreams=400000 avg_latency=0.7360 ms avg throuhgput (requests/sec) = 770.5618 res=false
*==== INFO ====*  stream_id=543996 latency=0.588992 ms (tx_ts=86530063318605, rx_ts=86530063907597) request_id=2639421 zil_blk_id=543996 ccf_commit_seqno=2639423 nstreams_done_=136000 config.nstreams=400000 avg_latency=0.7358 ms avg throuhgput (requests/sec) = 770.7399 res=false
*==== INFO ====*  stream_id=545996 latency=0.599360 ms (tx_ts=86530662239407, rx_ts=86530662838767) request_id=2647437 zil_blk_id=545996 ccf_commit_seqno=2647438 nstreams_done_=136500 config.nstreams=400000 avg_latency=0.7356 ms avg throuhgput (requests/sec) = 770.9567 res=false
*==== INFO ====*  stream_id=547996 latency=0.672607 ms (tx_ts=86531311539132, rx_ts=86531312211739) request_id=2655801 zil_blk_id=547996 ccf_commit_seqno=2655802 nstreams_done_=137000 config.nstreams=400000 avg_latency=0.7355 ms avg throuhgput (requests/sec) = 770.9531 res=false
*==== INFO ====*  stream_id=549996 latency=0.595183 ms (tx_ts=86531921101127, rx_ts=86531921696310) request_id=2663997 zil_blk_id=549996 ccf_commit_seqno=2663997 nstreams_done_=137500 config.nstreams=400000 avg_latency=0.7352 ms avg throuhgput (requests/sec) = 771.1220 res=false
*==== INFO ====*  stream_id=551996 latency=0.632614 ms (tx_ts=86532539499659, rx_ts=86532540132273) request_id=2672151 zil_blk_id=551996 ccf_commit_seqno=2672151 nstreams_done_=138000 config.nstreams=400000 avg_latency=0.7350 ms avg throuhgput (requests/sec) = 771.2512 res=false
*==== INFO ====*  stream_id=553996 latency=0.661697 ms (tx_ts=86533184735618, rx_ts=86533185397315) request_id=2680436 zil_blk_id=553996 ccf_commit_seqno=2680437 nstreams_done_=138500 config.nstreams=400000 avg_latency=0.7349 ms avg throuhgput (requests/sec) = 771.2642 res=false
*==== INFO ====*  stream_id=555996 latency=0.642461 ms (tx_ts=86533818042556, rx_ts=86533818685017) request_id=2688799 zil_blk_id=555996 ccf_commit_seqno=2688799 nstreams_done_=139000 config.nstreams=400000 avg_latency=0.7347 ms avg throuhgput (requests/sec) = 771.3284 res=false
*==== INFO ====*  stream_id=557996 latency=0.625750 ms (tx_ts=86534413654784, rx_ts=86534414280534) request_id=2696845 zil_blk_id=557996 ccf_commit_seqno=2696845 nstreams_done_=139500 config.nstreams=400000 avg_latency=0.7344 ms avg throuhgput (requests/sec) = 771.5529 res=false
*==== INFO ====*  stream_id=559996 latency=0.632263 ms (tx_ts=86535114847397, rx_ts=86535115479660) request_id=2705540 zil_blk_id=559996 ccf_commit_seqno=2705540 nstreams_done_=140000 config.nstreams=400000 avg_latency=0.7345 ms avg throuhgput (requests/sec) = 771.3270 res=false
*==== INFO ====*  stream_id=561996 latency=0.634336 ms (tx_ts=86535739518341, rx_ts=86535740152677) request_id=2713705 zil_blk_id=561996 ccf_commit_seqno=2713706 nstreams_done_=140500 config.nstreams=400000 avg_latency=0.7343 ms avg throuhgput (requests/sec) = 771.4268 res=false
*==== INFO ====*  stream_id=563996 latency=0.697364 ms (tx_ts=86536345166140, rx_ts=86536345863504) request_id=2721819 zil_blk_id=563996 ccf_commit_seqno=2721820 nstreams_done_=141000 config.nstreams=400000 avg_latency=0.7340 ms avg throuhgput (requests/sec) = 771.6059 res=false
*==== INFO ====*  stream_id=565996 latency=0.518560 ms (tx_ts=86536952241602, rx_ts=86536952760162) request_id=2729737 zil_blk_id=565996 ccf_commit_seqno=2729737 nstreams_done_=141500 config.nstreams=400000 avg_latency=0.7338 ms avg throuhgput (requests/sec) = 771.7789 res=false
*==== INFO ====*  stream_id=567996 latency=0.852735 ms (tx_ts=86537609212710, rx_ts=86537610065445) request_id=2738356 zil_blk_id=567996 ccf_commit_seqno=2738359 nstreams_done_=142000 config.nstreams=400000 avg_latency=0.7337 ms avg throuhgput (requests/sec) = 771.7393 res=false
*==== INFO ====*  stream_id=569996 latency=0.679551 ms (tx_ts=86538224951118, rx_ts=86538225630669) request_id=2746308 zil_blk_id=569996 ccf_commit_seqno=2746310 nstreams_done_=142500 config.nstreams=400000 avg_latency=0.7336 ms avg throuhgput (requests/sec) = 771.8744 res=false
*==== INFO ====*  stream_id=571996 latency=0.565498 ms (tx_ts=86538893043152, rx_ts=86538893608650) request_id=2754709 zil_blk_id=571996 ccf_commit_seqno=2754709 nstreams_done_=143000 config.nstreams=400000 avg_latency=0.7337 ms avg throuhgput (requests/sec) = 771.7902 res=false
*==== INFO ====*  stream_id=573996 latency=0.666026 ms (tx_ts=86539565377839, rx_ts=86539566043865) request_id=2762825 zil_blk_id=573996 ccf_commit_seqno=2762826 nstreams_done_=143500 config.nstreams=400000 avg_latency=0.7339 ms avg throuhgput (requests/sec) = 771.6882 res=false
*==== INFO ====*  stream_id=575996 latency=0.557313 ms (tx_ts=86540189195747, rx_ts=86540189753060) request_id=2771039 zil_blk_id=575996 ccf_commit_seqno=2771039 nstreams_done_=144000 config.nstreams=400000 avg_latency=0.7337 ms avg throuhgput (requests/sec) = 771.7883 res=false
*==== INFO ====*  stream_id=577996 latency=0.682912 ms (tx_ts=86540815971606, rx_ts=86540816654518) request_id=2779203 zil_blk_id=577996 ccf_commit_seqno=2779203 nstreams_done_=144500 config.nstreams=400000 avg_latency=0.7336 ms avg throuhgput (requests/sec) = 771.8747 res=false
*==== INFO ====*  stream_id=579996 latency=0.565518 ms (tx_ts=86541469770124, rx_ts=86541470335642) request_id=2787567 zil_blk_id=579996 ccf_commit_seqno=2787568 nstreams_done_=145000 config.nstreams=400000 avg_latency=0.7336 ms avg throuhgput (requests/sec) = 771.8504 res=false
*==== INFO ====*  stream_id=581996 latency=0.732630 ms (tx_ts=86542070172531, rx_ts=86542070905161) request_id=2795581 zil_blk_id=581996 ccf_commit_seqno=2795581 nstreams_done_=145500 config.nstreams=400000 avg_latency=0.7333 ms avg throuhgput (requests/sec) = 772.0438 res=false
*==== INFO ====*  stream_id=583996 latency=0.553254 ms (tx_ts=86542707756265, rx_ts=86542708309519) request_id=2803933 zil_blk_id=583996 ccf_commit_seqno=2803933 nstreams_done_=146000 config.nstreams=400000 avg_latency=0.7331 ms avg throuhgput (requests/sec) = 772.0856 res=false
*==== INFO ====*  stream_id=585996 latency=0.634988 ms (tx_ts=86543376573254, rx_ts=86543377208242) request_id=2812461 zil_blk_id=585996 ccf_commit_seqno=2812463 nstreams_done_=146500 config.nstreams=400000 avg_latency=0.7331 ms avg throuhgput (requests/sec) = 771.9989 res=false
*==== INFO ====*  stream_id=587996 latency=0.657373 ms (tx_ts=86543989938629, rx_ts=86543990596002) request_id=2820516 zil_blk_id=587996 ccf_commit_seqno=2820517 nstreams_done_=147000 config.nstreams=400000 avg_latency=0.7329 ms avg throuhgput (requests/sec) = 772.1379 res=false
*==== INFO ====*  stream_id=589996 latency=0.801304 ms (tx_ts=86544610318508, rx_ts=86544611119812) request_id=2828751 zil_blk_id=589996 ccf_commit_seqno=2828751 nstreams_done_=147500 config.nstreams=400000 avg_latency=0.7328 ms avg throuhgput (requests/sec) = 772.2472 res=false
*==== INFO ====*  stream_id=591996 latency=0.657579 ms (tx_ts=86545206619446, rx_ts=86545207277025) request_id=2836729 zil_blk_id=591996 ccf_commit_seqno=2836731 nstreams_done_=148000 config.nstreams=400000 avg_latency=0.7326 ms avg throuhgput (requests/sec) = 772.4540 res=false
*==== INFO ====*  stream_id=593996 latency=0.614570 ms (tx_ts=86545868615081, rx_ts=86545869229651) request_id=2844721 zil_blk_id=593996 ccf_commit_seqno=2844722 nstreams_done_=148500 config.nstreams=400000 avg_latency=0.7327 ms avg throuhgput (requests/sec) = 772.3950 res=false
*==== INFO ====*  stream_id=595996 latency=0.856291 ms (tx_ts=86546502800524, rx_ts=86546503656815) request_id=2852614 zil_blk_id=595996 ccf_commit_seqno=2852617 nstreams_done_=149000 config.nstreams=400000 avg_latency=0.7328 ms avg throuhgput (requests/sec) = 772.4467 res=false
*==== INFO ====*  stream_id=597996 latency=0.557445 ms (tx_ts=86547131639224, rx_ts=86547132196669) request_id=2860571 zil_blk_id=597996 ccf_commit_seqno=2860572 nstreams_done_=149500 config.nstreams=400000 avg_latency=0.7328 ms avg throuhgput (requests/sec) = 772.5216 res=false
*==== INFO ====*  stream_id=599996 latency=0.530422 ms (tx_ts=86547785637553, rx_ts=86547786167975) request_id=2868661 zil_blk_id=599996 ccf_commit_seqno=2868661 nstreams_done_=150000 config.nstreams=400000 avg_latency=0.7329 ms avg throuhgput (requests/sec) = 772.4948 res=false
*==== INFO ====*  stream_id=601996 latency=0.732760 ms (tx_ts=86548422630266, rx_ts=86548423363026) request_id=2876688 zil_blk_id=601996 ccf_commit_seqno=2876688 nstreams_done_=150500 config.nstreams=400000 avg_latency=0.7329 ms avg throuhgput (requests/sec) = 772.5347 res=false
*==== INFO ====*  stream_id=603996 latency=0.540170 ms (tx_ts=86549043374809, rx_ts=86549043914979) request_id=2884653 zil_blk_id=603996 ccf_commit_seqno=2884653 nstreams_done_=151000 config.nstreams=400000 avg_latency=0.7329 ms avg throuhgput (requests/sec) = 772.6401 res=false
*==== INFO ====*  stream_id=605996 latency=0.634327 ms (tx_ts=86549685231607, rx_ts=86549685865934) request_id=2892778 zil_blk_id=605996 ccf_commit_seqno=2892778 nstreams_done_=151500 config.nstreams=400000 avg_latency=0.7329 ms avg throuhgput (requests/sec) = 772.6605 res=false
*==== INFO ====*  stream_id=607996 latency=0.577280 ms (tx_ts=86550305282027, rx_ts=86550305859307) request_id=2900808 zil_blk_id=607996 ccf_commit_seqno=2900808 nstreams_done_=152000 config.nstreams=400000 avg_latency=0.7327 ms avg throuhgput (requests/sec) = 772.7670 res=false
*==== INFO ====*  stream_id=609996 latency=0.866231 ms (tx_ts=86550924979580, rx_ts=86550925845811) request_id=2908872 zil_blk_id=609996 ccf_commit_seqno=2908873 nstreams_done_=152500 config.nstreams=400000 avg_latency=0.7326 ms avg throuhgput (requests/sec) = 772.8729 res=false
*==== INFO ====*  stream_id=611996 latency=0.658712 ms (tx_ts=86551547670521, rx_ts=86551548329233) request_id=2916994 zil_blk_id=611996 ccf_commit_seqno=2916995 nstreams_done_=153000 config.nstreams=400000 avg_latency=0.7325 ms avg throuhgput (requests/sec) = 772.9684 res=false
*==== INFO ====*  stream_id=613996 latency=0.708485 ms (tx_ts=86552174101459, rx_ts=86552174809944) request_id=2925327 zil_blk_id=613996 ccf_commit_seqno=2925328 nstreams_done_=153500 config.nstreams=400000 avg_latency=0.7324 ms avg throuhgput (requests/sec) = 773.0477 res=false
*==== INFO ====*  stream_id=615996 latency=0.720438 ms (tx_ts=86552814371339, rx_ts=86552815091777) request_id=2933690 zil_blk_id=615996 ccf_commit_seqno=2933692 nstreams_done_=154000 config.nstreams=400000 avg_latency=0.7323 ms avg throuhgput (requests/sec) = 773.0730 res=false
*==== INFO ====*  stream_id=617996 latency=0.621533 ms (tx_ts=86553450561926, rx_ts=86553451183459) request_id=2941886 zil_blk_id=617996 ccf_commit_seqno=2941887 nstreams_done_=154500 config.nstreams=400000 avg_latency=0.7322 ms avg throuhgput (requests/sec) = 773.1143 res=false
*==== INFO ====*  stream_id=619996 latency=0.555358 ms (tx_ts=86554078855958, rx_ts=86554079411316) request_id=2950149 zil_blk_id=619996 ccf_commit_seqno=2950149 nstreams_done_=155000 config.nstreams=400000 avg_latency=0.7320 ms avg throuhgput (requests/sec) = 773.1857 res=false
*==== INFO ====*  stream_id=621996 latency=0.647631 ms (tx_ts=86554741169188, rx_ts=86554741816819) request_id=2958249 zil_blk_id=621996 ccf_commit_seqno=2958252 nstreams_done_=155500 config.nstreams=400000 avg_latency=0.7321 ms avg throuhgput (requests/sec) = 773.1252 res=false
*==== INFO ====*  stream_id=623996 latency=0.753138 ms (tx_ts=86555379720625, rx_ts=86555380473763) request_id=2966400 zil_blk_id=623996 ccf_commit_seqno=2966401 nstreams_done_=156000 config.nstreams=400000 avg_latency=0.7321 ms avg throuhgput (requests/sec) = 773.1561 res=false
*==== INFO ====*  stream_id=625996 latency=0.747248 ms (tx_ts=86555993580611, rx_ts=86555994327859) request_id=2974393 zil_blk_id=625996 ccf_commit_seqno=2974395 nstreams_done_=156500 config.nstreams=400000 avg_latency=0.7320 ms avg throuhgput (requests/sec) = 773.2816 res=false
*==== INFO ====*  stream_id=627996 latency=0.832698 ms (tx_ts=86556603022702, rx_ts=86556603855400) request_id=2982434 zil_blk_id=627996 ccf_commit_seqno=2982434 nstreams_done_=157000 config.nstreams=400000 avg_latency=0.7318 ms avg throuhgput (requests/sec) = 773.4228 res=false
*==== INFO ====*  stream_id=629996 latency=0.743852 ms (tx_ts=86557221041282, rx_ts=86557221785134) request_id=2990308 zil_blk_id=629996 ccf_commit_seqno=2990311 nstreams_done_=157500 config.nstreams=400000 avg_latency=0.7317 ms avg throuhgput (requests/sec) = 773.5312 res=false
*==== INFO ====*  stream_id=631996 latency=0.586847 ms (tx_ts=86557834057451, rx_ts=86557834644298) request_id=2998357 zil_blk_id=631996 ccf_commit_seqno=2998359 nstreams_done_=158000 config.nstreams=400000 avg_latency=0.7316 ms avg throuhgput (requests/sec) = 773.6582 res=false
*==== INFO ====*  stream_id=633996 latency=0.797402 ms (tx_ts=86558466870443, rx_ts=86558467667845) request_id=3006416 zil_blk_id=633996 ccf_commit_seqno=3006419 nstreams_done_=158500 config.nstreams=400000 avg_latency=0.7316 ms avg throuhgput (requests/sec) = 773.7083 res=false
*==== INFO ====*  stream_id=635996 latency=0.557172 ms (tx_ts=86559058022290, rx_ts=86559058579462) request_id=3014423 zil_blk_id=635996 ccf_commit_seqno=3014423 nstreams_done_=159000 config.nstreams=400000 avg_latency=0.7313 ms avg throuhgput (requests/sec) = 773.9166 res=false
*==== INFO ====*  stream_id=637996 latency=0.625199 ms (tx_ts=86559653230924, rx_ts=86559653856123) request_id=3022335 zil_blk_id=637996 ccf_commit_seqno=3022335 nstreams_done_=159500 config.nstreams=400000 avg_latency=0.7311 ms avg throuhgput (requests/sec) = 774.1074 res=false
*==== INFO ====*  stream_id=639996 latency=0.653292 ms (tx_ts=86560245295702, rx_ts=86560245948994) request_id=3030398 zil_blk_id=639996 ccf_commit_seqno=3030400 nstreams_done_=160000 config.nstreams=400000 avg_latency=0.7308 ms avg throuhgput (requests/sec) = 774.3090 res=false
*==== INFO ====*  stream_id=641996 latency=0.647160 ms (tx_ts=86560845812347, rx_ts=86560846459507) request_id=3038484 zil_blk_id=641996 ccf_commit_seqno=3038487 nstreams_done_=160500 config.nstreams=400000 avg_latency=0.7305 ms avg throuhgput (requests/sec) = 774.4780 res=false
*==== INFO ====*  stream_id=643996 latency=0.696052 ms (tx_ts=86561460951037, rx_ts=86561461647089) request_id=3046568 zil_blk_id=643996 ccf_commit_seqno=3046568 nstreams_done_=161000 config.nstreams=400000 avg_latency=0.7304 ms avg throuhgput (requests/sec) = 774.5913 res=false
*==== INFO ====*  stream_id=645996 latency=0.606965 ms (tx_ts=86562068411029, rx_ts=86562069017994) request_id=3054757 zil_blk_id=645996 ccf_commit_seqno=3054757 nstreams_done_=161500 config.nstreams=400000 avg_latency=0.7302 ms avg throuhgput (requests/sec) = 774.7330 res=false
*==== INFO ====*  stream_id=647996 latency=0.940890 ms (tx_ts=86562691343920, rx_ts=86562692284810) request_id=3062891 zil_blk_id=647996 ccf_commit_seqno=3062894 nstreams_done_=162000 config.nstreams=400000 avg_latency=0.7300 ms avg throuhgput (requests/sec) = 774.8149 res=false
*==== INFO ====*  stream_id=649996 latency=0.738561 ms (tx_ts=86563351701667, rx_ts=86563352440228) request_id=3071325 zil_blk_id=649996 ccf_commit_seqno=3071326 nstreams_done_=162500 config.nstreams=400000 avg_latency=0.7300 ms avg throuhgput (requests/sec) = 774.7601 res=false
*==== INFO ====*  stream_id=651996 latency=0.557393 ms (tx_ts=86563947563761, rx_ts=86563948121154) request_id=3079412 zil_blk_id=651996 ccf_commit_seqno=3079412 nstreams_done_=163000 config.nstreams=400000 avg_latency=0.7298 ms avg throuhgput (requests/sec) = 774.9431 res=false
*==== INFO ====*  stream_id=653996 latency=0.780951 ms (tx_ts=86564549143895, rx_ts=86564549924846) request_id=3087432 zil_blk_id=653996 ccf_commit_seqno=3087433 nstreams_done_=163500 config.nstreams=400000 avg_latency=0.7296 ms avg throuhgput (requests/sec) = 775.1026 res=false
*==== INFO ====*  stream_id=655996 latency=0.625850 ms (tx_ts=86565198283691, rx_ts=86565198909541) request_id=3095677 zil_blk_id=655996 ccf_commit_seqno=3095678 nstreams_done_=164000 config.nstreams=400000 avg_latency=0.7296 ms avg throuhgput (requests/sec) = 775.0882 res=false
*==== INFO ====*  stream_id=657996 latency=0.541202 ms (tx_ts=86565839691796, rx_ts=86565840232998) request_id=3103932 zil_blk_id=657996 ccf_commit_seqno=3103932 nstreams_done_=164500 config.nstreams=400000 avg_latency=0.7295 ms avg throuhgput (requests/sec) = 775.1020 res=false
*==== INFO ====*  stream_id=659996 latency=0.761575 ms (tx_ts=86566485531844, rx_ts=86566486293419) request_id=3112257 zil_blk_id=659996 ccf_commit_seqno=3112257 nstreams_done_=165000 config.nstreams=400000 avg_latency=0.7294 ms avg throuhgput (requests/sec) = 775.0984 res=false
*==== INFO ====*  stream_id=661996 latency=0.856272 ms (tx_ts=86567120246413, rx_ts=86567121102685) request_id=3120638 zil_blk_id=661996 ccf_commit_seqno=3120639 nstreams_done_=165500 config.nstreams=400000 avg_latency=0.7293 ms avg throuhgput (requests/sec) = 775.1357 res=false
*==== INFO ====*  stream_id=663996 latency=0.618927 ms (tx_ts=86567759815617, rx_ts=86567760434544) request_id=3129139 zil_blk_id=663996 ccf_commit_seqno=3129139 nstreams_done_=166000 config.nstreams=400000 avg_latency=0.7291 ms avg throuhgput (requests/sec) = 775.1564 res=false
*==== INFO ====*  stream_id=665996 latency=0.799305 ms (tx_ts=86568403523841, rx_ts=86568404323146) request_id=3137461 zil_blk_id=665996 ccf_commit_seqno=3137463 nstreams_done_=166500 config.nstreams=400000 avg_latency=0.7292 ms avg throuhgput (requests/sec) = 775.1605 res=false
*==== INFO ====*  stream_id=667996 latency=0.734063 ms (tx_ts=86569038338687, rx_ts=86569039072750) request_id=3145529 zil_blk_id=667996 ccf_commit_seqno=3145532 nstreams_done_=167000 config.nstreams=400000 avg_latency=0.7292 ms avg throuhgput (requests/sec) = 775.1975 res=false
*==== INFO ====*  stream_id=669996 latency=1.010140 ms (tx_ts=86569655955180, rx_ts=86569656965320) request_id=3153867 zil_blk_id=669996 ccf_commit_seqno=3153870 nstreams_done_=167500 config.nstreams=400000 avg_latency=0.7289 ms avg throuhgput (requests/sec) = 775.2947 res=false
*==== INFO ====*  stream_id=671996 latency=0.799485 ms (tx_ts=86570269043113, rx_ts=86570269842598) request_id=3162074 zil_blk_id=671996 ccf_commit_seqno=3162076 nstreams_done_=168000 config.nstreams=400000 avg_latency=0.7287 ms avg throuhgput (requests/sec) = 775.4094 res=false
*==== INFO ====*  stream_id=673996 latency=0.673259 ms (tx_ts=86570857939000, rx_ts=86570858612259) request_id=3169942 zil_blk_id=673996 ccf_commit_seqno=3169945 nstreams_done_=168500 config.nstreams=400000 avg_latency=0.7284 ms avg throuhgput (requests/sec) = 775.6094 res=false
*==== INFO ====*  stream_id=675996 latency=0.843738 ms (tx_ts=86571488217859, rx_ts=86571489061597) request_id=3178009 zil_blk_id=675996 ccf_commit_seqno=3178012 nstreams_done_=169000 config.nstreams=400000 avg_latency=0.7284 ms avg throuhgput (requests/sec) = 775.6600 res=false
*==== INFO ====*  stream_id=677996 latency=0.552342 ms (tx_ts=86572098531693, rx_ts=86572099084035) request_id=3185886 zil_blk_id=677996 ccf_commit_seqno=3185886 nstreams_done_=169500 config.nstreams=400000 avg_latency=0.7282 ms avg throuhgput (requests/sec) = 775.7828 res=false
*==== INFO ====*  stream_id=679996 latency=0.742449 ms (tx_ts=86572697271254, rx_ts=86572698013703) request_id=3193830 zil_blk_id=679996 ccf_commit_seqno=3193832 nstreams_done_=170000 config.nstreams=400000 avg_latency=0.7280 ms avg throuhgput (requests/sec) = 775.9442 res=false
*==== INFO ====*  stream_id=681996 latency=0.789847 ms (tx_ts=86573310683691, rx_ts=86573311473538) request_id=3201775 zil_blk_id=681996 ccf_commit_seqno=3201776 nstreams_done_=170500 config.nstreams=400000 avg_latency=0.7279 ms avg throuhgput (requests/sec) = 776.0534 res=false
*==== INFO ====*  stream_id=683996 latency=1.066254 ms (tx_ts=86573957289293, rx_ts=86573958355547) request_id=3209793 zil_blk_id=683996 ccf_commit_seqno=3209802 nstreams_done_=171000 config.nstreams=400000 avg_latency=0.7279 ms avg throuhgput (requests/sec) = 776.0443 res=false
*==== INFO ====*  stream_id=685996 latency=0.571480 ms (tx_ts=86574548749162, rx_ts=86574549320642) request_id=3217685 zil_blk_id=685996 ccf_commit_seqno=3217685 nstreams_done_=171500 config.nstreams=400000 avg_latency=0.7278 ms avg throuhgput (requests/sec) = 776.2316 res=false
*==== INFO ====*  stream_id=687996 latency=0.843669 ms (tx_ts=86575171509358, rx_ts=86575172353027) request_id=3225824 zil_blk_id=687996 ccf_commit_seqno=3225829 nstreams_done_=172000 config.nstreams=400000 avg_latency=0.7278 ms avg throuhgput (requests/sec) = 776.3055 res=false
*==== INFO ====*  stream_id=689996 latency=0.592537 ms (tx_ts=86575781326299, rx_ts=86575781918836) request_id=3233861 zil_blk_id=689996 ccf_commit_seqno=3233861 nstreams_done_=172500 config.nstreams=400000 avg_latency=0.7276 ms avg throuhgput (requests/sec) = 776.4261 res=false
*==== INFO ====*  stream_id=691996 latency=0.715087 ms (tx_ts=86576383449075, rx_ts=86576384164162) request_id=3241865 zil_blk_id=691996 ccf_commit_seqno=3241866 nstreams_done_=173000 config.nstreams=400000 avg_latency=0.7274 ms avg throuhgput (requests/sec) = 776.5715 res=false
*==== INFO ====*  stream_id=693996 latency=0.613708 ms (tx_ts=86576991446677, rx_ts=86576992060385) request_id=3249912 zil_blk_id=693996 ccf_commit_seqno=3249912 nstreams_done_=173500 config.nstreams=400000 avg_latency=0.7273 ms avg throuhgput (requests/sec) = 776.6966 res=false
*==== INFO ====*  stream_id=695996 latency=0.646139 ms (tx_ts=86577641480451, rx_ts=86577642126590) request_id=3257867 zil_blk_id=695996 ccf_commit_seqno=3257869 nstreams_done_=174000 config.nstreams=400000 avg_latency=0.7275 ms avg throuhgput (requests/sec) = 776.6747 res=false
*==== INFO ====*  stream_id=697996 latency=0.865069 ms (tx_ts=86578268549926, rx_ts=86578269414995) request_id=3266138 zil_blk_id=697996 ccf_commit_seqno=3266141 nstreams_done_=174500 config.nstreams=400000 avg_latency=0.7274 ms avg throuhgput (requests/sec) = 776.7316 res=false
*==== INFO ====*  stream_id=699996 latency=0.665245 ms (tx_ts=86578919403617, rx_ts=86578920068862) request_id=3274322 zil_blk_id=699996 ccf_commit_seqno=3274322 nstreams_done_=175000 config.nstreams=400000 avg_latency=0.7275 ms avg throuhgput (requests/sec) = 776.7077 res=false
*==== INFO ====*  stream_id=701996 latency=0.551733 ms (tx_ts=86579546676304, rx_ts=86579547228037) request_id=3282467 zil_blk_id=701996 ccf_commit_seqno=3282467 nstreams_done_=175500 config.nstreams=400000 avg_latency=0.7275 ms avg throuhgput (requests/sec) = 776.7648 res=false
*==== INFO ====*  stream_id=703996 latency=0.619258 ms (tx_ts=86580133581495, rx_ts=86580134200753) request_id=3290613 zil_blk_id=703996 ccf_commit_seqno=3290613 nstreams_done_=176000 config.nstreams=400000 avg_latency=0.7272 ms avg throuhgput (requests/sec) = 776.9593 res=false
*==== INFO ====*  stream_id=705996 latency=0.644916 ms (tx_ts=86580798272844, rx_ts=86580798917760) request_id=3299210 zil_blk_id=705996 ccf_commit_seqno=3299210 nstreams_done_=176500 config.nstreams=400000 avg_latency=0.7272 ms avg throuhgput (requests/sec) = 776.8868 res=false
*==== INFO ====*  stream_id=707996 latency=0.924370 ms (tx_ts=86581478020665, rx_ts=86581478945035) request_id=3307797 zil_blk_id=707996 ccf_commit_seqno=3307800 nstreams_done_=177000 config.nstreams=400000 avg_latency=0.7273 ms avg throuhgput (requests/sec) = 776.7626 res=false
*==== INFO ====*  stream_id=709996 latency=0.550711 ms (tx_ts=86582125836688, rx_ts=86582126387399) request_id=3316036 zil_blk_id=709996 ccf_commit_seqno=3316037 nstreams_done_=177500 config.nstreams=400000 avg_latency=0.7273 ms avg throuhgput (requests/sec) = 776.7499 res=false
*==== INFO ====*  stream_id=711996 latency=0.614489 ms (tx_ts=86582813904413, rx_ts=86582814518902) request_id=3324634 zil_blk_id=711996 ccf_commit_seqno=3324635 nstreams_done_=178000 config.nstreams=400000 avg_latency=0.7274 ms avg throuhgput (requests/sec) = 776.5993 res=false
*==== INFO ====*  stream_id=713996 latency=0.658562 ms (tx_ts=86583483945703, rx_ts=86583484604265) request_id=3333041 zil_blk_id=713996 ccf_commit_seqno=3333043 nstreams_done_=178500 config.nstreams=400000 avg_latency=0.7275 ms avg throuhgput (requests/sec) = 776.5106 res=false
*==== INFO ====*  stream_id=715996 latency=0.931322 ms (tx_ts=86584079338293, rx_ts=86584080269615) request_id=3340892 zil_blk_id=715996 ccf_commit_seqno=3340894 nstreams_done_=179000 config.nstreams=400000 avg_latency=0.7274 ms avg throuhgput (requests/sec) = 776.6732 res=false
*==== INFO ====*  stream_id=717996 latency=0.664954 ms (tx_ts=86584685590193, rx_ts=86584686255147) request_id=3348964 zil_blk_id=717996 ccf_commit_seqno=3348965 nstreams_done_=179500 config.nstreams=400000 avg_latency=0.7272 ms avg throuhgput (requests/sec) = 776.8002 res=false
*==== INFO ====*  stream_id=719996 latency=0.606064 ms (tx_ts=86585286522692, rx_ts=86585287128756) request_id=3356936 zil_blk_id=719996 ccf_commit_seqno=3356939 nstreams_done_=180000 config.nstreams=400000 avg_latency=0.7271 ms avg throuhgput (requests/sec) = 776.9437 res=false
*==== INFO ====*  stream_id=721996 latency=0.632592 ms (tx_ts=86585891756562, rx_ts=86585892389154) request_id=3364706 zil_blk_id=721996 ccf_commit_seqno=3364707 nstreams_done_=180500 config.nstreams=400000 avg_latency=0.7271 ms avg throuhgput (requests/sec) = 777.0717 res=false
*==== INFO ====*  stream_id=723996 latency=0.637092 ms (tx_ts=86586472217845, rx_ts=86586472854937) request_id=3372594 zil_blk_id=723996 ccf_commit_seqno=3372595 nstreams_done_=181000 config.nstreams=400000 avg_latency=0.7269 ms avg throuhgput (requests/sec) = 777.2819 res=false
*==== INFO ====*  stream_id=725996 latency=0.602076 ms (tx_ts=86587073337432, rx_ts=86587073939508) request_id=3380504 zil_blk_id=725996 ccf_commit_seqno=3380507 nstreams_done_=181500 config.nstreams=400000 avg_latency=0.7267 ms avg throuhgput (requests/sec) = 777.4223 res=false
*==== INFO ====*  stream_id=727996 latency=0.818481 ms (tx_ts=86587681360015, rx_ts=86587682178496) request_id=3388565 zil_blk_id=727996 ccf_commit_seqno=3388568 nstreams_done_=182000 config.nstreams=400000 avg_latency=0.7265 ms avg throuhgput (requests/sec) = 777.5383 res=false
*==== INFO ====*  stream_id=729996 latency=0.674070 ms (tx_ts=86588323665525, rx_ts=86588324339595) request_id=3396696 zil_blk_id=729996 ccf_commit_seqno=3396697 nstreams_done_=182500 config.nstreams=400000 avg_latency=0.7265 ms avg throuhgput (requests/sec) = 777.5412 res=false
*==== INFO ====*  stream_id=731996 latency=0.724234 ms (tx_ts=86588941302021, rx_ts=86588942026255) request_id=3404752 zil_blk_id=731996 ccf_commit_seqno=3404753 nstreams_done_=183000 config.nstreams=400000 avg_latency=0.7265 ms avg throuhgput (requests/sec) = 777.6250 res=false
*==== INFO ====*  stream_id=733996 latency=0.834822 ms (tx_ts=86589580139563, rx_ts=86589580974385) request_id=3413106 zil_blk_id=733996 ccf_commit_seqno=3413106 nstreams_done_=183500 config.nstreams=400000 avg_latency=0.7264 ms avg throuhgput (requests/sec) = 777.6383 res=false
*==== INFO ====*  stream_id=735996 latency=0.585395 ms (tx_ts=86590196576509, rx_ts=86590197161904) request_id=3421164 zil_blk_id=735996 ccf_commit_seqno=3421165 nstreams_done_=184000 config.nstreams=400000 avg_latency=0.7263 ms avg throuhgput (requests/sec) = 777.7264 res=false
*==== INFO ====*  stream_id=737996 latency=0.650056 ms (tx_ts=86590837885437, rx_ts=86590838535493) request_id=3429491 zil_blk_id=737996 ccf_commit_seqno=3429493 nstreams_done_=184500 config.nstreams=400000 avg_latency=0.7263 ms avg throuhgput (requests/sec) = 777.7314 res=false
*==== INFO ====*  stream_id=739996 latency=0.956600 ms (tx_ts=86591462364645, rx_ts=86591463321245) request_id=3437861 zil_blk_id=739996 ccf_commit_seqno=3437867 nstreams_done_=185000 config.nstreams=400000 avg_latency=0.7261 ms avg throuhgput (requests/sec) = 777.7906 res=false
*==== INFO ====*  stream_id=741996 latency=0.821446 ms (tx_ts=86592091032386, rx_ts=86592091853832) request_id=3446212 zil_blk_id=741996 ccf_commit_seqno=3446213 nstreams_done_=185500 config.nstreams=400000 avg_latency=0.7260 ms avg throuhgput (requests/sec) = 777.8373 res=false
*==== INFO ====*  stream_id=743996 latency=0.594111 ms (tx_ts=86592758717763, rx_ts=86592759311874) request_id=3454548 zil_blk_id=743996 ccf_commit_seqno=3454548 nstreams_done_=186000 config.nstreams=400000 avg_latency=0.7262 ms avg throuhgput (requests/sec) = 777.7571 res=false
*==== INFO ====*  stream_id=745996 latency=0.579123 ms (tx_ts=86593390315284, rx_ts=86593390894407) request_id=3462628 zil_blk_id=745996 ccf_commit_seqno=3462628 nstreams_done_=186500 config.nstreams=400000 avg_latency=0.7262 ms avg throuhgput (requests/sec) = 777.7937 res=false
*==== INFO ====*  stream_id=747996 latency=0.674295 ms (tx_ts=86593983457891, rx_ts=86593984132186) request_id=3470722 zil_blk_id=747996 ccf_commit_seqno=3470722 nstreams_done_=187000 config.nstreams=400000 avg_latency=0.7259 ms avg throuhgput (requests/sec) = 777.9542 res=false
*==== INFO ====*  stream_id=749996 latency=0.533848 ms (tx_ts=86594589447171, rx_ts=86594589981019) request_id=3478730 zil_blk_id=749996 ccf_commit_seqno=3478731 nstreams_done_=187500 config.nstreams=400000 avg_latency=0.7258 ms avg throuhgput (requests/sec) = 778.0732 res=false
*==== INFO ====*  stream_id=751996 latency=0.889624 ms (tx_ts=86595211579651, rx_ts=86595212469275) request_id=3487048 zil_blk_id=751996 ccf_commit_seqno=3487051 nstreams_done_=188000 config.nstreams=400000 avg_latency=0.7256 ms avg throuhgput (requests/sec) = 778.1381 res=false
*==== INFO ====*  stream_id=753996 latency=0.648022 ms (tx_ts=86595810456914, rx_ts=86595811104936) request_id=3495145 zil_blk_id=753996 ccf_commit_seqno=3495147 nstreams_done_=188500 config.nstreams=400000 avg_latency=0.7254 ms avg throuhgput (requests/sec) = 778.2792 res=false
*==== INFO ====*  stream_id=755996 latency=0.556762 ms (tx_ts=86596455352211, rx_ts=86596455908973) request_id=3503302 zil_blk_id=755996 ccf_commit_seqno=3503302 nstreams_done_=189000 config.nstreams=400000 avg_latency=0.7254 ms avg throuhgput (requests/sec) = 778.2716 res=false
*==== INFO ====*  stream_id=757996 latency=0.675944 ms (tx_ts=86597093052538, rx_ts=86597093728482) request_id=3511901 zil_blk_id=757996 ccf_commit_seqno=3511902 nstreams_done_=189500 config.nstreams=400000 avg_latency=0.7253 ms avg throuhgput (requests/sec) = 778.2864 res=false
*==== INFO ====*  stream_id=759996 latency=0.631682 ms (tx_ts=86597718397975, rx_ts=86597719029657) request_id=3519987 zil_blk_id=759996 ccf_commit_seqno=3519989 nstreams_done_=190000 config.nstreams=400000 avg_latency=0.7252 ms avg throuhgput (requests/sec) = 778.3410 res=false
*==== INFO ====*  stream_id=761996 latency=0.639138 ms (tx_ts=86598342576364, rx_ts=86598343215502) request_id=3528234 zil_blk_id=761996 ccf_commit_seqno=3528234 nstreams_done_=190500 config.nstreams=400000 avg_latency=0.7251 ms avg throuhgput (requests/sec) = 778.3989 res=false
*==== INFO ====*  stream_id=763996 latency=0.548967 ms (tx_ts=86598996665510, rx_ts=86598997214477) request_id=3536794 zil_blk_id=763996 ccf_commit_seqno=3536794 nstreams_done_=191000 config.nstreams=400000 avg_latency=0.7250 ms avg throuhgput (requests/sec) = 778.3620 res=false
*==== INFO ====*  stream_id=765996 latency=0.502400 ms (tx_ts=86599642427659, rx_ts=86599642930059) request_id=3544909 zil_blk_id=765996 ccf_commit_seqno=3544909 nstreams_done_=191500 config.nstreams=400000 avg_latency=0.7250 ms avg throuhgput (requests/sec) = 778.3514 res=false
*==== INFO ====*  stream_id=767996 latency=0.606725 ms (tx_ts=86600286863091, rx_ts=86600287469816) request_id=3553062 zil_blk_id=767996 ccf_commit_seqno=3553063 nstreams_done_=192000 config.nstreams=400000 avg_latency=0.7250 ms avg throuhgput (requests/sec) = 778.3446 res=false
*==== INFO ====*  stream_id=769996 latency=0.754329 ms (tx_ts=86600923853100, rx_ts=86600924607429) request_id=3561319 zil_blk_id=769996 ccf_commit_seqno=3561321 nstreams_done_=192500 config.nstreams=400000 avg_latency=0.7249 ms avg throuhgput (requests/sec) = 778.3611 res=false
*==== INFO ====*  stream_id=771996 latency=0.612196 ms (tx_ts=86601535861424, rx_ts=86601536473620) request_id=3569299 zil_blk_id=771996 ccf_commit_seqno=3569300 nstreams_done_=193000 config.nstreams=400000 avg_latency=0.7249 ms avg throuhgput (requests/sec) = 778.4569 res=false
*==== INFO ====*  stream_id=773996 latency=0.669933 ms (tx_ts=86602143409330, rx_ts=86602144079263) request_id=3577318 zil_blk_id=773996 ccf_commit_seqno=3577320 nstreams_done_=193500 config.nstreams=400000 avg_latency=0.7247 ms avg throuhgput (requests/sec) = 778.5656 res=false
*==== INFO ====*  stream_id=775996 latency=0.617425 ms (tx_ts=86602779913219, rx_ts=86602780530644) request_id=3585472 zil_blk_id=775996 ccf_commit_seqno=3585474 nstreams_done_=194000 config.nstreams=400000 avg_latency=0.7246 ms avg throuhgput (requests/sec) = 778.5836 res=false
*==== INFO ====*  stream_id=777996 latency=0.636691 ms (tx_ts=86603491263077, rx_ts=86603491899768) request_id=3594504 zil_blk_id=777996 ccf_commit_seqno=3594505 nstreams_done_=194500 config.nstreams=400000 avg_latency=0.7246 ms avg throuhgput (requests/sec) = 778.3680 res=false
*==== INFO ====*  stream_id=779996 latency=0.770221 ms (tx_ts=86604124322551, rx_ts=86604125092772) request_id=3602703 zil_blk_id=779996 ccf_commit_seqno=3602704 nstreams_done_=195000 config.nstreams=400000 avg_latency=0.7245 ms avg throuhgput (requests/sec) = 778.3965 res=false
*==== INFO ====*  stream_id=781996 latency=0.682677 ms (tx_ts=86604759124434, rx_ts=86604759807111) request_id=3610974 zil_blk_id=781996 ccf_commit_seqno=3610974 nstreams_done_=195500 config.nstreams=400000 avg_latency=0.7245 ms avg throuhgput (requests/sec) = 778.4202 res=false
*==== INFO ====*  stream_id=783996 latency=0.628475 ms (tx_ts=86605383601987, rx_ts=86605384230462) request_id=3619073 zil_blk_id=783996 ccf_commit_seqno=3619074 nstreams_done_=196000 config.nstreams=400000 avg_latency=0.7243 ms avg throuhgput (requests/sec) = 778.4755 res=false
*==== INFO ====*  stream_id=785996 latency=0.573570 ms (tx_ts=86606062022501, rx_ts=86606062596071) request_id=3626964 zil_blk_id=785996 ccf_commit_seqno=3626964 nstreams_done_=196500 config.nstreams=400000 avg_latency=0.7244 ms avg throuhgput (requests/sec) = 778.3643 res=false
*==== INFO ====*  stream_id=787996 latency=0.686965 ms (tx_ts=86606740075606, rx_ts=86606740762571) request_id=3635151 zil_blk_id=787996 ccf_commit_seqno=3635153 nstreams_done_=197000 config.nstreams=400000 avg_latency=0.7243 ms avg throuhgput (requests/sec) = 778.2542 res=false
*==== INFO ====*  stream_id=789996 latency=0.612355 ms (tx_ts=86607390323808, rx_ts=86607390936163) request_id=3643186 zil_blk_id=789996 ccf_commit_seqno=3643187 nstreams_done_=197500 config.nstreams=400000 avg_latency=0.7242 ms avg throuhgput (requests/sec) = 778.2305 res=false
*==== INFO ====*  stream_id=791996 latency=0.762376 ms (tx_ts=86608045677648, rx_ts=86608046440024) request_id=3651155 zil_blk_id=791996 ccf_commit_seqno=3651155 nstreams_done_=198000 config.nstreams=400000 avg_latency=0.7241 ms avg throuhgput (requests/sec) = 778.1907 res=false
*==== INFO ====*  stream_id=793996 latency=0.770992 ms (tx_ts=86608673310022, rx_ts=86608674081014) request_id=3659370 zil_blk_id=793996 ccf_commit_seqno=3659371 nstreams_done_=198500 config.nstreams=400000 avg_latency=0.7241 ms avg throuhgput (requests/sec) = 778.2361 res=false
*==== INFO ====*  stream_id=795996 latency=0.578322 ms (tx_ts=86609277676703, rx_ts=86609278255025) request_id=3667476 zil_blk_id=795996 ccf_commit_seqno=3667476 nstreams_done_=199000 config.nstreams=400000 avg_latency=0.7239 ms avg throuhgput (requests/sec) = 778.3527 res=false
*==== INFO ====*  stream_id=797996 latency=0.632884 ms (tx_ts=86609882718424, rx_ts=86609883351308) request_id=3675673 zil_blk_id=797996 ccf_commit_seqno=3675674 nstreams_done_=199500 config.nstreams=400000 avg_latency=0.7237 ms avg throuhgput (requests/sec) = 778.4659 res=false
*==== INFO ====*  stream_id=799996 latency=0.846971 ms (tx_ts=86610512252212, rx_ts=86610513099183) request_id=3684127 zil_blk_id=799996 ccf_commit_seqno=3684129 nstreams_done_=200000 config.nstreams=400000 avg_latency=0.7235 ms avg throuhgput (requests/sec) = 778.5039 res=false
*==== INFO ====*  stream_id=801996 latency=0.587720 ms (tx_ts=86611167678688, rx_ts=86611168266408) request_id=3692274 zil_blk_id=801996 ccf_commit_seqno=3692274 nstreams_done_=200500 config.nstreams=400000 avg_latency=0.7236 ms avg throuhgput (requests/sec) = 778.4649 res=false
*==== INFO ====*  stream_id=803996 latency=0.600403 ms (tx_ts=86611769744901, rx_ts=86611770345304) request_id=3700220 zil_blk_id=803996 ccf_commit_seqno=3700220 nstreams_done_=201000 config.nstreams=400000 avg_latency=0.7236 ms avg throuhgput (requests/sec) = 778.5862 res=false
*==== INFO ====*  stream_id=805996 latency=0.607607 ms (tx_ts=86612393525735, rx_ts=86612394133342) request_id=3708422 zil_blk_id=805996 ccf_commit_seqno=3708422 nstreams_done_=201500 config.nstreams=400000 avg_latency=0.7235 ms avg throuhgput (requests/sec) = 778.6415 res=false
*==== INFO ====*  stream_id=807996 latency=0.722002 ms (tx_ts=86613015454629, rx_ts=86613016176631) request_id=3716444 zil_blk_id=807996 ccf_commit_seqno=3716449 nstreams_done_=202000 config.nstreams=400000 avg_latency=0.7234 ms avg throuhgput (requests/sec) = 778.7019 res=false
*==== INFO ====*  stream_id=809996 latency=0.653883 ms (tx_ts=86613627093909, rx_ts=86613627747792) request_id=3724285 zil_blk_id=809996 ccf_commit_seqno=3724286 nstreams_done_=202500 config.nstreams=400000 avg_latency=0.7234 ms avg throuhgput (requests/sec) = 778.7933 res=false
*==== INFO ====*  stream_id=811996 latency=0.578672 ms (tx_ts=86614299787362, rx_ts=86614300366034) request_id=3732996 zil_blk_id=811996 ccf_commit_seqno=3732996 nstreams_done_=203000 config.nstreams=400000 avg_latency=0.7233 ms avg throuhgput (requests/sec) = 778.7019 res=false
*==== INFO ====*  stream_id=813996 latency=0.616574 ms (tx_ts=86614922266331, rx_ts=86614922882905) request_id=3741180 zil_blk_id=813996 ccf_commit_seqno=3741182 nstreams_done_=203500 config.nstreams=400000 avg_latency=0.7233 ms avg throuhgput (requests/sec) = 778.7602 res=false
*==== INFO ====*  stream_id=815996 latency=0.557803 ms (tx_ts=86615642708088, rx_ts=86615643265891) request_id=3749984 zil_blk_id=815996 ccf_commit_seqno=3749984 nstreams_done_=204000 config.nstreams=400000 avg_latency=0.7234 ms avg throuhgput (requests/sec) = 778.5274 res=false
*==== INFO ====*  stream_id=817996 latency=0.739042 ms (tx_ts=86616272478518, rx_ts=86616273217560) request_id=3758451 zil_blk_id=817996 ccf_commit_seqno=3758452 nstreams_done_=204500 config.nstreams=400000 avg_latency=0.7233 ms avg throuhgput (requests/sec) = 778.5638 res=false
*==== INFO ====*  stream_id=819996 latency=0.538217 ms (tx_ts=86616914954059, rx_ts=86616915492276) request_id=3766959 zil_blk_id=819996 ccf_commit_seqno=3766959 nstreams_done_=205000 config.nstreams=400000 avg_latency=0.7233 ms avg throuhgput (requests/sec) = 778.5636 res=false
*==== INFO ====*  stream_id=821996 latency=0.651639 ms (tx_ts=86617537374170, rx_ts=86617538025809) request_id=3775303 zil_blk_id=821996 ccf_commit_seqno=3775303 nstreams_done_=205500 config.nstreams=400000 avg_latency=0.7231 ms avg throuhgput (requests/sec) = 778.6217 res=false
*==== INFO ====*  stream_id=823996 latency=0.664193 ms (tx_ts=86618164612013, rx_ts=86618165276206) request_id=3783815 zil_blk_id=823996 ccf_commit_seqno=3783815 nstreams_done_=206000 config.nstreams=400000 avg_latency=0.7229 ms avg throuhgput (requests/sec) = 778.6655 res=false
*==== INFO ====*  stream_id=825996 latency=0.564907 ms (tx_ts=86618764256761, rx_ts=86618764821668) request_id=3792018 zil_blk_id=825996 ccf_commit_seqno=3792018 nstreams_done_=206500 config.nstreams=400000 avg_latency=0.7227 ms avg throuhgput (requests/sec) = 778.7906 res=false
*==== INFO ====*  stream_id=827996 latency=0.506968 ms (tx_ts=86619411854531, rx_ts=86619412361499) request_id=3800527 zil_blk_id=827996 ccf_commit_seqno=3800527 nstreams_done_=207000 config.nstreams=400000 avg_latency=0.7227 ms avg throuhgput (requests/sec) = 778.7744 res=false
*==== INFO ====*  stream_id=829996 latency=0.616759 ms (tx_ts=86620031873873, rx_ts=86620032490632) request_id=3808885 zil_blk_id=829996 ccf_commit_seqno=3808885 nstreams_done_=207500 config.nstreams=400000 avg_latency=0.7226 ms avg throuhgput (requests/sec) = 778.8384 res=false
*==== INFO ====*  stream_id=831996 latency=0.526445 ms (tx_ts=86620667073026, rx_ts=86620667599471) request_id=3816883 zil_blk_id=831996 ccf_commit_seqno=3816883 nstreams_done_=208000 config.nstreams=400000 avg_latency=0.7226 ms avg throuhgput (requests/sec) = 778.8585 res=false
*==== INFO ====*  stream_id=833996 latency=0.556040 ms (tx_ts=86621279261232, rx_ts=86621279817272) request_id=3824950 zil_blk_id=833996 ccf_commit_seqno=3824950 nstreams_done_=208500 config.nstreams=400000 avg_latency=0.7225 ms avg throuhgput (requests/sec) = 778.9450 res=false
*==== INFO ====*  stream_id=835996 latency=0.614459 ms (tx_ts=86621910942854, rx_ts=86621911557313) request_id=3833282 zil_blk_id=835996 ccf_commit_seqno=3833284 nstreams_done_=209000 config.nstreams=400000 avg_latency=0.7223 ms avg throuhgput (requests/sec) = 778.9745 res=false
*==== INFO ====*  stream_id=837996 latency=0.593831 ms (tx_ts=86622540185541, rx_ts=86622540779372) request_id=3841870 zil_blk_id=837996 ccf_commit_seqno=3841871 nstreams_done_=209500 config.nstreams=400000 avg_latency=0.7222 ms avg throuhgput (requests/sec) = 779.0112 res=false
*==== INFO ====*  stream_id=839996 latency=0.556367 ms (tx_ts=86623175674140, rx_ts=86623176230507) request_id=3850234 zil_blk_id=839996 ccf_commit_seqno=3850234 nstreams_done_=210000 config.nstreams=400000 avg_latency=0.7221 ms avg throuhgput (requests/sec) = 779.0296 res=false
*==== INFO ====*  stream_id=841996 latency=0.597655 ms (tx_ts=86623798356307, rx_ts=86623798953962) request_id=3858388 zil_blk_id=841996 ccf_commit_seqno=3858388 nstreams_done_=210500 config.nstreams=400000 avg_latency=0.7220 ms avg throuhgput (requests/sec) = 779.0847 res=false
*==== INFO ====*  stream_id=843996 latency=0.737350 ms (tx_ts=86624394319318, rx_ts=86624395056668) request_id=3866430 zil_blk_id=843996 ccf_commit_seqno=3866432 nstreams_done_=211000 config.nstreams=400000 avg_latency=0.7219 ms avg throuhgput (requests/sec) = 779.2161 res=false
*==== INFO ====*  stream_id=845996 latency=0.688729 ms (tx_ts=86624960723446, rx_ts=86624961412175) request_id=3874215 zil_blk_id=845996 ccf_commit_seqno=3874215 nstreams_done_=211500 config.nstreams=400000 avg_latency=0.7217 ms avg throuhgput (requests/sec) = 779.4324 res=false
*==== INFO ====*  stream_id=847996 latency=0.575747 ms (tx_ts=86625561066126, rx_ts=86625561641873) request_id=3882200 zil_blk_id=847996 ccf_commit_seqno=3882200 nstreams_done_=212000 config.nstreams=400000 avg_latency=0.7215 ms avg throuhgput (requests/sec) = 779.5506 res=false
*==== INFO ====*  stream_id=849996 latency=0.612566 ms (tx_ts=86626203327848, rx_ts=86626203940414) request_id=3890321 zil_blk_id=849996 ccf_commit_seqno=3890322 nstreams_done_=212500 config.nstreams=400000 avg_latency=0.7215 ms avg throuhgput (requests/sec) = 779.5481 res=false
*==== INFO ====*  stream_id=851996 latency=0.702434 ms (tx_ts=86626820901365, rx_ts=86626821603799) request_id=3898558 zil_blk_id=851996 ccf_commit_seqno=3898558 nstreams_done_=213000 config.nstreams=400000 avg_latency=0.7214 ms avg throuhgput (requests/sec) = 779.6158 res=false
*==== INFO ====*  stream_id=853996 latency=0.549418 ms (tx_ts=86627439500421, rx_ts=86627440049839) request_id=3906557 zil_blk_id=853996 ccf_commit_seqno=3906557 nstreams_done_=213500 config.nstreams=400000 avg_latency=0.7213 ms avg throuhgput (requests/sec) = 779.6810 res=false
*==== INFO ====*  stream_id=855996 latency=0.684471 ms (tx_ts=86628075083519, rx_ts=86628075767990) request_id=3914858 zil_blk_id=855996 ccf_commit_seqno=3914858 nstreams_done_=214000 config.nstreams=400000 avg_latency=0.7212 ms avg throuhgput (requests/sec) = 779.6968 res=false
*==== INFO ====*  stream_id=857996 latency=0.657841 ms (tx_ts=86628736439455, rx_ts=86628737097296) request_id=3923218 zil_blk_id=857996 ccf_commit_seqno=3923218 nstreams_done_=214500 config.nstreams=400000 avg_latency=0.7212 ms avg throuhgput (requests/sec) = 779.6400 res=false
*==== INFO ====*  stream_id=859996 latency=0.550480 ms (tx_ts=86629349060339, rx_ts=86629349610819) request_id=3931519 zil_blk_id=859996 ccf_commit_seqno=3931519 nstreams_done_=215000 config.nstreams=400000 avg_latency=0.7211 ms avg throuhgput (requests/sec) = 779.7214 res=false
*==== INFO ====*  stream_id=861996 latency=0.567592 ms (tx_ts=86629943262612, rx_ts=86629943830204) request_id=3939458 zil_blk_id=861996 ccf_commit_seqno=3939459 nstreams_done_=215500 config.nstreams=400000 avg_latency=0.7210 ms avg throuhgput (requests/sec) = 779.8541 res=false
*==== INFO ====*  stream_id=863996 latency=0.948801 ms (tx_ts=86630556760234, rx_ts=86630557709035) request_id=3947726 zil_blk_id=863996 ccf_commit_seqno=3947729 nstreams_done_=216000 config.nstreams=400000 avg_latency=0.7208 ms avg throuhgput (requests/sec) = 779.9309 res=false
*==== INFO ====*  stream_id=865996 latency=0.692520 ms (tx_ts=86631193651803, rx_ts=86631194344323) request_id=3955834 zil_blk_id=865996 ccf_commit_seqno=3955837 nstreams_done_=216500 config.nstreams=400000 avg_latency=0.7208 ms avg throuhgput (requests/sec) = 779.9434 res=false
*==== INFO ====*  stream_id=867996 latency=0.676861 ms (tx_ts=86631802477443, rx_ts=86631803154304) request_id=3963749 zil_blk_id=867996 ccf_commit_seqno=3963750 nstreams_done_=217000 config.nstreams=400000 avg_latency=0.7208 ms avg throuhgput (requests/sec) = 780.0338 res=false
*==== INFO ====*  stream_id=869996 latency=0.819629 ms (tx_ts=86632415390030, rx_ts=86632416209659) request_id=3971786 zil_blk_id=869996 ccf_commit_seqno=3971787 nstreams_done_=217500 config.nstreams=400000 avg_latency=0.7208 ms avg throuhgput (requests/sec) = 780.1120 res=false
*==== INFO ====*  stream_id=871996 latency=0.701277 ms (tx_ts=86633039363751, rx_ts=86633040065028) request_id=3979806 zil_blk_id=871996 ccf_commit_seqno=3979807 nstreams_done_=218000 config.nstreams=400000 avg_latency=0.7208 ms avg throuhgput (requests/sec) = 780.1597 res=false
*==== INFO ====*  stream_id=873996 latency=0.705490 ms (tx_ts=86633668124331, rx_ts=86633668829821) request_id=3987920 zil_blk_id=873996 ccf_commit_seqno=3987920 nstreams_done_=218500 config.nstreams=400000 avg_latency=0.7207 ms avg throuhgput (requests/sec) = 780.1935 res=false
*==== INFO ====*  stream_id=875996 latency=0.621352 ms (tx_ts=86634260784851, rx_ts=86634261406203) request_id=3995937 zil_blk_id=875996 ccf_commit_seqno=3995937 nstreams_done_=219000 config.nstreams=400000 avg_latency=0.7205 ms avg throuhgput (requests/sec) = 780.3277 res=false
*==== INFO ====*  stream_id=877996 latency=0.582647 ms (tx_ts=86634909828938, rx_ts=86634910411585) request_id=4003864 zil_blk_id=877996 ccf_commit_seqno=4003864 nstreams_done_=219500 config.nstreams=400000 avg_latency=0.7206 ms avg throuhgput (requests/sec) = 780.3049 res=false
*==== INFO ====*  stream_id=879996 latency=0.571529 ms (tx_ts=86635519460839, rx_ts=86635520032368) request_id=4011776 zil_blk_id=879996 ccf_commit_seqno=4011778 nstreams_done_=220000 config.nstreams=400000 avg_latency=0.7206 ms avg throuhgput (requests/sec) = 780.3911 res=false
*==== INFO ====*  stream_id=881996 latency=0.635780 ms (tx_ts=86636104724112, rx_ts=86636105359892) request_id=4019556 zil_blk_id=881996 ccf_commit_seqno=4019556 nstreams_done_=220500 config.nstreams=400000 avg_latency=0.7204 ms avg throuhgput (requests/sec) = 780.5441 res=false
*==== INFO ====*  stream_id=883996 latency=0.612055 ms (tx_ts=86636732321352, rx_ts=86636732933407) request_id=4027350 zil_blk_id=883996 ccf_commit_seqno=4027351 nstreams_done_=221000 config.nstreams=400000 avg_latency=0.7205 ms avg throuhgput (requests/sec) = 780.5799 res=false
*==== INFO ====*  stream_id=885996 latency=0.755293 ms (tx_ts=86637311749252, rx_ts=86637312504545) request_id=4034963 zil_blk_id=885996 ccf_commit_seqno=4034965 nstreams_done_=221500 config.nstreams=400000 avg_latency=0.7204 ms avg throuhgput (requests/sec) = 780.7477 res=false
*==== INFO ====*  stream_id=887996 latency=0.582960 ms (tx_ts=86637930012631, rx_ts=86637930595591) request_id=4042861 zil_blk_id=887996 ccf_commit_seqno=4042861 nstreams_done_=222000 config.nstreams=400000 avg_latency=0.7203 ms avg throuhgput (requests/sec) = 780.8090 res=false
*==== INFO ====*  stream_id=889996 latency=0.869507 ms (tx_ts=86638546071289, rx_ts=86638546940796) request_id=4051003 zil_blk_id=889996 ccf_commit_seqno=4051004 nstreams_done_=222500 config.nstreams=400000 avg_latency=0.7202 ms avg throuhgput (requests/sec) = 780.8748 res=false
*==== INFO ====*  stream_id=891996 latency=0.741798 ms (tx_ts=86639204742579, rx_ts=86639205484377) request_id=4059145 zil_blk_id=891996 ccf_commit_seqno=4059147 nstreams_done_=223000 config.nstreams=400000 avg_latency=0.7203 ms avg throuhgput (requests/sec) = 780.8249 res=false
*==== INFO ====*  stream_id=893996 latency=0.627614 ms (tx_ts=86639790737375, rx_ts=86639791364989) request_id=4067068 zil_blk_id=893996 ccf_commit_seqno=4067069 nstreams_done_=223500 config.nstreams=400000 avg_latency=0.7202 ms avg throuhgput (requests/sec) = 780.9736 res=false
*==== INFO ====*  stream_id=895996 latency=0.602827 ms (tx_ts=86640386379435, rx_ts=86640386982262) request_id=4074742 zil_blk_id=895996 ccf_commit_seqno=4074742 nstreams_done_=224000 config.nstreams=400000 avg_latency=0.7201 ms avg throuhgput (requests/sec) = 781.0950 res=false
*==== INFO ====*  stream_id=897996 latency=0.699799 ms (tx_ts=86640975756581, rx_ts=86640976456380) request_id=4082502 zil_blk_id=897996 ccf_commit_seqno=4082503 nstreams_done_=224500 config.nstreams=400000 avg_latency=0.7200 ms avg throuhgput (requests/sec) = 781.2327 res=false
*==== INFO ====*  stream_id=899996 latency=0.655315 ms (tx_ts=86641592584618, rx_ts=86641593239933) request_id=4090226 zil_blk_id=899996 ccf_commit_seqno=4090227 nstreams_done_=225000 config.nstreams=400000 avg_latency=0.7200 ms avg throuhgput (requests/sec) = 781.2957 res=false
*==== INFO ====*  stream_id=901996 latency=0.708275 ms (tx_ts=86642255143738, rx_ts=86642255852013) request_id=4098407 zil_blk_id=901996 ccf_commit_seqno=4098409 nstreams_done_=225500 config.nstreams=400000 avg_latency=0.7201 ms avg throuhgput (requests/sec) = 781.2344 res=false
*==== INFO ====*  stream_id=903996 latency=0.624562 ms (tx_ts=86642971715784, rx_ts=86642972340346) request_id=4107209 zil_blk_id=903996 ccf_commit_seqno=4107209 nstreams_done_=226000 config.nstreams=400000 avg_latency=0.7203 ms avg throuhgput (requests/sec) = 781.0280 res=false
*==== INFO ====*  stream_id=905996 latency=0.827138 ms (tx_ts=86643597109921, rx_ts=86643597937059) request_id=4115294 zil_blk_id=905996 ccf_commit_seqno=4115295 nstreams_done_=226500 config.nstreams=400000 avg_latency=0.7202 ms avg throuhgput (requests/sec) = 781.0672 res=false
*==== INFO ====*  stream_id=907996 latency=0.585924 ms (tx_ts=86644249024006, rx_ts=86644249609930) request_id=4123545 zil_blk_id=907996 ccf_commit_seqno=4123546 nstreams_done_=227000 config.nstreams=400000 avg_latency=0.7203 ms avg throuhgput (requests/sec) = 781.0363 res=false
*==== INFO ====*  stream_id=909996 latency=0.693388 ms (tx_ts=86644855720060, rx_ts=86644856413448) request_id=4131529 zil_blk_id=909996 ccf_commit_seqno=4131529 nstreams_done_=227500 config.nstreams=400000 avg_latency=0.7202 ms avg throuhgput (requests/sec) = 781.1258 res=false
*==== INFO ====*  stream_id=911996 latency=0.807341 ms (tx_ts=86645485359439, rx_ts=86645486166780) request_id=4139522 zil_blk_id=911996 ccf_commit_seqno=4139523 nstreams_done_=228000 config.nstreams=400000 avg_latency=0.7202 ms avg throuhgput (requests/sec) = 781.1535 res=false
*==== INFO ====*  stream_id=913996 latency=0.779699 ms (tx_ts=86646128800802, rx_ts=86646129580501) request_id=4147514 zil_blk_id=913996 ccf_commit_seqno=4147517 nstreams_done_=228500 config.nstreams=400000 avg_latency=0.7202 ms avg throuhgput (requests/sec) = 781.1446 res=false
*==== INFO ====*  stream_id=915996 latency=0.555499 ms (tx_ts=86646780137504, rx_ts=86646780693003) request_id=4155772 zil_blk_id=915996 ccf_commit_seqno=4155772 nstreams_done_=229000 config.nstreams=400000 avg_latency=0.7203 ms avg throuhgput (requests/sec) = 781.1152 res=false
*==== INFO ====*  stream_id=917996 latency=0.750745 ms (tx_ts=86647382994922, rx_ts=86647383745667) request_id=4163637 zil_blk_id=917996 ccf_commit_seqno=4163639 nstreams_done_=229500 config.nstreams=400000 avg_latency=0.7202 ms avg throuhgput (requests/sec) = 781.2137 res=false
*==== INFO ====*  stream_id=919996 latency=0.679712 ms (tx_ts=86648007694449, rx_ts=86648008374161) request_id=4171701 zil_blk_id=919996 ccf_commit_seqno=4171703 nstreams_done_=230000 config.nstreams=400000 avg_latency=0.7201 ms avg throuhgput (requests/sec) = 781.2546 res=false
*==== INFO ====*  stream_id=921996 latency=0.574795 ms (tx_ts=86648634812859, rx_ts=86648635387654) request_id=4179538 zil_blk_id=921996 ccf_commit_seqno=4179538 nstreams_done_=230500 config.nstreams=400000 avg_latency=0.7201 ms avg throuhgput (requests/sec) = 781.2890 res=false
*==== INFO ====*  stream_id=923996 latency=0.679661 ms (tx_ts=86649262764426, rx_ts=86649263444087) request_id=4187610 zil_blk_id=923996 ccf_commit_seqno=4187611 nstreams_done_=231000 config.nstreams=400000 avg_latency=0.7201 ms avg throuhgput (requests/sec) = 781.3204 res=false
*==== INFO ====*  stream_id=925996 latency=0.554017 ms (tx_ts=86649985927833, rx_ts=86649986481850) request_id=4195884 zil_blk_id=925996 ccf_commit_seqno=4195884 nstreams_done_=231500 config.nstreams=400000 avg_latency=0.7204 ms avg throuhgput (requests/sec) = 781.1014 res=false
*==== INFO ====*  stream_id=927996 latency=0.697555 ms (tx_ts=86650596020980, rx_ts=86650596718535) request_id=4203985 zil_blk_id=927996 ccf_commit_seqno=4203985 nstreams_done_=232000 config.nstreams=400000 avg_latency=0.7204 ms avg throuhgput (requests/sec) = 781.1800 res=false
*==== INFO ====*  stream_id=929996 latency=0.545878 ms (tx_ts=86651220796209, rx_ts=86651221342087) request_id=4212082 zil_blk_id=929996 ccf_commit_seqno=4212082 nstreams_done_=232500 config.nstreams=400000 avg_latency=0.7203 ms avg throuhgput (requests/sec) = 781.2205 res=false
*==== INFO ====*  stream_id=931996 latency=0.489797 ms (tx_ts=86651797789641, rx_ts=86651798279438) request_id=4220047 zil_blk_id=931996 ccf_commit_seqno=4220047 nstreams_done_=233000 config.nstreams=400000 avg_latency=0.7202 ms avg throuhgput (requests/sec) = 781.3858 res=false
*==== INFO ====*  stream_id=933996 latency=0.570297 ms (tx_ts=86652434703185, rx_ts=86652435273482) request_id=4228477 zil_blk_id=933996 ccf_commit_seqno=4228477 nstreams_done_=233500 config.nstreams=400000 avg_latency=0.7201 ms avg throuhgput (requests/sec) = 781.3933 res=false
*==== INFO ====*  stream_id=935996 latency=0.503611 ms (tx_ts=86653073912487, rx_ts=86653074416098) request_id=4236744 zil_blk_id=935996 ccf_commit_seqno=4236744 nstreams_done_=234000 config.nstreams=400000 avg_latency=0.7201 ms avg throuhgput (requests/sec) = 781.3953 res=false
*==== INFO ====*  stream_id=937996 latency=0.590515 ms (tx_ts=86653683457514, rx_ts=86653684048029) request_id=4244640 zil_blk_id=937996 ccf_commit_seqno=4244640 nstreams_done_=234500 config.nstreams=400000 avg_latency=0.7201 ms avg throuhgput (requests/sec) = 781.4740 res=false
*==== INFO ====*  stream_id=939996 latency=0.632603 ms (tx_ts=86654319878232, rx_ts=86654320510835) request_id=4252812 zil_blk_id=939996 ccf_commit_seqno=4252813 nstreams_done_=235000 config.nstreams=400000 avg_latency=0.7201 ms avg throuhgput (requests/sec) = 781.4827 res=false
*==== INFO ====*  stream_id=941996 latency=0.633685 ms (tx_ts=86654959258958, rx_ts=86654959892643) request_id=4261097 zil_blk_id=941996 ccf_commit_seqno=4261098 nstreams_done_=235500 config.nstreams=400000 avg_latency=0.7201 ms avg throuhgput (requests/sec) = 781.4839 res=false
*==== INFO ====*  stream_id=943996 latency=0.672648 ms (tx_ts=86655570630270, rx_ts=86655571302918) request_id=4269127 zil_blk_id=943996 ccf_commit_seqno=4269129 nstreams_done_=236000 config.nstreams=400000 avg_latency=0.7200 ms avg throuhgput (requests/sec) = 781.5574 res=false
*==== INFO ====*  stream_id=945996 latency=0.659895 ms (tx_ts=86656195019826, rx_ts=86656195679721) request_id=4277248 zil_blk_id=945996 ccf_commit_seqno=4277250 nstreams_done_=236500 config.nstreams=400000 avg_latency=0.7199 ms avg throuhgput (requests/sec) = 781.5971 res=false
*==== INFO ====*  stream_id=947996 latency=0.558575 ms (tx_ts=86656833366173, rx_ts=86656833924748) request_id=4285299 zil_blk_id=947996 ccf_commit_seqno=4285299 nstreams_done_=237000 config.nstreams=400000 avg_latency=0.7200 ms avg throuhgput (requests/sec) = 781.6008 res=false
*==== INFO ====*  stream_id=949996 latency=0.693448 ms (tx_ts=86657479746490, rx_ts=86657480439938) request_id=4293578 zil_blk_id=949996 ccf_commit_seqno=4293579 nstreams_done_=237500 config.nstreams=400000 avg_latency=0.7200 ms avg throuhgput (requests/sec) = 781.5834 res=false
*==== INFO ====*  stream_id=951996 latency=0.840433 ms (tx_ts=86658143824371, rx_ts=86658144664804) request_id=4301895 zil_blk_id=951996 ccf_commit_seqno=4301896 nstreams_done_=238000 config.nstreams=400000 avg_latency=0.7201 ms avg throuhgput (requests/sec) = 781.5205 res=false
*==== INFO ====*  stream_id=953996 latency=0.768077 ms (tx_ts=86658808777676, rx_ts=86658809545753) request_id=4310254 zil_blk_id=953996 ccf_commit_seqno=4310254 nstreams_done_=238500 config.nstreams=400000 avg_latency=0.7202 ms avg throuhgput (requests/sec) = 781.4562 res=false
*==== INFO ====*  stream_id=955996 latency=0.672438 ms (tx_ts=86659426524911, rx_ts=86659427197349) request_id=4318390 zil_blk_id=955996 ccf_commit_seqno=4318392 nstreams_done_=239000 config.nstreams=400000 avg_latency=0.7201 ms avg throuhgput (requests/sec) = 781.5129 res=false
*==== INFO ====*  stream_id=957996 latency=0.530362 ms (tx_ts=86660012535695, rx_ts=86660013066057) request_id=4326236 zil_blk_id=957996 ccf_commit_seqno=4326236 nstreams_done_=239500 config.nstreams=400000 avg_latency=0.7200 ms avg throuhgput (requests/sec) = 781.6504 res=false
*==== INFO ====*  stream_id=959996 latency=0.782754 ms (tx_ts=86660607388187, rx_ts=86660608170941) request_id=4334129 zil_blk_id=959996 ccf_commit_seqno=4334131 nstreams_done_=240000 config.nstreams=400000 avg_latency=0.7199 ms avg throuhgput (requests/sec) = 781.7639 res=false
*==== INFO ====*  stream_id=961996 latency=0.705269 ms (tx_ts=86661240825738, rx_ts=86661241531007) request_id=4342166 zil_blk_id=961996 ccf_commit_seqno=4342167 nstreams_done_=240500 config.nstreams=400000 avg_latency=0.7199 ms avg throuhgput (requests/sec) = 781.7797 res=false
*==== INFO ====*  stream_id=963996 latency=0.672338 ms (tx_ts=86661852622420, rx_ts=86661853294758) request_id=4350037 zil_blk_id=963996 ccf_commit_seqno=4350037 nstreams_done_=241000 config.nstreams=400000 avg_latency=0.7198 ms avg throuhgput (requests/sec) = 781.8502 res=false
*==== INFO ====*  stream_id=965996 latency=0.776032 ms (tx_ts=86662452878806, rx_ts=86662453654838) request_id=4358014 zil_blk_id=965996 ccf_commit_seqno=4358014 nstreams_done_=241500 config.nstreams=400000 avg_latency=0.7197 ms avg throuhgput (requests/sec) = 781.9493 res=false
*==== INFO ====*  stream_id=967996 latency=0.849389 ms (tx_ts=86663146340059, rx_ts=86663147189448) request_id=4366566 zil_blk_id=967996 ccf_commit_seqno=4366570 nstreams_done_=242000 config.nstreams=400000 avg_latency=0.7199 ms avg throuhgput (requests/sec) = 781.8126 res=false
*==== INFO ====*  stream_id=969996 latency=0.596796 ms (tx_ts=86663795019009, rx_ts=86663795615805) request_id=4375000 zil_blk_id=969996 ccf_commit_seqno=4375001 nstreams_done_=242500 config.nstreams=400000 avg_latency=0.7199 ms avg throuhgput (requests/sec) = 781.7902 res=false
*==== INFO ====*  stream_id=971996 latency=0.560565 ms (tx_ts=86664419080295, rx_ts=86664419640860) request_id=4383209 zil_blk_id=971996 ccf_commit_seqno=4383209 nstreams_done_=243000 config.nstreams=400000 avg_latency=0.7199 ms avg throuhgput (requests/sec) = 781.8293 res=false
*==== INFO ====*  stream_id=973996 latency=0.695431 ms (tx_ts=86665041327300, rx_ts=86665042022731) request_id=4391350 zil_blk_id=973996 ccf_commit_seqno=4391350 nstreams_done_=243500 config.nstreams=400000 avg_latency=0.7199 ms avg throuhgput (requests/sec) = 781.8723 res=false
*==== INFO ====*  stream_id=975996 latency=0.562993 ms (tx_ts=86665707053792, rx_ts=86665707616785) request_id=4399721 zil_blk_id=975996 ccf_commit_seqno=4399721 nstreams_done_=244000 config.nstreams=400000 avg_latency=0.7199 ms avg throuhgput (requests/sec) = 781.8069 res=false
*==== INFO ====*  stream_id=977996 latency=0.747198 ms (tx_ts=86666364084390, rx_ts=86666364831588) request_id=4408015 zil_blk_id=977996 ccf_commit_seqno=4408016 nstreams_done_=244500 config.nstreams=400000 avg_latency=0.7199 ms avg throuhgput (requests/sec) = 781.7627 res=false
*==== INFO ====*  stream_id=979996 latency=0.600473 ms (tx_ts=86666982032131, rx_ts=86666982632604) request_id=4416247 zil_blk_id=979996 ccf_commit_seqno=4416247 nstreams_done_=245000 config.nstreams=400000 avg_latency=0.7198 ms avg throuhgput (requests/sec) = 781.8171 res=false
*==== INFO ====*  stream_id=981996 latency=0.551722 ms (tx_ts=86667615692131, rx_ts=86667616243853) request_id=4424508 zil_blk_id=981996 ccf_commit_seqno=4424509 nstreams_done_=245500 config.nstreams=400000 avg_latency=0.7197 ms avg throuhgput (requests/sec) = 781.8318 res=false
*==== INFO ====*  stream_id=983996 latency=0.579033 ms (tx_ts=86668257942255, rx_ts=86668258521288) request_id=4433012 zil_blk_id=983996 ccf_commit_seqno=4433012 nstreams_done_=246000 config.nstreams=400000 avg_latency=0.7197 ms avg throuhgput (requests/sec) = 781.8250 res=false
*==== INFO ====*  stream_id=985996 latency=0.614209 ms (tx_ts=86668920851089, rx_ts=86668921465298) request_id=4441120 zil_blk_id=985996 ccf_commit_seqno=4441122 nstreams_done_=246500 config.nstreams=400000 avg_latency=0.7198 ms avg throuhgput (requests/sec) = 781.7669 res=false
*==== INFO ====*  stream_id=987996 latency=0.687456 ms (tx_ts=86669549165894, rx_ts=86669549853350) request_id=4449257 zil_blk_id=987996 ccf_commit_seqno=4449258 nstreams_done_=247000 config.nstreams=400000 avg_latency=0.7197 ms avg throuhgput (requests/sec) = 781.7946 res=false
*==== INFO ====*  stream_id=989996 latency=0.744693 ms (tx_ts=86670207373324, rx_ts=86670208118017) request_id=4457638 zil_blk_id=989996 ccf_commit_seqno=4457638 nstreams_done_=247500 config.nstreams=400000 avg_latency=0.7198 ms avg throuhgput (requests/sec) = 781.7484 res=false
*==== INFO ====*  stream_id=991996 latency=0.728844 ms (tx_ts=86670850785715, rx_ts=86670851514559) request_id=4465820 zil_blk_id=991996 ccf_commit_seqno=4465820 nstreams_done_=248000 config.nstreams=400000 avg_latency=0.7198 ms avg throuhgput (requests/sec) = 781.7390 res=false
*==== INFO ====*  stream_id=993996 latency=1.171682 ms (tx_ts=86671473037607, rx_ts=86671474209289) request_id=4473871 zil_blk_id=993996 ccf_commit_seqno=4473881 nstreams_done_=248500 config.nstreams=400000 avg_latency=0.7197 ms avg throuhgput (requests/sec) = 781.7806 res=false
*==== INFO ====*  stream_id=995996 latency=0.576468 ms (tx_ts=86672069262612, rx_ts=86672069839080) request_id=4481763 zil_blk_id=995996 ccf_commit_seqno=4481764 nstreams_done_=249000 config.nstreams=400000 avg_latency=0.7196 ms avg throuhgput (requests/sec) = 781.8885 res=false
*==== INFO ====*  stream_id=997996 latency=0.982368 ms (tx_ts=86672692794217, rx_ts=86672693776585) request_id=4490043 zil_blk_id=997996 ccf_commit_seqno=4490048 nstreams_done_=249500 config.nstreams=400000 avg_latency=0.7196 ms avg throuhgput (requests/sec) = 781.9266 res=false
*==== INFO ====*  stream_id=999996 latency=0.534791 ms (tx_ts=86673344021063, rx_ts=86673344555854) request_id=4498403 zil_blk_id=999996 ccf_commit_seqno=4498403 nstreams_done_=250000 config.nstreams=400000 avg_latency=0.7195 ms avg throuhgput (requests/sec) = 781.8988 res=false
*==== INFO ====*  stream_id=1001996 latency=0.660486 ms (tx_ts=86674003279154, rx_ts=86674003939640) request_id=4506785 zil_blk_id=1001996 ccf_commit_seqno=4506785 nstreams_done_=250500 config.nstreams=400000 avg_latency=0.7196 ms avg throuhgput (requests/sec) = 781.8502 res=false
*==== INFO ====*  stream_id=1003996 latency=0.563134 ms (tx_ts=86674656816838, rx_ts=86674657379972) request_id=4515126 zil_blk_id=1003996 ccf_commit_seqno=4515126 nstreams_done_=251000 config.nstreams=400000 avg_latency=0.7196 ms avg throuhgput (requests/sec) = 781.8163 res=false
*==== INFO ====*  stream_id=1005996 latency=0.653983 ms (tx_ts=86675274119539, rx_ts=86675274773522) request_id=4523228 zil_blk_id=1005996 ccf_commit_seqno=4523230 nstreams_done_=251500 config.nstreams=400000 avg_latency=0.7195 ms avg throuhgput (requests/sec) = 781.8701 res=false
*==== INFO ====*  stream_id=1007996 latency=0.733005 ms (tx_ts=86675919357791, rx_ts=86675920090796) request_id=4531526 zil_blk_id=1007996 ccf_commit_seqno=4531526 nstreams_done_=252000 config.nstreams=400000 avg_latency=0.7195 ms avg throuhgput (requests/sec) = 781.8560 res=false
*==== INFO ====*  stream_id=1009996 latency=0.869116 ms (tx_ts=86676545108168, rx_ts=86676545977284) request_id=4539741 zil_blk_id=1009996 ccf_commit_seqno=4539744 nstreams_done_=252500 config.nstreams=400000 avg_latency=0.7195 ms avg throuhgput (requests/sec) = 781.8890 res=false
*==== INFO ====*  stream_id=1011996 latency=0.695912 ms (tx_ts=86677189985365, rx_ts=86677190681277) request_id=4547984 zil_blk_id=1011996 ccf_commit_seqno=4547984 nstreams_done_=253000 config.nstreams=400000 avg_latency=0.7195 ms avg throuhgput (requests/sec) = 781.8763 res=false
*==== INFO ====*  stream_id=1013996 latency=0.692465 ms (tx_ts=86677834756788, rx_ts=86677835449253) request_id=4556230 zil_blk_id=1013996 ccf_commit_seqno=4556231 nstreams_done_=253500 config.nstreams=400000 avg_latency=0.7195 ms avg throuhgput (requests/sec) = 781.8636 res=false
*==== INFO ====*  stream_id=1015996 latency=0.585926 ms (tx_ts=86678478725844, rx_ts=86678479311770) request_id=4564737 zil_blk_id=1015996 ccf_commit_seqno=4564737 nstreams_done_=254000 config.nstreams=400000 avg_latency=0.7194 ms avg throuhgput (requests/sec) = 781.8531 res=false
*==== INFO ====*  stream_id=1017996 latency=0.938025 ms (tx_ts=86679111090571, rx_ts=86679112028596) request_id=4572891 zil_blk_id=1017996 ccf_commit_seqno=4572895 nstreams_done_=254500 config.nstreams=400000 avg_latency=0.7194 ms avg throuhgput (requests/sec) = 781.8694 res=false
*==== INFO ====*  stream_id=1019996 latency=0.585956 ms (tx_ts=86679765564227, rx_ts=86679766150183) request_id=4581317 zil_blk_id=1019996 ccf_commit_seqno=4581317 nstreams_done_=255000 config.nstreams=400000 avg_latency=0.7194 ms avg throuhgput (requests/sec) = 781.8343 res=false
*==== INFO ====*  stream_id=1021996 latency=0.612185 ms (tx_ts=86680408668371, rx_ts=86680409280556) request_id=4589470 zil_blk_id=1021996 ccf_commit_seqno=4589471 nstreams_done_=255500 config.nstreams=400000 avg_latency=0.7194 ms avg throuhgput (requests/sec) = 781.8257 res=false
*==== INFO ====*  stream_id=1023996 latency=0.553896 ms (tx_ts=86681030344772, rx_ts=86681030898668) request_id=4597721 zil_blk_id=1023996 ccf_commit_seqno=4597721 nstreams_done_=256000 config.nstreams=400000 avg_latency=0.7193 ms avg throuhgput (requests/sec) = 781.8685 res=false
*==== INFO ====*  stream_id=1025996 latency=0.676565 ms (tx_ts=86681670175654, rx_ts=86681670852219) request_id=4606141 zil_blk_id=1025996 ccf_commit_seqno=4606142 nstreams_done_=256500 config.nstreams=400000 avg_latency=0.7192 ms avg throuhgput (requests/sec) = 781.8674 res=false
*==== INFO ====*  stream_id=1027996 latency=0.665055 ms (tx_ts=86682244743326, rx_ts=86682245408381) request_id=4613953 zil_blk_id=1027996 ccf_commit_seqno=4613954 nstreams_done_=257000 config.nstreams=400000 avg_latency=0.7191 ms avg throuhgput (requests/sec) = 782.0219 res=false
*==== INFO ====*  stream_id=1029996 latency=0.909301 ms (tx_ts=86682918394497, rx_ts=86682919303798) request_id=4622672 zil_blk_id=1029996 ccf_commit_seqno=4622674 nstreams_done_=257500 config.nstreams=400000 avg_latency=0.7191 ms avg throuhgput (requests/sec) = 781.9399 res=false
*==== INFO ====*  stream_id=1031996 latency=0.684701 ms (tx_ts=86683571238837, rx_ts=86683571923538) request_id=4631165 zil_blk_id=1031996 ccf_commit_seqno=4631165 nstreams_done_=258000 config.nstreams=400000 avg_latency=0.7191 ms avg throuhgput (requests/sec) = 781.9086 res=false
*==== INFO ====*  stream_id=1033996 latency=0.882702 ms (tx_ts=86684188394341, rx_ts=86684189277043) request_id=4639395 zil_blk_id=1033996 ccf_commit_seqno=4639401 nstreams_done_=258500 config.nstreams=400000 avg_latency=0.7190 ms avg throuhgput (requests/sec) = 781.9609 res=false
*==== INFO ====*  stream_id=1035996 latency=0.523569 ms (tx_ts=86684844372640, rx_ts=86684844896209) request_id=4647754 zil_blk_id=1035996 ccf_commit_seqno=4647754 nstreams_done_=259000 config.nstreams=400000 avg_latency=0.7190 ms avg throuhgput (requests/sec) = 781.9227 res=false
*==== INFO ====*  stream_id=1037996 latency=0.986105 ms (tx_ts=86685472744418, rx_ts=86685473730523) request_id=4655808 zil_blk_id=1037996 ccf_commit_seqno=4655811 nstreams_done_=259500 config.nstreams=400000 avg_latency=0.7190 ms avg throuhgput (requests/sec) = 781.9477 res=false
*==== INFO ====*  stream_id=1039996 latency=0.652982 ms (tx_ts=86686162458999, rx_ts=86686163111981) request_id=4664192 zil_blk_id=1039996 ccf_commit_seqno=4664192 nstreams_done_=260000 config.nstreams=400000 avg_latency=0.7191 ms avg throuhgput (requests/sec) = 781.8302 res=false
*==== INFO ====*  stream_id=1041996 latency=0.614981 ms (tx_ts=86686783154279, rx_ts=86686783769260) request_id=4672422 zil_blk_id=1041996 ccf_commit_seqno=4672423 nstreams_done_=260500 config.nstreams=400000 avg_latency=0.7190 ms avg throuhgput (requests/sec) = 781.8745 res=false
*==== INFO ====*  stream_id=1043996 latency=0.578331 ms (tx_ts=86687424451613, rx_ts=86687425029944) request_id=4680793 zil_blk_id=1043996 ccf_commit_seqno=4680793 nstreams_done_=261000 config.nstreams=400000 avg_latency=0.7190 ms avg throuhgput (requests/sec) = 781.8704 res=false
*==== INFO ====*  stream_id=1045996 latency=0.734223 ms (tx_ts=86688039343471, rx_ts=86688040077694) request_id=4688737 zil_blk_id=1045996 ccf_commit_seqno=4688738 nstreams_done_=261500 config.nstreams=400000 avg_latency=0.7189 ms avg throuhgput (requests/sec) = 781.9275 res=false
*==== INFO ====*  stream_id=1047996 latency=0.605422 ms (tx_ts=86688685886719, rx_ts=86688686492141) request_id=4696735 zil_blk_id=1047996 ccf_commit_seqno=4696736 nstreams_done_=262000 config.nstreams=400000 avg_latency=0.7190 ms avg throuhgput (requests/sec) = 781.9112 res=false
*==== INFO ====*  stream_id=1049996 latency=0.695370 ms (tx_ts=86689338643163, rx_ts=86689339338533) request_id=4705030 zil_blk_id=1049996 ccf_commit_seqno=4705031 nstreams_done_=262500 config.nstreams=400000 avg_latency=0.7190 ms avg throuhgput (requests/sec) = 781.8801 res=false
*==== INFO ====*  stream_id=1051996 latency=0.564276 ms (tx_ts=86689950847715, rx_ts=86689951411991) request_id=4713031 zil_blk_id=1051996 ccf_commit_seqno=4713031 nstreams_done_=263000 config.nstreams=400000 avg_latency=0.7189 ms avg throuhgput (requests/sec) = 781.9438 res=false
*==== INFO ====*  stream_id=1053996 latency=0.620631 ms (tx_ts=86690544715185, rx_ts=86690545335816) request_id=4720777 zil_blk_id=1053996 ccf_commit_seqno=4720777 nstreams_done_=263500 config.nstreams=400000 avg_latency=0.7189 ms avg throuhgput (requests/sec) = 782.0494 res=false
*==== INFO ====*  stream_id=1055996 latency=0.638364 ms (tx_ts=86691165017350, rx_ts=86691165655714) request_id=4728928 zil_blk_id=1055996 ccf_commit_seqno=4728928 nstreams_done_=264000 config.nstreams=400000 avg_latency=0.7188 ms avg throuhgput (requests/sec) = 782.0935 res=false
*==== INFO ====*  stream_id=1057996 latency=0.559706 ms (tx_ts=86691819456817, rx_ts=86691820016523) request_id=4737178 zil_blk_id=1057996 ccf_commit_seqno=4737178 nstreams_done_=264500 config.nstreams=400000 avg_latency=0.7188 ms avg throuhgput (requests/sec) = 782.0587 res=false
*==== INFO ====*  stream_id=1059996 latency=0.668861 ms (tx_ts=86692408017126, rx_ts=86692408685987) request_id=4744979 zil_blk_id=1059996 ccf_commit_seqno=4744980 nstreams_done_=265000 config.nstreams=400000 avg_latency=0.7188 ms avg throuhgput (requests/sec) = 782.1756 res=false
*==== INFO ====*  stream_id=1061996 latency=0.691213 ms (tx_ts=86693085293912, rx_ts=86693085985125) request_id=4753304 zil_blk_id=1061996 ccf_commit_seqno=4753304 nstreams_done_=265500 config.nstreams=400000 avg_latency=0.7189 ms avg throuhgput (requests/sec) = 782.0879 res=false
*==== INFO ====*  stream_id=1063996 latency=0.881829 ms (tx_ts=86693702310803, rx_ts=86693703192632) request_id=4761350 zil_blk_id=1063996 ccf_commit_seqno=4761354 nstreams_done_=266000 config.nstreams=400000 avg_latency=0.7188 ms avg throuhgput (requests/sec) = 782.1388 res=false
*==== INFO ====*  stream_id=1065996 latency=0.698907 ms (tx_ts=86694356149037, rx_ts=86694356847944) request_id=4769861 zil_blk_id=1065996 ccf_commit_seqno=4769863 nstreams_done_=266500 config.nstreams=400000 avg_latency=0.7187 ms avg throuhgput (requests/sec) = 782.1058 res=false
*==== INFO ====*  stream_id=1067996 latency=0.537205 ms (tx_ts=86694966148456, rx_ts=86694966685661) request_id=4777908 zil_blk_id=1067996 ccf_commit_seqno=4777908 nstreams_done_=267000 config.nstreams=400000 avg_latency=0.7187 ms avg throuhgput (requests/sec) = 782.1733 res=false
*==== INFO ====*  stream_id=1069996 latency=0.892730 ms (tx_ts=86695577976073, rx_ts=86695578868803) request_id=4785778 zil_blk_id=1069996 ccf_commit_seqno=4785779 nstreams_done_=267500 config.nstreams=400000 avg_latency=0.7187 ms avg throuhgput (requests/sec) = 782.2352 res=false
*==== INFO ====*  stream_id=1071996 latency=0.688578 ms (tx_ts=86696225126652, rx_ts=86696225815230) request_id=4794088 zil_blk_id=1071996 ccf_commit_seqno=4794089 nstreams_done_=268000 config.nstreams=400000 avg_latency=0.7187 ms avg throuhgput (requests/sec) = 782.2175 res=false
*==== INFO ====*  stream_id=1073996 latency=0.619720 ms (tx_ts=86696853134159, rx_ts=86696853753879) request_id=4802294 zil_blk_id=1073996 ccf_commit_seqno=4802296 nstreams_done_=268500 config.nstreams=400000 avg_latency=0.7186 ms avg throuhgput (requests/sec) = 782.2432 res=false
*==== INFO ====*  stream_id=1075996 latency=0.647351 ms (tx_ts=86697457620710, rx_ts=86697458268061) request_id=4810496 zil_blk_id=1075996 ccf_commit_seqno=4810497 nstreams_done_=269000 config.nstreams=400000 avg_latency=0.7185 ms avg throuhgput (requests/sec) = 782.3220 res=false
*==== INFO ====*  stream_id=1077996 latency=0.600494 ms (tx_ts=86698063074434, rx_ts=86698063674928) request_id=4818582 zil_blk_id=1077996 ccf_commit_seqno=4818584 nstreams_done_=269500 config.nstreams=400000 avg_latency=0.7184 ms avg throuhgput (requests/sec) = 782.3986 res=false
*==== INFO ====*  stream_id=1079996 latency=0.673239 ms (tx_ts=86698697077360, rx_ts=86698697750599) request_id=4826904 zil_blk_id=1079996 ccf_commit_seqno=4826905 nstreams_done_=270000 config.nstreams=400000 avg_latency=0.7183 ms avg throuhgput (requests/sec) = 782.4099 res=false
*==== INFO ====*  stream_id=1081996 latency=0.752095 ms (tx_ts=86699339890804, rx_ts=86699340642899) request_id=4834948 zil_blk_id=1081996 ccf_commit_seqno=4834948 nstreams_done_=270500 config.nstreams=400000 avg_latency=0.7185 ms avg throuhgput (requests/sec) = 782.4012 res=false
*==== INFO ====*  stream_id=1083996 latency=0.574535 ms (tx_ts=86699967189408, rx_ts=86699967763943) request_id=4843172 zil_blk_id=1083996 ccf_commit_seqno=4843172 nstreams_done_=271000 config.nstreams=400000 avg_latency=0.7184 ms avg throuhgput (requests/sec) = 782.4282 res=false
*==== INFO ====*  stream_id=1085996 latency=1.385341 ms (tx_ts=86700578535718, rx_ts=86700579921059) request_id=4851309 zil_blk_id=1085996 ccf_commit_seqno=4851312 nstreams_done_=271500 config.nstreams=400000 avg_latency=0.7183 ms avg throuhgput (requests/sec) = 782.4888 res=false
*==== INFO ====*  stream_id=1087996 latency=0.557082 ms (tx_ts=86701228042367, rx_ts=86701228599449) request_id=4859735 zil_blk_id=1087996 ccf_commit_seqno=4859735 nstreams_done_=272000 config.nstreams=400000 avg_latency=0.7183 ms avg throuhgput (requests/sec) = 782.4670 res=false
*==== INFO ====*  stream_id=1089996 latency=0.729915 ms (tx_ts=86701841491333, rx_ts=86701842221248) request_id=4867911 zil_blk_id=1089996 ccf_commit_seqno=4867913 nstreams_done_=272500 config.nstreams=400000 avg_latency=0.7183 ms avg throuhgput (requests/sec) = 782.5240 res=false
*==== INFO ====*  stream_id=1091996 latency=0.545220 ms (tx_ts=86702460222512, rx_ts=86702460767732) request_id=4876124 zil_blk_id=1091996 ccf_commit_seqno=4876124 nstreams_done_=273000 config.nstreams=400000 avg_latency=0.7182 ms avg throuhgput (requests/sec) = 782.5698 res=false
*==== INFO ====*  stream_id=1093996 latency=0.537135 ms (tx_ts=86703129286988, rx_ts=86703129824123) request_id=4884591 zil_blk_id=1093996 ccf_commit_seqno=4884591 nstreams_done_=273500 config.nstreams=400000 avg_latency=0.7182 ms avg throuhgput (requests/sec) = 782.5023 res=false
*==== INFO ====*  stream_id=1095996 latency=0.530813 ms (tx_ts=86703808245991, rx_ts=86703808776804) request_id=4893342 zil_blk_id=1095996 ccf_commit_seqno=4893342 nstreams_done_=274000 config.nstreams=400000 avg_latency=0.7183 ms avg throuhgput (requests/sec) = 782.4130 res=false
*==== INFO ====*  stream_id=1097996 latency=0.884384 ms (tx_ts=86704417678627, rx_ts=86704418563011) request_id=4901151 zil_blk_id=1097996 ccf_commit_seqno=4901153 nstreams_done_=274500 config.nstreams=400000 avg_latency=0.7183 ms avg throuhgput (requests/sec) = 782.4783 res=false
*==== INFO ====*  stream_id=1099996 latency=0.583341 ms (tx_ts=86705043517870, rx_ts=86705044101211) request_id=4909097 zil_blk_id=1099996 ccf_commit_seqno=4909097 nstreams_done_=275000 config.nstreams=400000 avg_latency=0.7183 ms avg throuhgput (requests/sec) = 782.5082 res=false
*==== INFO ====*  stream_id=1101996 latency=0.618003 ms (tx_ts=86705626691712, rx_ts=86705627309715) request_id=4916808 zil_blk_id=1101996 ccf_commit_seqno=4916808 nstreams_done_=275500 config.nstreams=400000 avg_latency=0.7182 ms avg throuhgput (requests/sec) = 782.6322 res=false
*==== INFO ====*  stream_id=1103996 latency=0.614042 ms (tx_ts=86706236866397, rx_ts=86706237480439) request_id=4924727 zil_blk_id=1103996 ccf_commit_seqno=4924728 nstreams_done_=276000 config.nstreams=400000 avg_latency=0.7181 ms avg throuhgput (requests/sec) = 782.6959 res=false
*==== INFO ====*  stream_id=1105996 latency=0.677220 ms (tx_ts=86706854244902, rx_ts=86706854922122) request_id=4932642 zil_blk_id=1105996 ccf_commit_seqno=4932643 nstreams_done_=276500 config.nstreams=400000 avg_latency=0.7181 ms avg throuhgput (requests/sec) = 782.7432 res=false
*==== INFO ====*  stream_id=1107996 latency=0.713956 ms (tx_ts=86707458566272, rx_ts=86707459280228) request_id=4940663 zil_blk_id=1107996 ccf_commit_seqno=4940664 nstreams_done_=277000 config.nstreams=400000 avg_latency=0.7180 ms avg throuhgput (requests/sec) = 782.8194 res=false
*==== INFO ====*  stream_id=1109996 latency=0.636671 ms (tx_ts=86708070831308, rx_ts=86708071467979) request_id=4948759 zil_blk_id=1109996 ccf_commit_seqno=4948759 nstreams_done_=277500 config.nstreams=400000 avg_latency=0.7179 ms avg throuhgput (requests/sec) = 782.8780 res=false
*==== INFO ====*  stream_id=1111996 latency=0.705794 ms (tx_ts=86708708754009, rx_ts=86708709459803) request_id=4956935 zil_blk_id=1111996 ccf_commit_seqno=4956936 nstreams_done_=278000 config.nstreams=400000 avg_latency=0.7180 ms avg throuhgput (requests/sec) = 782.8795 res=false
*==== INFO ====*  stream_id=1113996 latency=0.596276 ms (tx_ts=86709344607998, rx_ts=86709345204274) request_id=4964937 zil_blk_id=1113996 ccf_commit_seqno=4964937 nstreams_done_=278500 config.nstreams=400000 avg_latency=0.7180 ms avg throuhgput (requests/sec) = 782.8859 res=false
*==== INFO ====*  stream_id=1115996 latency=0.634226 ms (tx_ts=86709962966593, rx_ts=86709963600819) request_id=4972949 zil_blk_id=1115996 ccf_commit_seqno=4972950 nstreams_done_=279000 config.nstreams=400000 avg_latency=0.7180 ms avg throuhgput (requests/sec) = 782.9304 res=false
*==== INFO ====*  stream_id=1117996 latency=0.934197 ms (tx_ts=86710562709689, rx_ts=86710563643886) request_id=4980836 zil_blk_id=1117996 ccf_commit_seqno=4980839 nstreams_done_=279500 config.nstreams=400000 avg_latency=0.7179 ms avg throuhgput (requests/sec) = 783.0151 res=false
*==== INFO ====*  stream_id=1119996 latency=0.529711 ms (tx_ts=86711148705469, rx_ts=86711149235180) request_id=4988646 zil_blk_id=1119996 ccf_commit_seqno=4988646 nstreams_done_=280000 config.nstreams=400000 avg_latency=0.7177 ms avg throuhgput (requests/sec) = 783.1311 res=false
*==== INFO ====*  stream_id=1121996 latency=0.629127 ms (tx_ts=86711778482244, rx_ts=86711779111371) request_id=4997010 zil_blk_id=1121996 ccf_commit_seqno=4997011 nstreams_done_=280500 config.nstreams=400000 avg_latency=0.7176 ms avg throuhgput (requests/sec) = 783.1498 res=false
*==== INFO ====*  stream_id=1123996 latency=0.649115 ms (tx_ts=86712393728828, rx_ts=86712394377943) request_id=5005166 zil_blk_id=1123996 ccf_commit_seqno=5005166 nstreams_done_=281000 config.nstreams=400000 avg_latency=0.7176 ms avg throuhgput (requests/sec) = 783.2004 res=false
*==== INFO ====*  stream_id=1125996 latency=0.726007 ms (tx_ts=86713049873081, rx_ts=86713050599088) request_id=5013538 zil_blk_id=1125996 ccf_commit_seqno=5013539 nstreams_done_=281500 config.nstreams=400000 avg_latency=0.7176 ms avg throuhgput (requests/sec) = 783.1616 res=false
*==== INFO ====*  stream_id=1127996 latency=0.850601 ms (tx_ts=86713667592693, rx_ts=86713668443294) request_id=5021723 zil_blk_id=1127996 ccf_commit_seqno=5021725 nstreams_done_=282000 config.nstreams=400000 avg_latency=0.7175 ms avg throuhgput (requests/sec) = 783.2064 res=false
*==== INFO ====*  stream_id=1129996 latency=0.657289 ms (tx_ts=86714295091565, rx_ts=86714295748854) request_id=5029726 zil_blk_id=1129996 ccf_commit_seqno=5029726 nstreams_done_=282500 config.nstreams=400000 avg_latency=0.7175 ms avg throuhgput (requests/sec) = 783.2305 res=false
*==== INFO ====*  stream_id=1131996 latency=0.648215 ms (tx_ts=86714933429905, rx_ts=86714934078120) request_id=5037991 zil_blk_id=1131996 ccf_commit_seqno=5037994 nstreams_done_=283000 config.nstreams=400000 avg_latency=0.7175 ms avg throuhgput (requests/sec) = 783.2306 res=false
*==== INFO ====*  stream_id=1133996 latency=1.167063 ms (tx_ts=86715531750289, rx_ts=86715532917352) request_id=5046037 zil_blk_id=1133996 ccf_commit_seqno=5046040 nstreams_done_=283500 config.nstreams=400000 avg_latency=0.7174 ms avg throuhgput (requests/sec) = 783.3162 res=false
*==== INFO ====*  stream_id=1135996 latency=0.542065 ms (tx_ts=86716187518196, rx_ts=86716188060261) request_id=5053913 zil_blk_id=1135996 ccf_commit_seqno=5053913 nstreams_done_=284000 config.nstreams=400000 avg_latency=0.7175 ms avg throuhgput (requests/sec) = 783.2798 res=false
*==== INFO ====*  stream_id=1137996 latency=0.633505 ms (tx_ts=86716823509722, rx_ts=86716824143227) request_id=5062135 zil_blk_id=1137996 ccf_commit_seqno=5062136 nstreams_done_=284500 config.nstreams=400000 avg_latency=0.7175 ms avg throuhgput (requests/sec) = 783.2847 res=false
*==== INFO ====*  stream_id=1139996 latency=0.645197 ms (tx_ts=86717458420217, rx_ts=86717459065414) request_id=5070419 zil_blk_id=1139996 ccf_commit_seqno=5070420 nstreams_done_=285000 config.nstreams=400000 avg_latency=0.7174 ms avg throuhgput (requests/sec) = 783.2920 res=false
*==== INFO ====*  stream_id=1141996 latency=0.648634 ms (tx_ts=86718056955712, rx_ts=86718057604346) request_id=5078439 zil_blk_id=1141996 ccf_commit_seqno=5078439 nstreams_done_=285500 config.nstreams=400000 avg_latency=0.7173 ms avg throuhgput (requests/sec) = 783.3776 res=false
*==== INFO ====*  stream_id=1143996 latency=0.605192 ms (tx_ts=86718698454064, rx_ts=86718699059256) request_id=5087031 zil_blk_id=1143996 ccf_commit_seqno=5087031 nstreams_done_=286000 config.nstreams=400000 avg_latency=0.7172 ms avg throuhgput (requests/sec) = 783.3707 res=false
*==== INFO ====*  stream_id=1145996 latency=0.609551 ms (tx_ts=86719347689760, rx_ts=86719348299311) request_id=5095340 zil_blk_id=1145996 ccf_commit_seqno=5095342 nstreams_done_=286500 config.nstreams=400000 avg_latency=0.7172 ms avg throuhgput (requests/sec) = 783.3472 res=false
*==== INFO ====*  stream_id=1147996 latency=0.718717 ms (tx_ts=86719995018801, rx_ts=86719995737518) request_id=5103552 zil_blk_id=1147996 ccf_commit_seqno=5103554 nstreams_done_=287000 config.nstreams=400000 avg_latency=0.7173 ms avg throuhgput (requests/sec) = 783.3276 res=false
*==== INFO ====*  stream_id=1149996 latency=0.756525 ms (tx_ts=86720608571353, rx_ts=86720609327878) request_id=5111590 zil_blk_id=1149996 ccf_commit_seqno=5111593 nstreams_done_=287500 config.nstreams=400000 avg_latency=0.7172 ms avg throuhgput (requests/sec) = 783.3804 res=false
*==== INFO ====*  stream_id=1151996 latency=1.084288 ms (tx_ts=86721246240399, rx_ts=86721247324687) request_id=5119794 zil_blk_id=1151996 ccf_commit_seqno=5119803 nstreams_done_=288000 config.nstreams=400000 avg_latency=0.7171 ms avg throuhgput (requests/sec) = 783.3810 res=false
*==== INFO ====*  stream_id=1153996 latency=0.723283 ms (tx_ts=86721888310869, rx_ts=86721889034152) request_id=5128161 zil_blk_id=1153996 ccf_commit_seqno=5128162 nstreams_done_=288500 config.nstreams=400000 avg_latency=0.7171 ms avg throuhgput (requests/sec) = 783.3736 res=false
*==== INFO ====*  stream_id=1155996 latency=0.682337 ms (tx_ts=86722499341362, rx_ts=86722500023699) request_id=5136250 zil_blk_id=1155996 ccf_commit_seqno=5136251 nstreams_done_=289000 config.nstreams=400000 avg_latency=0.7170 ms avg throuhgput (requests/sec) = 783.4315 res=false
*==== INFO ====*  stream_id=1157996 latency=0.621522 ms (tx_ts=86723171115337, rx_ts=86723171736859) request_id=5144988 zil_blk_id=1157996 ccf_commit_seqno=5144988 nstreams_done_=289500 config.nstreams=400000 avg_latency=0.7170 ms avg throuhgput (requests/sec) = 783.3605 res=false
*==== INFO ====*  stream_id=1159996 latency=0.717619 ms (tx_ts=86723803237008, rx_ts=86723803954627) request_id=5153110 zil_blk_id=1159996 ccf_commit_seqno=5153110 nstreams_done_=290000 config.nstreams=400000 avg_latency=0.7170 ms avg throuhgput (requests/sec) = 783.3733 res=false
*==== INFO ====*  stream_id=1161996 latency=0.689500 ms (tx_ts=86724412706717, rx_ts=86724413396217) request_id=5161154 zil_blk_id=1161996 ccf_commit_seqno=5161154 nstreams_done_=290500 config.nstreams=400000 avg_latency=0.7170 ms avg throuhgput (requests/sec) = 783.4342 res=false
*==== INFO ====*  stream_id=1163996 latency=0.676325 ms (tx_ts=86725009542059, rx_ts=86725010218384) request_id=5168916 zil_blk_id=1163996 ccf_commit_seqno=5168917 nstreams_done_=291000 config.nstreams=400000 avg_latency=0.7170 ms avg throuhgput (requests/sec) = 783.5216 res=false
*==== INFO ====*  stream_id=1165996 latency=0.627534 ms (tx_ts=86725616646776, rx_ts=86725617274310) request_id=5177038 zil_blk_id=1165996 ccf_commit_seqno=5177038 nstreams_done_=291500 config.nstreams=400000 avg_latency=0.7169 ms avg throuhgput (requests/sec) = 783.5870 res=false
*==== INFO ====*  stream_id=1167996 latency=0.700771 ms (tx_ts=86726212314771, rx_ts=86726213015542) request_id=5184770 zil_blk_id=1167996 ccf_commit_seqno=5184770 nstreams_done_=292000 config.nstreams=400000 avg_latency=0.7168 ms avg throuhgput (requests/sec) = 783.6761 res=false
*==== INFO ====*  stream_id=1169996 latency=0.758949 ms (tx_ts=86726809316383, rx_ts=86726810075332) request_id=5192510 zil_blk_id=1169996 ccf_commit_seqno=5192513 nstreams_done_=292500 config.nstreams=400000 avg_latency=0.7168 ms avg throuhgput (requests/sec) = 783.7621 res=false
*==== INFO ====*  stream_id=1171996 latency=0.710198 ms (tx_ts=86727408173454, rx_ts=86727408883652) request_id=5200261 zil_blk_id=1171996 ccf_commit_seqno=5200262 nstreams_done_=293000 config.nstreams=400000 avg_latency=0.7167 ms avg throuhgput (requests/sec) = 783.8442 res=false
*==== INFO ====*  stream_id=1173996 latency=0.842624 ms (tx_ts=86728015745994, rx_ts=86728016588618) request_id=5208421 zil_blk_id=1173996 ccf_commit_seqno=5208424 nstreams_done_=293500 config.nstreams=400000 avg_latency=0.7166 ms avg throuhgput (requests/sec) = 783.9074 res=false
*==== INFO ====*  stream_id=1175996 latency=0.549689 ms (tx_ts=86728644333033, rx_ts=86728644882722) request_id=5216327 zil_blk_id=1175996 ccf_commit_seqno=5216329 nstreams_done_=294000 config.nstreams=400000 avg_latency=0.7167 ms avg throuhgput (requests/sec) = 783.9273 res=false
*==== INFO ====*  stream_id=1177996 latency=0.695190 ms (tx_ts=86729267197425, rx_ts=86729267892615) request_id=5224421 zil_blk_id=1177996 ccf_commit_seqno=5224423 nstreams_done_=294500 config.nstreams=400000 avg_latency=0.7166 ms avg throuhgput (requests/sec) = 783.9582 res=false
*==== INFO ====*  stream_id=1179996 latency=0.807340 ms (tx_ts=86729871593026, rx_ts=86729872400366) request_id=5232374 zil_blk_id=1179996 ccf_commit_seqno=5232374 nstreams_done_=295000 config.nstreams=400000 avg_latency=0.7165 ms avg throuhgput (requests/sec) = 784.0275 res=false
*==== INFO ====*  stream_id=1181996 latency=0.593610 ms (tx_ts=86730528613759, rx_ts=86730529207369) request_id=5240273 zil_blk_id=1181996 ccf_commit_seqno=5240274 nstreams_done_=295500 config.nstreams=400000 avg_latency=0.7165 ms avg throuhgput (requests/sec) = 783.9878 res=false
*==== INFO ====*  stream_id=1183996 latency=0.707904 ms (tx_ts=86731154016618, rx_ts=86731154724522) request_id=5247844 zil_blk_id=1183996 ccf_commit_seqno=5247845 nstreams_done_=296000 config.nstreams=400000 avg_latency=0.7165 ms avg throuhgput (requests/sec) = 784.0133 res=false
*==== INFO ====*  stream_id=1185996 latency=0.621242 ms (tx_ts=86731784174813, rx_ts=86731784796055) request_id=5256123 zil_blk_id=1185996 ccf_commit_seqno=5256124 nstreams_done_=296500 config.nstreams=400000 avg_latency=0.7165 ms avg throuhgput (requests/sec) = 784.0292 res=false
*==== INFO ====*  stream_id=1187996 latency=0.672979 ms (tx_ts=86732392099086, rx_ts=86732392772065) request_id=5264213 zil_blk_id=1187996 ccf_commit_seqno=5264215 nstreams_done_=297000 config.nstreams=400000 avg_latency=0.7164 ms avg throuhgput (requests/sec) = 784.0908 res=false
*==== INFO ====*  stream_id=1189996 latency=0.558926 ms (tx_ts=86733041847147, rx_ts=86733042406073) request_id=5272310 zil_blk_id=1189996 ccf_commit_seqno=5272310 nstreams_done_=297500 config.nstreams=400000 avg_latency=0.7164 ms avg throuhgput (requests/sec) = 784.0661 res=false
*==== INFO ====*  stream_id=1191996 latency=0.812700 ms (tx_ts=86733979885537, rx_ts=86733980698237) request_id=5280481 zil_blk_id=1191996 ccf_commit_seqno=5280486 nstreams_done_=298000 config.nstreams=400000 avg_latency=0.7169 ms avg throuhgput (requests/sec) = 783.4465 res=false
*==== INFO ====*  stream_id=1193996 latency=0.776162 ms (tx_ts=86734657216068, rx_ts=86734657992230) request_id=5288568 zil_blk_id=1193996 ccf_commit_seqno=5288568 nstreams_done_=298500 config.nstreams=400000 avg_latency=0.7170 ms avg throuhgput (requests/sec) = 783.3661 res=false
*==== INFO ====*  stream_id=1195996 latency=0.628696 ms (tx_ts=86735262113979, rx_ts=86735262742675) request_id=5296451 zil_blk_id=1195996 ccf_commit_seqno=5296451 nstreams_done_=299000 config.nstreams=400000 avg_latency=0.7170 ms avg throuhgput (requests/sec) = 783.4349 res=false
*==== INFO ====*  stream_id=1197996 latency=0.618777 ms (tx_ts=86735905661961, rx_ts=86735906280738) request_id=5304640 zil_blk_id=1197996 ccf_commit_seqno=5304640 nstreams_done_=299500 config.nstreams=400000 avg_latency=0.7170 ms avg throuhgput (requests/sec) = 783.4240 res=false
*==== INFO ====*  stream_id=1199996 latency=0.584113 ms (tx_ts=86736528884059, rx_ts=86736529468172) request_id=5312788 zil_blk_id=1199996 ccf_commit_seqno=5312788 nstreams_done_=300000 config.nstreams=400000 avg_latency=0.7169 ms avg throuhgput (requests/sec) = 783.4548 res=false
*==== INFO ====*  stream_id=1201996 latency=0.610963 ms (tx_ts=86737172842683, rx_ts=86737173453646) request_id=5320944 zil_blk_id=1201996 ccf_commit_seqno=5320945 nstreams_done_=300500 config.nstreams=400000 avg_latency=0.7169 ms avg throuhgput (requests/sec) = 783.4429 res=false
*==== INFO ====*  stream_id=1203996 latency=0.538287 ms (tx_ts=86737820181964, rx_ts=86737820720251) request_id=5329303 zil_blk_id=1203996 ccf_commit_seqno=5329303 nstreams_done_=301000 config.nstreams=400000 avg_latency=0.7169 ms avg throuhgput (requests/sec) = 783.4245 res=false
*==== INFO ====*  stream_id=1205996 latency=0.637923 ms (tx_ts=86738464943810, rx_ts=86738465581733) request_id=5337509 zil_blk_id=1205996 ccf_commit_seqno=5337510 nstreams_done_=301500 config.nstreams=400000 avg_latency=0.7169 ms avg throuhgput (requests/sec) = 783.4110 res=false
*==== INFO ====*  stream_id=1207996 latency=0.945652 ms (tx_ts=86739101141453, rx_ts=86739102087105) request_id=5345738 zil_blk_id=1207996 ccf_commit_seqno=5345739 nstreams_done_=302000 config.nstreams=400000 avg_latency=0.7169 ms avg throuhgput (requests/sec) = 783.4145 res=false
*==== INFO ====*  stream_id=1209996 latency=0.658602 ms (tx_ts=86739731998556, rx_ts=86739732657158) request_id=5353990 zil_blk_id=1209996 ccf_commit_seqno=5353993 nstreams_done_=302500 config.nstreams=400000 avg_latency=0.7169 ms avg throuhgput (requests/sec) = 783.4300 res=false
*==== INFO ====*  stream_id=1211996 latency=0.748500 ms (tx_ts=86740342711274, rx_ts=86740343459774) request_id=5362134 zil_blk_id=1211996 ccf_commit_seqno=5362135 nstreams_done_=303000 config.nstreams=400000 avg_latency=0.7168 ms avg throuhgput (requests/sec) = 783.4855 res=false
*==== INFO ====*  stream_id=1213996 latency=0.574254 ms (tx_ts=86741004752605, rx_ts=86741005326859) request_id=5370501 zil_blk_id=1213996 ccf_commit_seqno=5370501 nstreams_done_=303500 config.nstreams=400000 avg_latency=0.7168 ms avg throuhgput (requests/sec) = 783.4376 res=false
*==== INFO ====*  stream_id=1215996 latency=0.884024 ms (tx_ts=86741632410391, rx_ts=86741633294415) request_id=5378700 zil_blk_id=1215996 ccf_commit_seqno=5378702 nstreams_done_=304000 config.nstreams=400000 avg_latency=0.7168 ms avg throuhgput (requests/sec) = 783.4583 res=false
*==== INFO ====*  stream_id=1217996 latency=0.664973 ms (tx_ts=86742259910734, rx_ts=86742260575707) request_id=5386839 zil_blk_id=1217996 ccf_commit_seqno=5386839 nstreams_done_=304500 config.nstreams=400000 avg_latency=0.7167 ms avg throuhgput (requests/sec) = 783.4803 res=false
*==== INFO ====*  stream_id=1219996 latency=0.603399 ms (tx_ts=86742918768567, rx_ts=86742919371966) request_id=5395343 zil_blk_id=1219996 ccf_commit_seqno=5395343 nstreams_done_=305000 config.nstreams=400000 avg_latency=0.7167 ms avg throuhgput (requests/sec) = 783.4388 res=false
*==== INFO ====*  stream_id=1221996 latency=0.698397 ms (tx_ts=86743573724756, rx_ts=86743574423153) request_id=5403649 zil_blk_id=1221996 ccf_commit_seqno=5403649 nstreams_done_=305500 config.nstreams=400000 avg_latency=0.7168 ms avg throuhgput (requests/sec) = 783.4050 res=false
*==== INFO ====*  stream_id=1223996 latency=0.504043 ms (tx_ts=86744204327181, rx_ts=86744204831224) request_id=5411718 zil_blk_id=1223996 ccf_commit_seqno=5411718 nstreams_done_=306000 config.nstreams=400000 avg_latency=0.7168 ms avg throuhgput (requests/sec) = 783.4207 res=false
*==== INFO ====*  stream_id=1225996 latency=1.085450 ms (tx_ts=86744835875740, rx_ts=86744836961190) request_id=5419834 zil_blk_id=1225996 ccf_commit_seqno=5419837 nstreams_done_=306500 config.nstreams=400000 avg_latency=0.7168 ms avg throuhgput (requests/sec) = 783.4329 res=false
*==== INFO ====*  stream_id=1227996 latency=0.527356 ms (tx_ts=86745437393979, rx_ts=86745437921335) request_id=5427899 zil_blk_id=1227996 ccf_commit_seqno=5427899 nstreams_done_=307000 config.nstreams=400000 avg_latency=0.7167 ms avg throuhgput (requests/sec) = 783.5074 res=false
*==== INFO ====*  stream_id=1229996 latency=0.689620 ms (tx_ts=86746060720852, rx_ts=86746061410472) request_id=5435856 zil_blk_id=1229996 ccf_commit_seqno=5435856 nstreams_done_=307500 config.nstreams=400000 avg_latency=0.7167 ms avg throuhgput (requests/sec) = 783.5367 res=false
*==== INFO ====*  stream_id=1231996 latency=0.551701 ms (tx_ts=86746651959133, rx_ts=86746652510834) request_id=5443531 zil_blk_id=1231996 ccf_commit_seqno=5443531 nstreams_done_=308000 config.nstreams=400000 avg_latency=0.7166 ms avg throuhgput (requests/sec) = 783.6304 res=false
*==== INFO ====*  stream_id=1233996 latency=0.610262 ms (tx_ts=86747254536790, rx_ts=86747255147052) request_id=5451515 zil_blk_id=1233996 ccf_commit_seqno=5451515 nstreams_done_=308500 config.nstreams=400000 avg_latency=0.7166 ms avg throuhgput (requests/sec) = 783.7010 res=false
*==== INFO ====*  stream_id=1235996 latency=0.541934 ms (tx_ts=86747860961192, rx_ts=86747861503126) request_id=5459763 zil_blk_id=1235996 ccf_commit_seqno=5459763 nstreams_done_=309000 config.nstreams=400000 avg_latency=0.7165 ms avg throuhgput (requests/sec) = 783.7639 res=false
*==== INFO ====*  stream_id=1237996 latency=0.575867 ms (tx_ts=86748528630137, rx_ts=86748529206004) request_id=5468201 zil_blk_id=1237996 ccf_commit_seqno=5468203 nstreams_done_=309500 config.nstreams=400000 avg_latency=0.7165 ms avg throuhgput (requests/sec) = 783.7048 res=false
*==== INFO ====*  stream_id=1239996 latency=0.573132 ms (tx_ts=86749213714214, rx_ts=86749214287346) request_id=5477109 zil_blk_id=1239996 ccf_commit_seqno=5477109 nstreams_done_=310000 config.nstreams=400000 avg_latency=0.7165 ms avg throuhgput (requests/sec) = 783.6115 res=false
*==== INFO ====*  stream_id=1241996 latency=0.584774 ms (tx_ts=86749829054457, rx_ts=86749829639231) request_id=5485402 zil_blk_id=1241996 ccf_commit_seqno=5485402 nstreams_done_=310500 config.nstreams=400000 avg_latency=0.7163 ms avg throuhgput (requests/sec) = 783.6565 res=false
*==== INFO ====*  stream_id=1243996 latency=0.548637 ms (tx_ts=86750481524960, rx_ts=86750482073597) request_id=5493797 zil_blk_id=1243996 ccf_commit_seqno=5493797 nstreams_done_=311000 config.nstreams=400000 avg_latency=0.7163 ms avg throuhgput (requests/sec) = 783.6280 res=false
*==== INFO ====*  stream_id=1245996 latency=0.595467 ms (tx_ts=86751140920925, rx_ts=86751141516392) request_id=5502262 zil_blk_id=1245996 ccf_commit_seqno=5502263 nstreams_done_=311500 config.nstreams=400000 avg_latency=0.7163 ms avg throuhgput (requests/sec) = 783.5859 res=false
*==== INFO ====*  stream_id=1247996 latency=0.567935 ms (tx_ts=86751749945783, rx_ts=86751750513718) request_id=5510409 zil_blk_id=1247996 ccf_commit_seqno=5510409 nstreams_done_=312000 config.nstreams=400000 avg_latency=0.7162 ms avg throuhgput (requests/sec) = 783.6431 res=false
*==== INFO ====*  stream_id=1249996 latency=0.993075 ms (tx_ts=86752379570675, rx_ts=86752380563750) request_id=5518337 zil_blk_id=1249996 ccf_commit_seqno=5518343 nstreams_done_=312500 config.nstreams=400000 avg_latency=0.7162 ms avg throuhgput (requests/sec) = 783.6588 res=false
*==== INFO ====*  stream_id=1251996 latency=0.714767 ms (tx_ts=86752992584494, rx_ts=86752993299261) request_id=5526236 zil_blk_id=1251996 ccf_commit_seqno=5526236 nstreams_done_=313000 config.nstreams=400000 avg_latency=0.7162 ms avg throuhgput (requests/sec) = 783.7085 res=false
*==== INFO ====*  stream_id=1253996 latency=0.872426 ms (tx_ts=86753627572749, rx_ts=86753628445175) request_id=5534556 zil_blk_id=1253996 ccf_commit_seqno=5534561 nstreams_done_=313500 config.nstreams=400000 avg_latency=0.7162 ms avg throuhgput (requests/sec) = 783.7141 res=false
*==== INFO ====*  stream_id=1255996 latency=0.771804 ms (tx_ts=86754277268830, rx_ts=86754278040634) request_id=5543196 zil_blk_id=1255996 ccf_commit_seqno=5543197 nstreams_done_=314000 config.nstreams=400000 avg_latency=0.7162 ms avg throuhgput (requests/sec) = 783.6913 res=false
*==== INFO ====*  stream_id=1257996 latency=0.602717 ms (tx_ts=86754915112338, rx_ts=86754915715055) request_id=5551276 zil_blk_id=1257996 ccf_commit_seqno=5551276 nstreams_done_=314500 config.nstreams=400000 avg_latency=0.7161 ms avg throuhgput (requests/sec) = 783.6920 res=false
*==== INFO ====*  stream_id=1259996 latency=0.526114 ms (tx_ts=86755530395124, rx_ts=86755530921238) request_id=5559314 zil_blk_id=1259996 ccf_commit_seqno=5559314 nstreams_done_=315000 config.nstreams=400000 avg_latency=0.7161 ms avg throuhgput (requests/sec) = 783.7365 res=false
*==== INFO ====*  stream_id=1261996 latency=0.526655 ms (tx_ts=86756136259374, rx_ts=86756136786029) request_id=5567395 zil_blk_id=1261996 ccf_commit_seqno=5567395 nstreams_done_=315500 config.nstreams=400000 avg_latency=0.7160 ms avg throuhgput (requests/sec) = 783.7990 res=false
*==== INFO ====*  stream_id=1263996 latency=0.578301 ms (tx_ts=86756762745266, rx_ts=86756763323567) request_id=5575696 zil_blk_id=1263996 ccf_commit_seqno=5575696 nstreams_done_=316000 config.nstreams=400000 avg_latency=0.7159 ms avg throuhgput (requests/sec) = 783.8211 res=false
*==== INFO ====*  stream_id=1265996 latency=0.716310 ms (tx_ts=86757402258276, rx_ts=86757402974586) request_id=5584120 zil_blk_id=1265996 ccf_commit_seqno=5584123 nstreams_done_=316500 config.nstreams=400000 avg_latency=0.7159 ms avg throuhgput (requests/sec) = 783.8177 res=false
*==== INFO ====*  stream_id=1267996 latency=0.652761 ms (tx_ts=86758021497253, rx_ts=86758022150014) request_id=5592380 zil_blk_id=1267996 ccf_commit_seqno=5592382 nstreams_done_=317000 config.nstreams=400000 avg_latency=0.7158 ms avg throuhgput (requests/sec) = 783.8540 res=false
*==== INFO ====*  stream_id=1269996 latency=0.541763 ms (tx_ts=86758649564760, rx_ts=86758650106523) request_id=5600480 zil_blk_id=1269996 ccf_commit_seqno=5600480 nstreams_done_=317500 config.nstreams=400000 avg_latency=0.7159 ms avg throuhgput (requests/sec) = 783.8732 res=false
*==== INFO ====*  stream_id=1271996 latency=0.673466 ms (tx_ts=86759234654732, rx_ts=86759235328198) request_id=5608325 zil_blk_id=1271996 ccf_commit_seqno=5608325 nstreams_done_=318000 config.nstreams=400000 avg_latency=0.7159 ms avg throuhgput (requests/sec) = 783.9749 res=false
*==== INFO ====*  stream_id=1273996 latency=0.537445 ms (tx_ts=86759838115146, rx_ts=86759838652591) request_id=5616209 zil_blk_id=1273996 ccf_commit_seqno=5616209 nstreams_done_=318500 config.nstreams=400000 avg_latency=0.7158 ms avg throuhgput (requests/sec) = 784.0414 res=false
*==== INFO ====*  stream_id=1275996 latency=0.641290 ms (tx_ts=86760448466699, rx_ts=86760449107989) request_id=5624562 zil_blk_id=1275996 ccf_commit_seqno=5624563 nstreams_done_=319000 config.nstreams=400000 avg_latency=0.7157 ms avg throuhgput (requests/sec) = 784.0939 res=false
*==== INFO ====*  stream_id=1277996 latency=0.707554 ms (tx_ts=86761079390262, rx_ts=86761080097816) request_id=5632871 zil_blk_id=1277996 ccf_commit_seqno=5632871 nstreams_done_=319500 config.nstreams=400000 avg_latency=0.7157 ms avg throuhgput (requests/sec) = 784.1068 res=false
*==== INFO ====*  stream_id=1279996 latency=0.717312 ms (tx_ts=86761705434107, rx_ts=86761706151419) request_id=5641371 zil_blk_id=1279996 ccf_commit_seqno=5641372 nstreams_done_=320000 config.nstreams=400000 avg_latency=0.7156 ms avg throuhgput (requests/sec) = 784.1291 res=false
*==== INFO ====*  stream_id=1281996 latency=0.559326 ms (tx_ts=86762349632253, rx_ts=86762350191579) request_id=5649724 zil_blk_id=1281996 ccf_commit_seqno=5649724 nstreams_done_=320500 config.nstreams=400000 avg_latency=0.7155 ms avg throuhgput (requests/sec) = 784.1169 res=false
*==== INFO ====*  stream_id=1283996 latency=2.013716 ms (tx_ts=86763085165838, rx_ts=86763087179554) request_id=5658592 zil_blk_id=1283996 ccf_commit_seqno=5658592 nstreams_done_=321000 config.nstreams=400000 avg_latency=0.7157 ms avg throuhgput (requests/sec) = 783.9267 res=false
*==== INFO ====*  stream_id=1285996 latency=0.531945 ms (tx_ts=86763756124638, rx_ts=86763756656583) request_id=5667136 zil_blk_id=1285996 ccf_commit_seqno=5667136 nstreams_done_=321500 config.nstreams=400000 avg_latency=0.7157 ms avg throuhgput (requests/sec) = 783.8661 res=false
*==== INFO ====*  stream_id=1287996 latency=0.695380 ms (tx_ts=86764427344155, rx_ts=86764428039535) request_id=5675330 zil_blk_id=1287996 ccf_commit_seqno=5675331 nstreams_done_=322000 config.nstreams=400000 avg_latency=0.7158 ms avg throuhgput (requests/sec) = 783.8022 res=false
*==== INFO ====*  stream_id=1289996 latency=0.609410 ms (tx_ts=86765046798804, rx_ts=86765047408214) request_id=5683398 zil_blk_id=1289996 ccf_commit_seqno=5683398 nstreams_done_=322500 config.nstreams=400000 avg_latency=0.7158 ms avg throuhgput (requests/sec) = 783.8375 res=false
*==== INFO ====*  stream_id=1291996 latency=0.519401 ms (tx_ts=86765646316766, rx_ts=86765646836167) request_id=5691277 zil_blk_id=1291996 ccf_commit_seqno=5691277 nstreams_done_=323000 config.nstreams=400000 avg_latency=0.7157 ms avg throuhgput (requests/sec) = 783.9107 res=false
*==== INFO ====*  stream_id=1293996 latency=0.580927 ms (tx_ts=86766248959596, rx_ts=86766249540523) request_id=5698763 zil_blk_id=1293996 ccf_commit_seqno=5698763 nstreams_done_=323500 config.nstreams=400000 avg_latency=0.7156 ms avg throuhgput (requests/sec) = 783.9774 res=false
*==== INFO ====*  stream_id=1295996 latency=0.581087 ms (tx_ts=86766852306848, rx_ts=86766852887935) request_id=5706066 zil_blk_id=1295996 ccf_commit_seqno=5706066 nstreams_done_=324000 config.nstreams=400000 avg_latency=0.7156 ms avg throuhgput (requests/sec) = 784.0427 res=false
*==== INFO ====*  stream_id=1297996 latency=0.580936 ms (tx_ts=86767453119037, rx_ts=86767453699973) request_id=5713586 zil_blk_id=1297996 ccf_commit_seqno=5713586 nstreams_done_=324500 config.nstreams=400000 avg_latency=0.7155 ms avg throuhgput (requests/sec) = 784.1126 res=false
*==== INFO ====*  stream_id=1299996 latency=0.637242 ms (tx_ts=86768069613184, rx_ts=86768070250426) request_id=5720964 zil_blk_id=1299996 ccf_commit_seqno=5720964 nstreams_done_=325000 config.nstreams=400000 avg_latency=0.7154 ms avg throuhgput (requests/sec) = 784.1526 res=false
*==== INFO ====*  stream_id=1301996 latency=0.674131 ms (tx_ts=86768681292156, rx_ts=86768681966287) request_id=5728433 zil_blk_id=1301996 ccf_commit_seqno=5728434 nstreams_done_=325500 config.nstreams=400000 avg_latency=0.7154 ms avg throuhgput (requests/sec) = 784.2015 res=false
*==== INFO ====*  stream_id=1303996 latency=0.756094 ms (tx_ts=86769271968928, rx_ts=86769272725022) request_id=5735582 zil_blk_id=1303996 ccf_commit_seqno=5735583 nstreams_done_=326000 config.nstreams=400000 avg_latency=0.7153 ms avg throuhgput (requests/sec) = 784.2899 res=false
*==== INFO ====*  stream_id=1305996 latency=0.742479 ms (tx_ts=86769986740451, rx_ts=86769987482930) request_id=5743864 zil_blk_id=1305996 ccf_commit_seqno=5743864 nstreams_done_=326500 config.nstreams=400000 avg_latency=0.7154 ms avg throuhgput (requests/sec) = 784.1444 res=false
*==== INFO ====*  stream_id=1307996 latency=0.541843 ms (tx_ts=86770656611113, rx_ts=86770657152956) request_id=5751961 zil_blk_id=1307996 ccf_commit_seqno=5751961 nstreams_done_=327000 config.nstreams=400000 avg_latency=0.7155 ms avg throuhgput (requests/sec) = 784.0842 res=false
*==== INFO ====*  stream_id=1309996 latency=0.942363 ms (tx_ts=86771257809152, rx_ts=86771258751515) request_id=5759479 zil_blk_id=1309996 ccf_commit_seqno=5759482 nstreams_done_=327500 config.nstreams=400000 avg_latency=0.7154 ms avg throuhgput (requests/sec) = 784.1519 res=false
*==== INFO ====*  stream_id=1311996 latency=0.562342 ms (tx_ts=86771889871274, rx_ts=86771890433616) request_id=5767053 zil_blk_id=1311996 ccf_commit_seqno=5767053 nstreams_done_=328000 config.nstreams=400000 avg_latency=0.7154 ms avg throuhgput (requests/sec) = 784.1631 res=false
*==== INFO ====*  stream_id=1313996 latency=0.606665 ms (tx_ts=86772488322654, rx_ts=86772488929319) request_id=5774548 zil_blk_id=1313996 ccf_commit_seqno=5774549 nstreams_done_=328500 config.nstreams=400000 avg_latency=0.7153 ms avg throuhgput (requests/sec) = 784.2363 res=false
*==== INFO ====*  stream_id=1315996 latency=0.604711 ms (tx_ts=86773111700324, rx_ts=86773112305035) request_id=5782197 zil_blk_id=1315996 ccf_commit_seqno=5782197 nstreams_done_=329000 config.nstreams=400000 avg_latency=0.7152 ms avg throuhgput (requests/sec) = 784.2629 res=false
*==== INFO ====*  stream_id=1317996 latency=0.628235 ms (tx_ts=86773738870166, rx_ts=86773739498401) request_id=5789871 zil_blk_id=1317996 ccf_commit_seqno=5789871 nstreams_done_=329500 config.nstreams=400000 avg_latency=0.7152 ms avg throuhgput (requests/sec) = 784.2822 res=false
*==== INFO ====*  stream_id=1319996 latency=0.586917 ms (tx_ts=86774325309530, rx_ts=86774325896447) request_id=5797220 zil_blk_id=1319996 ccf_commit_seqno=5797220 nstreams_done_=330000 config.nstreams=400000 avg_latency=0.7151 ms avg throuhgput (requests/sec) = 784.3775 res=false
*==== INFO ====*  stream_id=1321996 latency=0.586517 ms (tx_ts=86774934462682, rx_ts=86774935049199) request_id=5804576 zil_blk_id=1321996 ccf_commit_seqno=5804576 nstreams_done_=330500 config.nstreams=400000 avg_latency=0.7151 ms avg throuhgput (requests/sec) = 784.4302 res=false
*==== INFO ====*  stream_id=1323996 latency=0.636671 ms (tx_ts=86775511831886, rx_ts=86775512468557) request_id=5811805 zil_blk_id=1323996 ccf_commit_seqno=5811807 nstreams_done_=331000 config.nstreams=400000 avg_latency=0.7150 ms avg throuhgput (requests/sec) = 784.5417 res=false
*==== INFO ====*  stream_id=1325996 latency=0.662850 ms (tx_ts=86776155092375, rx_ts=86776155755225) request_id=5819377 zil_blk_id=1325996 ccf_commit_seqno=5819379 nstreams_done_=331500 config.nstreams=400000 avg_latency=0.7150 ms avg throuhgput (requests/sec) = 784.5306 res=false
*==== INFO ====*  stream_id=1327996 latency=0.548266 ms (tx_ts=86776764379372, rx_ts=86776764927638) request_id=5826992 zil_blk_id=1327996 ccf_commit_seqno=5826992 nstreams_done_=332000 config.nstreams=400000 avg_latency=0.7149 ms avg throuhgput (requests/sec) = 784.5828 res=false
*==== INFO ====*  stream_id=1329996 latency=0.679300 ms (tx_ts=86777400706565, rx_ts=86777401385865) request_id=5834786 zil_blk_id=1329996 ccf_commit_seqno=5834786 nstreams_done_=332500 config.nstreams=400000 avg_latency=0.7149 ms avg throuhgput (requests/sec) = 784.5843 res=false
*==== INFO ====*  stream_id=1331996 latency=0.620882 ms (tx_ts=86777994981782, rx_ts=86777995602664) request_id=5842207 zil_blk_id=1331996 ccf_commit_seqno=5842209 nstreams_done_=333000 config.nstreams=400000 avg_latency=0.7148 ms avg throuhgput (requests/sec) = 784.6639 res=false
*==== INFO ====*  stream_id=1333996 latency=0.684420 ms (tx_ts=86778608367368, rx_ts=86778609051788) request_id=5849696 zil_blk_id=1333996 ccf_commit_seqno=5849696 nstreams_done_=333500 config.nstreams=400000 avg_latency=0.7147 ms avg throuhgput (requests/sec) = 784.7078 res=false
*==== INFO ====*  stream_id=1335996 latency=0.637612 ms (tx_ts=86779218291827, rx_ts=86779218929439) request_id=5857003 zil_blk_id=1335996 ccf_commit_seqno=5857004 nstreams_done_=334000 config.nstreams=400000 avg_latency=0.7147 ms avg throuhgput (requests/sec) = 784.7582 res=false
*==== INFO ====*  stream_id=1337996 latency=0.700550 ms (tx_ts=86779831390389, rx_ts=86779832090939) request_id=5864567 zil_blk_id=1337996 ccf_commit_seqno=5864569 nstreams_done_=334500 config.nstreams=400000 avg_latency=0.7147 ms avg throuhgput (requests/sec) = 784.8023 res=false
*==== INFO ====*  stream_id=1339996 latency=0.779038 ms (tx_ts=86780443085489, rx_ts=86780443864527) request_id=5871915 zil_blk_id=1339996 ccf_commit_seqno=5871919 nstreams_done_=335000 config.nstreams=400000 avg_latency=0.7147 ms avg throuhgput (requests/sec) = 784.8489 res=false
*==== INFO ====*  stream_id=1341996 latency=0.654284 ms (tx_ts=86781039701426, rx_ts=86781040355710) request_id=5879332 zil_blk_id=1341996 ccf_commit_seqno=5879333 nstreams_done_=335500 config.nstreams=400000 avg_latency=0.7146 ms avg throuhgput (requests/sec) = 784.9234 res=false
*==== INFO ====*  stream_id=1343996 latency=0.577003 ms (tx_ts=86781652473089, rx_ts=86781653050092) request_id=5886862 zil_blk_id=1343996 ccf_commit_seqno=5886862 nstreams_done_=336000 config.nstreams=400000 avg_latency=0.7145 ms avg throuhgput (requests/sec) = 784.9680 res=false
*==== INFO ====*  stream_id=1345996 latency=0.611323 ms (tx_ts=86782267692484, rx_ts=86782268303807) request_id=5894293 zil_blk_id=1345996 ccf_commit_seqno=5894295 nstreams_done_=336500 config.nstreams=400000 avg_latency=0.7144 ms avg throuhgput (requests/sec) = 785.0077 res=false
*==== INFO ====*  stream_id=1347996 latency=0.637362 ms (tx_ts=86782922071481, rx_ts=86782922708843) request_id=5902174 zil_blk_id=1347996 ccf_commit_seqno=5902174 nstreams_done_=337000 config.nstreams=400000 avg_latency=0.7144 ms avg throuhgput (requests/sec) = 784.9758 res=false
*==== INFO ====*  stream_id=1349996 latency=0.625230 ms (tx_ts=86783533729017, rx_ts=86783534354247) request_id=5909769 zil_blk_id=1349996 ccf_commit_seqno=5909769 nstreams_done_=337500 config.nstreams=400000 avg_latency=0.7143 ms avg throuhgput (requests/sec) = 785.0220 res=false
*==== INFO ====*  stream_id=1351996 latency=0.543697 ms (tx_ts=86784170526894, rx_ts=86784171070591) request_id=5917345 zil_blk_id=1351996 ccf_commit_seqno=5917345 nstreams_done_=338000 config.nstreams=400000 avg_latency=0.7143 ms avg throuhgput (requests/sec) = 785.0224 res=false
*==== INFO ====*  stream_id=1353996 latency=0.880472 ms (tx_ts=86784825802010, rx_ts=86784826682482) request_id=5925191 zil_blk_id=1353996 ccf_commit_seqno=5925195 nstreams_done_=338500 config.nstreams=400000 avg_latency=0.7143 ms avg throuhgput (requests/sec) = 784.9884 res=false
*==== INFO ====*  stream_id=1355996 latency=0.580235 ms (tx_ts=86785474689790, rx_ts=86785475270025) request_id=5932758 zil_blk_id=1355996 ccf_commit_seqno=5932758 nstreams_done_=339000 config.nstreams=400000 avg_latency=0.7143 ms avg throuhgput (requests/sec) = 784.9672 res=false
*==== INFO ====*  stream_id=1357996 latency=0.647651 ms (tx_ts=86786117850026, rx_ts=86786118497677) request_id=5939891 zil_blk_id=1357996 ccf_commit_seqno=5939892 nstreams_done_=339500 config.nstreams=400000 avg_latency=0.7143 ms avg throuhgput (requests/sec) = 784.9559 res=false
*==== INFO ====*  stream_id=1359996 latency=0.657399 ms (tx_ts=86786721201167, rx_ts=86786721858566) request_id=5947020 zil_blk_id=1359996 ccf_commit_seqno=5947021 nstreams_done_=340000 config.nstreams=400000 avg_latency=0.7141 ms avg throuhgput (requests/sec) = 785.0168 res=false
*==== INFO ====*  stream_id=1361996 latency=0.596355 ms (tx_ts=86787344807385, rx_ts=86787345403740) request_id=5954029 zil_blk_id=1361996 ccf_commit_seqno=5954029 nstreams_done_=340500 config.nstreams=400000 avg_latency=0.7141 ms avg throuhgput (requests/sec) = 785.0410 res=false
*==== INFO ====*  stream_id=1363996 latency=0.695471 ms (tx_ts=86787997860595, rx_ts=86787998556066) request_id=5961116 zil_blk_id=1363996 ccf_commit_seqno=5961119 nstreams_done_=341000 config.nstreams=400000 avg_latency=0.7141 ms avg throuhgput (requests/sec) = 785.0117 res=false
*==== INFO ====*  stream_id=1365996 latency=0.551942 ms (tx_ts=86788616070178, rx_ts=86788616622120) request_id=5968213 zil_blk_id=1365996 ccf_commit_seqno=5968213 nstreams_done_=341500 config.nstreams=400000 avg_latency=0.7140 ms avg throuhgput (requests/sec) = 785.0457 res=false
*==== INFO ====*  stream_id=1367996 latency=0.654824 ms (tx_ts=86789230435606, rx_ts=86789231090430) request_id=5975309 zil_blk_id=1367996 ccf_commit_seqno=5975309 nstreams_done_=342000 config.nstreams=400000 avg_latency=0.7139 ms avg throuhgput (requests/sec) = 785.0861 res=false
*==== INFO ====*  stream_id=1369996 latency=0.601255 ms (tx_ts=86789865316586, rx_ts=86789865917841) request_id=5981727 zil_blk_id=1369996 ccf_commit_seqno=5981728 nstreams_done_=342500 config.nstreams=400000 avg_latency=0.7139 ms avg throuhgput (requests/sec) = 785.0898 res=false
*==== INFO ====*  stream_id=1371996 latency=0.630699 ms (tx_ts=86790493250615, rx_ts=86790493881314) request_id=5988320 zil_blk_id=1371996 ccf_commit_seqno=5988320 nstreams_done_=343000 config.nstreams=400000 avg_latency=0.7138 ms avg throuhgput (requests/sec) = 785.1058 res=false
*==== INFO ====*  stream_id=1373996 latency=0.557442 ms (tx_ts=86791091967196, rx_ts=86791092524638) request_id=5994593 zil_blk_id=1373996 ccf_commit_seqno=5994593 nstreams_done_=343500 config.nstreams=400000 avg_latency=0.7137 ms avg throuhgput (requests/sec) = 785.1744 res=false
*==== INFO ====*  stream_id=1375996 latency=0.646639 ms (tx_ts=86791743105656, rx_ts=86791743752295) request_id=6001303 zil_blk_id=1375996 ccf_commit_seqno=6001304 nstreams_done_=344000 config.nstreams=400000 avg_latency=0.7137 ms avg throuhgput (requests/sec) = 785.1485 res=false
*==== INFO ====*  stream_id=1377996 latency=0.568102 ms (tx_ts=86792446947532, rx_ts=86792447515634) request_id=6008214 zil_blk_id=1377996 ccf_commit_seqno=6008214 nstreams_done_=344500 config.nstreams=400000 avg_latency=0.7137 ms avg throuhgput (requests/sec) = 785.0288 res=false
*==== INFO ====*  stream_id=1379996 latency=0.826877 ms (tx_ts=86793080409816, rx_ts=86793081236693) request_id=6014268 zil_blk_id=1379996 ccf_commit_seqno=6014270 nstreams_done_=345000 config.nstreams=400000 avg_latency=0.7137 ms avg throuhgput (requests/sec) = 785.0345 res=false
*==== INFO ====*  stream_id=1381996 latency=1.076062 ms (tx_ts=86793727019444, rx_ts=86793728095506) request_id=6020419 zil_blk_id=1381996 ccf_commit_seqno=6020419 nstreams_done_=345500 config.nstreams=400000 avg_latency=0.7136 ms avg throuhgput (requests/sec) = 785.0168 res=false
*==== INFO ====*  stream_id=1383996 latency=0.661517 ms (tx_ts=86794391994283, rx_ts=86794392655800) request_id=6026634 zil_blk_id=1383996 ccf_commit_seqno=6026635 nstreams_done_=346000 config.nstreams=400000 avg_latency=0.7136 ms avg throuhgput (requests/sec) = 784.9675 res=false
*==== INFO ====*  stream_id=1385996 latency=0.523839 ms (tx_ts=86795022302863, rx_ts=86795022826702) request_id=6032655 zil_blk_id=1385996 ccf_commit_seqno=6032655 nstreams_done_=346500 config.nstreams=400000 avg_latency=0.7135 ms avg throuhgput (requests/sec) = 784.9796 res=false
*==== INFO ====*  stream_id=1387996 latency=0.536192 ms (tx_ts=86795628575939, rx_ts=86795629112131) request_id=6038536 zil_blk_id=1387996 ccf_commit_seqno=6038536 nstreams_done_=347000 config.nstreams=400000 avg_latency=0.7134 ms avg throuhgput (requests/sec) = 785.0341 res=false
*==== INFO ====*  stream_id=1389996 latency=0.638775 ms (tx_ts=86796245826737, rx_ts=86796246465512) request_id=6044542 zil_blk_id=1389996 ccf_commit_seqno=6044542 nstreams_done_=347500 config.nstreams=400000 avg_latency=0.7133 ms avg throuhgput (requests/sec) = 785.0688 res=false
*==== INFO ====*  stream_id=1391996 latency=0.738782 ms (tx_ts=86796851112042, rx_ts=86796851850824) request_id=6050439 zil_blk_id=1391996 ccf_commit_seqno=6050440 nstreams_done_=348000 config.nstreams=400000 avg_latency=0.7132 ms avg throuhgput (requests/sec) = 785.1246 res=false
*==== INFO ====*  stream_id=1393996 latency=0.924489 ms (tx_ts=86797468300704, rx_ts=86797469225193) request_id=6056463 zil_blk_id=1393996 ccf_commit_seqno=6056464 nstreams_done_=348500 config.nstreams=400000 avg_latency=0.7131 ms avg throuhgput (requests/sec) = 785.1590 res=false
*==== INFO ====*  stream_id=1395996 latency=0.552252 ms (tx_ts=86798124018976, rx_ts=86798124571228) request_id=6062542 zil_blk_id=1395996 ccf_commit_seqno=6062542 nstreams_done_=349000 config.nstreams=400000 avg_latency=0.7131 ms avg throuhgput (requests/sec) = 785.1263 res=false
*==== INFO ====*  stream_id=1397996 latency=0.519612 ms (tx_ts=86798742432345, rx_ts=86798742951957) request_id=6067952 zil_blk_id=1397996 ccf_commit_seqno=6067952 nstreams_done_=349500 config.nstreams=400000 avg_latency=0.7130 ms avg throuhgput (requests/sec) = 785.1589 res=false
*==== INFO ====*  stream_id=1399996 latency=0.540952 ms (tx_ts=86799342736165, rx_ts=86799343277117) request_id=6073145 zil_blk_id=1399996 ccf_commit_seqno=6073145 nstreams_done_=350000 config.nstreams=400000 avg_latency=0.7129 ms avg throuhgput (requests/sec) = 785.2231 res=false
*==== INFO ====*  stream_id=1401996 latency=0.528187 ms (tx_ts=86799948963240, rx_ts=86799949491427) request_id=6078435 zil_blk_id=1401996 ccf_commit_seqno=6078435 nstreams_done_=350500 config.nstreams=400000 avg_latency=0.7128 ms avg throuhgput (requests/sec) = 785.2769 res=false
*==== INFO ====*  stream_id=1403996 latency=0.582950 ms (tx_ts=86800560656622, rx_ts=86800561239572) request_id=6083787 zil_blk_id=1403996 ccf_commit_seqno=6083787 nstreams_done_=351000 config.nstreams=400000 avg_latency=0.7127 ms avg throuhgput (requests/sec) = 785.3207 res=false
*==== INFO ====*  stream_id=1405996 latency=0.648833 ms (tx_ts=86801165408125, rx_ts=86801166056958) request_id=6089058 zil_blk_id=1405996 ccf_commit_seqno=6089058 nstreams_done_=351500 config.nstreams=400000 avg_latency=0.7126 ms avg throuhgput (requests/sec) = 785.3767 res=false
*==== INFO ====*  stream_id=1407996 latency=1.557293 ms (tx_ts=86801790115369, rx_ts=86801791672662) request_id=6094451 zil_blk_id=1407996 ccf_commit_seqno=6094451 nstreams_done_=352000 config.nstreams=400000 avg_latency=0.7125 ms avg throuhgput (requests/sec) = 785.3960 res=false
*==== INFO ====*  stream_id=1409996 latency=0.586567 ms (tx_ts=86802396317711, rx_ts=86802396904278) request_id=6099702 zil_blk_id=1409996 ccf_commit_seqno=6099702 nstreams_done_=352500 config.nstreams=400000 avg_latency=0.7124 ms avg throuhgput (requests/sec) = 785.4509 res=false
*==== INFO ====*  stream_id=1411996 latency=0.634066 ms (tx_ts=86803033571508, rx_ts=86803034205574) request_id=6104947 zil_blk_id=1411996 ccf_commit_seqno=6104948 nstreams_done_=353000 config.nstreams=400000 avg_latency=0.7124 ms avg throuhgput (requests/sec) = 785.4496 res=false
*==== INFO ====*  stream_id=1413996 latency=0.543045 ms (tx_ts=86803650060447, rx_ts=86803650603492) request_id=6110291 zil_blk_id=1413996 ccf_commit_seqno=6110292 nstreams_done_=353500 config.nstreams=400000 avg_latency=0.7123 ms avg throuhgput (requests/sec) = 785.4849 res=false
*==== INFO ====*  stream_id=1415996 latency=0.968091 ms (tx_ts=86804274869581, rx_ts=86804275837672) request_id=6115622 zil_blk_id=1415996 ccf_commit_seqno=6115622 nstreams_done_=354000 config.nstreams=400000 avg_latency=0.7122 ms avg throuhgput (requests/sec) = 785.5046 res=false
*==== INFO ====*  stream_id=1417996 latency=0.589733 ms (tx_ts=86804911552437, rx_ts=86804912142170) request_id=6121003 zil_blk_id=1417996 ccf_commit_seqno=6121004 nstreams_done_=354500 config.nstreams=400000 avg_latency=0.7121 ms avg throuhgput (requests/sec) = 785.5050 res=false
*==== INFO ====*  stream_id=1419996 latency=0.587258 ms (tx_ts=86805550554443, rx_ts=86805551141701) request_id=6126409 zil_blk_id=1419996 ccf_commit_seqno=6126409 nstreams_done_=355000 config.nstreams=400000 avg_latency=0.7120 ms avg throuhgput (requests/sec) = 785.5007 res=false
*==== INFO ====*  stream_id=1421996 latency=0.627875 ms (tx_ts=86806170829645, rx_ts=86806171457520) request_id=6131804 zil_blk_id=1421996 ccf_commit_seqno=6131804 nstreams_done_=355500 config.nstreams=400000 avg_latency=0.7119 ms avg throuhgput (requests/sec) = 785.5288 res=false
*==== INFO ====*  stream_id=1423996 latency=0.690221 ms (tx_ts=86806799142961, rx_ts=86806799833182) request_id=6137245 zil_blk_id=1423996 ccf_commit_seqno=6137246 nstreams_done_=356000 config.nstreams=400000 avg_latency=0.7118 ms avg throuhgput (requests/sec) = 785.5429 res=false
*==== INFO ====*  stream_id=1425996 latency=0.707133 ms (tx_ts=86807451862254, rx_ts=86807452569387) request_id=6142735 zil_blk_id=1425996 ccf_commit_seqno=6142737 nstreams_done_=356500 config.nstreams=400000 avg_latency=0.7118 ms avg throuhgput (requests/sec) = 785.5148 res=false
*==== INFO ====*  stream_id=1427996 latency=0.677186 ms (tx_ts=86808103290900, rx_ts=86808103968086) request_id=6148121 zil_blk_id=1427996 ccf_commit_seqno=6148124 nstreams_done_=357000 config.nstreams=400000 avg_latency=0.7118 ms avg throuhgput (requests/sec) = 785.4891 res=false
*==== INFO ====*  stream_id=1429996 latency=0.645006 ms (tx_ts=86808773744576, rx_ts=86808774389582) request_id=6153671 zil_blk_id=1429996 ccf_commit_seqno=6153671 nstreams_done_=357500 config.nstreams=400000 avg_latency=0.7117 ms avg throuhgput (requests/sec) = 785.4307 res=false
*==== INFO ====*  stream_id=1431996 latency=0.554667 ms (tx_ts=86809407398960, rx_ts=86809407953627) request_id=6159128 zil_blk_id=1431996 ccf_commit_seqno=6159128 nstreams_done_=358000 config.nstreams=400000 avg_latency=0.7116 ms avg throuhgput (requests/sec) = 785.4359 res=false
*==== INFO ====*  stream_id=1433996 latency=0.517247 ms (tx_ts=86810028404847, rx_ts=86810028922094) request_id=6164350 zil_blk_id=1433996 ccf_commit_seqno=6164351 nstreams_done_=358500 config.nstreams=400000 avg_latency=0.7116 ms avg throuhgput (requests/sec) = 785.4628 res=false
*==== INFO ====*  stream_id=1435996 latency=0.558785 ms (tx_ts=86810640472602, rx_ts=86810641031387) request_id=6169719 zil_blk_id=1435996 ccf_commit_seqno=6169719 nstreams_done_=359000 config.nstreams=400000 avg_latency=0.7114 ms avg throuhgput (requests/sec) = 785.5048 res=false
*==== INFO ====*  stream_id=1437996 latency=0.591656 ms (tx_ts=86811296500793, rx_ts=86811297092449) request_id=6175434 zil_blk_id=1437996 ccf_commit_seqno=6175434 nstreams_done_=359500 config.nstreams=400000 avg_latency=0.7114 ms avg throuhgput (requests/sec) = 785.4713 res=false
*==== INFO ====*  stream_id=1439996 latency=0.573683 ms (tx_ts=86811939315595, rx_ts=86811939889278) request_id=6180944 zil_blk_id=1439996 ccf_commit_seqno=6180944 nstreams_done_=360000 config.nstreams=400000 avg_latency=0.7113 ms avg throuhgput (requests/sec) = 785.4606 res=false
*==== INFO ====*  stream_id=1441996 latency=0.565116 ms (tx_ts=86812556790105, rx_ts=86812557355221) request_id=6186331 zil_blk_id=1441996 ccf_commit_seqno=6186331 nstreams_done_=360500 config.nstreams=400000 avg_latency=0.7112 ms avg throuhgput (requests/sec) = 785.4933 res=false
*==== INFO ====*  stream_id=1443996 latency=0.542524 ms (tx_ts=86813191121830, rx_ts=86813191664354) request_id=6191640 zil_blk_id=1443996 ccf_commit_seqno=6191640 nstreams_done_=361000 config.nstreams=400000 avg_latency=0.7112 ms avg throuhgput (requests/sec) = 785.4971 res=false
*==== INFO ====*  stream_id=1445996 latency=0.756334 ms (tx_ts=86813840233038, rx_ts=86813840989372) request_id=6197159 zil_blk_id=1445996 ccf_commit_seqno=6197160 nstreams_done_=361500 config.nstreams=400000 avg_latency=0.7112 ms avg throuhgput (requests/sec) = 785.4753 res=false
*==== INFO ====*  stream_id=1447996 latency=0.657990 ms (tx_ts=86814473623981, rx_ts=86814474281971) request_id=6202124 zil_blk_id=1447996 ccf_commit_seqno=6202125 nstreams_done_=362000 config.nstreams=400000 avg_latency=0.7111 ms avg throuhgput (requests/sec) = 785.4809 res=false
*==== INFO ====*  stream_id=1449996 latency=0.609530 ms (tx_ts=86815114135182, rx_ts=86815114744712) request_id=6207026 zil_blk_id=1449996 ccf_commit_seqno=6207026 nstreams_done_=362500 config.nstreams=400000 avg_latency=0.7110 ms avg throuhgput (requests/sec) = 785.4742 res=false
*==== INFO ====*  stream_id=1451996 latency=0.629427 ms (tx_ts=86815771702291, rx_ts=86815772331718) request_id=6211995 zil_blk_id=1451996 ccf_commit_seqno=6211995 nstreams_done_=363000 config.nstreams=400000 avg_latency=0.7110 ms avg throuhgput (requests/sec) = 785.4385 res=false
*==== INFO ====*  stream_id=1453996 latency=0.588510 ms (tx_ts=86816396709454, rx_ts=86816397297964) request_id=6216892 zil_blk_id=1453996 ccf_commit_seqno=6216893 nstreams_done_=363500 config.nstreams=400000 avg_latency=0.7109 ms avg throuhgput (requests/sec) = 785.4582 res=false
*==== INFO ====*  stream_id=1455996 latency=0.643163 ms (tx_ts=86817044371102, rx_ts=86817045014265) request_id=6221900 zil_blk_id=1455996 ccf_commit_seqno=6221901 nstreams_done_=364000 config.nstreams=400000 avg_latency=0.7108 ms avg throuhgput (requests/sec) = 785.4393 res=false
*==== INFO ====*  stream_id=1457996 latency=0.539999 ms (tx_ts=86817668805353, rx_ts=86817669345352) request_id=6226683 zil_blk_id=1457996 ccf_commit_seqno=6226683 nstreams_done_=364500 config.nstreams=400000 avg_latency=0.7107 ms avg throuhgput (requests/sec) = 785.4601 res=false
*==== INFO ====*  stream_id=1459996 latency=0.539730 ms (tx_ts=86818297305469, rx_ts=86818297845199) request_id=6231427 zil_blk_id=1459996 ccf_commit_seqno=6231427 nstreams_done_=365000 config.nstreams=400000 avg_latency=0.7106 ms avg throuhgput (requests/sec) = 785.4737 res=false
*==== INFO ====*  stream_id=1461996 latency=0.556931 ms (tx_ts=86818956474412, rx_ts=86818957031343) request_id=6236377 zil_blk_id=1461996 ccf_commit_seqno=6236377 nstreams_done_=365500 config.nstreams=400000 avg_latency=0.7105 ms avg throuhgput (requests/sec) = 785.4355 res=false
*==== INFO ====*  stream_id=1463996 latency=0.615722 ms (tx_ts=86819570318538, rx_ts=86819570934260) request_id=6241169 zil_blk_id=1463996 ccf_commit_seqno=6241169 nstreams_done_=366000 config.nstreams=400000 avg_latency=0.7104 ms avg throuhgput (requests/sec) = 785.4737 res=false
*==== INFO ====*  stream_id=1465996 latency=0.556120 ms (tx_ts=86820200638668, rx_ts=86820201194788) request_id=6246073 zil_blk_id=1465996 ccf_commit_seqno=6246073 nstreams_done_=366500 config.nstreams=400000 avg_latency=0.7103 ms avg throuhgput (requests/sec) = 785.4843 res=false
*==== INFO ====*  stream_id=1467996 latency=0.632784 ms (tx_ts=86820818928073, rx_ts=86820819560857) request_id=6250872 zil_blk_id=1467996 ccf_commit_seqno=6250873 nstreams_done_=367000 config.nstreams=400000 avg_latency=0.7102 ms avg throuhgput (requests/sec) = 785.5149 res=false
*==== INFO ====*  stream_id=1469996 latency=0.589843 ms (tx_ts=86821434963877, rx_ts=86821435553720) request_id=6255680 zil_blk_id=1469996 ccf_commit_seqno=6255680 nstreams_done_=367500 config.nstreams=400000 avg_latency=0.7101 ms avg throuhgput (requests/sec) = 785.5494 res=false
*==== INFO ====*  stream_id=1471996 latency=0.614459 ms (tx_ts=86822063183411, rx_ts=86822063797870) request_id=6260576 zil_blk_id=1471996 ccf_commit_seqno=6260576 nstreams_done_=368000 config.nstreams=400000 avg_latency=0.7099 ms avg throuhgput (requests/sec) = 785.5632 res=false
*==== INFO ====*  stream_id=1473996 latency=0.625310 ms (tx_ts=86822716451679, rx_ts=86822717076989) request_id=6265400 zil_blk_id=1473996 ccf_commit_seqno=6265400 nstreams_done_=368500 config.nstreams=400000 avg_latency=0.7099 ms avg throuhgput (requests/sec) = 785.5351 res=false
*==== INFO ====*  stream_id=1475996 latency=0.645746 ms (tx_ts=86823349383959, rx_ts=86823350029705) request_id=6269702 zil_blk_id=1475996 ccf_commit_seqno=6269702 nstreams_done_=369000 config.nstreams=400000 avg_latency=0.7098 ms avg throuhgput (requests/sec) = 785.5411 res=false
*==== INFO ====*  stream_id=1477996 latency=0.560728 ms (tx_ts=86823986348884, rx_ts=86823986909612) request_id=6274007 zil_blk_id=1477996 ccf_commit_seqno=6274007 nstreams_done_=369500 config.nstreams=400000 avg_latency=0.7097 ms avg throuhgput (requests/sec) = 785.5404 res=false
*==== INFO ====*  stream_id=1479996 latency=0.601583 ms (tx_ts=86824608089455, rx_ts=86824608691038) request_id=6278343 zil_blk_id=1479996 ccf_commit_seqno=6278343 nstreams_done_=370000 config.nstreams=400000 avg_latency=0.7096 ms avg throuhgput (requests/sec) = 785.5650 res=false
*==== INFO ====*  stream_id=1481996 latency=0.561518 ms (tx_ts=86825217108825, rx_ts=86825217670343) request_id=6282563 zil_blk_id=1481996 ccf_commit_seqno=6282563 nstreams_done_=370500 config.nstreams=400000 avg_latency=0.7095 ms avg throuhgput (requests/sec) = 785.6108 res=false
*==== INFO ====*  stream_id=1483996 latency=0.755882 ms (tx_ts=86825856461049, rx_ts=86825857216931) request_id=6286872 zil_blk_id=1483996 ccf_commit_seqno=6286873 nstreams_done_=371000 config.nstreams=400000 avg_latency=0.7094 ms avg throuhgput (requests/sec) = 785.6056 res=false
*==== INFO ====*  stream_id=1485996 latency=0.560898 ms (tx_ts=86826473585148, rx_ts=86826474146046) request_id=6291141 zil_blk_id=1485996 ccf_commit_seqno=6291141 nstreams_done_=371500 config.nstreams=400000 avg_latency=0.7093 ms avg throuhgput (requests/sec) = 785.6381 res=false
*==== INFO ====*  stream_id=1487996 latency=0.676825 ms (tx_ts=86827081669682, rx_ts=86827082346507) request_id=6295386 zil_blk_id=1487996 ccf_commit_seqno=6295386 nstreams_done_=372000 config.nstreams=400000 avg_latency=0.7091 ms avg throuhgput (requests/sec) = 785.6849 res=false
*==== INFO ====*  stream_id=1489996 latency=0.573924 ms (tx_ts=86827702930483, rx_ts=86827703504407) request_id=6299713 zil_blk_id=1489996 ccf_commit_seqno=6299713 nstreams_done_=372500 config.nstreams=400000 avg_latency=0.7090 ms avg throuhgput (requests/sec) = 785.7101 res=false
*==== INFO ====*  stream_id=1491996 latency=0.613147 ms (tx_ts=86828330875998, rx_ts=86828331489145) request_id=6303999 zil_blk_id=1491996 ccf_commit_seqno=6303999 nstreams_done_=373000 config.nstreams=400000 avg_latency=0.7089 ms avg throuhgput (requests/sec) = 785.7240 res=false
*==== INFO ====*  stream_id=1493996 latency=0.680672 ms (tx_ts=86828957019501, rx_ts=86828957700173) request_id=6308315 zil_blk_id=1493996 ccf_commit_seqno=6308316 nstreams_done_=373500 config.nstreams=400000 avg_latency=0.7088 ms avg throuhgput (requests/sec) = 785.7408 res=false
*==== INFO ====*  stream_id=1495996 latency=0.597477 ms (tx_ts=86829574960604, rx_ts=86829575558081) request_id=6312530 zil_blk_id=1495996 ccf_commit_seqno=6312530 nstreams_done_=374000 config.nstreams=400000 avg_latency=0.7087 ms avg throuhgput (requests/sec) = 785.7713 res=false
*==== INFO ====*  stream_id=1497996 latency=0.604491 ms (tx_ts=86830185978343, rx_ts=86830186582834) request_id=6316694 zil_blk_id=1497996 ccf_commit_seqno=6316694 nstreams_done_=374500 config.nstreams=400000 avg_latency=0.7086 ms avg throuhgput (requests/sec) = 785.8130 res=false
*==== INFO ====*  stream_id=1499996 latency=0.601124 ms (tx_ts=86830830178753, rx_ts=86830830779877) request_id=6320953 zil_blk_id=1499996 ccf_commit_seqno=6320954 nstreams_done_=375000 config.nstreams=400000 avg_latency=0.7085 ms avg throuhgput (requests/sec) = 785.8000 res=false
*==== INFO ====*  stream_id=1501996 latency=0.575175 ms (tx_ts=86831443852575, rx_ts=86831444427750) request_id=6325156 zil_blk_id=1501996 ccf_commit_seqno=6325157 nstreams_done_=375500 config.nstreams=400000 avg_latency=0.7084 ms avg throuhgput (requests/sec) = 785.8372 res=false
*==== INFO ====*  stream_id=1503996 latency=0.545541 ms (tx_ts=86832059206125, rx_ts=86832059751666) request_id=6329294 zil_blk_id=1503996 ccf_commit_seqno=6329294 nstreams_done_=376000 config.nstreams=400000 avg_latency=0.7084 ms avg throuhgput (requests/sec) = 785.8716 res=false
*==== INFO ====*  stream_id=1505996 latency=0.595543 ms (tx_ts=86832712556332, rx_ts=86832713151875) request_id=6333129 zil_blk_id=1505996 ccf_commit_seqno=6333130 nstreams_done_=376500 config.nstreams=400000 avg_latency=0.7083 ms avg throuhgput (requests/sec) = 785.8435 res=false
*==== INFO ====*  stream_id=1507996 latency=0.532115 ms (tx_ts=86833325629560, rx_ts=86833326161675) request_id=6336853 zil_blk_id=1507996 ccf_commit_seqno=6336853 nstreams_done_=377000 config.nstreams=400000 avg_latency=0.7082 ms avg throuhgput (requests/sec) = 785.8815 res=false
*==== INFO ====*  stream_id=1509996 latency=0.612746 ms (tx_ts=86833953340856, rx_ts=86833953953602) request_id=6340551 zil_blk_id=1509996 ccf_commit_seqno=6340552 nstreams_done_=377500 config.nstreams=400000 avg_latency=0.7081 ms avg throuhgput (requests/sec) = 785.8953 res=false
*==== INFO ====*  stream_id=1511996 latency=0.516757 ms (tx_ts=86834574276719, rx_ts=86834574793476) request_id=6343742 zil_blk_id=1511996 ccf_commit_seqno=6343742 nstreams_done_=378000 config.nstreams=400000 avg_latency=0.7079 ms avg throuhgput (requests/sec) = 785.9205 res=false
*==== INFO ====*  stream_id=1513996 latency=0.524702 ms (tx_ts=86835214426535, rx_ts=86835214951237) request_id=6346918 zil_blk_id=1513996 ccf_commit_seqno=6346918 nstreams_done_=378500 config.nstreams=400000 avg_latency=0.7078 ms avg throuhgput (requests/sec) = 785.9140 res=false
*==== INFO ====*  stream_id=1515996 latency=0.584724 ms (tx_ts=86835830743861, rx_ts=86835831328585) request_id=6350076 zil_blk_id=1515996 ccf_commit_seqno=6350076 nstreams_done_=379000 config.nstreams=400000 avg_latency=0.7077 ms avg throuhgput (requests/sec) = 785.9463 res=false
*==== INFO ====*  stream_id=1517996 latency=0.629497 ms (tx_ts=86836450216257, rx_ts=86836450845754) request_id=6353215 zil_blk_id=1517996 ccf_commit_seqno=6353215 nstreams_done_=379500 config.nstreams=400000 avg_latency=0.7076 ms avg throuhgput (requests/sec) = 785.9734 res=false
*==== INFO ====*  stream_id=1519996 latency=0.579374 ms (tx_ts=86837081909137, rx_ts=86837082488511) request_id=6356354 zil_blk_id=1519996 ccf_commit_seqno=6356354 nstreams_done_=380000 config.nstreams=400000 avg_latency=0.7075 ms avg throuhgput (requests/sec) = 785.9808 res=false
*==== INFO ====*  stream_id=1521996 latency=0.546872 ms (tx_ts=86837682368176, rx_ts=86837682915048) request_id=6359060 zil_blk_id=1521996 ccf_commit_seqno=6359060 nstreams_done_=380500 config.nstreams=400000 avg_latency=0.7073 ms avg throuhgput (requests/sec) = 786.0388 res=false
*==== INFO ====*  stream_id=1523996 latency=0.515444 ms (tx_ts=86838319173977, rx_ts=86838319689421) request_id=6361690 zil_blk_id=1523996 ccf_commit_seqno=6361690 nstreams_done_=381000 config.nstreams=400000 avg_latency=0.7072 ms avg throuhgput (requests/sec) = 786.0377 res=false
*==== INFO ====*  stream_id=1525996 latency=0.579945 ms (tx_ts=86838979977111, rx_ts=86838980557056) request_id=6363842 zil_blk_id=1525996 ccf_commit_seqno=6363842 nstreams_done_=381500 config.nstreams=400000 avg_latency=0.7071 ms avg throuhgput (requests/sec) = 785.9976 res=false
*==== INFO ====*  stream_id=1527996 latency=0.504354 ms (tx_ts=86839647969816, rx_ts=86839648474170) request_id=6365504 zil_blk_id=1527996 ccf_commit_seqno=6365504 nstreams_done_=382000 config.nstreams=400000 avg_latency=0.7070 ms avg throuhgput (requests/sec) = 785.9462 res=false
*==== INFO ====*  stream_id=1529996 latency=0.564957 ms (tx_ts=86840325339863, rx_ts=86840325904820) request_id=6367065 zil_blk_id=1529996 ccf_commit_seqno=6367065 nstreams_done_=382500 config.nstreams=400000 avg_latency=0.7068 ms avg throuhgput (requests/sec) = 785.8796 res=false
*==== INFO ====*  stream_id=1531996 latency=0.586677 ms (tx_ts=86841101707094, rx_ts=86841102293771) request_id=6368384 zil_blk_id=1531996 ccf_commit_seqno=6368384 nstreams_done_=383000 config.nstreams=400000 avg_latency=0.7067 ms avg throuhgput (requests/sec) = 785.6536 res=false
*==== INFO ====*  stream_id=1533996 latency=0.529951 ms (tx_ts=86841896049715, rx_ts=86841896579666) request_id=6369401 zil_blk_id=1533996 ccf_commit_seqno=6369401 nstreams_done_=383500 config.nstreams=400000 avg_latency=0.7065 ms avg throuhgput (requests/sec) = 785.3996 res=false
*==== INFO ====*  stream_id=1535996 latency=0.516346 ms (tx_ts=86842669976614, rx_ts=86842670492960) request_id=6370428 zil_blk_id=1535996 ccf_commit_seqno=6370428 nstreams_done_=384000 config.nstreams=400000 avg_latency=0.7063 ms avg throuhgput (requests/sec) = 785.1791 res=false
*==== INFO ====*  stream_id=1537996 latency=0.596496 ms (tx_ts=86843487544906, rx_ts=86843488141402) request_id=6371467 zil_blk_id=1537996 ccf_commit_seqno=6371467 nstreams_done_=384500 config.nstreams=400000 avg_latency=0.7062 ms avg throuhgput (requests/sec) = 784.8892 res=false
*==== INFO ====*  stream_id=1539996 latency=0.511857 ms (tx_ts=86844275019590, rx_ts=86844275531447) request_id=6372498 zil_blk_id=1539996 ccf_commit_seqno=6372498 nstreams_done_=385000 config.nstreams=400000 avg_latency=0.7061 ms avg throuhgput (requests/sec) = 784.6487 res=false
*==== INFO ====*  stream_id=1541996 latency=0.621392 ms (tx_ts=86845064715548, rx_ts=86845065336940) request_id=6373529 zil_blk_id=1541996 ccf_commit_seqno=6373529 nstreams_done_=385500 config.nstreams=400000 avg_latency=0.7059 ms avg throuhgput (requests/sec) = 784.4051 res=false
*==== INFO ====*  stream_id=1543996 latency=1.321773 ms (tx_ts=86845935845477, rx_ts=86845937167250) request_id=6374585 zil_blk_id=1543996 ccf_commit_seqno=6374585 nstreams_done_=386000 config.nstreams=400000 avg_latency=0.7058 ms avg throuhgput (requests/sec) = 784.0316 res=false
*==== INFO ====*  stream_id=1545996 latency=0.528589 ms (tx_ts=86846688365080, rx_ts=86846688893669) request_id=6375642 zil_blk_id=1545996 ccf_commit_seqno=6375642 nstreams_done_=386500 config.nstreams=400000 avg_latency=0.7056 ms avg throuhgput (requests/sec) = 783.8504 res=false
*==== INFO ====*  stream_id=1547996 latency=0.551681 ms (tx_ts=86847517791692, rx_ts=86847518343373) request_id=6376665 zil_blk_id=1547996 ccf_commit_seqno=6376665 nstreams_done_=387000 config.nstreams=400000 avg_latency=0.7054 ms avg throuhgput (requests/sec) = 783.5463 res=false
*==== INFO ====*  stream_id=1549996 latency=0.522237 ms (tx_ts=86848311569947, rx_ts=86848312092184) request_id=6377688 zil_blk_id=1549996 ccf_commit_seqno=6377688 nstreams_done_=387500 config.nstreams=400000 avg_latency=0.7053 ms avg throuhgput (requests/sec) = 783.2999 res=false
*==== INFO ====*  stream_id=1551996 latency=0.610593 ms (tx_ts=86849103064652, rx_ts=86849103675245) request_id=6378676 zil_blk_id=1551996 ccf_commit_seqno=6378676 nstreams_done_=388000 config.nstreams=400000 avg_latency=0.7051 ms avg throuhgput (requests/sec) = 783.0576 res=false
*==== INFO ====*  stream_id=1553996 latency=0.546492 ms (tx_ts=86849912670869, rx_ts=86849913217361) request_id=6379687 zil_blk_id=1553996 ccf_commit_seqno=6379687 nstreams_done_=388500 config.nstreams=400000 avg_latency=0.7049 ms avg throuhgput (requests/sec) = 782.7877 res=false
*==== INFO ====*  stream_id=1555996 latency=0.564542 ms (tx_ts=86850665287134, rx_ts=86850665851676) request_id=6380691 zil_blk_id=1555996 ccf_commit_seqno=6380691 nstreams_done_=389000 config.nstreams=400000 avg_latency=0.7048 ms avg throuhgput (requests/sec) = 782.6084 res=false
*==== INFO ====*  stream_id=1557996 latency=0.520063 ms (tx_ts=86851390711048, rx_ts=86851391231111) request_id=6381684 zil_blk_id=1557996 ccf_commit_seqno=6381684 nstreams_done_=389500 config.nstreams=400000 avg_latency=0.7046 ms avg throuhgput (requests/sec) = 782.4724 res=false
*==== INFO ====*  stream_id=1559996 latency=0.529330 ms (tx_ts=86852144431878, rx_ts=86852144961208) request_id=6382727 zil_blk_id=1559996 ccf_commit_seqno=6382727 nstreams_done_=390000 config.nstreams=400000 avg_latency=0.7045 ms avg throuhgput (requests/sec) = 782.2923 res=false
*==== INFO ====*  stream_id=1561996 latency=0.536413 ms (tx_ts=86852885982055, rx_ts=86852886518468) request_id=6383754 zil_blk_id=1561996 ccf_commit_seqno=6383754 nstreams_done_=390500 config.nstreams=400000 avg_latency=0.7043 ms avg throuhgput (requests/sec) = 782.1319 res=false
*==== INFO ====*  stream_id=1563996 latency=0.522457 ms (tx_ts=86853635088980, rx_ts=86853635611437) request_id=6384781 zil_blk_id=1563996 ccf_commit_seqno=6384781 nstreams_done_=391000 config.nstreams=400000 avg_latency=0.7042 ms avg throuhgput (requests/sec) = 781.9601 res=false
*==== INFO ====*  stream_id=1565996 latency=0.676395 ms (tx_ts=86854372603088, rx_ts=86854373279483) request_id=6385802 zil_blk_id=1565996 ccf_commit_seqno=6385802 nstreams_done_=391500 config.nstreams=400000 avg_latency=0.7041 ms avg throuhgput (requests/sec) = 781.8067 res=false
*==== INFO ====*  stream_id=1567996 latency=2.501418 ms (tx_ts=86855171384437, rx_ts=86855173885855) request_id=6386859 zil_blk_id=1567996 ccf_commit_seqno=6386859 nstreams_done_=392000 config.nstreams=400000 avg_latency=0.7040 ms avg throuhgput (requests/sec) = 781.5556 res=false
*==== INFO ====*  stream_id=1569996 latency=0.612165 ms (tx_ts=86855965126270, rx_ts=86855965738435) request_id=6387874 zil_blk_id=1569996 ccf_commit_seqno=6387874 nstreams_done_=392500 config.nstreams=400000 avg_latency=0.7039 ms avg throuhgput (requests/sec) = 781.3190 res=false
*==== INFO ====*  stream_id=1571996 latency=0.546833 ms (tx_ts=86856768741272, rx_ts=86856769288105) request_id=6388892 zil_blk_id=1571996 ccf_commit_seqno=6388892 nstreams_done_=393000 config.nstreams=400000 avg_latency=0.7037 ms avg throuhgput (requests/sec) = 781.0649 res=false
*==== INFO ====*  stream_id=1573996 latency=0.543387 ms (tx_ts=86857569085653, rx_ts=86857569629040) request_id=6389949 zil_blk_id=1573996 ccf_commit_seqno=6389949 nstreams_done_=393500 config.nstreams=400000 avg_latency=0.7036 ms avg throuhgput (requests/sec) = 780.8167 res=false
*==== INFO ====*  stream_id=1575996 latency=0.559477 ms (tx_ts=86858355464081, rx_ts=86858356023558) request_id=6390997 zil_blk_id=1575996 ccf_commit_seqno=6390997 nstreams_done_=394000 config.nstreams=400000 avg_latency=0.7034 ms avg throuhgput (requests/sec) = 780.5907 res=false
*==== INFO ====*  stream_id=1577996 latency=0.557353 ms (tx_ts=86859082104529, rx_ts=86859082661882) request_id=6391995 zil_blk_id=1577996 ccf_commit_seqno=6391995 nstreams_done_=394500 config.nstreams=400000 avg_latency=0.7033 ms avg throuhgput (requests/sec) = 780.4578 res=false
*==== INFO ====*  stream_id=1579996 latency=0.564045 ms (tx_ts=86859824297278, rx_ts=86859824861323) request_id=6392989 zil_blk_id=1579996 ccf_commit_seqno=6392989 nstreams_done_=395000 config.nstreams=400000 avg_latency=0.7032 ms avg throuhgput (requests/sec) = 780.3012 res=false
*==== INFO ====*  stream_id=1581996 latency=0.549818 ms (tx_ts=86860627106117, rx_ts=86860627655935) request_id=6394059 zil_blk_id=1581996 ccf_commit_seqno=6394059 nstreams_done_=395500 config.nstreams=400000 avg_latency=0.7031 ms avg throuhgput (requests/sec) = 780.0519 res=false
*==== INFO ====*  stream_id=1583996 latency=0.585024 ms (tx_ts=86861403931686, rx_ts=86861404516710) request_id=6395139 zil_blk_id=1583996 ccf_commit_seqno=6395139 nstreams_done_=396000 config.nstreams=400000 avg_latency=0.7029 ms avg throuhgput (requests/sec) = 779.8432 res=false
*==== INFO ====*  stream_id=1585996 latency=0.580235 ms (tx_ts=86862136955164, rx_ts=86862137535399) request_id=6396166 zil_blk_id=1585996 ccf_commit_seqno=6396166 nstreams_done_=396500 config.nstreams=400000 avg_latency=0.7028 ms avg throuhgput (requests/sec) = 779.7023 res=false
*==== INFO ====*  stream_id=1587996 latency=0.583291 ms (tx_ts=86863001289972, rx_ts=86863001873263) request_id=6397000 zil_blk_id=1587996 ccf_commit_seqno=6397000 nstreams_done_=397000 config.nstreams=400000 avg_latency=0.7027 ms avg throuhgput (requests/sec) = 779.3608 res=false
*==== INFO ====*  stream_id=1589996 latency=0.558023 ms (tx_ts=86863907919636, rx_ts=86863908477659) request_id=6397500 zil_blk_id=1589996 ccf_commit_seqno=6397500 nstreams_done_=397500 config.nstreams=400000 avg_latency=0.7025 ms avg throuhgput (requests/sec) = 778.9560 res=false
*==== INFO ====*  stream_id=1591996 latency=0.548676 ms (tx_ts=86864842314721, rx_ts=86864842863397) request_id=6398000 zil_blk_id=1591996 ccf_commit_seqno=6398000 nstreams_done_=398000 config.nstreams=400000 avg_latency=0.7024 ms avg throuhgput (requests/sec) = 778.5104 res=false
*==== INFO ====*  stream_id=1593996 latency=0.560659 ms (tx_ts=86865766070547, rx_ts=86865766631206) request_id=6398500 zil_blk_id=1593996 ccf_commit_seqno=6398500 nstreams_done_=398500 config.nstreams=400000 avg_latency=0.7023 ms avg throuhgput (requests/sec) = 778.0824 res=false
*==== INFO ====*  stream_id=1595996 latency=0.553796 ms (tx_ts=86866707507962, rx_ts=86866708061758) request_id=6399000 zil_blk_id=1595996 ccf_commit_seqno=6399000 nstreams_done_=399000 config.nstreams=400000 avg_latency=0.7022 ms avg throuhgput (requests/sec) = 777.6293 res=false
*==== INFO ====*  stream_id=1597996 latency=0.558875 ms (tx_ts=86867624247263, rx_ts=86867624806138) request_id=6399500 zil_blk_id=1597996 ccf_commit_seqno=6399500 nstreams_done_=399500 config.nstreams=400000 avg_latency=0.7021 ms avg throuhgput (requests/sec) = 777.2151 res=false
*==== INFO ====* http_end_stream ALL streams done! nstreams_done_=400000 avg_latency=0.7020 ms
*==== INFO ====*  stream_id=1599996 latency=4.974272 ms (tx_ts=86868569204009, rx_ts=86868574178281) request_id=6400000 zil_blk_id=1599996 ccf_commit_seqno=6400000 nstreams_done_=400000 config.nstreams=400000 avg_latency=0.7020 ms avg throuhgput (requests/sec) = 776.7532 res=false
