Uniform: 60 698 247 1648 876 
Exponential: -2147483648 -2147483648 -2147483648 -2147483648 -2147483648 
Truncated Normal: 1153 1604 495 1413 1803 
*==== INFO ====*  stream_id=1996 latency=0.598483 ms (tx_ts=86354176132260, rx_ts=86354176730743) request_id=6826 zil_blk_id=1996 ccf_commit_seqno=6827 nstreams_done_=500 config.nstreams=400000 avg_latency=0.7889 ms avg throuhgput (requests/sec) = 884.8212 res=false
*==== INFO ====*  stream_id=3996 latency=0.727810 ms (tx_ts=86354700497882, rx_ts=86354701225692) request_id=13413 zil_blk_id=3996 ccf_commit_seqno=13413 nstreams_done_=1000 config.nstreams=400000 avg_latency=0.7511 ms avg throuhgput (requests/sec) = 917.7841 res=false
*==== INFO ====*  stream_id=5996 latency=0.654755 ms (tx_ts=86355222693788, rx_ts=86355223348543) request_id=20011 zil_blk_id=5996 ccf_commit_seqno=20011 nstreams_done_=1500 config.nstreams=400000 avg_latency=0.7330 ms avg throuhgput (requests/sec) = 930.6922 res=false
*==== INFO ====*  stream_id=7996 latency=0.577981 ms (tx_ts=86355745733304, rx_ts=86355746311285) request_id=26776 zil_blk_id=7996 ccf_commit_seqno=26776 nstreams_done_=2000 config.nstreams=400000 avg_latency=0.7244 ms avg throuhgput (requests/sec) = 936.9145 res=false
*==== INFO ====*  stream_id=9996 latency=0.598209 ms (tx_ts=86356290513259, rx_ts=86356291111468) request_id=33420 zil_blk_id=9996 ccf_commit_seqno=33420 nstreams_done_=2500 config.nstreams=400000 avg_latency=0.7229 ms avg throuhgput (requests/sec) = 933.0215 res=false
*==== INFO ====*  stream_id=11996 latency=0.673166 ms (tx_ts=86356833317652, rx_ts=86356833990818) request_id=39976 zil_blk_id=11996 ccf_commit_seqno=39976 nstreams_done_=3000 config.nstreams=400000 avg_latency=0.7284 ms avg throuhgput (requests/sec) = 930.9987 res=false
*==== INFO ====*  stream_id=13996 latency=0.565608 ms (tx_ts=86357334858507, rx_ts=86357335424115) request_id=46446 zil_blk_id=13996 ccf_commit_seqno=46447 nstreams_done_=3500 config.nstreams=400000 avg_latency=0.7206 ms avg throuhgput (requests/sec) = 939.9053 res=false
*==== INFO ====*  stream_id=15996 latency=0.623306 ms (tx_ts=86357866605102, rx_ts=86357867228408) request_id=53401 zil_blk_id=15996 ccf_commit_seqno=53401 nstreams_done_=4000 config.nstreams=400000 avg_latency=0.7148 ms avg throuhgput (requests/sec) = 939.9416 res=false
*==== INFO ====*  stream_id=17996 latency=0.692756 ms (tx_ts=86358396711864, rx_ts=86358397404620) request_id=60342 zil_blk_id=17996 ccf_commit_seqno=60343 nstreams_done_=4500 config.nstreams=400000 avg_latency=0.7117 ms avg throuhgput (requests/sec) = 940.2896 res=false
*==== INFO ====*  stream_id=19996 latency=0.648182 ms (tx_ts=86358942200685, rx_ts=86358942848867) request_id=68199 zil_blk_id=19996 ccf_commit_seqno=68199 nstreams_done_=5000 config.nstreams=400000 avg_latency=0.7119 ms avg throuhgput (requests/sec) = 937.8744 res=false
*==== INFO ====*  stream_id=21996 latency=0.908750 ms (tx_ts=86359473919014, rx_ts=86359474827764) request_id=76539 zil_blk_id=21996 ccf_commit_seqno=76543 nstreams_done_=5500 config.nstreams=400000 avg_latency=0.7100 ms avg throuhgput (requests/sec) = 938.0570 res=false
*==== INFO ====*  stream_id=23996 latency=0.736227 ms (tx_ts=86360009223304, rx_ts=86360009959531) request_id=84703 zil_blk_id=23996 ccf_commit_seqno=84704 nstreams_done_=6000 config.nstreams=400000 avg_latency=0.7118 ms avg throuhgput (requests/sec) = 937.7469 res=false
*==== INFO ====*  stream_id=25996 latency=0.756983 ms (tx_ts=86360534600688, rx_ts=86360535357671) request_id=92976 zil_blk_id=25996 ccf_commit_seqno=92979 nstreams_done_=6500 config.nstreams=400000 avg_latency=0.7102 ms avg throuhgput (requests/sec) = 938.8027 res=false
*==== INFO ====*  stream_id=27996 latency=0.704227 ms (tx_ts=86361101716475, rx_ts=86361102420702) request_id=101476 zil_blk_id=27996 ccf_commit_seqno=101480 nstreams_done_=7000 config.nstreams=400000 avg_latency=0.7136 ms avg throuhgput (requests/sec) = 934.4826 res=false
*==== INFO ====*  stream_id=29996 latency=0.567322 ms (tx_ts=86361662842316, rx_ts=86361663409638) request_id=110305 zil_blk_id=29996 ccf_commit_seqno=110305 nstreams_done_=7500 config.nstreams=400000 avg_latency=0.7122 ms avg throuhgput (requests/sec) = 931.4728 res=false
*==== INFO ====*  stream_id=31996 latency=0.644786 ms (tx_ts=86362265025451, rx_ts=86362265670237) request_id=119513 zil_blk_id=31996 ccf_commit_seqno=119514 nstreams_done_=8000 config.nstreams=400000 avg_latency=0.7134 ms avg throuhgput (requests/sec) = 924.4253 res=false
*==== INFO ====*  stream_id=33996 latency=0.767154 ms (tx_ts=86362847509703, rx_ts=86362848276857) request_id=128302 zil_blk_id=33996 ccf_commit_seqno=128303 nstreams_done_=8500 config.nstreams=400000 avg_latency=0.7156 ms avg throuhgput (requests/sec) = 920.2489 res=false
*==== INFO ====*  stream_id=35996 latency=0.930524 ms (tx_ts=86363442530414, rx_ts=86363443460938) request_id=137336 zil_blk_id=35996 ccf_commit_seqno=137338 nstreams_done_=9000 config.nstreams=400000 avg_latency=0.7167 ms avg throuhgput (requests/sec) = 915.3955 res=false
*==== INFO ====*  stream_id=37996 latency=0.675765 ms (tx_ts=86363998372124, rx_ts=86363999047889) request_id=146109 zil_blk_id=37996 ccf_commit_seqno=146110 nstreams_done_=9500 config.nstreams=400000 avg_latency=0.7154 ms avg throuhgput (requests/sec) = 914.5693 res=false
*==== INFO ====*  stream_id=39996 latency=0.768417 ms (tx_ts=86364557804849, rx_ts=86364558573266) request_id=154777 zil_blk_id=39996 ccf_commit_seqno=154779 nstreams_done_=10000 config.nstreams=400000 avg_latency=0.7152 ms avg throuhgput (requests/sec) = 913.4983 res=false
*==== INFO ====*  stream_id=41996 latency=0.749282 ms (tx_ts=86365163641494, rx_ts=86365164390776) request_id=163752 zil_blk_id=41996 ccf_commit_seqno=163755 nstreams_done_=10500 config.nstreams=400000 avg_latency=0.7176 ms avg throuhgput (requests/sec) = 908.8748 res=false
*==== INFO ====*  stream_id=43996 latency=0.606875 ms (tx_ts=86365763257799, rx_ts=86365763864674) request_id=172607 zil_blk_id=43996 ccf_commit_seqno=172607 nstreams_done_=11000 config.nstreams=400000 avg_latency=0.7184 ms avg throuhgput (requests/sec) = 905.1844 res=false
*==== INFO ====*  stream_id=45996 latency=0.805968 ms (tx_ts=86366338804259, rx_ts=86366339610227) request_id=181310 zil_blk_id=45996 ccf_commit_seqno=181312 nstreams_done_=11500 config.nstreams=400000 avg_latency=0.7197 ms avg throuhgput (requests/sec) = 903.5223 res=false
*==== INFO ====*  stream_id=47996 latency=0.944488 ms (tx_ts=86366912520240, rx_ts=86366913464728) request_id=190126 zil_blk_id=47996 ccf_commit_seqno=190127 nstreams_done_=12000 config.nstreams=400000 avg_latency=0.7190 ms avg throuhgput (requests/sec) = 902.1322 res=false
*==== INFO ====*  stream_id=49996 latency=0.637933 ms (tx_ts=86367470412037, rx_ts=86367471049970) request_id=198637 zil_blk_id=49996 ccf_commit_seqno=198640 nstreams_done_=12500 config.nstreams=400000 avg_latency=0.7187 ms avg throuhgput (requests/sec) = 901.9146 res=false
*==== INFO ====*  stream_id=51996 latency=0.947543 ms (tx_ts=86368037911937, rx_ts=86368038859480) request_id=207374 zil_blk_id=51996 ccf_commit_seqno=207382 nstreams_done_=13000 config.nstreams=400000 avg_latency=0.7185 ms avg throuhgput (requests/sec) = 901.0748 res=false
*==== INFO ====*  stream_id=53996 latency=0.582036 ms (tx_ts=86368629467778, rx_ts=86368630049814) request_id=216389 zil_blk_id=53996 ccf_commit_seqno=216389 nstreams_done_=13500 config.nstreams=400000 avg_latency=0.7189 ms avg throuhgput (requests/sec) = 898.8971 res=false
*==== INFO ====*  stream_id=55996 latency=0.714777 ms (tx_ts=86369251391598, rx_ts=86369252106375) request_id=225331 zil_blk_id=55996 ccf_commit_seqno=225333 nstreams_done_=14000 config.nstreams=400000 avg_latency=0.7227 ms avg throuhgput (requests/sec) = 895.1142 res=false
*==== INFO ====*  stream_id=57996 latency=3.420160 ms (tx_ts=86369821888459, rx_ts=86369825308619) request_id=234119 zil_blk_id=57996 ccf_commit_seqno=234119 nstreams_done_=14500 config.nstreams=400000 avg_latency=0.7228 ms avg throuhgput (requests/sec) = 894.3074 res=false
*==== INFO ====*  stream_id=59996 latency=0.601425 ms (tx_ts=86370386749425, rx_ts=86370387350850) request_id=242833 zil_blk_id=59996 ccf_commit_seqno=242833 nstreams_done_=15000 config.nstreams=400000 avg_latency=0.7223 ms avg throuhgput (requests/sec) = 894.1501 res=false
*==== INFO ====*  stream_id=61996 latency=0.657359 ms (tx_ts=86370958900052, rx_ts=86370959557411) request_id=251815 zil_blk_id=61996 ccf_commit_seqno=251818 nstreams_done_=15500 config.nstreams=400000 avg_latency=0.7221 ms avg throuhgput (requests/sec) = 893.4793 res=false
*==== INFO ====*  stream_id=63996 latency=0.586938 ms (tx_ts=86371541226793, rx_ts=86371541813731) request_id=260658 zil_blk_id=63996 ccf_commit_seqno=260659 nstreams_done_=16000 config.nstreams=400000 avg_latency=0.7222 ms avg throuhgput (requests/sec) = 892.3508 res=false
*==== INFO ====*  stream_id=65996 latency=0.604180 ms (tx_ts=86372113527407, rx_ts=86372114131587) request_id=269182 zil_blk_id=65996 ccf_commit_seqno=269183 nstreams_done_=16500 config.nstreams=400000 avg_latency=0.7229 ms avg throuhgput (requests/sec) = 891.7720 res=false
*==== INFO ====*  stream_id=67996 latency=1.008709 ms (tx_ts=86372709761823, rx_ts=86372710770532) request_id=278218 zil_blk_id=67996 ccf_commit_seqno=278224 nstreams_done_=17000 config.nstreams=400000 avg_latency=0.7228 ms avg throuhgput (requests/sec) = 890.0931 res=false
*==== INFO ====*  stream_id=69996 latency=0.687456 ms (tx_ts=86373312661593, rx_ts=86373313349049) request_id=287151 zil_blk_id=69996 ccf_commit_seqno=287151 nstreams_done_=17500 config.nstreams=400000 avg_latency=0.7239 ms avg throuhgput (requests/sec) = 888.2480 res=false
*==== INFO ====*  stream_id=71996 latency=0.684371 ms (tx_ts=86373900053665, rx_ts=86373900738036) request_id=295791 zil_blk_id=71996 ccf_commit_seqno=295792 nstreams_done_=18000 config.nstreams=400000 avg_latency=0.7246 ms avg throuhgput (requests/sec) = 887.1762 res=false
*==== INFO ====*  stream_id=73996 latency=0.538547 ms (tx_ts=86374468826153, rx_ts=86374469364700) request_id=304374 zil_blk_id=73996 ccf_commit_seqno=304374 nstreams_done_=18500 config.nstreams=400000 avg_latency=0.7243 ms avg throuhgput (requests/sec) = 886.9618 res=false
*==== INFO ====*  stream_id=75996 latency=0.796293 ms (tx_ts=86375063707975, rx_ts=86375064504268) request_id=313475 zil_blk_id=75996 ccf_commit_seqno=313475 nstreams_done_=19000 config.nstreams=400000 avg_latency=0.7246 ms avg throuhgput (requests/sec) = 885.6628 res=false
*==== INFO ====*  stream_id=77996 latency=0.814902 ms (tx_ts=86375642222696, rx_ts=86375643037598) request_id=322212 zil_blk_id=77996 ccf_commit_seqno=322216 nstreams_done_=19500 config.nstreams=400000 avg_latency=0.7252 ms avg throuhgput (requests/sec) = 885.1006 res=false
*==== INFO ====*  stream_id=79996 latency=0.650156 ms (tx_ts=86376167964885, rx_ts=86376168615041) request_id=330381 zil_blk_id=79996 ccf_commit_seqno=330383 nstreams_done_=20000 config.nstreams=400000 avg_latency=0.7248 ms avg throuhgput (requests/sec) = 886.6439 res=false
*==== INFO ====*  stream_id=81996 latency=0.728096 ms (tx_ts=86376717025096, rx_ts=86376717753192) request_id=338746 zil_blk_id=81996 ccf_commit_seqno=338748 nstreams_done_=20500 config.nstreams=400000 avg_latency=0.7253 ms avg throuhgput (requests/sec) = 887.2113 res=false
*==== INFO ====*  stream_id=83996 latency=0.699669 ms (tx_ts=86377245664588, rx_ts=86377246364257) request_id=347128 zil_blk_id=83996 ccf_commit_seqno=347130 nstreams_done_=21000 config.nstreams=400000 avg_latency=0.7247 ms avg throuhgput (requests/sec) = 888.5233 res=false
*==== INFO ====*  stream_id=85996 latency=0.569432 ms (tx_ts=86377756268786, rx_ts=86377756838218) request_id=355156 zil_blk_id=85996 ccf_commit_seqno=355156 nstreams_done_=21500 config.nstreams=400000 avg_latency=0.7237 ms avg throuhgput (requests/sec) = 890.4464 res=false
*==== INFO ====*  stream_id=87996 latency=0.709908 ms (tx_ts=86378322108906, rx_ts=86378322818814) request_id=363460 zil_blk_id=87996 ccf_commit_seqno=363462 nstreams_done_=22000 config.nstreams=400000 avg_latency=0.7248 ms avg throuhgput (requests/sec) = 890.2855 res=false
*==== INFO ====*  stream_id=89996 latency=0.624949 ms (tx_ts=86378846152660, rx_ts=86378846777609) request_id=371515 zil_blk_id=89996 ccf_commit_seqno=371515 nstreams_done_=22500 config.nstreams=400000 avg_latency=0.7242 ms avg throuhgput (requests/sec) = 891.6141 res=false
*==== INFO ====*  stream_id=91996 latency=0.641029 ms (tx_ts=86379408813953, rx_ts=86379409454982) request_id=380149 zil_blk_id=91996 ccf_commit_seqno=380150 nstreams_done_=23000 config.nstreams=400000 avg_latency=0.7247 ms avg throuhgput (requests/sec) = 891.5485 res=false
*==== INFO ====*  stream_id=93996 latency=1.875489 ms (tx_ts=86379974447128, rx_ts=86379976322617) request_id=388973 zil_blk_id=93996 ccf_commit_seqno=388980 nstreams_done_=23500 config.nstreams=400000 avg_latency=0.7242 ms avg throuhgput (requests/sec) = 891.3441 res=false
*==== INFO ====*  stream_id=95996 latency=0.932685 ms (tx_ts=86380554694889, rx_ts=86380555627574) request_id=397898 zil_blk_id=95996 ccf_commit_seqno=397904 nstreams_done_=24000 config.nstreams=400000 avg_latency=0.7243 ms avg throuhgput (requests/sec) = 890.7369 res=false
*==== INFO ====*  stream_id=97996 latency=0.802251 ms (tx_ts=86381121934927, rx_ts=86381122737178) request_id=406571 zil_blk_id=97996 ccf_commit_seqno=406573 nstreams_done_=24500 config.nstreams=400000 avg_latency=0.7247 ms avg throuhgput (requests/sec) = 890.5499 res=false
*==== INFO ====*  stream_id=99996 latency=0.701632 ms (tx_ts=86381667450141, rx_ts=86381668151773) request_id=415081 zil_blk_id=99996 ccf_commit_seqno=415085 nstreams_done_=25000 config.nstreams=400000 avg_latency=0.7248 ms avg throuhgput (requests/sec) = 891.0589 res=false
*==== INFO ====*  stream_id=101996 latency=1.709639 ms (tx_ts=86382247850830, rx_ts=86382249560469) request_id=423876 zil_blk_id=101996 ccf_commit_seqno=423876 nstreams_done_=25500 config.nstreams=400000 avg_latency=0.7252 ms avg throuhgput (requests/sec) = 890.4279 res=false
*==== INFO ====*  stream_id=103996 latency=0.670344 ms (tx_ts=86382795462647, rx_ts=86382796132991) request_id=432639 zil_blk_id=103996 ccf_commit_seqno=432640 nstreams_done_=26000 config.nstreams=400000 avg_latency=0.7239 ms avg throuhgput (requests/sec) = 890.8842 res=false
*==== INFO ====*  stream_id=105996 latency=1.076384 ms (tx_ts=86383420592878, rx_ts=86383421669262) request_id=441719 zil_blk_id=105996 ccf_commit_seqno=441726 nstreams_done_=26500 config.nstreams=400000 avg_latency=0.7254 ms avg throuhgput (requests/sec) = 888.9627 res=false
*==== INFO ====*  stream_id=107996 latency=2.158921 ms (tx_ts=86384047088564, rx_ts=86384049247485) request_id=450930 zil_blk_id=107996 ccf_commit_seqno=450930 nstreams_done_=27000 config.nstreams=400000 avg_latency=0.7261 ms avg throuhgput (requests/sec) = 887.0607 res=false
*==== INFO ====*  stream_id=109996 latency=0.727011 ms (tx_ts=86384619943569, rx_ts=86384620670580) request_id=459694 zil_blk_id=109996 ccf_commit_seqno=459698 nstreams_done_=27500 config.nstreams=400000 avg_latency=0.7258 ms avg throuhgput (requests/sec) = 886.8386 res=false
*==== INFO ====*  stream_id=111996 latency=0.735303 ms (tx_ts=86385148850748, rx_ts=86385149586051) request_id=468040 zil_blk_id=111996 ccf_commit_seqno=468041 nstreams_done_=28000 config.nstreams=400000 avg_latency=0.7253 ms avg throuhgput (requests/sec) = 887.8195 res=false
*==== INFO ====*  stream_id=113996 latency=0.672829 ms (tx_ts=86385750739735, rx_ts=86385751412564) request_id=476256 zil_blk_id=113996 ccf_commit_seqno=476257 nstreams_done_=28500 config.nstreams=400000 avg_latency=0.7271 ms avg throuhgput (requests/sec) = 886.7519 res=false
*==== INFO ====*  stream_id=115996 latency=0.798054 ms (tx_ts=86386393055621, rx_ts=86386393853675) request_id=485214 zil_blk_id=115996 ccf_commit_seqno=485214 nstreams_done_=29000 config.nstreams=400000 avg_latency=0.7295 ms avg throuhgput (requests/sec) = 884.6262 res=false
*==== INFO ====*  stream_id=117996 latency=0.634367 ms (tx_ts=86386968313457, rx_ts=86386968947824) request_id=494082 zil_blk_id=117996 ccf_commit_seqno=494082 nstreams_done_=29500 config.nstreams=400000 avg_latency=0.7294 ms avg throuhgput (requests/sec) = 884.3641 res=false
*==== INFO ====*  stream_id=119996 latency=0.888934 ms (tx_ts=86387516660537, rx_ts=86387517549471) request_id=502356 zil_blk_id=119996 ccf_commit_seqno=502358 nstreams_done_=30000 config.nstreams=400000 avg_latency=0.7295 ms avg throuhgput (requests/sec) = 884.8016 res=false
*==== INFO ====*  stream_id=121996 latency=1.161062 ms (tx_ts=86388055296159, rx_ts=86388056457221) request_id=510572 zil_blk_id=121996 ccf_commit_seqno=510580 nstreams_done_=30500 config.nstreams=400000 avg_latency=0.7296 ms avg throuhgput (requests/sec) = 885.4744 res=false
*==== INFO ====*  stream_id=123996 latency=1.248026 ms (tx_ts=86388625177698, rx_ts=86388626425724) request_id=519149 zil_blk_id=123996 ccf_commit_seqno=519158 nstreams_done_=31000 config.nstreams=400000 avg_latency=0.7296 ms avg throuhgput (requests/sec) = 885.3404 res=false
*==== INFO ====*  stream_id=125996 latency=0.739751 ms (tx_ts=86389221921154, rx_ts=86389222660905) request_id=527839 zil_blk_id=125996 ccf_commit_seqno=527840 nstreams_done_=31500 config.nstreams=400000 avg_latency=0.7306 ms avg throuhgput (requests/sec) = 884.5577 res=false
*==== INFO ====*  stream_id=127996 latency=0.550481 ms (tx_ts=86389754230723, rx_ts=86389754781204) request_id=536390 zil_blk_id=127996 ccf_commit_seqno=536390 nstreams_done_=32000 config.nstreams=400000 avg_latency=0.7300 ms avg throuhgput (requests/sec) = 885.3687 res=false
*==== INFO ====*  stream_id=129996 latency=0.747543 ms (tx_ts=86390323339458, rx_ts=86390324087001) request_id=544832 zil_blk_id=129996 ccf_commit_seqno=544836 nstreams_done_=32500 config.nstreams=400000 avg_latency=0.7306 ms avg throuhgput (requests/sec) = 885.2585 res=false
*==== INFO ====*  stream_id=131996 latency=0.836121 ms (tx_ts=86390872030633, rx_ts=86390872866754) request_id=553067 zil_blk_id=131996 ccf_commit_seqno=553071 nstreams_done_=33000 config.nstreams=400000 avg_latency=0.7306 ms avg throuhgput (requests/sec) = 885.6392 res=false
*==== INFO ====*  stream_id=133996 latency=0.740486 ms (tx_ts=86391404653997, rx_ts=86391405394483) request_id=561537 zil_blk_id=133996 ccf_commit_seqno=561539 nstreams_done_=33500 config.nstreams=400000 avg_latency=0.7303 ms avg throuhgput (requests/sec) = 886.3900 res=false
*==== INFO ====*  stream_id=135996 latency=0.616314 ms (tx_ts=86391948286006, rx_ts=86391948902320) request_id=569899 zil_blk_id=135996 ccf_commit_seqno=569899 nstreams_done_=34000 config.nstreams=400000 avg_latency=0.7302 ms avg throuhgput (requests/sec) = 886.8657 res=false
*==== INFO ====*  stream_id=137996 latency=0.656529 ms (tx_ts=86392490951343, rx_ts=86392491607872) request_id=578305 zil_blk_id=137996 ccf_commit_seqno=578306 nstreams_done_=34500 config.nstreams=400000 avg_latency=0.7301 ms avg throuhgput (requests/sec) = 887.3465 res=false
*==== INFO ====*  stream_id=139996 latency=0.704548 ms (tx_ts=86393012163980, rx_ts=86393012868528) request_id=586224 zil_blk_id=139996 ccf_commit_seqno=586225 nstreams_done_=35000 config.nstreams=400000 avg_latency=0.7298 ms avg throuhgput (requests/sec) = 888.2973 res=false
*==== INFO ====*  stream_id=141996 latency=0.544199 ms (tx_ts=86393527816074, rx_ts=86393528360273) request_id=594474 zil_blk_id=141996 ccf_commit_seqno=594474 nstreams_done_=35500 config.nstreams=400000 avg_latency=0.7290 ms avg throuhgput (requests/sec) = 889.3517 res=false
*==== INFO ====*  stream_id=143996 latency=0.529531 ms (tx_ts=86394070131742, rx_ts=86394070661273) request_id=602975 zil_blk_id=143996 ccf_commit_seqno=602975 nstreams_done_=36000 config.nstreams=400000 avg_latency=0.7288 ms avg throuhgput (requests/sec) = 889.7893 res=false
*==== INFO ====*  stream_id=145996 latency=0.729064 ms (tx_ts=86394615353525, rx_ts=86394616082589) request_id=611495 zil_blk_id=145996 ccf_commit_seqno=611498 nstreams_done_=36500 config.nstreams=400000 avg_latency=0.7284 ms avg throuhgput (requests/sec) = 890.1476 res=false
*==== INFO ====*  stream_id=147996 latency=0.914024 ms (tx_ts=86395143741504, rx_ts=86395144655528) request_id=619992 zil_blk_id=147996 ccf_commit_seqno=619995 nstreams_done_=37000 config.nstreams=400000 avg_latency=0.7281 ms avg throuhgput (requests/sec) = 890.8576 res=false
*==== INFO ====*  stream_id=149996 latency=0.711217 ms (tx_ts=86395644662153, rx_ts=86395645373370) request_id=628197 zil_blk_id=149996 ccf_commit_seqno=628198 nstreams_done_=37500 config.nstreams=400000 avg_latency=0.7273 ms avg throuhgput (requests/sec) = 892.1407 res=false
*==== INFO ====*  stream_id=151996 latency=0.570768 ms (tx_ts=86396159425608, rx_ts=86396159996376) request_id=636169 zil_blk_id=151996 ccf_commit_seqno=636169 nstreams_done_=38000 config.nstreams=400000 avg_latency=0.7270 ms avg throuhgput (requests/sec) = 893.1016 res=false
*==== INFO ====*  stream_id=153996 latency=0.588701 ms (tx_ts=86396675971155, rx_ts=86396676559856) request_id=644376 zil_blk_id=153996 ccf_commit_seqno=644376 nstreams_done_=38500 config.nstreams=400000 avg_latency=0.7263 ms avg throuhgput (requests/sec) = 893.9992 res=false
*==== INFO ====*  stream_id=155996 latency=0.581923 ms (tx_ts=86397207562799, rx_ts=86397208144722) request_id=652408 zil_blk_id=155996 ccf_commit_seqno=652409 nstreams_done_=39000 config.nstreams=400000 avg_latency=0.7264 ms avg throuhgput (requests/sec) = 894.5672 res=false
*==== INFO ====*  stream_id=157996 latency=0.792272 ms (tx_ts=86397715639459, rx_ts=86397716431731) request_id=660319 zil_blk_id=157996 ccf_commit_seqno=660320 nstreams_done_=39500 config.nstreams=400000 avg_latency=0.7259 ms avg throuhgput (requests/sec) = 895.5944 res=false
*==== INFO ====*  stream_id=159996 latency=0.686745 ms (tx_ts=86398266399717, rx_ts=86398267086462) request_id=668592 zil_blk_id=159996 ccf_commit_seqno=668593 nstreams_done_=40000 config.nstreams=400000 avg_latency=0.7262 ms avg throuhgput (requests/sec) = 895.7475 res=false
*==== INFO ====*  stream_id=161996 latency=0.716090 ms (tx_ts=86398846698741, rx_ts=86398847414831) request_id=677472 zil_blk_id=161996 ccf_commit_seqno=677473 nstreams_done_=40500 config.nstreams=400000 avg_latency=0.7265 ms avg throuhgput (requests/sec) = 895.3092 res=false
*==== INFO ====*  stream_id=163996 latency=0.598180 ms (tx_ts=86399380548232, rx_ts=86399381146412) request_id=685834 zil_blk_id=163996 ccf_commit_seqno=685834 nstreams_done_=41000 config.nstreams=400000 avg_latency=0.7262 ms avg throuhgput (requests/sec) = 895.7930 res=false
*==== INFO ====*  stream_id=165996 latency=0.770151 ms (tx_ts=86399926269408, rx_ts=86399927039559) request_id=694176 zil_blk_id=165996 ccf_commit_seqno=694179 nstreams_done_=41500 config.nstreams=400000 avg_latency=0.7261 ms avg throuhgput (requests/sec) = 896.0304 res=false
*==== INFO ====*  stream_id=167996 latency=0.639005 ms (tx_ts=86400495678648, rx_ts=86400496317653) request_id=702733 zil_blk_id=167996 ccf_commit_seqno=702735 nstreams_done_=42000 config.nstreams=400000 avg_latency=0.7264 ms avg throuhgput (requests/sec) = 895.8151 res=false
*==== INFO ====*  stream_id=169996 latency=0.680353 ms (tx_ts=86401042720945, rx_ts=86401043401298) request_id=711180 zil_blk_id=169996 ccf_commit_seqno=711182 nstreams_done_=42500 config.nstreams=400000 avg_latency=0.7264 ms avg throuhgput (requests/sec) = 896.0242 res=false
*==== INFO ====*  stream_id=171996 latency=0.571500 ms (tx_ts=86401591334760, rx_ts=86401591906260) request_id=719843 zil_blk_id=171996 ccf_commit_seqno=719843 nstreams_done_=43000 config.nstreams=400000 avg_latency=0.7259 ms avg throuhgput (requests/sec) = 896.2019 res=false
*==== INFO ====*  stream_id=173996 latency=0.769724 ms (tx_ts=86402130288354, rx_ts=86402131058078) request_id=728505 zil_blk_id=173996 ccf_commit_seqno=728505 nstreams_done_=43500 config.nstreams=400000 avg_latency=0.7258 ms avg throuhgput (requests/sec) = 896.5484 res=false
*==== INFO ====*  stream_id=175996 latency=0.658769 ms (tx_ts=86402686303160, rx_ts=86402686961929) request_id=736680 zil_blk_id=175996 ccf_commit_seqno=736680 nstreams_done_=44000 config.nstreams=400000 avg_latency=0.7263 ms avg throuhgput (requests/sec) = 896.5811 res=false
*==== INFO ====*  stream_id=177996 latency=0.708619 ms (tx_ts=86403219351368, rx_ts=86403220059987) request_id=744851 zil_blk_id=177996 ccf_commit_seqno=744855 nstreams_done_=44500 config.nstreams=400000 avg_latency=0.7261 ms avg throuhgput (requests/sec) = 897.0252 res=false
*==== INFO ====*  stream_id=179996 latency=0.594452 ms (tx_ts=86403762954735, rx_ts=86403763549187) request_id=753112 zil_blk_id=179996 ccf_commit_seqno=753115 nstreams_done_=45000 config.nstreams=400000 avg_latency=0.7261 ms avg throuhgput (requests/sec) = 897.2740 res=false
*==== INFO ====*  stream_id=181996 latency=0.754742 ms (tx_ts=86404264392251, rx_ts=86404265146993) request_id=761400 zil_blk_id=181996 ccf_commit_seqno=761401 nstreams_done_=45500 config.nstreams=400000 avg_latency=0.7254 ms avg throuhgput (requests/sec) = 898.2597 res=false
*==== INFO ====*  stream_id=183996 latency=0.654124 ms (tx_ts=86404776288700, rx_ts=86404776942824) request_id=769384 zil_blk_id=183996 ccf_commit_seqno=769386 nstreams_done_=46000 config.nstreams=400000 avg_latency=0.7252 ms avg throuhgput (requests/sec) = 899.0469 res=false
*==== INFO ====*  stream_id=185996 latency=0.716992 ms (tx_ts=86405301496481, rx_ts=86405302213473) request_id=777565 zil_blk_id=185996 ccf_commit_seqno=777569 nstreams_done_=46500 config.nstreams=400000 avg_latency=0.7251 ms avg throuhgput (requests/sec) = 899.5838 res=false
*==== INFO ====*  stream_id=187996 latency=0.539389 ms (tx_ts=86405846716492, rx_ts=86405847255881) request_id=785829 zil_blk_id=187996 ccf_commit_seqno=785829 nstreams_done_=47000 config.nstreams=400000 avg_latency=0.7251 ms avg throuhgput (requests/sec) = 899.7693 res=false
*==== INFO ====*  stream_id=189996 latency=0.584948 ms (tx_ts=86406373598558, rx_ts=86406374183506) request_id=794128 zil_blk_id=189996 ccf_commit_seqno=794128 nstreams_done_=47500 config.nstreams=400000 avg_latency=0.7247 ms avg throuhgput (requests/sec) = 900.2599 res=false
*==== INFO ====*  stream_id=191996 latency=0.521635 ms (tx_ts=86406930154656, rx_ts=86406930676291) request_id=802488 zil_blk_id=191996 ccf_commit_seqno=802488 nstreams_done_=48000 config.nstreams=400000 avg_latency=0.7248 ms avg throuhgput (requests/sec) = 900.2414 res=false
*==== INFO ====*  stream_id=193996 latency=0.648594 ms (tx_ts=86407466950027, rx_ts=86407467598621) request_id=810838 zil_blk_id=193996 ccf_commit_seqno=810839 nstreams_done_=48500 config.nstreams=400000 avg_latency=0.7248 ms avg throuhgput (requests/sec) = 900.5504 res=false
*==== INFO ====*  stream_id=195996 latency=0.727571 ms (tx_ts=86408000023232, rx_ts=86408000750803) request_id=819049 zil_blk_id=195996 ccf_commit_seqno=819050 nstreams_done_=49000 config.nstreams=400000 avg_latency=0.7248 ms avg throuhgput (requests/sec) = 900.9157 res=false
*==== INFO ====*  stream_id=197996 latency=0.645311 ms (tx_ts=86408514588174, rx_ts=86408515233485) request_id=827440 zil_blk_id=197996 ccf_commit_seqno=827440 nstreams_done_=49500 config.nstreams=400000 avg_latency=0.7243 ms avg throuhgput (requests/sec) = 901.5804 res=false
*==== INFO ====*  stream_id=199996 latency=0.593400 ms (tx_ts=86409060759065, rx_ts=86409061352465) request_id=835851 zil_blk_id=199996 ccf_commit_seqno=835853 nstreams_done_=50000 config.nstreams=400000 avg_latency=0.7242 ms avg throuhgput (requests/sec) = 901.7180 res=false
*==== INFO ====*  stream_id=201996 latency=0.644857 ms (tx_ts=86409549255217, rx_ts=86409549900074) request_id=844067 zil_blk_id=201996 ccf_commit_seqno=844067 nstreams_done_=50500 config.nstreams=400000 avg_latency=0.7234 ms avg throuhgput (requests/sec) = 902.7811 res=false
*==== INFO ====*  stream_id=203996 latency=0.965676 ms (tx_ts=86410072290518, rx_ts=86410073256194) request_id=852071 zil_blk_id=203996 ccf_commit_seqno=852073 nstreams_done_=51000 config.nstreams=400000 avg_latency=0.7231 ms avg throuhgput (requests/sec) = 903.2686 res=false
*==== INFO ====*  stream_id=205996 latency=0.659303 ms (tx_ts=86410628101733, rx_ts=86410628761036) request_id=860455 zil_blk_id=205996 ccf_commit_seqno=860455 nstreams_done_=51500 config.nstreams=400000 avg_latency=0.7233 ms avg throuhgput (requests/sec) = 903.2375 res=false
*==== INFO ====*  stream_id=207996 latency=0.659023 ms (tx_ts=86411173764261, rx_ts=86411174423284) request_id=869132 zil_blk_id=207996 ccf_commit_seqno=869132 nstreams_done_=52000 config.nstreams=400000 avg_latency=0.7232 ms avg throuhgput (requests/sec) = 903.3615 res=false
*==== INFO ====*  stream_id=209996 latency=0.571609 ms (tx_ts=86411749681556, rx_ts=86411750253165) request_id=877723 zil_blk_id=209996 ccf_commit_seqno=877723 nstreams_done_=52500 config.nstreams=400000 avg_latency=0.7235 ms avg throuhgput (requests/sec) = 903.0144 res=false
*==== INFO ====*  stream_id=211996 latency=0.677187 ms (tx_ts=86412303432626, rx_ts=86412304109813) request_id=886344 zil_blk_id=211996 ccf_commit_seqno=886346 nstreams_done_=53000 config.nstreams=400000 avg_latency=0.7237 ms avg throuhgput (requests/sec) = 903.0120 res=false
*==== INFO ====*  stream_id=213996 latency=0.587559 ms (tx_ts=86412871687423, rx_ts=86412872274982) request_id=895220 zil_blk_id=213996 ccf_commit_seqno=895220 nstreams_done_=53500 config.nstreams=400000 avg_latency=0.7235 ms avg throuhgput (requests/sec) = 902.7916 res=false
*==== INFO ====*  stream_id=215996 latency=0.775885 ms (tx_ts=86413380062973, rx_ts=86413380838858) request_id=903187 zil_blk_id=215996 ccf_commit_seqno=903189 nstreams_done_=54000 config.nstreams=400000 avg_latency=0.7232 ms avg throuhgput (requests/sec) = 903.4755 res=false
*==== INFO ====*  stream_id=217996 latency=0.701442 ms (tx_ts=86413924431461, rx_ts=86413925132903) request_id=911543 zil_blk_id=217996 ccf_commit_seqno=911544 nstreams_done_=54500 config.nstreams=400000 avg_latency=0.7233 ms avg throuhgput (requests/sec) = 903.6121 res=false
*==== INFO ====*  stream_id=219996 latency=0.622877 ms (tx_ts=86414473612827, rx_ts=86414474235704) request_id=919894 zil_blk_id=219996 ccf_commit_seqno=919894 nstreams_done_=55000 config.nstreams=400000 avg_latency=0.7233 ms avg throuhgput (requests/sec) = 903.6750 res=false
*==== INFO ====*  stream_id=221996 latency=0.716918 ms (tx_ts=86415027785031, rx_ts=86415028501949) request_id=928196 zil_blk_id=221996 ccf_commit_seqno=928197 nstreams_done_=55500 config.nstreams=400000 avg_latency=0.7235 ms avg throuhgput (requests/sec) = 903.6607 res=false
*==== INFO ====*  stream_id=223996 latency=0.551062 ms (tx_ts=86415567841190, rx_ts=86415568392252) request_id=936391 zil_blk_id=223996 ccf_commit_seqno=936391 nstreams_done_=56000 config.nstreams=400000 avg_latency=0.7235 ms avg throuhgput (requests/sec) = 903.8564 res=false
*==== INFO ====*  stream_id=225996 latency=0.966645 ms (tx_ts=86416080205198, rx_ts=86416081171843) request_id=944650 zil_blk_id=225996 ccf_commit_seqno=944654 nstreams_done_=56500 config.nstreams=400000 avg_latency=0.7232 ms avg throuhgput (requests/sec) = 904.4410 res=false
*==== INFO ====*  stream_id=227996 latency=0.942720 ms (tx_ts=86416639294443, rx_ts=86416640237163) request_id=952777 zil_blk_id=227996 ccf_commit_seqno=952782 nstreams_done_=57000 config.nstreams=400000 avg_latency=0.7236 ms avg throuhgput (requests/sec) = 904.3515 res=false
*==== INFO ====*  stream_id=229996 latency=0.741828 ms (tx_ts=86417195238403, rx_ts=86417195980231) request_id=961091 zil_blk_id=229996 ccf_commit_seqno=961093 nstreams_done_=57500 config.nstreams=400000 avg_latency=0.7238 ms avg throuhgput (requests/sec) = 904.3108 res=false
*==== INFO ====*  stream_id=231996 latency=0.634417 ms (tx_ts=86417714485749, rx_ts=86417715120166) request_id=969280 zil_blk_id=231996 ccf_commit_seqno=969281 nstreams_done_=58000 config.nstreams=400000 avg_latency=0.7235 ms avg throuhgput (requests/sec) = 904.7871 res=false
*==== INFO ====*  stream_id=233996 latency=0.660967 ms (tx_ts=86418246631398, rx_ts=86418247292365) request_id=977303 zil_blk_id=233996 ccf_commit_seqno=977306 nstreams_done_=58500 config.nstreams=400000 avg_latency=0.7237 ms avg throuhgput (requests/sec) = 905.0733 res=false
*==== INFO ====*  stream_id=235996 latency=0.634047 ms (tx_ts=86418786920341, rx_ts=86418787554388) request_id=985697 zil_blk_id=235996 ccf_commit_seqno=985697 nstreams_done_=59000 config.nstreams=400000 avg_latency=0.7236 ms avg throuhgput (requests/sec) = 905.2424 res=false
*==== INFO ====*  stream_id=237996 latency=0.642051 ms (tx_ts=86419311934170, rx_ts=86419312576221) request_id=993800 zil_blk_id=237996 ccf_commit_seqno=993800 nstreams_done_=59500 config.nstreams=400000 avg_latency=0.7234 ms avg throuhgput (requests/sec) = 905.6188 res=false
*==== INFO ====*  stream_id=239996 latency=0.923688 ms (tx_ts=86419862147771, rx_ts=86419863071459) request_id=1002102 zil_blk_id=239996 ccf_commit_seqno=1002105 nstreams_done_=60000 config.nstreams=400000 avg_latency=0.7235 ms avg throuhgput (requests/sec) = 905.6409 res=false
*==== INFO ====*  stream_id=241996 latency=1.097834 ms (tx_ts=86420451723853, rx_ts=86420452821687) request_id=1010629 zil_blk_id=241996 ccf_commit_seqno=1010638 nstreams_done_=60500 config.nstreams=400000 avg_latency=0.7240 ms avg throuhgput (requests/sec) = 905.1307 res=false
*==== INFO ====*  stream_id=243996 latency=0.586383 ms (tx_ts=86421048892043, rx_ts=86421049478426) request_id=1019607 zil_blk_id=243996 ccf_commit_seqno=1019607 nstreams_done_=61000 config.nstreams=400000 avg_latency=0.7242 ms avg throuhgput (requests/sec) = 904.5368 res=false
*==== INFO ====*  stream_id=245996 latency=0.817800 ms (tx_ts=86421636248037, rx_ts=86421637065837) request_id=1028565 zil_blk_id=245996 ccf_commit_seqno=1028567 nstreams_done_=61500 config.nstreams=400000 avg_latency=0.7243 ms avg throuhgput (requests/sec) = 904.0738 res=false
*==== INFO ====*  stream_id=247996 latency=0.667078 ms (tx_ts=86422173314267, rx_ts=86422173981345) request_id=1037043 zil_blk_id=247996 ccf_commit_seqno=1037044 nstreams_done_=62000 config.nstreams=400000 avg_latency=0.7240 ms avg throuhgput (requests/sec) = 904.2866 res=false
*==== INFO ====*  stream_id=249996 latency=0.643426 ms (tx_ts=86422665984814, rx_ts=86422666628240) request_id=1045019 zil_blk_id=249996 ccf_commit_seqno=1045019 nstreams_done_=62500 config.nstreams=400000 avg_latency=0.7233 ms avg throuhgput (requests/sec) = 905.0759 res=false
*==== INFO ====*  stream_id=251996 latency=2.706886 ms (tx_ts=86423272373917, rx_ts=86423275080803) request_id=1053598 zil_blk_id=251996 ccf_commit_seqno=1053598 nstreams_done_=63000 config.nstreams=400000 avg_latency=0.7242 ms avg throuhgput (requests/sec) = 904.3482 res=false
*==== INFO ====*  stream_id=253996 latency=0.803443 ms (tx_ts=86423852770773, rx_ts=86423853574216) request_id=1062612 zil_blk_id=253996 ccf_commit_seqno=1062614 nstreams_done_=63500 config.nstreams=400000 avg_latency=0.7243 ms avg throuhgput (requests/sec) = 904.0184 res=false
*==== INFO ====*  stream_id=255996 latency=0.890263 ms (tx_ts=86424429182252, rx_ts=86424430072515) request_id=1071108 zil_blk_id=255996 ccf_commit_seqno=1071110 nstreams_done_=64000 config.nstreams=400000 avg_latency=0.7246 ms avg throuhgput (requests/sec) = 903.7196 res=false
*==== INFO ====*  stream_id=257996 latency=0.547454 ms (tx_ts=86424984358505, rx_ts=86424984905959) request_id=1079657 zil_blk_id=257996 ccf_commit_seqno=1079657 nstreams_done_=64500 config.nstreams=400000 avg_latency=0.7246 ms avg throuhgput (requests/sec) = 903.6998 res=false
*==== INFO ====*  stream_id=259996 latency=0.623526 ms (tx_ts=86425516082205, rx_ts=86425516705731) request_id=1087788 zil_blk_id=259996 ccf_commit_seqno=1087788 nstreams_done_=65000 config.nstreams=400000 avg_latency=0.7246 ms avg throuhgput (requests/sec) = 903.9698 res=false
*==== INFO ====*  stream_id=261996 latency=0.590104 ms (tx_ts=86426031388685, rx_ts=86426031978789) request_id=1095697 zil_blk_id=261996 ccf_commit_seqno=1095698 nstreams_done_=65500 config.nstreams=400000 avg_latency=0.7243 ms avg throuhgput (requests/sec) = 904.4421 res=false
*==== INFO ====*  stream_id=263996 latency=0.658629 ms (tx_ts=86426525244243, rx_ts=86426525902872) request_id=1103780 zil_blk_id=263996 ccf_commit_seqno=1103781 nstreams_done_=66000 config.nstreams=400000 avg_latency=0.7237 ms avg throuhgput (requests/sec) = 905.1728 res=false
*==== INFO ====*  stream_id=265996 latency=0.677642 ms (tx_ts=86427122450262, rx_ts=86427123127904) request_id=1112119 zil_blk_id=265996 ccf_commit_seqno=1112120 nstreams_done_=66500 config.nstreams=400000 avg_latency=0.7245 ms avg throuhgput (requests/sec) = 904.6206 res=false
*==== INFO ====*  stream_id=267996 latency=0.646028 ms (tx_ts=86427670187148, rx_ts=86427670833176) request_id=1120415 zil_blk_id=267996 ccf_commit_seqno=1120417 nstreams_done_=67000 config.nstreams=400000 avg_latency=0.7244 ms avg throuhgput (requests/sec) = 904.6818 res=false
*==== INFO ====*  stream_id=269996 latency=0.588932 ms (tx_ts=86428195274027, rx_ts=86428195862959) request_id=1128500 zil_blk_id=269996 ccf_commit_seqno=1128500 nstreams_done_=67500 config.nstreams=400000 avg_latency=0.7243 ms avg throuhgput (requests/sec) = 905.0172 res=false
*==== INFO ====*  stream_id=271996 latency=0.729324 ms (tx_ts=86428737842608, rx_ts=86428738571932) request_id=1136705 zil_blk_id=271996 ccf_commit_seqno=1136706 nstreams_done_=68000 config.nstreams=400000 avg_latency=0.7244 ms avg throuhgput (requests/sec) = 905.1349 res=false
*==== INFO ====*  stream_id=273996 latency=0.654300 ms (tx_ts=86429298136715, rx_ts=86429298791015) request_id=1145434 zil_blk_id=273996 ccf_commit_seqno=1145434 nstreams_done_=68500 config.nstreams=400000 avg_latency=0.7243 ms avg throuhgput (requests/sec) = 905.0414 res=false
*==== INFO ====*  stream_id=275996 latency=0.549879 ms (tx_ts=86429833823804, rx_ts=86429834373683) request_id=1153584 zil_blk_id=275996 ccf_commit_seqno=1153584 nstreams_done_=69000 config.nstreams=400000 avg_latency=0.7241 ms avg throuhgput (requests/sec) = 905.2418 res=false
*==== INFO ====*  stream_id=277996 latency=0.567562 ms (tx_ts=86430386306131, rx_ts=86430386873693) request_id=1161900 zil_blk_id=277996 ccf_commit_seqno=1161900 nstreams_done_=69500 config.nstreams=400000 avg_latency=0.7243 ms avg throuhgput (requests/sec) = 905.2399 res=false
*==== INFO ====*  stream_id=279996 latency=0.552123 ms (tx_ts=86430935027901, rx_ts=86430935580024) request_id=1170388 zil_blk_id=279996 ccf_commit_seqno=1170388 nstreams_done_=70000 config.nstreams=400000 avg_latency=0.7241 ms avg throuhgput (requests/sec) = 905.2824 res=false
*==== INFO ====*  stream_id=281996 latency=0.647772 ms (tx_ts=86431473885663, rx_ts=86431474533435) request_id=1178925 zil_blk_id=281996 ccf_commit_seqno=1178926 nstreams_done_=70500 config.nstreams=400000 avg_latency=0.7238 ms avg throuhgput (requests/sec) = 905.4378 res=false
*==== INFO ====*  stream_id=283996 latency=1.928577 ms (tx_ts=86432036745044, rx_ts=86432038673621) request_id=1187592 zil_blk_id=283996 ccf_commit_seqno=1187593 nstreams_done_=71000 config.nstreams=400000 avg_latency=0.7236 ms avg throuhgput (requests/sec) = 905.3001 res=false
*==== INFO ====*  stream_id=285996 latency=0.729465 ms (tx_ts=86432615944538, rx_ts=86432616674003) request_id=1196392 zil_blk_id=285996 ccf_commit_seqno=1196392 nstreams_done_=71500 config.nstreams=400000 avg_latency=0.7236 ms avg throuhgput (requests/sec) = 905.0057 res=false
*==== INFO ====*  stream_id=287996 latency=0.991695 ms (tx_ts=86433159143452, rx_ts=86433160135147) request_id=1204512 zil_blk_id=287996 ccf_commit_seqno=1204519 nstreams_done_=72000 config.nstreams=400000 avg_latency=0.7238 ms avg throuhgput (requests/sec) = 905.1083 res=false
*==== INFO ====*  stream_id=289996 latency=0.576278 ms (tx_ts=86433726250801, rx_ts=86433726827079) request_id=1213139 zil_blk_id=289996 ccf_commit_seqno=1213139 nstreams_done_=72500 config.nstreams=400000 avg_latency=0.7240 ms avg throuhgput (requests/sec) = 904.9471 res=false
*==== INFO ====*  stream_id=291996 latency=0.691624 ms (tx_ts=86434314822189, rx_ts=86434315513813) request_id=1221673 zil_blk_id=291996 ccf_commit_seqno=1221674 nstreams_done_=73000 config.nstreams=400000 avg_latency=0.7245 ms avg throuhgput (requests/sec) = 904.5415 res=false
*==== INFO ====*  stream_id=293996 latency=0.649509 ms (tx_ts=86434891420347, rx_ts=86434892069856) request_id=1230240 zil_blk_id=293996 ccf_commit_seqno=1230241 nstreams_done_=73500 config.nstreams=400000 avg_latency=0.7249 ms avg throuhgput (requests/sec) = 904.2768 res=false
*==== INFO ====*  stream_id=295996 latency=0.658245 ms (tx_ts=86435404207295, rx_ts=86435404865540) request_id=1238217 zil_blk_id=295996 ccf_commit_seqno=1238218 nstreams_done_=74000 config.nstreams=400000 avg_latency=0.7246 ms avg throuhgput (requests/sec) = 904.7205 res=false
*==== INFO ====*  stream_id=297996 latency=0.685433 ms (tx_ts=86435916613945, rx_ts=86435917299378) request_id=1246472 zil_blk_id=297996 ccf_commit_seqno=1246474 nstreams_done_=74500 config.nstreams=400000 avg_latency=0.7242 ms avg throuhgput (requests/sec) = 905.1626 res=false
*==== INFO ====*  stream_id=299996 latency=0.831335 ms (tx_ts=86436462149432, rx_ts=86436462980767) request_id=1254803 zil_blk_id=299996 ccf_commit_seqno=1254804 nstreams_done_=75000 config.nstreams=400000 avg_latency=0.7243 ms avg throuhgput (requests/sec) = 905.2359 res=false
*==== INFO ====*  stream_id=301996 latency=0.931062 ms (tx_ts=86437031551087, rx_ts=86437032482149) request_id=1263270 zil_blk_id=301996 ccf_commit_seqno=1263275 nstreams_done_=75500 config.nstreams=400000 avg_latency=0.7244 ms avg throuhgput (requests/sec) = 905.0497 res=false
*==== INFO ====*  stream_id=303996 latency=0.743671 ms (tx_ts=86437599521927, rx_ts=86437600265598) request_id=1271937 zil_blk_id=303996 ccf_commit_seqno=1271939 nstreams_done_=76000 config.nstreams=400000 avg_latency=0.7244 ms avg throuhgput (requests/sec) = 904.8845 res=false
*==== INFO ====*  stream_id=305996 latency=0.693076 ms (tx_ts=86438137401736, rx_ts=86438138094812) request_id=1280501 zil_blk_id=305996 ccf_commit_seqno=1280504 nstreams_done_=76500 config.nstreams=400000 avg_latency=0.7240 ms avg throuhgput (requests/sec) = 905.0421 res=false
*==== INFO ====*  stream_id=307996 latency=0.551291 ms (tx_ts=86438689371726, rx_ts=86438689923017) request_id=1289655 zil_blk_id=307996 ccf_commit_seqno=1289655 nstreams_done_=77000 config.nstreams=400000 avg_latency=0.7236 ms avg throuhgput (requests/sec) = 905.0489 res=false
*==== INFO ====*  stream_id=309996 latency=0.646540 ms (tx_ts=86439249204000, rx_ts=86439249850540) request_id=1298313 zil_blk_id=309996 ccf_commit_seqno=1298316 nstreams_done_=77500 config.nstreams=400000 avg_latency=0.7235 ms avg throuhgput (requests/sec) = 904.9699 res=false
*==== INFO ====*  stream_id=311996 latency=0.602958 ms (tx_ts=86439803016531, rx_ts=86439803619489) request_id=1306836 zil_blk_id=311996 ccf_commit_seqno=1306836 nstreams_done_=78000 config.nstreams=400000 avg_latency=0.7234 ms avg throuhgput (requests/sec) = 904.9566 res=false
*==== INFO ====*  stream_id=313996 latency=1.053932 ms (tx_ts=86440358168681, rx_ts=86440359222613) request_id=1315675 zil_blk_id=313996 ccf_commit_seqno=1315685 nstreams_done_=78500 config.nstreams=400000 avg_latency=0.7231 ms avg throuhgput (requests/sec) = 904.9244 res=false
*==== INFO ====*  stream_id=315996 latency=1.198416 ms (tx_ts=86440912034218, rx_ts=86440913232634) request_id=1324195 zil_blk_id=315996 ccf_commit_seqno=1324203 nstreams_done_=79000 config.nstreams=400000 avg_latency=0.7230 ms avg throuhgput (requests/sec) = 904.9091 res=false
*==== INFO ====*  stream_id=317996 latency=0.584333 ms (tx_ts=86441503086554, rx_ts=86441503670887) request_id=1333049 zil_blk_id=317996 ccf_commit_seqno=1333049 nstreams_done_=79500 config.nstreams=400000 avg_latency=0.7233 ms avg throuhgput (requests/sec) = 904.5189 res=false
*==== INFO ====*  stream_id=319996 latency=0.653633 ms (tx_ts=86442073113394, rx_ts=86442073767027) request_id=1341772 zil_blk_id=319996 ccf_commit_seqno=1341772 nstreams_done_=80000 config.nstreams=400000 avg_latency=0.7233 ms avg throuhgput (requests/sec) = 904.3419 res=false
*==== INFO ====*  stream_id=321996 latency=0.803413 ms (tx_ts=86442638281238, rx_ts=86442639084651) request_id=1350572 zil_blk_id=321996 ccf_commit_seqno=1350575 nstreams_done_=80500 config.nstreams=400000 avg_latency=0.7233 ms avg throuhgput (requests/sec) = 904.2156 res=false
*==== INFO ====*  stream_id=323996 latency=0.831866 ms (tx_ts=86443222803700, rx_ts=86443223635566) request_id=1359322 zil_blk_id=323996 ccf_commit_seqno=1359325 nstreams_done_=81000 config.nstreams=400000 avg_latency=0.7235 ms avg throuhgput (requests/sec) = 903.8969 res=false
*==== INFO ====*  stream_id=325996 latency=0.769840 ms (tx_ts=86443785186485, rx_ts=86443785956325) request_id=1367936 zil_blk_id=325996 ccf_commit_seqno=1367937 nstreams_done_=81500 config.nstreams=400000 avg_latency=0.7234 ms avg throuhgput (requests/sec) = 903.8051 res=false
*==== INFO ====*  stream_id=327996 latency=0.608778 ms (tx_ts=86444310317816, rx_ts=86444310926594) request_id=1376330 zil_blk_id=327996 ccf_commit_seqno=1376332 nstreams_done_=82000 config.nstreams=400000 avg_latency=0.7232 ms avg throuhgput (requests/sec) = 904.0865 res=false
*==== INFO ====*  stream_id=329996 latency=0.580917 ms (tx_ts=86444868728572, rx_ts=86444869309489) request_id=1385012 zil_blk_id=329996 ccf_commit_seqno=1385013 nstreams_done_=82500 config.nstreams=400000 avg_latency=0.7232 ms avg throuhgput (requests/sec) = 904.0337 res=false
*==== INFO ====*  stream_id=331996 latency=0.571526 ms (tx_ts=86445416880196, rx_ts=86445417451722) request_id=1393450 zil_blk_id=331996 ccf_commit_seqno=1393450 nstreams_done_=83000 config.nstreams=400000 avg_latency=0.7232 ms avg throuhgput (requests/sec) = 904.0822 res=false
*==== INFO ====*  stream_id=333996 latency=0.615582 ms (tx_ts=86446041399018, rx_ts=86446042014600) request_id=1402323 zil_blk_id=333996 ccf_commit_seqno=1402325 nstreams_done_=83500 config.nstreams=400000 avg_latency=0.7237 ms avg throuhgput (requests/sec) = 903.3827 res=false
*==== INFO ====*  stream_id=335996 latency=0.686624 ms (tx_ts=86446578336996, rx_ts=86446579023620) request_id=1410904 zil_blk_id=335996 ccf_commit_seqno=1410904 nstreams_done_=84000 config.nstreams=400000 avg_latency=0.7234 ms avg throuhgput (requests/sec) = 903.5427 res=false
*==== INFO ====*  stream_id=337996 latency=0.566028 ms (tx_ts=86447130353345, rx_ts=86447130919373) request_id=1419480 zil_blk_id=337996 ccf_commit_seqno=1419480 nstreams_done_=84500 config.nstreams=400000 avg_latency=0.7234 ms avg throuhgput (requests/sec) = 903.5571 res=false
*==== INFO ====*  stream_id=339996 latency=0.866048 ms (tx_ts=86447693453377, rx_ts=86447694319425) request_id=1428178 zil_blk_id=339996 ccf_commit_seqno=1428180 nstreams_done_=85000 config.nstreams=400000 avg_latency=0.7232 ms avg throuhgput (requests/sec) = 903.4607 res=false
*==== INFO ====*  stream_id=341996 latency=0.677626 ms (tx_ts=86448233616160, rx_ts=86448234293786) request_id=1436892 zil_blk_id=341996 ccf_commit_seqno=1436893 nstreams_done_=85500 config.nstreams=400000 avg_latency=0.7227 ms avg throuhgput (requests/sec) = 903.5892 res=false
*==== INFO ====*  stream_id=343996 latency=0.923196 ms (tx_ts=86448862334864, rx_ts=86448863258060) request_id=1446045 zil_blk_id=343996 ccf_commit_seqno=1446052 nstreams_done_=86000 config.nstreams=400000 avg_latency=0.7231 ms avg throuhgput (requests/sec) = 902.8718 res=false
*==== INFO ====*  stream_id=345996 latency=0.633013 ms (tx_ts=86449425781082, rx_ts=86449426414095) request_id=1454874 zil_blk_id=345996 ccf_commit_seqno=1454875 nstreams_done_=86500 config.nstreams=400000 avg_latency=0.7229 ms avg throuhgput (requests/sec) = 902.7836 res=false
*==== INFO ====*  stream_id=347996 latency=0.627664 ms (tx_ts=86450028428617, rx_ts=86450029056281) request_id=1463871 zil_blk_id=347996 ccf_commit_seqno=1463872 nstreams_done_=87000 config.nstreams=400000 avg_latency=0.7230 ms avg throuhgput (requests/sec) = 902.3267 res=false
*==== INFO ====*  stream_id=349996 latency=0.926712 ms (tx_ts=86450576700463, rx_ts=86450577627175) request_id=1472138 zil_blk_id=349996 ccf_commit_seqno=1472138 nstreams_done_=87500 config.nstreams=400000 avg_latency=0.7231 ms avg throuhgput (requests/sec) = 902.3783 res=false
*==== INFO ====*  stream_id=351996 latency=0.525602 ms (tx_ts=86451161732794, rx_ts=86451162258396) request_id=1480759 zil_blk_id=351996 ccf_commit_seqno=1480759 nstreams_done_=88000 config.nstreams=400000 avg_latency=0.7235 ms avg throuhgput (requests/sec) = 902.0958 res=false
*==== INFO ====*  stream_id=353996 latency=0.860770 ms (tx_ts=86451705462939, rx_ts=86451706323709) request_id=1489092 zil_blk_id=353996 ccf_commit_seqno=1489092 nstreams_done_=88500 config.nstreams=400000 avg_latency=0.7235 ms avg throuhgput (requests/sec) = 902.1896 res=false
*==== INFO ====*  stream_id=355996 latency=0.533698 ms (tx_ts=86452252454227, rx_ts=86452252987925) request_id=1497768 zil_blk_id=355996 ccf_commit_seqno=1497768 nstreams_done_=89000 config.nstreams=400000 avg_latency=0.7233 ms avg throuhgput (requests/sec) = 902.2586 res=false
*==== INFO ====*  stream_id=357996 latency=0.638885 ms (tx_ts=86452820842356, rx_ts=86452821481241) request_id=1506303 zil_blk_id=357996 ccf_commit_seqno=1506303 nstreams_done_=89500 config.nstreams=400000 avg_latency=0.7234 ms avg throuhgput (requests/sec) = 902.1283 res=false
*==== INFO ====*  stream_id=359996 latency=0.891133 ms (tx_ts=86453368541697, rx_ts=86453369432830) request_id=1514529 zil_blk_id=359996 ccf_commit_seqno=1514534 nstreams_done_=90000 config.nstreams=400000 avg_latency=0.7234 ms avg throuhgput (requests/sec) = 902.1852 res=false
*==== INFO ====*  stream_id=361996 latency=0.720885 ms (tx_ts=86453887963562, rx_ts=86453888684447) request_id=1522569 zil_blk_id=361996 ccf_commit_seqno=1522571 nstreams_done_=90500 config.nstreams=400000 avg_latency=0.7234 ms avg throuhgput (requests/sec) = 902.4997 res=false
*==== INFO ====*  stream_id=363996 latency=0.619219 ms (tx_ts=86454427422762, rx_ts=86454428041981) request_id=1531085 zil_blk_id=363996 ccf_commit_seqno=1531086 nstreams_done_=91000 config.nstreams=400000 avg_latency=0.7232 ms avg throuhgput (requests/sec) = 902.6309 res=false
*==== INFO ====*  stream_id=365996 latency=1.048050 ms (tx_ts=86455001599786, rx_ts=86455002647836) request_id=1539940 zil_blk_id=365996 ccf_commit_seqno=1539942 nstreams_done_=91500 config.nstreams=400000 avg_latency=0.7233 ms avg throuhgput (requests/sec) = 902.4469 res=false
*==== INFO ====*  stream_id=367996 latency=0.654945 ms (tx_ts=86455539082603, rx_ts=86455539737548) request_id=1548639 zil_blk_id=367996 ccf_commit_seqno=1548640 nstreams_done_=92000 config.nstreams=400000 avg_latency=0.7231 ms avg throuhgput (requests/sec) = 902.5971 res=false
*==== INFO ====*  stream_id=369996 latency=0.627734 ms (tx_ts=86456144361408, rx_ts=86456144989142) request_id=1557692 zil_blk_id=369996 ccf_commit_seqno=1557693 nstreams_done_=92500 config.nstreams=400000 avg_latency=0.7233 ms avg throuhgput (requests/sec) = 902.1455 res=false
*==== INFO ====*  stream_id=371996 latency=0.647772 ms (tx_ts=86456699619712, rx_ts=86456700267484) request_id=1566638 zil_blk_id=371996 ccf_commit_seqno=1566640 nstreams_done_=93000 config.nstreams=400000 avg_latency=0.7230 ms avg throuhgput (requests/sec) = 902.1364 res=false
*==== INFO ====*  stream_id=373996 latency=0.875547 ms (tx_ts=86457252849650, rx_ts=86457253725197) request_id=1575425 zil_blk_id=373996 ccf_commit_seqno=1575426 nstreams_done_=93500 config.nstreams=400000 avg_latency=0.7227 ms avg throuhgput (requests/sec) = 902.1432 res=false
*==== INFO ====*  stream_id=375996 latency=0.548091 ms (tx_ts=86457816408117, rx_ts=86457816956208) request_id=1584242 zil_blk_id=375996 ccf_commit_seqno=1584242 nstreams_done_=94000 config.nstreams=400000 avg_latency=0.7227 ms avg throuhgput (requests/sec) = 902.0653 res=false
*==== INFO ====*  stream_id=377996 latency=0.621379 ms (tx_ts=86458408134798, rx_ts=86458408756177) request_id=1592827 zil_blk_id=377996 ccf_commit_seqno=1592827 nstreams_done_=94500 config.nstreams=400000 avg_latency=0.7231 ms avg throuhgput (requests/sec) = 901.7424 res=false
*==== INFO ====*  stream_id=379996 latency=1.327383 ms (tx_ts=86458939647090, rx_ts=86458940974473) request_id=1601125 zil_blk_id=379996 ccf_commit_seqno=1601135 nstreams_done_=95000 config.nstreams=400000 avg_latency=0.7231 ms avg throuhgput (requests/sec) = 901.9330 res=false
*==== INFO ====*  stream_id=381996 latency=0.597417 ms (tx_ts=86459495143984, rx_ts=86459495741401) request_id=1609443 zil_blk_id=381996 ccf_commit_seqno=1609444 nstreams_done_=95500 config.nstreams=400000 avg_latency=0.7233 ms avg throuhgput (requests/sec) = 901.9296 res=false
*==== INFO ====*  stream_id=383996 latency=0.814083 ms (tx_ts=86460069741484, rx_ts=86460070555567) request_id=1617958 zil_blk_id=383996 ccf_commit_seqno=1617960 nstreams_done_=96000 config.nstreams=400000 avg_latency=0.7236 ms avg throuhgput (requests/sec) = 901.7564 res=false
*==== INFO ====*  stream_id=385996 latency=0.640118 ms (tx_ts=86460596640726, rx_ts=86460597280844) request_id=1626406 zil_blk_id=385996 ccf_commit_seqno=1626408 nstreams_done_=96500 config.nstreams=400000 avg_latency=0.7234 ms avg throuhgput (requests/sec) = 901.9902 res=false
*==== INFO ====*  stream_id=387996 latency=0.541901 ms (tx_ts=86461155699743, rx_ts=86461156241644) request_id=1634983 zil_blk_id=387996 ccf_commit_seqno=1634983 nstreams_done_=97000 config.nstreams=400000 avg_latency=0.7236 ms avg throuhgput (requests/sec) = 901.9514 res=false
*==== INFO ====*  stream_id=389996 latency=0.543096 ms (tx_ts=86461668943114, rx_ts=86461669486210) request_id=1643303 zil_blk_id=389996 ccf_commit_seqno=1643303 nstreams_done_=97500 config.nstreams=400000 avg_latency=0.7233 ms avg throuhgput (requests/sec) = 902.2945 res=false
*==== INFO ====*  stream_id=391996 latency=0.760763 ms (tx_ts=86462273448530, rx_ts=86462274209293) request_id=1652255 zil_blk_id=391996 ccf_commit_seqno=1652257 nstreams_done_=98000 config.nstreams=400000 avg_latency=0.7234 ms avg throuhgput (requests/sec) = 901.8745 res=false
*==== INFO ====*  stream_id=393996 latency=0.553886 ms (tx_ts=86462863166713, rx_ts=86462863720599) request_id=1661219 zil_blk_id=393996 ccf_commit_seqno=1661220 nstreams_done_=98500 config.nstreams=400000 avg_latency=0.7233 ms avg throuhgput (requests/sec) = 901.5847 res=false
*==== INFO ====*  stream_id=395996 latency=1.022312 ms (tx_ts=86463442703827, rx_ts=86463443726139) request_id=1669891 zil_blk_id=395996 ccf_commit_seqno=1669891 nstreams_done_=99000 config.nstreams=400000 avg_latency=0.7234 ms avg throuhgput (requests/sec) = 901.3760 res=false
*==== INFO ====*  stream_id=397996 latency=0.672307 ms (tx_ts=86464000274593, rx_ts=86464000946900) request_id=1678357 zil_blk_id=397996 ccf_commit_seqno=1678357 nstreams_done_=99500 config.nstreams=400000 avg_latency=0.7235 ms avg throuhgput (requests/sec) = 901.3555 res=false
*==== INFO ====*  stream_id=399996 latency=0.695631 ms (tx_ts=86464571093237, rx_ts=86464571788868) request_id=1686859 zil_blk_id=399996 ccf_commit_seqno=1686862 nstreams_done_=100000 config.nstreams=400000 avg_latency=0.7236 ms avg throuhgput (requests/sec) = 901.2245 res=false
*==== INFO ====*  stream_id=401996 latency=0.633314 ms (tx_ts=86465143800285, rx_ts=86465144433599) request_id=1695497 zil_blk_id=401996 ccf_commit_seqno=1695500 nstreams_done_=100500 config.nstreams=400000 avg_latency=0.7237 ms avg throuhgput (requests/sec) = 901.0803 res=false
*==== INFO ====*  stream_id=403996 latency=0.579725 ms (tx_ts=86465699026646, rx_ts=86465699606371) request_id=1703895 zil_blk_id=403996 ccf_commit_seqno=1703895 nstreams_done_=101000 config.nstreams=400000 avg_latency=0.7237 ms avg throuhgput (requests/sec) = 901.0780 res=false
*==== INFO ====*  stream_id=405996 latency=0.982734 ms (tx_ts=86466231140075, rx_ts=86466232122809) request_id=1712261 zil_blk_id=405996 ccf_commit_seqno=1712268 nstreams_done_=101500 config.nstreams=400000 avg_latency=0.7234 ms avg throuhgput (requests/sec) = 901.2571 res=false
*==== INFO ====*  stream_id=407996 latency=0.640138 ms (tx_ts=86466749836285, rx_ts=86466750476423) request_id=1720766 zil_blk_id=407996 ccf_commit_seqno=1720766 nstreams_done_=102000 config.nstreams=400000 avg_latency=0.7232 ms avg throuhgput (requests/sec) = 901.5472 res=false
*==== INFO ====*  stream_id=409996 latency=0.558535 ms (tx_ts=86467321385983, rx_ts=86467321944518) request_id=1729416 zil_blk_id=409996 ccf_commit_seqno=1729416 nstreams_done_=102500 config.nstreams=400000 avg_latency=0.7232 ms avg throuhgput (requests/sec) = 901.4135 res=false
*==== INFO ====*  stream_id=411996 latency=0.754488 ms (tx_ts=86467883322882, rx_ts=86467884077370) request_id=1738238 zil_blk_id=411996 ccf_commit_seqno=1738241 nstreams_done_=103000 config.nstreams=400000 avg_latency=0.7231 ms avg throuhgput (requests/sec) = 901.3548 res=false
*==== INFO ====*  stream_id=413996 latency=0.540320 ms (tx_ts=86468436509202, rx_ts=86468437049522) request_id=1746815 zil_blk_id=413996 ccf_commit_seqno=1746815 nstreams_done_=103500 config.nstreams=400000 avg_latency=0.7231 ms avg throuhgput (requests/sec) = 901.3685 res=false
*==== INFO ====*  stream_id=415996 latency=0.719719 ms (tx_ts=86468997608767, rx_ts=86468998328486) request_id=1755385 zil_blk_id=415996 ccf_commit_seqno=1755385 nstreams_done_=104000 config.nstreams=400000 avg_latency=0.7232 ms avg throuhgput (requests/sec) = 901.3172 res=false
*==== INFO ====*  stream_id=417996 latency=0.600523 ms (tx_ts=86469555054499, rx_ts=86469555655022) request_id=1763997 zil_blk_id=417996 ccf_commit_seqno=1763998 nstreams_done_=104500 config.nstreams=400000 avg_latency=0.7230 ms avg throuhgput (requests/sec) = 901.2971 res=false
*==== INFO ====*  stream_id=419996 latency=0.592378 ms (tx_ts=86470110738576, rx_ts=86470111330954) request_id=1772601 zil_blk_id=419996 ccf_commit_seqno=1772602 nstreams_done_=105000 config.nstreams=400000 avg_latency=0.7229 ms avg throuhgput (requests/sec) = 901.2900 res=false
*==== INFO ====*  stream_id=421996 latency=0.662069 ms (tx_ts=86470680365238, rx_ts=86470681027307) request_id=1781164 zil_blk_id=421996 ccf_commit_seqno=1781165 nstreams_done_=105500 config.nstreams=400000 avg_latency=0.7229 ms avg throuhgput (requests/sec) = 901.1750 res=false
*==== INFO ====*  stream_id=423996 latency=0.615081 ms (tx_ts=86471239826590, rx_ts=86471240441671) request_id=1789765 zil_blk_id=423996 ccf_commit_seqno=1789766 nstreams_done_=106000 config.nstreams=400000 avg_latency=0.7228 ms avg throuhgput (requests/sec) = 901.1399 res=false
*==== INFO ====*  stream_id=425996 latency=0.769830 ms (tx_ts=86471816814038, rx_ts=86471817583868) request_id=1798487 zil_blk_id=425996 ccf_commit_seqno=1798488 nstreams_done_=106500 config.nstreams=400000 avg_latency=0.7230 ms avg throuhgput (requests/sec) = 900.9700 res=false
*==== INFO ====*  stream_id=427996 latency=0.696122 ms (tx_ts=86472368100405, rx_ts=86472368796527) request_id=1806970 zil_blk_id=427996 ccf_commit_seqno=1806972 nstreams_done_=107000 config.nstreams=400000 avg_latency=0.7228 ms avg throuhgput (requests/sec) = 900.9984 res=false
*==== INFO ====*  stream_id=429996 latency=0.714567 ms (tx_ts=86472928263476, rx_ts=86472928978043) request_id=1815537 zil_blk_id=429996 ccf_commit_seqno=1815540 nstreams_done_=107500 config.nstreams=400000 avg_latency=0.7228 ms avg throuhgput (requests/sec) = 900.9588 res=false
*==== INFO ====*  stream_id=431996 latency=0.610942 ms (tx_ts=86473469050494, rx_ts=86473469661436) request_id=1824055 zil_blk_id=431996 ccf_commit_seqno=1824056 nstreams_done_=108000 config.nstreams=400000 avg_latency=0.7226 ms avg throuhgput (requests/sec) = 901.0661 res=false
*==== INFO ====*  stream_id=433996 latency=0.625169 ms (tx_ts=86474007437152, rx_ts=86474008062321) request_id=1832807 zil_blk_id=433996 ccf_commit_seqno=1832807 nstreams_done_=108500 config.nstreams=400000 avg_latency=0.7223 ms avg throuhgput (requests/sec) = 901.1896 res=false
*==== INFO ====*  stream_id=435996 latency=0.726088 ms (tx_ts=86474572546955, rx_ts=86474573273043) request_id=1841432 zil_blk_id=435996 ccf_commit_seqno=1841433 nstreams_done_=109000 config.nstreams=400000 avg_latency=0.7223 ms avg throuhgput (requests/sec) = 901.1122 res=false
*==== INFO ====*  stream_id=437996 latency=0.554326 ms (tx_ts=86475129213128, rx_ts=86475129767454) request_id=1850222 zil_blk_id=437996 ccf_commit_seqno=1850222 nstreams_done_=109500 config.nstreams=400000 avg_latency=0.7222 ms avg throuhgput (requests/sec) = 901.1002 res=false
*==== INFO ====*  stream_id=439996 latency=0.621853 ms (tx_ts=86475710655707, rx_ts=86475711277560) request_id=1858923 zil_blk_id=439996 ccf_commit_seqno=1858924 nstreams_done_=110000 config.nstreams=400000 avg_latency=0.7223 ms avg throuhgput (requests/sec) = 900.9036 res=false
*==== INFO ====*  stream_id=441996 latency=0.513361 ms (tx_ts=86476258022074, rx_ts=86476258535435) request_id=1867461 zil_blk_id=441996 ccf_commit_seqno=1867461 nstreams_done_=110500 config.nstreams=400000 avg_latency=0.7223 ms avg throuhgput (requests/sec) = 900.9605 res=false
*==== INFO ====*  stream_id=443996 latency=0.721710 ms (tx_ts=86476809397162, rx_ts=86476810118872) request_id=1876156 zil_blk_id=443996 ccf_commit_seqno=1876159 nstreams_done_=111000 config.nstreams=400000 avg_latency=0.7221 ms avg throuhgput (requests/sec) = 900.9852 res=false
*==== INFO ====*  stream_id=445996 latency=0.549588 ms (tx_ts=86477339520060, rx_ts=86477340069648) request_id=1884708 zil_blk_id=445996 ccf_commit_seqno=1884708 nstreams_done_=111500 config.nstreams=400000 avg_latency=0.7218 ms avg throuhgput (requests/sec) = 901.1672 res=false
*==== INFO ====*  stream_id=447996 latency=0.618477 ms (tx_ts=86477883692227, rx_ts=86477884310704) request_id=1893227 zil_blk_id=447996 ccf_commit_seqno=1893227 nstreams_done_=112000 config.nstreams=400000 avg_latency=0.7217 ms avg throuhgput (requests/sec) = 901.2440 res=false
*==== INFO ====*  stream_id=449996 latency=0.775571 ms (tx_ts=86478447453106, rx_ts=86478448228677) request_id=1901844 zil_blk_id=449996 ccf_commit_seqno=1901846 nstreams_done_=112500 config.nstreams=400000 avg_latency=0.7216 ms avg throuhgput (requests/sec) = 901.1781 res=false
*==== INFO ====*  stream_id=451996 latency=1.079991 ms (tx_ts=86479007850640, rx_ts=86479008930631) request_id=1910615 zil_blk_id=451996 ccf_commit_seqno=1910619 nstreams_done_=113000 config.nstreams=400000 avg_latency=0.7216 ms avg throuhgput (requests/sec) = 901.1359 res=false
*==== INFO ====*  stream_id=453996 latency=0.650377 ms (tx_ts=86479572422580, rx_ts=86479573072957) request_id=1919154 zil_blk_id=453996 ccf_commit_seqno=1919155 nstreams_done_=113500 config.nstreams=400000 avg_latency=0.7216 ms avg throuhgput (requests/sec) = 901.0695 res=false
*==== INFO ====*  stream_id=455996 latency=0.592589 ms (tx_ts=86480113388160, rx_ts=86480113980749) request_id=1927863 zil_blk_id=455996 ccf_commit_seqno=1927863 nstreams_done_=114000 config.nstreams=400000 avg_latency=0.7215 ms avg throuhgput (requests/sec) = 901.1691 res=false
*==== INFO ====*  stream_id=457996 latency=0.601345 ms (tx_ts=86480658024155, rx_ts=86480658625500) request_id=1936421 zil_blk_id=457996 ccf_commit_seqno=1936422 nstreams_done_=114500 config.nstreams=400000 avg_latency=0.7213 ms avg throuhgput (requests/sec) = 901.2414 res=false
*==== INFO ====*  stream_id=459996 latency=0.639828 ms (tx_ts=86481211724820, rx_ts=86481212364648) request_id=1944949 zil_blk_id=459996 ccf_commit_seqno=1944950 nstreams_done_=115000 config.nstreams=400000 avg_latency=0.7212 ms avg throuhgput (requests/sec) = 901.2488 res=false
*==== INFO ====*  stream_id=461996 latency=0.655947 ms (tx_ts=86481750889030, rx_ts=86481751544977) request_id=1953547 zil_blk_id=461996 ccf_commit_seqno=1953550 nstreams_done_=115500 config.nstreams=400000 avg_latency=0.7210 ms avg throuhgput (requests/sec) = 901.3586 res=false
*==== INFO ====*  stream_id=463996 latency=0.636130 ms (tx_ts=86482289403344, rx_ts=86482290039474) request_id=1962091 zil_blk_id=463996 ccf_commit_seqno=1962092 nstreams_done_=116000 config.nstreams=400000 avg_latency=0.7208 ms avg throuhgput (requests/sec) = 901.4722 res=false
*==== INFO ====*  stream_id=465996 latency=0.588531 ms (tx_ts=86482882093894, rx_ts=86482882682425) request_id=1970671 zil_blk_id=465996 ccf_commit_seqno=1970672 nstreams_done_=116500 config.nstreams=400000 avg_latency=0.7209 ms avg throuhgput (requests/sec) = 901.2073 res=false
*==== INFO ====*  stream_id=467996 latency=0.579945 ms (tx_ts=86483510150371, rx_ts=86483510730316) request_id=1979518 zil_blk_id=467996 ccf_commit_seqno=1979518 nstreams_done_=117000 config.nstreams=400000 avg_latency=0.7215 ms avg throuhgput (requests/sec) = 900.6992 res=false
*==== INFO ====*  stream_id=469996 latency=0.747649 ms (tx_ts=86484099875099, rx_ts=86484100622748) request_id=1988463 zil_blk_id=469996 ccf_commit_seqno=1988466 nstreams_done_=117500 config.nstreams=400000 avg_latency=0.7217 ms avg throuhgput (requests/sec) = 900.4592 res=false
*==== INFO ====*  stream_id=471996 latency=0.538197 ms (tx_ts=86484652496035, rx_ts=86484653034232) request_id=1996843 zil_blk_id=471996 ccf_commit_seqno=1996843 nstreams_done_=118000 config.nstreams=400000 avg_latency=0.7216 ms avg throuhgput (requests/sec) = 900.4789 res=false
*==== INFO ====*  stream_id=473996 latency=0.671486 ms (tx_ts=86485215173341, rx_ts=86485215844827) request_id=2005384 zil_blk_id=473996 ccf_commit_seqno=2005387 nstreams_done_=118500 config.nstreams=400000 avg_latency=0.7216 ms avg throuhgput (requests/sec) = 900.4272 res=false
*==== INFO ====*  stream_id=475996 latency=0.782784 ms (tx_ts=86485827240755, rx_ts=86485828023539) request_id=2014093 zil_blk_id=475996 ccf_commit_seqno=2014093 nstreams_done_=119000 config.nstreams=400000 avg_latency=0.7220 ms avg throuhgput (requests/sec) = 900.0398 res=false
*==== INFO ====*  stream_id=477996 latency=0.754302 ms (tx_ts=86486388579579, rx_ts=86486389333881) request_id=2022918 zil_blk_id=477996 ccf_commit_seqno=2022919 nstreams_done_=119500 config.nstreams=400000 avg_latency=0.7219 ms avg throuhgput (requests/sec) = 900.0006 res=false
*==== INFO ====*  stream_id=479996 latency=0.654033 ms (tx_ts=86486992686066, rx_ts=86486993340099) request_id=2031670 zil_blk_id=479996 ccf_commit_seqno=2031670 nstreams_done_=120000 config.nstreams=400000 avg_latency=0.7223 ms avg throuhgput (requests/sec) = 899.6737 res=false
*==== INFO ====*  stream_id=481996 latency=0.580876 ms (tx_ts=86487579060478, rx_ts=86487579641354) request_id=2040625 zil_blk_id=481996 ccf_commit_seqno=2040626 nstreams_done_=120500 config.nstreams=400000 avg_latency=0.7223 ms avg throuhgput (requests/sec) = 899.4686 res=false
*==== INFO ====*  stream_id=483996 latency=0.713906 ms (tx_ts=86488148387322, rx_ts=86488149101228) request_id=2049429 zil_blk_id=483996 ccf_commit_seqno=2049429 nstreams_done_=121000 config.nstreams=400000 avg_latency=0.7223 ms avg throuhgput (requests/sec) = 899.3778 res=false
*==== INFO ====*  stream_id=485996 latency=0.669983 ms (tx_ts=86488687165488, rx_ts=86488687835471) request_id=2057946 zil_blk_id=485996 ccf_commit_seqno=2057946 nstreams_done_=121500 config.nstreams=400000 avg_latency=0.7222 ms avg throuhgput (requests/sec) = 899.4923 res=false
*==== INFO ====*  stream_id=487996 latency=0.536253 ms (tx_ts=86489280963011, rx_ts=86489281499264) request_id=2066726 zil_blk_id=487996 ccf_commit_seqno=2066726 nstreams_done_=122000 config.nstreams=400000 avg_latency=0.7225 ms avg throuhgput (requests/sec) = 899.2418 res=false
*==== INFO ====*  stream_id=489996 latency=0.621826 ms (tx_ts=86489827274564, rx_ts=86489827896390) request_id=2075072 zil_blk_id=489996 ccf_commit_seqno=2075073 nstreams_done_=122500 config.nstreams=400000 avg_latency=0.7225 ms avg throuhgput (requests/sec) = 899.3053 res=false
*==== INFO ====*  stream_id=491996 latency=0.655987 ms (tx_ts=86490391203770, rx_ts=86490391859757) request_id=2083943 zil_blk_id=491996 ccf_commit_seqno=2083944 nstreams_done_=123000 config.nstreams=400000 avg_latency=0.7225 ms avg throuhgput (requests/sec) = 899.2529 res=false
*==== INFO ====*  stream_id=493996 latency=0.633985 ms (tx_ts=86490932662142, rx_ts=86490933296127) request_id=2092332 zil_blk_id=493996 ccf_commit_seqno=2092334 nstreams_done_=123500 config.nstreams=400000 avg_latency=0.7225 ms avg throuhgput (requests/sec) = 899.3483 res=false
*==== INFO ====*  stream_id=495996 latency=0.724946 ms (tx_ts=86491535869658, rx_ts=86491536594604) request_id=2101058 zil_blk_id=495996 ccf_commit_seqno=2101060 nstreams_done_=124000 config.nstreams=400000 avg_latency=0.7228 ms avg throuhgput (requests/sec) = 899.0397 res=false
*==== INFO ====*  stream_id=497996 latency=0.750454 ms (tx_ts=86492108501213, rx_ts=86492109251667) request_id=2109939 zil_blk_id=497996 ccf_commit_seqno=2109940 nstreams_done_=124500 config.nstreams=400000 avg_latency=0.7228 ms avg throuhgput (requests/sec) = 898.9325 res=false
*==== INFO ====*  stream_id=499996 latency=0.960440 ms (tx_ts=86492663119688, rx_ts=86492664080128) request_id=2118542 zil_blk_id=499996 ccf_commit_seqno=2118547 nstreams_done_=125000 config.nstreams=400000 avg_latency=0.7228 ms avg throuhgput (requests/sec) = 898.9415 res=false
*==== INFO ====*  stream_id=501996 latency=0.709297 ms (tx_ts=86493244834034, rx_ts=86493245543331) request_id=2127289 zil_blk_id=501996 ccf_commit_seqno=2127289 nstreams_done_=125500 config.nstreams=400000 avg_latency=0.7229 ms avg throuhgput (requests/sec) = 898.7789 res=false
*==== INFO ====*  stream_id=503996 latency=0.644174 ms (tx_ts=86493789469251, rx_ts=86493790113425) request_id=2135783 zil_blk_id=503996 ccf_commit_seqno=2135783 nstreams_done_=126000 config.nstreams=400000 avg_latency=0.7229 ms avg throuhgput (requests/sec) = 898.8542 res=false
*==== INFO ====*  stream_id=505996 latency=0.782243 ms (tx_ts=86494334868262, rx_ts=86494335650505) request_id=2144423 zil_blk_id=505996 ccf_commit_seqno=2144426 nstreams_done_=126500 config.nstreams=400000 avg_latency=0.7230 ms avg throuhgput (requests/sec) = 898.9227 res=false
*==== INFO ====*  stream_id=507996 latency=0.584152 ms (tx_ts=86494903044279, rx_ts=86494903628431) request_id=2153215 zil_blk_id=507996 ccf_commit_seqno=2153215 nstreams_done_=127000 config.nstreams=400000 avg_latency=0.7231 ms avg throuhgput (requests/sec) = 898.8479 res=false
*==== INFO ====*  stream_id=509996 latency=0.684550 ms (tx_ts=86495426113084, rx_ts=86495426797634) request_id=2161457 zil_blk_id=509996 ccf_commit_seqno=2161458 nstreams_done_=127500 config.nstreams=400000 avg_latency=0.7230 ms avg throuhgput (requests/sec) = 899.0577 res=false
*==== INFO ====*  stream_id=511996 latency=0.673910 ms (tx_ts=86495946642036, rx_ts=86495947315946) request_id=2169537 zil_blk_id=511996 ccf_commit_seqno=2169537 nstreams_done_=128000 config.nstreams=400000 avg_latency=0.7228 ms avg throuhgput (requests/sec) = 899.2827 res=false
*==== INFO ====*  stream_id=513996 latency=0.516095 ms (tx_ts=86496469738102, rx_ts=86496470254197) request_id=2177735 zil_blk_id=513996 ccf_commit_seqno=2177735 nstreams_done_=128500 config.nstreams=400000 avg_latency=0.7227 ms avg throuhgput (requests/sec) = 899.4908 res=false
*==== INFO ====*  stream_id=515996 latency=0.616983 ms (tx_ts=86496997125237, rx_ts=86496997742220) request_id=2185984 zil_blk_id=515996 ccf_commit_seqno=2185985 nstreams_done_=129000 config.nstreams=400000 avg_latency=0.7226 ms avg throuhgput (requests/sec) = 899.6688 res=false
*==== INFO ====*  stream_id=517996 latency=0.721268 ms (tx_ts=86497547507288, rx_ts=86497548228556) request_id=2194374 zil_blk_id=517996 ccf_commit_seqno=2194375 nstreams_done_=129500 config.nstreams=400000 avg_latency=0.7227 ms avg throuhgput (requests/sec) = 899.7018 res=false
*==== INFO ====*  stream_id=519996 latency=0.617073 ms (tx_ts=86498067186441, rx_ts=86498067803514) request_id=2202540 zil_blk_id=519996 ccf_commit_seqno=2202540 nstreams_done_=130000 config.nstreams=400000 avg_latency=0.7225 ms avg throuhgput (requests/sec) = 899.9270 res=false
*==== INFO ====*  stream_id=521996 latency=0.919370 ms (tx_ts=86498628613494, rx_ts=86498629532864) request_id=2210858 zil_blk_id=521996 ccf_commit_seqno=2210860 nstreams_done_=130500 config.nstreams=400000 avg_latency=0.7227 ms avg throuhgput (requests/sec) = 899.8890 res=false
*==== INFO ====*  stream_id=523996 latency=0.623807 ms (tx_ts=86499145475602, rx_ts=86499146099409) request_id=2219178 zil_blk_id=523996 ccf_commit_seqno=2219178 nstreams_done_=131000 config.nstreams=400000 avg_latency=0.7226 ms avg throuhgput (requests/sec) = 900.1305 res=false
*==== INFO ====*  stream_id=525996 latency=0.779578 ms (tx_ts=86499694332258, rx_ts=86499695111836) request_id=2227545 zil_blk_id=525996 ccf_commit_seqno=2227548 nstreams_done_=131500 config.nstreams=400000 avg_latency=0.7226 ms avg throuhgput (requests/sec) = 900.1703 res=false
*==== INFO ====*  stream_id=527996 latency=0.685238 ms (tx_ts=86500243432185, rx_ts=86500244117423) request_id=2235877 zil_blk_id=527996 ccf_commit_seqno=2235877 nstreams_done_=132000 config.nstreams=400000 avg_latency=0.7227 ms avg throuhgput (requests/sec) = 900.2099 res=false
*==== INFO ====*  stream_id=529996 latency=0.540051 ms (tx_ts=86500811771628, rx_ts=86500812311679) request_id=2244084 zil_blk_id=529996 ccf_commit_seqno=2244084 nstreams_done_=132500 config.nstreams=400000 avg_latency=0.7229 ms avg throuhgput (requests/sec) = 900.1318 res=false
*==== INFO ====*  stream_id=531996 latency=0.645638 ms (tx_ts=86501373332151, rx_ts=86501373977789) request_id=2252519 zil_blk_id=531996 ccf_commit_seqno=2252521 nstreams_done_=133000 config.nstreams=400000 avg_latency=0.7230 ms avg throuhgput (requests/sec) = 900.0941 res=false
*==== INFO ====*  stream_id=533996 latency=1.158207 ms (tx_ts=86501937494424, rx_ts=86501938652631) request_id=2261261 zil_blk_id=533996 ccf_commit_seqno=2261263 nstreams_done_=133500 config.nstreams=400000 avg_latency=0.7230 ms avg throuhgput (requests/sec) = 900.0384 res=false
*==== INFO ====*  stream_id=535996 latency=0.607366 ms (tx_ts=86502488850760, rx_ts=86502489458126) request_id=2269978 zil_blk_id=535996 ccf_commit_seqno=2269978 nstreams_done_=134000 config.nstreams=400000 avg_latency=0.7230 ms avg throuhgput (requests/sec) = 900.0670 res=false
*==== INFO ====*  stream_id=537996 latency=0.763298 ms (tx_ts=86503060740013, rx_ts=86503061503311) request_id=2278598 zil_blk_id=537996 ccf_commit_seqno=2278598 nstreams_done_=134500 config.nstreams=400000 avg_latency=0.7232 ms avg throuhgput (requests/sec) = 899.9674 res=false
*==== INFO ====*  stream_id=539996 latency=0.680730 ms (tx_ts=86503617334135, rx_ts=86503618014865) request_id=2287025 zil_blk_id=539996 ccf_commit_seqno=2287026 nstreams_done_=135000 config.nstreams=400000 avg_latency=0.7233 ms avg throuhgput (requests/sec) = 899.9618 res=false
*==== INFO ====*  stream_id=541996 latency=1.636791 ms (tx_ts=86504136308597, rx_ts=86504137945388) request_id=2295369 zil_blk_id=541996 ccf_commit_seqno=2295369 nstreams_done_=135500 config.nstreams=400000 avg_latency=0.7231 ms avg throuhgput (requests/sec) = 900.1749 res=false
*==== INFO ====*  stream_id=543996 latency=0.546405 ms (tx_ts=86504692707440, rx_ts=86504693253845) request_id=2303894 zil_blk_id=543996 ccf_commit_seqno=2303894 nstreams_done_=136000 config.nstreams=400000 avg_latency=0.7232 ms avg throuhgput (requests/sec) = 900.1757 res=false
*==== INFO ====*  stream_id=545996 latency=0.683198 ms (tx_ts=86505217099626, rx_ts=86505217782824) request_id=2312350 zil_blk_id=545996 ccf_commit_seqno=2312351 nstreams_done_=136500 config.nstreams=400000 avg_latency=0.7230 ms avg throuhgput (requests/sec) = 900.3593 res=false
*==== INFO ====*  stream_id=547996 latency=0.595514 ms (tx_ts=86505759485373, rx_ts=86505760080887) request_id=2320424 zil_blk_id=547996 ccf_commit_seqno=2320424 nstreams_done_=137000 config.nstreams=400000 avg_latency=0.7231 ms avg throuhgput (requests/sec) = 900.4365 res=false
*==== INFO ====*  stream_id=549996 latency=0.731128 ms (tx_ts=86506307314849, rx_ts=86506308045977) request_id=2328840 zil_blk_id=549996 ccf_commit_seqno=2328842 nstreams_done_=137500 config.nstreams=400000 avg_latency=0.7231 ms avg throuhgput (requests/sec) = 900.4796 res=false
*==== INFO ====*  stream_id=551996 latency=0.648563 ms (tx_ts=86506835982058, rx_ts=86506836630621) request_id=2337083 zil_blk_id=551996 ccf_commit_seqno=2337083 nstreams_done_=138000 config.nstreams=400000 avg_latency=0.7230 ms avg throuhgput (requests/sec) = 900.6364 res=false
*==== INFO ====*  stream_id=553996 latency=0.705399 ms (tx_ts=86507347712409, rx_ts=86507348417808) request_id=2344072 zil_blk_id=553996 ccf_commit_seqno=2344073 nstreams_done_=138500 config.nstreams=400000 avg_latency=0.7227 ms avg throuhgput (requests/sec) = 900.8905 res=false
*==== INFO ====*  stream_id=555996 latency=0.604782 ms (tx_ts=86507859204724, rx_ts=86507859809506) request_id=2350858 zil_blk_id=555996 ccf_commit_seqno=2350859 nstreams_done_=139000 config.nstreams=400000 avg_latency=0.7226 ms avg throuhgput (requests/sec) = 901.1452 res=false
*==== INFO ====*  stream_id=557996 latency=0.580125 ms (tx_ts=86508373275983, rx_ts=86508373856108) request_id=2357651 zil_blk_id=557996 ccf_commit_seqno=2357651 nstreams_done_=139500 config.nstreams=400000 avg_latency=0.7224 ms avg throuhgput (requests/sec) = 901.3828 res=false
*==== INFO ====*  stream_id=559996 latency=0.606875 ms (tx_ts=86508931292132, rx_ts=86508931899007) request_id=2364432 zil_blk_id=559996 ccf_commit_seqno=2364434 nstreams_done_=140000 config.nstreams=400000 avg_latency=0.7224 ms avg throuhgput (requests/sec) = 901.3634 res=false
*==== INFO ====*  stream_id=561996 latency=0.607673 ms (tx_ts=86509440661660, rx_ts=86509441269333) request_id=2371057 zil_blk_id=561996 ccf_commit_seqno=2371057 nstreams_done_=140500 config.nstreams=400000 avg_latency=0.7223 ms avg throuhgput (requests/sec) = 901.6257 res=false
*==== INFO ====*  stream_id=563996 latency=0.870869 ms (tx_ts=86509963764257, rx_ts=86509964635126) request_id=2377902 zil_blk_id=563996 ccf_commit_seqno=2377904 nstreams_done_=141000 config.nstreams=400000 avg_latency=0.7221 ms avg throuhgput (requests/sec) = 901.8056 res=false
*==== INFO ====*  stream_id=565996 latency=0.774260 ms (tx_ts=86510463915297, rx_ts=86510464689557) request_id=2384589 zil_blk_id=565996 ccf_commit_seqno=2384589 nstreams_done_=141500 config.nstreams=400000 avg_latency=0.7219 ms avg throuhgput (requests/sec) = 902.1183 res=false
*==== INFO ====*  stream_id=567996 latency=0.545260 ms (tx_ts=86511003412389, rx_ts=86511003957649) request_id=2391450 zil_blk_id=567996 ccf_commit_seqno=2391451 nstreams_done_=142000 config.nstreams=400000 avg_latency=0.7218 ms avg throuhgput (requests/sec) = 902.2042 res=false
*==== INFO ====*  stream_id=569996 latency=0.608647 ms (tx_ts=86511514100521, rx_ts=86511514709168) request_id=2398193 zil_blk_id=569996 ccf_commit_seqno=2398193 nstreams_done_=142500 config.nstreams=400000 avg_latency=0.7216 ms avg throuhgput (requests/sec) = 902.4524 res=false
*==== INFO ====*  stream_id=571996 latency=0.870036 ms (tx_ts=86512029117934, rx_ts=86512029987970) request_id=2404939 zil_blk_id=571996 ccf_commit_seqno=2404942 nstreams_done_=143000 config.nstreams=400000 avg_latency=0.7215 ms avg throuhgput (requests/sec) = 902.6732 res=false
*==== INFO ====*  stream_id=573996 latency=0.569304 ms (tx_ts=86512545675367, rx_ts=86512546244671) request_id=2411756 zil_blk_id=573996 ccf_commit_seqno=2411757 nstreams_done_=143500 config.nstreams=400000 avg_latency=0.7213 ms avg throuhgput (requests/sec) = 902.8871 res=false
*==== INFO ====*  stream_id=575996 latency=0.535321 ms (tx_ts=86513081335285, rx_ts=86513081870606) request_id=2418609 zil_blk_id=575996 ccf_commit_seqno=2418609 nstreams_done_=144000 config.nstreams=400000 avg_latency=0.7212 ms avg throuhgput (requests/sec) = 902.9899 res=false
*==== INFO ====*  stream_id=577996 latency=0.635438 ms (tx_ts=86513594465474, rx_ts=86513595100912) request_id=2425332 zil_blk_id=577996 ccf_commit_seqno=2425333 nstreams_done_=144500 config.nstreams=400000 avg_latency=0.7210 ms avg throuhgput (requests/sec) = 903.2184 res=false
*==== INFO ====*  stream_id=579996 latency=0.532695 ms (tx_ts=86514101325681, rx_ts=86514101858376) request_id=2431978 zil_blk_id=579996 ccf_commit_seqno=2431978 nstreams_done_=145000 config.nstreams=400000 avg_latency=0.7209 ms avg throuhgput (requests/sec) = 903.4819 res=false
*==== INFO ====*  stream_id=581996 latency=0.618888 ms (tx_ts=86514625873951, rx_ts=86514626492839) request_id=2438763 zil_blk_id=581996 ccf_commit_seqno=2438766 nstreams_done_=145500 config.nstreams=400000 avg_latency=0.7208 ms avg throuhgput (requests/sec) = 903.6434 res=false
*==== INFO ====*  stream_id=583996 latency=0.688588 ms (tx_ts=86515151792479, rx_ts=86515152481067) request_id=2445679 zil_blk_id=583996 ccf_commit_seqno=2445681 nstreams_done_=146000 config.nstreams=400000 avg_latency=0.7206 ms avg throuhgput (requests/sec) = 903.7962 res=false
*==== INFO ====*  stream_id=585996 latency=0.583658 ms (tx_ts=86515667255418, rx_ts=86515667839076) request_id=2452320 zil_blk_id=585996 ccf_commit_seqno=2452320 nstreams_done_=146500 config.nstreams=400000 avg_latency=0.7205 ms avg throuhgput (requests/sec) = 904.0074 res=false
*==== INFO ====*  stream_id=587996 latency=0.632993 ms (tx_ts=86516174596858, rx_ts=86516175229851) request_id=2459213 zil_blk_id=587996 ccf_commit_seqno=2459215 nstreams_done_=147000 config.nstreams=400000 avg_latency=0.7203 ms avg throuhgput (requests/sec) = 904.2616 res=false
*==== INFO ====*  stream_id=589996 latency=0.586136 ms (tx_ts=86516731936853, rx_ts=86516732522989) request_id=2466555 zil_blk_id=589996 ccf_commit_seqno=2466555 nstreams_done_=147500 config.nstreams=400000 avg_latency=0.7200 ms avg throuhgput (requests/sec) = 904.2374 res=false
*==== INFO ====*  stream_id=591996 latency=0.770842 ms (tx_ts=86517284278156, rx_ts=86517285048998) request_id=2473627 zil_blk_id=591996 ccf_commit_seqno=2473628 nstreams_done_=148000 config.nstreams=400000 avg_latency=0.7198 ms avg throuhgput (requests/sec) = 904.2398 res=false
*==== INFO ====*  stream_id=593996 latency=0.524010 ms (tx_ts=86517841845332, rx_ts=86517842369342) request_id=2480782 zil_blk_id=593996 ccf_commit_seqno=2480782 nstreams_done_=148500 config.nstreams=400000 avg_latency=0.7197 ms avg throuhgput (requests/sec) = 904.2157 res=false
*==== INFO ====*  stream_id=595996 latency=0.556871 ms (tx_ts=86518395190102, rx_ts=86518395746973) request_id=2487867 zil_blk_id=595996 ccf_commit_seqno=2487868 nstreams_done_=149000 config.nstreams=400000 avg_latency=0.7195 ms avg throuhgput (requests/sec) = 904.2134 res=false
*==== INFO ====*  stream_id=597996 latency=0.591807 ms (tx_ts=86518921532181, rx_ts=86518922123988) request_id=2494856 zil_blk_id=597996 ccf_commit_seqno=2494858 nstreams_done_=149500 config.nstreams=400000 avg_latency=0.7192 ms avg throuhgput (requests/sec) = 904.3589 res=false
*==== INFO ====*  stream_id=599996 latency=0.737248 ms (tx_ts=86519451354254, rx_ts=86519452091502) request_id=2501592 zil_blk_id=599996 ccf_commit_seqno=2501593 nstreams_done_=150000 config.nstreams=400000 avg_latency=0.7193 ms avg throuhgput (requests/sec) = 904.4838 res=false
*==== INFO ====*  stream_id=601996 latency=0.630720 ms (tx_ts=86519952242470, rx_ts=86519952873190) request_id=2508326 zil_blk_id=601996 ccf_commit_seqno=2508326 nstreams_done_=150500 config.nstreams=400000 avg_latency=0.7191 ms avg throuhgput (requests/sec) = 904.7667 res=false
*==== INFO ====*  stream_id=603996 latency=0.624177 ms (tx_ts=86520465650437, rx_ts=86520466274614) request_id=2515000 zil_blk_id=603996 ccf_commit_seqno=2515001 nstreams_done_=151000 config.nstreams=400000 avg_latency=0.7190 ms avg throuhgput (requests/sec) = 904.9794 res=false
*==== INFO ====*  stream_id=605996 latency=0.685615 ms (tx_ts=86521000107556, rx_ts=86521000793171) request_id=2521772 zil_blk_id=605996 ccf_commit_seqno=2521772 nstreams_done_=151500 config.nstreams=400000 avg_latency=0.7190 ms avg throuhgput (requests/sec) = 905.0766 res=false
*==== INFO ====*  stream_id=607996 latency=0.541032 ms (tx_ts=86521487319022, rx_ts=86521487860054) request_id=2528314 zil_blk_id=607996 ccf_commit_seqno=2528314 nstreams_done_=152000 config.nstreams=400000 avg_latency=0.7188 ms avg throuhgput (requests/sec) = 905.4290 res=false
*==== INFO ====*  stream_id=609996 latency=0.519231 ms (tx_ts=86521992689405, rx_ts=86521993208636) request_id=2534891 zil_blk_id=609996 ccf_commit_seqno=2534891 nstreams_done_=152500 config.nstreams=400000 avg_latency=0.7187 ms avg throuhgput (requests/sec) = 905.6811 res=false
*==== INFO ====*  stream_id=611996 latency=0.643574 ms (tx_ts=86522499062727, rx_ts=86522499706301) request_id=2541487 zil_blk_id=611996 ccf_commit_seqno=2541487 nstreams_done_=153000 config.nstreams=400000 avg_latency=0.7186 ms avg throuhgput (requests/sec) = 905.9255 res=false
*==== INFO ====*  stream_id=613996 latency=0.631935 ms (tx_ts=86523046976575, rx_ts=86523047608510) request_id=2548119 zil_blk_id=613996 ccf_commit_seqno=2548120 nstreams_done_=153500 config.nstreams=400000 avg_latency=0.7187 ms avg throuhgput (requests/sec) = 905.9470 res=false
*==== INFO ====*  stream_id=615996 latency=0.642613 ms (tx_ts=86523581029651, rx_ts=86523581672264) request_id=2554933 zil_blk_id=615996 ccf_commit_seqno=2554933 nstreams_done_=154000 config.nstreams=400000 avg_latency=0.7187 ms avg throuhgput (requests/sec) = 906.0421 res=false
*==== INFO ====*  stream_id=617996 latency=0.543647 ms (tx_ts=86524146516180, rx_ts=86524147059827) request_id=2561922 zil_blk_id=617996 ccf_commit_seqno=2561922 nstreams_done_=154500 config.nstreams=400000 avg_latency=0.7188 ms avg throuhgput (requests/sec) = 905.9702 res=false
*==== INFO ====*  stream_id=619996 latency=0.613307 ms (tx_ts=86524698091486, rx_ts=86524698704793) request_id=2569277 zil_blk_id=619996 ccf_commit_seqno=2569277 nstreams_done_=155000 config.nstreams=400000 avg_latency=0.7186 ms avg throuhgput (requests/sec) = 905.9715 res=false
*==== INFO ====*  stream_id=621996 latency=1.083837 ms (tx_ts=86525234492350, rx_ts=86525235576187) request_id=2576324 zil_blk_id=621996 ccf_commit_seqno=2576327 nstreams_done_=155500 config.nstreams=400000 avg_latency=0.7185 ms avg throuhgput (requests/sec) = 906.0508 res=false
*==== INFO ====*  stream_id=623996 latency=0.718383 ms (tx_ts=86525807793757, rx_ts=86525808512140) request_id=2583462 zil_blk_id=623996 ccf_commit_seqno=2583464 nstreams_done_=156000 config.nstreams=400000 avg_latency=0.7184 ms avg throuhgput (requests/sec) = 905.9398 res=false
*==== INFO ====*  stream_id=625996 latency=0.584834 ms (tx_ts=86526349954974, rx_ts=86526350539808) request_id=2590645 zil_blk_id=625996 ccf_commit_seqno=2590645 nstreams_done_=156500 config.nstreams=400000 avg_latency=0.7182 ms avg throuhgput (requests/sec) = 905.9917 res=false
*==== INFO ====*  stream_id=627996 latency=0.743230 ms (tx_ts=86526906236472, rx_ts=86526906979702) request_id=2597966 zil_blk_id=627996 ccf_commit_seqno=2597966 nstreams_done_=157000 config.nstreams=400000 avg_latency=0.7181 ms avg throuhgput (requests/sec) = 905.9678 res=false
*==== INFO ====*  stream_id=629996 latency=0.572952 ms (tx_ts=86527484572520, rx_ts=86527485145472) request_id=2605336 zil_blk_id=629996 ccf_commit_seqno=2605336 nstreams_done_=157500 config.nstreams=400000 avg_latency=0.7180 ms avg throuhgput (requests/sec) = 905.8310 res=false
*==== INFO ====*  stream_id=631996 latency=0.707884 ms (tx_ts=86528070850660, rx_ts=86528071558544) request_id=2612970 zil_blk_id=631996 ccf_commit_seqno=2612970 nstreams_done_=158000 config.nstreams=400000 avg_latency=0.7180 ms avg throuhgput (requests/sec) = 905.6522 res=false
*==== INFO ====*  stream_id=633996 latency=0.614238 ms (tx_ts=86528641326952, rx_ts=86528641941190) request_id=2620326 zil_blk_id=633996 ccf_commit_seqno=2620327 nstreams_done_=158500 config.nstreams=400000 avg_latency=0.7178 ms avg throuhgput (requests/sec) = 905.5575 res=false
*==== INFO ====*  stream_id=635996 latency=0.697815 ms (tx_ts=86529190211213, rx_ts=86529190909028) request_id=2627704 zil_blk_id=635996 ccf_commit_seqno=2627706 nstreams_done_=159000 config.nstreams=400000 avg_latency=0.7177 ms avg throuhgput (requests/sec) = 905.5739 res=false
*==== INFO ====*  stream_id=637996 latency=0.615772 ms (tx_ts=86529739504926, rx_ts=86529740120698) request_id=2635069 zil_blk_id=637996 ccf_commit_seqno=2635070 nstreams_done_=159500 config.nstreams=400000 avg_latency=0.7175 ms avg throuhgput (requests/sec) = 905.5889 res=false
*==== INFO ====*  stream_id=639996 latency=0.543527 ms (tx_ts=86530286823593, rx_ts=86530287367120) request_id=2642394 zil_blk_id=639996 ccf_commit_seqno=2642394 nstreams_done_=160000 config.nstreams=400000 avg_latency=0.7172 ms avg throuhgput (requests/sec) = 905.6140 res=false
*==== INFO ====*  stream_id=641996 latency=0.654153 ms (tx_ts=86530839690806, rx_ts=86530840344959) request_id=2649745 zil_blk_id=641996 ccf_commit_seqno=2649745 nstreams_done_=160500 config.nstreams=400000 avg_latency=0.7170 ms avg throuhgput (requests/sec) = 905.6095 res=false
*==== INFO ====*  stream_id=643996 latency=0.622083 ms (tx_ts=86531408866074, rx_ts=86531409488157) request_id=2657117 zil_blk_id=643996 ccf_commit_seqno=2657117 nstreams_done_=161000 config.nstreams=400000 avg_latency=0.7168 ms avg throuhgput (requests/sec) = 905.5228 res=false
*==== INFO ====*  stream_id=645996 latency=0.655536 ms (tx_ts=86531970725132, rx_ts=86531971380668) request_id=2664632 zil_blk_id=645996 ccf_commit_seqno=2664632 nstreams_done_=161500 config.nstreams=400000 avg_latency=0.7166 ms avg throuhgput (requests/sec) = 905.4734 res=false
*==== INFO ====*  stream_id=647996 latency=0.623326 ms (tx_ts=86532522496324, rx_ts=86532523119650) request_id=2671926 zil_blk_id=647996 ccf_commit_seqno=2671926 nstreams_done_=162000 config.nstreams=400000 avg_latency=0.7164 ms avg throuhgput (requests/sec) = 905.4757 res=false
*==== INFO ====*  stream_id=649996 latency=0.620250 ms (tx_ts=86533091919656, rx_ts=86533092539906) request_id=2679305 zil_blk_id=649996 ccf_commit_seqno=2679305 nstreams_done_=162500 config.nstreams=400000 avg_latency=0.7162 ms avg throuhgput (requests/sec) = 905.3888 res=false
*==== INFO ====*  stream_id=651996 latency=0.619719 ms (tx_ts=86533659721275, rx_ts=86533660340994) request_id=2686736 zil_blk_id=651996 ccf_commit_seqno=2686737 nstreams_done_=163000 config.nstreams=400000 avg_latency=0.7161 ms avg throuhgput (requests/sec) = 905.3106 res=false
*==== INFO ====*  stream_id=653996 latency=0.524211 ms (tx_ts=86534211596132, rx_ts=86534212120343) request_id=2694159 zil_blk_id=653996 ccf_commit_seqno=2694159 nstreams_done_=163500 config.nstreams=400000 avg_latency=0.7159 ms avg throuhgput (requests/sec) = 905.3132 res=false
*==== INFO ====*  stream_id=655996 latency=0.786842 ms (tx_ts=86534779696581, rx_ts=86534780483423) request_id=2701445 zil_blk_id=655996 ccf_commit_seqno=2701447 nstreams_done_=164000 config.nstreams=400000 avg_latency=0.7157 ms avg throuhgput (requests/sec) = 905.2329 res=false
*==== INFO ====*  stream_id=657996 latency=0.744092 ms (tx_ts=86535339689202, rx_ts=86535340433294) request_id=2708516 zil_blk_id=657996 ccf_commit_seqno=2708516 nstreams_done_=164500 config.nstreams=400000 avg_latency=0.7155 ms avg throuhgput (requests/sec) = 905.1951 res=false
*==== INFO ====*  stream_id=659996 latency=0.670264 ms (tx_ts=86535893095241, rx_ts=86535893765505) request_id=2715795 zil_blk_id=659996 ccf_commit_seqno=2715796 nstreams_done_=165000 config.nstreams=400000 avg_latency=0.7153 ms avg throuhgput (requests/sec) = 905.1903 res=false
*==== INFO ====*  stream_id=661996 latency=0.755443 ms (tx_ts=86536445991346, rx_ts=86536446746789) request_id=2723134 zil_blk_id=661996 ccf_commit_seqno=2723135 nstreams_done_=165500 config.nstreams=400000 avg_latency=0.7151 ms avg throuhgput (requests/sec) = 905.1872 res=false
*==== INFO ====*  stream_id=663996 latency=0.669152 ms (tx_ts=86537003955302, rx_ts=86537004624454) request_id=2730397 zil_blk_id=663996 ccf_commit_seqno=2730398 nstreams_done_=166000 config.nstreams=400000 avg_latency=0.7149 ms avg throuhgput (requests/sec) = 905.1601 res=false
*==== INFO ====*  stream_id=665996 latency=0.642733 ms (tx_ts=86537542901290, rx_ts=86537543544023) request_id=2737532 zil_blk_id=665996 ccf_commit_seqno=2737532 nstreams_done_=166500 config.nstreams=400000 avg_latency=0.7147 ms avg throuhgput (requests/sec) = 905.2263 res=false
*==== INFO ====*  stream_id=667996 latency=0.694539 ms (tx_ts=86538108884918, rx_ts=86538109579457) request_id=2744787 zil_blk_id=667996 ccf_commit_seqno=2744788 nstreams_done_=167000 config.nstreams=400000 avg_latency=0.7146 ms avg throuhgput (requests/sec) = 905.1592 res=false
*==== INFO ====*  stream_id=669996 latency=0.651358 ms (tx_ts=86538687647362, rx_ts=86538688298720) request_id=2752208 zil_blk_id=669996 ccf_commit_seqno=2752210 nstreams_done_=167500 config.nstreams=400000 avg_latency=0.7144 ms avg throuhgput (requests/sec) = 905.0304 res=false
*==== INFO ====*  stream_id=671996 latency=0.546633 ms (tx_ts=86539314133814, rx_ts=86539314680447) request_id=2759512 zil_blk_id=671996 ccf_commit_seqno=2759512 nstreams_done_=168000 config.nstreams=400000 avg_latency=0.7146 ms avg throuhgput (requests/sec) = 904.6702 res=false
*==== INFO ====*  stream_id=673996 latency=0.504915 ms (tx_ts=86539858366642, rx_ts=86539858871557) request_id=2766689 zil_blk_id=673996 ccf_commit_seqno=2766689 nstreams_done_=168500 config.nstreams=400000 avg_latency=0.7144 ms avg throuhgput (requests/sec) = 904.7115 res=false
*==== INFO ====*  stream_id=675996 latency=0.646148 ms (tx_ts=86540410742725, rx_ts=86540411388873) request_id=2774077 zil_blk_id=675996 ccf_commit_seqno=2774079 nstreams_done_=169000 config.nstreams=400000 avg_latency=0.7142 ms avg throuhgput (requests/sec) = 904.7122 res=false
*==== INFO ====*  stream_id=677996 latency=0.530813 ms (tx_ts=86541005560943, rx_ts=86541006091756) request_id=2781626 zil_blk_id=677996 ccf_commit_seqno=2781626 nstreams_done_=169500 config.nstreams=400000 avg_latency=0.7142 ms avg throuhgput (requests/sec) = 904.5092 res=false
*==== INFO ====*  stream_id=679996 latency=0.724675 ms (tx_ts=86541580620175, rx_ts=86541581344850) request_id=2789047 zil_blk_id=679996 ccf_commit_seqno=2789049 nstreams_done_=170000 config.nstreams=400000 avg_latency=0.7141 ms avg throuhgput (requests/sec) = 904.4011 res=false
*==== INFO ====*  stream_id=681996 latency=0.616182 ms (tx_ts=86542154312364, rx_ts=86542154928546) request_id=2796661 zil_blk_id=681996 ccf_commit_seqno=2796661 nstreams_done_=170500 config.nstreams=400000 avg_latency=0.7139 ms avg throuhgput (requests/sec) = 904.3016 res=false
*==== INFO ====*  stream_id=683996 latency=0.565337 ms (tx_ts=86542701093984, rx_ts=86542701659321) request_id=2803844 zil_blk_id=683996 ccf_commit_seqno=2803844 nstreams_done_=171000 config.nstreams=400000 avg_latency=0.7137 ms avg throuhgput (requests/sec) = 904.3312 res=false
*==== INFO ====*  stream_id=685996 latency=0.598329 ms (tx_ts=86543282345820, rx_ts=86543282944149) request_id=2811249 zil_blk_id=685996 ccf_commit_seqno=2811249 nstreams_done_=171500 config.nstreams=400000 avg_latency=0.7136 ms avg throuhgput (requests/sec) = 904.1958 res=false
*==== INFO ====*  stream_id=687996 latency=0.667165 ms (tx_ts=86543833304172, rx_ts=86543833971337) request_id=2818371 zil_blk_id=687996 ccf_commit_seqno=2818373 nstreams_done_=172000 config.nstreams=400000 avg_latency=0.7134 ms avg throuhgput (requests/sec) = 904.2051 res=false
*==== INFO ====*  stream_id=689996 latency=0.548465 ms (tx_ts=86544321340377, rx_ts=86544321888842) request_id=2825017 zil_blk_id=689996 ccf_commit_seqno=2825017 nstreams_done_=172500 config.nstreams=400000 avg_latency=0.7132 ms avg throuhgput (requests/sec) = 904.5136 res=false
*==== INFO ====*  stream_id=691996 latency=0.545480 ms (tx_ts=86544833990060, rx_ts=86544834535540) request_id=2831724 zil_blk_id=691996 ccf_commit_seqno=2831724 nstreams_done_=173000 config.nstreams=400000 avg_latency=0.7131 ms avg throuhgput (requests/sec) = 904.7034 res=false
*==== INFO ====*  stream_id=693996 latency=0.658251 ms (tx_ts=86545344908909, rx_ts=86545345567160) request_id=2838403 zil_blk_id=693996 ccf_commit_seqno=2838405 nstreams_done_=173500 config.nstreams=400000 avg_latency=0.7130 ms avg throuhgput (requests/sec) = 904.8999 res=false
*==== INFO ====*  stream_id=695996 latency=0.909875 ms (tx_ts=86545895034153, rx_ts=86545895944028) request_id=2845054 zil_blk_id=695996 ccf_commit_seqno=2845062 nstreams_done_=174000 config.nstreams=400000 avg_latency=0.7132 ms avg throuhgput (requests/sec) = 904.9101 res=false
*==== INFO ====*  stream_id=697996 latency=0.736217 ms (tx_ts=86546433810381, rx_ts=86546434546598) request_id=2851736 zil_blk_id=697996 ccf_commit_seqno=2851737 nstreams_done_=174500 config.nstreams=400000 avg_latency=0.7132 ms avg throuhgput (requests/sec) = 904.9755 res=false
*==== INFO ====*  stream_id=699996 latency=0.834961 ms (tx_ts=86546965900188, rx_ts=86546966735149) request_id=2858331 zil_blk_id=699996 ccf_commit_seqno=2858335 nstreams_done_=175000 config.nstreams=400000 avg_latency=0.7133 ms avg throuhgput (requests/sec) = 905.0706 res=false
*==== INFO ====*  stream_id=701996 latency=0.568413 ms (tx_ts=86547466963001, rx_ts=86547467531414) request_id=2865028 zil_blk_id=701996 ccf_commit_seqno=2865029 nstreams_done_=175500 config.nstreams=400000 avg_latency=0.7131 ms avg throuhgput (requests/sec) = 905.3117 res=false
*==== INFO ====*  stream_id=703996 latency=0.587289 ms (tx_ts=86548028297030, rx_ts=86548028884319) request_id=2871800 zil_blk_id=703996 ccf_commit_seqno=2871800 nstreams_done_=176000 config.nstreams=400000 avg_latency=0.7132 ms avg throuhgput (requests/sec) = 905.2695 res=false
*==== INFO ====*  stream_id=705996 latency=0.763154 ms (tx_ts=86548561181911, rx_ts=86548561945065) request_id=2878531 zil_blk_id=705996 ccf_commit_seqno=2878532 nstreams_done_=176500 config.nstreams=400000 avg_latency=0.7132 ms avg throuhgput (requests/sec) = 905.3590 res=false
*==== INFO ====*  stream_id=707996 latency=0.666958 ms (tx_ts=86549088098846, rx_ts=86549088765804) request_id=2885249 zil_blk_id=707996 ccf_commit_seqno=2885249 nstreams_done_=177000 config.nstreams=400000 avg_latency=0.7132 ms avg throuhgput (requests/sec) = 905.4768 res=false
*==== INFO ====*  stream_id=709996 latency=0.688468 ms (tx_ts=86549631357849, rx_ts=86549632046317) request_id=2892067 zil_blk_id=709996 ccf_commit_seqno=2892067 nstreams_done_=177500 config.nstreams=400000 avg_latency=0.7132 ms avg throuhgput (requests/sec) = 905.5180 res=false
*==== INFO ====*  stream_id=711996 latency=0.625704 ms (tx_ts=86550156094301, rx_ts=86550156720005) request_id=2898865 zil_blk_id=711996 ccf_commit_seqno=2898867 nstreams_done_=178000 config.nstreams=400000 avg_latency=0.7132 ms avg throuhgput (requests/sec) = 905.6447 res=false
*==== INFO ====*  stream_id=713996 latency=0.608895 ms (tx_ts=86550689565728, rx_ts=86550690174623) request_id=2905785 zil_blk_id=713996 ccf_commit_seqno=2905785 nstreams_done_=178500 config.nstreams=400000 avg_latency=0.7131 ms avg throuhgput (requests/sec) = 905.7303 res=false
*==== INFO ====*  stream_id=715996 latency=0.792552 ms (tx_ts=86551215588818, rx_ts=86551216381370) request_id=2912710 zil_blk_id=715996 ccf_commit_seqno=2912710 nstreams_done_=179000 config.nstreams=400000 avg_latency=0.7130 ms avg throuhgput (requests/sec) = 905.8487 res=false
*==== INFO ====*  stream_id=717996 latency=0.567972 ms (tx_ts=86551714374450, rx_ts=86551714942422) request_id=2919272 zil_blk_id=717996 ccf_commit_seqno=2919272 nstreams_done_=179500 config.nstreams=400000 avg_latency=0.7128 ms avg throuhgput (requests/sec) = 906.0929 res=false
*==== INFO ====*  stream_id=719996 latency=0.660044 ms (tx_ts=86552234157734, rx_ts=86552234817778) request_id=2926086 zil_blk_id=719996 ccf_commit_seqno=2926086 nstreams_done_=180000 config.nstreams=400000 avg_latency=0.7128 ms avg throuhgput (requests/sec) = 906.2387 res=false
*==== INFO ====*  stream_id=721996 latency=0.749201 ms (tx_ts=86552745121789, rx_ts=86552745870990) request_id=2932784 zil_blk_id=721996 ccf_commit_seqno=2932786 nstreams_done_=180500 config.nstreams=400000 avg_latency=0.7127 ms avg throuhgput (requests/sec) = 906.4238 res=false
*==== INFO ====*  stream_id=723996 latency=0.708245 ms (tx_ts=86553287518834, rx_ts=86553288227079) request_id=2939835 zil_blk_id=723996 ccf_commit_seqno=2939837 nstreams_done_=181000 config.nstreams=400000 avg_latency=0.7126 ms avg throuhgput (requests/sec) = 906.4658 res=false
*==== INFO ====*  stream_id=725996 latency=0.674402 ms (tx_ts=86553868904799, rx_ts=86553869579201) request_id=2947429 zil_blk_id=725996 ccf_commit_seqno=2947431 nstreams_done_=181500 config.nstreams=400000 avg_latency=0.7125 ms avg throuhgput (requests/sec) = 906.3311 res=false
*==== INFO ====*  stream_id=727996 latency=0.639276 ms (tx_ts=86554479018168, rx_ts=86554479657444) request_id=2954850 zil_blk_id=727996 ccf_commit_seqno=2954851 nstreams_done_=182000 config.nstreams=400000 avg_latency=0.7126 ms avg throuhgput (requests/sec) = 906.0676 res=false
*==== INFO ====*  stream_id=729996 latency=0.666497 ms (tx_ts=86555076035691, rx_ts=86555076702188) request_id=2962486 zil_blk_id=729996 ccf_commit_seqno=2962489 nstreams_done_=182500 config.nstreams=400000 avg_latency=0.7126 ms avg throuhgput (requests/sec) = 905.8643 res=false
*==== INFO ====*  stream_id=731996 latency=0.623627 ms (tx_ts=86555657661376, rx_ts=86555658285003) request_id=2970028 zil_blk_id=731996 ccf_commit_seqno=2970028 nstreams_done_=183000 config.nstreams=400000 avg_latency=0.7124 ms avg throuhgput (requests/sec) = 905.7315 res=false
*==== INFO ====*  stream_id=733996 latency=0.723543 ms (tx_ts=86556234339079, rx_ts=86556235062622) request_id=2977542 zil_blk_id=733996 ccf_commit_seqno=2977544 nstreams_done_=183500 config.nstreams=400000 avg_latency=0.7124 ms avg throuhgput (requests/sec) = 905.6209 res=false
*==== INFO ====*  stream_id=735996 latency=0.648023 ms (tx_ts=86556777422372, rx_ts=86556778070395) request_id=2984608 zil_blk_id=735996 ccf_commit_seqno=2984609 nstreams_done_=184000 config.nstreams=400000 avg_latency=0.7124 ms avg throuhgput (requests/sec) = 905.6615 res=false
*==== INFO ====*  stream_id=737996 latency=0.663852 ms (tx_ts=86557323422979, rx_ts=86557324086831) request_id=2991647 zil_blk_id=737996 ccf_commit_seqno=2991650 nstreams_done_=184500 config.nstreams=400000 avg_latency=0.7124 ms avg throuhgput (requests/sec) = 905.6884 res=false
*==== INFO ====*  stream_id=739996 latency=0.582422 ms (tx_ts=86557843928284, rx_ts=86557844510706) request_id=2998490 zil_blk_id=739996 ccf_commit_seqno=2998490 nstreams_done_=185000 config.nstreams=400000 avg_latency=0.7123 ms avg throuhgput (requests/sec) = 905.8287 res=false
*==== INFO ====*  stream_id=741996 latency=0.760993 ms (tx_ts=86558370188797, rx_ts=86558370949790) request_id=3005163 zil_blk_id=741996 ccf_commit_seqno=3005166 nstreams_done_=185500 config.nstreams=400000 avg_latency=0.7123 ms avg throuhgput (requests/sec) = 905.9417 res=false
*==== INFO ====*  stream_id=743996 latency=0.654003 ms (tx_ts=86558872555636, rx_ts=86558873209639) request_id=3011836 zil_blk_id=743996 ccf_commit_seqno=3011836 nstreams_done_=186000 config.nstreams=400000 avg_latency=0.7121 ms avg throuhgput (requests/sec) = 906.1609 res=false
*==== INFO ====*  stream_id=745996 latency=0.587769 ms (tx_ts=86559355244064, rx_ts=86559355831833) request_id=3018411 zil_blk_id=745996 ccf_commit_seqno=3018412 nstreams_done_=186500 config.nstreams=400000 avg_latency=0.7119 ms avg throuhgput (requests/sec) = 906.4655 res=false
*==== INFO ====*  stream_id=747996 latency=0.584350 ms (tx_ts=86559862750065, rx_ts=86559863334415) request_id=3025166 zil_blk_id=747996 ccf_commit_seqno=3025166 nstreams_done_=187000 config.nstreams=400000 avg_latency=0.7118 ms avg throuhgput (requests/sec) = 906.6592 res=false
*==== INFO ====*  stream_id=749996 latency=0.719032 ms (tx_ts=86560357844350, rx_ts=86560358563382) request_id=3031925 zil_blk_id=749996 ccf_commit_seqno=3031926 nstreams_done_=187500 config.nstreams=400000 avg_latency=0.7116 ms avg throuhgput (requests/sec) = 906.9059 res=false
*==== INFO ====*  stream_id=751996 latency=0.672408 ms (tx_ts=86560870393380, rx_ts=86560871065788) request_id=3038825 zil_blk_id=751996 ccf_commit_seqno=3038825 nstreams_done_=188000 config.nstreams=400000 avg_latency=0.7114 ms avg throuhgput (requests/sec) = 907.0758 res=false
*==== INFO ====*  stream_id=753996 latency=0.687726 ms (tx_ts=86561398392447, rx_ts=86561399080173) request_id=3045719 zil_blk_id=753996 ccf_commit_seqno=3045721 nstreams_done_=188500 config.nstreams=400000 avg_latency=0.7113 ms avg throuhgput (requests/sec) = 907.1771 res=false
*==== INFO ====*  stream_id=755996 latency=0.604281 ms (tx_ts=86561914754119, rx_ts=86561915358400) request_id=3052681 zil_blk_id=755996 ccf_commit_seqno=3052682 nstreams_done_=189000 config.nstreams=400000 avg_latency=0.7112 ms avg throuhgput (requests/sec) = 907.3290 res=false
*==== INFO ====*  stream_id=757996 latency=0.897422 ms (tx_ts=86562423999055, rx_ts=86562424896477) request_id=3059442 zil_blk_id=757996 ccf_commit_seqno=3059445 nstreams_done_=189500 config.nstreams=400000 avg_latency=0.7111 ms avg throuhgput (requests/sec) = 907.5095 res=false
*==== INFO ====*  stream_id=759996 latency=0.652871 ms (tx_ts=86562982083954, rx_ts=86562982736825) request_id=3066546 zil_blk_id=759996 ccf_commit_seqno=3066547 nstreams_done_=190000 config.nstreams=400000 avg_latency=0.7111 ms avg throuhgput (requests/sec) = 907.4796 res=false
*==== INFO ====*  stream_id=761996 latency=0.608158 ms (tx_ts=86563516191209, rx_ts=86563516799367) request_id=3073485 zil_blk_id=761996 ccf_commit_seqno=3073486 nstreams_done_=190500 config.nstreams=400000 avg_latency=0.7111 ms avg throuhgput (requests/sec) = 907.5527 res=false
*==== INFO ====*  stream_id=763996 latency=0.590023 ms (tx_ts=86564063890922, rx_ts=86564064480945) request_id=3080889 zil_blk_id=763996 ccf_commit_seqno=3080889 nstreams_done_=191000 config.nstreams=400000 avg_latency=0.7108 ms avg throuhgput (requests/sec) = 907.5668 res=false
*==== INFO ====*  stream_id=765996 latency=0.690572 ms (tx_ts=86564611706200, rx_ts=86564612396772) request_id=3088199 zil_blk_id=765996 ccf_commit_seqno=3088199 nstreams_done_=191500 config.nstreams=400000 avg_latency=0.7107 ms avg throuhgput (requests/sec) = 907.5797 res=false
*==== INFO ====*  stream_id=767996 latency=0.753640 ms (tx_ts=86565184621333, rx_ts=86565185374973) request_id=3095501 zil_blk_id=767996 ccf_commit_seqno=3095503 nstreams_done_=192000 config.nstreams=400000 avg_latency=0.7106 ms avg throuhgput (requests/sec) = 907.4851 res=false
*==== INFO ====*  stream_id=769996 latency=0.720287 ms (tx_ts=86565740334854, rx_ts=86565741055141) request_id=3102702 zil_blk_id=769996 ccf_commit_seqno=3102703 nstreams_done_=192500 config.nstreams=400000 avg_latency=0.7105 ms avg throuhgput (requests/sec) = 907.4649 res=false
*==== INFO ====*  stream_id=771996 latency=0.618226 ms (tx_ts=86566292890824, rx_ts=86566293509050) request_id=3109865 zil_blk_id=771996 ccf_commit_seqno=3109865 nstreams_done_=193000 config.nstreams=400000 avg_latency=0.7103 ms avg throuhgput (requests/sec) = 907.4587 res=false
*==== INFO ====*  stream_id=773996 latency=0.568533 ms (tx_ts=86566859043906, rx_ts=86566859612439) request_id=3117159 zil_blk_id=773996 ccf_commit_seqno=3117159 nstreams_done_=193500 config.nstreams=400000 avg_latency=0.7103 ms avg throuhgput (requests/sec) = 907.3943 res=false
*==== INFO ====*  stream_id=775996 latency=0.552193 ms (tx_ts=86567391911717, rx_ts=86567392463910) request_id=3124252 zil_blk_id=775996 ccf_commit_seqno=3124252 nstreams_done_=194000 config.nstreams=400000 avg_latency=0.7101 ms avg throuhgput (requests/sec) = 907.4715 res=false
*==== INFO ====*  stream_id=777996 latency=0.595286 ms (tx_ts=86567944936829, rx_ts=86567945532115) request_id=3131416 zil_blk_id=777996 ccf_commit_seqno=3131416 nstreams_done_=194500 config.nstreams=400000 avg_latency=0.7101 ms avg throuhgput (requests/sec) = 907.4627 res=false
*==== INFO ====*  stream_id=779996 latency=0.702494 ms (tx_ts=86568480327981, rx_ts=86568481030475) request_id=3138298 zil_blk_id=779996 ccf_commit_seqno=3138299 nstreams_done_=195000 config.nstreams=400000 avg_latency=0.7101 ms avg throuhgput (requests/sec) = 907.5281 res=false
*==== INFO ====*  stream_id=781996 latency=0.557062 ms (tx_ts=86569003187963, rx_ts=86569003745025) request_id=3145061 zil_blk_id=781996 ccf_commit_seqno=3145062 nstreams_done_=195500 config.nstreams=400000 avg_latency=0.7101 ms avg throuhgput (requests/sec) = 907.6470 res=false
*==== INFO ====*  stream_id=783996 latency=0.532429 ms (tx_ts=86569496117221, rx_ts=86569496649650) request_id=3151721 zil_blk_id=783996 ccf_commit_seqno=3151721 nstreams_done_=196000 config.nstreams=400000 avg_latency=0.7100 ms avg throuhgput (requests/sec) = 907.8908 res=false
*==== INFO ====*  stream_id=785996 latency=0.680005 ms (tx_ts=86570004087498, rx_ts=86570004767503) request_id=3158534 zil_blk_id=785996 ccf_commit_seqno=3158535 nstreams_done_=196500 config.nstreams=400000 avg_latency=0.7099 ms avg throuhgput (requests/sec) = 908.0695 res=false
*==== INFO ====*  stream_id=787996 latency=0.518650 ms (tx_ts=86570488113058, rx_ts=86570488631708) request_id=3165007 zil_blk_id=787996 ccf_commit_seqno=3165007 nstreams_done_=197000 config.nstreams=400000 avg_latency=0.7097 ms avg throuhgput (requests/sec) = 908.3490 res=false
*==== INFO ====*  stream_id=789996 latency=0.594588 ms (tx_ts=86570993974812, rx_ts=86570994569400) request_id=3171768 zil_blk_id=789996 ccf_commit_seqno=3171768 nstreams_done_=197500 config.nstreams=400000 avg_latency=0.7096 ms avg throuhgput (requests/sec) = 908.5350 res=false
*==== INFO ====*  stream_id=791996 latency=0.736323 ms (tx_ts=86571532322093, rx_ts=86571533058416) request_id=3178554 zil_blk_id=791996 ccf_commit_seqno=3178556 nstreams_done_=198000 config.nstreams=400000 avg_latency=0.7096 ms avg throuhgput (requests/sec) = 908.5844 res=false
*==== INFO ====*  stream_id=793996 latency=0.785570 ms (tx_ts=86572061040537, rx_ts=86572061826107) request_id=3185369 zil_blk_id=793996 ccf_commit_seqno=3185369 nstreams_done_=198500 config.nstreams=400000 avg_latency=0.7096 ms avg throuhgput (requests/sec) = 908.6740 res=false
*==== INFO ====*  stream_id=795996 latency=0.623986 ms (tx_ts=86572578797387, rx_ts=86572579421373) request_id=3192395 zil_blk_id=795996 ccf_commit_seqno=3192395 nstreams_done_=199000 config.nstreams=400000 avg_latency=0.7095 ms avg throuhgput (requests/sec) = 908.8095 res=false
*==== INFO ====*  stream_id=797996 latency=0.645607 ms (tx_ts=86573109093764, rx_ts=86573109739371) request_id=3199197 zil_blk_id=797996 ccf_commit_seqno=3199199 nstreams_done_=199500 config.nstreams=400000 avg_latency=0.7094 ms avg throuhgput (requests/sec) = 908.8917 res=false
*==== INFO ====*  stream_id=799996 latency=0.992369 ms (tx_ts=86573666128825, rx_ts=86573667121194) request_id=3206044 zil_blk_id=799996 ccf_commit_seqno=3206048 nstreams_done_=200000 config.nstreams=400000 avg_latency=0.7095 ms avg throuhgput (requests/sec) = 908.8617 res=false
*==== INFO ====*  stream_id=801996 latency=0.765542 ms (tx_ts=86574189162151, rx_ts=86574189927693) request_id=3212881 zil_blk_id=801996 ccf_commit_seqno=3212881 nstreams_done_=200500 config.nstreams=400000 avg_latency=0.7095 ms avg throuhgput (requests/sec) = 908.9743 res=false
*==== INFO ====*  stream_id=803996 latency=0.607215 ms (tx_ts=86574699423213, rx_ts=86574700030428) request_id=3219521 zil_blk_id=803996 ccf_commit_seqno=3219521 nstreams_done_=201000 config.nstreams=400000 avg_latency=0.7094 ms avg throuhgput (requests/sec) = 909.1387 res=false
*==== INFO ====*  stream_id=805996 latency=0.653536 ms (tx_ts=86575213874253, rx_ts=86575214527789) request_id=3226342 zil_blk_id=805996 ccf_commit_seqno=3226342 nstreams_done_=201500 config.nstreams=400000 avg_latency=0.7094 ms avg throuhgput (requests/sec) = 909.2842 res=false
*==== INFO ====*  stream_id=807996 latency=0.538243 ms (tx_ts=86575712216442, rx_ts=86575712754685) request_id=3232960 zil_blk_id=807996 ccf_commit_seqno=3232960 nstreams_done_=202000 config.nstreams=400000 avg_latency=0.7092 ms avg throuhgput (requests/sec) = 909.4957 res=false
*==== INFO ====*  stream_id=809996 latency=0.682757 ms (tx_ts=86576233736639, rx_ts=86576234419396) request_id=3239835 zil_blk_id=809996 ccf_commit_seqno=3239838 nstreams_done_=202500 config.nstreams=400000 avg_latency=0.7091 ms avg throuhgput (requests/sec) = 909.6104 res=false
*==== INFO ====*  stream_id=811996 latency=0.672328 ms (tx_ts=86576771461791, rx_ts=86576772134119) request_id=3246991 zil_blk_id=811996 ccf_commit_seqno=3246993 nstreams_done_=203000 config.nstreams=400000 avg_latency=0.7091 ms avg throuhgput (requests/sec) = 909.6592 res=false
*==== INFO ====*  stream_id=813996 latency=0.556641 ms (tx_ts=86577284550124, rx_ts=86577285106765) request_id=3253638 zil_blk_id=813996 ccf_commit_seqno=3253638 nstreams_done_=203500 config.nstreams=400000 avg_latency=0.7090 ms avg throuhgput (requests/sec) = 909.8084 res=false
*==== INFO ====*  stream_id=815996 latency=0.656959 ms (tx_ts=86577833379355, rx_ts=86577834036314) request_id=3260426 zil_blk_id=815996 ccf_commit_seqno=3260427 nstreams_done_=204000 config.nstreams=400000 avg_latency=0.7091 ms avg throuhgput (requests/sec) = 909.8110 res=false
*==== INFO ====*  stream_id=817996 latency=0.708956 ms (tx_ts=86578351247030, rx_ts=86578351955986) request_id=3267195 zil_blk_id=817996 ccf_commit_seqno=3267196 nstreams_done_=204500 config.nstreams=400000 avg_latency=0.7091 ms avg throuhgput (requests/sec) = 909.9391 res=false
*==== INFO ====*  stream_id=819996 latency=0.812701 ms (tx_ts=86578891346798, rx_ts=86578892159499) request_id=3273953 zil_blk_id=819996 ccf_commit_seqno=3273955 nstreams_done_=205000 config.nstreams=400000 avg_latency=0.7092 ms avg throuhgput (requests/sec) = 909.9766 res=false
*==== INFO ====*  stream_id=821996 latency=0.882010 ms (tx_ts=86579423504242, rx_ts=86579424386252) request_id=3280894 zil_blk_id=821996 ccf_commit_seqno=3280898 nstreams_done_=205500 config.nstreams=400000 avg_latency=0.7091 ms avg throuhgput (requests/sec) = 910.0461 res=false
*==== INFO ====*  stream_id=823996 latency=0.545781 ms (tx_ts=86579936278038, rx_ts=86579936823819) request_id=3287875 zil_blk_id=823996 ccf_commit_seqno=3287875 nstreams_done_=206000 config.nstreams=400000 avg_latency=0.7090 ms avg throuhgput (requests/sec) = 910.1948 res=false
*==== INFO ====*  stream_id=825996 latency=0.591997 ms (tx_ts=86580436735230, rx_ts=86580437327227) request_id=3294647 zil_blk_id=825996 ccf_commit_seqno=3294648 nstreams_done_=206500 config.nstreams=400000 avg_latency=0.7089 ms avg throuhgput (requests/sec) = 910.3907 res=false
*==== INFO ====*  stream_id=827996 latency=0.528749 ms (tx_ts=86580987902005, rx_ts=86580988430754) request_id=3301470 zil_blk_id=827996 ccf_commit_seqno=3301470 nstreams_done_=207000 config.nstreams=400000 avg_latency=0.7089 ms avg throuhgput (requests/sec) = 910.3832 res=false
*==== INFO ====*  stream_id=829996 latency=0.573823 ms (tx_ts=86581506871718, rx_ts=86581507445541) request_id=3308166 zil_blk_id=829996 ccf_commit_seqno=3308166 nstreams_done_=207500 config.nstreams=400000 avg_latency=0.7088 ms avg throuhgput (requests/sec) = 910.5038 res=false
*==== INFO ====*  stream_id=831996 latency=0.659523 ms (tx_ts=86582064037856, rx_ts=86582064697379) request_id=3315236 zil_blk_id=831996 ccf_commit_seqno=3315237 nstreams_done_=208000 config.nstreams=400000 avg_latency=0.7089 ms avg throuhgput (requests/sec) = 910.4715 res=false
*==== INFO ====*  stream_id=833996 latency=0.692201 ms (tx_ts=86582619075475, rx_ts=86582619767676) request_id=3322223 zil_blk_id=833996 ccf_commit_seqno=3322224 nstreams_done_=208500 config.nstreams=400000 avg_latency=0.7089 ms avg throuhgput (requests/sec) = 910.4481 res=false
*==== INFO ====*  stream_id=835996 latency=0.620247 ms (tx_ts=86583171455299, rx_ts=86583172075546) request_id=3329193 zil_blk_id=835996 ccf_commit_seqno=3329193 nstreams_done_=209000 config.nstreams=400000 avg_latency=0.7089 ms avg throuhgput (requests/sec) = 910.4357 res=false
*==== INFO ====*  stream_id=837996 latency=0.662792 ms (tx_ts=86583738217366, rx_ts=86583738880158) request_id=3336343 zil_blk_id=837996 ccf_commit_seqno=3336343 nstreams_done_=209500 config.nstreams=400000 avg_latency=0.7090 ms avg throuhgput (requests/sec) = 910.3660 res=false
*==== INFO ====*  stream_id=839996 latency=0.622264 ms (tx_ts=86584257619942, rx_ts=86584258242206) request_id=3343297 zil_blk_id=839996 ccf_commit_seqno=3343297 nstreams_done_=210000 config.nstreams=400000 avg_latency=0.7090 ms avg throuhgput (requests/sec) = 910.4838 res=false
*==== INFO ====*  stream_id=841996 latency=0.816858 ms (tx_ts=86584774107362, rx_ts=86584774924220) request_id=3350095 zil_blk_id=841996 ccf_commit_seqno=3350096 nstreams_done_=210500 config.nstreams=400000 avg_latency=0.7089 ms avg throuhgput (requests/sec) = 910.6118 res=false
*==== INFO ====*  stream_id=843996 latency=0.648644 ms (tx_ts=86585273379616, rx_ts=86585274028260) request_id=3356781 zil_blk_id=843996 ccf_commit_seqno=3356783 nstreams_done_=211000 config.nstreams=400000 avg_latency=0.7088 ms avg throuhgput (requests/sec) = 910.8082 res=false
*==== INFO ====*  stream_id=845996 latency=0.654104 ms (tx_ts=86585777264024, rx_ts=86585777918128) request_id=3363369 zil_blk_id=845996 ccf_commit_seqno=3363370 nstreams_done_=211500 config.nstreams=400000 avg_latency=0.7088 ms avg throuhgput (requests/sec) = 910.9850 res=false
*==== INFO ====*  stream_id=847996 latency=0.664863 ms (tx_ts=86586270668301, rx_ts=86586271333164) request_id=3369888 zil_blk_id=847996 ccf_commit_seqno=3369891 nstreams_done_=212000 config.nstreams=400000 avg_latency=0.7087 ms avg throuhgput (requests/sec) = 911.2021 res=false
*==== INFO ====*  stream_id=849996 latency=0.607781 ms (tx_ts=86586771169116, rx_ts=86586771776897) request_id=3376545 zil_blk_id=849996 ccf_commit_seqno=3376545 nstreams_done_=212500 config.nstreams=400000 avg_latency=0.7085 ms avg throuhgput (requests/sec) = 911.3908 res=false
*==== INFO ====*  stream_id=851996 latency=0.553746 ms (tx_ts=86587292383690, rx_ts=86587292937436) request_id=3383426 zil_blk_id=851996 ccf_commit_seqno=3383426 nstreams_done_=213000 config.nstreams=400000 avg_latency=0.7085 ms avg throuhgput (requests/sec) = 911.4979 res=false
*==== INFO ====*  stream_id=853996 latency=0.555856 ms (tx_ts=86587812302668, rx_ts=86587812858524) request_id=3390269 zil_blk_id=853996 ccf_commit_seqno=3390269 nstreams_done_=213500 config.nstreams=400000 avg_latency=0.7084 ms avg throuhgput (requests/sec) = 911.6093 res=false
*==== INFO ====*  stream_id=855996 latency=0.657009 ms (tx_ts=86588350090416, rx_ts=86588350747425) request_id=3397052 zil_blk_id=855996 ccf_commit_seqno=3397053 nstreams_done_=214000 config.nstreams=400000 avg_latency=0.7084 ms avg throuhgput (requests/sec) = 911.6504 res=false
*==== INFO ====*  stream_id=857996 latency=0.757697 ms (tx_ts=86588873206313, rx_ts=86588873964010) request_id=3403874 zil_blk_id=857996 ccf_commit_seqno=3403877 nstreams_done_=214500 config.nstreams=400000 avg_latency=0.7084 ms avg throuhgput (requests/sec) = 911.7482 res=false
*==== INFO ====*  stream_id=859996 latency=0.897719 ms (tx_ts=86589389501469, rx_ts=86589390399188) request_id=3410665 zil_blk_id=859996 ccf_commit_seqno=3410668 nstreams_done_=215000 config.nstreams=400000 avg_latency=0.7083 ms avg throuhgput (requests/sec) = 911.8718 res=false
*==== INFO ====*  stream_id=861996 latency=0.614192 ms (tx_ts=86589932109252, rx_ts=86589932723444) request_id=3417641 zil_blk_id=861996 ccf_commit_seqno=3417641 nstreams_done_=215500 config.nstreams=400000 avg_latency=0.7083 ms avg throuhgput (requests/sec) = 911.8950 res=false
*==== INFO ====*  stream_id=863996 latency=0.733579 ms (tx_ts=86590426131277, rx_ts=86590426864856) request_id=3424243 zil_blk_id=863996 ccf_commit_seqno=3424244 nstreams_done_=216000 config.nstreams=400000 avg_latency=0.7082 ms avg throuhgput (requests/sec) = 912.1035 res=false
*==== INFO ====*  stream_id=865996 latency=1.237589 ms (tx_ts=86590945809989, rx_ts=86590947047578) request_id=3430895 zil_blk_id=865996 ccf_commit_seqno=3430897 nstreams_done_=216500 config.nstreams=400000 avg_latency=0.7082 ms avg throuhgput (requests/sec) = 912.2111 res=false
*==== INFO ====*  stream_id=867996 latency=0.726485 ms (tx_ts=86591441351422, rx_ts=86591442077907) request_id=3437580 zil_blk_id=867996 ccf_commit_seqno=3437581 nstreams_done_=217000 config.nstreams=400000 avg_latency=0.7080 ms avg throuhgput (requests/sec) = 912.4148 res=false
*==== INFO ====*  stream_id=869996 latency=0.576168 ms (tx_ts=86591939904374, rx_ts=86591940480542) request_id=3444217 zil_blk_id=869996 ccf_commit_seqno=3444217 nstreams_done_=217500 config.nstreams=400000 avg_latency=0.7079 ms avg throuhgput (requests/sec) = 912.6046 res=false
*==== INFO ====*  stream_id=871996 latency=0.606160 ms (tx_ts=86592479568023, rx_ts=86592480174183) request_id=3451006 zil_blk_id=871996 ccf_commit_seqno=3451006 nstreams_done_=218000 config.nstreams=400000 avg_latency=0.7080 ms avg throuhgput (requests/sec) = 912.6359 res=false
*==== INFO ====*  stream_id=873996 latency=0.691073 ms (tx_ts=86593010666510, rx_ts=86593011357583) request_id=3458060 zil_blk_id=873996 ccf_commit_seqno=3458063 nstreams_done_=218500 config.nstreams=400000 avg_latency=0.7079 ms avg throuhgput (requests/sec) = 912.6995 res=false
*==== INFO ====*  stream_id=875996 latency=0.599000 ms (tx_ts=86593570298504, rx_ts=86593570897504) request_id=3465146 zil_blk_id=875996 ccf_commit_seqno=3465147 nstreams_done_=219000 config.nstreams=400000 avg_latency=0.7080 ms avg throuhgput (requests/sec) = 912.6550 res=false
*==== INFO ====*  stream_id=877996 latency=0.710469 ms (tx_ts=86594106100886, rx_ts=86594106811355) request_id=3472336 zil_blk_id=877996 ccf_commit_seqno=3472337 nstreams_done_=219500 config.nstreams=400000 avg_latency=0.7079 ms avg throuhgput (requests/sec) = 912.7003 res=false
*==== INFO ====*  stream_id=879996 latency=0.777414 ms (tx_ts=86594688030161, rx_ts=86594688807575) request_id=3479971 zil_blk_id=879996 ccf_commit_seqno=3479973 nstreams_done_=220000 config.nstreams=400000 avg_latency=0.7078 ms avg throuhgput (requests/sec) = 912.5709 res=false
*==== INFO ====*  stream_id=881996 latency=0.541052 ms (tx_ts=86595233246266, rx_ts=86595233787318) request_id=3487321 zil_blk_id=881996 ccf_commit_seqno=3487322 nstreams_done_=220500 config.nstreams=400000 avg_latency=0.7076 ms avg throuhgput (requests/sec) = 912.5819 res=false
*==== INFO ====*  stream_id=883996 latency=0.542876 ms (tx_ts=86595783995850, rx_ts=86595784538726) request_id=3494779 zil_blk_id=883996 ccf_commit_seqno=3494779 nstreams_done_=221000 config.nstreams=400000 avg_latency=0.7074 ms avg throuhgput (requests/sec) = 912.5712 res=false
*==== INFO ====*  stream_id=885996 latency=0.552123 ms (tx_ts=86596373727219, rx_ts=86596374279342) request_id=3502282 zil_blk_id=885996 ccf_commit_seqno=3502282 nstreams_done_=221500 config.nstreams=400000 avg_latency=0.7074 ms avg throuhgput (requests/sec) = 912.4139 res=false
*==== INFO ====*  stream_id=887996 latency=0.671756 ms (tx_ts=86596904565015, rx_ts=86596905236771) request_id=3509364 zil_blk_id=887996 ccf_commit_seqno=3509365 nstreams_done_=222000 config.nstreams=400000 avg_latency=0.7072 ms avg throuhgput (requests/sec) = 912.4778 res=false
*==== INFO ====*  stream_id=889996 latency=0.591447 ms (tx_ts=86597408023171, rx_ts=86597408614618) request_id=3515955 zil_blk_id=889996 ccf_commit_seqno=3515956 nstreams_done_=222500 config.nstreams=400000 avg_latency=0.7071 ms avg throuhgput (requests/sec) = 912.6446 res=false
*==== INFO ====*  stream_id=891996 latency=0.649074 ms (tx_ts=86597960740095, rx_ts=86597961389169) request_id=3523223 zil_blk_id=891996 ccf_commit_seqno=3523223 nstreams_done_=223000 config.nstreams=400000 avg_latency=0.7070 ms avg throuhgput (requests/sec) = 912.6263 res=false
*==== INFO ====*  stream_id=893996 latency=0.669212 ms (tx_ts=86598531525984, rx_ts=86598532195196) request_id=3530648 zil_blk_id=893996 ccf_commit_seqno=3530649 nstreams_done_=223500 config.nstreams=400000 avg_latency=0.7070 ms avg throuhgput (requests/sec) = 912.5408 res=false
*==== INFO ====*  stream_id=895996 latency=0.642122 ms (tx_ts=86599089132482, rx_ts=86599089774604) request_id=3537976 zil_blk_id=895996 ccf_commit_seqno=3537976 nstreams_done_=224000 config.nstreams=400000 avg_latency=0.7068 ms avg throuhgput (requests/sec) = 912.5049 res=false
*==== INFO ====*  stream_id=897996 latency=0.767045 ms (tx_ts=86599669133358, rx_ts=86599669900403) request_id=3545228 zil_blk_id=897996 ccf_commit_seqno=3545231 nstreams_done_=224500 config.nstreams=400000 avg_latency=0.7068 ms avg throuhgput (requests/sec) = 912.3856 res=false
*==== INFO ====*  stream_id=899996 latency=0.690999 ms (tx_ts=86600196065182, rx_ts=86600196756181) request_id=3551844 zil_blk_id=899996 ccf_commit_seqno=3551844 nstreams_done_=225000 config.nstreams=400000 avg_latency=0.7068 ms avg throuhgput (requests/sec) = 912.4638 res=false
*==== INFO ====*  stream_id=901996 latency=0.818802 ms (tx_ts=86600753641224, rx_ts=86600754460026) request_id=3559095 zil_blk_id=901996 ccf_commit_seqno=3559098 nstreams_done_=225500 config.nstreams=400000 avg_latency=0.7068 ms avg throuhgput (requests/sec) = 912.4279 res=false
*==== INFO ====*  stream_id=903996 latency=0.549808 ms (tx_ts=86601275218514, rx_ts=86601275768322) request_id=3565964 zil_blk_id=903996 ccf_commit_seqno=3565965 nstreams_done_=226000 config.nstreams=400000 avg_latency=0.7067 ms avg throuhgput (requests/sec) = 912.5262 res=false
*==== INFO ====*  stream_id=905996 latency=0.640488 ms (tx_ts=86601831182082, rx_ts=86601831822570) request_id=3573096 zil_blk_id=905996 ccf_commit_seqno=3573097 nstreams_done_=226500 config.nstreams=400000 avg_latency=0.7067 ms avg throuhgput (requests/sec) = 912.4963 res=false
*==== INFO ====*  stream_id=907996 latency=0.589502 ms (tx_ts=86602368050143, rx_ts=86602368639645) request_id=3580262 zil_blk_id=907996 ccf_commit_seqno=3580262 nstreams_done_=227000 config.nstreams=400000 avg_latency=0.7065 ms avg throuhgput (requests/sec) = 912.5372 res=false
*==== INFO ====*  stream_id=909996 latency=0.608879 ms (tx_ts=86602945753922, rx_ts=86602946362801) request_id=3587531 zil_blk_id=909996 ccf_commit_seqno=3587531 nstreams_done_=227500 config.nstreams=400000 avg_latency=0.7065 ms avg throuhgput (requests/sec) = 912.4281 res=false
*==== INFO ====*  stream_id=911996 latency=0.527179 ms (tx_ts=86603518294876, rx_ts=86603518822055) request_id=3594840 zil_blk_id=911996 ccf_commit_seqno=3594840 nstreams_done_=228000 config.nstreams=400000 avg_latency=0.7064 ms avg throuhgput (requests/sec) = 912.3387 res=false
*==== INFO ====*  stream_id=913996 latency=0.689329 ms (tx_ts=86604054569429, rx_ts=86604055258758) request_id=3601777 zil_blk_id=913996 ccf_commit_seqno=3601778 nstreams_done_=228500 config.nstreams=400000 avg_latency=0.7064 ms avg throuhgput (requests/sec) = 912.3810 res=false
*==== INFO ====*  stream_id=915996 latency=0.548767 ms (tx_ts=86604585833547, rx_ts=86604586382314) request_id=3608794 zil_blk_id=915996 ccf_commit_seqno=3608794 nstreams_done_=229000 config.nstreams=400000 avg_latency=0.7063 ms avg throuhgput (requests/sec) = 912.4424 res=false
*==== INFO ====*  stream_id=917996 latency=0.514963 ms (tx_ts=86605147482350, rx_ts=86605147997313) request_id=3615987 zil_blk_id=917996 ccf_commit_seqno=3615987 nstreams_done_=229500 config.nstreams=400000 avg_latency=0.7063 ms avg throuhgput (requests/sec) = 912.3930 res=false
*==== INFO ====*  stream_id=919996 latency=0.719576 ms (tx_ts=86605704964730, rx_ts=86605705684306) request_id=3622895 zil_blk_id=919996 ccf_commit_seqno=3622895 nstreams_done_=230000 config.nstreams=400000 avg_latency=0.7063 ms avg throuhgput (requests/sec) = 912.3579 res=false
*==== INFO ====*  stream_id=921996 latency=0.864737 ms (tx_ts=86606319244861, rx_ts=86606320109598) request_id=3630057 zil_blk_id=921996 ccf_commit_seqno=3630060 nstreams_done_=230500 config.nstreams=400000 avg_latency=0.7064 ms avg throuhgput (requests/sec) = 912.1182 res=false
*==== INFO ====*  stream_id=923996 latency=0.658021 ms (tx_ts=86606872275768, rx_ts=86606872933789) request_id=3636825 zil_blk_id=923996 ccf_commit_seqno=3636826 nstreams_done_=231000 config.nstreams=400000 avg_latency=0.7063 ms avg throuhgput (requests/sec) = 912.1015 res=false
*==== INFO ====*  stream_id=925996 latency=0.638334 ms (tx_ts=86607409481871, rx_ts=86607410120205) request_id=3643418 zil_blk_id=925996 ccf_commit_seqno=3643418 nstreams_done_=231500 config.nstreams=400000 avg_latency=0.7062 ms avg throuhgput (requests/sec) = 912.1410 res=false
*==== INFO ====*  stream_id=927996 latency=0.659794 ms (tx_ts=86607969490214, rx_ts=86607970150008) request_id=3650199 zil_blk_id=927996 ccf_commit_seqno=3650201 nstreams_done_=232000 config.nstreams=400000 avg_latency=0.7062 ms avg throuhgput (requests/sec) = 912.0985 res=false
*==== INFO ====*  stream_id=929996 latency=0.614402 ms (tx_ts=86608513173060, rx_ts=86608513787462) request_id=3657323 zil_blk_id=929996 ccf_commit_seqno=3657323 nstreams_done_=232500 config.nstreams=400000 avg_latency=0.7062 ms avg throuhgput (requests/sec) = 912.1147 res=false
*==== INFO ====*  stream_id=931996 latency=0.587668 ms (tx_ts=86609071063752, rx_ts=86609071651420) request_id=3664669 zil_blk_id=931996 ccf_commit_seqno=3664669 nstreams_done_=233000 config.nstreams=400000 avg_latency=0.7061 ms avg throuhgput (requests/sec) = 912.0801 res=false
*==== INFO ====*  stream_id=933996 latency=0.735495 ms (tx_ts=86609616922001, rx_ts=86609617657496) request_id=3672020 zil_blk_id=933996 ccf_commit_seqno=3672020 nstreams_done_=233500 config.nstreams=400000 avg_latency=0.7059 ms avg throuhgput (requests/sec) = 912.0880 res=false
*==== INFO ====*  stream_id=935996 latency=0.625280 ms (tx_ts=86610177300534, rx_ts=86610177925814) request_id=3679632 zil_blk_id=935996 ccf_commit_seqno=3679633 nstreams_done_=234000 config.nstreams=400000 avg_latency=0.7057 ms avg throuhgput (requests/sec) = 912.0450 res=false
*==== INFO ====*  stream_id=937996 latency=0.750142 ms (tx_ts=86610750070808, rx_ts=86610750820950) request_id=3687109 zil_blk_id=937996 ccf_commit_seqno=3687112 nstreams_done_=234500 config.nstreams=400000 avg_latency=0.7057 ms avg throuhgput (requests/sec) = 911.9575 res=false
*==== INFO ====*  stream_id=939996 latency=0.584744 ms (tx_ts=86611334685454, rx_ts=86611335270198) request_id=3694507 zil_blk_id=939996 ccf_commit_seqno=3694507 nstreams_done_=235000 config.nstreams=400000 avg_latency=0.7057 ms avg throuhgput (requests/sec) = 911.8295 res=false
*==== INFO ====*  stream_id=941996 latency=0.586447 ms (tx_ts=86611886772276, rx_ts=86611887358723) request_id=3701732 zil_blk_id=941996 ccf_commit_seqno=3701732 nstreams_done_=235500 config.nstreams=400000 avg_latency=0.7057 ms avg throuhgput (requests/sec) = 911.8163 res=false
*==== INFO ====*  stream_id=943996 latency=0.888245 ms (tx_ts=86612411826504, rx_ts=86612412714749) request_id=3708649 zil_blk_id=943996 ccf_commit_seqno=3708650 nstreams_done_=236000 config.nstreams=400000 avg_latency=0.7056 ms avg throuhgput (requests/sec) = 911.8973 res=false
*==== INFO ====*  stream_id=945996 latency=0.667929 ms (tx_ts=86612940024836, rx_ts=86612940692765) request_id=3715448 zil_blk_id=945996 ccf_commit_seqno=3715449 nstreams_done_=236500 config.nstreams=400000 avg_latency=0.7056 ms avg throuhgput (requests/sec) = 911.9688 res=false
*==== INFO ====*  stream_id=947996 latency=0.778134 ms (tx_ts=86613464719029, rx_ts=86613465497163) request_id=3722312 zil_blk_id=947996 ccf_commit_seqno=3722313 nstreams_done_=237000 config.nstreams=400000 avg_latency=0.7056 ms avg throuhgput (requests/sec) = 912.0511 res=false
*==== INFO ====*  stream_id=949996 latency=0.579935 ms (tx_ts=86613997940684, rx_ts=86613998520619) request_id=3728943 zil_blk_id=949996 ccf_commit_seqno=3728943 nstreams_done_=237500 config.nstreams=400000 avg_latency=0.7056 ms avg throuhgput (requests/sec) = 912.1043 res=false
*==== INFO ====*  stream_id=951996 latency=0.658645 ms (tx_ts=86614523517459, rx_ts=86614524176104) request_id=3735854 zil_blk_id=951996 ccf_commit_seqno=3735856 nstreams_done_=238000 config.nstreams=400000 avg_latency=0.7056 ms avg throuhgput (requests/sec) = 912.1831 res=false
*==== INFO ====*  stream_id=953996 latency=0.636047 ms (tx_ts=86615047139480, rx_ts=86615047775527) request_id=3742884 zil_blk_id=953996 ccf_commit_seqno=3742885 nstreams_done_=238500 config.nstreams=400000 avg_latency=0.7055 ms avg throuhgput (requests/sec) = 912.2687 res=false
*==== INFO ====*  stream_id=955996 latency=0.537315 ms (tx_ts=86615623583752, rx_ts=86615624121067) request_id=3749737 zil_blk_id=955996 ccf_commit_seqno=3749737 nstreams_done_=239000 config.nstreams=400000 avg_latency=0.7057 ms avg throuhgput (requests/sec) = 912.1703 res=false
*==== INFO ====*  stream_id=957996 latency=0.757166 ms (tx_ts=86616124286925, rx_ts=86616125044091) request_id=3756445 zil_blk_id=957996 ccf_commit_seqno=3756447 nstreams_done_=239500 config.nstreams=400000 avg_latency=0.7056 ms avg throuhgput (requests/sec) = 912.3344 res=false
*==== INFO ====*  stream_id=959996 latency=0.590735 ms (tx_ts=86616630730167, rx_ts=86616631320902) request_id=3763312 zil_blk_id=959996 ccf_commit_seqno=3763313 nstreams_done_=240000 config.nstreams=400000 avg_latency=0.7055 ms avg throuhgput (requests/sec) = 912.4793 res=false
*==== INFO ====*  stream_id=961996 latency=0.819560 ms (tx_ts=86617162881825, rx_ts=86617163701385) request_id=3770309 zil_blk_id=961996 ccf_commit_seqno=3770311 nstreams_done_=240500 config.nstreams=400000 avg_latency=0.7055 ms avg throuhgput (requests/sec) = 912.5332 res=false
*==== INFO ====*  stream_id=963996 latency=0.616574 ms (tx_ts=86617695756532, rx_ts=86617696373106) request_id=3777411 zil_blk_id=963996 ccf_commit_seqno=3777411 nstreams_done_=241000 config.nstreams=400000 avg_latency=0.7054 ms avg throuhgput (requests/sec) = 912.5859 res=false
*==== INFO ====*  stream_id=965996 latency=0.645327 ms (tx_ts=86618217407565, rx_ts=86618218052892) request_id=3784537 zil_blk_id=965996 ccf_commit_seqno=3784538 nstreams_done_=241500 config.nstreams=400000 avg_latency=0.7053 ms avg throuhgput (requests/sec) = 912.6763 res=false
*==== INFO ====*  stream_id=967996 latency=0.665755 ms (tx_ts=86618723689225, rx_ts=86618724354980) request_id=3791451 zil_blk_id=967996 ccf_commit_seqno=3791453 nstreams_done_=242000 config.nstreams=400000 avg_latency=0.7051 ms avg throuhgput (requests/sec) = 912.8193 res=false
*==== INFO ====*  stream_id=969996 latency=0.579661 ms (tx_ts=86619228756100, rx_ts=86619229335761) request_id=3798253 zil_blk_id=969996 ccf_commit_seqno=3798254 nstreams_done_=242500 config.nstreams=400000 avg_latency=0.7051 ms avg throuhgput (requests/sec) = 912.9663 res=false
*==== INFO ====*  stream_id=971996 latency=0.571014 ms (tx_ts=86619748953324, rx_ts=86619749524338) request_id=3805074 zil_blk_id=971996 ccf_commit_seqno=3805074 nstreams_done_=243000 config.nstreams=400000 avg_latency=0.7050 ms avg throuhgput (requests/sec) = 913.0606 res=false
*==== INFO ====*  stream_id=973996 latency=0.619690 ms (tx_ts=86620283270368, rx_ts=86620283890058) request_id=3811931 zil_blk_id=973996 ccf_commit_seqno=3811932 nstreams_done_=243500 config.nstreams=400000 avg_latency=0.7050 ms avg throuhgput (requests/sec) = 913.1059 res=false
*==== INFO ====*  stream_id=975996 latency=0.591125 ms (tx_ts=86620820544742, rx_ts=86620821135867) request_id=3818944 zil_blk_id=975996 ccf_commit_seqno=3818945 nstreams_done_=244000 config.nstreams=400000 avg_latency=0.7050 ms avg throuhgput (requests/sec) = 913.1412 res=false
*==== INFO ====*  stream_id=977996 latency=0.557501 ms (tx_ts=86621322046627, rx_ts=86621322604128) request_id=3825455 zil_blk_id=977996 ccf_commit_seqno=3825455 nstreams_done_=244500 config.nstreams=400000 avg_latency=0.7049 ms avg throuhgput (requests/sec) = 913.2984 res=false
*==== INFO ====*  stream_id=979996 latency=0.609777 ms (tx_ts=86621836046274, rx_ts=86621836656051) request_id=3832291 zil_blk_id=979996 ccf_commit_seqno=3832291 nstreams_done_=245000 config.nstreams=400000 avg_latency=0.7048 ms avg throuhgput (requests/sec) = 913.4122 res=false
*==== INFO ====*  stream_id=981996 latency=0.600033 ms (tx_ts=86622334670309, rx_ts=86622335270342) request_id=3839064 zil_blk_id=981996 ccf_commit_seqno=3839064 nstreams_done_=245500 config.nstreams=400000 avg_latency=0.7046 ms avg throuhgput (requests/sec) = 913.5780 res=false
*==== INFO ====*  stream_id=983996 latency=1.952829 ms (tx_ts=86622873381391, rx_ts=86622875334220) request_id=3846204 zil_blk_id=983996 ccf_commit_seqno=3846204 nstreams_done_=246000 config.nstreams=400000 avg_latency=0.7046 ms avg throuhgput (requests/sec) = 913.6026 res=false
*==== INFO ====*  stream_id=985996 latency=0.517268 ms (tx_ts=86623432142612, rx_ts=86623432659880) request_id=3853548 zil_blk_id=985996 ccf_commit_seqno=3853548 nstreams_done_=246500 config.nstreams=400000 avg_latency=0.7045 ms avg throuhgput (requests/sec) = 913.5686 res=false
*==== INFO ====*  stream_id=987996 latency=0.687586 ms (tx_ts=86623954739767, rx_ts=86623955427353) request_id=3860533 zil_blk_id=987996 ccf_commit_seqno=3860534 nstreams_done_=247000 config.nstreams=400000 avg_latency=0.7044 ms avg throuhgput (requests/sec) = 913.6515 res=false
*==== INFO ====*  stream_id=989996 latency=0.585691 ms (tx_ts=86624480570855, rx_ts=86624481156546) request_id=3867585 zil_blk_id=989996 ccf_commit_seqno=3867585 nstreams_done_=247500 config.nstreams=400000 avg_latency=0.7043 ms avg throuhgput (requests/sec) = 913.7241 res=false
*==== INFO ====*  stream_id=991996 latency=0.651028 ms (tx_ts=86625014248730, rx_ts=86625014899758) request_id=3874865 zil_blk_id=991996 ccf_commit_seqno=3874866 nstreams_done_=248000 config.nstreams=400000 avg_latency=0.7042 ms avg throuhgput (requests/sec) = 913.7694 res=false
*==== INFO ====*  stream_id=993996 latency=0.574806 ms (tx_ts=86625541156257, rx_ts=86625541731063) request_id=3881939 zil_blk_id=993996 ccf_commit_seqno=3881939 nstreams_done_=248500 config.nstreams=400000 avg_latency=0.7041 ms avg throuhgput (requests/sec) = 913.8378 res=false
*==== INFO ====*  stream_id=995996 latency=0.600854 ms (tx_ts=86626103741733, rx_ts=86626104342587) request_id=3888992 zil_blk_id=995996 ccf_commit_seqno=3888992 nstreams_done_=249000 config.nstreams=400000 avg_latency=0.7041 ms avg throuhgput (requests/sec) = 913.7860 res=false
*==== INFO ====*  stream_id=997996 latency=0.704138 ms (tx_ts=86626642770600, rx_ts=86626643474738) request_id=3896085 zil_blk_id=997996 ccf_commit_seqno=3896086 nstreams_done_=249500 config.nstreams=400000 avg_latency=0.7040 ms avg throuhgput (requests/sec) = 913.8129 res=false
*==== INFO ====*  stream_id=999996 latency=0.651319 ms (tx_ts=86627164193848, rx_ts=86627164845167) request_id=3903060 zil_blk_id=999996 ccf_commit_seqno=3903060 nstreams_done_=250000 config.nstreams=400000 avg_latency=0.7039 ms avg throuhgput (requests/sec) = 913.8990 res=false
*==== INFO ====*  stream_id=1001996 latency=0.718935 ms (tx_ts=86627708096934, rx_ts=86627708815869) request_id=3910123 zil_blk_id=1001996 ccf_commit_seqno=3910123 nstreams_done_=250500 config.nstreams=400000 avg_latency=0.7039 ms avg throuhgput (requests/sec) = 913.9095 res=false
*==== INFO ====*  stream_id=1003996 latency=0.559647 ms (tx_ts=86628262335813, rx_ts=86628262895460) request_id=3917317 zil_blk_id=1003996 ccf_commit_seqno=3917318 nstreams_done_=251000 config.nstreams=400000 avg_latency=0.7038 ms avg throuhgput (requests/sec) = 913.8862 res=false
*==== INFO ====*  stream_id=1005996 latency=0.611724 ms (tx_ts=86628833756115, rx_ts=86628834367839) request_id=3924503 zil_blk_id=1005996 ccf_commit_seqno=3924503 nstreams_done_=251500 config.nstreams=400000 avg_latency=0.7038 ms avg throuhgput (requests/sec) = 913.8054 res=false
*==== INFO ====*  stream_id=1007996 latency=0.690612 ms (tx_ts=86629342252047, rx_ts=86629342942659) request_id=3931426 zil_blk_id=1007996 ccf_commit_seqno=3931426 nstreams_done_=252000 config.nstreams=400000 avg_latency=0.7038 ms avg throuhgput (requests/sec) = 913.9332 res=false
*==== INFO ====*  stream_id=1009996 latency=0.542405 ms (tx_ts=86629869618435, rx_ts=86629870160840) request_id=3938484 zil_blk_id=1009996 ccf_commit_seqno=3938484 nstreams_done_=252500 config.nstreams=400000 avg_latency=0.7037 ms avg throuhgput (requests/sec) = 913.9990 res=false
*==== INFO ====*  stream_id=1011996 latency=0.577741 ms (tx_ts=86630415085068, rx_ts=86630415662809) request_id=3945848 zil_blk_id=1011996 ccf_commit_seqno=3945848 nstreams_done_=253000 config.nstreams=400000 avg_latency=0.7036 ms avg throuhgput (requests/sec) = 914.0041 res=false
*==== INFO ====*  stream_id=1013996 latency=0.580921 ms (tx_ts=86630943025513, rx_ts=86630943606434) request_id=3952681 zil_blk_id=1013996 ccf_commit_seqno=3952681 nstreams_done_=253500 config.nstreams=400000 avg_latency=0.7035 ms avg throuhgput (requests/sec) = 914.0670 res=false
*==== INFO ====*  stream_id=1015996 latency=1.157258 ms (tx_ts=86631473862659, rx_ts=86631475019917) request_id=3959536 zil_blk_id=1015996 ccf_commit_seqno=3959545 nstreams_done_=254000 config.nstreams=400000 avg_latency=0.7036 ms avg throuhgput (requests/sec) = 914.1183 res=false
*==== INFO ====*  stream_id=1017996 latency=0.605356 ms (tx_ts=86632014917043, rx_ts=86632015522399) request_id=3966482 zil_blk_id=1017996 ccf_commit_seqno=3966482 nstreams_done_=254500 config.nstreams=400000 avg_latency=0.7036 ms avg throuhgput (requests/sec) = 914.1396 res=false
*==== INFO ====*  stream_id=1019996 latency=0.664307 ms (tx_ts=86632541573686, rx_ts=86632542237993) request_id=3973454 zil_blk_id=1019996 ccf_commit_seqno=3973456 nstreams_done_=255000 config.nstreams=400000 avg_latency=0.7035 ms avg throuhgput (requests/sec) = 914.2059 res=false
*==== INFO ====*  stream_id=1021996 latency=0.577968 ms (tx_ts=86633087465662, rx_ts=86633088043630) request_id=3980446 zil_blk_id=1021996 ccf_commit_seqno=3980446 nstreams_done_=255500 config.nstreams=400000 avg_latency=0.7036 ms avg throuhgput (requests/sec) = 914.2096 res=false
*==== INFO ====*  stream_id=1023996 latency=0.647299 ms (tx_ts=86633684231253, rx_ts=86633684878552) request_id=3988134 zil_blk_id=1023996 ccf_commit_seqno=3988134 nstreams_done_=256000 config.nstreams=400000 avg_latency=0.7036 ms avg throuhgput (requests/sec) = 914.0466 res=false
*==== INFO ====*  stream_id=1025996 latency=0.589503 ms (tx_ts=86634233237287, rx_ts=86634233826790) request_id=3995550 zil_blk_id=1025996 ccf_commit_seqno=3995551 nstreams_done_=256500 config.nstreams=400000 avg_latency=0.7035 ms avg throuhgput (requests/sec) = 914.0404 res=false
*==== INFO ====*  stream_id=1027996 latency=0.627925 ms (tx_ts=86634822086044, rx_ts=86634822713969) request_id=4002899 zil_blk_id=1027996 ccf_commit_seqno=4002901 nstreams_done_=257000 config.nstreams=400000 avg_latency=0.7035 ms avg throuhgput (requests/sec) = 913.9043 res=false
*==== INFO ====*  stream_id=1029996 latency=0.609079 ms (tx_ts=86635400699682, rx_ts=86635401308761) request_id=4010236 zil_blk_id=1029996 ccf_commit_seqno=4010236 nstreams_done_=257500 config.nstreams=400000 avg_latency=0.7035 ms avg throuhgput (requests/sec) = 913.8021 res=false
*==== INFO ====*  stream_id=1031996 latency=0.678409 ms (tx_ts=86635948772360, rx_ts=86635949450769) request_id=4017530 zil_blk_id=1031996 ccf_commit_seqno=4017530 nstreams_done_=258000 config.nstreams=400000 avg_latency=0.7034 ms avg throuhgput (requests/sec) = 913.7990 res=false
*==== INFO ====*  stream_id=1033996 latency=1.086352 ms (tx_ts=86636534159605, rx_ts=86636535245957) request_id=4024759 zil_blk_id=1033996 ccf_commit_seqno=4024764 nstreams_done_=258500 config.nstreams=400000 avg_latency=0.7035 ms avg throuhgput (requests/sec) = 913.6742 res=false
*==== INFO ====*  stream_id=1035996 latency=0.599422 ms (tx_ts=86637077802136, rx_ts=86637078401558) request_id=4031998 zil_blk_id=1035996 ccf_commit_seqno=4032001 nstreams_done_=259000 config.nstreams=400000 avg_latency=0.7033 ms avg throuhgput (requests/sec) = 913.6874 res=false
*==== INFO ====*  stream_id=1037996 latency=0.617695 ms (tx_ts=86637653682455, rx_ts=86637654300150) request_id=4039328 zil_blk_id=1037996 ccf_commit_seqno=4039328 nstreams_done_=259500 config.nstreams=400000 avg_latency=0.7033 ms avg throuhgput (requests/sec) = 913.5952 res=false
*==== INFO ====*  stream_id=1039996 latency=0.590084 ms (tx_ts=86638197234516, rx_ts=86638197824600) request_id=4046414 zil_blk_id=1039996 ccf_commit_seqno=4046416 nstreams_done_=260000 config.nstreams=400000 avg_latency=0.7032 ms avg throuhgput (requests/sec) = 913.6073 res=false
*==== INFO ====*  stream_id=1041996 latency=0.752017 ms (tx_ts=86638756418032, rx_ts=86638757170049) request_id=4053660 zil_blk_id=1041996 ccf_commit_seqno=4053661 nstreams_done_=260500 config.nstreams=400000 avg_latency=0.7032 ms avg throuhgput (requests/sec) = 913.5686 res=false
*==== INFO ====*  stream_id=1043996 latency=0.569195 ms (tx_ts=86639314094382, rx_ts=86639314663577) request_id=4060596 zil_blk_id=1043996 ccf_commit_seqno=4060596 nstreams_done_=261000 config.nstreams=400000 avg_latency=0.7032 ms avg throuhgput (requests/sec) = 913.5360 res=false
*==== INFO ====*  stream_id=1045996 latency=0.611243 ms (tx_ts=86639846098697, rx_ts=86639846709940) request_id=4067808 zil_blk_id=1045996 ccf_commit_seqno=4067810 nstreams_done_=261500 config.nstreams=400000 avg_latency=0.7031 ms avg throuhgput (requests/sec) = 913.5848 res=false
*==== INFO ====*  stream_id=1047996 latency=0.573242 ms (tx_ts=86640436231738, rx_ts=86640436804980) request_id=4075424 zil_blk_id=1047996 ccf_commit_seqno=4075424 nstreams_done_=262000 config.nstreams=400000 avg_latency=0.7031 ms avg throuhgput (requests/sec) = 913.4485 res=false
*==== INFO ====*  stream_id=1049996 latency=0.583391 ms (tx_ts=86640994906461, rx_ts=86640995489852) request_id=4082756 zil_blk_id=1049996 ccf_commit_seqno=4082756 nstreams_done_=262500 config.nstreams=400000 avg_latency=0.7031 ms avg throuhgput (requests/sec) = 913.4125 res=false
*==== INFO ====*  stream_id=1051996 latency=0.542505 ms (tx_ts=86641578124685, rx_ts=86641578667190) request_id=4090050 zil_blk_id=1051996 ccf_commit_seqno=4090050 nstreams_done_=263000 config.nstreams=400000 avg_latency=0.7031 ms avg throuhgput (requests/sec) = 913.2990 res=false
*==== INFO ====*  stream_id=1053996 latency=0.541634 ms (tx_ts=86642179307967, rx_ts=86642179849601) request_id=4097457 zil_blk_id=1053996 ccf_commit_seqno=4097457 nstreams_done_=263500 config.nstreams=400000 avg_latency=0.7031 ms avg throuhgput (requests/sec) = 913.1290 res=false
*==== INFO ====*  stream_id=1055996 latency=0.614480 ms (tx_ts=86642768860973, rx_ts=86642769475453) request_id=4104831 zil_blk_id=1055996 ccf_commit_seqno=4104832 nstreams_done_=264000 config.nstreams=400000 avg_latency=0.7031 ms avg throuhgput (requests/sec) = 912.9962 res=false
*==== INFO ====*  stream_id=1057996 latency=0.539660 ms (tx_ts=86643389654059, rx_ts=86643390193719) request_id=4112569 zil_blk_id=1057996 ccf_commit_seqno=4112569 nstreams_done_=264500 config.nstreams=400000 avg_latency=0.7032 ms avg throuhgput (requests/sec) = 912.7660 res=false
*==== INFO ====*  stream_id=1059996 latency=0.539880 ms (tx_ts=86643938087805, rx_ts=86643938627685) request_id=4119478 zil_blk_id=1059996 ccf_commit_seqno=4119478 nstreams_done_=265000 config.nstreams=400000 avg_latency=0.7032 ms avg throuhgput (requests/sec) = 912.7639 res=false
*==== INFO ====*  stream_id=1061996 latency=0.679360 ms (tx_ts=86644468545049, rx_ts=86644469224409) request_id=4126444 zil_blk_id=1061996 ccf_commit_seqno=4126445 nstreams_done_=265500 config.nstreams=400000 avg_latency=0.7031 ms avg throuhgput (requests/sec) = 912.8179 res=false
*==== INFO ====*  stream_id=1063996 latency=0.598840 ms (tx_ts=86645010512345, rx_ts=86645011111185) request_id=4133479 zil_blk_id=1063996 ccf_commit_seqno=4133479 nstreams_done_=266000 config.nstreams=400000 avg_latency=0.7031 ms avg throuhgput (requests/sec) = 912.8363 res=false
*==== INFO ====*  stream_id=1065996 latency=0.931052 ms (tx_ts=86645591350220, rx_ts=86645592281272) request_id=4140828 zil_blk_id=1065996 ccf_commit_seqno=4140832 nstreams_done_=266500 config.nstreams=400000 avg_latency=0.7031 ms avg throuhgput (requests/sec) = 912.7318 res=false
*==== INFO ====*  stream_id=1067996 latency=0.643364 ms (tx_ts=86646170857684, rx_ts=86646171501048) request_id=4148065 zil_blk_id=1067996 ccf_commit_seqno=4148066 nstreams_done_=267000 config.nstreams=400000 avg_latency=0.7031 ms avg throuhgput (requests/sec) = 912.6338 res=false
*==== INFO ====*  stream_id=1069996 latency=0.562983 ms (tx_ts=86646742867468, rx_ts=86646743430451) request_id=4155312 zil_blk_id=1069996 ccf_commit_seqno=4155313 nstreams_done_=267500 config.nstreams=400000 avg_latency=0.7031 ms avg throuhgput (requests/sec) = 912.5588 res=false
*==== INFO ====*  stream_id=1071996 latency=0.537866 ms (tx_ts=86647304329853, rx_ts=86647304867719) request_id=4162659 zil_blk_id=1071996 ccf_commit_seqno=4162659 nstreams_done_=268000 config.nstreams=400000 avg_latency=0.7031 ms avg throuhgput (requests/sec) = 912.5168 res=false
*==== INFO ====*  stream_id=1073996 latency=0.609901 ms (tx_ts=86647859648116, rx_ts=86647860258017) request_id=4169757 zil_blk_id=1073996 ccf_commit_seqno=4169757 nstreams_done_=268500 config.nstreams=400000 avg_latency=0.7031 ms avg throuhgput (requests/sec) = 912.4937 res=false
*==== INFO ====*  stream_id=1075996 latency=0.656198 ms (tx_ts=86648434268282, rx_ts=86648434924480) request_id=4177003 zil_blk_id=1075996 ccf_commit_seqno=4177003 nstreams_done_=269000 config.nstreams=400000 avg_latency=0.7031 ms avg throuhgput (requests/sec) = 912.4110 res=false
*==== INFO ====*  stream_id=1077996 latency=0.630444 ms (tx_ts=86648990348127, rx_ts=86648990978571) request_id=4184148 zil_blk_id=1077996 ccf_commit_seqno=4184149 nstreams_done_=269500 config.nstreams=400000 avg_latency=0.7031 ms avg throuhgput (requests/sec) = 912.3861 res=false
*==== INFO ====*  stream_id=1079996 latency=0.640999 ms (tx_ts=86649521126727, rx_ts=86649521767726) request_id=4191155 zil_blk_id=1079996 ccf_commit_seqno=4191155 nstreams_done_=270000 config.nstreams=400000 avg_latency=0.7031 ms avg throuhgput (requests/sec) = 912.4392 res=false
*==== INFO ====*  stream_id=1081996 latency=0.710219 ms (tx_ts=86650162024388, rx_ts=86650162734607) request_id=4198263 zil_blk_id=1081996 ccf_commit_seqno=4198264 nstreams_done_=270500 config.nstreams=400000 avg_latency=0.7034 ms avg throuhgput (requests/sec) = 912.1531 res=false
*==== INFO ====*  stream_id=1083996 latency=0.778486 ms (tx_ts=86650719090610, rx_ts=86650719869096) request_id=4205582 zil_blk_id=1083996 ccf_commit_seqno=4205585 nstreams_done_=271000 config.nstreams=400000 avg_latency=0.7035 ms avg throuhgput (requests/sec) = 912.1255 res=false
*==== INFO ====*  stream_id=1085996 latency=0.646910 ms (tx_ts=86651256226216, rx_ts=86651256873126) request_id=4212578 zil_blk_id=1085996 ccf_commit_seqno=4212578 nstreams_done_=271500 config.nstreams=400000 avg_latency=0.7035 ms avg throuhgput (requests/sec) = 912.1598 res=false
*==== INFO ====*  stream_id=1087996 latency=0.613628 ms (tx_ts=86651751662079, rx_ts=86651752275707) request_id=4219432 zil_blk_id=1087996 ccf_commit_seqno=4219433 nstreams_done_=272000 config.nstreams=400000 avg_latency=0.7033 ms avg throuhgput (requests/sec) = 912.3211 res=false
*==== INFO ====*  stream_id=1089996 latency=0.767206 ms (tx_ts=86652257119385, rx_ts=86652257886591) request_id=4226081 zil_blk_id=1089996 ccf_commit_seqno=4226081 nstreams_done_=272500 config.nstreams=400000 avg_latency=0.7033 ms avg throuhgput (requests/sec) = 912.4508 res=false
*==== INFO ====*  stream_id=1091996 latency=0.852712 ms (tx_ts=86652785527760, rx_ts=86652786380472) request_id=4233039 zil_blk_id=1091996 ccf_commit_seqno=4233040 nstreams_done_=273000 config.nstreams=400000 avg_latency=0.7032 ms avg throuhgput (requests/sec) = 912.5102 res=false
*==== INFO ====*  stream_id=1093996 latency=0.723073 ms (tx_ts=86653345572295, rx_ts=86653346295368) request_id=4240248 zil_blk_id=1093996 ccf_commit_seqno=4240251 nstreams_done_=273500 config.nstreams=400000 avg_latency=0.7032 ms avg throuhgput (requests/sec) = 912.4737 res=false
*==== INFO ====*  stream_id=1095996 latency=0.565407 ms (tx_ts=86653903781274, rx_ts=86653904346681) request_id=4247486 zil_blk_id=1095996 ccf_commit_seqno=4247486 nstreams_done_=274000 config.nstreams=400000 avg_latency=0.7032 ms avg throuhgput (requests/sec) = 912.4431 res=false
*==== INFO ====*  stream_id=1097996 latency=0.558845 ms (tx_ts=86654459337085, rx_ts=86654459895930) request_id=4254588 zil_blk_id=1097996 ccf_commit_seqno=4254588 nstreams_done_=274500 config.nstreams=400000 avg_latency=0.7032 ms avg throuhgput (requests/sec) = 912.4201 res=false
*==== INFO ====*  stream_id=1099996 latency=0.682937 ms (tx_ts=86655003182761, rx_ts=86655003865698) request_id=4261621 zil_blk_id=1099996 ccf_commit_seqno=4261621 nstreams_done_=275000 config.nstreams=400000 avg_latency=0.7032 ms avg throuhgput (requests/sec) = 912.4323 res=false
*==== INFO ====*  stream_id=1101996 latency=0.679781 ms (tx_ts=86655518514605, rx_ts=86655519194386) request_id=4268451 zil_blk_id=1101996 ccf_commit_seqno=4268453 nstreams_done_=275500 config.nstreams=400000 avg_latency=0.7031 ms avg throuhgput (requests/sec) = 912.5310 res=false
*==== INFO ====*  stream_id=1103996 latency=0.556982 ms (tx_ts=86656063285362, rx_ts=86656063842344) request_id=4275466 zil_blk_id=1103996 ccf_commit_seqno=4275466 nstreams_done_=276000 config.nstreams=400000 avg_latency=0.7031 ms avg throuhgput (requests/sec) = 912.5409 res=false
*==== INFO ====*  stream_id=1105996 latency=0.560318 ms (tx_ts=86656619140653, rx_ts=86656619700971) request_id=4282653 zil_blk_id=1105996 ccf_commit_seqno=4282653 nstreams_done_=276500 config.nstreams=400000 avg_latency=0.7030 ms avg throuhgput (requests/sec) = 912.5170 res=false
*==== INFO ====*  stream_id=1107996 latency=0.721170 ms (tx_ts=86657206489205, rx_ts=86657207210375) request_id=4289948 zil_blk_id=1107996 ccf_commit_seqno=4289953 nstreams_done_=277000 config.nstreams=400000 avg_latency=0.7031 ms avg throuhgput (requests/sec) = 912.3980 res=false
*==== INFO ====*  stream_id=1109996 latency=0.610185 ms (tx_ts=86657748551134, rx_ts=86657749161319) request_id=4296823 zil_blk_id=1109996 ccf_commit_seqno=4296823 nstreams_done_=277500 config.nstreams=400000 avg_latency=0.7031 ms avg throuhgput (requests/sec) = 912.4162 res=false
*==== INFO ====*  stream_id=1111996 latency=0.570016 ms (tx_ts=86658281485125, rx_ts=86658282055141) request_id=4303685 zil_blk_id=1111996 ccf_commit_seqno=4303687 nstreams_done_=278000 config.nstreams=400000 avg_latency=0.7031 ms avg throuhgput (requests/sec) = 912.4614 res=false
*==== INFO ====*  stream_id=1113996 latency=0.657600 ms (tx_ts=86658849097388, rx_ts=86658849754988) request_id=4310778 zil_blk_id=1113996 ccf_commit_seqno=4310780 nstreams_done_=278500 config.nstreams=400000 avg_latency=0.7032 ms avg throuhgput (requests/sec) = 912.4025 res=false
*==== INFO ====*  stream_id=1115996 latency=0.634447 ms (tx_ts=86659393208261, rx_ts=86659393842708) request_id=4317935 zil_blk_id=1115996 ccf_commit_seqno=4317935 nstreams_done_=279000 config.nstreams=400000 avg_latency=0.7031 ms avg throuhgput (requests/sec) = 912.4141 res=false
*==== INFO ====*  stream_id=1117996 latency=0.769483 ms (tx_ts=86659898288167, rx_ts=86659899057650) request_id=4324651 zil_blk_id=1117996 ccf_commit_seqno=4324651 nstreams_done_=279500 config.nstreams=400000 avg_latency=0.7030 ms avg throuhgput (requests/sec) = 912.5416 res=false
*==== INFO ====*  stream_id=1119996 latency=0.678890 ms (tx_ts=86660390030983, rx_ts=86660390709873) request_id=4331318 zil_blk_id=1119996 ccf_commit_seqno=4331319 nstreams_done_=280000 config.nstreams=400000 avg_latency=0.7029 ms avg throuhgput (requests/sec) = 912.7090 res=false
*==== INFO ====*  stream_id=1121996 latency=0.681509 ms (tx_ts=86660933904297, rx_ts=86660934585806) request_id=4338215 zil_blk_id=1121996 ccf_commit_seqno=4338215 nstreams_done_=280500 config.nstreams=400000 avg_latency=0.7030 ms avg throuhgput (requests/sec) = 912.7207 res=false
*==== INFO ====*  stream_id=1123996 latency=0.580706 ms (tx_ts=86661451274142, rx_ts=86661451854848) request_id=4344941 zil_blk_id=1123996 ccf_commit_seqno=4344943 nstreams_done_=281000 config.nstreams=400000 avg_latency=0.7029 ms avg throuhgput (requests/sec) = 912.8112 res=false
*==== INFO ====*  stream_id=1125996 latency=0.880748 ms (tx_ts=86661992253561, rx_ts=86661993134309) request_id=4351884 zil_blk_id=1125996 ccf_commit_seqno=4351889 nstreams_done_=281500 config.nstreams=400000 avg_latency=0.7029 ms avg throuhgput (requests/sec) = 912.8304 res=false
*==== INFO ====*  stream_id=1127996 latency=0.697786 ms (tx_ts=86662496972776, rx_ts=86662497670562) request_id=4358582 zil_blk_id=1127996 ccf_commit_seqno=4358583 nstreams_done_=282000 config.nstreams=400000 avg_latency=0.7028 ms avg throuhgput (requests/sec) = 912.9581 res=false
*==== INFO ====*  stream_id=1129996 latency=0.752628 ms (tx_ts=86663042555324, rx_ts=86663043307952) request_id=4365315 zil_blk_id=1129996 ccf_commit_seqno=4365316 nstreams_done_=282500 config.nstreams=400000 avg_latency=0.7029 ms avg throuhgput (requests/sec) = 912.9641 res=false
*==== INFO ====*  stream_id=1131996 latency=0.748741 ms (tx_ts=86663547892684, rx_ts=86663548641425) request_id=4371840 zil_blk_id=1131996 ccf_commit_seqno=4371844 nstreams_done_=283000 config.nstreams=400000 avg_latency=0.7029 ms avg throuhgput (requests/sec) = 913.0888 res=false
*==== INFO ====*  stream_id=1133996 latency=0.578001 ms (tx_ts=86664056913481, rx_ts=86664057491482) request_id=4378512 zil_blk_id=1133996 ccf_commit_seqno=4378512 nstreams_done_=283500 config.nstreams=400000 avg_latency=0.7028 ms avg throuhgput (requests/sec) = 913.2027 res=false
*==== INFO ====*  stream_id=1135996 latency=0.732028 ms (tx_ts=86664585204971, rx_ts=86664585936999) request_id=4385358 zil_blk_id=1135996 ccf_commit_seqno=4385359 nstreams_done_=284000 config.nstreams=400000 avg_latency=0.7028 ms avg throuhgput (requests/sec) = 913.2588 res=false
*==== INFO ====*  stream_id=1137996 latency=0.615968 ms (tx_ts=86665105961053, rx_ts=86665106577021) request_id=4392175 zil_blk_id=1137996 ccf_commit_seqno=4392175 nstreams_done_=284500 config.nstreams=400000 avg_latency=0.7028 ms avg throuhgput (requests/sec) = 913.3375 res=false
*==== INFO ====*  stream_id=1139996 latency=0.665415 ms (tx_ts=86665658377054, rx_ts=86665659042469) request_id=4399118 zil_blk_id=1139996 ccf_commit_seqno=4399119 nstreams_done_=285000 config.nstreams=400000 avg_latency=0.7028 ms avg throuhgput (requests/sec) = 913.3228 res=false
*==== INFO ====*  stream_id=1141996 latency=0.668184 ms (tx_ts=86666209186433, rx_ts=86666209854617) request_id=4405959 zil_blk_id=1141996 ccf_commit_seqno=4405960 nstreams_done_=285500 config.nstreams=400000 avg_latency=0.7029 ms avg throuhgput (requests/sec) = 913.3130 res=false
*==== INFO ====*  stream_id=1143996 latency=1.389129 ms (tx_ts=86666692750653, rx_ts=86666694139782) request_id=4412457 zil_blk_id=1143996 ccf_commit_seqno=4412460 nstreams_done_=286000 config.nstreams=400000 avg_latency=0.7028 ms avg throuhgput (requests/sec) = 913.4973 res=false
*==== INFO ====*  stream_id=1145996 latency=0.939428 ms (tx_ts=86667192820709, rx_ts=86667193760137) request_id=4419004 zil_blk_id=1145996 ccf_commit_seqno=4419007 nstreams_done_=286500 config.nstreams=400000 avg_latency=0.7027 ms avg throuhgput (requests/sec) = 913.6363 res=false
*==== INFO ====*  stream_id=1147996 latency=0.526024 ms (tx_ts=86667695268730, rx_ts=86667695794754) request_id=4425600 zil_blk_id=1147996 ccf_commit_seqno=4425600 nstreams_done_=287000 config.nstreams=400000 avg_latency=0.7027 ms avg throuhgput (requests/sec) = 913.7679 res=false
*==== INFO ====*  stream_id=1149996 latency=0.632113 ms (tx_ts=86668198029904, rx_ts=86668198662017) request_id=4432303 zil_blk_id=1149996 ccf_commit_seqno=4432304 nstreams_done_=287500 config.nstreams=400000 avg_latency=0.7026 ms avg throuhgput (requests/sec) = 913.8966 res=false
*==== INFO ====*  stream_id=1151996 latency=0.625163 ms (tx_ts=86668739574176, rx_ts=86668740199339) request_id=4438862 zil_blk_id=1151996 ccf_commit_seqno=4438862 nstreams_done_=288000 config.nstreams=400000 avg_latency=0.7027 ms avg throuhgput (requests/sec) = 913.9127 res=false
*==== INFO ====*  stream_id=1153996 latency=0.621954 ms (tx_ts=86669251148905, rx_ts=86669251770859) request_id=4445519 zil_blk_id=1153996 ccf_commit_seqno=4445519 nstreams_done_=288500 config.nstreams=400000 avg_latency=0.7026 ms avg throuhgput (requests/sec) = 914.0156 res=false
*==== INFO ====*  stream_id=1155996 latency=0.691073 ms (tx_ts=86669805063419, rx_ts=86669805754492) request_id=4452638 zil_blk_id=1155996 ccf_commit_seqno=4452640 nstreams_done_=289000 config.nstreams=400000 avg_latency=0.7026 ms avg throuhgput (requests/sec) = 913.9955 res=false
*==== INFO ====*  stream_id=1157996 latency=0.862474 ms (tx_ts=86670358269962, rx_ts=86670359132436) request_id=4459469 zil_blk_id=1157996 ccf_commit_seqno=4459475 nstreams_done_=289500 config.nstreams=400000 avg_latency=0.7027 ms avg throuhgput (requests/sec) = 913.9773 res=false
*==== INFO ====*  stream_id=1159996 latency=0.719266 ms (tx_ts=86670897235068, rx_ts=86670897954334) request_id=4466411 zil_blk_id=1159996 ccf_commit_seqno=4466412 nstreams_done_=290000 config.nstreams=400000 avg_latency=0.7027 ms avg throuhgput (requests/sec) = 914.0010 res=false
*==== INFO ====*  stream_id=1161996 latency=0.580226 ms (tx_ts=86671443310105, rx_ts=86671443890331) request_id=4473482 zil_blk_id=1161996 ccf_commit_seqno=4473482 nstreams_done_=290500 config.nstreams=400000 avg_latency=0.7027 ms avg throuhgput (requests/sec) = 914.0042 res=false
*==== INFO ====*  stream_id=1163996 latency=0.577259 ms (tx_ts=86671974739881, rx_ts=86671975317140) request_id=4480482 zil_blk_id=1163996 ccf_commit_seqno=4480482 nstreams_done_=291000 config.nstreams=400000 avg_latency=0.7027 ms avg throuhgput (requests/sec) = 914.0490 res=false
*==== INFO ====*  stream_id=1165996 latency=0.685172 ms (tx_ts=86672530773208, rx_ts=86672531458380) request_id=4488015 zil_blk_id=1165996 ccf_commit_seqno=4488017 nstreams_done_=291500 config.nstreams=400000 avg_latency=0.7026 ms avg throuhgput (requests/sec) = 914.0229 res=false
*==== INFO ====*  stream_id=1167996 latency=0.752899 ms (tx_ts=86673060418199, rx_ts=86673061171098) request_id=4494793 zil_blk_id=1167996 ccf_commit_seqno=4494794 nstreams_done_=292000 config.nstreams=400000 avg_latency=0.7026 ms avg throuhgput (requests/sec) = 914.0724 res=false
*==== INFO ====*  stream_id=1169996 latency=0.615191 ms (tx_ts=86673617710126, rx_ts=86673618325317) request_id=4501810 zil_blk_id=1169996 ccf_commit_seqno=4501810 nstreams_done_=292500 config.nstreams=400000 avg_latency=0.7026 ms avg throuhgput (requests/sec) = 914.0434 res=false
*==== INFO ====*  stream_id=1171996 latency=0.735483 ms (tx_ts=86674163416603, rx_ts=86674164152086) request_id=4508932 zil_blk_id=1171996 ccf_commit_seqno=4508934 nstreams_done_=293000 config.nstreams=400000 avg_latency=0.7026 ms avg throuhgput (requests/sec) = 914.0468 res=false
*==== INFO ====*  stream_id=1173996 latency=0.662330 ms (tx_ts=86674715950218, rx_ts=86674716612548) request_id=4515972 zil_blk_id=1173996 ccf_commit_seqno=4515973 nstreams_done_=293500 config.nstreams=400000 avg_latency=0.7027 ms avg throuhgput (requests/sec) = 914.0313 res=false
*==== INFO ====*  stream_id=1175996 latency=0.615124 ms (tx_ts=86675220851873, rx_ts=86675221466997) request_id=4522574 zil_blk_id=1175996 ccf_commit_seqno=4522575 nstreams_done_=294000 config.nstreams=400000 avg_latency=0.7027 ms avg throuhgput (requests/sec) = 914.1512 res=false
*==== INFO ====*  stream_id=1177996 latency=0.603378 ms (tx_ts=86675736486388, rx_ts=86675737089766) request_id=4529293 zil_blk_id=1177996 ccf_commit_seqno=4529293 nstreams_done_=294500 config.nstreams=400000 avg_latency=0.7026 ms avg throuhgput (requests/sec) = 914.2401 res=false
*==== INFO ====*  stream_id=1179996 latency=0.597345 ms (tx_ts=86676285785191, rx_ts=86676286382536) request_id=4536388 zil_blk_id=1179996 ccf_commit_seqno=4536388 nstreams_done_=295000 config.nstreams=400000 avg_latency=0.7027 ms avg throuhgput (requests/sec) = 914.2333 res=false
*==== INFO ====*  stream_id=1181996 latency=0.743291 ms (tx_ts=86676849497078, rx_ts=86676850240369) request_id=4543581 zil_blk_id=1181996 ccf_commit_seqno=4543583 nstreams_done_=295500 config.nstreams=400000 avg_latency=0.7028 ms avg throuhgput (requests/sec) = 914.1854 res=false
*==== INFO ====*  stream_id=1183996 latency=0.807109 ms (tx_ts=86677439287770, rx_ts=86677440094879) request_id=4551097 zil_blk_id=1183996 ccf_commit_seqno=4551098 nstreams_done_=296000 config.nstreams=400000 avg_latency=0.7028 ms avg throuhgput (requests/sec) = 914.0642 res=false
*==== INFO ====*  stream_id=1185996 latency=0.690081 ms (tx_ts=86677999867532, rx_ts=86678000557613) request_id=4558356 zil_blk_id=1185996 ccf_commit_seqno=4558356 nstreams_done_=296500 config.nstreams=400000 avg_latency=0.7029 ms avg throuhgput (requests/sec) = 914.0263 res=false
*==== INFO ====*  stream_id=1187996 latency=0.688839 ms (tx_ts=86678516905904, rx_ts=86678517594743) request_id=4565266 zil_blk_id=1187996 ccf_commit_seqno=4565266 nstreams_done_=297000 config.nstreams=400000 avg_latency=0.7028 ms avg throuhgput (requests/sec) = 914.1107 res=false
*==== INFO ====*  stream_id=1189996 latency=0.769731 ms (tx_ts=86679047425215, rx_ts=86679048194946) request_id=4572069 zil_blk_id=1189996 ccf_commit_seqno=4572070 nstreams_done_=297500 config.nstreams=400000 avg_latency=0.7028 ms avg throuhgput (requests/sec) = 914.1567 res=false
*==== INFO ====*  stream_id=1191996 latency=0.691494 ms (tx_ts=86679597760482, rx_ts=86679598451976) request_id=4579040 zil_blk_id=1191996 ccf_commit_seqno=4579041 nstreams_done_=298000 config.nstreams=400000 avg_latency=0.7029 ms avg throuhgput (requests/sec) = 914.1474 res=false
*==== INFO ====*  stream_id=1193996 latency=1.146712 ms (tx_ts=86680148405609, rx_ts=86680149552321) request_id=4586152 zil_blk_id=1193996 ccf_commit_seqno=4586157 nstreams_done_=298500 config.nstreams=400000 avg_latency=0.7029 ms avg throuhgput (requests/sec) = 914.1358 res=false
*==== INFO ====*  stream_id=1195996 latency=0.588151 ms (tx_ts=86680674218230, rx_ts=86680674806381) request_id=4592897 zil_blk_id=1195996 ccf_commit_seqno=4592897 nstreams_done_=299000 config.nstreams=400000 avg_latency=0.7029 ms avg throuhgput (requests/sec) = 914.1965 res=false
*==== INFO ====*  stream_id=1197996 latency=0.737185 ms (tx_ts=86681190147613, rx_ts=86681190884798) request_id=4599744 zil_blk_id=1197996 ccf_commit_seqno=4599748 nstreams_done_=299500 config.nstreams=400000 avg_latency=0.7028 ms avg throuhgput (requests/sec) = 914.2826 res=false
*==== INFO ====*  stream_id=1199996 latency=0.562613 ms (tx_ts=86681712379672, rx_ts=86681712942285) request_id=4606712 zil_blk_id=1199996 ccf_commit_seqno=4606712 nstreams_done_=300000 config.nstreams=400000 avg_latency=0.7028 ms avg throuhgput (requests/sec) = 914.3518 res=false
*==== INFO ====*  stream_id=1201996 latency=0.550790 ms (tx_ts=86682219126600, rx_ts=86682219677390) request_id=4613614 zil_blk_id=1201996 ccf_commit_seqno=4613614 nstreams_done_=300500 config.nstreams=400000 avg_latency=0.7027 ms avg throuhgput (requests/sec) = 914.4633 res=false
*==== INFO ====*  stream_id=1203996 latency=0.520284 ms (tx_ts=86682774061317, rx_ts=86682774581601) request_id=4620900 zil_blk_id=1203996 ccf_commit_seqno=4620900 nstreams_done_=301000 config.nstreams=400000 avg_latency=0.7027 ms avg throuhgput (requests/sec) = 914.4407 res=false
*==== INFO ====*  stream_id=1205996 latency=0.609787 ms (tx_ts=86683341233866, rx_ts=86683341843653) request_id=4628034 zil_blk_id=1205996 ccf_commit_seqno=4628034 nstreams_done_=301500 config.nstreams=400000 avg_latency=0.7028 ms avg throuhgput (requests/sec) = 914.3839 res=false
*==== INFO ====*  stream_id=1207996 latency=0.684050 ms (tx_ts=86683865755699, rx_ts=86683866439749) request_id=4635090 zil_blk_id=1207996 ccf_commit_seqno=4635092 nstreams_done_=302000 config.nstreams=400000 avg_latency=0.7027 ms avg throuhgput (requests/sec) = 914.4455 res=false
*==== INFO ====*  stream_id=1209996 latency=0.735876 ms (tx_ts=86684380633655, rx_ts=86684381369531) request_id=4641915 zil_blk_id=1209996 ccf_commit_seqno=4641918 nstreams_done_=302500 config.nstreams=400000 avg_latency=0.7027 ms avg throuhgput (requests/sec) = 914.5335 res=false
*==== INFO ====*  stream_id=1211996 latency=0.610742 ms (tx_ts=86684923099991, rx_ts=86684923710733) request_id=4648798 zil_blk_id=1211996 ccf_commit_seqno=4648798 nstreams_done_=303000 config.nstreams=400000 avg_latency=0.7027 ms avg throuhgput (requests/sec) = 914.5456 res=false
*==== INFO ====*  stream_id=1213996 latency=0.703556 ms (tx_ts=86685454381844, rx_ts=86685455085400) request_id=4655581 zil_blk_id=1213996 ccf_commit_seqno=4655581 nstreams_done_=303500 config.nstreams=400000 avg_latency=0.7027 ms avg throuhgput (requests/sec) = 914.5879 res=false
*==== INFO ====*  stream_id=1215996 latency=0.720147 ms (tx_ts=86685984392709, rx_ts=86685985112856) request_id=4662017 zil_blk_id=1215996 ccf_commit_seqno=4662019 nstreams_done_=304000 config.nstreams=400000 avg_latency=0.7027 ms avg throuhgput (requests/sec) = 914.6338 res=false
*==== INFO ====*  stream_id=1217996 latency=0.536604 ms (tx_ts=86686496874471, rx_ts=86686497411075) request_id=4668578 zil_blk_id=1217996 ccf_commit_seqno=4668578 nstreams_done_=304500 config.nstreams=400000 avg_latency=0.7027 ms avg throuhgput (requests/sec) = 914.7282 res=false
*==== INFO ====*  stream_id=1219996 latency=0.758745 ms (tx_ts=86686994290800, rx_ts=86686995049545) request_id=4675264 zil_blk_id=1219996 ccf_commit_seqno=4675267 nstreams_done_=305000 config.nstreams=400000 avg_latency=0.7026 ms avg throuhgput (requests/sec) = 914.8626 res=false
*==== INFO ====*  stream_id=1221996 latency=0.657920 ms (tx_ts=86687486518269, rx_ts=86687487176189) request_id=4681614 zil_blk_id=1221996 ccf_commit_seqno=4681614 nstreams_done_=305500 config.nstreams=400000 avg_latency=0.7025 ms avg throuhgput (requests/sec) = 915.0116 res=false
*==== INFO ====*  stream_id=1223996 latency=0.779037 ms (tx_ts=86688003406361, rx_ts=86688004185398) request_id=4688280 zil_blk_id=1223996 ccf_commit_seqno=4688281 nstreams_done_=306000 config.nstreams=400000 avg_latency=0.7025 ms avg throuhgput (requests/sec) = 915.0922 res=false
*==== INFO ====*  stream_id=1225996 latency=0.664813 ms (tx_ts=86688535305202, rx_ts=86688535970015) request_id=4695061 zil_blk_id=1225996 ccf_commit_seqno=4695061 nstreams_done_=306500 config.nstreams=400000 avg_latency=0.7026 ms avg throuhgput (requests/sec) = 915.1321 res=false
*==== INFO ====*  stream_id=1227996 latency=0.566299 ms (tx_ts=86689096272783, rx_ts=86689096839082) request_id=4701910 zil_blk_id=1227996 ccf_commit_seqno=4701910 nstreams_done_=307000 config.nstreams=400000 avg_latency=0.7026 ms avg throuhgput (requests/sec) = 915.0925 res=false
*==== INFO ====*  stream_id=1229996 latency=0.624047 ms (tx_ts=86689619420503, rx_ts=86689620044550) request_id=4708666 zil_blk_id=1229996 ccf_commit_seqno=4708667 nstreams_done_=307500 config.nstreams=400000 avg_latency=0.7026 ms avg throuhgput (requests/sec) = 915.1557 res=false
*==== INFO ====*  stream_id=1231996 latency=0.695752 ms (tx_ts=86690132679785, rx_ts=86690133375537) request_id=4715372 zil_blk_id=1231996 ccf_commit_seqno=4715372 nstreams_done_=308000 config.nstreams=400000 avg_latency=0.7026 ms avg throuhgput (requests/sec) = 915.2455 res=false
*==== INFO ====*  stream_id=1233996 latency=0.662349 ms (tx_ts=86690672432929, rx_ts=86690673095278) request_id=4722406 zil_blk_id=1233996 ccf_commit_seqno=4722407 nstreams_done_=308500 config.nstreams=400000 avg_latency=0.7026 ms avg throuhgput (requests/sec) = 915.2634 res=false
*==== INFO ====*  stream_id=1235996 latency=0.707664 ms (tx_ts=86691178673740, rx_ts=86691179381404) request_id=4729092 zil_blk_id=1235996 ccf_commit_seqno=4729092 nstreams_done_=309000 config.nstreams=400000 avg_latency=0.7025 ms avg throuhgput (requests/sec) = 915.3718 res=false
*==== INFO ====*  stream_id=1237996 latency=0.541192 ms (tx_ts=86691716776148, rx_ts=86691717317340) request_id=4735854 zil_blk_id=1237996 ccf_commit_seqno=4735854 nstreams_done_=309500 config.nstreams=400000 avg_latency=0.7025 ms avg throuhgput (requests/sec) = 915.3943 res=false
*==== INFO ====*  stream_id=1239996 latency=0.592017 ms (tx_ts=86692226896074, rx_ts=86692227488091) request_id=4742550 zil_blk_id=1239996 ccf_commit_seqno=4742550 nstreams_done_=310000 config.nstreams=400000 avg_latency=0.7025 ms avg throuhgput (requests/sec) = 915.4917 res=false
*==== INFO ====*  stream_id=1241996 latency=0.588730 ms (tx_ts=86692766490620, rx_ts=86692767079350) request_id=4749345 zil_blk_id=1241996 ccf_commit_seqno=4749345 nstreams_done_=310500 config.nstreams=400000 avg_latency=0.7026 ms avg throuhgput (requests/sec) = 915.5094 res=false
*==== INFO ====*  stream_id=1243996 latency=0.577691 ms (tx_ts=86693294577605, rx_ts=86693295155296) request_id=4755981 zil_blk_id=1243996 ccf_commit_seqno=4755981 nstreams_done_=311000 config.nstreams=400000 avg_latency=0.7025 ms avg throuhgput (requests/sec) = 915.5581 res=false
*==== INFO ====*  stream_id=1245996 latency=0.631611 ms (tx_ts=86693791130287, rx_ts=86693791761898) request_id=4762452 zil_blk_id=1245996 ccf_commit_seqno=4762453 nstreams_done_=311500 config.nstreams=400000 avg_latency=0.7025 ms avg throuhgput (requests/sec) = 915.6914 res=false
*==== INFO ====*  stream_id=1247996 latency=0.547023 ms (tx_ts=86694288806354, rx_ts=86694289353377) request_id=4769002 zil_blk_id=1247996 ccf_commit_seqno=4769002 nstreams_done_=312000 config.nstreams=400000 avg_latency=0.7024 ms avg throuhgput (requests/sec) = 915.8216 res=false
*==== INFO ====*  stream_id=1249996 latency=0.650316 ms (tx_ts=86694799795219, rx_ts=86694800445535) request_id=4775693 zil_blk_id=1249996 ccf_commit_seqno=4775695 nstreams_done_=312500 config.nstreams=400000 avg_latency=0.7024 ms avg throuhgput (requests/sec) = 915.9152 res=false
*==== INFO ====*  stream_id=1251996 latency=0.774182 ms (tx_ts=86695352074773, rx_ts=86695352848955) request_id=4782796 zil_blk_id=1251996 ccf_commit_seqno=4782798 nstreams_done_=313000 config.nstreams=400000 avg_latency=0.7024 ms avg throuhgput (requests/sec) = 915.8978 res=false
*==== INFO ====*  stream_id=1253996 latency=0.743171 ms (tx_ts=86695907770512, rx_ts=86695908513683) request_id=4789992 zil_blk_id=1253996 ccf_commit_seqno=4789992 nstreams_done_=313500 config.nstreams=400000 avg_latency=0.7025 ms avg throuhgput (requests/sec) = 915.8717 res=false
*==== INFO ====*  stream_id=1255996 latency=0.638174 ms (tx_ts=86696427261841, rx_ts=86696427900015) request_id=4796760 zil_blk_id=1255996 ccf_commit_seqno=4796760 nstreams_done_=314000 config.nstreams=400000 avg_latency=0.7024 ms avg throuhgput (requests/sec) = 915.9426 res=false
*==== INFO ====*  stream_id=1257996 latency=0.581091 ms (tx_ts=86696930376992, rx_ts=86696930958083) request_id=4803341 zil_blk_id=1257996 ccf_commit_seqno=4803341 nstreams_done_=314500 config.nstreams=400000 avg_latency=0.7023 ms avg throuhgput (requests/sec) = 916.0568 res=false
*==== INFO ====*  stream_id=1259996 latency=0.556762 ms (tx_ts=86697449172018, rx_ts=86697449728780) request_id=4810381 zil_blk_id=1259996 ccf_commit_seqno=4810381 nstreams_done_=315000 config.nstreams=400000 avg_latency=0.7023 ms avg throuhgput (requests/sec) = 916.1289 res=false
*==== INFO ====*  stream_id=1261996 latency=0.682597 ms (tx_ts=86698006908745, rx_ts=86698007591342) request_id=4817834 zil_blk_id=1261996 ccf_commit_seqno=4817834 nstreams_done_=315500 config.nstreams=400000 avg_latency=0.7022 ms avg throuhgput (requests/sec) = 916.0967 res=false
*==== INFO ====*  stream_id=1263996 latency=0.793805 ms (tx_ts=86698543540769, rx_ts=86698544334574) request_id=4824963 zil_blk_id=1263996 ccf_commit_seqno=4824963 nstreams_done_=316000 config.nstreams=400000 avg_latency=0.7021 ms avg throuhgput (requests/sec) = 916.1208 res=false
*==== INFO ====*  stream_id=1265996 latency=0.654033 ms (tx_ts=86699111969474, rx_ts=86699112623507) request_id=4831988 zil_blk_id=1265996 ccf_commit_seqno=4831988 nstreams_done_=316500 config.nstreams=400000 avg_latency=0.7022 ms avg throuhgput (requests/sec) = 916.0611 res=false
*==== INFO ====*  stream_id=1267996 latency=0.718614 ms (tx_ts=86699676735533, rx_ts=86699677454147) request_id=4839412 zil_blk_id=1267996 ccf_commit_seqno=4839414 nstreams_done_=317000 config.nstreams=400000 avg_latency=0.7022 ms avg throuhgput (requests/sec) = 916.0107 res=false
*==== INFO ====*  stream_id=1269996 latency=0.586748 ms (tx_ts=86700247809534, rx_ts=86700248396282) request_id=4846878 zil_blk_id=1269996 ccf_commit_seqno=4846878 nstreams_done_=317500 config.nstreams=400000 avg_latency=0.7021 ms avg throuhgput (requests/sec) = 915.9444 res=false
*==== INFO ====*  stream_id=1271996 latency=0.612893 ms (tx_ts=86700778095732, rx_ts=86700778708625) request_id=4853929 zil_blk_id=1271996 ccf_commit_seqno=4853929 nstreams_done_=318000 config.nstreams=400000 avg_latency=0.7021 ms avg throuhgput (requests/sec) = 915.9855 res=false
*==== INFO ====*  stream_id=1273996 latency=0.566280 ms (tx_ts=86701296019308, rx_ts=86701296585588) request_id=4860683 zil_blk_id=1273996 ccf_commit_seqno=4860683 nstreams_done_=318500 config.nstreams=400000 avg_latency=0.7021 ms avg throuhgput (requests/sec) = 916.0592 res=false
*==== INFO ====*  stream_id=1275996 latency=0.531284 ms (tx_ts=86701807638437, rx_ts=86701808169721) request_id=4867482 zil_blk_id=1275996 ccf_commit_seqno=4867482 nstreams_done_=319000 config.nstreams=400000 avg_latency=0.7020 ms avg throuhgput (requests/sec) = 916.1493 res=false
*==== INFO ====*  stream_id=1277996 latency=0.662873 ms (tx_ts=86702301600379, rx_ts=86702302263252) request_id=4874076 zil_blk_id=1277996 ccf_commit_seqno=4874077 nstreams_done_=319500 config.nstreams=400000 avg_latency=0.7020 ms avg throuhgput (requests/sec) = 916.2850 res=false
*==== INFO ====*  stream_id=1279996 latency=0.664052 ms (tx_ts=86702842995670, rx_ts=86702843659722) request_id=4880942 zil_blk_id=1279996 ccf_commit_seqno=4880942 nstreams_done_=320000 config.nstreams=400000 avg_latency=0.7020 ms avg throuhgput (requests/sec) = 916.2963 res=false
*==== INFO ====*  stream_id=1281996 latency=1.125615 ms (tx_ts=86703392239478, rx_ts=86703393365093) request_id=4888022 zil_blk_id=1281996 ccf_commit_seqno=4888031 nstreams_done_=320500 config.nstreams=400000 avg_latency=0.7019 ms avg throuhgput (requests/sec) = 916.2857 res=false
*==== INFO ====*  stream_id=1283996 latency=0.535181 ms (tx_ts=86703937682425, rx_ts=86703938217606) request_id=4895056 zil_blk_id=1283996 ccf_commit_seqno=4895056 nstreams_done_=321000 config.nstreams=400000 avg_latency=0.7019 ms avg throuhgput (requests/sec) = 916.2879 res=false
*==== INFO ====*  stream_id=1285996 latency=0.630369 ms (tx_ts=86704528959746, rx_ts=86704529590115) request_id=4902526 zil_blk_id=1285996 ccf_commit_seqno=4902527 nstreams_done_=321500 config.nstreams=400000 avg_latency=0.7019 ms avg throuhgput (requests/sec) = 916.1686 res=false
*==== INFO ====*  stream_id=1287996 latency=0.499193 ms (tx_ts=86705093782027, rx_ts=86705094281220) request_id=4909771 zil_blk_id=1287996 ccf_commit_seqno=4909771 nstreams_done_=322000 config.nstreams=400000 avg_latency=0.7019 ms avg throuhgput (requests/sec) = 916.1192 res=false
*==== INFO ====*  stream_id=1289996 latency=0.485218 ms (tx_ts=86705650802792, rx_ts=86705651288010) request_id=4917098 zil_blk_id=1289996 ccf_commit_seqno=4917098 nstreams_done_=322500 config.nstreams=400000 avg_latency=0.7018 ms avg throuhgput (requests/sec) = 916.0900 res=false
*==== INFO ====*  stream_id=1291996 latency=0.608829 ms (tx_ts=86706207905326, rx_ts=86706208514155) request_id=4924332 zil_blk_id=1291996 ccf_commit_seqno=4924334 nstreams_done_=323000 config.nstreams=400000 avg_latency=0.7017 ms avg throuhgput (requests/sec) = 916.0603 res=false
*==== INFO ====*  stream_id=1293996 latency=0.519141 ms (tx_ts=86706775940506, rx_ts=86706776459647) request_id=4931666 zil_blk_id=1293996 ccf_commit_seqno=4931666 nstreams_done_=323500 config.nstreams=400000 avg_latency=0.7017 ms avg throuhgput (requests/sec) = 916.0029 res=false
*==== INFO ====*  stream_id=1295996 latency=0.566380 ms (tx_ts=86707341392423, rx_ts=86707341958803) request_id=4939062 zil_blk_id=1295996 ccf_commit_seqno=4939063 nstreams_done_=324000 config.nstreams=400000 avg_latency=0.7016 ms avg throuhgput (requests/sec) = 915.9520 res=false
*==== INFO ====*  stream_id=1297996 latency=0.609059 ms (tx_ts=86707888612385, rx_ts=86707889221444) request_id=4946353 zil_blk_id=1297996 ccf_commit_seqno=4946353 nstreams_done_=324500 config.nstreams=400000 avg_latency=0.7015 ms avg throuhgput (requests/sec) = 915.9485 res=false
*==== INFO ====*  stream_id=1299996 latency=0.617605 ms (tx_ts=86708463501368, rx_ts=86708464118973) request_id=4953707 zil_blk_id=1299996 ccf_commit_seqno=4953707 nstreams_done_=325000 config.nstreams=400000 avg_latency=0.7015 ms avg throuhgput (requests/sec) = 915.8736 res=false
*==== INFO ====*  stream_id=1301996 latency=0.681044 ms (tx_ts=86709037606873, rx_ts=86709038287917) request_id=4960979 zil_blk_id=1301996 ccf_commit_seqno=4960981 nstreams_done_=325500 config.nstreams=400000 avg_latency=0.7015 ms avg throuhgput (requests/sec) = 915.8008 res=false
*==== INFO ====*  stream_id=1303996 latency=0.639666 ms (tx_ts=86709620391539, rx_ts=86709621031205) request_id=4968429 zil_blk_id=1303996 ccf_commit_seqno=4968430 nstreams_done_=326000 config.nstreams=400000 avg_latency=0.7015 ms avg throuhgput (requests/sec) = 915.7062 res=false
*==== INFO ====*  stream_id=1305996 latency=0.698095 ms (tx_ts=86710206548271, rx_ts=86710207246366) request_id=4976127 zil_blk_id=1305996 ccf_commit_seqno=4976127 nstreams_done_=326500 config.nstreams=400000 avg_latency=0.7015 ms avg throuhgput (requests/sec) = 915.6030 res=false
*==== INFO ====*  stream_id=1307996 latency=0.588951 ms (tx_ts=86710764853167, rx_ts=86710765442118) request_id=4983541 zil_blk_id=1307996 ccf_commit_seqno=4983541 nstreams_done_=327000 config.nstreams=400000 avg_latency=0.7014 ms avg throuhgput (requests/sec) = 915.5720 res=false
*==== INFO ====*  stream_id=1309996 latency=0.620281 ms (tx_ts=86711328897140, rx_ts=86711329517421) request_id=4991126 zil_blk_id=1309996 ccf_commit_seqno=4991126 nstreams_done_=327500 config.nstreams=400000 avg_latency=0.7014 ms avg throuhgput (requests/sec) = 915.5260 res=false
*==== INFO ====*  stream_id=1311996 latency=0.629748 ms (tx_ts=86711902806520, rx_ts=86711903436268) request_id=4998624 zil_blk_id=1311996 ccf_commit_seqno=4998624 nstreams_done_=328000 config.nstreams=400000 avg_latency=0.7013 ms avg throuhgput (requests/sec) = 915.4550 res=false
*==== INFO ====*  stream_id=1313996 latency=0.641293 ms (tx_ts=86712443096480, rx_ts=86712443737773) request_id=5005835 zil_blk_id=1313996 ccf_commit_seqno=5005837 nstreams_done_=328500 config.nstreams=400000 avg_latency=0.7012 ms avg throuhgput (requests/sec) = 915.4700 res=false
*==== INFO ====*  stream_id=1315996 latency=0.871229 ms (tx_ts=86713004111858, rx_ts=86713004983087) request_id=5012975 zil_blk_id=1315996 ccf_commit_seqno=5012978 nstreams_done_=329000 config.nstreams=400000 avg_latency=0.7012 ms avg throuhgput (requests/sec) = 915.4315 res=false
*==== INFO ====*  stream_id=1317996 latency=0.733612 ms (tx_ts=86713553491160, rx_ts=86713554224772) request_id=5020292 zil_blk_id=1317996 ccf_commit_seqno=5020293 nstreams_done_=329500 config.nstreams=400000 avg_latency=0.7012 ms avg throuhgput (requests/sec) = 915.4238 res=false
*==== INFO ====*  stream_id=1319996 latency=0.702394 ms (tx_ts=86714137348401, rx_ts=86714138050795) request_id=5027761 zil_blk_id=1319996 ccf_commit_seqno=5027761 nstreams_done_=330000 config.nstreams=400000 avg_latency=0.7012 ms avg throuhgput (requests/sec) = 915.3282 res=false
*==== INFO ====*  stream_id=1321996 latency=0.598600 ms (tx_ts=86714678922105, rx_ts=86714679520705) request_id=5034628 zil_blk_id=1321996 ccf_commit_seqno=5034628 nstreams_done_=330500 config.nstreams=400000 avg_latency=0.7013 ms avg throuhgput (requests/sec) = 915.3404 res=false
*==== INFO ====*  stream_id=1323996 latency=0.621323 ms (tx_ts=86715181481310, rx_ts=86715182102633) request_id=5041389 zil_blk_id=1323996 ccf_commit_seqno=5041390 nstreams_done_=331000 config.nstreams=400000 avg_latency=0.7012 ms avg throuhgput (requests/sec) = 915.4509 res=false
*==== INFO ====*  stream_id=1325996 latency=0.710629 ms (tx_ts=86715685172570, rx_ts=86715685883199) request_id=5047988 zil_blk_id=1325996 ccf_commit_seqno=5047989 nstreams_done_=331500 config.nstreams=400000 avg_latency=0.7011 ms avg throuhgput (requests/sec) = 915.5581 res=false
*==== INFO ====*  stream_id=1327996 latency=0.636150 ms (tx_ts=86716259922988, rx_ts=86716260559138) request_id=5054848 zil_blk_id=1327996 ccf_commit_seqno=5054849 nstreams_done_=332000 config.nstreams=400000 avg_latency=0.7013 ms avg throuhgput (requests/sec) = 915.4860 res=false
*==== INFO ====*  stream_id=1329996 latency=0.603155 ms (tx_ts=86716792192678, rx_ts=86716792795833) request_id=5061828 zil_blk_id=1329996 ccf_commit_seqno=5061829 nstreams_done_=332500 config.nstreams=400000 avg_latency=0.7012 ms avg throuhgput (requests/sec) = 915.5211 res=false
*==== INFO ====*  stream_id=1331996 latency=0.593279 ms (tx_ts=86717304835333, rx_ts=86717305428612) request_id=5068465 zil_blk_id=1331996 ccf_commit_seqno=5068465 nstreams_done_=333000 config.nstreams=400000 avg_latency=0.7012 ms avg throuhgput (requests/sec) = 915.6054 res=false
*==== INFO ====*  stream_id=1333996 latency=0.670435 ms (tx_ts=86717846361792, rx_ts=86717847032227) request_id=5075603 zil_blk_id=1333996 ccf_commit_seqno=5075603 nstreams_done_=333500 config.nstreams=400000 avg_latency=0.7011 ms avg throuhgput (requests/sec) = 915.6167 res=false
*==== INFO ====*  stream_id=1335996 latency=0.847595 ms (tx_ts=86718348952148, rx_ts=86718349799743) request_id=5082271 zil_blk_id=1335996 ccf_commit_seqno=5082274 nstreams_done_=334000 config.nstreams=400000 avg_latency=0.7010 ms avg throuhgput (requests/sec) = 915.7254 res=false
*==== INFO ====*  stream_id=1337996 latency=0.582119 ms (tx_ts=86718863938829, rx_ts=86718864520948) request_id=5089153 zil_blk_id=1337996 ccf_commit_seqno=5089153 nstreams_done_=334500 config.nstreams=400000 avg_latency=0.7010 ms avg throuhgput (requests/sec) = 915.8039 res=false
*==== INFO ====*  stream_id=1339996 latency=0.581007 ms (tx_ts=86719406986280, rx_ts=86719407567287) request_id=5096157 zil_blk_id=1339996 ccf_commit_seqno=5096157 nstreams_done_=335000 config.nstreams=400000 avg_latency=0.7010 ms avg throuhgput (requests/sec) = 915.8112 res=false
*==== INFO ====*  stream_id=1341996 latency=0.686394 ms (tx_ts=86719970465318, rx_ts=86719971151712) request_id=5103243 zil_blk_id=1341996 ccf_commit_seqno=5103243 nstreams_done_=335500 config.nstreams=400000 avg_latency=0.7011 ms avg throuhgput (requests/sec) = 915.7671 res=false
*==== INFO ====*  stream_id=1343996 latency=0.707914 ms (tx_ts=86720486702991, rx_ts=86720487410905) request_id=5110120 zil_blk_id=1343996 ccf_commit_seqno=5110124 nstreams_done_=336000 config.nstreams=400000 avg_latency=0.7010 ms avg throuhgput (requests/sec) = 915.8414 res=false
*==== INFO ====*  stream_id=1345996 latency=0.509383 ms (tx_ts=86721016519538, rx_ts=86721017028921) request_id=5116807 zil_blk_id=1345996 ccf_commit_seqno=5116807 nstreams_done_=336500 config.nstreams=400000 avg_latency=0.7010 ms avg throuhgput (requests/sec) = 915.8821 res=false
*==== INFO ====*  stream_id=1347996 latency=0.598940 ms (tx_ts=86721520037769, rx_ts=86721520636709) request_id=5123373 zil_blk_id=1347996 ccf_commit_seqno=5123373 nstreams_done_=337000 config.nstreams=400000 avg_latency=0.7010 ms avg throuhgput (requests/sec) = 915.9874 res=false
*==== INFO ====*  stream_id=1349996 latency=0.513228 ms (tx_ts=86722044799688, rx_ts=86722045312916) request_id=5130219 zil_blk_id=1349996 ccf_commit_seqno=5130219 nstreams_done_=337500 config.nstreams=400000 avg_latency=0.7009 ms avg throuhgput (requests/sec) = 916.0401 res=false
*==== INFO ====*  stream_id=1351996 latency=0.596800 ms (tx_ts=86722546969359, rx_ts=86722547566159) request_id=5136860 zil_blk_id=1351996 ccf_commit_seqno=5136861 nstreams_done_=338000 config.nstreams=400000 avg_latency=0.7009 ms avg throuhgput (requests/sec) = 916.1483 res=false
*==== INFO ====*  stream_id=1353996 latency=0.555329 ms (tx_ts=86723037975135, rx_ts=86723038530464) request_id=5143292 zil_blk_id=1353996 ccf_commit_seqno=5143292 nstreams_done_=338500 config.nstreams=400000 avg_latency=0.7008 ms avg throuhgput (requests/sec) = 916.2842 res=false
*==== INFO ====*  stream_id=1355996 latency=0.573663 ms (tx_ts=86723560859380, rx_ts=86723561433043) request_id=5149975 zil_blk_id=1355996 ccf_commit_seqno=5149975 nstreams_done_=339000 config.nstreams=400000 avg_latency=0.7008 ms avg throuhgput (requests/sec) = 916.3406 res=false
*==== INFO ====*  stream_id=1357996 latency=0.658662 ms (tx_ts=86724101141702, rx_ts=86724101800364) request_id=5156965 zil_blk_id=1357996 ccf_commit_seqno=5156965 nstreams_done_=339500 config.nstreams=400000 avg_latency=0.7008 ms avg throuhgput (requests/sec) = 916.3536 res=false
*==== INFO ====*  stream_id=1359996 latency=0.944674 ms (tx_ts=86724602318613, rx_ts=86724603263287) request_id=5163719 zil_blk_id=1359996 ccf_commit_seqno=5163719 nstreams_done_=340000 config.nstreams=400000 avg_latency=0.7008 ms avg throuhgput (requests/sec) = 916.4628 res=false
*==== INFO ====*  stream_id=1361996 latency=0.598259 ms (tx_ts=86725153257251, rx_ts=86725153855510) request_id=5170881 zil_blk_id=1361996 ccf_commit_seqno=5170882 nstreams_done_=340500 config.nstreams=400000 avg_latency=0.7008 ms avg throuhgput (requests/sec) = 916.4504 res=false
*==== INFO ====*  stream_id=1363996 latency=0.537235 ms (tx_ts=86725683731614, rx_ts=86725684268849) request_id=5177933 zil_blk_id=1363996 ccf_commit_seqno=5177934 nstreams_done_=341000 config.nstreams=400000 avg_latency=0.7006 ms avg throuhgput (requests/sec) = 916.4877 res=false
*==== INFO ====*  stream_id=1365996 latency=1.023965 ms (tx_ts=86726246734482, rx_ts=86726247758447) request_id=5185219 zil_blk_id=1365996 ccf_commit_seqno=5185228 nstreams_done_=341500 config.nstreams=400000 avg_latency=0.7006 ms avg throuhgput (requests/sec) = 916.4436 res=false
*==== INFO ====*  stream_id=1367996 latency=0.543286 ms (tx_ts=86726824219141, rx_ts=86726824762427) request_id=5192699 zil_blk_id=1367996 ccf_commit_seqno=5192699 nstreams_done_=342000 config.nstreams=400000 avg_latency=0.7006 ms avg throuhgput (requests/sec) = 916.3665 res=false
*==== INFO ====*  stream_id=1369996 latency=0.533718 ms (tx_ts=86727376018175, rx_ts=86727376551893) request_id=5199918 zil_blk_id=1369996 ccf_commit_seqno=5199918 nstreams_done_=342500 config.nstreams=400000 avg_latency=0.7005 ms avg throuhgput (requests/sec) = 916.3514 res=false
*==== INFO ====*  stream_id=1371996 latency=0.583632 ms (tx_ts=86727939131874, rx_ts=86727939715506) request_id=5207416 zil_blk_id=1371996 ccf_commit_seqno=5207417 nstreams_done_=343000 config.nstreams=400000 avg_latency=0.7004 ms avg throuhgput (requests/sec) = 916.3085 res=false
*==== INFO ====*  stream_id=1373996 latency=0.497060 ms (tx_ts=86728538529164, rx_ts=86728539026224) request_id=5214874 zil_blk_id=1373996 ccf_commit_seqno=5214874 nstreams_done_=343500 config.nstreams=400000 avg_latency=0.7004 ms avg throuhgput (requests/sec) = 916.1774 res=false
*==== INFO ====*  stream_id=1375996 latency=0.622030 ms (tx_ts=86729068569899, rx_ts=86729069191929) request_id=5221842 zil_blk_id=1375996 ccf_commit_seqno=5221842 nstreams_done_=344000 config.nstreams=400000 avg_latency=0.7004 ms avg throuhgput (requests/sec) = 916.2154 res=false
*==== INFO ====*  stream_id=1377996 latency=0.714253 ms (tx_ts=86729595400293, rx_ts=86729596114546) request_id=5228869 zil_blk_id=1377996 ccf_commit_seqno=5228870 nstreams_done_=344500 config.nstreams=400000 avg_latency=0.7004 ms avg throuhgput (requests/sec) = 916.2612 res=false
*==== INFO ====*  stream_id=1379996 latency=0.526034 ms (tx_ts=86730210115950, rx_ts=86730210641984) request_id=5236181 zil_blk_id=1379996 ccf_commit_seqno=5236181 nstreams_done_=345000 config.nstreams=400000 avg_latency=0.7004 ms avg throuhgput (requests/sec) = 916.0938 res=false
*==== INFO ====*  stream_id=1381996 latency=0.684066 ms (tx_ts=86730816526155, rx_ts=86730817210221) request_id=5243540 zil_blk_id=1381996 ccf_commit_seqno=5243541 nstreams_done_=345500 config.nstreams=400000 avg_latency=0.7004 ms avg throuhgput (requests/sec) = 915.9462 res=false
*==== INFO ====*  stream_id=1383996 latency=0.638334 ms (tx_ts=86731363962275, rx_ts=86731364600609) request_id=5250520 zil_blk_id=1383996 ccf_commit_seqno=5250520 nstreams_done_=346000 config.nstreams=400000 avg_latency=0.7004 ms avg throuhgput (requests/sec) = 915.9425 res=false
*==== INFO ====*  stream_id=1385996 latency=0.627911 ms (tx_ts=86731873627368, rx_ts=86731874255279) request_id=5257258 zil_blk_id=1385996 ccf_commit_seqno=5257259 nstreams_done_=346500 config.nstreams=400000 avg_latency=0.7004 ms avg throuhgput (requests/sec) = 916.0303 res=false
*==== INFO ====*  stream_id=1387996 latency=0.615845 ms (tx_ts=86732374378332, rx_ts=86732374994177) request_id=5264029 zil_blk_id=1387996 ccf_commit_seqno=5264029 nstreams_done_=347000 config.nstreams=400000 avg_latency=0.7003 ms avg throuhgput (requests/sec) = 916.1393 res=false
*==== INFO ====*  stream_id=1389996 latency=0.613688 ms (tx_ts=86732944829823, rx_ts=86732945443511) request_id=5271101 zil_blk_id=1389996 ccf_commit_seqno=5271101 nstreams_done_=347500 config.nstreams=400000 avg_latency=0.7003 ms avg throuhgput (requests/sec) = 916.0797 res=false
*==== INFO ====*  stream_id=1391996 latency=0.830543 ms (tx_ts=86733779255086, rx_ts=86733780085629) request_id=5278026 zil_blk_id=1391996 ccf_commit_seqno=5278029 nstreams_done_=348000 config.nstreams=400000 avg_latency=0.7008 ms avg throuhgput (requests/sec) = 915.3837 res=false
*==== INFO ====*  stream_id=1393996 latency=1.157208 ms (tx_ts=86734297980631, rx_ts=86734299137839) request_id=5284615 zil_blk_id=1393996 ccf_commit_seqno=5284622 nstreams_done_=348500 config.nstreams=400000 avg_latency=0.7008 ms avg throuhgput (requests/sec) = 915.4490 res=false
*==== INFO ====*  stream_id=1395996 latency=0.567200 ms (tx_ts=86734880241068, rx_ts=86734880808268) request_id=5291463 zil_blk_id=1395996 ccf_commit_seqno=5291463 nstreams_done_=349000 config.nstreams=400000 avg_latency=0.7009 ms avg throuhgput (requests/sec) = 915.3638 res=false
*==== INFO ====*  stream_id=1397996 latency=0.624257 ms (tx_ts=86735430264010, rx_ts=86735430888267) request_id=5298606 zil_blk_id=1397996 ccf_commit_seqno=5298607 nstreams_done_=349500 config.nstreams=400000 avg_latency=0.7009 ms avg throuhgput (requests/sec) = 915.3546 res=false
*==== INFO ====*  stream_id=1399996 latency=0.568266 ms (tx_ts=86735979540119, rx_ts=86735980108385) request_id=5305622 zil_blk_id=1399996 ccf_commit_seqno=5305622 nstreams_done_=350000 config.nstreams=400000 avg_latency=0.7010 ms avg throuhgput (requests/sec) = 915.3475 res=false
*==== INFO ====*  stream_id=1401996 latency=0.529530 ms (tx_ts=86736498530923, rx_ts=86736499060453) request_id=5312400 zil_blk_id=1401996 ccf_commit_seqno=5312400 nstreams_done_=350500 config.nstreams=400000 avg_latency=0.7009 ms avg throuhgput (requests/sec) = 915.4127 res=false
*==== INFO ====*  stream_id=1403996 latency=0.620350 ms (tx_ts=86737057061402, rx_ts=86737057681752) request_id=5319434 zil_blk_id=1403996 ccf_commit_seqno=5319434 nstreams_done_=351000 config.nstreams=400000 avg_latency=0.7010 ms avg throuhgput (requests/sec) = 915.3830 res=false
*==== INFO ====*  stream_id=1405996 latency=0.588164 ms (tx_ts=86737569853916, rx_ts=86737570442080) request_id=5326171 zil_blk_id=1405996 ccf_commit_seqno=5326172 nstreams_done_=351500 config.nstreams=400000 avg_latency=0.7009 ms avg throuhgput (requests/sec) = 915.4628 res=false
*==== INFO ====*  stream_id=1407996 latency=0.630660 ms (tx_ts=86738105176835, rx_ts=86738105807495) request_id=5332997 zil_blk_id=1407996 ccf_commit_seqno=5332997 nstreams_done_=352000 config.nstreams=400000 avg_latency=0.7009 ms avg throuhgput (requests/sec) = 915.4885 res=false
*==== INFO ====*  stream_id=1409996 latency=0.529190 ms (tx_ts=86738646311016, rx_ts=86738646840206) request_id=5339858 zil_blk_id=1409996 ccf_commit_seqno=5339858 nstreams_done_=352500 config.nstreams=400000 avg_latency=0.7009 ms avg throuhgput (requests/sec) = 915.5007 res=false
*==== INFO ====*  stream_id=1411996 latency=0.851433 ms (tx_ts=86739178315695, rx_ts=86739179167128) request_id=5346746 zil_blk_id=1411996 ccf_commit_seqno=5346749 nstreams_done_=353000 config.nstreams=400000 avg_latency=0.7009 ms avg throuhgput (requests/sec) = 915.5335 res=false
*==== INFO ====*  stream_id=1413996 latency=0.679321 ms (tx_ts=86739692891933, rx_ts=86739693571254) request_id=5353485 zil_blk_id=1413996 ccf_commit_seqno=5353485 nstreams_done_=353500 config.nstreams=400000 avg_latency=0.7009 ms avg throuhgput (requests/sec) = 915.6088 res=false
*==== INFO ====*  stream_id=1415996 latency=0.578842 ms (tx_ts=86740205492232, rx_ts=86740206071074) request_id=5360314 zil_blk_id=1415996 ccf_commit_seqno=5360314 nstreams_done_=354000 config.nstreams=400000 avg_latency=0.7009 ms avg throuhgput (requests/sec) = 915.6883 res=false
*==== INFO ====*  stream_id=1417996 latency=0.562683 ms (tx_ts=86740762790386, rx_ts=86740763353069) request_id=5367246 zil_blk_id=1417996 ccf_commit_seqno=5367246 nstreams_done_=354500 config.nstreams=400000 avg_latency=0.7009 ms avg throuhgput (requests/sec) = 915.6617 res=false
*==== INFO ====*  stream_id=1419996 latency=0.681675 ms (tx_ts=86741305879693, rx_ts=86741306561368) request_id=5374488 zil_blk_id=1419996 ccf_commit_seqno=5374488 nstreams_done_=355000 config.nstreams=400000 avg_latency=0.7009 ms avg throuhgput (requests/sec) = 915.6684 res=false
*==== INFO ====*  stream_id=1421996 latency=0.589794 ms (tx_ts=86741842094550, rx_ts=86741842684344) request_id=5381210 zil_blk_id=1421996 ccf_commit_seqno=5381210 nstreams_done_=355500 config.nstreams=400000 avg_latency=0.7009 ms avg throuhgput (requests/sec) = 915.6919 res=false
*==== INFO ====*  stream_id=1423996 latency=0.595845 ms (tx_ts=86742359151961, rx_ts=86742359747806) request_id=5388153 zil_blk_id=1423996 ccf_commit_seqno=5388154 nstreams_done_=356000 config.nstreams=400000 avg_latency=0.7008 ms avg throuhgput (requests/sec) = 915.7601 res=false
*==== INFO ====*  stream_id=1425996 latency=0.705654 ms (tx_ts=86742862775479, rx_ts=86742863481133) request_id=5394833 zil_blk_id=1425996 ccf_commit_seqno=5394836 nstreams_done_=356500 config.nstreams=400000 avg_latency=0.7008 ms avg throuhgput (requests/sec) = 915.8595 res=false
*==== INFO ====*  stream_id=1427996 latency=0.613839 ms (tx_ts=86743424152353, rx_ts=86743424766192) request_id=5401681 zil_blk_id=1427996 ccf_commit_seqno=5401683 nstreams_done_=357000 config.nstreams=400000 avg_latency=0.7009 ms avg throuhgput (requests/sec) = 915.8235 res=false
*==== INFO ====*  stream_id=1429996 latency=0.583091 ms (tx_ts=86743954555334, rx_ts=86743955138425) request_id=5408754 zil_blk_id=1429996 ccf_commit_seqno=5408754 nstreams_done_=357500 config.nstreams=400000 avg_latency=0.7009 ms avg throuhgput (requests/sec) = 915.8600 res=false
*==== INFO ====*  stream_id=1431996 latency=0.601776 ms (tx_ts=86744516704389, rx_ts=86744517306165) request_id=5415908 zil_blk_id=1431996 ccf_commit_seqno=5415908 nstreams_done_=358000 config.nstreams=400000 avg_latency=0.7009 ms avg throuhgput (requests/sec) = 915.8220 res=false
*==== INFO ====*  stream_id=1433996 latency=0.666643 ms (tx_ts=86745058570562, rx_ts=86745059237205) request_id=5422798 zil_blk_id=1433996 ccf_commit_seqno=5422800 nstreams_done_=358500 config.nstreams=400000 avg_latency=0.7009 ms avg throuhgput (requests/sec) = 915.8314 res=false
*==== INFO ====*  stream_id=1435996 latency=0.529170 ms (tx_ts=86745565900390, rx_ts=86745566429560) request_id=5429612 zil_blk_id=1435996 ccf_commit_seqno=5429612 nstreams_done_=359000 config.nstreams=400000 avg_latency=0.7009 ms avg throuhgput (requests/sec) = 915.9220 res=false
*==== INFO ====*  stream_id=1437996 latency=0.677417 ms (tx_ts=86746096211165, rx_ts=86746096888582) request_id=5436319 zil_blk_id=1437996 ccf_commit_seqno=5436321 nstreams_done_=359500 config.nstreams=400000 avg_latency=0.7009 ms avg throuhgput (requests/sec) = 915.9580 res=false
*==== INFO ====*  stream_id=1439996 latency=0.597999 ms (tx_ts=86746618147164, rx_ts=86746618745163) request_id=5443080 zil_blk_id=1439996 ccf_commit_seqno=5443080 nstreams_done_=360000 config.nstreams=400000 avg_latency=0.7009 ms avg throuhgput (requests/sec) = 916.0140 res=false
*==== INFO ====*  stream_id=1441996 latency=0.661537 ms (tx_ts=86747124359319, rx_ts=86747125020856) request_id=5449822 zil_blk_id=1441996 ccf_commit_seqno=5449824 nstreams_done_=360500 config.nstreams=400000 avg_latency=0.7008 ms avg throuhgput (requests/sec) = 916.1061 res=false
*==== INFO ====*  stream_id=1443996 latency=0.590014 ms (tx_ts=86747627130500, rx_ts=86747627720514) request_id=5456590 zil_blk_id=1443996 ccf_commit_seqno=5456590 nstreams_done_=361000 config.nstreams=400000 avg_latency=0.7008 ms avg throuhgput (requests/sec) = 916.2063 res=false
*==== INFO ====*  stream_id=1445996 latency=0.567561 ms (tx_ts=86748157846587, rx_ts=86748158414148) request_id=5463508 zil_blk_id=1445996 ccf_commit_seqno=5463508 nstreams_done_=361500 config.nstreams=400000 avg_latency=0.7007 ms avg throuhgput (requests/sec) = 916.2412 res=false
*==== INFO ====*  stream_id=1447996 latency=0.600844 ms (tx_ts=86748693558817, rx_ts=86748694159661) request_id=5470293 zil_blk_id=1447996 ccf_commit_seqno=5470294 nstreams_done_=362000 config.nstreams=400000 avg_latency=0.7007 ms avg throuhgput (requests/sec) = 916.2643 res=false
*==== INFO ====*  stream_id=1449996 latency=0.711350 ms (tx_ts=86749208909781, rx_ts=86749209621131) request_id=5477048 zil_blk_id=1449996 ccf_commit_seqno=5477049 nstreams_done_=362500 config.nstreams=400000 avg_latency=0.7007 ms avg throuhgput (requests/sec) = 916.3343 res=false
*==== INFO ====*  stream_id=1451996 latency=0.884735 ms (tx_ts=86749735176195, rx_ts=86749736060930) request_id=5484179 zil_blk_id=1451996 ccf_commit_seqno=5484181 nstreams_done_=363000 config.nstreams=400000 avg_latency=0.7006 ms avg throuhgput (requests/sec) = 916.3788 res=false
*==== INFO ====*  stream_id=1453996 latency=0.549288 ms (tx_ts=86750292367807, rx_ts=86750292917095) request_id=5491389 zil_blk_id=1453996 ccf_commit_seqno=5491389 nstreams_done_=363500 config.nstreams=400000 avg_latency=0.7006 ms avg throuhgput (requests/sec) = 916.3528 res=false
*==== INFO ====*  stream_id=1455996 latency=0.625914 ms (tx_ts=86750851785754, rx_ts=86750852411668) request_id=5498538 zil_blk_id=1455996 ccf_commit_seqno=5498538 nstreams_done_=364000 config.nstreams=400000 avg_latency=0.7006 ms avg throuhgput (requests/sec) = 916.3209 res=false
*==== INFO ====*  stream_id=1457996 latency=0.539072 ms (tx_ts=86751374885712, rx_ts=86751375424784) request_id=5505427 zil_blk_id=1457996 ccf_commit_seqno=5505427 nstreams_done_=364500 config.nstreams=400000 avg_latency=0.7005 ms avg throuhgput (requests/sec) = 916.3730 res=false
*==== INFO ====*  stream_id=1459996 latency=0.723358 ms (tx_ts=86751898352279, rx_ts=86751899075637) request_id=5512265 zil_blk_id=1459996 ccf_commit_seqno=5512265 nstreams_done_=365000 config.nstreams=400000 avg_latency=0.7005 ms avg throuhgput (requests/sec) = 916.4236 res=false
*==== INFO ====*  stream_id=1461996 latency=0.759755 ms (tx_ts=86752454750852, rx_ts=86752455510607) request_id=5519299 zil_blk_id=1461996 ccf_commit_seqno=5519299 nstreams_done_=365500 config.nstreams=400000 avg_latency=0.7005 ms avg throuhgput (requests/sec) = 916.3987 res=false
*==== INFO ====*  stream_id=1463996 latency=0.655065 ms (tx_ts=86752989563904, rx_ts=86752990218969) request_id=5526198 zil_blk_id=1463996 ccf_commit_seqno=5526198 nstreams_done_=366000 config.nstreams=400000 avg_latency=0.7005 ms avg throuhgput (requests/sec) = 916.4237 res=false
*==== INFO ====*  stream_id=1465996 latency=0.668420 ms (tx_ts=86753500307460, rx_ts=86753500975880) request_id=5532889 zil_blk_id=1465996 ccf_commit_seqno=5532890 nstreams_done_=366500 config.nstreams=400000 avg_latency=0.7005 ms avg throuhgput (requests/sec) = 916.5036 res=false
*==== INFO ====*  stream_id=1467996 latency=0.547023 ms (tx_ts=86754006967715, rx_ts=86754007514738) request_id=5539644 zil_blk_id=1467996 ccf_commit_seqno=5539644 nstreams_done_=367000 config.nstreams=400000 avg_latency=0.7004 ms avg throuhgput (requests/sec) = 916.5929 res=false
*==== INFO ====*  stream_id=1469996 latency=0.702648 ms (tx_ts=86754512624218, rx_ts=86754513326866) request_id=5546119 zil_blk_id=1469996 ccf_commit_seqno=5546121 nstreams_done_=367500 config.nstreams=400000 avg_latency=0.7004 ms avg throuhgput (requests/sec) = 916.6836 res=false
*==== INFO ====*  stream_id=1471996 latency=0.615030 ms (tx_ts=86755018428966, rx_ts=86755019043996) request_id=5552632 zil_blk_id=1471996 ccf_commit_seqno=5552632 nstreams_done_=368000 config.nstreams=400000 avg_latency=0.7004 ms avg throuhgput (requests/sec) = 916.7743 res=false
*==== INFO ====*  stream_id=1473996 latency=0.728573 ms (tx_ts=86755539889645, rx_ts=86755540618218) request_id=5559439 zil_blk_id=1473996 ccf_commit_seqno=5559441 nstreams_done_=368500 config.nstreams=400000 avg_latency=0.7004 ms avg throuhgput (requests/sec) = 916.8287 res=false
*==== INFO ====*  stream_id=1475996 latency=0.740633 ms (tx_ts=86756065055324, rx_ts=86756065795957) request_id=5566445 zil_blk_id=1475996 ccf_commit_seqno=5566447 nstreams_done_=369000 config.nstreams=400000 avg_latency=0.7003 ms avg throuhgput (requests/sec) = 916.8746 res=false
*==== INFO ====*  stream_id=1477996 latency=0.588961 ms (tx_ts=86756607602437, rx_ts=86756608191398) request_id=5573549 zil_blk_id=1477996 ccf_commit_seqno=5573549 nstreams_done_=369500 config.nstreams=400000 avg_latency=0.7003 ms avg throuhgput (requests/sec) = 916.8813 res=false
*==== INFO ====*  stream_id=1479996 latency=0.621903 ms (tx_ts=86757151467484, rx_ts=86757152089387) request_id=5580747 zil_blk_id=1479996 ccf_commit_seqno=5580748 nstreams_done_=370000 config.nstreams=400000 avg_latency=0.7003 ms avg throuhgput (requests/sec) = 916.8846 res=false
*==== INFO ====*  stream_id=1481996 latency=0.878303 ms (tx_ts=86757689058412, rx_ts=86757689936715) request_id=5587942 zil_blk_id=1481996 ccf_commit_seqno=5587945 nstreams_done_=370500 config.nstreams=400000 avg_latency=0.7003 ms avg throuhgput (requests/sec) = 916.9015 res=false
*==== INFO ====*  stream_id=1483996 latency=0.653773 ms (tx_ts=86758223385121, rx_ts=86758224038894) request_id=5595023 zil_blk_id=1483996 ccf_commit_seqno=5595023 nstreams_done_=371000 config.nstreams=400000 avg_latency=0.7002 ms avg throuhgput (requests/sec) = 916.9269 res=false
*==== INFO ====*  stream_id=1485996 latency=0.653933 ms (tx_ts=86758777560288, rx_ts=86758778214221) request_id=5602214 zil_blk_id=1485996 ccf_commit_seqno=5602216 nstreams_done_=371500 config.nstreams=400000 avg_latency=0.7002 ms avg throuhgput (requests/sec) = 916.9068 res=false
*==== INFO ====*  stream_id=1487996 latency=0.753729 ms (tx_ts=86759325271431, rx_ts=86759326025160) request_id=5609495 zil_blk_id=1487996 ccf_commit_seqno=5609497 nstreams_done_=372000 config.nstreams=400000 avg_latency=0.7002 ms avg throuhgput (requests/sec) = 916.9012 res=false
*==== INFO ====*  stream_id=1489996 latency=0.660085 ms (tx_ts=86759870078418, rx_ts=86759870738503) request_id=5616631 zil_blk_id=1489996 ccf_commit_seqno=5616633 nstreams_done_=372500 config.nstreams=400000 avg_latency=0.7002 ms avg throuhgput (requests/sec) = 916.9026 res=false
*==== INFO ====*  stream_id=1491996 latency=0.750964 ms (tx_ts=86760379036681, rx_ts=86760379787645) request_id=5623666 zil_blk_id=1491996 ccf_commit_seqno=5623666 nstreams_done_=373000 config.nstreams=400000 avg_latency=0.7001 ms avg throuhgput (requests/sec) = 916.9843 res=false
*==== INFO ====*  stream_id=1493996 latency=0.671857 ms (tx_ts=86760933289795, rx_ts=86760933961652) request_id=5630953 zil_blk_id=1493996 ccf_commit_seqno=5630953 nstreams_done_=373500 config.nstreams=400000 avg_latency=0.7001 ms avg throuhgput (requests/sec) = 916.9642 res=false
*==== INFO ====*  stream_id=1495996 latency=0.523649 ms (tx_ts=86761439929779, rx_ts=86761440453428) request_id=5637787 zil_blk_id=1495996 ccf_commit_seqno=5637787 nstreams_done_=374000 config.nstreams=400000 avg_latency=0.7001 ms avg throuhgput (requests/sec) = 917.0514 res=false
*==== INFO ====*  stream_id=1497996 latency=0.572441 ms (tx_ts=86761983145647, rx_ts=86761983718088) request_id=5644795 zil_blk_id=1497996 ccf_commit_seqno=5644796 nstreams_done_=374500 config.nstreams=400000 avg_latency=0.7001 ms avg throuhgput (requests/sec) = 917.0559 res=false
*==== INFO ====*  stream_id=1499996 latency=0.704150 ms (tx_ts=86762531347852, rx_ts=86762532052002) request_id=5651919 zil_blk_id=1499996 ccf_commit_seqno=5651920 nstreams_done_=375000 config.nstreams=400000 avg_latency=0.7000 ms avg throuhgput (requests/sec) = 917.0489 res=false
*==== INFO ====*  stream_id=1501996 latency=0.655065 ms (tx_ts=86763121991078, rx_ts=86763122646143) request_id=5659057 zil_blk_id=1501996 ccf_commit_seqno=5659058 nstreams_done_=375500 config.nstreams=400000 avg_latency=0.7001 ms avg throuhgput (requests/sec) = 916.9473 res=false
*==== INFO ====*  stream_id=1503996 latency=0.522177 ms (tx_ts=86763698934637, rx_ts=86763699456814) request_id=5666395 zil_blk_id=1503996 ccf_commit_seqno=5666395 nstreams_done_=376000 config.nstreams=400000 avg_latency=0.7001 ms avg throuhgput (requests/sec) = 916.8768 res=false
*==== INFO ====*  stream_id=1505996 latency=0.640288 ms (tx_ts=86764248208373, rx_ts=86764248848661) request_id=5673742 zil_blk_id=1505996 ccf_commit_seqno=5673743 nstreams_done_=376500 config.nstreams=400000 avg_latency=0.7001 ms avg throuhgput (requests/sec) = 916.8677 res=false
*==== INFO ====*  stream_id=1507996 latency=0.989721 ms (tx_ts=86764872376504, rx_ts=86764873366225) request_id=5681078 zil_blk_id=1507996 ccf_commit_seqno=5681082 nstreams_done_=377000 config.nstreams=400000 avg_latency=0.7002 ms avg throuhgput (requests/sec) = 916.6912 res=false
*==== INFO ====*  stream_id=1509996 latency=0.609340 ms (tx_ts=86765381968592, rx_ts=86765382577932) request_id=5687932 zil_blk_id=1509996 ccf_commit_seqno=5687932 nstreams_done_=377500 config.nstreams=400000 avg_latency=0.7002 ms avg throuhgput (requests/sec) = 916.7718 res=false
*==== INFO ====*  stream_id=1511996 latency=0.684259 ms (tx_ts=86765918248478, rx_ts=86765918932737) request_id=5694664 zil_blk_id=1511996 ccf_commit_seqno=5694668 nstreams_done_=378000 config.nstreams=400000 avg_latency=0.7001 ms avg throuhgput (requests/sec) = 916.7919 res=false
*==== INFO ====*  stream_id=1513996 latency=0.754534 ms (tx_ts=86766446508444, rx_ts=86766447262978) request_id=5701206 zil_blk_id=1513996 ccf_commit_seqno=5701207 nstreams_done_=378500 config.nstreams=400000 avg_latency=0.7001 ms avg throuhgput (requests/sec) = 916.8298 res=false
*==== INFO ====*  stream_id=1515996 latency=0.619449 ms (tx_ts=86766952082677, rx_ts=86766952702126) request_id=5707337 zil_blk_id=1515996 ccf_commit_seqno=5707338 nstreams_done_=379000 config.nstreams=400000 avg_latency=0.7001 ms avg throuhgput (requests/sec) = 916.9183 res=false
*==== INFO ====*  stream_id=1517996 latency=0.593640 ms (tx_ts=86767440456522, rx_ts=86767441050162) request_id=5713429 zil_blk_id=1517996 ccf_commit_seqno=5713429 nstreams_done_=379500 config.nstreams=400000 avg_latency=0.7000 ms avg throuhgput (requests/sec) = 917.0445 res=false
*==== INFO ====*  stream_id=1519996 latency=0.774118 ms (tx_ts=86767990174947, rx_ts=86767990949065) request_id=5720030 zil_blk_id=1519996 ccf_commit_seqno=5720030 nstreams_done_=380000 config.nstreams=400000 avg_latency=0.7000 ms avg throuhgput (requests/sec) = 917.0342 res=false
*==== INFO ====*  stream_id=1521996 latency=0.655142 ms (tx_ts=86768521289139, rx_ts=86768521944281) request_id=5726468 zil_blk_id=1521996 ccf_commit_seqno=5726469 nstreams_done_=380500 config.nstreams=400000 avg_latency=0.7000 ms avg throuhgput (requests/sec) = 917.0657 res=false
*==== INFO ====*  stream_id=1523996 latency=0.594031 ms (tx_ts=86769050953089, rx_ts=86769051547120) request_id=5732928 zil_blk_id=1523996 ccf_commit_seqno=5732929 nstreams_done_=381000 config.nstreams=400000 avg_latency=0.7000 ms avg throuhgput (requests/sec) = 917.1002 res=false
*==== INFO ====*  stream_id=1525996 latency=0.871440 ms (tx_ts=86769604965261, rx_ts=86769605836701) request_id=5739465 zil_blk_id=1525996 ccf_commit_seqno=5739468 nstreams_done_=381500 config.nstreams=400000 avg_latency=0.7000 ms avg throuhgput (requests/sec) = 917.0801 res=false
*==== INFO ====*  stream_id=1527996 latency=1.334857 ms (tx_ts=86770155204472, rx_ts=86770156539329) request_id=5745941 zil_blk_id=1527996 ccf_commit_seqno=5745945 nstreams_done_=382000 config.nstreams=400000 avg_latency=0.7000 ms avg throuhgput (requests/sec) = 917.0680 res=false
*==== INFO ====*  stream_id=1529996 latency=0.607586 ms (tx_ts=86770688757529, rx_ts=86770689365115) request_id=5752373 zil_blk_id=1529996 ccf_commit_seqno=5752375 nstreams_done_=382500 config.nstreams=400000 avg_latency=0.6999 ms avg throuhgput (requests/sec) = 917.0953 res=false
*==== INFO ====*  stream_id=1531996 latency=0.673460 ms (tx_ts=86771203767910, rx_ts=86771204441370) request_id=5758841 zil_blk_id=1531996 ccf_commit_seqno=5758843 nstreams_done_=383000 config.nstreams=400000 avg_latency=0.6999 ms avg throuhgput (requests/sec) = 917.1614 res=false
*==== INFO ====*  stream_id=1533996 latency=0.924419 ms (tx_ts=86771761163706, rx_ts=86771762088125) request_id=5765445 zil_blk_id=1533996 ccf_commit_seqno=5765450 nstreams_done_=383500 config.nstreams=400000 avg_latency=0.6998 ms avg throuhgput (requests/sec) = 917.1340 res=false
*==== INFO ====*  stream_id=1535996 latency=0.658949 ms (tx_ts=86772293897937, rx_ts=86772294556886) request_id=5772100 zil_blk_id=1535996 ccf_commit_seqno=5772100 nstreams_done_=384000 config.nstreams=400000 avg_latency=0.6998 ms avg throuhgput (requests/sec) = 917.1619 res=false
*==== INFO ====*  stream_id=1537996 latency=0.831335 ms (tx_ts=86772818628313, rx_ts=86772819459648) request_id=5778687 zil_blk_id=1537996 ccf_commit_seqno=5778688 nstreams_done_=384500 config.nstreams=400000 avg_latency=0.6997 ms avg throuhgput (requests/sec) = 917.2062 res=false
*==== INFO ====*  stream_id=1539996 latency=0.627253 ms (tx_ts=86773359508998, rx_ts=86773360136251) request_id=5785190 zil_blk_id=1539996 ccf_commit_seqno=5785190 nstreams_done_=385000 config.nstreams=400000 avg_latency=0.6997 ms avg throuhgput (requests/sec) = 917.2159 res=false
*==== INFO ====*  stream_id=1541996 latency=0.571358 ms (tx_ts=86773872948970, rx_ts=86773873520328) request_id=5791527 zil_blk_id=1541996 ccf_commit_seqno=5791527 nstreams_done_=385500 config.nstreams=400000 avg_latency=0.6996 ms avg throuhgput (requests/sec) = 917.2852 res=false
*==== INFO ====*  stream_id=1543996 latency=0.539650 ms (tx_ts=86774395760028, rx_ts=86774396299678) request_id=5798036 zil_blk_id=1543996 ccf_commit_seqno=5798036 nstreams_done_=386000 config.nstreams=400000 avg_latency=0.6995 ms avg throuhgput (requests/sec) = 917.3338 res=false
*==== INFO ====*  stream_id=1545996 latency=0.582549 ms (tx_ts=86774943485423, rx_ts=86774944067972) request_id=5804671 zil_blk_id=1545996 ccf_commit_seqno=5804671 nstreams_done_=386500 config.nstreams=400000 avg_latency=0.6995 ms avg throuhgput (requests/sec) = 917.3279 res=false
*==== INFO ====*  stream_id=1547996 latency=0.551832 ms (tx_ts=86775471021353, rx_ts=86775471573185) request_id=5811311 zil_blk_id=1547996 ccf_commit_seqno=5811312 nstreams_done_=387000 config.nstreams=400000 avg_latency=0.6994 ms avg throuhgput (requests/sec) = 917.3661 res=false
*==== INFO ====*  stream_id=1549996 latency=0.622945 ms (tx_ts=86776023134359, rx_ts=86776023757304) request_id=5818138 zil_blk_id=1549996 ccf_commit_seqno=5818139 nstreams_done_=387500 config.nstreams=400000 avg_latency=0.6994 ms avg throuhgput (requests/sec) = 917.3506 res=false
*==== INFO ====*  stream_id=1551996 latency=0.617224 ms (tx_ts=86776580862980, rx_ts=86776581480204) request_id=5824717 zil_blk_id=1551996 ccf_commit_seqno=5824719 nstreams_done_=388000 config.nstreams=400000 avg_latency=0.6994 ms avg throuhgput (requests/sec) = 917.3231 res=false
*==== INFO ====*  stream_id=1553996 latency=0.529847 ms (tx_ts=86777079660190, rx_ts=86777080190037) request_id=5830901 zil_blk_id=1553996 ccf_commit_seqno=5830901 nstreams_done_=388500 config.nstreams=400000 avg_latency=0.6993 ms avg throuhgput (requests/sec) = 917.4235 res=false
*==== INFO ====*  stream_id=1555996 latency=0.531224 ms (tx_ts=86777591655714, rx_ts=86777592186938) request_id=5837178 zil_blk_id=1555996 ccf_commit_seqno=5837178 nstreams_done_=389000 config.nstreams=400000 avg_latency=0.6992 ms avg throuhgput (requests/sec) = 917.4949 res=false
*==== INFO ====*  stream_id=1557996 latency=0.736501 ms (tx_ts=86778103939324, rx_ts=86778104675825) request_id=5843591 zil_blk_id=1557996 ccf_commit_seqno=5843593 nstreams_done_=389500 config.nstreams=400000 avg_latency=0.6992 ms avg throuhgput (requests/sec) = 917.5651 res=false
*==== INFO ====*  stream_id=1559996 latency=0.560399 ms (tx_ts=86778619485639, rx_ts=86778620046038) request_id=5849827 zil_blk_id=1559996 ccf_commit_seqno=5849827 nstreams_done_=390000 config.nstreams=400000 avg_latency=0.6992 ms avg throuhgput (requests/sec) = 917.6289 res=false
*==== INFO ====*  stream_id=1561996 latency=0.928607 ms (tx_ts=86779169849537, rx_ts=86779170778144) request_id=5856433 zil_blk_id=1561996 ccf_commit_seqno=5856436 nstreams_done_=390500 config.nstreams=400000 avg_latency=0.6992 ms avg throuhgput (requests/sec) = 917.6163 res=false
*==== INFO ====*  stream_id=1563996 latency=0.685892 ms (tx_ts=86779705395820, rx_ts=86779706081712) request_id=5862985 zil_blk_id=1563996 ccf_commit_seqno=5862985 nstreams_done_=391000 config.nstreams=400000 avg_latency=0.6991 ms avg throuhgput (requests/sec) = 917.6370 res=false
*==== INFO ====*  stream_id=1565996 latency=0.692766 ms (tx_ts=86780237635238, rx_ts=86780238328004) request_id=5869490 zil_blk_id=1565996 ccf_commit_seqno=5869490 nstreams_done_=391500 config.nstreams=400000 avg_latency=0.6991 ms avg throuhgput (requests/sec) = 917.6641 res=false
*==== INFO ====*  stream_id=1567996 latency=0.603930 ms (tx_ts=86780798199065, rx_ts=86780798802995) request_id=5876296 zil_blk_id=1567996 ccf_commit_seqno=5876296 nstreams_done_=392000 config.nstreams=400000 avg_latency=0.6991 ms avg throuhgput (requests/sec) = 917.6306 res=false
*==== INFO ====*  stream_id=1569996 latency=0.682616 ms (tx_ts=86781309273756, rx_ts=86781309956372) request_id=5882728 zil_blk_id=1569996 ccf_commit_seqno=5882729 nstreams_done_=392500 config.nstreams=400000 avg_latency=0.6990 ms avg throuhgput (requests/sec) = 917.7029 res=false
*==== INFO ====*  stream_id=1571996 latency=0.772275 ms (tx_ts=86781849975431, rx_ts=86781850747706) request_id=5889309 zil_blk_id=1571996 ccf_commit_seqno=5889309 nstreams_done_=393000 config.nstreams=400000 avg_latency=0.6990 ms avg throuhgput (requests/sec) = 917.7116 res=false
*==== INFO ====*  stream_id=1573996 latency=0.591168 ms (tx_ts=86782391897226, rx_ts=86782392488394) request_id=5895856 zil_blk_id=1573996 ccf_commit_seqno=5895857 nstreams_done_=393500 config.nstreams=400000 avg_latency=0.6989 ms avg throuhgput (requests/sec) = 917.7182 res=false
*==== INFO ====*  stream_id=1575996 latency=0.659223 ms (tx_ts=86782937071597, rx_ts=86782937730820) request_id=5902352 zil_blk_id=1575996 ccf_commit_seqno=5902352 nstreams_done_=394000 config.nstreams=400000 avg_latency=0.6989 ms avg throuhgput (requests/sec) = 917.7174 res=false
*==== INFO ====*  stream_id=1577996 latency=0.600113 ms (tx_ts=86783476236629, rx_ts=86783476836742) request_id=5909075 zil_blk_id=1577996 ccf_commit_seqno=5909075 nstreams_done_=394500 config.nstreams=400000 avg_latency=0.6989 ms avg throuhgput (requests/sec) = 917.7296 res=false
*==== INFO ====*  stream_id=1579996 latency=0.678278 ms (tx_ts=86784042242216, rx_ts=86784042920494) request_id=5915770 zil_blk_id=1579996 ccf_commit_seqno=5915772 nstreams_done_=395000 config.nstreams=400000 avg_latency=0.6989 ms avg throuhgput (requests/sec) = 917.6842 res=false
*==== INFO ====*  stream_id=1581996 latency=0.724756 ms (tx_ts=86784606699879, rx_ts=86784607424635) request_id=5922516 zil_blk_id=1581996 ccf_commit_seqno=5922517 nstreams_done_=395500 config.nstreams=400000 avg_latency=0.6989 ms avg throuhgput (requests/sec) = 917.6424 res=false
*==== INFO ====*  stream_id=1583996 latency=0.707707 ms (tx_ts=86785161712493, rx_ts=86785162420200) request_id=5929216 zil_blk_id=1583996 ccf_commit_seqno=5929216 nstreams_done_=396000 config.nstreams=400000 avg_latency=0.6988 ms avg throuhgput (requests/sec) = 917.6209 res=false
*==== INFO ====*  stream_id=1585996 latency=0.619198 ms (tx_ts=86785677829997, rx_ts=86785678449195) request_id=5934893 zil_blk_id=1585996 ccf_commit_seqno=5934893 nstreams_done_=396500 config.nstreams=400000 avg_latency=0.6988 ms avg throuhgput (requests/sec) = 917.6822 res=false
*==== INFO ====*  stream_id=1587996 latency=0.593790 ms (tx_ts=86786181782228, rx_ts=86786182376018) request_id=5940640 zil_blk_id=1587996 ccf_commit_seqno=5940641 nstreams_done_=397000 config.nstreams=400000 avg_latency=0.6988 ms avg throuhgput (requests/sec) = 917.7690 res=false
*==== INFO ====*  stream_id=1589996 latency=0.720454 ms (tx_ts=86786674107646, rx_ts=86786674828100) request_id=5946452 zil_blk_id=1589996 ccf_commit_seqno=5946453 nstreams_done_=397500 config.nstreams=400000 avg_latency=0.6987 ms avg throuhgput (requests/sec) = 917.8799 res=false
*==== INFO ====*  stream_id=1591996 latency=0.557643 ms (tx_ts=86787190951258, rx_ts=86787191508901) request_id=5952254 zil_blk_id=1591996 ccf_commit_seqno=5952255 nstreams_done_=398000 config.nstreams=400000 avg_latency=0.6987 ms avg throuhgput (requests/sec) = 917.9393 res=false
*==== INFO ====*  stream_id=1593996 latency=0.648242 ms (tx_ts=86787737326985, rx_ts=86787737975227) request_id=5958142 zil_blk_id=1593996 ccf_commit_seqno=5958142 nstreams_done_=398500 config.nstreams=400000 avg_latency=0.6987 ms avg throuhgput (requests/sec) = 917.9356 res=false
*==== INFO ====*  stream_id=1595996 latency=0.588978 ms (tx_ts=86788250110826, rx_ts=86788250699804) request_id=5963888 zil_blk_id=1595996 ccf_commit_seqno=5963889 nstreams_done_=399000 config.nstreams=400000 avg_latency=0.6987 ms avg throuhgput (requests/sec) = 918.0031 res=false
*==== INFO ====*  stream_id=1597996 latency=0.630168 ms (tx_ts=86788757297667, rx_ts=86788757927835) request_id=5969871 zil_blk_id=1597996 ccf_commit_seqno=5969871 nstreams_done_=399500 config.nstreams=400000 avg_latency=0.6986 ms avg throuhgput (requests/sec) = 918.0821 res=false
*==== INFO ====* http_end_stream ALL streams done! nstreams_done_=400000 avg_latency=0.6986 ms
*==== INFO ====*  stream_id=1599996 latency=0.532165 ms (tx_ts=86789282564951, rx_ts=86789283097116) request_id=5975677 zil_blk_id=1599996 ccf_commit_seqno=5975677 nstreams_done_=400000 config.nstreams=400000 avg_latency=0.6986 ms avg throuhgput (requests/sec) = 918.1230 res=false
