Uniform: 649 1167 868 772 1325 
Exponential: -2147483648 -2147483648 -2147483648 -2147483648 -2147483648 
Truncated Normal: 820 110 1243 1461 1182 
*==== INFO ====*  stream_id=1996 latency=0.769669 ms (tx_ts=88315190290990, rx_ts=88315191060659) request_id=12958 zil_blk_id=1996 ccf_commit_seqno=12959 nstreams_done_=500 config.nstreams=400000 avg_latency=0.9224 ms avg throuhgput (requests/sec) = 704.7679 res=false
*==== INFO ====*  stream_id=3996 latency=0.827688 ms (tx_ts=88315894402215, rx_ts=88315895229903) request_id=25684 zil_blk_id=3996 ccf_commit_seqno=25687 nstreams_done_=1000 config.nstreams=400000 avg_latency=0.9388 ms avg throuhgput (requests/sec) = 707.4024 res=false
*==== INFO ====*  stream_id=5996 latency=0.812754 ms (tx_ts=88316565626916, rx_ts=88316566439670) request_id=38522 zil_blk_id=5996 ccf_commit_seqno=38523 nstreams_done_=1500 config.nstreams=400000 avg_latency=0.9218 ms avg throuhgput (requests/sec) = 719.4823 res=false
*==== INFO ====*  stream_id=7996 latency=0.957610 ms (tx_ts=88317246710807, rx_ts=88317247668417) request_id=51428 zil_blk_id=7996 ccf_commit_seqno=51429 nstreams_done_=2000 config.nstreams=400000 avg_latency=0.9176 ms avg throuhgput (requests/sec) = 723.0498 res=false
*==== INFO ====*  stream_id=9996 latency=0.785729 ms (tx_ts=88317897659104, rx_ts=88317898444833) request_id=64081 zil_blk_id=9996 ccf_commit_seqno=64081 nstreams_done_=2500 config.nstreams=400000 avg_latency=0.9057 ms avg throuhgput (requests/sec) = 731.6707 res=false
*==== INFO ====*  stream_id=11996 latency=0.883053 ms (tx_ts=88318574275034, rx_ts=88318575158087) request_id=76563 zil_blk_id=11996 ccf_commit_seqno=76566 nstreams_done_=3000 config.nstreams=400000 avg_latency=0.9086 ms avg throuhgput (requests/sec) = 732.8601 res=false
*==== INFO ====*  stream_id=13996 latency=1.334085 ms (tx_ts=88319282137654, rx_ts=88319283471739) request_id=89270 zil_blk_id=13996 ccf_commit_seqno=89276 nstreams_done_=3500 config.nstreams=400000 avg_latency=0.9191 ms avg throuhgput (requests/sec) = 728.8835 res=false
*==== INFO ====*  stream_id=15996 latency=1.334948 ms (tx_ts=88320025515858, rx_ts=88320026850806) request_id=103340 zil_blk_id=15996 ccf_commit_seqno=103344 nstreams_done_=4000 config.nstreams=400000 avg_latency=0.9352 ms avg throuhgput (requests/sec) = 721.3389 res=false
*==== INFO ====*  stream_id=17996 latency=0.797681 ms (tx_ts=88320716250002, rx_ts=88320717047683) request_id=117989 zil_blk_id=17996 ccf_commit_seqno=117995 nstreams_done_=4500 config.nstreams=400000 avg_latency=0.9305 ms avg throuhgput (requests/sec) = 721.6812 res=false
*==== INFO ====*  stream_id=19996 latency=0.865819 ms (tx_ts=88321455878062, rx_ts=88321456743881) request_id=132430 zil_blk_id=19996 ccf_commit_seqno=132431 nstreams_done_=5000 config.nstreams=400000 avg_latency=0.9385 ms avg throuhgput (requests/sec) = 716.8318 res=false
*==== INFO ====*  stream_id=21996 latency=0.667528 ms (tx_ts=88322175853350, rx_ts=88322176520878) request_id=146731 zil_blk_id=21996 ccf_commit_seqno=146731 nstreams_done_=5500 config.nstreams=400000 avg_latency=0.9441 ms avg throuhgput (requests/sec) = 714.7579 res=false
*==== INFO ====*  stream_id=23996 latency=1.177084 ms (tx_ts=88322892418062, rx_ts=88322893595146) request_id=160897 zil_blk_id=23996 ccf_commit_seqno=160908 nstreams_done_=6000 config.nstreams=400000 avg_latency=0.9481 ms avg throuhgput (requests/sec) = 713.2678 res=false
*==== INFO ====*  stream_id=25996 latency=0.834259 ms (tx_ts=88323587331464, rx_ts=88323588165723) request_id=175124 zil_blk_id=25996 ccf_commit_seqno=175128 nstreams_done_=6500 config.nstreams=400000 avg_latency=0.9460 ms avg throuhgput (requests/sec) = 713.7713 res=false
*==== INFO ====*  stream_id=27996 latency=0.747560 ms (tx_ts=88324269213764, rx_ts=88324269961324) request_id=189416 zil_blk_id=27996 ccf_commit_seqno=189418 nstreams_done_=7000 config.nstreams=400000 avg_latency=0.9431 ms avg throuhgput (requests/sec) = 715.1356 res=false
*==== INFO ====*  stream_id=29996 latency=0.704852 ms (tx_ts=88324938022062, rx_ts=88324938726914) request_id=203825 zil_blk_id=29996 ccf_commit_seqno=203826 nstreams_done_=7500 config.nstreams=400000 avg_latency=0.9390 ms avg throuhgput (requests/sec) = 717.2147 res=false
*==== INFO ====*  stream_id=31996 latency=1.137196 ms (tx_ts=88325647042579, rx_ts=88325648179775) request_id=218088 zil_blk_id=31996 ccf_commit_seqno=218096 nstreams_done_=8000 config.nstreams=400000 avg_latency=0.9402 ms avg throuhgput (requests/sec) = 716.4240 res=false
*==== INFO ====*  stream_id=33996 latency=0.944766 ms (tx_ts=88326372973860, rx_ts=88326373918626) request_id=232514 zil_blk_id=33996 ccf_commit_seqno=232517 nstreams_done_=8500 config.nstreams=400000 avg_latency=0.9438 ms avg throuhgput (requests/sec) = 714.7475 res=false
*==== INFO ====*  stream_id=35996 latency=0.699618 ms (tx_ts=88327048086576, rx_ts=88327048786194) request_id=246988 zil_blk_id=35996 ccf_commit_seqno=246988 nstreams_done_=9000 config.nstreams=400000 avg_latency=0.9406 ms avg throuhgput (requests/sec) = 716.1512 res=false
*==== INFO ====*  stream_id=37996 latency=0.704944 ms (tx_ts=88327755281341, rx_ts=88327755986285) request_id=261432 zil_blk_id=37996 ccf_commit_seqno=261434 nstreams_done_=9500 config.nstreams=400000 avg_latency=0.9421 ms avg throuhgput (requests/sec) = 715.6644 res=false
*==== INFO ====*  stream_id=39996 latency=0.907741 ms (tx_ts=88328503705761, rx_ts=88328504613502) request_id=276104 zil_blk_id=39996 ccf_commit_seqno=276108 nstreams_done_=10000 config.nstreams=400000 avg_latency=0.9452 ms avg throuhgput (requests/sec) = 713.1139 res=false
*==== INFO ====*  stream_id=41996 latency=0.889759 ms (tx_ts=88329235473646, rx_ts=88329236363405) request_id=290733 zil_blk_id=41996 ccf_commit_seqno=290738 nstreams_done_=10500 config.nstreams=400000 avg_latency=0.9474 ms avg throuhgput (requests/sec) = 711.6349 res=false
*==== INFO ====*  stream_id=43996 latency=0.726952 ms (tx_ts=88329904397620, rx_ts=88329905124572) request_id=305147 zil_blk_id=43996 ccf_commit_seqno=305148 nstreams_done_=11000 config.nstreams=400000 avg_latency=0.9454 ms avg throuhgput (requests/sec) = 713.1966 res=false
*==== INFO ====*  stream_id=45996 latency=0.931376 ms (tx_ts=88330580966259, rx_ts=88330581897635) request_id=319752 zil_blk_id=45996 ccf_commit_seqno=319755 nstreams_done_=11500 config.nstreams=400000 avg_latency=0.9426 ms avg throuhgput (requests/sec) = 714.2728 res=false
*==== INFO ====*  stream_id=47996 latency=1.322860 ms (tx_ts=88331293999882, rx_ts=88331295322742) request_id=333854 zil_blk_id=47996 ccf_commit_seqno=333859 nstreams_done_=12000 config.nstreams=400000 avg_latency=0.9444 ms avg throuhgput (requests/sec) = 713.7030 res=false
*==== INFO ====*  stream_id=49996 latency=1.318312 ms (tx_ts=88332044236231, rx_ts=88332045554543) request_id=348399 zil_blk_id=49996 ccf_commit_seqno=348402 nstreams_done_=12500 config.nstreams=400000 avg_latency=0.9475 ms avg throuhgput (requests/sec) = 711.6851 res=false
*==== INFO ====*  stream_id=51996 latency=1.391101 ms (tx_ts=88332787471971, rx_ts=88332788863072) request_id=363250 zil_blk_id=51996 ccf_commit_seqno=363267 nstreams_done_=13000 config.nstreams=400000 avg_latency=0.9495 ms avg throuhgput (requests/sec) = 710.1010 res=false
*==== INFO ====*  stream_id=53996 latency=1.025559 ms (tx_ts=88333550581768, rx_ts=88333551607327) request_id=377742 zil_blk_id=53996 ccf_commit_seqno=377746 nstreams_done_=13500 config.nstreams=400000 avg_latency=0.9536 ms avg throuhgput (requests/sec) = 707.9182 res=false
*==== INFO ====*  stream_id=55996 latency=0.952117 ms (tx_ts=88334274866804, rx_ts=88334275818921) request_id=392367 zil_blk_id=55996 ccf_commit_seqno=392372 nstreams_done_=14000 config.nstreams=400000 avg_latency=0.9542 ms avg throuhgput (requests/sec) = 707.2775 res=false
*==== INFO ====*  stream_id=57996 latency=0.784036 ms (tx_ts=88334989021585, rx_ts=88334989805621) request_id=406898 zil_blk_id=57996 ccf_commit_seqno=406899 nstreams_done_=14500 config.nstreams=400000 avg_latency=0.9541 ms avg throuhgput (requests/sec) = 707.0343 res=false
*==== INFO ====*  stream_id=59996 latency=1.247002 ms (tx_ts=88335722587403, rx_ts=88335723834405) request_id=421623 zil_blk_id=59996 ccf_commit_seqno=421627 nstreams_done_=15000 config.nstreams=400000 avg_latency=0.9548 ms avg throuhgput (requests/sec) = 706.1406 res=false
*==== INFO ====*  stream_id=61996 latency=0.783766 ms (tx_ts=88336457214273, rx_ts=88336457998039) request_id=435998 zil_blk_id=61996 ccf_commit_seqno=435999 nstreams_done_=15500 config.nstreams=400000 avg_latency=0.9567 ms avg throuhgput (requests/sec) = 705.3023 res=false
*==== INFO ====*  stream_id=63996 latency=1.029645 ms (tx_ts=88337098294798, rx_ts=88337099324443) request_id=449810 zil_blk_id=63996 ccf_commit_seqno=449811 nstreams_done_=16000 config.nstreams=400000 avg_latency=0.9534 ms avg throuhgput (requests/sec) = 707.4100 res=false
*==== INFO ====*  stream_id=65996 latency=1.411343 ms (tx_ts=88337804879062, rx_ts=88337806290405) request_id=464229 zil_blk_id=65996 ccf_commit_seqno=464233 nstreams_done_=16500 config.nstreams=400000 avg_latency=0.9533 ms avg throuhgput (requests/sec) = 707.4051 res=false
*==== INFO ====*  stream_id=67996 latency=0.925554 ms (tx_ts=88338549687656, rx_ts=88338550613210) request_id=478938 zil_blk_id=67996 ccf_commit_seqno=478941 nstreams_done_=17000 config.nstreams=400000 avg_latency=0.9552 ms avg throuhgput (requests/sec) = 706.3025 res=false
*==== INFO ====*  stream_id=69996 latency=0.756435 ms (tx_ts=88339251197405, rx_ts=88339251953840) request_id=493273 zil_blk_id=69996 ccf_commit_seqno=493275 nstreams_done_=17500 config.nstreams=400000 avg_latency=0.9553 ms avg throuhgput (requests/sec) = 706.4899 res=false
*==== INFO ====*  stream_id=71996 latency=1.626281 ms (tx_ts=88339903674354, rx_ts=88339905300635) request_id=507826 zil_blk_id=71996 ccf_commit_seqno=507843 nstreams_done_=18000 config.nstreams=400000 avg_latency=0.9519 ms avg throuhgput (requests/sec) = 708.0010 res=false
*==== INFO ====*  stream_id=73996 latency=1.043206 ms (tx_ts=88340672555436, rx_ts=88340673598642) request_id=522652 zil_blk_id=73996 ccf_commit_seqno=522655 nstreams_done_=18500 config.nstreams=400000 avg_latency=0.9550 ms avg throuhgput (requests/sec) = 706.3228 res=false
*==== INFO ====*  stream_id=75996 latency=0.779318 ms (tx_ts=88341408414365, rx_ts=88341409193683) request_id=537051 zil_blk_id=75996 ccf_commit_seqno=537052 nstreams_done_=19000 config.nstreams=400000 avg_latency=0.9565 ms avg throuhgput (requests/sec) = 705.5961 res=false
*==== INFO ====*  stream_id=77996 latency=0.870997 ms (tx_ts=88342141288466, rx_ts=88342142159463) request_id=551584 zil_blk_id=77996 ccf_commit_seqno=551586 nstreams_done_=19500 config.nstreams=400000 avg_latency=0.9570 ms avg throuhgput (requests/sec) = 704.9751 res=false
*==== INFO ====*  stream_id=79996 latency=1.351436 ms (tx_ts=88342830552354, rx_ts=88342831903790) request_id=565695 zil_blk_id=79996 ccf_commit_seqno=565701 nstreams_done_=20000 config.nstreams=400000 avg_latency=0.9563 ms avg throuhgput (requests/sec) = 705.4600 res=false
*==== INFO ====*  stream_id=81996 latency=1.280276 ms (tx_ts=88343533360139, rx_ts=88343534640415) request_id=579749 zil_blk_id=81996 ccf_commit_seqno=579759 nstreams_done_=20500 config.nstreams=400000 avg_latency=0.9561 ms avg throuhgput (requests/sec) = 705.6062 res=false
*==== INFO ====*  stream_id=83996 latency=0.850826 ms (tx_ts=88344369724321, rx_ts=88344370575147) request_id=594939 zil_blk_id=83996 ccf_commit_seqno=594941 nstreams_done_=21000 config.nstreams=400000 avg_latency=0.9612 ms avg throuhgput (requests/sec) = 702.6004 res=false
*==== INFO ====*  stream_id=85996 latency=0.864948 ms (tx_ts=88345069842160, rx_ts=88345070707108) request_id=609229 zil_blk_id=85996 ccf_commit_seqno=609235 nstreams_done_=21500 config.nstreams=400000 avg_latency=0.9609 ms avg throuhgput (requests/sec) = 702.8647 res=false
*==== INFO ====*  stream_id=87996 latency=0.775352 ms (tx_ts=88345755667895, rx_ts=88345756443247) request_id=623459 zil_blk_id=87996 ccf_commit_seqno=623460 nstreams_done_=22000 config.nstreams=400000 avg_latency=0.9598 ms avg throuhgput (requests/sec) = 703.4409 res=false
*==== INFO ====*  stream_id=89996 latency=1.259636 ms (tx_ts=88346515155616, rx_ts=88346516415252) request_id=638236 zil_blk_id=89996 ccf_commit_seqno=638246 nstreams_done_=22500 config.nstreams=400000 avg_latency=0.9617 ms avg throuhgput (requests/sec) = 702.3610 res=false
*==== INFO ====*  stream_id=91996 latency=0.918337 ms (tx_ts=88347229287272, rx_ts=88347230205609) request_id=652635 zil_blk_id=91996 ccf_commit_seqno=652636 nstreams_done_=23000 config.nstreams=400000 avg_latency=0.9620 ms avg throuhgput (requests/sec) = 702.3201 res=false
*==== INFO ====*  stream_id=93996 latency=0.696292 ms (tx_ts=88347863718938, rx_ts=88347864415230) request_id=666960 zil_blk_id=93996 ccf_commit_seqno=666962 nstreams_done_=23500 config.nstreams=400000 avg_latency=0.9590 ms avg throuhgput (requests/sec) = 703.9552 res=false
*==== INFO ====*  stream_id=95996 latency=0.830663 ms (tx_ts=88348571955250, rx_ts=88348572785913) request_id=681244 zil_blk_id=95996 ccf_commit_seqno=681248 nstreams_done_=24000 config.nstreams=400000 avg_latency=0.9592 ms avg throuhgput (requests/sec) = 703.9944 res=false
*==== INFO ====*  stream_id=97996 latency=0.724853 ms (tx_ts=88349275731001, rx_ts=88349276455854) request_id=695738 zil_blk_id=97996 ccf_commit_seqno=695739 nstreams_done_=24500 config.nstreams=400000 avg_latency=0.9589 ms avg throuhgput (requests/sec) = 704.1272 res=false
*==== INFO ====*  stream_id=99996 latency=0.742439 ms (tx_ts=88350034332938, rx_ts=88350035075377) request_id=710238 zil_blk_id=99996 ccf_commit_seqno=710240 nstreams_done_=25000 config.nstreams=400000 avg_latency=0.9607 ms avg throuhgput (requests/sec) = 703.1663 res=false
*==== INFO ====*  stream_id=101996 latency=0.741036 ms (tx_ts=88350744739479, rx_ts=88350745480515) request_id=724365 zil_blk_id=101996 ccf_commit_seqno=724365 nstreams_done_=25500 config.nstreams=400000 avg_latency=0.9608 ms avg throuhgput (requests/sec) = 703.1792 res=false
*==== INFO ====*  stream_id=103996 latency=0.795067 ms (tx_ts=88351459039714, rx_ts=88351459834781) request_id=738598 zil_blk_id=103996 ccf_commit_seqno=738599 nstreams_done_=26000 config.nstreams=400000 avg_latency=0.9614 ms avg throuhgput (requests/sec) = 703.1164 res=false
*==== INFO ====*  stream_id=105996 latency=0.785391 ms (tx_ts=88352149548270, rx_ts=88352150333661) request_id=752718 zil_blk_id=105996 ccf_commit_seqno=752718 nstreams_done_=26500 config.nstreams=400000 avg_latency=0.9611 ms avg throuhgput (requests/sec) = 703.5014 res=false
*==== INFO ====*  stream_id=107996 latency=1.348418 ms (tx_ts=88352854214061, rx_ts=88352855562479) request_id=767253 zil_blk_id=107996 ccf_commit_seqno=767267 nstreams_done_=27000 config.nstreams=400000 avg_latency=0.9604 ms avg throuhgput (requests/sec) = 703.6022 res=false
*==== INFO ====*  stream_id=109996 latency=0.621001 ms (tx_ts=88353604422062, rx_ts=88353605043063) request_id=781805 zil_blk_id=109996 ccf_commit_seqno=781805 nstreams_done_=27500 config.nstreams=400000 avg_latency=0.9616 ms avg throuhgput (requests/sec) = 702.9035 res=false
*==== INFO ====*  stream_id=111996 latency=0.748359 ms (tx_ts=88354370788672, rx_ts=88354371537031) request_id=796287 zil_blk_id=111996 ccf_commit_seqno=796288 nstreams_done_=28000 config.nstreams=400000 avg_latency=0.9635 ms avg throuhgput (requests/sec) = 701.9315 res=false
*==== INFO ====*  stream_id=113996 latency=0.677637 ms (tx_ts=88355112016140, rx_ts=88355112693777) request_id=810855 zil_blk_id=113996 ccf_commit_seqno=810855 nstreams_done_=28500 config.nstreams=400000 avg_latency=0.9648 ms avg throuhgput (requests/sec) = 701.4334 res=false
*==== INFO ====*  stream_id=115996 latency=1.791594 ms (tx_ts=88355835564346, rx_ts=88355837355940) request_id=825214 zil_blk_id=115996 ccf_commit_seqno=825232 nstreams_done_=29000 config.nstreams=400000 avg_latency=0.9654 ms avg throuhgput (requests/sec) = 701.2326 res=false
*==== INFO ====*  stream_id=117996 latency=0.625342 ms (tx_ts=88356567511877, rx_ts=88356568137219) request_id=839627 zil_blk_id=117996 ccf_commit_seqno=839627 nstreams_done_=29500 config.nstreams=400000 avg_latency=0.9660 ms avg throuhgput (requests/sec) = 700.9369 res=false
*==== INFO ====*  stream_id=119996 latency=0.773864 ms (tx_ts=88357239187750, rx_ts=88357239961614) request_id=854345 zil_blk_id=119996 ccf_commit_seqno=854345 nstreams_done_=30000 config.nstreams=400000 avg_latency=0.9641 ms avg throuhgput (requests/sec) = 701.6173 res=false
*==== INFO ====*  stream_id=121996 latency=0.841106 ms (tx_ts=88357902513848, rx_ts=88357903354954) request_id=868873 zil_blk_id=121996 ccf_commit_seqno=868876 nstreams_done_=30500 config.nstreams=400000 avg_latency=0.9624 ms avg throuhgput (requests/sec) = 702.4130 res=false
*==== INFO ====*  stream_id=123996 latency=0.780286 ms (tx_ts=88358579272137, rx_ts=88358580052423) request_id=882963 zil_blk_id=123996 ccf_commit_seqno=882963 nstreams_done_=31000 config.nstreams=400000 avg_latency=0.9612 ms avg throuhgput (requests/sec) = 702.9726 res=false
*==== INFO ====*  stream_id=125996 latency=0.821286 ms (tx_ts=88359310952947, rx_ts=88359311774233) request_id=897593 zil_blk_id=125996 ccf_commit_seqno=897595 nstreams_done_=31500 config.nstreams=400000 avg_latency=0.9620 ms avg throuhgput (requests/sec) = 702.6519 res=false
*==== INFO ====*  stream_id=127996 latency=1.353800 ms (tx_ts=88360065188686, rx_ts=88360066542486) request_id=912437 zil_blk_id=127996 ccf_commit_seqno=912450 nstreams_done_=32000 config.nstreams=400000 avg_latency=0.9629 ms avg throuhgput (requests/sec) = 701.9863 res=false
*==== INFO ====*  stream_id=129996 latency=1.713425 ms (tx_ts=88360780777925, rx_ts=88360782491350) request_id=927050 zil_blk_id=129996 ccf_commit_seqno=927056 nstreams_done_=32500 config.nstreams=400000 avg_latency=0.9631 ms avg throuhgput (requests/sec) = 701.9304 res=false
*==== INFO ====*  stream_id=131996 latency=1.082545 ms (tx_ts=88361501624094, rx_ts=88361502706639) request_id=941413 zil_blk_id=131996 ccf_commit_seqno=941418 nstreams_done_=33000 config.nstreams=400000 avg_latency=0.9636 ms avg throuhgput (requests/sec) = 701.8126 res=false
*==== INFO ====*  stream_id=133996 latency=1.686094 ms (tx_ts=88362265345888, rx_ts=88362267031982) request_id=955569 zil_blk_id=133996 ccf_commit_seqno=955587 nstreams_done_=33500 config.nstreams=400000 avg_latency=0.9657 ms avg throuhgput (requests/sec) = 701.0506 res=false
*==== INFO ====*  stream_id=135996 latency=0.879905 ms (tx_ts=88363035881724, rx_ts=88363036761629) request_id=970089 zil_blk_id=135996 ccf_commit_seqno=970094 nstreams_done_=34000 config.nstreams=400000 avg_latency=0.9676 ms avg throuhgput (requests/sec) = 700.2346 res=false
*==== INFO ====*  stream_id=137996 latency=0.744636 ms (tx_ts=88363798323175, rx_ts=88363799067811) request_id=985133 zil_blk_id=137996 ccf_commit_seqno=985134 nstreams_done_=34500 config.nstreams=400000 avg_latency=0.9683 ms avg throuhgput (requests/sec) = 699.5494 res=false
*==== INFO ====*  stream_id=139996 latency=0.683281 ms (tx_ts=88364449945354, rx_ts=88364450628635) request_id=999300 zil_blk_id=139996 ccf_commit_seqno=999301 nstreams_done_=35000 config.nstreams=400000 avg_latency=0.9669 ms avg throuhgput (requests/sec) = 700.4340 res=false
*==== INFO ====*  stream_id=141996 latency=0.738701 ms (tx_ts=88365172346032, rx_ts=88365173084733) request_id=1013626 zil_blk_id=141996 ccf_commit_seqno=1013626 nstreams_done_=35500 config.nstreams=400000 avg_latency=0.9672 ms avg throuhgput (requests/sec) = 700.3150 res=false
*==== INFO ====*  stream_id=143996 latency=0.773727 ms (tx_ts=88365826872424, rx_ts=88365827646151) request_id=1028001 zil_blk_id=143996 ccf_commit_seqno=1028001 nstreams_done_=36000 config.nstreams=400000 avg_latency=0.9655 ms avg throuhgput (requests/sec) = 701.1252 res=false
*==== INFO ====*  stream_id=145996 latency=0.796028 ms (tx_ts=88366561660249, rx_ts=88366562456277) request_id=1042569 zil_blk_id=145996 ccf_commit_seqno=1042570 nstreams_done_=36500 config.nstreams=400000 avg_latency=0.9658 ms avg throuhgput (requests/sec) = 700.8334 res=false
*==== INFO ====*  stream_id=147996 latency=0.767655 ms (tx_ts=88367260384600, rx_ts=88367261152255) request_id=1056747 zil_blk_id=147996 ccf_commit_seqno=1056748 nstreams_done_=37000 config.nstreams=400000 avg_latency=0.9657 ms avg throuhgput (requests/sec) = 701.0292 res=false
*==== INFO ====*  stream_id=149996 latency=1.313376 ms (tx_ts=88367946615746, rx_ts=88367947929122) request_id=1071190 zil_blk_id=149996 ccf_commit_seqno=1071198 nstreams_done_=37500 config.nstreams=400000 avg_latency=0.9652 ms avg throuhgput (requests/sec) = 701.3761 res=false
*==== INFO ====*  stream_id=151996 latency=0.988581 ms (tx_ts=88368678718093, rx_ts=88368679706674) request_id=1085726 zil_blk_id=151996 ccf_commit_seqno=1085729 nstreams_done_=38000 config.nstreams=400000 avg_latency=0.9657 ms avg throuhgput (requests/sec) = 701.1316 res=false
*==== INFO ====*  stream_id=153996 latency=0.804094 ms (tx_ts=88369379670067, rx_ts=88369380474161) request_id=1100065 zil_blk_id=153996 ccf_commit_seqno=1100068 nstreams_done_=38500 config.nstreams=400000 avg_latency=0.9655 ms avg throuhgput (requests/sec) = 701.2895 res=false
*==== INFO ====*  stream_id=155996 latency=0.698389 ms (tx_ts=88370102603614, rx_ts=88370103302003) request_id=1114761 zil_blk_id=155996 ccf_commit_seqno=1114761 nstreams_done_=39000 config.nstreams=400000 avg_latency=0.9654 ms avg throuhgput (requests/sec) = 701.1653 res=false
*==== INFO ====*  stream_id=157996 latency=1.184104 ms (tx_ts=88370802118384, rx_ts=88370803302488) request_id=1129113 zil_blk_id=157996 ccf_commit_seqno=1129113 nstreams_done_=39500 config.nstreams=400000 avg_latency=0.9649 ms avg throuhgput (requests/sec) = 701.3283 res=false
*==== INFO ====*  stream_id=159996 latency=0.940150 ms (tx_ts=88371504404336, rx_ts=88371505344486) request_id=1143453 zil_blk_id=159996 ccf_commit_seqno=1143456 nstreams_done_=40000 config.nstreams=400000 avg_latency=0.9645 ms avg throuhgput (requests/sec) = 701.4623 res=false
*==== INFO ====*  stream_id=161996 latency=0.890445 ms (tx_ts=88372212557963, rx_ts=88372213448408) request_id=1157667 zil_blk_id=161996 ccf_commit_seqno=1157669 nstreams_done_=40500 config.nstreams=400000 avg_latency=0.9646 ms avg throuhgput (requests/sec) = 701.5193 res=false
*==== INFO ====*  stream_id=163996 latency=0.664165 ms (tx_ts=88372900971882, rx_ts=88372901636047) request_id=1171956 zil_blk_id=163996 ccf_commit_seqno=1171956 nstreams_done_=41000 config.nstreams=400000 avg_latency=0.9640 ms avg throuhgput (requests/sec) = 701.8141 res=false
*==== INFO ====*  stream_id=165996 latency=1.096420 ms (tx_ts=88373657666107, rx_ts=88373658762527) request_id=1186423 zil_blk_id=165996 ccf_commit_seqno=1186431 nstreams_done_=41500 config.nstreams=400000 avg_latency=0.9651 ms avg throuhgput (requests/sec) = 701.2841 res=false
*==== INFO ====*  stream_id=167996 latency=1.278530 ms (tx_ts=88374350146309, rx_ts=88374351424839) request_id=1200938 zil_blk_id=167996 ccf_commit_seqno=1200938 nstreams_done_=42000 config.nstreams=400000 avg_latency=0.9646 ms avg throuhgput (requests/sec) = 701.5221 res=false
*==== INFO ====*  stream_id=169996 latency=0.871851 ms (tx_ts=88375011822745, rx_ts=88375012694596) request_id=1215223 zil_blk_id=169996 ccf_commit_seqno=1215223 nstreams_done_=42500 config.nstreams=400000 avg_latency=0.9637 ms avg throuhgput (requests/sec) = 702.1186 res=false
*==== INFO ====*  stream_id=171996 latency=0.864147 ms (tx_ts=88375669693272, rx_ts=88375670557419) request_id=1229259 zil_blk_id=171996 ccf_commit_seqno=1229261 nstreams_done_=43000 config.nstreams=400000 avg_latency=0.9627 ms avg throuhgput (requests/sec) = 702.7413 res=false
*==== INFO ====*  stream_id=173996 latency=0.654594 ms (tx_ts=88376356336095, rx_ts=88376356990689) request_id=1244033 zil_blk_id=173996 ccf_commit_seqno=1244033 nstreams_done_=43500 config.nstreams=400000 avg_latency=0.9617 ms avg throuhgput (requests/sec) = 703.0259 res=false
*==== INFO ====*  stream_id=175996 latency=0.765545 ms (tx_ts=88377029606741, rx_ts=88377030372286) request_id=1258599 zil_blk_id=175996 ccf_commit_seqno=1258601 nstreams_done_=44000 config.nstreams=400000 avg_latency=0.9607 ms avg throuhgput (requests/sec) = 703.4511 res=false
*==== INFO ====*  stream_id=177996 latency=0.894493 ms (tx_ts=88377697556764, rx_ts=88377698451257) request_id=1272674 zil_blk_id=177996 ccf_commit_seqno=1272679 nstreams_done_=44500 config.nstreams=400000 avg_latency=0.9601 ms avg throuhgput (requests/sec) = 703.9263 res=false
*==== INFO ====*  stream_id=179996 latency=0.637672 ms (tx_ts=88378438577047, rx_ts=88378439214719) request_id=1287297 zil_blk_id=179996 ccf_commit_seqno=1287297 nstreams_done_=45000 config.nstreams=400000 avg_latency=0.9610 ms avg throuhgput (requests/sec) = 703.5910 res=false
*==== INFO ====*  stream_id=181996 latency=1.074721 ms (tx_ts=88379192381784, rx_ts=88379193456505) request_id=1301709 zil_blk_id=181996 ccf_commit_seqno=1301714 nstreams_done_=45500 config.nstreams=400000 avg_latency=0.9619 ms avg throuhgput (requests/sec) = 703.1170 res=false
*==== INFO ====*  stream_id=183996 latency=0.628375 ms (tx_ts=88379909655918, rx_ts=88379910284293) request_id=1315876 zil_blk_id=183996 ccf_commit_seqno=1315876 nstreams_done_=46000 config.nstreams=400000 avg_latency=0.9622 ms avg throuhgput (requests/sec) = 703.0556 res=false
*==== INFO ====*  stream_id=185996 latency=1.001393 ms (tx_ts=88380617309139, rx_ts=88380618310532) request_id=1330105 zil_blk_id=185996 ccf_commit_seqno=1330110 nstreams_done_=46500 config.nstreams=400000 avg_latency=0.9624 ms avg throuhgput (requests/sec) = 703.0892 res=false
*==== INFO ====*  stream_id=187996 latency=0.585702 ms (tx_ts=88381269340105, rx_ts=88381269925807) request_id=1344138 zil_blk_id=187996 ccf_commit_seqno=1344138 nstreams_done_=47000 config.nstreams=400000 avg_latency=0.9613 ms avg throuhgput (requests/sec) = 703.7159 res=false
*==== INFO ====*  stream_id=189996 latency=1.402764 ms (tx_ts=88381936490522, rx_ts=88381937893286) request_id=1358034 zil_blk_id=189996 ccf_commit_seqno=1358037 nstreams_done_=47500 config.nstreams=400000 avg_latency=0.9606 ms avg throuhgput (requests/sec) = 704.1597 res=false
*==== INFO ====*  stream_id=191996 latency=1.359974 ms (tx_ts=88382624917940, rx_ts=88382626277914) request_id=1372405 zil_blk_id=191996 ccf_commit_seqno=1372413 nstreams_done_=48000 config.nstreams=400000 avg_latency=0.9601 ms avg throuhgput (requests/sec) = 704.3838 res=false
*==== INFO ====*  stream_id=193996 latency=0.883673 ms (tx_ts=88383372258680, rx_ts=88383373142353) request_id=1386798 zil_blk_id=193996 ccf_commit_seqno=1386801 nstreams_done_=48500 config.nstreams=400000 avg_latency=0.9609 ms avg throuhgput (requests/sec) = 704.0052 res=false
*==== INFO ====*  stream_id=195996 latency=0.752227 ms (tx_ts=88384034281821, rx_ts=88384035034048) request_id=1400788 zil_blk_id=195996 ccf_commit_seqno=1400789 nstreams_done_=49000 config.nstreams=400000 avg_latency=0.9600 ms avg throuhgput (requests/sec) = 704.4944 res=false
*==== INFO ====*  stream_id=197996 latency=0.661191 ms (tx_ts=88384709597918, rx_ts=88384710259109) request_id=1414983 zil_blk_id=197996 ccf_commit_seqno=1414984 nstreams_done_=49500 config.nstreams=400000 avg_latency=0.9595 ms avg throuhgput (requests/sec) = 704.8405 res=false
*==== INFO ====*  stream_id=199996 latency=0.663403 ms (tx_ts=88385410255951, rx_ts=88385410919354) request_id=1429116 zil_blk_id=199996 ccf_commit_seqno=1429116 nstreams_done_=50000 config.nstreams=400000 avg_latency=0.9596 ms avg throuhgput (requests/sec) = 704.9272 res=false
*==== INFO ====*  stream_id=201996 latency=0.706913 ms (tx_ts=88386191337901, rx_ts=88386192044814) request_id=1443503 zil_blk_id=201996 ccf_commit_seqno=1443504 nstreams_done_=50500 config.nstreams=400000 avg_latency=0.9609 ms avg throuhgput (requests/sec) = 704.2211 res=false
*==== INFO ====*  stream_id=203996 latency=1.410538 ms (tx_ts=88386974853351, rx_ts=88386976263889) request_id=1458174 zil_blk_id=203996 ccf_commit_seqno=1458185 nstreams_done_=51000 config.nstreams=400000 avg_latency=0.9620 ms avg throuhgput (requests/sec) = 703.5001 res=false
*==== INFO ====*  stream_id=205996 latency=0.745826 ms (tx_ts=88387663111412, rx_ts=88387663857238) request_id=1472140 zil_blk_id=205996 ccf_commit_seqno=1472144 nstreams_done_=51500 config.nstreams=400000 avg_latency=0.9616 ms avg throuhgput (requests/sec) = 703.7226 res=false
*==== INFO ====*  stream_id=207996 latency=0.731528 ms (tx_ts=88388404558302, rx_ts=88388405289830) request_id=1487034 zil_blk_id=207996 ccf_commit_seqno=1487034 nstreams_done_=52000 config.nstreams=400000 avg_latency=0.9621 ms avg throuhgput (requests/sec) = 703.4282 res=false
*==== INFO ====*  stream_id=209996 latency=1.251023 ms (tx_ts=88389111804132, rx_ts=88389113055155) request_id=1501300 zil_blk_id=209996 ccf_commit_seqno=1501307 nstreams_done_=52500 config.nstreams=400000 avg_latency=0.9621 ms avg throuhgput (requests/sec) = 703.4568 res=false
*==== INFO ====*  stream_id=211996 latency=1.592336 ms (tx_ts=88389845925907, rx_ts=88389847518243) request_id=1515862 zil_blk_id=211996 ccf_commit_seqno=1515880 nstreams_done_=53000 config.nstreams=400000 avg_latency=0.9625 ms avg throuhgput (requests/sec) = 703.2357 res=false
*==== INFO ====*  stream_id=213996 latency=1.428181 ms (tx_ts=88390558659272, rx_ts=88390560087453) request_id=1530049 zil_blk_id=213996 ccf_commit_seqno=1530067 nstreams_done_=53500 config.nstreams=400000 avg_latency=0.9629 ms avg throuhgput (requests/sec) = 703.2212 res=false
*==== INFO ====*  stream_id=215996 latency=0.772020 ms (tx_ts=88391296626045, rx_ts=88391297398065) request_id=1544887 zil_blk_id=215996 ccf_commit_seqno=1544890 nstreams_done_=54000 config.nstreams=400000 avg_latency=0.9632 ms avg throuhgput (requests/sec) = 702.9805 res=false
*==== INFO ====*  stream_id=217996 latency=0.868489 ms (tx_ts=88391935356121, rx_ts=88391936224610) request_id=1559185 zil_blk_id=217996 ccf_commit_seqno=1559189 nstreams_done_=54500 config.nstreams=400000 avg_latency=0.9618 ms avg throuhgput (requests/sec) = 703.6378 res=false
*==== INFO ====*  stream_id=219996 latency=0.886980 ms (tx_ts=88392659359461, rx_ts=88392660246441) request_id=1573466 zil_blk_id=219996 ccf_commit_seqno=1573467 nstreams_done_=55000 config.nstreams=400000 avg_latency=0.9620 ms avg throuhgput (requests/sec) = 703.5170 res=false
*==== INFO ====*  stream_id=221996 latency=1.325201 ms (tx_ts=88393367042594, rx_ts=88393368367795) request_id=1588078 zil_blk_id=221996 ccf_commit_seqno=1588086 nstreams_done_=55500 config.nstreams=400000 avg_latency=0.9621 ms avg throuhgput (requests/sec) = 703.5401 res=false
*==== INFO ====*  stream_id=223996 latency=0.821448 ms (tx_ts=88394085016452, rx_ts=88394085837900) request_id=1602448 zil_blk_id=223996 ccf_commit_seqno=1602452 nstreams_done_=56000 config.nstreams=400000 avg_latency=0.9623 ms avg throuhgput (requests/sec) = 703.4802 res=false
*==== INFO ====*  stream_id=225996 latency=0.745035 ms (tx_ts=88394767330563, rx_ts=88394768075598) request_id=1616734 zil_blk_id=225996 ccf_commit_seqno=1616736 nstreams_done_=56500 config.nstreams=400000 avg_latency=0.9618 ms avg throuhgput (requests/sec) = 703.7300 res=false
*==== INFO ====*  stream_id=227996 latency=0.769431 ms (tx_ts=88395476761008, rx_ts=88395477530439) request_id=1630645 zil_blk_id=227996 ccf_commit_seqno=1630646 nstreams_done_=57000 config.nstreams=400000 avg_latency=0.9621 ms avg throuhgput (requests/sec) = 703.7391 res=false
*==== INFO ====*  stream_id=229996 latency=0.765236 ms (tx_ts=88396184170145, rx_ts=88396184935381) request_id=1645024 zil_blk_id=229996 ccf_commit_seqno=1645028 nstreams_done_=57500 config.nstreams=400000 avg_latency=0.9621 ms avg throuhgput (requests/sec) = 703.7657 res=false
*==== INFO ====*  stream_id=231996 latency=0.679347 ms (tx_ts=88396920440072, rx_ts=88396921119419) request_id=1659661 zil_blk_id=231996 ccf_commit_seqno=1659662 nstreams_done_=58000 config.nstreams=400000 avg_latency=0.9625 ms avg throuhgput (requests/sec) = 703.5461 res=false
*==== INFO ====*  stream_id=233996 latency=0.710389 ms (tx_ts=88397647171880, rx_ts=88397647882269) request_id=1674298 zil_blk_id=233996 ccf_commit_seqno=1674299 nstreams_done_=58500 config.nstreams=400000 avg_latency=0.9627 ms avg throuhgput (requests/sec) = 703.4101 res=false
*==== INFO ====*  stream_id=235996 latency=0.730386 ms (tx_ts=88398311354965, rx_ts=88398312085351) request_id=1688566 zil_blk_id=235996 ccf_commit_seqno=1688569 nstreams_done_=59000 config.nstreams=400000 avg_latency=0.9618 ms avg throuhgput (requests/sec) = 703.8013 res=false
*==== INFO ====*  stream_id=237996 latency=1.295261 ms (tx_ts=88398969862520, rx_ts=88398971157781) request_id=1702524 zil_blk_id=237996 ccf_commit_seqno=1702528 nstreams_done_=59500 config.nstreams=400000 avg_latency=0.9611 ms avg throuhgput (requests/sec) = 704.2291 res=false
*==== INFO ====*  stream_id=239996 latency=0.762533 ms (tx_ts=88399681226310, rx_ts=88399681988843) request_id=1716911 zil_blk_id=239996 ccf_commit_seqno=1716916 nstreams_done_=60000 config.nstreams=400000 avg_latency=0.9611 ms avg throuhgput (requests/sec) = 704.2222 res=false
*==== INFO ====*  stream_id=241996 latency=0.726798 ms (tx_ts=88400431686622, rx_ts=88400432413420) request_id=1731248 zil_blk_id=241996 ccf_commit_seqno=1731250 nstreams_done_=60500 config.nstreams=400000 avg_latency=0.9619 ms avg throuhgput (requests/sec) = 703.8910 res=false
*==== INFO ====*  stream_id=243996 latency=0.935560 ms (tx_ts=88401140014962, rx_ts=88401140950522) request_id=1746026 zil_blk_id=243996 ccf_commit_seqno=1746029 nstreams_done_=61000 config.nstreams=400000 avg_latency=0.9615 ms avg throuhgput (requests/sec) = 703.9056 res=false
*==== INFO ====*  stream_id=245996 latency=1.053199 ms (tx_ts=88401852133838, rx_ts=88401853187037) request_id=1760568 zil_blk_id=245996 ccf_commit_seqno=1760573 nstreams_done_=61500 config.nstreams=400000 avg_latency=0.9613 ms avg throuhgput (requests/sec) = 703.8902 res=false
*==== INFO ====*  stream_id=247996 latency=1.182008 ms (tx_ts=88402581603506, rx_ts=88402582785514) request_id=1774840 zil_blk_id=247996 ccf_commit_seqno=1774847 nstreams_done_=62000 config.nstreams=400000 avg_latency=0.9616 ms avg throuhgput (requests/sec) = 703.7363 res=false
*==== INFO ====*  stream_id=249996 latency=1.054652 ms (tx_ts=88403296524889, rx_ts=88403297579541) request_id=1789018 zil_blk_id=249996 ccf_commit_seqno=1789021 nstreams_done_=62500 config.nstreams=400000 avg_latency=0.9617 ms avg throuhgput (requests/sec) = 703.7023 res=false
*==== INFO ====*  stream_id=251996 latency=0.819823 ms (tx_ts=88404034374870, rx_ts=88404035194693) request_id=1803314 zil_blk_id=251996 ccf_commit_seqno=1803317 nstreams_done_=63000 config.nstreams=400000 avg_latency=0.9623 ms avg throuhgput (requests/sec) = 703.4894 res=false
*==== INFO ====*  stream_id=253996 latency=0.710940 ms (tx_ts=88404756704429, rx_ts=88404757415369) request_id=1817883 zil_blk_id=253996 ccf_commit_seqno=1817885 nstreams_done_=63500 config.nstreams=400000 avg_latency=0.9625 ms avg throuhgput (requests/sec) = 703.4000 res=false
*==== INFO ====*  stream_id=255996 latency=1.274947 ms (tx_ts=88405444786775, rx_ts=88405446061722) request_id=1832179 zil_blk_id=255996 ccf_commit_seqno=1832192 nstreams_done_=64000 config.nstreams=400000 avg_latency=0.9622 ms avg throuhgput (requests/sec) = 703.5715 res=false
*==== INFO ====*  stream_id=257996 latency=0.837133 ms (tx_ts=88406154328260, rx_ts=88406155165393) request_id=1846799 zil_blk_id=257996 ccf_commit_seqno=1846802 nstreams_done_=64500 config.nstreams=400000 avg_latency=0.9618 ms avg throuhgput (requests/sec) = 703.5835 res=false
*==== INFO ====*  stream_id=259996 latency=0.956448 ms (tx_ts=88406854593599, rx_ts=88406855550047) request_id=1860989 zil_blk_id=259996 ccf_commit_seqno=1860996 nstreams_done_=65000 config.nstreams=400000 avg_latency=0.9618 ms avg throuhgput (requests/sec) = 703.6616 res=false
*==== INFO ====*  stream_id=261996 latency=0.934117 ms (tx_ts=88407545057321, rx_ts=88407545991438) request_id=1875831 zil_blk_id=261996 ccf_commit_seqno=1875835 nstreams_done_=65500 config.nstreams=400000 avg_latency=0.9612 ms avg throuhgput (requests/sec) = 703.8138 res=false
*==== INFO ====*  stream_id=263996 latency=0.795181 ms (tx_ts=88408265096155, rx_ts=88408265891336) request_id=1889949 zil_blk_id=263996 ccf_commit_seqno=1889950 nstreams_done_=66000 config.nstreams=400000 avg_latency=0.9614 ms avg throuhgput (requests/sec) = 703.7426 res=false
*==== INFO ====*  stream_id=265996 latency=1.252810 ms (tx_ts=88408985227889, rx_ts=88408986480699) request_id=1904168 zil_blk_id=265996 ccf_commit_seqno=1904177 nstreams_done_=66500 config.nstreams=400000 avg_latency=0.9616 ms avg throuhgput (requests/sec) = 703.6674 res=false
*==== INFO ====*  stream_id=267996 latency=0.825153 ms (tx_ts=88409704669791, rx_ts=88409705494944) request_id=1918607 zil_blk_id=267996 ccf_commit_seqno=1918608 nstreams_done_=67000 config.nstreams=400000 avg_latency=0.9617 ms avg throuhgput (requests/sec) = 703.6050 res=false
*==== INFO ====*  stream_id=269996 latency=0.710884 ms (tx_ts=88410456752075, rx_ts=88410457462959) request_id=1933589 zil_blk_id=269996 ccf_commit_seqno=1933589 nstreams_done_=67500 config.nstreams=400000 avg_latency=0.9621 ms avg throuhgput (requests/sec) = 703.3019 res=false
*==== INFO ====*  stream_id=271996 latency=1.046289 ms (tx_ts=88411183440990, rx_ts=88411184487279) request_id=1948408 zil_blk_id=271996 ccf_commit_seqno=1948411 nstreams_done_=68000 config.nstreams=400000 avg_latency=0.9621 ms avg throuhgput (requests/sec) = 703.1848 res=false
*==== INFO ====*  stream_id=273996 latency=1.002448 ms (tx_ts=88411892798070, rx_ts=88411893800518) request_id=1962933 zil_blk_id=273996 ccf_commit_seqno=1962937 nstreams_done_=68500 config.nstreams=400000 avg_latency=0.9621 ms avg throuhgput (requests/sec) = 703.1974 res=false
*==== INFO ====*  stream_id=275996 latency=1.246240 ms (tx_ts=88412656070429, rx_ts=88412657316669) request_id=1977298 zil_blk_id=275996 ccf_commit_seqno=1977305 nstreams_done_=69000 config.nstreams=400000 avg_latency=0.9628 ms avg throuhgput (requests/sec) = 702.8215 res=false
*==== INFO ====*  stream_id=277996 latency=0.779318 ms (tx_ts=88413446648925, rx_ts=88413447428243) request_id=1991975 zil_blk_id=277996 ccf_commit_seqno=1991977 nstreams_done_=69500 config.nstreams=400000 avg_latency=0.9638 ms avg throuhgput (requests/sec) = 702.2627 res=false
*==== INFO ====*  stream_id=279996 latency=0.911946 ms (tx_ts=88414155440306, rx_ts=88414156352252) request_id=2006342 zil_blk_id=279996 ccf_commit_seqno=2006344 nstreams_done_=70000 config.nstreams=400000 avg_latency=0.9638 ms avg throuhgput (requests/sec) = 702.2842 res=false
*==== INFO ====*  stream_id=281996 latency=0.984879 ms (tx_ts=88414853406912, rx_ts=88414854391791) request_id=2020785 zil_blk_id=281996 ccf_commit_seqno=2020788 nstreams_done_=70500 config.nstreams=400000 avg_latency=0.9635 ms avg throuhgput (requests/sec) = 702.3816 res=false
*==== INFO ====*  stream_id=283996 latency=0.742018 ms (tx_ts=88415573753879, rx_ts=88415574495897) request_id=2035339 zil_blk_id=283996 ccf_commit_seqno=2035340 nstreams_done_=71000 config.nstreams=400000 avg_latency=0.9636 ms avg throuhgput (requests/sec) = 702.3244 res=false
*==== INFO ====*  stream_id=285996 latency=0.804563 ms (tx_ts=88416202466984, rx_ts=88416203271547) request_id=2049341 zil_blk_id=285996 ccf_commit_seqno=2049342 nstreams_done_=71500 config.nstreams=400000 avg_latency=0.9626 ms avg throuhgput (requests/sec) = 702.8984 res=false
*==== INFO ====*  stream_id=287996 latency=0.747336 ms (tx_ts=88416829093003, rx_ts=88416829840339) request_id=2063367 zil_blk_id=287996 ccf_commit_seqno=2063368 nstreams_done_=72000 config.nstreams=400000 avg_latency=0.9616 ms avg throuhgput (requests/sec) = 703.4806 res=false
*==== INFO ====*  stream_id=289996 latency=0.766353 ms (tx_ts=88417552967217, rx_ts=88417553733570) request_id=2078590 zil_blk_id=289996 ccf_commit_seqno=2078590 nstreams_done_=72500 config.nstreams=400000 avg_latency=0.9613 ms avg throuhgput (requests/sec) = 703.3909 res=false
*==== INFO ====*  stream_id=291996 latency=0.969523 ms (tx_ts=88418289862577, rx_ts=88418290832100) request_id=2093186 zil_blk_id=291996 ccf_commit_seqno=2093189 nstreams_done_=73000 config.nstreams=400000 avg_latency=0.9616 ms avg throuhgput (requests/sec) = 703.2130 res=false
*==== INFO ====*  stream_id=293996 latency=1.607777 ms (tx_ts=88419103747198, rx_ts=88419105354975) request_id=2108069 zil_blk_id=293996 ccf_commit_seqno=2108077 nstreams_done_=73500 config.nstreams=400000 avg_latency=0.9627 ms avg throuhgput (requests/sec) = 702.5174 res=false
*==== INFO ====*  stream_id=295996 latency=1.073115 ms (tx_ts=88419769377990, rx_ts=88419770451105) request_id=2122314 zil_blk_id=295996 ccf_commit_seqno=2122317 nstreams_done_=74000 config.nstreams=400000 avg_latency=0.9621 ms avg throuhgput (requests/sec) = 702.8285 res=false
*==== INFO ====*  stream_id=297996 latency=0.939858 ms (tx_ts=88420465876100, rx_ts=88420466815958) request_id=2136686 zil_blk_id=297996 ccf_commit_seqno=2136689 nstreams_done_=74500 config.nstreams=400000 avg_latency=0.9621 ms avg throuhgput (requests/sec) = 702.9283 res=false
*==== INFO ====*  stream_id=299996 latency=0.887246 ms (tx_ts=88421143688430, rx_ts=88421144575676) request_id=2151136 zil_blk_id=299996 ccf_commit_seqno=2151137 nstreams_done_=75000 config.nstreams=400000 avg_latency=0.9617 ms avg throuhgput (requests/sec) = 703.1494 res=false
*==== INFO ====*  stream_id=301996 latency=0.819378 ms (tx_ts=88421910655748, rx_ts=88421911475126) request_id=2165779 zil_blk_id=301996 ccf_commit_seqno=2165780 nstreams_done_=75500 config.nstreams=400000 avg_latency=0.9623 ms avg throuhgput (requests/sec) = 702.7841 res=false
*==== INFO ====*  stream_id=303996 latency=0.755521 ms (tx_ts=88422604516466, rx_ts=88422605271987) request_id=2180199 zil_blk_id=303996 ccf_commit_seqno=2180200 nstreams_done_=76000 config.nstreams=400000 avg_latency=0.9620 ms avg throuhgput (requests/sec) = 702.8989 res=false
*==== INFO ====*  stream_id=305996 latency=0.853076 ms (tx_ts=88423347073921, rx_ts=88423347926997) request_id=2194537 zil_blk_id=305996 ccf_commit_seqno=2194537 nstreams_done_=76500 config.nstreams=400000 avg_latency=0.9625 ms avg throuhgput (requests/sec) = 702.6967 res=false
*==== INFO ====*  stream_id=307996 latency=0.896012 ms (tx_ts=88424070952247, rx_ts=88424071848259) request_id=2208747 zil_blk_id=307996 ccf_commit_seqno=2208750 nstreams_done_=77000 config.nstreams=400000 avg_latency=0.9626 ms avg throuhgput (requests/sec) = 702.6173 res=false
*==== INFO ====*  stream_id=309996 latency=0.867457 ms (tx_ts=88424769956196, rx_ts=88424770823653) request_id=2223020 zil_blk_id=309996 ccf_commit_seqno=2223024 nstreams_done_=77500 config.nstreams=400000 avg_latency=0.9625 ms avg throuhgput (requests/sec) = 702.6979 res=false
*==== INFO ====*  stream_id=311996 latency=0.812306 ms (tx_ts=88425408722232, rx_ts=88425409534538) request_id=2237126 zil_blk_id=311996 ccf_commit_seqno=2237129 nstreams_done_=78000 config.nstreams=400000 avg_latency=0.9616 ms avg throuhgput (requests/sec) = 703.1593 res=false
*==== INFO ====*  stream_id=313996 latency=0.837704 ms (tx_ts=88426130016855, rx_ts=88426130854559) request_id=2251442 zil_blk_id=313996 ccf_commit_seqno=2251446 nstreams_done_=78500 config.nstreams=400000 avg_latency=0.9618 ms avg throuhgput (requests/sec) = 703.0948 res=false
*==== INFO ====*  stream_id=315996 latency=0.848006 ms (tx_ts=88426786374330, rx_ts=88426787222336) request_id=2265449 zil_blk_id=315996 ccf_commit_seqno=2265450 nstreams_done_=79000 config.nstreams=400000 avg_latency=0.9612 ms avg throuhgput (requests/sec) = 703.4377 res=false
*==== INFO ====*  stream_id=317996 latency=1.367088 ms (tx_ts=88427475802744, rx_ts=88427477169832) request_id=2279604 zil_blk_id=317996 ccf_commit_seqno=2279620 nstreams_done_=79500 config.nstreams=400000 avg_latency=0.9610 ms avg throuhgput (requests/sec) = 703.5675 res=false
*==== INFO ====*  stream_id=319996 latency=0.800968 ms (tx_ts=88428184913488, rx_ts=88428185714456) request_id=2294411 zil_blk_id=319996 ccf_commit_seqno=2294414 nstreams_done_=80000 config.nstreams=400000 avg_latency=0.9608 ms avg throuhgput (requests/sec) = 703.5806 res=false
*==== INFO ====*  stream_id=321996 latency=0.986587 ms (tx_ts=88428944735050, rx_ts=88428945721637) request_id=2308607 zil_blk_id=321996 ccf_commit_seqno=2308608 nstreams_done_=80500 config.nstreams=400000 avg_latency=0.9615 ms avg throuhgput (requests/sec) = 703.2772 res=false
*==== INFO ====*  stream_id=323996 latency=0.759523 ms (tx_ts=88429615163739, rx_ts=88429615923262) request_id=2322745 zil_blk_id=323996 ccf_commit_seqno=2322748 nstreams_done_=81000 config.nstreams=400000 avg_latency=0.9612 ms avg throuhgput (requests/sec) = 703.5261 res=false
*==== INFO ====*  stream_id=325996 latency=1.072767 ms (tx_ts=88430342371847, rx_ts=88430343444614) request_id=2337173 zil_blk_id=325996 ccf_commit_seqno=2337173 nstreams_done_=81500 config.nstreams=400000 avg_latency=0.9615 ms avg throuhgput (requests/sec) = 703.4240 res=false
*==== INFO ====*  stream_id=327996 latency=0.647757 ms (tx_ts=88431062800683, rx_ts=88431063448440) request_id=2351654 zil_blk_id=327996 ccf_commit_seqno=2351654 nstreams_done_=82000 config.nstreams=400000 avg_latency=0.9615 ms avg throuhgput (requests/sec) = 703.3685 res=false
*==== INFO ====*  stream_id=329996 latency=0.997876 ms (tx_ts=88431763408919, rx_ts=88431764406795) request_id=2365800 zil_blk_id=329996 ccf_commit_seqno=2365805 nstreams_done_=82500 config.nstreams=400000 avg_latency=0.9615 ms avg throuhgput (requests/sec) = 703.4280 res=false
*==== INFO ====*  stream_id=331996 latency=0.775380 ms (tx_ts=88432404911096, rx_ts=88432405686476) request_id=2379660 zil_blk_id=331996 ccf_commit_seqno=2379664 nstreams_done_=83000 config.nstreams=400000 avg_latency=0.9609 ms avg throuhgput (requests/sec) = 703.8427 res=false
*==== INFO ====*  stream_id=333996 latency=0.962918 ms (tx_ts=88433081483691, rx_ts=88433082446609) request_id=2393884 zil_blk_id=333996 ccf_commit_seqno=2393887 nstreams_done_=83500 config.nstreams=400000 avg_latency=0.9605 ms avg throuhgput (requests/sec) = 704.0422 res=false
*==== INFO ====*  stream_id=335996 latency=1.630723 ms (tx_ts=88433739357517, rx_ts=88433740988240) request_id=2407925 zil_blk_id=335996 ccf_commit_seqno=2407941 nstreams_done_=84000 config.nstreams=400000 avg_latency=0.9599 ms avg throuhgput (requests/sec) = 704.3471 res=false
*==== INFO ====*  stream_id=337996 latency=0.806955 ms (tx_ts=88434422443642, rx_ts=88434423250597) request_id=2421990 zil_blk_id=337996 ccf_commit_seqno=2421991 nstreams_done_=84500 config.nstreams=400000 avg_latency=0.9597 ms avg throuhgput (requests/sec) = 704.5093 res=false
*==== INFO ====*  stream_id=339996 latency=0.801759 ms (tx_ts=88435131572366, rx_ts=88435132374125) request_id=2436342 zil_blk_id=339996 ccf_commit_seqno=2436344 nstreams_done_=85000 config.nstreams=400000 avg_latency=0.9599 ms avg throuhgput (requests/sec) = 704.5127 res=false
*==== INFO ====*  stream_id=341996 latency=0.966144 ms (tx_ts=88435804283542, rx_ts=88435805249686) request_id=2450406 zil_blk_id=341996 ccf_commit_seqno=2450409 nstreams_done_=85500 config.nstreams=400000 avg_latency=0.9595 ms avg throuhgput (requests/sec) = 704.7266 res=false
*==== INFO ====*  stream_id=343996 latency=1.030958 ms (tx_ts=88436485528340, rx_ts=88436486559298) request_id=2464541 zil_blk_id=343996 ccf_commit_seqno=2464550 nstreams_done_=86000 config.nstreams=400000 avg_latency=0.9593 ms avg throuhgput (requests/sec) = 704.8894 res=false
*==== INFO ====*  stream_id=345996 latency=0.796426 ms (tx_ts=88437222000143, rx_ts=88437222796569) request_id=2478841 zil_blk_id=345996 ccf_commit_seqno=2478844 nstreams_done_=86500 config.nstreams=400000 avg_latency=0.9597 ms avg throuhgput (requests/sec) = 704.7349 res=false
*==== INFO ====*  stream_id=347996 latency=0.615892 ms (tx_ts=88437930842722, rx_ts=88437931458614) request_id=2493149 zil_blk_id=347996 ccf_commit_seqno=2493149 nstreams_done_=87000 config.nstreams=400000 avg_latency=0.9598 ms avg throuhgput (requests/sec) = 704.7396 res=false
*==== INFO ====*  stream_id=349996 latency=1.017524 ms (tx_ts=88438577222549, rx_ts=88438578240073) request_id=2507355 zil_blk_id=349996 ccf_commit_seqno=2507358 nstreams_done_=87500 config.nstreams=400000 avg_latency=0.9592 ms avg throuhgput (requests/sec) = 705.0957 res=false
*==== INFO ====*  stream_id=351996 latency=1.013586 ms (tx_ts=88439253856055, rx_ts=88439254869641) request_id=2521516 zil_blk_id=351996 ccf_commit_seqno=2521523 nstreams_done_=88000 config.nstreams=400000 avg_latency=0.9588 ms avg throuhgput (requests/sec) = 705.2793 res=false
*==== INFO ====*  stream_id=353996 latency=0.937398 ms (tx_ts=88439958090471, rx_ts=88439959027869) request_id=2536307 zil_blk_id=353996 ccf_commit_seqno=2536313 nstreams_done_=88500 config.nstreams=400000 avg_latency=0.9586 ms avg throuhgput (requests/sec) = 705.3062 res=false
*==== INFO ====*  stream_id=355996 latency=0.872437 ms (tx_ts=88440706113437, rx_ts=88440706985874) request_id=2550921 zil_blk_id=355996 ccf_commit_seqno=2550921 nstreams_done_=89000 config.nstreams=400000 avg_latency=0.9590 ms avg throuhgput (requests/sec) = 705.0880 res=false
*==== INFO ====*  stream_id=357996 latency=0.666378 ms (tx_ts=88441406082257, rx_ts=88441406748635) request_id=2565554 zil_blk_id=357996 ccf_commit_seqno=2565555 nstreams_done_=89500 config.nstreams=400000 avg_latency=0.9588 ms avg throuhgput (requests/sec) = 705.1400 res=false
*==== INFO ====*  stream_id=359996 latency=0.869411 ms (tx_ts=88442108963155, rx_ts=88442109832566) request_id=2579771 zil_blk_id=359996 ccf_commit_seqno=2579777 nstreams_done_=90000 config.nstreams=400000 avg_latency=0.9588 ms avg throuhgput (requests/sec) = 705.1732 res=false
*==== INFO ====*  stream_id=361996 latency=1.216465 ms (tx_ts=88442768208873, rx_ts=88442769425338) request_id=2594174 zil_blk_id=361996 ccf_commit_seqno=2594174 nstreams_done_=90500 config.nstreams=400000 avg_latency=0.9582 ms avg throuhgput (requests/sec) = 705.4450 res=false
*==== INFO ====*  stream_id=363996 latency=1.063318 ms (tx_ts=88443493906076, rx_ts=88443494969394) request_id=2608930 zil_blk_id=363996 ccf_commit_seqno=2608932 nstreams_done_=91000 config.nstreams=400000 avg_latency=0.9582 ms avg throuhgput (requests/sec) = 705.3533 res=false
*==== INFO ====*  stream_id=365996 latency=1.070262 ms (tx_ts=88444154684922, rx_ts=88444155755184) request_id=2622944 zil_blk_id=365996 ccf_commit_seqno=2622953 nstreams_done_=91500 config.nstreams=400000 avg_latency=0.9578 ms avg throuhgput (requests/sec) = 705.6148 res=false
*==== INFO ====*  stream_id=367996 latency=1.071976 ms (tx_ts=88444843292104, rx_ts=88444844364080) request_id=2637554 zil_blk_id=367996 ccf_commit_seqno=2637558 nstreams_done_=92000 config.nstreams=400000 avg_latency=0.9574 ms avg throuhgput (requests/sec) = 705.7230 res=false
*==== INFO ====*  stream_id=369996 latency=0.821496 ms (tx_ts=88445577841700, rx_ts=88445578663196) request_id=2652108 zil_blk_id=369996 ccf_commit_seqno=2652110 nstreams_done_=92500 config.nstreams=400000 avg_latency=0.9577 ms avg throuhgput (requests/sec) = 705.5841 res=false
*==== INFO ====*  stream_id=371996 latency=0.641504 ms (tx_ts=88446240147303, rx_ts=88446240788807) request_id=2666307 zil_blk_id=371996 ccf_commit_seqno=2666307 nstreams_done_=93000 config.nstreams=400000 avg_latency=0.9573 ms avg throuhgput (requests/sec) = 705.8332 res=false
*==== INFO ====*  stream_id=373996 latency=0.877272 ms (tx_ts=88446970658470, rx_ts=88446971535742) request_id=2680808 zil_blk_id=373996 ccf_commit_seqno=2680810 nstreams_done_=93500 config.nstreams=400000 avg_latency=0.9574 ms avg throuhgput (requests/sec) = 705.7140 res=false
*==== INFO ====*  stream_id=375996 latency=1.568384 ms (tx_ts=88447660877843, rx_ts=88447662446227) request_id=2694963 zil_blk_id=375996 ccf_commit_seqno=2694971 nstreams_done_=94000 config.nstreams=400000 avg_latency=0.9574 ms avg throuhgput (requests/sec) = 705.8072 res=false
*==== INFO ====*  stream_id=377996 latency=0.678749 ms (tx_ts=88448400105655, rx_ts=88448400784404) request_id=2709415 zil_blk_id=377996 ccf_commit_seqno=2709415 nstreams_done_=94500 config.nstreams=400000 avg_latency=0.9577 ms avg throuhgput (requests/sec) = 705.6495 res=false
*==== INFO ====*  stream_id=379996 latency=0.840920 ms (tx_ts=88449119980405, rx_ts=88449120821325) request_id=2723812 zil_blk_id=379996 ccf_commit_seqno=2723812 nstreams_done_=95000 config.nstreams=400000 avg_latency=0.9579 ms avg throuhgput (requests/sec) = 705.5894 res=false
*==== INFO ====*  stream_id=381996 latency=1.060471 ms (tx_ts=88449832649138, rx_ts=88449833709609) request_id=2737959 zil_blk_id=381996 ccf_commit_seqno=2737962 nstreams_done_=95500 config.nstreams=400000 avg_latency=0.9580 ms avg throuhgput (requests/sec) = 705.5672 res=false
*==== INFO ====*  stream_id=383996 latency=0.747034 ms (tx_ts=88450538339731, rx_ts=88450539086765) request_id=2752165 zil_blk_id=383996 ccf_commit_seqno=2752165 nstreams_done_=96000 config.nstreams=400000 avg_latency=0.9581 ms avg throuhgput (requests/sec) = 705.5841 res=false
*==== INFO ====*  stream_id=385996 latency=0.628555 ms (tx_ts=88451236155950, rx_ts=88451236784505) request_id=2766304 zil_blk_id=385996 ccf_commit_seqno=2766304 nstreams_done_=96500 config.nstreams=400000 avg_latency=0.9580 ms avg throuhgput (requests/sec) = 705.6406 res=false
*==== INFO ====*  stream_id=387996 latency=0.758822 ms (tx_ts=88451930538319, rx_ts=88451931297141) request_id=2780567 zil_blk_id=387996 ccf_commit_seqno=2780571 nstreams_done_=97000 config.nstreams=400000 avg_latency=0.9579 ms avg throuhgput (requests/sec) = 705.7128 res=false
*==== INFO ====*  stream_id=389996 latency=0.941601 ms (tx_ts=88452614144769, rx_ts=88452615086370) request_id=2794895 zil_blk_id=389996 ccf_commit_seqno=2794897 nstreams_done_=97500 config.nstreams=400000 avg_latency=0.9575 ms avg throuhgput (requests/sec) = 705.8390 res=false
*==== INFO ====*  stream_id=391996 latency=0.969093 ms (tx_ts=88453378923802, rx_ts=88453379892895) request_id=2809015 zil_blk_id=391996 ccf_commit_seqno=2809021 nstreams_done_=98000 config.nstreams=400000 avg_latency=0.9582 ms avg throuhgput (requests/sec) = 705.5523 res=false
*==== INFO ====*  stream_id=393996 latency=1.395799 ms (tx_ts=88454113977998, rx_ts=88454115373797) request_id=2823741 zil_blk_id=393996 ccf_commit_seqno=2823748 nstreams_done_=98500 config.nstreams=400000 avg_latency=0.9583 ms avg throuhgput (requests/sec) = 705.4168 res=false
*==== INFO ====*  stream_id=395996 latency=0.683969 ms (tx_ts=88454843355872, rx_ts=88454844039841) request_id=2837880 zil_blk_id=395996 ccf_commit_seqno=2837880 nstreams_done_=99000 config.nstreams=400000 avg_latency=0.9585 ms avg throuhgput (requests/sec) = 705.3169 res=false
*==== INFO ====*  stream_id=397996 latency=0.835402 ms (tx_ts=88455514627360, rx_ts=88455515462762) request_id=2851921 zil_blk_id=397996 ccf_commit_seqno=2851923 nstreams_done_=99500 config.nstreams=400000 avg_latency=0.9582 ms avg throuhgput (requests/sec) = 705.5044 res=false
*==== INFO ====*  stream_id=399996 latency=2.469742 ms (tx_ts=88456235492824, rx_ts=88456237962566) request_id=2866598 zil_blk_id=399996 ccf_commit_seqno=2866612 nstreams_done_=100000 config.nstreams=400000 avg_latency=0.9582 ms avg throuhgput (requests/sec) = 705.4357 res=false
*==== INFO ====*  stream_id=401996 latency=0.762350 ms (tx_ts=88456946846866, rx_ts=88456947609216) request_id=2880872 zil_blk_id=401996 ccf_commit_seqno=2880874 nstreams_done_=100500 config.nstreams=400000 avg_latency=0.9581 ms avg throuhgput (requests/sec) = 705.4315 res=false
*==== INFO ====*  stream_id=403996 latency=0.859849 ms (tx_ts=88457701933369, rx_ts=88457702793218) request_id=2895141 zil_blk_id=403996 ccf_commit_seqno=2895144 nstreams_done_=101000 config.nstreams=400000 avg_latency=0.9586 ms avg throuhgput (requests/sec) = 705.2029 res=false
*==== INFO ====*  stream_id=405996 latency=1.086392 ms (tx_ts=88458447102367, rx_ts=88458448188759) request_id=2909538 zil_blk_id=405996 ccf_commit_seqno=2909542 nstreams_done_=101500 config.nstreams=400000 avg_latency=0.9589 ms avg throuhgput (requests/sec) = 705.0247 res=false
*==== INFO ====*  stream_id=407996 latency=0.667577 ms (tx_ts=88459134331231, rx_ts=88459134998808) request_id=2923773 zil_blk_id=407996 ccf_commit_seqno=2923774 nstreams_done_=102000 config.nstreams=400000 avg_latency=0.9587 ms avg throuhgput (requests/sec) = 705.1338 res=false
*==== INFO ====*  stream_id=409996 latency=0.760152 ms (tx_ts=88459823192138, rx_ts=88459823952290) request_id=2938193 zil_blk_id=409996 ccf_commit_seqno=2938194 nstreams_done_=102500 config.nstreams=400000 avg_latency=0.9585 ms avg throuhgput (requests/sec) = 705.2315 res=false
*==== INFO ====*  stream_id=411996 latency=1.024700 ms (tx_ts=88460524520228, rx_ts=88460525544928) request_id=2952969 zil_blk_id=411996 ccf_commit_seqno=2952971 nstreams_done_=103000 config.nstreams=400000 avg_latency=0.9583 ms avg throuhgput (requests/sec) = 705.2672 res=false
*==== INFO ====*  stream_id=413996 latency=0.865679 ms (tx_ts=88461303190507, rx_ts=88461304056186) request_id=2967499 zil_blk_id=413996 ccf_commit_seqno=2967503 nstreams_done_=103500 config.nstreams=400000 avg_latency=0.9589 ms avg throuhgput (requests/sec) = 704.9331 res=false
*==== INFO ====*  stream_id=415996 latency=1.522738 ms (tx_ts=88462039345235, rx_ts=88462040867973) request_id=2981773 zil_blk_id=415996 ccf_commit_seqno=2981780 nstreams_done_=104000 config.nstreams=400000 avg_latency=0.9592 ms avg throuhgput (requests/sec) = 704.8016 res=false
*==== INFO ====*  stream_id=417996 latency=0.632714 ms (tx_ts=88462704630409, rx_ts=88462705263123) request_id=2995763 zil_blk_id=417996 ccf_commit_seqno=2995763 nstreams_done_=104500 config.nstreams=400000 avg_latency=0.9588 ms avg throuhgput (requests/sec) = 705.0157 res=false
*==== INFO ====*  stream_id=419996 latency=0.739608 ms (tx_ts=88463374488637, rx_ts=88463375228245) request_id=3009520 zil_blk_id=419996 ccf_commit_seqno=3009523 nstreams_done_=105000 config.nstreams=400000 avg_latency=0.9584 ms avg throuhgput (requests/sec) = 705.2015 res=false
*==== INFO ====*  stream_id=421996 latency=0.839813 ms (tx_ts=88464064665530, rx_ts=88464065505343) request_id=3023494 zil_blk_id=421996 ccf_commit_seqno=3023496 nstreams_done_=105500 config.nstreams=400000 avg_latency=0.9583 ms avg throuhgput (requests/sec) = 705.2898 res=false
*==== INFO ====*  stream_id=423996 latency=0.875891 ms (tx_ts=88464777727960, rx_ts=88464778603851) request_id=3037643 zil_blk_id=423996 ccf_commit_seqno=3037649 nstreams_done_=106000 config.nstreams=400000 avg_latency=0.9584 ms avg throuhgput (requests/sec) = 705.2702 res=false
*==== INFO ====*  stream_id=425996 latency=0.780439 ms (tx_ts=88465456687573, rx_ts=88465457468012) request_id=3052123 zil_blk_id=425996 ccf_commit_seqno=3052125 nstreams_done_=106500 config.nstreams=400000 avg_latency=0.9580 ms avg throuhgput (requests/sec) = 705.4108 res=false
*==== INFO ====*  stream_id=427996 latency=0.984278 ms (tx_ts=88466172350333, rx_ts=88466173334611) request_id=3066339 zil_blk_id=427996 ccf_commit_seqno=3066342 nstreams_done_=107000 config.nstreams=400000 avg_latency=0.9581 ms avg throuhgput (requests/sec) = 705.3780 res=false
*==== INFO ====*  stream_id=429996 latency=0.675059 ms (tx_ts=88466900749076, rx_ts=88466901424135) request_id=3080836 zil_blk_id=429996 ccf_commit_seqno=3080836 nstreams_done_=107500 config.nstreams=400000 avg_latency=0.9582 ms avg throuhgput (requests/sec) = 705.2889 res=false
*==== INFO ====*  stream_id=431996 latency=0.806025 ms (tx_ts=88467558750817, rx_ts=88467559556842) request_id=3095008 zil_blk_id=431996 ccf_commit_seqno=3095009 nstreams_done_=108000 config.nstreams=400000 avg_latency=0.9576 ms avg throuhgput (requests/sec) = 705.5229 res=false
*==== INFO ====*  stream_id=433996 latency=0.860539 ms (tx_ts=88468269645423, rx_ts=88468270505962) request_id=3109453 zil_blk_id=433996 ccf_commit_seqno=3109458 nstreams_done_=108500 config.nstreams=400000 avg_latency=0.9576 ms avg throuhgput (requests/sec) = 705.5126 res=false
*==== INFO ====*  stream_id=435996 latency=0.794086 ms (tx_ts=88468963792373, rx_ts=88468964586459) request_id=3123532 zil_blk_id=435996 ccf_commit_seqno=3123537 nstreams_done_=109000 config.nstreams=400000 avg_latency=0.9575 ms avg throuhgput (requests/sec) = 705.5793 res=false
*==== INFO ====*  stream_id=437996 latency=0.898541 ms (tx_ts=88469683922999, rx_ts=88469684821540) request_id=3137387 zil_blk_id=437996 ccf_commit_seqno=3137391 nstreams_done_=109500 config.nstreams=400000 avg_latency=0.9577 ms avg throuhgput (requests/sec) = 705.5266 res=false
*==== INFO ====*  stream_id=439996 latency=0.701319 ms (tx_ts=88470405746770, rx_ts=88470406448089) request_id=3151750 zil_blk_id=439996 ccf_commit_seqno=3151750 nstreams_done_=110000 config.nstreams=400000 avg_latency=0.9578 ms avg throuhgput (requests/sec) = 705.4681 res=false
*==== INFO ====*  stream_id=441996 latency=0.773607 ms (tx_ts=88471143267028, rx_ts=88471144040635) request_id=3166365 zil_blk_id=441996 ccf_commit_seqno=3166366 nstreams_done_=110500 config.nstreams=400000 avg_latency=0.9580 ms avg throuhgput (requests/sec) = 705.3382 res=false
*==== INFO ====*  stream_id=443996 latency=0.634416 ms (tx_ts=88471781720172, rx_ts=88471782354588) request_id=3180104 zil_blk_id=443996 ccf_commit_seqno=3180104 nstreams_done_=111000 config.nstreams=400000 avg_latency=0.9574 ms avg throuhgput (requests/sec) = 705.6546 res=false
*==== INFO ====*  stream_id=445996 latency=0.878423 ms (tx_ts=88472504629048, rx_ts=88472505507471) request_id=3194455 zil_blk_id=445996 ccf_commit_seqno=3194458 nstreams_done_=111500 config.nstreams=400000 avg_latency=0.9576 ms avg throuhgput (requests/sec) = 705.5895 res=false
*==== INFO ====*  stream_id=447996 latency=0.817162 ms (tx_ts=88473255597840, rx_ts=88473256415002) request_id=3208712 zil_blk_id=447996 ccf_commit_seqno=3208715 nstreams_done_=112000 config.nstreams=400000 avg_latency=0.9580 ms avg throuhgput (requests/sec) = 705.4016 res=false
*==== INFO ====*  stream_id=449996 latency=1.723648 ms (tx_ts=88473955111805, rx_ts=88473956835453) request_id=3223151 zil_blk_id=449996 ccf_commit_seqno=3223151 nstreams_done_=112500 config.nstreams=400000 avg_latency=0.9579 ms avg throuhgput (requests/sec) = 705.4387 res=false
*==== INFO ====*  stream_id=451996 latency=1.164372 ms (tx_ts=88474703767263, rx_ts=88474704931635) request_id=3237603 zil_blk_id=451996 ccf_commit_seqno=3237609 nstreams_done_=113000 config.nstreams=400000 avg_latency=0.9581 ms avg throuhgput (requests/sec) = 705.2656 res=false
*==== INFO ====*  stream_id=453996 latency=0.831946 ms (tx_ts=88475363200442, rx_ts=88475364032388) request_id=3251695 zil_blk_id=453996 ccf_commit_seqno=3251699 nstreams_done_=113500 config.nstreams=400000 avg_latency=0.9577 ms avg throuhgput (requests/sec) = 705.4841 res=false
*==== INFO ====*  stream_id=455996 latency=0.730937 ms (tx_ts=88476028717973, rx_ts=88476029448910) request_id=3266248 zil_blk_id=455996 ccf_commit_seqno=3266250 nstreams_done_=114000 config.nstreams=400000 avg_latency=0.9574 ms avg throuhgput (requests/sec) = 705.6733 res=false
*==== INFO ====*  stream_id=457996 latency=1.841101 ms (tx_ts=88476768107716, rx_ts=88476769948817) request_id=3280774 zil_blk_id=457996 ccf_commit_seqno=3280784 nstreams_done_=114500 config.nstreams=400000 avg_latency=0.9577 ms avg throuhgput (requests/sec) = 705.5344 res=false
*==== INFO ====*  stream_id=459996 latency=1.120275 ms (tx_ts=88477487079177, rx_ts=88477488199452) request_id=3295243 zil_blk_id=459996 ccf_commit_seqno=3295247 nstreams_done_=115000 config.nstreams=400000 avg_latency=0.9577 ms avg throuhgput (requests/sec) = 705.4929 res=false
*==== INFO ====*  stream_id=461996 latency=1.078898 ms (tx_ts=88478211171458, rx_ts=88478212250356) request_id=3309610 zil_blk_id=461996 ccf_commit_seqno=3309618 nstreams_done_=115500 config.nstreams=400000 avg_latency=0.9579 ms avg throuhgput (requests/sec) = 705.4269 res=false
*==== INFO ====*  stream_id=463996 latency=1.340242 ms (tx_ts=88478943929489, rx_ts=88478945269731) request_id=3323949 zil_blk_id=463996 ccf_commit_seqno=3323950 nstreams_done_=116000 config.nstreams=400000 avg_latency=0.9582 ms avg throuhgput (requests/sec) = 705.3230 res=false
*==== INFO ====*  stream_id=465996 latency=0.931803 ms (tx_ts=88479607172862, rx_ts=88479608104665) request_id=3338213 zil_blk_id=465996 ccf_commit_seqno=3338213 nstreams_done_=116500 config.nstreams=400000 avg_latency=0.9578 ms avg throuhgput (requests/sec) = 705.5197 res=false
*==== INFO ====*  stream_id=467996 latency=0.788545 ms (tx_ts=88480316726078, rx_ts=88480317514623) request_id=3352862 zil_blk_id=467996 ccf_commit_seqno=3352863 nstreams_done_=117000 config.nstreams=400000 avg_latency=0.9577 ms avg throuhgput (requests/sec) = 705.5167 res=false
*==== INFO ====*  stream_id=469996 latency=0.715527 ms (tx_ts=88481012882947, rx_ts=88481013598474) request_id=3366969 zil_blk_id=469996 ccf_commit_seqno=3366970 nstreams_done_=117500 config.nstreams=400000 avg_latency=0.9577 ms avg throuhgput (requests/sec) = 705.5701 res=false
*==== INFO ====*  stream_id=471996 latency=1.056165 ms (tx_ts=88481697604389, rx_ts=88481698660554) request_id=3381401 zil_blk_id=471996 ccf_commit_seqno=3381402 nstreams_done_=118000 config.nstreams=400000 avg_latency=0.9575 ms avg throuhgput (requests/sec) = 705.6697 res=false
*==== INFO ====*  stream_id=473996 latency=0.741447 ms (tx_ts=88482421765875, rx_ts=88482422507322) request_id=3396147 zil_blk_id=473996 ccf_commit_seqno=3396148 nstreams_done_=118500 config.nstreams=400000 avg_latency=0.9575 ms avg throuhgput (requests/sec) = 705.6054 res=false
*==== INFO ====*  stream_id=475996 latency=0.817173 ms (tx_ts=88483095781668, rx_ts=88483096598841) request_id=3410390 zil_blk_id=475996 ccf_commit_seqno=3410393 nstreams_done_=119000 config.nstreams=400000 avg_latency=0.9572 ms avg throuhgput (requests/sec) = 705.7498 res=false
*==== INFO ====*  stream_id=477996 latency=0.935009 ms (tx_ts=88483822055400, rx_ts=88483822990409) request_id=3424627 zil_blk_id=477996 ccf_commit_seqno=3424631 nstreams_done_=119500 config.nstreams=400000 avg_latency=0.9574 ms avg throuhgput (requests/sec) = 705.6751 res=false
*==== INFO ====*  stream_id=479996 latency=1.140586 ms (tx_ts=88484542949811, rx_ts=88484544090397) request_id=3438747 zil_blk_id=479996 ccf_commit_seqno=3438756 nstreams_done_=120000 config.nstreams=400000 avg_latency=0.9575 ms avg throuhgput (requests/sec) = 705.6230 res=false
*==== INFO ====*  stream_id=481996 latency=0.717165 ms (tx_ts=88485229319412, rx_ts=88485230036577) request_id=3452887 zil_blk_id=481996 ccf_commit_seqno=3452888 nstreams_done_=120500 config.nstreams=400000 avg_latency=0.9574 ms avg throuhgput (requests/sec) = 705.7166 res=false
*==== INFO ====*  stream_id=483996 latency=1.019778 ms (tx_ts=88485911296412, rx_ts=88485912316190) request_id=3467332 zil_blk_id=483996 ccf_commit_seqno=3467336 nstreams_done_=121000 config.nstreams=400000 avg_latency=0.9572 ms avg throuhgput (requests/sec) = 705.8245 res=false
*==== INFO ====*  stream_id=485996 latency=1.015871 ms (tx_ts=88486615031886, rx_ts=88486616047757) request_id=3481599 zil_blk_id=485996 ccf_commit_seqno=3481606 nstreams_done_=121500 config.nstreams=400000 avg_latency=0.9572 ms avg throuhgput (requests/sec) = 705.8436 res=false
*==== INFO ====*  stream_id=487996 latency=0.755014 ms (tx_ts=88487295994095, rx_ts=88487296749109) request_id=3495783 zil_blk_id=487996 ccf_commit_seqno=3495786 nstreams_done_=122000 config.nstreams=400000 avg_latency=0.9570 ms avg throuhgput (requests/sec) = 705.9567 res=false
*==== INFO ====*  stream_id=489996 latency=0.785090 ms (tx_ts=88487967183941, rx_ts=88487967969031) request_id=3510182 zil_blk_id=489996 ccf_commit_seqno=3510182 nstreams_done_=122500 config.nstreams=400000 avg_latency=0.9568 ms avg throuhgput (requests/sec) = 706.1074 res=false
*==== INFO ====*  stream_id=491996 latency=0.973258 ms (tx_ts=88488703145874, rx_ts=88488704119132) request_id=3524434 zil_blk_id=491996 ccf_commit_seqno=3524434 nstreams_done_=123000 config.nstreams=400000 avg_latency=0.9570 ms avg throuhgput (requests/sec) = 705.9937 res=false
*==== INFO ====*  stream_id=493996 latency=0.695872 ms (tx_ts=88489429514395, rx_ts=88489430210267) request_id=3538400 zil_blk_id=493996 ccf_commit_seqno=3538402 nstreams_done_=123500 config.nstreams=400000 avg_latency=0.9572 ms avg throuhgput (requests/sec) = 705.9216 res=false
*==== INFO ====*  stream_id=495996 latency=0.777815 ms (tx_ts=88490146268709, rx_ts=88490147046524) request_id=3553106 zil_blk_id=495996 ccf_commit_seqno=3553108 nstreams_done_=124000 config.nstreams=400000 avg_latency=0.9571 ms avg throuhgput (requests/sec) = 705.8873 res=false
*==== INFO ====*  stream_id=497996 latency=1.019015 ms (tx_ts=88490853978546, rx_ts=88490854997561) request_id=3567764 zil_blk_id=497996 ccf_commit_seqno=3567768 nstreams_done_=124500 config.nstreams=400000 avg_latency=0.9571 ms avg throuhgput (requests/sec) = 705.8888 res=false
*==== INFO ====*  stream_id=499996 latency=0.994303 ms (tx_ts=88491589402566, rx_ts=88491590396869) request_id=3582412 zil_blk_id=499996 ccf_commit_seqno=3582418 nstreams_done_=125000 config.nstreams=400000 avg_latency=0.9573 ms avg throuhgput (requests/sec) = 705.7809 res=false
*==== INFO ====*  stream_id=501996 latency=0.985123 ms (tx_ts=88492295808503, rx_ts=88492296793626) request_id=3596751 zil_blk_id=501996 ccf_commit_seqno=3596756 nstreams_done_=125500 config.nstreams=400000 avg_latency=0.9574 ms avg throuhgput (requests/sec) = 705.7890 res=false
*==== INFO ====*  stream_id=503996 latency=1.296244 ms (tx_ts=88493069495169, rx_ts=88493070791413) request_id=3611083 zil_blk_id=503996 ccf_commit_seqno=3611086 nstreams_done_=126000 config.nstreams=400000 avg_latency=0.9580 ms avg throuhgput (requests/sec) = 705.5298 res=false
*==== INFO ====*  stream_id=505996 latency=0.783747 ms (tx_ts=88493726132795, rx_ts=88493726916542) request_id=3625020 zil_blk_id=505996 ccf_commit_seqno=3625022 nstreams_done_=126500 config.nstreams=400000 avg_latency=0.9576 ms avg throuhgput (requests/sec) = 705.7367 res=false
*==== INFO ====*  stream_id=507996 latency=0.775878 ms (tx_ts=88494424267208, rx_ts=88494425043086) request_id=3639332 zil_blk_id=507996 ccf_commit_seqno=3639332 nstreams_done_=127000 config.nstreams=400000 avg_latency=0.9575 ms avg throuhgput (requests/sec) = 705.7773 res=false
*==== INFO ====*  stream_id=509996 latency=0.856572 ms (tx_ts=88495165297972, rx_ts=88495166154544) request_id=3653533 zil_blk_id=509996 ccf_commit_seqno=3653536 nstreams_done_=127500 config.nstreams=400000 avg_latency=0.9579 ms avg throuhgput (requests/sec) = 705.6497 res=false
*==== INFO ====*  stream_id=511996 latency=0.750244 ms (tx_ts=88495842431442, rx_ts=88495843181686) request_id=3667950 zil_blk_id=511996 ccf_commit_seqno=3667950 nstreams_done_=128000 config.nstreams=400000 avg_latency=0.9576 ms avg throuhgput (requests/sec) = 705.7724 res=false
*==== INFO ====*  stream_id=513996 latency=0.788445 ms (tx_ts=88496504666948, rx_ts=88496505455393) request_id=3682156 zil_blk_id=513996 ccf_commit_seqno=3682160 nstreams_done_=128500 config.nstreams=400000 avg_latency=0.9574 ms avg throuhgput (requests/sec) = 705.9515 res=false
*==== INFO ====*  stream_id=515996 latency=0.715487 ms (tx_ts=88497238867235, rx_ts=88497239582722) request_id=3696589 zil_blk_id=515996 ccf_commit_seqno=3696591 nstreams_done_=129000 config.nstreams=400000 avg_latency=0.9576 ms avg throuhgput (requests/sec) = 705.8515 res=false
*==== INFO ====*  stream_id=517996 latency=0.857513 ms (tx_ts=88497953505192, rx_ts=88497954362705) request_id=3709342 zil_blk_id=517996 ccf_commit_seqno=3709345 nstreams_done_=129500 config.nstreams=400000 avg_latency=0.9577 ms avg throuhgput (requests/sec) = 705.8269 res=false
*==== INFO ====*  stream_id=519996 latency=0.789415 ms (tx_ts=88498598919114, rx_ts=88498599708529) request_id=3721949 zil_blk_id=519996 ccf_commit_seqno=3721949 nstreams_done_=130000 config.nstreams=400000 avg_latency=0.9573 ms avg throuhgput (requests/sec) = 706.0685 res=false
*==== INFO ====*  stream_id=521996 latency=0.808381 ms (tx_ts=88499301639216, rx_ts=88499302447597) request_id=3734777 zil_blk_id=521996 ccf_commit_seqno=3734779 nstreams_done_=130500 config.nstreams=400000 avg_latency=0.9574 ms avg throuhgput (requests/sec) = 706.0892 res=false
*==== INFO ====*  stream_id=523996 latency=0.867044 ms (tx_ts=88499920409869, rx_ts=88499921276913) request_id=3747288 zil_blk_id=523996 ccf_commit_seqno=3747289 nstreams_done_=131000 config.nstreams=400000 avg_latency=0.9568 ms avg throuhgput (requests/sec) = 706.4292 res=false
*==== INFO ====*  stream_id=525996 latency=0.795255 ms (tx_ts=88500603828796, rx_ts=88500604624051) request_id=3759735 zil_blk_id=525996 ccf_commit_seqno=3759737 nstreams_done_=131500 config.nstreams=400000 avg_latency=0.9567 ms avg throuhgput (requests/sec) = 706.5220 res=false
*==== INFO ====*  stream_id=527996 latency=0.772715 ms (tx_ts=88501259900590, rx_ts=88501260673305) request_id=3772345 zil_blk_id=527996 ccf_commit_seqno=3772346 nstreams_done_=132000 config.nstreams=400000 avg_latency=0.9564 ms avg throuhgput (requests/sec) = 706.7173 res=false
*==== INFO ====*  stream_id=529996 latency=1.551171 ms (tx_ts=88501930545125, rx_ts=88501932096296) request_id=3785166 zil_blk_id=529996 ccf_commit_seqno=3785175 nstreams_done_=132500 config.nstreams=400000 avg_latency=0.9562 ms avg throuhgput (requests/sec) = 706.8533 res=false
*==== INFO ====*  stream_id=531996 latency=0.862474 ms (tx_ts=88502613025703, rx_ts=88502613888177) request_id=3797801 zil_blk_id=531996 ccf_commit_seqno=3797804 nstreams_done_=133000 config.nstreams=400000 avg_latency=0.9560 ms avg throuhgput (requests/sec) = 706.9494 res=false
*==== INFO ====*  stream_id=533996 latency=1.349815 ms (tx_ts=88503302602947, rx_ts=88503303952762) request_id=3810072 zil_blk_id=533996 ccf_commit_seqno=3810072 nstreams_done_=133500 config.nstreams=400000 avg_latency=0.9560 ms avg throuhgput (requests/sec) = 707.0138 res=false
*==== INFO ====*  stream_id=535996 latency=1.415327 ms (tx_ts=88504002037817, rx_ts=88504003453144) request_id=3822624 zil_blk_id=535996 ccf_commit_seqno=3822629 nstreams_done_=134000 config.nstreams=400000 avg_latency=0.9560 ms avg throuhgput (requests/sec) = 707.0425 res=false
*==== INFO ====*  stream_id=537996 latency=0.740421 ms (tx_ts=88504635816782, rx_ts=88504636557203) request_id=3835085 zil_blk_id=537996 ccf_commit_seqno=3835089 nstreams_done_=134500 config.nstreams=400000 avg_latency=0.9555 ms avg throuhgput (requests/sec) = 707.3179 res=false
*==== INFO ====*  stream_id=539996 latency=0.601896 ms (tx_ts=88505265070628, rx_ts=88505265672524) request_id=3847622 zil_blk_id=539996 ccf_commit_seqno=3847622 nstreams_done_=135000 config.nstreams=400000 avg_latency=0.9550 ms avg throuhgput (requests/sec) = 707.6063 res=false
*==== INFO ====*  stream_id=541996 latency=0.802416 ms (tx_ts=88505927039839, rx_ts=88505927842255) request_id=3860275 zil_blk_id=541996 ccf_commit_seqno=3860276 nstreams_done_=135500 config.nstreams=400000 avg_latency=0.9547 ms avg throuhgput (requests/sec) = 707.7705 res=false
*==== INFO ====*  stream_id=543996 latency=0.781958 ms (tx_ts=88506603904146, rx_ts=88506604686104) request_id=3872981 zil_blk_id=543996 ccf_commit_seqno=3872985 nstreams_done_=136000 config.nstreams=400000 avg_latency=0.9546 ms avg throuhgput (requests/sec) = 707.8796 res=false
*==== INFO ====*  stream_id=545996 latency=0.594986 ms (tx_ts=88507286641922, rx_ts=88507287236908) request_id=3885406 zil_blk_id=545996 ccf_commit_seqno=3885406 nstreams_done_=136500 config.nstreams=400000 avg_latency=0.9545 ms avg throuhgput (requests/sec) = 707.9669 res=false
*==== INFO ====*  stream_id=547996 latency=0.843538 ms (tx_ts=88507902985900, rx_ts=88507903829438) request_id=3897936 zil_blk_id=547996 ccf_commit_seqno=3897937 nstreams_done_=137000 config.nstreams=400000 avg_latency=0.9539 ms avg throuhgput (requests/sec) = 708.2950 res=false
*==== INFO ====*  stream_id=549996 latency=0.798853 ms (tx_ts=88508554389044, rx_ts=88508555187897) request_id=3910403 zil_blk_id=549996 ccf_commit_seqno=3910406 nstreams_done_=137500 config.nstreams=400000 avg_latency=0.9536 ms avg throuhgput (requests/sec) = 708.4942 res=false
*==== INFO ====*  stream_id=551996 latency=0.683899 ms (tx_ts=88509220075218, rx_ts=88509220759117) request_id=3923282 zil_blk_id=551996 ccf_commit_seqno=3923282 nstreams_done_=138000 config.nstreams=400000 avg_latency=0.9533 ms avg throuhgput (requests/sec) = 708.6402 res=false
*==== INFO ====*  stream_id=553996 latency=0.626880 ms (tx_ts=88509898915567, rx_ts=88509899542447) request_id=3935767 zil_blk_id=553996 ccf_commit_seqno=3935768 nstreams_done_=138500 config.nstreams=400000 avg_latency=0.9532 ms avg throuhgput (requests/sec) = 708.7374 res=false
*==== INFO ====*  stream_id=555996 latency=0.669512 ms (tx_ts=88510554950501, rx_ts=88510555620013) request_id=3948385 zil_blk_id=555996 ccf_commit_seqno=3948385 nstreams_done_=139000 config.nstreams=400000 avg_latency=0.9530 ms avg throuhgput (requests/sec) = 708.9160 res=false
*==== INFO ====*  stream_id=557996 latency=0.969965 ms (tx_ts=88511264384146, rx_ts=88511265354111) request_id=3961133 zil_blk_id=557996 ccf_commit_seqno=3961137 nstreams_done_=139500 config.nstreams=400000 avg_latency=0.9530 ms avg throuhgput (requests/sec) = 708.9000 res=false
*==== INFO ====*  stream_id=559996 latency=0.745044 ms (tx_ts=88511984411679, rx_ts=88511985156723) request_id=3973997 zil_blk_id=559996 ccf_commit_seqno=3973999 nstreams_done_=140000 config.nstreams=400000 avg_latency=0.9530 ms avg throuhgput (requests/sec) = 708.8480 res=false
*==== INFO ====*  stream_id=561996 latency=0.819186 ms (tx_ts=88512632656375, rx_ts=88512633475561) request_id=3986646 zil_blk_id=561996 ccf_commit_seqno=3986651 nstreams_done_=140500 config.nstreams=400000 avg_latency=0.9526 ms avg throuhgput (requests/sec) = 709.0521 res=false
*==== INFO ====*  stream_id=563996 latency=0.758038 ms (tx_ts=88513280575966, rx_ts=88513281334004) request_id=3999275 zil_blk_id=563996 ccf_commit_seqno=3999277 nstreams_done_=141000 config.nstreams=400000 avg_latency=0.9523 ms avg throuhgput (requests/sec) = 709.2565 res=false
*==== INFO ====*  stream_id=565996 latency=1.244367 ms (tx_ts=88513932085158, rx_ts=88513933329525) request_id=4011994 zil_blk_id=565996 ccf_commit_seqno=4011997 nstreams_done_=141500 config.nstreams=400000 avg_latency=0.9520 ms avg throuhgput (requests/sec) = 709.4449 res=false
*==== INFO ====*  stream_id=567996 latency=0.720184 ms (tx_ts=88514598512443, rx_ts=88514599232627) request_id=4024539 zil_blk_id=567996 ccf_commit_seqno=4024542 nstreams_done_=142000 config.nstreams=400000 avg_latency=0.9518 ms avg throuhgput (requests/sec) = 709.5827 res=false
*==== INFO ====*  stream_id=569996 latency=0.996775 ms (tx_ts=88515262699071, rx_ts=88515263695846) request_id=4037092 zil_blk_id=569996 ccf_commit_seqno=4037096 nstreams_done_=142500 config.nstreams=400000 avg_latency=0.9516 ms avg throuhgput (requests/sec) = 709.7247 res=false
*==== INFO ====*  stream_id=571996 latency=1.488889 ms (tx_ts=88516004229599, rx_ts=88516005718488) request_id=4049986 zil_blk_id=571996 ccf_commit_seqno=4049994 nstreams_done_=143000 config.nstreams=400000 avg_latency=0.9518 ms avg throuhgput (requests/sec) = 709.5925 res=false
*==== INFO ====*  stream_id=573996 latency=0.776569 ms (tx_ts=88516693021856, rx_ts=88516693798425) request_id=4062556 zil_blk_id=573996 ccf_commit_seqno=4062558 nstreams_done_=143500 config.nstreams=400000 avg_latency=0.9517 ms avg throuhgput (requests/sec) = 709.6506 res=false
*==== INFO ====*  stream_id=575996 latency=0.605341 ms (tx_ts=88517334156797, rx_ts=88517334762138) request_id=4074959 zil_blk_id=575996 ccf_commit_seqno=4074959 nstreams_done_=144000 config.nstreams=400000 avg_latency=0.9513 ms avg throuhgput (requests/sec) = 709.8731 res=false
*==== INFO ====*  stream_id=577996 latency=0.759280 ms (tx_ts=88517962768244, rx_ts=88517963527524) request_id=4087422 zil_blk_id=577996 ccf_commit_seqno=4087426 nstreams_done_=144500 config.nstreams=400000 avg_latency=0.9509 ms avg throuhgput (requests/sec) = 710.1368 res=false
*==== INFO ====*  stream_id=579996 latency=0.645699 ms (tx_ts=88518641847781, rx_ts=88518642493480) request_id=4100047 zil_blk_id=579996 ccf_commit_seqno=4100047 nstreams_done_=145000 config.nstreams=400000 avg_latency=0.9507 ms avg throuhgput (requests/sec) = 710.2242 res=false
*==== INFO ====*  stream_id=581996 latency=0.598623 ms (tx_ts=88519322105928, rx_ts=88519322704551) request_id=4112929 zil_blk_id=581996 ccf_commit_seqno=4112929 nstreams_done_=145500 config.nstreams=400000 avg_latency=0.9505 ms avg throuhgput (requests/sec) = 710.3067 res=false
*==== INFO ====*  stream_id=583996 latency=1.030658 ms (tx_ts=88520003519279, rx_ts=88520004549937) request_id=4125504 zil_blk_id=583996 ccf_commit_seqno=4125505 nstreams_done_=146000 config.nstreams=400000 avg_latency=0.9505 ms avg throuhgput (requests/sec) = 710.3830 res=false
*==== INFO ====*  stream_id=585996 latency=0.667836 ms (tx_ts=88520703724979, rx_ts=88520704392815) request_id=4138292 zil_blk_id=585996 ccf_commit_seqno=4138292 nstreams_done_=146500 config.nstreams=400000 avg_latency=0.9505 ms avg throuhgput (requests/sec) = 710.3968 res=false
*==== INFO ====*  stream_id=587996 latency=0.870074 ms (tx_ts=88521440749771, rx_ts=88521441619845) request_id=4151175 zil_blk_id=587996 ccf_commit_seqno=4151177 nstreams_done_=147000 config.nstreams=400000 avg_latency=0.9507 ms avg throuhgput (requests/sec) = 710.2821 res=false
*==== INFO ====*  stream_id=589996 latency=1.064000 ms (tx_ts=88522106258176, rx_ts=88522107322176) request_id=4163690 zil_blk_id=589996 ccf_commit_seqno=4163696 nstreams_done_=147500 config.nstreams=400000 avg_latency=0.9505 ms avg throuhgput (requests/sec) = 710.4130 res=false
*==== INFO ====*  stream_id=591996 latency=0.738207 ms (tx_ts=88522762034148, rx_ts=88522762772355) request_id=4176258 zil_blk_id=591996 ccf_commit_seqno=4176263 nstreams_done_=148000 config.nstreams=400000 avg_latency=0.9502 ms avg throuhgput (requests/sec) = 710.5779 res=false
*==== INFO ====*  stream_id=593996 latency=0.766393 ms (tx_ts=88523482950906, rx_ts=88523483717299) request_id=4189863 zil_blk_id=593996 ccf_commit_seqno=4189866 nstreams_done_=148500 config.nstreams=400000 avg_latency=0.9501 ms avg throuhgput (requests/sec) = 710.5191 res=false
*==== INFO ====*  stream_id=595996 latency=0.759811 ms (tx_ts=88524240400077, rx_ts=88524241159888) request_id=4202508 zil_blk_id=595996 ccf_commit_seqno=4202511 nstreams_done_=149000 config.nstreams=400000 avg_latency=0.9505 ms avg throuhgput (requests/sec) = 710.3371 res=false
*==== INFO ====*  stream_id=597996 latency=0.575868 ms (tx_ts=88524876893292, rx_ts=88524877469160) request_id=4214730 zil_blk_id=597996 ccf_commit_seqno=4214730 nstreams_done_=149500 config.nstreams=400000 avg_latency=0.9501 ms avg throuhgput (requests/sec) = 710.5653 res=false
*==== INFO ====*  stream_id=599996 latency=0.652651 ms (tx_ts=88525511897276, rx_ts=88525512549927) request_id=4227068 zil_blk_id=599996 ccf_commit_seqno=4227068 nstreams_done_=150000 config.nstreams=400000 avg_latency=0.9498 ms avg throuhgput (requests/sec) = 710.7962 res=false
*==== INFO ====*  stream_id=601996 latency=0.953493 ms (tx_ts=88526286536768, rx_ts=88526287490261) request_id=4239952 zil_blk_id=601996 ccf_commit_seqno=4239956 nstreams_done_=150500 config.nstreams=400000 avg_latency=0.9502 ms avg throuhgput (requests/sec) = 710.5563 res=false
*==== INFO ====*  stream_id=603996 latency=0.651930 ms (tx_ts=88526984709474, rx_ts=88526985361404) request_id=4252766 zil_blk_id=603996 ccf_commit_seqno=4252766 nstreams_done_=151000 config.nstreams=400000 avg_latency=0.9502 ms avg throuhgput (requests/sec) = 710.5757 res=false
*==== INFO ====*  stream_id=605996 latency=0.804716 ms (tx_ts=88527671833181, rx_ts=88527672637897) request_id=4265878 zil_blk_id=605996 ccf_commit_seqno=4265881 nstreams_done_=151500 config.nstreams=400000 avg_latency=0.9501 ms avg throuhgput (requests/sec) = 710.6303 res=false
*==== INFO ====*  stream_id=607996 latency=0.726588 ms (tx_ts=88528313859476, rx_ts=88528314586064) request_id=4278478 zil_blk_id=607996 ccf_commit_seqno=4278479 nstreams_done_=152000 config.nstreams=400000 avg_latency=0.9497 ms avg throuhgput (requests/sec) = 710.8352 res=false
*==== INFO ====*  stream_id=609996 latency=1.418698 ms (tx_ts=88528987696117, rx_ts=88528989114815) request_id=4291291 zil_blk_id=609996 ccf_commit_seqno=4291308 nstreams_done_=152500 config.nstreams=400000 avg_latency=0.9495 ms avg throuhgput (requests/sec) = 710.9308 res=false
*==== INFO ====*  stream_id=611996 latency=0.893536 ms (tx_ts=88529731977614, rx_ts=88529732871150) request_id=4304063 zil_blk_id=611996 ccf_commit_seqno=4304067 nstreams_done_=153000 config.nstreams=400000 avg_latency=0.9498 ms avg throuhgput (requests/sec) = 710.7972 res=false
*==== INFO ====*  stream_id=613996 latency=0.633999 ms (tx_ts=88530461486214, rx_ts=88530462120213) request_id=4316873 zil_blk_id=613996 ccf_commit_seqno=4316873 nstreams_done_=153500 config.nstreams=400000 avg_latency=0.9500 ms avg throuhgput (requests/sec) = 710.7123 res=false
*==== INFO ====*  stream_id=615996 latency=0.817806 ms (tx_ts=88531159244417, rx_ts=88531160062223) request_id=4329459 zil_blk_id=615996 ccf_commit_seqno=4329459 nstreams_done_=154000 config.nstreams=400000 avg_latency=0.9500 ms avg throuhgput (requests/sec) = 710.7306 res=false
*==== INFO ====*  stream_id=617996 latency=0.725796 ms (tx_ts=88531876260123, rx_ts=88531876985919) request_id=4341987 zil_blk_id=617996 ccf_commit_seqno=4341987 nstreams_done_=154500 config.nstreams=400000 avg_latency=0.9502 ms avg throuhgput (requests/sec) = 710.6867 res=false
*==== INFO ====*  stream_id=619996 latency=0.753499 ms (tx_ts=88532542631962, rx_ts=88532543385461) request_id=4354737 zil_blk_id=619996 ccf_commit_seqno=4354738 nstreams_done_=155000 config.nstreams=400000 avg_latency=0.9500 ms avg throuhgput (requests/sec) = 710.8077 res=false
*==== INFO ====*  stream_id=621996 latency=0.744215 ms (tx_ts=88533170314791, rx_ts=88533171059006) request_id=4367235 zil_blk_id=621996 ccf_commit_seqno=4367237 nstreams_done_=155500 config.nstreams=400000 avg_latency=0.9495 ms avg throuhgput (requests/sec) = 711.0540 res=false
*==== INFO ====*  stream_id=623996 latency=0.835079 ms (tx_ts=88533895196388, rx_ts=88533896031467) request_id=4380120 zil_blk_id=623996 ccf_commit_seqno=4380122 nstreams_done_=156000 config.nstreams=400000 avg_latency=0.9497 ms avg throuhgput (requests/sec) = 710.9833 res=false
*==== INFO ====*  stream_id=625996 latency=0.822405 ms (tx_ts=88534519554993, rx_ts=88534520377398) request_id=4392455 zil_blk_id=625996 ccf_commit_seqno=4392460 nstreams_done_=156500 config.nstreams=400000 avg_latency=0.9493 ms avg throuhgput (requests/sec) = 711.2383 res=false
*==== INFO ====*  stream_id=627996 latency=1.225452 ms (tx_ts=88535177311411, rx_ts=88535178536863) request_id=4405070 zil_blk_id=627996 ccf_commit_seqno=4405074 nstreams_done_=157000 config.nstreams=400000 avg_latency=0.9490 ms avg throuhgput (requests/sec) = 711.3828 res=false
*==== INFO ====*  stream_id=629996 latency=0.730146 ms (tx_ts=88535845830533, rx_ts=88535846560679) request_id=4417622 zil_blk_id=629996 ccf_commit_seqno=4417623 nstreams_done_=157500 config.nstreams=400000 avg_latency=0.9489 ms avg throuhgput (requests/sec) = 711.4947 res=false
*==== INFO ====*  stream_id=631996 latency=0.843555 ms (tx_ts=88536522639291, rx_ts=88536523482846) request_id=4430226 zil_blk_id=631996 ccf_commit_seqno=4430230 nstreams_done_=158000 config.nstreams=400000 avg_latency=0.9488 ms avg throuhgput (requests/sec) = 711.5775 res=false
*==== INFO ====*  stream_id=633996 latency=1.844958 ms (tx_ts=88537203056583, rx_ts=88537204901541) request_id=4443180 zil_blk_id=633996 ccf_commit_seqno=4443181 nstreams_done_=158500 config.nstreams=400000 avg_latency=0.9486 ms avg throuhgput (requests/sec) = 711.6454 res=false
*==== INFO ====*  stream_id=635996 latency=0.760883 ms (tx_ts=88537900086677, rx_ts=88537900847560) request_id=4456305 zil_blk_id=635996 ccf_commit_seqno=4456305 nstreams_done_=159000 config.nstreams=400000 avg_latency=0.9484 ms avg throuhgput (requests/sec) = 711.6666 res=false
*==== INFO ====*  stream_id=637996 latency=0.774222 ms (tx_ts=88538581549359, rx_ts=88538582323581) request_id=4469411 zil_blk_id=637996 ccf_commit_seqno=4469411 nstreams_done_=159500 config.nstreams=400000 avg_latency=0.9483 ms avg throuhgput (requests/sec) = 711.7336 res=false
*==== INFO ====*  stream_id=639996 latency=0.579107 ms (tx_ts=88539221548351, rx_ts=88539222127458) request_id=4482255 zil_blk_id=639996 ccf_commit_seqno=4482255 nstreams_done_=160000 config.nstreams=400000 avg_latency=0.9479 ms avg throuhgput (requests/sec) = 711.9321 res=false
*==== INFO ====*  stream_id=641996 latency=0.732270 ms (tx_ts=88539928976588, rx_ts=88539929708858) request_id=4495273 zil_blk_id=641996 ccf_commit_seqno=4495273 nstreams_done_=160500 config.nstreams=400000 avg_latency=0.9479 ms avg throuhgput (requests/sec) = 711.9155 res=false
*==== INFO ====*  stream_id=643996 latency=0.916424 ms (tx_ts=88540609895381, rx_ts=88540610811805) request_id=4507747 zil_blk_id=643996 ccf_commit_seqno=4507748 nstreams_done_=161000 config.nstreams=400000 avg_latency=0.9478 ms avg throuhgput (requests/sec) = 711.9823 res=false
*==== INFO ====*  stream_id=645996 latency=0.754351 ms (tx_ts=88541241915805, rx_ts=88541242670156) request_id=4520032 zil_blk_id=645996 ccf_commit_seqno=4520032 nstreams_done_=161500 config.nstreams=400000 avg_latency=0.9475 ms avg throuhgput (requests/sec) = 712.2034 res=false
*==== INFO ====*  stream_id=647996 latency=1.432172 ms (tx_ts=88541907090377, rx_ts=88541908522549) request_id=4532646 zil_blk_id=647996 ccf_commit_seqno=4532663 nstreams_done_=162000 config.nstreams=400000 avg_latency=0.9473 ms avg throuhgput (requests/sec) = 712.3167 res=false
*==== INFO ====*  stream_id=649996 latency=0.710232 ms (tx_ts=88542582387477, rx_ts=88542583097709) request_id=4545144 zil_blk_id=649996 ccf_commit_seqno=4545146 nstreams_done_=162500 config.nstreams=400000 avg_latency=0.9472 ms avg throuhgput (requests/sec) = 712.4022 res=false
*==== INFO ====*  stream_id=651996 latency=0.705853 ms (tx_ts=88543246248573, rx_ts=88543246954426) request_id=4557694 zil_blk_id=651996 ccf_commit_seqno=4557694 nstreams_done_=163000 config.nstreams=400000 avg_latency=0.9470 ms avg throuhgput (requests/sec) = 712.5205 res=false
*==== INFO ====*  stream_id=653996 latency=0.843220 ms (tx_ts=88543922558017, rx_ts=88543923401237) request_id=4570330 zil_blk_id=653996 ccf_commit_seqno=4570332 nstreams_done_=163500 config.nstreams=400000 avg_latency=0.9469 ms avg throuhgput (requests/sec) = 712.5990 res=false
*==== INFO ====*  stream_id=655996 latency=0.845001 ms (tx_ts=88544629224879, rx_ts=88544630069880) request_id=4582880 zil_blk_id=655996 ccf_commit_seqno=4582882 nstreams_done_=164000 config.nstreams=400000 avg_latency=0.9470 ms avg throuhgput (requests/sec) = 712.5835 res=false
*==== INFO ====*  stream_id=657996 latency=0.851673 ms (tx_ts=88545333329391, rx_ts=88545334181064) request_id=4595939 zil_blk_id=657996 ccf_commit_seqno=4595942 nstreams_done_=164500 config.nstreams=400000 avg_latency=0.9469 ms avg throuhgput (requests/sec) = 712.5760 res=false
*==== INFO ====*  stream_id=659996 latency=1.001728 ms (tx_ts=88546042177032, rx_ts=88546043178760) request_id=4608593 zil_blk_id=659996 ccf_commit_seqno=4608600 nstreams_done_=165000 config.nstreams=400000 avg_latency=0.9469 ms avg throuhgput (requests/sec) = 712.5535 res=false
*==== INFO ====*  stream_id=661996 latency=0.995599 ms (tx_ts=88546774482427, rx_ts=88546775478026) request_id=4621421 zil_blk_id=661996 ccf_commit_seqno=4621421 nstreams_done_=165500 config.nstreams=400000 avg_latency=0.9472 ms avg throuhgput (requests/sec) = 712.4596 res=false
*==== INFO ====*  stream_id=663996 latency=1.594034 ms (tx_ts=88547518464372, rx_ts=88547520058406) request_id=4634459 zil_blk_id=663996 ccf_commit_seqno=4634476 nstreams_done_=166000 config.nstreams=400000 avg_latency=0.9474 ms avg throuhgput (requests/sec) = 712.3288 res=false
*==== INFO ====*  stream_id=665996 latency=0.779654 ms (tx_ts=88548178275361, rx_ts=88548179055015) request_id=4647133 zil_blk_id=665996 ccf_commit_seqno=4647138 nstreams_done_=166500 config.nstreams=400000 avg_latency=0.9472 ms avg throuhgput (requests/sec) = 712.4596 res=false
*==== INFO ====*  stream_id=667996 latency=1.399858 ms (tx_ts=88548875348288, rx_ts=88548876748146) request_id=4659689 zil_blk_id=667996 ccf_commit_seqno=4659690 nstreams_done_=167000 config.nstreams=400000 avg_latency=0.9472 ms avg throuhgput (requests/sec) = 712.4721 res=false
*==== INFO ====*  stream_id=669996 latency=0.731578 ms (tx_ts=88549530475899, rx_ts=88549531207477) request_id=4672400 zil_blk_id=669996 ccf_commit_seqno=4672401 nstreams_done_=167500 config.nstreams=400000 avg_latency=0.9470 ms avg throuhgput (requests/sec) = 712.6155 res=false
*==== INFO ====*  stream_id=671996 latency=0.943655 ms (tx_ts=88550205841732, rx_ts=88550206785387) request_id=4685172 zil_blk_id=671996 ccf_commit_seqno=4685175 nstreams_done_=168000 config.nstreams=400000 avg_latency=0.9468 ms avg throuhgput (requests/sec) = 712.6943 res=false
*==== INFO ====*  stream_id=673996 latency=0.848547 ms (tx_ts=88550866039924, rx_ts=88550866888471) request_id=4697844 zil_blk_id=673996 ccf_commit_seqno=4697846 nstreams_done_=168500 config.nstreams=400000 avg_latency=0.9466 ms avg throuhgput (requests/sec) = 712.8193 res=false
*==== INFO ====*  stream_id=675996 latency=0.790118 ms (tx_ts=88551577473089, rx_ts=88551578263207) request_id=4710736 zil_blk_id=675996 ccf_commit_seqno=4710738 nstreams_done_=169000 config.nstreams=400000 avg_latency=0.9466 ms avg throuhgput (requests/sec) = 712.7895 res=false
*==== INFO ====*  stream_id=677996 latency=0.890065 ms (tx_ts=88552217654469, rx_ts=88552218544534) request_id=4723315 zil_blk_id=677996 ccf_commit_seqno=4723317 nstreams_done_=169500 config.nstreams=400000 avg_latency=0.9463 ms avg throuhgput (requests/sec) = 712.9729 res=false
*==== INFO ====*  stream_id=679996 latency=0.911053 ms (tx_ts=88552903299924, rx_ts=88552904210977) request_id=4736024 zil_blk_id=679996 ccf_commit_seqno=4736028 nstreams_done_=170000 config.nstreams=400000 avg_latency=0.9463 ms avg throuhgput (requests/sec) = 713.0196 res=false
*==== INFO ====*  stream_id=681996 latency=0.992297 ms (tx_ts=88553580856728, rx_ts=88553581849025) request_id=4749197 zil_blk_id=681996 ccf_commit_seqno=4749203 nstreams_done_=170500 config.nstreams=400000 avg_latency=0.9460 ms avg throuhgput (requests/sec) = 713.0900 res=false
*==== INFO ====*  stream_id=683996 latency=0.856872 ms (tx_ts=88554285336984, rx_ts=88554286193856) request_id=4762143 zil_blk_id=683996 ccf_commit_seqno=4762147 nstreams_done_=171000 config.nstreams=400000 avg_latency=0.9460 ms avg throuhgput (requests/sec) = 713.0806 res=false
*==== INFO ====*  stream_id=685996 latency=0.893426 ms (tx_ts=88554926640416, rx_ts=88554927533842) request_id=4774713 zil_blk_id=685996 ccf_commit_seqno=4774715 nstreams_done_=171500 config.nstreams=400000 avg_latency=0.9457 ms avg throuhgput (requests/sec) = 713.2581 res=false
*==== INFO ====*  stream_id=687996 latency=0.788337 ms (tx_ts=88555610209188, rx_ts=88555610997525) request_id=4787139 zil_blk_id=687996 ccf_commit_seqno=4787142 nstreams_done_=172000 config.nstreams=400000 avg_latency=0.9456 ms avg throuhgput (requests/sec) = 713.3100 res=false
*==== INFO ====*  stream_id=689996 latency=0.853986 ms (tx_ts=88556373831095, rx_ts=88556374685081) request_id=4799727 zil_blk_id=689996 ccf_commit_seqno=4799728 nstreams_done_=172500 config.nstreams=400000 avg_latency=0.9460 ms avg throuhgput (requests/sec) = 713.1250 res=false
*==== INFO ====*  stream_id=691996 latency=0.872852 ms (tx_ts=88557065418887, rx_ts=88557066291739) request_id=4812303 zil_blk_id=691996 ccf_commit_seqno=4812307 nstreams_done_=173000 config.nstreams=400000 avg_latency=0.9460 ms avg throuhgput (requests/sec) = 713.1530 res=false
*==== INFO ====*  stream_id=693996 latency=0.693364 ms (tx_ts=88557754833729, rx_ts=88557755527093) request_id=4825238 zil_blk_id=693996 ccf_commit_seqno=4825239 nstreams_done_=173500 config.nstreams=400000 avg_latency=0.9460 ms avg throuhgput (requests/sec) = 713.1878 res=false
*==== INFO ====*  stream_id=695996 latency=1.301343 ms (tx_ts=88558427077229, rx_ts=88558428378572) request_id=4838518 zil_blk_id=695996 ccf_commit_seqno=4838520 nstreams_done_=174000 config.nstreams=400000 avg_latency=0.9457 ms avg throuhgput (requests/sec) = 713.2704 res=false
*==== INFO ====*  stream_id=697996 latency=0.860209 ms (tx_ts=88559118130189, rx_ts=88559118990398) request_id=4851218 zil_blk_id=697996 ccf_commit_seqno=4851220 nstreams_done_=174500 config.nstreams=400000 avg_latency=0.9457 ms avg throuhgput (requests/sec) = 713.3006 res=false
*==== INFO ====*  stream_id=699996 latency=1.362935 ms (tx_ts=88559829121801, rx_ts=88559830484736) request_id=4863705 zil_blk_id=699996 ccf_commit_seqno=4863713 nstreams_done_=175000 config.nstreams=400000 avg_latency=0.9458 ms avg throuhgput (requests/sec) = 713.2700 res=false
*==== INFO ====*  stream_id=701996 latency=0.767385 ms (tx_ts=88560532061983, rx_ts=88560532829368) request_id=4876326 zil_blk_id=701996 ccf_commit_seqno=4876327 nstreams_done_=175500 config.nstreams=400000 avg_latency=0.9457 ms avg throuhgput (requests/sec) = 713.2661 res=false
*==== INFO ====*  stream_id=703996 latency=0.668029 ms (tx_ts=88561242430896, rx_ts=88561243098925) request_id=4889120 zil_blk_id=703996 ccf_commit_seqno=4889120 nstreams_done_=176000 config.nstreams=400000 avg_latency=0.9458 ms avg throuhgput (requests/sec) = 713.2393 res=false
*==== INFO ====*  stream_id=705996 latency=0.693292 ms (tx_ts=88561913724033, rx_ts=88561914417325) request_id=4901806 zil_blk_id=705996 ccf_commit_seqno=4901807 nstreams_done_=176500 config.nstreams=400000 avg_latency=0.9457 ms avg throuhgput (requests/sec) = 713.3250 res=false
*==== INFO ====*  stream_id=707996 latency=0.743321 ms (tx_ts=88562532660541, rx_ts=88562533403862) request_id=4914629 zil_blk_id=707996 ccf_commit_seqno=4914629 nstreams_done_=177000 config.nstreams=400000 avg_latency=0.9452 ms avg throuhgput (requests/sec) = 713.5606 res=false
*==== INFO ====*  stream_id=709996 latency=0.805444 ms (tx_ts=88563213243733, rx_ts=88563214049177) request_id=4926977 zil_blk_id=709996 ccf_commit_seqno=4926978 nstreams_done_=177500 config.nstreams=400000 avg_latency=0.9451 ms avg throuhgput (requests/sec) = 713.6182 res=false
*==== INFO ====*  stream_id=711996 latency=1.357571 ms (tx_ts=88563850233571, rx_ts=88563851591142) request_id=4939577 zil_blk_id=711996 ccf_commit_seqno=4939586 nstreams_done_=178000 config.nstreams=400000 avg_latency=0.9448 ms avg throuhgput (requests/sec) = 713.7988 res=false
*==== INFO ====*  stream_id=713996 latency=1.106379 ms (tx_ts=88564586023201, rx_ts=88564587129580) request_id=4952245 zil_blk_id=713996 ccf_commit_seqno=4952249 nstreams_done_=178500 config.nstreams=400000 avg_latency=0.9450 ms avg throuhgput (requests/sec) = 713.6988 res=false
*==== INFO ====*  stream_id=715996 latency=1.064761 ms (tx_ts=88565265045744, rx_ts=88565266110505) request_id=4965055 zil_blk_id=715996 ccf_commit_seqno=4965061 nstreams_done_=179000 config.nstreams=400000 avg_latency=0.9449 ms avg throuhgput (requests/sec) = 713.7602 res=false
*==== INFO ====*  stream_id=717996 latency=0.641219 ms (tx_ts=88565936195816, rx_ts=88565936837035) request_id=4977553 zil_blk_id=717996 ccf_commit_seqno=4977553 nstreams_done_=179500 config.nstreams=400000 avg_latency=0.9447 ms avg throuhgput (requests/sec) = 713.8448 res=false
*==== INFO ====*  stream_id=719996 latency=0.856654 ms (tx_ts=88566560338043, rx_ts=88566561194697) request_id=4990040 zil_blk_id=719996 ccf_commit_seqno=4990045 nstreams_done_=180000 config.nstreams=400000 avg_latency=0.9444 ms avg throuhgput (requests/sec) = 714.0602 res=false
*==== INFO ====*  stream_id=721996 latency=0.854488 ms (tx_ts=88567214027406, rx_ts=88567214881894) request_id=5002509 zil_blk_id=721996 ccf_commit_seqno=5002511 nstreams_done_=180500 config.nstreams=400000 avg_latency=0.9442 ms avg throuhgput (requests/sec) = 714.1917 res=false
*==== INFO ====*  stream_id=723996 latency=1.312394 ms (tx_ts=88567894029859, rx_ts=88567895342253) request_id=5015319 zil_blk_id=723996 ccf_commit_seqno=5015324 nstreams_done_=181000 config.nstreams=400000 avg_latency=0.9441 ms avg throuhgput (requests/sec) = 714.2470 res=false
*==== INFO ====*  stream_id=725996 latency=0.824021 ms (tx_ts=88568642787326, rx_ts=88568643611347) request_id=5028134 zil_blk_id=725996 ccf_commit_seqno=5028137 nstreams_done_=181500 config.nstreams=400000 avg_latency=0.9444 ms avg throuhgput (requests/sec) = 714.1115 res=false
*==== INFO ====*  stream_id=727996 latency=0.805907 ms (tx_ts=88569314796101, rx_ts=88569315602008) request_id=5040894 zil_blk_id=727996 ccf_commit_seqno=5040894 nstreams_done_=182000 config.nstreams=400000 avg_latency=0.9443 ms avg throuhgput (requests/sec) = 714.1904 res=false
*==== INFO ====*  stream_id=729996 latency=0.758791 ms (tx_ts=88570001308893, rx_ts=88570002067684) request_id=5053538 zil_blk_id=729996 ccf_commit_seqno=5053538 nstreams_done_=182500 config.nstreams=400000 avg_latency=0.9442 ms avg throuhgput (requests/sec) = 714.2285 res=false
*==== INFO ====*  stream_id=731996 latency=0.929131 ms (tx_ts=88570661493086, rx_ts=88570662422217) request_id=5066046 zil_blk_id=731996 ccf_commit_seqno=5066050 nstreams_done_=183000 config.nstreams=400000 avg_latency=0.9440 ms avg throuhgput (requests/sec) = 714.3392 res=false
*==== INFO ====*  stream_id=733996 latency=0.693447 ms (tx_ts=88571313873644, rx_ts=88571314567091) request_id=5078959 zil_blk_id=733996 ccf_commit_seqno=5078959 nstreams_done_=183500 config.nstreams=400000 avg_latency=0.9437 ms avg throuhgput (requests/sec) = 714.4722 res=false
*==== INFO ====*  stream_id=735996 latency=1.508523 ms (tx_ts=88571982441367, rx_ts=88571983949890) request_id=5091670 zil_blk_id=735996 ccf_commit_seqno=5091673 nstreams_done_=184000 config.nstreams=400000 avg_latency=0.9436 ms avg throuhgput (requests/sec) = 714.5566 res=false
*==== INFO ====*  stream_id=737996 latency=0.748473 ms (tx_ts=88572621172013, rx_ts=88572621920486) request_id=5103964 zil_blk_id=737996 ccf_commit_seqno=5103965 nstreams_done_=184500 config.nstreams=400000 avg_latency=0.9433 ms avg throuhgput (requests/sec) = 714.7276 res=false
*==== INFO ====*  stream_id=739996 latency=0.949936 ms (tx_ts=88573325903336, rx_ts=88573326853272) request_id=5116760 zil_blk_id=739996 ccf_commit_seqno=5116764 nstreams_done_=185000 config.nstreams=400000 avg_latency=0.9434 ms avg throuhgput (requests/sec) = 714.7128 res=false
*==== INFO ====*  stream_id=741996 latency=0.753256 ms (tx_ts=88573997642250, rx_ts=88573998395506) request_id=5129439 zil_blk_id=741996 ccf_commit_seqno=5129442 nstreams_done_=185500 config.nstreams=400000 avg_latency=0.9433 ms avg throuhgput (requests/sec) = 714.7900 res=false
*==== INFO ====*  stream_id=743996 latency=0.982067 ms (tx_ts=88574644196925, rx_ts=88574645178992) request_id=5142227 zil_blk_id=743996 ccf_commit_seqno=5142228 nstreams_done_=186000 config.nstreams=400000 avg_latency=0.9430 ms avg throuhgput (requests/sec) = 714.9348 res=false
*==== INFO ====*  stream_id=745996 latency=0.662679 ms (tx_ts=88575317472463, rx_ts=88575318135142) request_id=5154797 zil_blk_id=745996 ccf_commit_seqno=5154798 nstreams_done_=186500 config.nstreams=400000 avg_latency=0.9429 ms avg throuhgput (requests/sec) = 715.0072 res=false
*==== INFO ====*  stream_id=747996 latency=1.014783 ms (tx_ts=88575975278971, rx_ts=88575976293754) request_id=5167200 zil_blk_id=747996 ccf_commit_seqno=5167201 nstreams_done_=187000 config.nstreams=400000 avg_latency=0.9428 ms avg throuhgput (requests/sec) = 715.1197 res=false
*==== INFO ====*  stream_id=749996 latency=1.390441 ms (tx_ts=88576648211209, rx_ts=88576649601650) request_id=5179731 zil_blk_id=749996 ccf_commit_seqno=5179741 nstreams_done_=187500 config.nstreams=400000 avg_latency=0.9426 ms avg throuhgput (requests/sec) = 715.1903 res=false
*==== INFO ====*  stream_id=751996 latency=0.644876 ms (tx_ts=88577324055072, rx_ts=88577324699948) request_id=5192534 zil_blk_id=751996 ccf_commit_seqno=5192534 nstreams_done_=188000 config.nstreams=400000 avg_latency=0.9424 ms avg throuhgput (requests/sec) = 715.2556 res=false
*==== INFO ====*  stream_id=753996 latency=0.903129 ms (tx_ts=88578028776916, rx_ts=88578029680045) request_id=5205683 zil_blk_id=753996 ccf_commit_seqno=5205686 nstreams_done_=188500 config.nstreams=400000 avg_latency=0.9424 ms avg throuhgput (requests/sec) = 715.2395 res=false
*==== INFO ====*  stream_id=755996 latency=0.765792 ms (tx_ts=88578703522237, rx_ts=88578704288029) request_id=5218511 zil_blk_id=755996 ccf_commit_seqno=5218512 nstreams_done_=189000 config.nstreams=400000 avg_latency=0.9422 ms avg throuhgput (requests/sec) = 715.3057 res=false
*==== INFO ====*  stream_id=757996 latency=0.880689 ms (tx_ts=88579349887939, rx_ts=88579350768628) request_id=5231235 zil_blk_id=757996 ccf_commit_seqno=5231240 nstreams_done_=189500 config.nstreams=400000 avg_latency=0.9419 ms avg throuhgput (requests/sec) = 715.4476 res=false
*==== INFO ====*  stream_id=759996 latency=1.009534 ms (tx_ts=88580009921400, rx_ts=88580010930934) request_id=5244012 zil_blk_id=759996 ccf_commit_seqno=5244019 nstreams_done_=190000 config.nstreams=400000 avg_latency=0.9418 ms avg throuhgput (requests/sec) = 715.5519 res=false
*==== INFO ====*  stream_id=761996 latency=0.759757 ms (tx_ts=88580660904122, rx_ts=88580661663879) request_id=5256686 zil_blk_id=761996 ccf_commit_seqno=5256690 nstreams_done_=190500 config.nstreams=400000 avg_latency=0.9415 ms avg throuhgput (requests/sec) = 715.6810 res=false
*==== INFO ====*  stream_id=763996 latency=0.940489 ms (tx_ts=88581306671531, rx_ts=88581307612020) request_id=5269407 zil_blk_id=763996 ccf_commit_seqno=5269409 nstreams_done_=191000 config.nstreams=400000 avg_latency=0.9413 ms avg throuhgput (requests/sec) = 715.8223 res=false
*==== INFO ====*  stream_id=765996 latency=0.687505 ms (tx_ts=88581984835472, rx_ts=88581985522977) request_id=5281973 zil_blk_id=765996 ccf_commit_seqno=5281975 nstreams_done_=191500 config.nstreams=400000 avg_latency=0.9412 ms avg throuhgput (requests/sec) = 715.8774 res=false
*==== INFO ====*  stream_id=767996 latency=0.645838 ms (tx_ts=88582660555214, rx_ts=88582661201052) request_id=5295044 zil_blk_id=767996 ccf_commit_seqno=5295044 nstreams_done_=192000 config.nstreams=400000 avg_latency=0.9410 ms avg throuhgput (requests/sec) = 715.9381 res=false
*==== INFO ====*  stream_id=769996 latency=0.736933 ms (tx_ts=88583325756135, rx_ts=88583326493068) request_id=5307832 zil_blk_id=769996 ccf_commit_seqno=5307833 nstreams_done_=192500 config.nstreams=400000 avg_latency=0.9408 ms avg throuhgput (requests/sec) = 716.0263 res=false
*==== INFO ====*  stream_id=771996 latency=0.682296 ms (tx_ts=88584018519329, rx_ts=88584019201625) request_id=5321267 zil_blk_id=771996 ccf_commit_seqno=5321268 nstreams_done_=193000 config.nstreams=400000 avg_latency=0.9407 ms avg throuhgput (requests/sec) = 716.0411 res=false
*==== INFO ====*  stream_id=773996 latency=1.045715 ms (tx_ts=88584718434404, rx_ts=88584719480119) request_id=5333680 zil_blk_id=773996 ccf_commit_seqno=5333681 nstreams_done_=193500 config.nstreams=400000 avg_latency=0.9407 ms avg throuhgput (requests/sec) = 716.0358 res=false
*==== INFO ====*  stream_id=775996 latency=0.708065 ms (tx_ts=88585394050389, rx_ts=88585394758454) request_id=5346352 zil_blk_id=775996 ccf_commit_seqno=5346354 nstreams_done_=194000 config.nstreams=400000 avg_latency=0.9406 ms avg throuhgput (requests/sec) = 716.0967 res=false
*==== INFO ====*  stream_id=777996 latency=0.853215 ms (tx_ts=88586042694869, rx_ts=88586043548084) request_id=5358540 zil_blk_id=777996 ccf_commit_seqno=5358544 nstreams_done_=194500 config.nstreams=400000 avg_latency=0.9404 ms avg throuhgput (requests/sec) = 716.2270 res=false
*==== INFO ====*  stream_id=779996 latency=0.744696 ms (tx_ts=88586766814270, rx_ts=88586767558966) request_id=5371713 zil_blk_id=779996 ccf_commit_seqno=5371715 nstreams_done_=195000 config.nstreams=400000 avg_latency=0.9404 ms avg throuhgput (requests/sec) = 716.1589 res=false
*==== INFO ====*  stream_id=781996 latency=0.778749 ms (tx_ts=88587449629680, rx_ts=88587450408429) request_id=5384401 zil_blk_id=781996 ccf_commit_seqno=5384404 nstreams_done_=195500 config.nstreams=400000 avg_latency=0.9404 ms avg throuhgput (requests/sec) = 716.1991 res=false
*==== INFO ====*  stream_id=783996 latency=1.082494 ms (tx_ts=88588166026627, rx_ts=88588167109121) request_id=5397176 zil_blk_id=783996 ccf_commit_seqno=5397182 nstreams_done_=196000 config.nstreams=400000 avg_latency=0.9405 ms avg throuhgput (requests/sec) = 716.1505 res=false
*==== INFO ====*  stream_id=785996 latency=0.803934 ms (tx_ts=88588840603701, rx_ts=88588841407635) request_id=5409837 zil_blk_id=785996 ccf_commit_seqno=5409839 nstreams_done_=196500 config.nstreams=400000 avg_latency=0.9404 ms avg throuhgput (requests/sec) = 716.2128 res=false
*==== INFO ====*  stream_id=787996 latency=0.775400 ms (tx_ts=88589515544396, rx_ts=88589516319796) request_id=5422507 zil_blk_id=787996 ccf_commit_seqno=5422510 nstreams_done_=197000 config.nstreams=400000 avg_latency=0.9403 ms avg throuhgput (requests/sec) = 716.2732 res=false
*==== INFO ====*  stream_id=789996 latency=0.940910 ms (tx_ts=88590160424884, rx_ts=88590161365794) request_id=5435505 zil_blk_id=789996 ccf_commit_seqno=5435509 nstreams_done_=197500 config.nstreams=400000 avg_latency=0.9400 ms avg throuhgput (requests/sec) = 716.4110 res=false
*==== INFO ====*  stream_id=791996 latency=0.605332 ms (tx_ts=88590818251846, rx_ts=88590818857178) request_id=5447984 zil_blk_id=791996 ccf_commit_seqno=5447984 nstreams_done_=198000 config.nstreams=400000 avg_latency=0.9399 ms avg throuhgput (requests/sec) = 716.5158 res=false
*==== INFO ====*  stream_id=793996 latency=0.579203 ms (tx_ts=88591482504863, rx_ts=88591483084066) request_id=5460379 zil_blk_id=793996 ccf_commit_seqno=5460379 nstreams_done_=198500 config.nstreams=400000 avg_latency=0.9397 ms avg throuhgput (requests/sec) = 716.6027 res=false
*==== INFO ====*  stream_id=795996 latency=0.817559 ms (tx_ts=88592175586999, rx_ts=88592176404558) request_id=5473026 zil_blk_id=795996 ccf_commit_seqno=5473029 nstreams_done_=199000 config.nstreams=400000 avg_latency=0.9397 ms avg throuhgput (requests/sec) = 716.6141 res=false
*==== INFO ====*  stream_id=797996 latency=0.713825 ms (tx_ts=88592858557064, rx_ts=88592859270889) request_id=5485892 zil_blk_id=797996 ccf_commit_seqno=5485894 nstreams_done_=199500 config.nstreams=400000 avg_latency=0.9396 ms avg throuhgput (requests/sec) = 716.6523 res=false
*==== INFO ====*  stream_id=799996 latency=0.958703 ms (tx_ts=88593499026289, rx_ts=88593499984992) request_id=5498284 zil_blk_id=799996 ccf_commit_seqno=5498290 nstreams_done_=200000 config.nstreams=400000 avg_latency=0.9394 ms avg throuhgput (requests/sec) = 716.7987 res=false
*==== INFO ====*  stream_id=801996 latency=5.387785 ms (tx_ts=88594206891933, rx_ts=88594212279718) request_id=5511228 zil_blk_id=801996 ccf_commit_seqno=5511237 nstreams_done_=200500 config.nstreams=400000 avg_latency=0.9394 ms avg throuhgput (requests/sec) = 716.7609 res=false
*==== INFO ====*  stream_id=803996 latency=0.949990 ms (tx_ts=88594894388244, rx_ts=88594895338234) request_id=5523931 zil_blk_id=803996 ccf_commit_seqno=5523934 nstreams_done_=201000 config.nstreams=400000 avg_latency=0.9393 ms avg throuhgput (requests/sec) = 716.7980 res=false
*==== INFO ====*  stream_id=805996 latency=0.792913 ms (tx_ts=88595528501583, rx_ts=88595529294496) request_id=5536506 zil_blk_id=805996 ccf_commit_seqno=5536507 nstreams_done_=201500 config.nstreams=400000 avg_latency=0.9391 ms avg throuhgput (requests/sec) = 716.9602 res=false
*==== INFO ====*  stream_id=807996 latency=0.924786 ms (tx_ts=88596196858776, rx_ts=88596197783562) request_id=5549477 zil_blk_id=807996 ccf_commit_seqno=5549482 nstreams_done_=202000 config.nstreams=400000 avg_latency=0.9389 ms avg throuhgput (requests/sec) = 717.0337 res=false
*==== INFO ====*  stream_id=809996 latency=0.849894 ms (tx_ts=88596821046756, rx_ts=88596821896650) request_id=5561897 zil_blk_id=809996 ccf_commit_seqno=5561898 nstreams_done_=202500 config.nstreams=400000 avg_latency=0.9386 ms avg throuhgput (requests/sec) = 717.2196 res=false
*==== INFO ====*  stream_id=811996 latency=0.714937 ms (tx_ts=88597478616506, rx_ts=88597479331443) request_id=5574478 zil_blk_id=811996 ccf_commit_seqno=5574479 nstreams_done_=203000 config.nstreams=400000 avg_latency=0.9385 ms avg throuhgput (requests/sec) = 717.3203 res=false
*==== INFO ====*  stream_id=813996 latency=1.345799 ms (tx_ts=88598134815788, rx_ts=88598136161587) request_id=5587422 zil_blk_id=813996 ccf_commit_seqno=5587437 nstreams_done_=203500 config.nstreams=400000 avg_latency=0.9382 ms avg throuhgput (requests/sec) = 717.4219 res=false
*==== INFO ====*  stream_id=815996 latency=1.109119 ms (tx_ts=88598826159621, rx_ts=88598827268740) request_id=5600031 zil_blk_id=815996 ccf_commit_seqno=5600036 nstreams_done_=204000 config.nstreams=400000 avg_latency=0.9383 ms avg throuhgput (requests/sec) = 717.4367 res=false
*==== INFO ====*  stream_id=817996 latency=0.905614 ms (tx_ts=88599511407668, rx_ts=88599512313282) request_id=5612943 zil_blk_id=817996 ccf_commit_seqno=5612949 nstreams_done_=204500 config.nstreams=400000 avg_latency=0.9382 ms avg throuhgput (requests/sec) = 717.4666 res=false
*==== INFO ====*  stream_id=819996 latency=0.696249 ms (tx_ts=88600157266239, rx_ts=88600157962488) request_id=5625726 zil_blk_id=819996 ccf_commit_seqno=5625726 nstreams_done_=205000 config.nstreams=400000 avg_latency=0.9380 ms avg throuhgput (requests/sec) = 717.5953 res=false
*==== INFO ====*  stream_id=821996 latency=0.716389 ms (tx_ts=88600783169274, rx_ts=88600783885663) request_id=5638513 zil_blk_id=821996 ccf_commit_seqno=5638514 nstreams_done_=205500 config.nstreams=400000 avg_latency=0.9376 ms avg throuhgput (requests/sec) = 717.7728 res=false
*==== INFO ====*  stream_id=823996 latency=1.037019 ms (tx_ts=88601426390158, rx_ts=88601427427177) request_id=5651155 zil_blk_id=823996 ccf_commit_seqno=5651155 nstreams_done_=206000 config.nstreams=400000 avg_latency=0.9374 ms avg throuhgput (requests/sec) = 717.9056 res=false
*==== INFO ====*  stream_id=825996 latency=0.722497 ms (tx_ts=88602041474942, rx_ts=88602042197439) request_id=5663622 zil_blk_id=825996 ccf_commit_seqno=5663625 nstreams_done_=206500 config.nstreams=400000 avg_latency=0.9370 ms avg throuhgput (requests/sec) = 718.1095 res=false
*==== INFO ====*  stream_id=827996 latency=0.762092 ms (tx_ts=88602681382575, rx_ts=88602682144667) request_id=5675989 zil_blk_id=827996 ccf_commit_seqno=5675992 nstreams_done_=207000 config.nstreams=400000 avg_latency=0.9369 ms avg throuhgput (requests/sec) = 718.2499 res=false
*==== INFO ====*  stream_id=829996 latency=0.615581 ms (tx_ts=88603314938536, rx_ts=88603315554117) request_id=5688007 zil_blk_id=829996 ccf_commit_seqno=5688007 nstreams_done_=207500 config.nstreams=400000 avg_latency=0.9366 ms avg throuhgput (requests/sec) = 718.4059 res=false
*==== INFO ====*  stream_id=831996 latency=0.987039 ms (tx_ts=88603980301981, rx_ts=88603981289020) request_id=5700850 zil_blk_id=831996 ccf_commit_seqno=5700851 nstreams_done_=208000 config.nstreams=400000 avg_latency=0.9364 ms avg throuhgput (requests/sec) = 718.4809 res=false
*==== INFO ====*  stream_id=833996 latency=0.639529 ms (tx_ts=88604655288080, rx_ts=88604655927609) request_id=5713822 zil_blk_id=833996 ccf_commit_seqno=5713822 nstreams_done_=208500 config.nstreams=400000 avg_latency=0.9363 ms avg throuhgput (requests/sec) = 718.5336 res=false
*==== INFO ====*  stream_id=835996 latency=0.790809 ms (tx_ts=88605311937696, rx_ts=88605312728505) request_id=5726268 zil_blk_id=835996 ccf_commit_seqno=5726272 nstreams_done_=209000 config.nstreams=400000 avg_latency=0.9361 ms avg throuhgput (requests/sec) = 718.6301 res=false
*==== INFO ====*  stream_id=837996 latency=0.782320 ms (tx_ts=88606014878540, rx_ts=88606015660860) request_id=5738851 zil_blk_id=837996 ccf_commit_seqno=5738854 nstreams_done_=209500 config.nstreams=400000 avg_latency=0.9362 ms avg throuhgput (requests/sec) = 718.6124 res=false
*==== INFO ====*  stream_id=839996 latency=0.754976 ms (tx_ts=88606674943619, rx_ts=88606675698595) request_id=5751683 zil_blk_id=839996 ccf_commit_seqno=5751683 nstreams_done_=210000 config.nstreams=400000 avg_latency=0.9360 ms avg throuhgput (requests/sec) = 718.7004 res=false
*==== INFO ====*  stream_id=841996 latency=0.929543 ms (tx_ts=88607341488653, rx_ts=88607342418196) request_id=5764391 zil_blk_id=841996 ccf_commit_seqno=5764393 nstreams_done_=210500 config.nstreams=400000 avg_latency=0.9359 ms avg throuhgput (requests/sec) = 718.7715 res=false
*==== INFO ====*  stream_id=843996 latency=0.746627 ms (tx_ts=88608071639417, rx_ts=88608072386044) request_id=5777322 zil_blk_id=843996 ccf_commit_seqno=5777324 nstreams_done_=211000 config.nstreams=400000 avg_latency=0.9360 ms avg throuhgput (requests/sec) = 718.6874 res=false
*==== INFO ====*  stream_id=845996 latency=1.052127 ms (tx_ts=88608755366484, rx_ts=88608756418611) request_id=5790471 zil_blk_id=845996 ccf_commit_seqno=5790472 nstreams_done_=211500 config.nstreams=400000 avg_latency=0.9358 ms avg throuhgput (requests/sec) = 718.7159 res=false
*==== INFO ====*  stream_id=847996 latency=0.858061 ms (tx_ts=88609484315977, rx_ts=88609485174038) request_id=5803225 zil_blk_id=847996 ccf_commit_seqno=5803226 nstreams_done_=212000 config.nstreams=400000 avg_latency=0.9360 ms avg throuhgput (requests/sec) = 718.6354 res=false
*==== INFO ====*  stream_id=849996 latency=0.985059 ms (tx_ts=88610128091250, rx_ts=88610129076309) request_id=5815984 zil_blk_id=849996 ccf_commit_seqno=5815988 nstreams_done_=212500 config.nstreams=400000 avg_latency=0.9357 ms avg throuhgput (requests/sec) = 718.7614 res=false
*==== INFO ====*  stream_id=851996 latency=0.810308 ms (tx_ts=88610840776794, rx_ts=88610841587102) request_id=5828592 zil_blk_id=851996 ccf_commit_seqno=5828593 nstreams_done_=213000 config.nstreams=400000 avg_latency=0.9358 ms avg throuhgput (requests/sec) = 718.7205 res=false
*==== INFO ====*  stream_id=853996 latency=0.701703 ms (tx_ts=88611524033794, rx_ts=88611524735497) request_id=5841506 zil_blk_id=853996 ccf_commit_seqno=5841507 nstreams_done_=213500 config.nstreams=400000 avg_latency=0.9358 ms avg throuhgput (requests/sec) = 718.7508 res=false
*==== INFO ====*  stream_id=855996 latency=0.842449 ms (tx_ts=88612178411070, rx_ts=88612179253519) request_id=5854556 zil_blk_id=855996 ccf_commit_seqno=5854561 nstreams_done_=214000 config.nstreams=400000 avg_latency=0.9355 ms avg throuhgput (requests/sec) = 718.8502 res=false
*==== INFO ====*  stream_id=857996 latency=1.226404 ms (tx_ts=88612827200915, rx_ts=88612828427319) request_id=5867149 zil_blk_id=857996 ccf_commit_seqno=5867151 nstreams_done_=214500 config.nstreams=400000 avg_latency=0.9354 ms avg throuhgput (requests/sec) = 718.9619 res=false
*==== INFO ====*  stream_id=859996 latency=0.828850 ms (tx_ts=88613532779542, rx_ts=88613533608392) request_id=5880230 zil_blk_id=859996 ccf_commit_seqno=5880232 nstreams_done_=215000 config.nstreams=400000 avg_latency=0.9353 ms avg throuhgput (requests/sec) = 718.9385 res=false
*==== INFO ====*  stream_id=861996 latency=0.782353 ms (tx_ts=88614201777370, rx_ts=88614202559723) request_id=5892923 zil_blk_id=861996 ccf_commit_seqno=5892925 nstreams_done_=215500 config.nstreams=400000 avg_latency=0.9351 ms avg throuhgput (requests/sec) = 719.0021 res=false
*==== INFO ====*  stream_id=863996 latency=0.837666 ms (tx_ts=88614899354993, rx_ts=88614900192659) request_id=5905511 zil_blk_id=863996 ccf_commit_seqno=5905513 nstreams_done_=216000 config.nstreams=400000 avg_latency=0.9352 ms avg throuhgput (requests/sec) = 718.9968 res=false
*==== INFO ====*  stream_id=865996 latency=1.450903 ms (tx_ts=88615544291682, rx_ts=88615545742585) request_id=5918007 zil_blk_id=865996 ccf_commit_seqno=5918019 nstreams_done_=216500 config.nstreams=400000 avg_latency=0.9350 ms avg throuhgput (requests/sec) = 719.1159 res=false
*==== INFO ====*  stream_id=867996 latency=1.060339 ms (tx_ts=88616267738573, rx_ts=88616268798912) request_id=5930650 zil_blk_id=867996 ccf_commit_seqno=5930653 nstreams_done_=217000 config.nstreams=400000 avg_latency=0.9352 ms avg throuhgput (requests/sec) = 719.0497 res=false
*==== INFO ====*  stream_id=869996 latency=0.841430 ms (tx_ts=88616955910720, rx_ts=88616956752150) request_id=5943075 zil_blk_id=869996 ccf_commit_seqno=5943075 nstreams_done_=217500 config.nstreams=400000 avg_latency=0.9352 ms avg throuhgput (requests/sec) = 719.0673 res=false
*==== INFO ====*  stream_id=871996 latency=0.800617 ms (tx_ts=88617576399526, rx_ts=88617577200143) request_id=5955703 zil_blk_id=871996 ccf_commit_seqno=5955707 nstreams_done_=218000 config.nstreams=400000 avg_latency=0.9349 ms avg throuhgput (requests/sec) = 719.2450 res=false
*==== INFO ====*  stream_id=873996 latency=0.675756 ms (tx_ts=88618294985839, rx_ts=88618295661595) request_id=5968697 zil_blk_id=873996 ccf_commit_seqno=5968698 nstreams_done_=218500 config.nstreams=400000 avg_latency=0.9350 ms avg throuhgput (requests/sec) = 719.1899 res=false
*==== INFO ====*  stream_id=875996 latency=0.729257 ms (tx_ts=88618925591235, rx_ts=88618926320492) request_id=5981374 zil_blk_id=875996 ccf_commit_seqno=5981375 nstreams_done_=219000 config.nstreams=400000 avg_latency=0.9348 ms avg throuhgput (requests/sec) = 719.3424 res=false
*==== INFO ====*  stream_id=877996 latency=0.824348 ms (tx_ts=88619572968261, rx_ts=88619573792609) request_id=5994104 zil_blk_id=877996 ccf_commit_seqno=5994106 nstreams_done_=219500 config.nstreams=400000 avg_latency=0.9346 ms avg throuhgput (requests/sec) = 719.4547 res=false
*==== INFO ====*  stream_id=879996 latency=0.837597 ms (tx_ts=88620277765484, rx_ts=88620278603081) request_id=6006604 zil_blk_id=879996 ccf_commit_seqno=6006605 nstreams_done_=220000 config.nstreams=400000 avg_latency=0.9346 ms avg throuhgput (requests/sec) = 719.4315 res=false
*==== INFO ====*  stream_id=881996 latency=0.708906 ms (tx_ts=88620937194111, rx_ts=88620937903017) request_id=6019159 zil_blk_id=881996 ccf_commit_seqno=6019161 nstreams_done_=220500 config.nstreams=400000 avg_latency=0.9345 ms avg throuhgput (requests/sec) = 719.5153 res=false
*==== INFO ====*  stream_id=883996 latency=1.140090 ms (tx_ts=88621623409337, rx_ts=88621624549427) request_id=6031909 zil_blk_id=883996 ccf_commit_seqno=6031915 nstreams_done_=221000 config.nstreams=400000 avg_latency=0.9344 ms avg throuhgput (requests/sec) = 719.5347 res=false
*==== INFO ====*  stream_id=885996 latency=0.778348 ms (tx_ts=88622292156803, rx_ts=88622292935151) request_id=6044508 zil_blk_id=885996 ccf_commit_seqno=6044508 nstreams_done_=221500 config.nstreams=400000 avg_latency=0.9343 ms avg throuhgput (requests/sec) = 719.5966 res=false
*==== INFO ====*  stream_id=887996 latency=1.052982 ms (tx_ts=88622977660964, rx_ts=88622978713946) request_id=6057317 zil_blk_id=887996 ccf_commit_seqno=6057322 nstreams_done_=222000 config.nstreams=400000 avg_latency=0.9343 ms avg throuhgput (requests/sec) = 719.6178 res=false
*==== INFO ====*  stream_id=889996 latency=0.783525 ms (tx_ts=88623706243659, rx_ts=88623707027184) request_id=6070359 zil_blk_id=889996 ccf_commit_seqno=6070361 nstreams_done_=222500 config.nstreams=400000 avg_latency=0.9344 ms avg throuhgput (requests/sec) = 719.5398 res=false
*==== INFO ====*  stream_id=891996 latency=0.739185 ms (tx_ts=88624354398575, rx_ts=88624355137760) request_id=6082981 zil_blk_id=891996 ccf_commit_seqno=6082981 nstreams_done_=223000 config.nstreams=400000 avg_latency=0.9342 ms avg throuhgput (requests/sec) = 719.6484 res=false
*==== INFO ====*  stream_id=893996 latency=0.741827 ms (tx_ts=88625014430012, rx_ts=88625015171839) request_id=6095650 zil_blk_id=893996 ccf_commit_seqno=6095652 nstreams_done_=223500 config.nstreams=400000 avg_latency=0.9341 ms avg throuhgput (requests/sec) = 719.7290 res=false
*==== INFO ====*  stream_id=895996 latency=1.045489 ms (tx_ts=88625703557935, rx_ts=88625704603424) request_id=6108238 zil_blk_id=895996 ccf_commit_seqno=6108243 nstreams_done_=224000 config.nstreams=400000 avg_latency=0.9340 ms avg throuhgput (requests/sec) = 719.7412 res=false
*==== INFO ====*  stream_id=897996 latency=0.914430 ms (tx_ts=88626358032861, rx_ts=88626358947291) request_id=6120999 zil_blk_id=897996 ccf_commit_seqno=6121002 nstreams_done_=224500 config.nstreams=400000 avg_latency=0.9339 ms avg throuhgput (requests/sec) = 719.8343 res=false
*==== INFO ====*  stream_id=899996 latency=0.809934 ms (tx_ts=88627001621118, rx_ts=88627002431052) request_id=6133492 zil_blk_id=899996 ccf_commit_seqno=6133495 nstreams_done_=225000 config.nstreams=400000 avg_latency=0.9337 ms avg throuhgput (requests/sec) = 719.9520 res=false
*==== INFO ====*  stream_id=901996 latency=0.772685 ms (tx_ts=88627633938350, rx_ts=88627634711035) request_id=6146083 zil_blk_id=901996 ccf_commit_seqno=6146084 nstreams_done_=225500 config.nstreams=400000 avg_latency=0.9335 ms avg throuhgput (requests/sec) = 720.0951 res=false
*==== INFO ====*  stream_id=903996 latency=1.492520 ms (tx_ts=88628299167784, rx_ts=88628300660304) request_id=6158718 zil_blk_id=903996 ccf_commit_seqno=6158731 nstreams_done_=226000 config.nstreams=400000 avg_latency=0.9334 ms avg throuhgput (requests/sec) = 720.1602 res=false
*==== INFO ====*  stream_id=905996 latency=0.678414 ms (tx_ts=88628983291508, rx_ts=88628983969922) request_id=6171384 zil_blk_id=905996 ccf_commit_seqno=6171387 nstreams_done_=226500 config.nstreams=400000 avg_latency=0.9334 ms avg throuhgput (requests/sec) = 720.1854 res=false
*==== INFO ====*  stream_id=907996 latency=0.767779 ms (tx_ts=88629650522596, rx_ts=88629651290375) request_id=6184412 zil_blk_id=907996 ccf_commit_seqno=6184416 nstreams_done_=227000 config.nstreams=400000 avg_latency=0.9333 ms avg throuhgput (requests/sec) = 720.2469 res=false
*==== INFO ====*  stream_id=909996 latency=0.663881 ms (tx_ts=88630331386536, rx_ts=88630332050417) request_id=6197265 zil_blk_id=909996 ccf_commit_seqno=6197265 nstreams_done_=227500 config.nstreams=400000 avg_latency=0.9332 ms avg throuhgput (requests/sec) = 720.2776 res=false
*==== INFO ====*  stream_id=911996 latency=0.691373 ms (tx_ts=88631047990475, rx_ts=88631048681848) request_id=6209903 zil_blk_id=911996 ccf_commit_seqno=6209903 nstreams_done_=228000 config.nstreams=400000 avg_latency=0.9333 ms avg throuhgput (requests/sec) = 720.2265 res=false
*==== INFO ====*  stream_id=913996 latency=0.913448 ms (tx_ts=88631772849219, rx_ts=88631773762667) request_id=6222573 zil_blk_id=913996 ccf_commit_seqno=6222573 nstreams_done_=228500 config.nstreams=400000 avg_latency=0.9335 ms avg throuhgput (requests/sec) = 720.1565 res=false
*==== INFO ====*  stream_id=915996 latency=0.801708 ms (tx_ts=88632466780992, rx_ts=88632467582700) request_id=6235228 zil_blk_id=915996 ccf_commit_seqno=6235231 nstreams_done_=229000 config.nstreams=400000 avg_latency=0.9336 ms avg throuhgput (requests/sec) = 720.1575 res=false
*==== INFO ====*  stream_id=917996 latency=0.654619 ms (tx_ts=88633150655536, rx_ts=88633151310155) request_id=6247619 zil_blk_id=917996 ccf_commit_seqno=6247619 nstreams_done_=229500 config.nstreams=400000 avg_latency=0.9336 ms avg throuhgput (requests/sec) = 720.1814 res=false
*==== INFO ====*  stream_id=919996 latency=0.822147 ms (tx_ts=88633757326400, rx_ts=88633758148547) request_id=6260026 zil_blk_id=919996 ccf_commit_seqno=6260027 nstreams_done_=230000 config.nstreams=400000 avg_latency=0.9333 ms avg throuhgput (requests/sec) = 720.3786 res=false
*==== INFO ====*  stream_id=921996 latency=0.803893 ms (tx_ts=88634437409713, rx_ts=88634438213606) request_id=6272759 zil_blk_id=921996 ccf_commit_seqno=6272761 nstreams_done_=230500 config.nstreams=400000 avg_latency=0.9332 ms avg throuhgput (requests/sec) = 720.4102 res=false
*==== INFO ====*  stream_id=923996 latency=0.846385 ms (tx_ts=88635085935292, rx_ts=88635086781677) request_id=6285487 zil_blk_id=923996 ccf_commit_seqno=6285493 nstreams_done_=231000 config.nstreams=400000 avg_latency=0.9330 ms avg throuhgput (requests/sec) = 720.5124 res=false
*==== INFO ====*  stream_id=925996 latency=0.884614 ms (tx_ts=88635732355015, rx_ts=88635733239629) request_id=6297831 zil_blk_id=925996 ccf_commit_seqno=6297832 nstreams_done_=231500 config.nstreams=400000 avg_latency=0.9329 ms avg throuhgput (requests/sec) = 720.6189 res=false
*==== INFO ====*  stream_id=927996 latency=1.050184 ms (tx_ts=88636441808604, rx_ts=88636442858788) request_id=6310232 zil_blk_id=927996 ccf_commit_seqno=6310235 nstreams_done_=232000 config.nstreams=400000 avg_latency=0.9330 ms avg throuhgput (requests/sec) = 720.5836 res=false
*==== INFO ====*  stream_id=929996 latency=1.457589 ms (tx_ts=88637145322999, rx_ts=88637146780588) request_id=6323389 zil_blk_id=929996 ccf_commit_seqno=6323404 nstreams_done_=232500 config.nstreams=400000 avg_latency=0.9329 ms avg throuhgput (requests/sec) = 720.5612 res=false
*==== INFO ====*  stream_id=931996 latency=0.669619 ms (tx_ts=88637767525435, rx_ts=88637768195054) request_id=6335883 zil_blk_id=931996 ccf_commit_seqno=6335883 nstreams_done_=233000 config.nstreams=400000 avg_latency=0.9326 ms avg throuhgput (requests/sec) = 720.7228 res=false
*==== INFO ====*  stream_id=933996 latency=0.827494 ms (tx_ts=88638405868398, rx_ts=88638406695892) request_id=6348494 zil_blk_id=933996 ccf_commit_seqno=6348494 nstreams_done_=233500 config.nstreams=400000 avg_latency=0.9324 ms avg throuhgput (requests/sec) = 720.8457 res=false
*==== INFO ====*  stream_id=935996 latency=0.864591 ms (tx_ts=88639152197027, rx_ts=88639153061618) request_id=6361277 zil_blk_id=935996 ccf_commit_seqno=6361277 nstreams_done_=234000 config.nstreams=400000 avg_latency=0.9326 ms avg throuhgput (requests/sec) = 720.7286 res=false
*==== INFO ====*  stream_id=937996 latency=0.803005 ms (tx_ts=88639824246405, rx_ts=88639825049410) request_id=6373899 zil_blk_id=937996 ccf_commit_seqno=6373903 nstreams_done_=234500 config.nstreams=400000 avg_latency=0.9326 ms avg throuhgput (requests/sec) = 720.7768 res=false
*==== INFO ====*  stream_id=939996 latency=0.670850 ms (tx_ts=88640541586881, rx_ts=88640542257731) request_id=6386516 zil_blk_id=939996 ccf_commit_seqno=6386516 nstreams_done_=235000 config.nstreams=400000 avg_latency=0.9327 ms avg throuhgput (requests/sec) = 720.7248 res=false
*==== INFO ====*  stream_id=941996 latency=0.900112 ms (tx_ts=88641208328804, rx_ts=88641209228916) request_id=6398920 zil_blk_id=941996 ccf_commit_seqno=6398926 nstreams_done_=235500 config.nstreams=400000 avg_latency=0.9326 ms avg throuhgput (requests/sec) = 720.7839 res=false
*==== INFO ====*  stream_id=943996 latency=0.736372 ms (tx_ts=88641855348009, rx_ts=88641856084381) request_id=6411451 zil_blk_id=943996 ccf_commit_seqno=6411453 nstreams_done_=236000 config.nstreams=400000 avg_latency=0.9324 ms avg throuhgput (requests/sec) = 720.8870 res=false
*==== INFO ====*  stream_id=945996 latency=0.938721 ms (tx_ts=88642586498181, rx_ts=88642587436902) request_id=6424440 zil_blk_id=945996 ccf_commit_seqno=6424442 nstreams_done_=236500 config.nstreams=400000 avg_latency=0.9325 ms avg throuhgput (requests/sec) = 720.8040 res=false
*==== INFO ====*  stream_id=947996 latency=0.912099 ms (tx_ts=88643305612870, rx_ts=88643306524969) request_id=6437324 zil_blk_id=947996 ccf_commit_seqno=6437329 nstreams_done_=237000 config.nstreams=400000 avg_latency=0.9326 ms avg throuhgput (requests/sec) = 720.7483 res=false
*==== INFO ====*  stream_id=949996 latency=0.749401 ms (tx_ts=88643955633593, rx_ts=88643956382994) request_id=6449825 zil_blk_id=949996 ccf_commit_seqno=6449825 nstreams_done_=237500 config.nstreams=400000 avg_latency=0.9324 ms avg throuhgput (requests/sec) = 720.8443 res=false
*==== INFO ====*  stream_id=951996 latency=0.681224 ms (tx_ts=88644689961877, rx_ts=88644690643101) request_id=6462653 zil_blk_id=951996 ccf_commit_seqno=6462653 nstreams_done_=238000 config.nstreams=400000 avg_latency=0.9326 ms avg throuhgput (requests/sec) = 720.7556 res=false
*==== INFO ====*  stream_id=953996 latency=0.818279 ms (tx_ts=88645385699581, rx_ts=88645386517860) request_id=6475426 zil_blk_id=953996 ccf_commit_seqno=6475430 nstreams_done_=238500 config.nstreams=400000 avg_latency=0.9326 ms avg throuhgput (requests/sec) = 720.7509 res=false
*==== INFO ====*  stream_id=955996 latency=0.580638 ms (tx_ts=88646049075547, rx_ts=88646049656185) request_id=6488151 zil_blk_id=955996 ccf_commit_seqno=6488151 nstreams_done_=239000 config.nstreams=400000 avg_latency=0.9325 ms avg throuhgput (requests/sec) = 720.8173 res=false
*==== INFO ====*  stream_id=957996 latency=0.648933 ms (tx_ts=88646699589234, rx_ts=88646700238167) request_id=6500634 zil_blk_id=957996 ccf_commit_seqno=6500635 nstreams_done_=239500 config.nstreams=400000 avg_latency=0.9324 ms avg throuhgput (requests/sec) = 720.9108 res=false
*==== INFO ====*  stream_id=959996 latency=0.656508 ms (tx_ts=88647308060078, rx_ts=88647308716586) request_id=6513231 zil_blk_id=959996 ccf_commit_seqno=6513231 nstreams_done_=240000 config.nstreams=400000 avg_latency=0.9320 ms avg throuhgput (requests/sec) = 721.0951 res=false
*==== INFO ====*  stream_id=961996 latency=1.013825 ms (tx_ts=88647964721667, rx_ts=88647965735492) request_id=6525877 zil_blk_id=961996 ccf_commit_seqno=6525880 nstreams_done_=240500 config.nstreams=400000 avg_latency=0.9319 ms avg throuhgput (requests/sec) = 721.1738 res=false
*==== INFO ====*  stream_id=963996 latency=0.779772 ms (tx_ts=88648626099924, rx_ts=88648626879696) request_id=6538323 zil_blk_id=963996 ccf_commit_seqno=6538324 nstreams_done_=241000 config.nstreams=400000 avg_latency=0.9318 ms avg throuhgput (requests/sec) = 721.2432 res=false
*==== INFO ====*  stream_id=965996 latency=0.933716 ms (tx_ts=88649287197801, rx_ts=88649288131517) request_id=6551049 zil_blk_id=965996 ccf_commit_seqno=6551054 nstreams_done_=241500 config.nstreams=400000 avg_latency=0.9317 ms avg throuhgput (requests/sec) = 721.3121 res=false
*==== INFO ====*  stream_id=967996 latency=0.924899 ms (tx_ts=88650064087969, rx_ts=88650065012868) request_id=6563993 zil_blk_id=967996 ccf_commit_seqno=6563997 nstreams_done_=242000 config.nstreams=400000 avg_latency=0.9320 ms avg throuhgput (requests/sec) = 721.1322 res=false
*==== INFO ====*  stream_id=969996 latency=0.664268 ms (tx_ts=88650690517104, rx_ts=88650691181372) request_id=6576325 zil_blk_id=969996 ccf_commit_seqno=6576325 nstreams_done_=242500 config.nstreams=400000 avg_latency=0.9318 ms avg throuhgput (requests/sec) = 721.2763 res=false
*==== INFO ====*  stream_id=971996 latency=0.647926 ms (tx_ts=88651384041331, rx_ts=88651384689257) request_id=6589033 zil_blk_id=971996 ccf_commit_seqno=6589033 nstreams_done_=243000 config.nstreams=400000 avg_latency=0.9318 ms avg throuhgput (requests/sec) = 721.2757 res=false
*==== INFO ====*  stream_id=973996 latency=0.780615 ms (tx_ts=88652048147541, rx_ts=88652048928156) request_id=6601853 zil_blk_id=973996 ccf_commit_seqno=6601855 nstreams_done_=243500 config.nstreams=400000 avg_latency=0.9317 ms avg throuhgput (requests/sec) = 721.3376 res=false
*==== INFO ====*  stream_id=975996 latency=0.937352 ms (tx_ts=88652734084843, rx_ts=88652735022195) request_id=6615005 zil_blk_id=975996 ccf_commit_seqno=6615007 nstreams_done_=244000 config.nstreams=400000 avg_latency=0.9316 ms avg throuhgput (requests/sec) = 721.3527 res=false
*==== INFO ====*  stream_id=977996 latency=0.940363 ms (tx_ts=88653398547153, rx_ts=88653399487516) request_id=6628258 zil_blk_id=977996 ccf_commit_seqno=6628264 nstreams_done_=244500 config.nstreams=400000 avg_latency=0.9314 ms avg throuhgput (requests/sec) = 721.4137 res=false
*==== INFO ====*  stream_id=979996 latency=0.808652 ms (tx_ts=88654039322054, rx_ts=88654040130706) request_id=6640870 zil_blk_id=979996 ccf_commit_seqno=6640873 nstreams_done_=245000 config.nstreams=400000 avg_latency=0.9312 ms avg throuhgput (requests/sec) = 721.5251 res=false
*==== INFO ====*  stream_id=981996 latency=0.823417 ms (tx_ts=88654700113614, rx_ts=88654700937031) request_id=6653258 zil_blk_id=981996 ccf_commit_seqno=6653258 nstreams_done_=245500 config.nstreams=400000 avg_latency=0.9311 ms avg throuhgput (requests/sec) = 721.5933 res=false
*==== INFO ====*  stream_id=983996 latency=0.880216 ms (tx_ts=88655443724832, rx_ts=88655444605048) request_id=6666164 zil_blk_id=983996 ccf_commit_seqno=6666168 nstreams_done_=246000 config.nstreams=400000 avg_latency=0.9313 ms avg throuhgput (requests/sec) = 721.4859 res=false
*==== INFO ====*  stream_id=985996 latency=0.691423 ms (tx_ts=88656120207592, rx_ts=88656120899015) request_id=6678766 zil_blk_id=985996 ccf_commit_seqno=6678767 nstreams_done_=246500 config.nstreams=400000 avg_latency=0.9313 ms avg throuhgput (requests/sec) = 721.5212 res=false
*==== INFO ====*  stream_id=987996 latency=0.692475 ms (tx_ts=88656863190108, rx_ts=88656863882583) request_id=6691695 zil_blk_id=987996 ccf_commit_seqno=6691696 nstreams_done_=247000 config.nstreams=400000 avg_latency=0.9315 ms avg throuhgput (requests/sec) = 721.4158 res=false
*==== INFO ====*  stream_id=989996 latency=0.630820 ms (tx_ts=88657538783371, rx_ts=88657539414191) request_id=6704382 zil_blk_id=989996 ccf_commit_seqno=6704382 nstreams_done_=247500 config.nstreams=400000 avg_latency=0.9315 ms avg throuhgput (requests/sec) = 721.4528 res=false
*==== INFO ====*  stream_id=991996 latency=0.714301 ms (tx_ts=88658225416493, rx_ts=88658226130794) request_id=6717209 zil_blk_id=991996 ccf_commit_seqno=6717209 nstreams_done_=248000 config.nstreams=400000 avg_latency=0.9315 ms avg throuhgput (requests/sec) = 721.4660 res=false
*==== INFO ====*  stream_id=993996 latency=0.743026 ms (tx_ts=88658902828732, rx_ts=88658903571758) request_id=6729843 zil_blk_id=993996 ccf_commit_seqno=6729843 nstreams_done_=248500 config.nstreams=400000 avg_latency=0.9314 ms avg throuhgput (requests/sec) = 721.4987 res=false
*==== INFO ====*  stream_id=995996 latency=0.783979 ms (tx_ts=88659551174869, rx_ts=88659551958848) request_id=6742688 zil_blk_id=995996 ccf_commit_seqno=6742689 nstreams_done_=249000 config.nstreams=400000 avg_latency=0.9312 ms avg throuhgput (requests/sec) = 721.5920 res=false
*==== INFO ====*  stream_id=997996 latency=0.683640 ms (tx_ts=88660213667526, rx_ts=88660214351166) request_id=6755307 zil_blk_id=997996 ccf_commit_seqno=6755308 nstreams_done_=249500 config.nstreams=400000 avg_latency=0.9311 ms avg throuhgput (requests/sec) = 721.6557 res=false
*==== INFO ====*  stream_id=999996 latency=0.709835 ms (tx_ts=88660828331789, rx_ts=88660829041624) request_id=6767779 zil_blk_id=999996 ccf_commit_seqno=6767780 nstreams_done_=250000 config.nstreams=400000 avg_latency=0.9308 ms avg throuhgput (requests/sec) = 721.8185 res=false
*==== INFO ====*  stream_id=1001996 latency=0.666406 ms (tx_ts=88661567845440, rx_ts=88661568511846) request_id=6781107 zil_blk_id=1001996 ccf_commit_seqno=6781107 nstreams_done_=250500 config.nstreams=400000 avg_latency=0.9309 ms avg throuhgput (requests/sec) = 721.7213 res=false
*==== INFO ====*  stream_id=1003996 latency=0.590268 ms (tx_ts=88662211229203, rx_ts=88662211819471) request_id=6794016 zil_blk_id=1003996 ccf_commit_seqno=6794016 nstreams_done_=251000 config.nstreams=400000 avg_latency=0.9307 ms avg throuhgput (requests/sec) = 721.8240 res=false
*==== INFO ====*  stream_id=1005996 latency=0.852323 ms (tx_ts=88662902331954, rx_ts=88662903184277) request_id=6806710 zil_blk_id=1005996 ccf_commit_seqno=6806711 nstreams_done_=251500 config.nstreams=400000 avg_latency=0.9306 ms avg throuhgput (requests/sec) = 721.8267 res=false
*==== INFO ====*  stream_id=1007996 latency=0.869788 ms (tx_ts=88663546289708, rx_ts=88663547159496) request_id=6819075 zil_blk_id=1007996 ccf_commit_seqno=6819078 nstreams_done_=252000 config.nstreams=400000 avg_latency=0.9305 ms avg throuhgput (requests/sec) = 721.9274 res=false
*==== INFO ====*  stream_id=1009996 latency=0.866581 ms (tx_ts=88664239613766, rx_ts=88664240480347) request_id=6831832 zil_blk_id=1009996 ccf_commit_seqno=6831834 nstreams_done_=252500 config.nstreams=400000 avg_latency=0.9305 ms avg throuhgput (requests/sec) = 721.9259 res=false
*==== INFO ====*  stream_id=1011996 latency=0.971656 ms (tx_ts=88664990143661, rx_ts=88664991115317) request_id=6844598 zil_blk_id=1011996 ccf_commit_seqno=6844603 nstreams_done_=253000 config.nstreams=400000 avg_latency=0.9307 ms avg throuhgput (requests/sec) = 721.8064 res=false
*==== INFO ====*  stream_id=1013996 latency=0.772695 ms (tx_ts=88665662734762, rx_ts=88665663507457) request_id=6857184 zil_blk_id=1013996 ccf_commit_seqno=6857187 nstreams_done_=253500 config.nstreams=400000 avg_latency=0.9306 ms avg throuhgput (requests/sec) = 721.8481 res=false
*==== INFO ====*  stream_id=1015996 latency=0.727346 ms (tx_ts=88666285879058, rx_ts=88666286606404) request_id=6869662 zil_blk_id=1015996 ccf_commit_seqno=6869663 nstreams_done_=254000 config.nstreams=400000 avg_latency=0.9304 ms avg throuhgput (requests/sec) = 721.9909 res=false
*==== INFO ====*  stream_id=1017996 latency=1.235546 ms (tx_ts=88666981761743, rx_ts=88666982997289) request_id=6882110 zil_blk_id=1017996 ccf_commit_seqno=6882111 nstreams_done_=254500 config.nstreams=400000 avg_latency=0.9304 ms avg throuhgput (requests/sec) = 721.9830 res=false
*==== INFO ====*  stream_id=1019996 latency=0.909341 ms (tx_ts=88667698835519, rx_ts=88667699744860) request_id=6894924 zil_blk_id=1019996 ccf_commit_seqno=6894928 nstreams_done_=255000 config.nstreams=400000 avg_latency=0.9305 ms avg throuhgput (requests/sec) = 721.9335 res=false
*==== INFO ====*  stream_id=1021996 latency=0.676084 ms (tx_ts=88668316274252, rx_ts=88668316950336) request_id=6907522 zil_blk_id=1021996 ccf_commit_seqno=6907522 nstreams_done_=255500 config.nstreams=400000 avg_latency=0.9302 ms avg throuhgput (requests/sec) = 722.0873 res=false
*==== INFO ====*  stream_id=1023996 latency=1.380240 ms (tx_ts=88668946337774, rx_ts=88668947718014) request_id=6920003 zil_blk_id=1023996 ccf_commit_seqno=6920005 nstreams_done_=256000 config.nstreams=400000 avg_latency=0.9300 ms avg throuhgput (requests/sec) = 722.2129 res=false
*==== INFO ====*  stream_id=1025996 latency=1.475041 ms (tx_ts=88669582680442, rx_ts=88669584155483) request_id=6932487 zil_blk_id=1025996 ccf_commit_seqno=6932507 nstreams_done_=256500 config.nstreams=400000 avg_latency=0.9298 ms avg throuhgput (requests/sec) = 722.3266 res=false
*==== INFO ====*  stream_id=1027996 latency=0.692034 ms (tx_ts=88670266613093, rx_ts=88670267305127) request_id=6945047 zil_blk_id=1027996 ccf_commit_seqno=6945048 nstreams_done_=257000 config.nstreams=400000 avg_latency=0.9298 ms avg throuhgput (requests/sec) = 722.3449 res=false
*==== INFO ====*  stream_id=1029996 latency=0.635846 ms (tx_ts=88670937408779, rx_ts=88670938044625) request_id=6958232 zil_blk_id=1029996 ccf_commit_seqno=6958232 nstreams_done_=257500 config.nstreams=400000 avg_latency=0.9296 ms avg throuhgput (requests/sec) = 722.3884 res=false
*==== INFO ====*  stream_id=1031996 latency=1.649495 ms (tx_ts=88671649122021, rx_ts=88671650771516) request_id=6970840 zil_blk_id=1031996 ccf_commit_seqno=6970840 nstreams_done_=258000 config.nstreams=400000 avg_latency=0.9297 ms avg throuhgput (requests/sec) = 722.3468 res=false
*==== INFO ====*  stream_id=1033996 latency=0.734684 ms (tx_ts=88672352918275, rx_ts=88672353652959) request_id=6983565 zil_blk_id=1033996 ccf_commit_seqno=6983565 nstreams_done_=258500 config.nstreams=400000 avg_latency=0.9298 ms avg throuhgput (requests/sec) = 722.3252 res=false
*==== INFO ====*  stream_id=1035996 latency=0.750577 ms (tx_ts=88672991668579, rx_ts=88672992419156) request_id=6996389 zil_blk_id=1035996 ccf_commit_seqno=6996390 nstreams_done_=259000 config.nstreams=400000 avg_latency=0.9296 ms avg throuhgput (requests/sec) = 722.4329 res=false
*==== INFO ====*  stream_id=1037996 latency=0.768938 ms (tx_ts=88673629463215, rx_ts=88673630232153) request_id=7008487 zil_blk_id=1037996 ccf_commit_seqno=7008488 nstreams_done_=259500 config.nstreams=400000 avg_latency=0.9294 ms avg throuhgput (requests/sec) = 722.5421 res=false
*==== INFO ====*  stream_id=1039996 latency=0.959380 ms (tx_ts=88674351922018, rx_ts=88674352881398) request_id=7021444 zil_blk_id=1039996 ccf_commit_seqno=7021447 nstreams_done_=260000 config.nstreams=400000 avg_latency=0.9295 ms avg throuhgput (requests/sec) = 722.4806 res=false
*==== INFO ====*  stream_id=1041996 latency=0.662268 ms (tx_ts=88675039594284, rx_ts=88675040256552) request_id=7034050 zil_blk_id=1041996 ccf_commit_seqno=7034050 nstreams_done_=260500 config.nstreams=400000 avg_latency=0.9295 ms avg throuhgput (requests/sec) = 722.4899 res=false
*==== INFO ====*  stream_id=1043996 latency=1.230520 ms (tx_ts=88675719400756, rx_ts=88675720631276) request_id=7046636 zil_blk_id=1043996 ccf_commit_seqno=7046638 nstreams_done_=261000 config.nstreams=400000 avg_latency=0.9295 ms avg throuhgput (requests/sec) = 722.5133 res=false
*==== INFO ====*  stream_id=1045996 latency=0.779392 ms (tx_ts=88676429995145, rx_ts=88676430774537) request_id=7059764 zil_blk_id=1045996 ccf_commit_seqno=7059765 nstreams_done_=261500 config.nstreams=400000 avg_latency=0.9294 ms avg throuhgput (requests/sec) = 722.4771 res=false
*==== INFO ====*  stream_id=1047996 latency=1.152425 ms (tx_ts=88677090310241, rx_ts=88677091462666) request_id=7072388 zil_blk_id=1047996 ccf_commit_seqno=7072388 nstreams_done_=262000 config.nstreams=400000 avg_latency=0.9293 ms avg throuhgput (requests/sec) = 722.5397 res=false
*==== INFO ====*  stream_id=1049996 latency=0.788322 ms (tx_ts=88677744644723, rx_ts=88677745433045) request_id=7084986 zil_blk_id=1049996 ccf_commit_seqno=7084988 nstreams_done_=262500 config.nstreams=400000 avg_latency=0.9292 ms avg throuhgput (requests/sec) = 722.6153 res=false
*==== INFO ====*  stream_id=1051996 latency=0.821977 ms (tx_ts=88678484974379, rx_ts=88678485796356) request_id=7097781 zil_blk_id=1051996 ccf_commit_seqno=7097786 nstreams_done_=263000 config.nstreams=400000 avg_latency=0.9294 ms avg throuhgput (requests/sec) = 722.5192 res=false
*==== INFO ====*  stream_id=1053996 latency=0.931682 ms (tx_ts=88679244647112, rx_ts=88679245578794) request_id=7110799 zil_blk_id=1053996 ccf_commit_seqno=7110802 nstreams_done_=263500 config.nstreams=400000 avg_latency=0.9295 ms avg throuhgput (requests/sec) = 722.3849 res=false
*==== INFO ====*  stream_id=1055996 latency=0.997575 ms (tx_ts=88679902641022, rx_ts=88679903638597) request_id=7123368 zil_blk_id=1055996 ccf_commit_seqno=7123373 nstreams_done_=264000 config.nstreams=400000 avg_latency=0.9294 ms avg throuhgput (requests/sec) = 722.4523 res=false
*==== INFO ====*  stream_id=1057996 latency=0.854127 ms (tx_ts=88680557426872, rx_ts=88680558280999) request_id=7135906 zil_blk_id=1057996 ccf_commit_seqno=7135906 nstreams_done_=264500 config.nstreams=400000 avg_latency=0.9293 ms avg throuhgput (requests/sec) = 722.5262 res=false
*==== INFO ====*  stream_id=1059996 latency=0.618206 ms (tx_ts=88681185645023, rx_ts=88681186263229) request_id=7148638 zil_blk_id=1059996 ccf_commit_seqno=7148638 nstreams_done_=265000 config.nstreams=400000 avg_latency=0.9290 ms avg throuhgput (requests/sec) = 722.6524 res=false
*==== INFO ====*  stream_id=1061996 latency=0.776482 ms (tx_ts=88681909427326, rx_ts=88681910203808) request_id=7161588 zil_blk_id=1061996 ccf_commit_seqno=7161592 nstreams_done_=265500 config.nstreams=400000 avg_latency=0.9291 ms avg throuhgput (requests/sec) = 722.5894 res=false
*==== INFO ====*  stream_id=1063996 latency=0.800003 ms (tx_ts=88682564991042, rx_ts=88682565791045) request_id=7174331 zil_blk_id=1063996 ccf_commit_seqno=7174333 nstreams_done_=266000 config.nstreams=400000 avg_latency=0.9290 ms avg throuhgput (requests/sec) = 722.6608 res=false
*==== INFO ====*  stream_id=1065996 latency=0.759898 ms (tx_ts=88683268303887, rx_ts=88683269063785) request_id=7186943 zil_blk_id=1065996 ccf_commit_seqno=7186947 nstreams_done_=266500 config.nstreams=400000 avg_latency=0.9291 ms avg throuhgput (requests/sec) = 722.6385 res=false
*==== INFO ====*  stream_id=1067996 latency=0.971305 ms (tx_ts=88683928615095, rx_ts=88683929586400) request_id=7199476 zil_blk_id=1067996 ccf_commit_seqno=7199482 nstreams_done_=267000 config.nstreams=400000 avg_latency=0.9290 ms avg throuhgput (requests/sec) = 722.6999 res=false
*==== INFO ====*  stream_id=1069996 latency=4.474376 ms (tx_ts=88684617029718, rx_ts=88684621504094) request_id=7212011 zil_blk_id=1069996 ccf_commit_seqno=7212018 nstreams_done_=267500 config.nstreams=400000 avg_latency=0.9290 ms avg throuhgput (requests/sec) = 722.6997 res=false
*==== INFO ====*  stream_id=1071996 latency=0.610812 ms (tx_ts=88685273281025, rx_ts=88685273891837) request_id=7224514 zil_blk_id=1071996 ccf_commit_seqno=7224514 nstreams_done_=268000 config.nstreams=400000 avg_latency=0.9289 ms avg throuhgput (requests/sec) = 722.7766 res=false
*==== INFO ====*  stream_id=1073996 latency=0.781768 ms (tx_ts=88685912505871, rx_ts=88685913287639) request_id=7237093 zil_blk_id=1073996 ccf_commit_seqno=7237094 nstreams_done_=268500 config.nstreams=400000 avg_latency=0.9287 ms avg throuhgput (requests/sec) = 722.8786 res=false
*==== INFO ====*  stream_id=1075996 latency=1.067776 ms (tx_ts=88686649397719, rx_ts=88686650465495) request_id=7250054 zil_blk_id=1075996 ccf_commit_seqno=7250058 nstreams_done_=269000 config.nstreams=400000 avg_latency=0.9289 ms avg throuhgput (requests/sec) = 722.7902 res=false
*==== INFO ====*  stream_id=1077996 latency=0.869077 ms (tx_ts=88687303756325, rx_ts=88687304625402) request_id=7262547 zil_blk_id=1077996 ccf_commit_seqno=7262549 nstreams_done_=269500 config.nstreams=400000 avg_latency=0.9288 ms avg throuhgput (requests/sec) = 722.8631 res=false
*==== INFO ====*  stream_id=1079996 latency=0.682440 ms (tx_ts=88688015049766, rx_ts=88688015732206) request_id=7275337 zil_blk_id=1079996 ccf_commit_seqno=7275337 nstreams_done_=270000 config.nstreams=400000 avg_latency=0.9288 ms avg throuhgput (requests/sec) = 722.8255 res=false
*==== INFO ====*  stream_id=1081996 latency=0.762536 ms (tx_ts=88688683451651, rx_ts=88688684214187) request_id=7287835 zil_blk_id=1081996 ccf_commit_seqno=7287836 nstreams_done_=270500 config.nstreams=400000 avg_latency=0.9288 ms avg throuhgput (requests/sec) = 722.8704 res=false
*==== INFO ====*  stream_id=1083996 latency=0.919138 ms (tx_ts=88689340245614, rx_ts=88689341164752) request_id=7300485 zil_blk_id=1083996 ccf_commit_seqno=7300488 nstreams_done_=271000 config.nstreams=400000 avg_latency=0.9287 ms avg throuhgput (requests/sec) = 722.9374 res=false
*==== INFO ====*  stream_id=1085996 latency=0.738117 ms (tx_ts=88690003662117, rx_ts=88690004400234) request_id=7312952 zil_blk_id=1085996 ccf_commit_seqno=7312952 nstreams_done_=271500 config.nstreams=400000 avg_latency=0.9285 ms avg throuhgput (requests/sec) = 722.9921 res=false
*==== INFO ====*  stream_id=1087996 latency=0.840622 ms (tx_ts=88690701708114, rx_ts=88690702548736) request_id=7325283 zil_blk_id=1087996 ccf_commit_seqno=7325284 nstreams_done_=272000 config.nstreams=400000 avg_latency=0.9285 ms avg throuhgput (requests/sec) = 722.9794 res=false
*==== INFO ====*  stream_id=1089996 latency=0.805661 ms (tx_ts=88691379531591, rx_ts=88691380337252) request_id=7337610 zil_blk_id=1089996 ccf_commit_seqno=7337613 nstreams_done_=272500 config.nstreams=400000 avg_latency=0.9283 ms avg throuhgput (requests/sec) = 723.0059 res=false
*==== INFO ====*  stream_id=1091996 latency=0.751035 ms (tx_ts=88692074407595, rx_ts=88692075158630) request_id=7350168 zil_blk_id=1091996 ccf_commit_seqno=7350170 nstreams_done_=273000 config.nstreams=400000 avg_latency=0.9283 ms avg throuhgput (requests/sec) = 722.9996 res=false
*==== INFO ====*  stream_id=1093996 latency=1.595900 ms (tx_ts=88692796785910, rx_ts=88692798381810) request_id=7362831 zil_blk_id=1093996 ccf_commit_seqno=7362851 nstreams_done_=273500 config.nstreams=400000 avg_latency=0.9284 ms avg throuhgput (requests/sec) = 722.9391 res=false
*==== INFO ====*  stream_id=1095996 latency=0.689569 ms (tx_ts=88693438701282, rx_ts=88693439390851) request_id=7375621 zil_blk_id=1095996 ccf_commit_seqno=7375621 nstreams_done_=274000 config.nstreams=400000 avg_latency=0.9283 ms avg throuhgput (requests/sec) = 723.0357 res=false
*==== INFO ====*  stream_id=1097996 latency=0.733629 ms (tx_ts=88694117105853, rx_ts=88694117839482) request_id=7388122 zil_blk_id=1097996 ccf_commit_seqno=7388123 nstreams_done_=274500 config.nstreams=400000 avg_latency=0.9283 ms avg throuhgput (requests/sec) = 723.0606 res=false
*==== INFO ====*  stream_id=1099996 latency=0.773096 ms (tx_ts=88694741526026, rx_ts=88694742299122) request_id=7400408 zil_blk_id=1099996 ccf_commit_seqno=7400409 nstreams_done_=275000 config.nstreams=400000 avg_latency=0.9281 ms avg throuhgput (requests/sec) = 723.1881 res=false
*==== INFO ====*  stream_id=1101996 latency=0.843364 ms (tx_ts=88695421826291, rx_ts=88695422669655) request_id=7413054 zil_blk_id=1101996 ccf_commit_seqno=7413057 nstreams_done_=275500 config.nstreams=400000 avg_latency=0.9280 ms avg throuhgput (requests/sec) = 723.2090 res=false
*==== INFO ====*  stream_id=1103996 latency=0.855299 ms (tx_ts=88696104091349, rx_ts=88696104946648) request_id=7425475 zil_blk_id=1103996 ccf_commit_seqno=7425479 nstreams_done_=276000 config.nstreams=400000 avg_latency=0.9280 ms avg throuhgput (requests/sec) = 723.2262 res=false
*==== INFO ====*  stream_id=1105996 latency=0.838351 ms (tx_ts=88696789843097, rx_ts=88696790681448) request_id=7438213 zil_blk_id=1105996 ccf_commit_seqno=7438216 nstreams_done_=276500 config.nstreams=400000 avg_latency=0.9280 ms avg throuhgput (requests/sec) = 723.2368 res=false
*==== INFO ====*  stream_id=1107996 latency=0.742999 ms (tx_ts=88697478522421, rx_ts=88697479265420) request_id=7450958 zil_blk_id=1107996 ccf_commit_seqno=7450959 nstreams_done_=277000 config.nstreams=400000 avg_latency=0.9280 ms avg throuhgput (requests/sec) = 723.2420 res=false
*==== INFO ====*  stream_id=1109996 latency=1.082744 ms (tx_ts=88698170144810, rx_ts=88698171227554) request_id=7464003 zil_blk_id=1109996 ccf_commit_seqno=7464010 nstreams_done_=277500 config.nstreams=400000 avg_latency=0.9280 ms avg throuhgput (requests/sec) = 723.2408 res=false
*==== INFO ====*  stream_id=1111996 latency=1.129793 ms (tx_ts=88698872239735, rx_ts=88698873369528) request_id=7476631 zil_blk_id=1111996 ccf_commit_seqno=7476638 nstreams_done_=278000 config.nstreams=400000 avg_latency=0.9280 ms avg throuhgput (requests/sec) = 723.2205 res=false
*==== INFO ====*  stream_id=1113996 latency=0.711600 ms (tx_ts=88699560267379, rx_ts=88699560978979) request_id=7489223 zil_blk_id=1113996 ccf_commit_seqno=7489224 nstreams_done_=278500 config.nstreams=400000 avg_latency=0.9281 ms avg throuhgput (requests/sec) = 723.2275 res=false
*==== INFO ====*  stream_id=1115996 latency=0.793383 ms (tx_ts=88700197319925, rx_ts=88700198113308) request_id=7501720 zil_blk_id=1115996 ccf_commit_seqno=7501722 nstreams_done_=279000 config.nstreams=400000 avg_latency=0.9279 ms avg throuhgput (requests/sec) = 723.3292 res=false
*==== INFO ====*  stream_id=1117996 latency=1.030899 ms (tx_ts=88700853724483, rx_ts=88700854755382) request_id=7514579 zil_blk_id=1117996 ccf_commit_seqno=7514579 nstreams_done_=279500 config.nstreams=400000 avg_latency=0.9278 ms avg throuhgput (requests/sec) = 723.3940 res=false
*==== INFO ====*  stream_id=1119996 latency=0.717531 ms (tx_ts=88701526341502, rx_ts=88701527059033) request_id=7527671 zil_blk_id=1119996 ccf_commit_seqno=7527673 nstreams_done_=280000 config.nstreams=400000 avg_latency=0.9277 ms avg throuhgput (requests/sec) = 723.4292 res=false
*==== INFO ====*  stream_id=1121996 latency=0.763507 ms (tx_ts=88702277796890, rx_ts=88702278560397) request_id=7540817 zil_blk_id=1121996 ccf_commit_seqno=7540819 nstreams_done_=280500 config.nstreams=400000 avg_latency=0.9278 ms avg throuhgput (requests/sec) = 723.3167 res=false
*==== INFO ====*  stream_id=1123996 latency=1.519692 ms (tx_ts=88702924638190, rx_ts=88702926157882) request_id=7553268 zil_blk_id=1123996 ccf_commit_seqno=7553273 nstreams_done_=281000 config.nstreams=400000 avg_latency=0.9277 ms avg throuhgput (requests/sec) = 723.3980 res=false
*==== INFO ====*  stream_id=1125996 latency=0.735165 ms (tx_ts=88703644264605, rx_ts=88703644999770) request_id=7566083 zil_blk_id=1125996 ccf_commit_seqno=7566086 nstreams_done_=281500 config.nstreams=400000 avg_latency=0.9278 ms avg throuhgput (requests/sec) = 723.3466 res=false
*==== INFO ====*  stream_id=1127996 latency=0.825749 ms (tx_ts=88704346548619, rx_ts=88704347374368) request_id=7578866 zil_blk_id=1127996 ccf_commit_seqno=7578866 nstreams_done_=282000 config.nstreams=400000 avg_latency=0.9278 ms avg throuhgput (requests/sec) = 723.3259 res=false
*==== INFO ====*  stream_id=1129996 latency=0.751726 ms (tx_ts=88705087620520, rx_ts=88705088372246) request_id=7591986 zil_blk_id=1129996 ccf_commit_seqno=7591988 nstreams_done_=282500 config.nstreams=400000 avg_latency=0.9279 ms avg throuhgput (requests/sec) = 723.2338 res=false
*==== INFO ====*  stream_id=1131996 latency=0.741035 ms (tx_ts=88705729342939, rx_ts=88705730083974) request_id=7604528 zil_blk_id=1131996 ccf_commit_seqno=7604528 nstreams_done_=283000 config.nstreams=400000 avg_latency=0.9278 ms avg throuhgput (requests/sec) = 723.3255 res=false
*==== INFO ====*  stream_id=1133996 latency=1.179204 ms (tx_ts=88706397994515, rx_ts=88706399173719) request_id=7617130 zil_blk_id=1133996 ccf_commit_seqno=7617142 nstreams_done_=283500 config.nstreams=400000 avg_latency=0.9277 ms avg throuhgput (requests/sec) = 723.3664 res=false
*==== INFO ====*  stream_id=1135996 latency=0.682287 ms (tx_ts=88707090795225, rx_ts=88707091477512) request_id=7629706 zil_blk_id=1135996 ccf_commit_seqno=7629707 nstreams_done_=284000 config.nstreams=400000 avg_latency=0.9277 ms avg throuhgput (requests/sec) = 723.3644 res=false
*==== INFO ====*  stream_id=1137996 latency=0.829120 ms (tx_ts=88707784780981, rx_ts=88707785610101) request_id=7642214 zil_blk_id=1137996 ccf_commit_seqno=7642217 nstreams_done_=284500 config.nstreams=400000 avg_latency=0.9277 ms avg throuhgput (requests/sec) = 723.3590 res=false
*==== INFO ====*  stream_id=1139996 latency=1.322297 ms (tx_ts=88708466645405, rx_ts=88708467967702) request_id=7654929 zil_blk_id=1139996 ccf_commit_seqno=7654932 nstreams_done_=285000 config.nstreams=400000 avg_latency=0.9278 ms avg throuhgput (requests/sec) = 723.3753 res=false
*==== INFO ====*  stream_id=1141996 latency=0.624703 ms (tx_ts=88709167086075, rx_ts=88709167710778) request_id=7667668 zil_blk_id=1141996 ccf_commit_seqno=7667668 nstreams_done_=285500 config.nstreams=400000 avg_latency=0.9278 ms avg throuhgput (requests/sec) = 723.3596 res=false
*==== INFO ====*  stream_id=1143996 latency=0.826152 ms (tx_ts=88709787864793, rx_ts=88709788690945) request_id=7680272 zil_blk_id=1143996 ccf_commit_seqno=7680272 nstreams_done_=286000 config.nstreams=400000 avg_latency=0.9276 ms avg throuhgput (requests/sec) = 723.4882 res=false
*==== INFO ====*  stream_id=1145996 latency=0.884701 ms (tx_ts=88710477422943, rx_ts=88710478307644) request_id=7693059 zil_blk_id=1145996 ccf_commit_seqno=7693061 nstreams_done_=286500 config.nstreams=400000 avg_latency=0.9276 ms avg throuhgput (requests/sec) = 723.4909 res=false
*==== INFO ====*  stream_id=1147996 latency=0.613660 ms (tx_ts=88711155894572, rx_ts=88711156508232) request_id=7705779 zil_blk_id=1147996 ccf_commit_seqno=7705779 nstreams_done_=287000 config.nstreams=400000 avg_latency=0.9276 ms avg throuhgput (requests/sec) = 723.5144 res=false
*==== INFO ====*  stream_id=1149996 latency=0.868223 ms (tx_ts=88711865735761, rx_ts=88711866603984) request_id=7718854 zil_blk_id=1149996 ccf_commit_seqno=7718856 nstreams_done_=287500 config.nstreams=400000 avg_latency=0.9276 ms avg throuhgput (requests/sec) = 723.4798 res=false
*==== INFO ====*  stream_id=1151996 latency=0.770760 ms (tx_ts=88712608168872, rx_ts=88712608939632) request_id=7732139 zil_blk_id=1151996 ccf_commit_seqno=7732142 nstreams_done_=288000 config.nstreams=400000 avg_latency=0.9276 ms avg throuhgput (requests/sec) = 723.3867 res=false
*==== INFO ====*  stream_id=1153996 latency=1.261939 ms (tx_ts=88713335474704, rx_ts=88713336736643) request_id=7745850 zil_blk_id=1153996 ccf_commit_seqno=7745857 nstreams_done_=288500 config.nstreams=400000 avg_latency=0.9276 ms avg throuhgput (requests/sec) = 723.3203 res=false
*==== INFO ====*  stream_id=1155996 latency=0.763337 ms (tx_ts=88714041918565, rx_ts=88714042681902) request_id=7758284 zil_blk_id=1155996 ccf_commit_seqno=7758285 nstreams_done_=289000 config.nstreams=400000 avg_latency=0.9277 ms avg throuhgput (requests/sec) = 723.2937 res=false
*==== INFO ====*  stream_id=1157996 latency=1.309929 ms (tx_ts=88714767758072, rx_ts=88714769068001) request_id=7771246 zil_blk_id=1157996 ccf_commit_seqno=7771251 nstreams_done_=289500 config.nstreams=400000 avg_latency=0.9278 ms avg throuhgput (requests/sec) = 723.2302 res=false
*==== INFO ====*  stream_id=1159996 latency=0.779925 ms (tx_ts=88715419907348, rx_ts=88715420687273) request_id=7784525 zil_blk_id=1159996 ccf_commit_seqno=7784525 nstreams_done_=290000 config.nstreams=400000 avg_latency=0.9276 ms avg throuhgput (requests/sec) = 723.3019 res=false
*==== INFO ====*  stream_id=1161996 latency=0.833869 ms (tx_ts=88716107839052, rx_ts=88716108672921) request_id=7797345 zil_blk_id=1161996 ccf_commit_seqno=7797348 nstreams_done_=290500 config.nstreams=400000 avg_latency=0.9275 ms avg throuhgput (requests/sec) = 723.3078 res=false
*==== INFO ====*  stream_id=1163996 latency=1.024052 ms (tx_ts=88716779508676, rx_ts=88716780532728) request_id=7810078 zil_blk_id=1163996 ccf_commit_seqno=7810079 nstreams_done_=291000 config.nstreams=400000 avg_latency=0.9275 ms avg throuhgput (requests/sec) = 723.3427 res=false
*==== INFO ====*  stream_id=1165996 latency=0.635368 ms (tx_ts=88717450120847, rx_ts=88717450756215) request_id=7822791 zil_blk_id=1165996 ccf_commit_seqno=7822792 nstreams_done_=291500 config.nstreams=400000 avg_latency=0.9275 ms avg throuhgput (requests/sec) = 723.3804 res=false
*==== INFO ====*  stream_id=1167996 latency=0.825309 ms (tx_ts=88718094132534, rx_ts=88718094957843) request_id=7835335 zil_blk_id=1167996 ccf_commit_seqno=7835340 nstreams_done_=292000 config.nstreams=400000 avg_latency=0.9274 ms avg throuhgput (requests/sec) = 723.4647 res=false
*==== INFO ====*  stream_id=1169996 latency=1.357011 ms (tx_ts=88718837690060, rx_ts=88718839047071) request_id=7848228 zil_blk_id=1169996 ccf_commit_seqno=7848242 nstreams_done_=292500 config.nstreams=400000 avg_latency=0.9275 ms avg throuhgput (requests/sec) = 723.3699 res=false
*==== INFO ====*  stream_id=1171996 latency=0.856674 ms (tx_ts=88719468975900, rx_ts=88719469832574) request_id=7860649 zil_blk_id=1171996 ccf_commit_seqno=7860654 nstreams_done_=293000 config.nstreams=400000 avg_latency=0.9274 ms avg throuhgput (requests/sec) = 723.4778 res=false
*==== INFO ====*  stream_id=1173996 latency=1.273357 ms (tx_ts=88720204337312, rx_ts=88720205610669) request_id=7874057 zil_blk_id=1173996 ccf_commit_seqno=7874058 nstreams_done_=293500 config.nstreams=400000 avg_latency=0.9274 ms avg throuhgput (requests/sec) = 723.3982 res=false
*==== INFO ====*  stream_id=1175996 latency=1.236431 ms (tx_ts=88720924211779, rx_ts=88720925448210) request_id=7886928 zil_blk_id=1175996 ccf_commit_seqno=7886931 nstreams_done_=294000 config.nstreams=400000 avg_latency=0.9275 ms avg throuhgput (requests/sec) = 723.3472 res=false
*==== INFO ====*  stream_id=1177996 latency=0.977748 ms (tx_ts=88721643432536, rx_ts=88721644410284) request_id=7899926 zil_blk_id=1177996 ccf_commit_seqno=7899928 nstreams_done_=294500 config.nstreams=400000 avg_latency=0.9275 ms avg throuhgput (requests/sec) = 723.2979 res=false
*==== INFO ====*  stream_id=1179996 latency=0.680650 ms (tx_ts=88722265678333, rx_ts=88722266358983) request_id=7912366 zil_blk_id=1179996 ccf_commit_seqno=7912366 nstreams_done_=295000 config.nstreams=400000 avg_latency=0.9273 ms avg throuhgput (requests/sec) = 723.4209 res=false
*==== INFO ====*  stream_id=1181996 latency=0.815949 ms (tx_ts=88722999334644, rx_ts=88723000150593) request_id=7924820 zil_blk_id=1181996 ccf_commit_seqno=7924823 nstreams_done_=295500 config.nstreams=400000 avg_latency=0.9275 ms avg throuhgput (requests/sec) = 723.3454 res=false
*==== INFO ====*  stream_id=1183996 latency=0.736043 ms (tx_ts=88723697417287, rx_ts=88723698153330) request_id=7937730 zil_blk_id=1183996 ccf_commit_seqno=7937731 nstreams_done_=296000 config.nstreams=400000 avg_latency=0.9274 ms avg throuhgput (requests/sec) = 723.3334 res=false
*==== INFO ====*  stream_id=1185996 latency=0.703646 ms (tx_ts=88724370886425, rx_ts=88724371590071) request_id=7950494 zil_blk_id=1185996 ccf_commit_seqno=7950494 nstreams_done_=296500 config.nstreams=400000 avg_latency=0.9274 ms avg throuhgput (requests/sec) = 723.3648 res=false
*==== INFO ====*  stream_id=1187996 latency=0.820144 ms (tx_ts=88725053095809, rx_ts=88725053915953) request_id=7963178 zil_blk_id=1187996 ccf_commit_seqno=7963178 nstreams_done_=297000 config.nstreams=400000 avg_latency=0.9273 ms avg throuhgput (requests/sec) = 723.3805 res=false
*==== INFO ====*  stream_id=1189996 latency=0.679332 ms (tx_ts=88725793476370, rx_ts=88725794155702) request_id=7975878 zil_blk_id=1189996 ccf_commit_seqno=7975878 nstreams_done_=297500 config.nstreams=400000 avg_latency=0.9275 ms avg throuhgput (requests/sec) = 723.2942 res=false
*==== INFO ====*  stream_id=1191996 latency=0.809534 ms (tx_ts=88726470260871, rx_ts=88726471070405) request_id=7988554 zil_blk_id=1191996 ccf_commit_seqno=7988554 nstreams_done_=298000 config.nstreams=400000 avg_latency=0.9275 ms avg throuhgput (requests/sec) = 723.3195 res=false
*==== INFO ====*  stream_id=1193996 latency=0.730672 ms (tx_ts=88727175487445, rx_ts=88727176218117) request_id=8001279 zil_blk_id=1193996 ccf_commit_seqno=8001280 nstreams_done_=298500 config.nstreams=400000 avg_latency=0.9275 ms avg throuhgput (requests/sec) = 723.2951 res=false
*==== INFO ====*  stream_id=1195996 latency=0.741028 ms (tx_ts=88727824482871, rx_ts=88727825223899) request_id=8013762 zil_blk_id=1195996 ccf_commit_seqno=8013763 nstreams_done_=299000 config.nstreams=400000 avg_latency=0.9274 ms avg throuhgput (requests/sec) = 723.3691 res=false
*==== INFO ====*  stream_id=1197996 latency=0.797525 ms (tx_ts=88728539659538, rx_ts=88728540457063) request_id=8026181 zil_blk_id=1197996 ccf_commit_seqno=8026183 nstreams_done_=299500 config.nstreams=400000 avg_latency=0.9275 ms avg throuhgput (requests/sec) = 723.3271 res=false
*==== INFO ====*  stream_id=1199996 latency=0.812109 ms (tx_ts=88729241913908, rx_ts=88729242726017) request_id=8038854 zil_blk_id=1199996 ccf_commit_seqno=8038854 nstreams_done_=300000 config.nstreams=400000 avg_latency=0.9276 ms avg throuhgput (requests/sec) = 723.3079 res=false
*==== INFO ====*  stream_id=1201996 latency=0.690401 ms (tx_ts=88729906656546, rx_ts=88729907346947) request_id=8051503 zil_blk_id=1201996 ccf_commit_seqno=8051504 nstreams_done_=300500 config.nstreams=400000 avg_latency=0.9275 ms avg throuhgput (requests/sec) = 723.3543 res=false
*==== INFO ====*  stream_id=1203996 latency=0.841103 ms (tx_ts=88730563790331, rx_ts=88730564631434) request_id=8064220 zil_blk_id=1203996 ccf_commit_seqno=8064224 nstreams_done_=301000 config.nstreams=400000 avg_latency=0.9275 ms avg throuhgput (requests/sec) = 723.4133 res=false
*==== INFO ====*  stream_id=1205996 latency=2.017803 ms (tx_ts=88731192554950, rx_ts=88731194572753) request_id=8076845 zil_blk_id=1205996 ccf_commit_seqno=8076848 nstreams_done_=301500 config.nstreams=400000 avg_latency=0.9273 ms avg throuhgput (requests/sec) = 723.5196 res=false
*==== INFO ====*  stream_id=1207996 latency=0.661877 ms (tx_ts=88731832067136, rx_ts=88731832729013) request_id=8089560 zil_blk_id=1207996 ccf_commit_seqno=8089561 nstreams_done_=302000 config.nstreams=400000 avg_latency=0.9271 ms avg throuhgput (requests/sec) = 723.6113 res=false
*==== INFO ====*  stream_id=1209996 latency=1.101565 ms (tx_ts=88732533974875, rx_ts=88732535076440) request_id=8102146 zil_blk_id=1209996 ccf_commit_seqno=8102149 nstreams_done_=302500 config.nstreams=400000 avg_latency=0.9272 ms avg throuhgput (requests/sec) = 723.5917 res=false
*==== INFO ====*  stream_id=1211996 latency=0.645403 ms (tx_ts=88733217210109, rx_ts=88733217855512) request_id=8114711 zil_blk_id=1211996 ccf_commit_seqno=8114712 nstreams_done_=303000 config.nstreams=400000 avg_latency=0.9272 ms avg throuhgput (requests/sec) = 723.6059 res=false
*==== INFO ====*  stream_id=1213996 latency=0.895157 ms (tx_ts=88733945818315, rx_ts=88733946713472) request_id=8127343 zil_blk_id=1213996 ccf_commit_seqno=8127348 nstreams_done_=303500 config.nstreams=400000 avg_latency=0.9273 ms avg throuhgput (requests/sec) = 723.5405 res=false
*==== INFO ====*  stream_id=1215996 latency=0.761948 ms (tx_ts=88734688519466, rx_ts=88734689281414) request_id=8139975 zil_blk_id=1215996 ccf_commit_seqno=8139977 nstreams_done_=304000 config.nstreams=400000 avg_latency=0.9275 ms avg throuhgput (requests/sec) = 723.4518 res=false
*==== INFO ====*  stream_id=1217996 latency=0.810266 ms (tx_ts=88735383819422, rx_ts=88735384629688) request_id=8152668 zil_blk_id=1217996 ccf_commit_seqno=8152673 nstreams_done_=304500 config.nstreams=400000 avg_latency=0.9275 ms avg throuhgput (requests/sec) = 723.4446 res=false
*==== INFO ====*  stream_id=1219996 latency=0.695674 ms (tx_ts=88736060785042, rx_ts=88736061480716) request_id=8165466 zil_blk_id=1219996 ccf_commit_seqno=8165467 nstreams_done_=305000 config.nstreams=400000 avg_latency=0.9274 ms avg throuhgput (requests/sec) = 723.4691 res=false
*==== INFO ====*  stream_id=1221996 latency=0.857513 ms (tx_ts=88736774980067, rx_ts=88736775837580) request_id=8178066 zil_blk_id=1221996 ccf_commit_seqno=8178069 nstreams_done_=305500 config.nstreams=400000 avg_latency=0.9276 ms avg throuhgput (requests/sec) = 723.4293 res=false
*==== INFO ====*  stream_id=1223996 latency=1.672928 ms (tx_ts=88737492052364, rx_ts=88737493725292) request_id=8190964 zil_blk_id=1223996 ccf_commit_seqno=8190974 nstreams_done_=306000 config.nstreams=400000 avg_latency=0.9276 ms avg throuhgput (requests/sec) = 723.3835 res=false
*==== INFO ====*  stream_id=1225996 latency=1.022717 ms (tx_ts=88738218616252, rx_ts=88738219638969) request_id=8203381 zil_blk_id=1225996 ccf_commit_seqno=8203390 nstreams_done_=306500 config.nstreams=400000 avg_latency=0.9278 ms avg throuhgput (requests/sec) = 723.3243 res=false
*==== INFO ====*  stream_id=1227996 latency=1.043716 ms (tx_ts=88738896981529, rx_ts=88738898025245) request_id=8216134 zil_blk_id=1227996 ccf_commit_seqno=8216134 nstreams_done_=307000 config.nstreams=400000 avg_latency=0.9277 ms avg throuhgput (requests/sec) = 723.3462 res=false
*==== INFO ====*  stream_id=1229996 latency=0.924659 ms (tx_ts=88739566272900, rx_ts=88739567197559) request_id=8228966 zil_blk_id=1229996 ccf_commit_seqno=8228969 nstreams_done_=307500 config.nstreams=400000 avg_latency=0.9277 ms avg throuhgput (requests/sec) = 723.3837 res=false
*==== INFO ====*  stream_id=1231996 latency=0.755221 ms (tx_ts=88740239154309, rx_ts=88740239909530) request_id=8242110 zil_blk_id=1231996 ccf_commit_seqno=8242113 nstreams_done_=308000 config.nstreams=400000 avg_latency=0.9275 ms avg throuhgput (requests/sec) = 723.4151 res=false
*==== INFO ====*  stream_id=1233996 latency=1.184445 ms (tx_ts=88740962427132, rx_ts=88740963611577) request_id=8254792 zil_blk_id=1233996 ccf_commit_seqno=8254799 nstreams_done_=308500 config.nstreams=400000 avg_latency=0.9277 ms avg throuhgput (requests/sec) = 723.3599 res=false
*==== INFO ====*  stream_id=1235996 latency=0.720287 ms (tx_ts=88741657814088, rx_ts=88741658534375) request_id=8267623 zil_blk_id=1235996 ccf_commit_seqno=8267624 nstreams_done_=309000 config.nstreams=400000 avg_latency=0.9276 ms avg throuhgput (requests/sec) = 723.3537 res=false
*==== INFO ====*  stream_id=1237996 latency=0.697168 ms (tx_ts=88742298021727, rx_ts=88742298718895) request_id=8279985 zil_blk_id=1237996 ccf_commit_seqno=8279986 nstreams_done_=309500 config.nstreams=400000 avg_latency=0.9275 ms avg throuhgput (requests/sec) = 723.4400 res=false
*==== INFO ====*  stream_id=1239996 latency=1.035907 ms (tx_ts=88742998817560, rx_ts=88742999853467) request_id=8292575 zil_blk_id=1239996 ccf_commit_seqno=8292579 nstreams_done_=310000 config.nstreams=400000 avg_latency=0.9276 ms avg throuhgput (requests/sec) = 723.4231 res=false
*==== INFO ====*  stream_id=1241996 latency=0.731344 ms (tx_ts=88743711802709, rx_ts=88743712534053) request_id=8305060 zil_blk_id=1241996 ccf_commit_seqno=8305061 nstreams_done_=310500 config.nstreams=400000 avg_latency=0.9277 ms avg throuhgput (requests/sec) = 723.3868 res=false
*==== INFO ====*  stream_id=1243996 latency=1.090279 ms (tx_ts=88744382801952, rx_ts=88744383892231) request_id=8317725 zil_blk_id=1243996 ccf_commit_seqno=8317730 nstreams_done_=311000 config.nstreams=400000 avg_latency=0.9276 ms avg throuhgput (requests/sec) = 723.4202 res=false
*==== INFO ====*  stream_id=1245996 latency=1.190353 ms (tx_ts=88745054953286, rx_ts=88745056143639) request_id=8330235 zil_blk_id=1245996 ccf_commit_seqno=8330240 nstreams_done_=311500 config.nstreams=400000 avg_latency=0.9276 ms avg throuhgput (requests/sec) = 723.4520 res=false
*==== INFO ====*  stream_id=1247996 latency=0.937614 ms (tx_ts=88745692823360, rx_ts=88745693760974) request_id=8342783 zil_blk_id=1247996 ccf_commit_seqno=8342783 nstreams_done_=312000 config.nstreams=400000 avg_latency=0.9274 ms avg throuhgput (requests/sec) = 723.5418 res=false
*==== INFO ====*  stream_id=1249996 latency=0.720868 ms (tx_ts=88746326157591, rx_ts=88746326878459) request_id=8355400 zil_blk_id=1249996 ccf_commit_seqno=8355404 nstreams_done_=312500 config.nstreams=400000 avg_latency=0.9273 ms avg throuhgput (requests/sec) = 723.6388 res=false
*==== INFO ====*  stream_id=1251996 latency=0.642392 ms (tx_ts=88747094345028, rx_ts=88747094987420) request_id=8368168 zil_blk_id=1251996 ccf_commit_seqno=8368168 nstreams_done_=313000 config.nstreams=400000 avg_latency=0.9275 ms avg throuhgput (requests/sec) = 723.5098 res=false
*==== INFO ====*  stream_id=1253996 latency=0.723639 ms (tx_ts=88747780702745, rx_ts=88747781426384) request_id=8381189 zil_blk_id=1253996 ccf_commit_seqno=8381189 nstreams_done_=313500 config.nstreams=400000 avg_latency=0.9275 ms avg throuhgput (requests/sec) = 723.5175 res=false
*==== INFO ====*  stream_id=1255996 latency=0.816266 ms (tx_ts=88748616678210, rx_ts=88748617494476) request_id=8393519 zil_blk_id=1255996 ccf_commit_seqno=8393519 nstreams_done_=314000 config.nstreams=400000 avg_latency=0.9280 ms avg throuhgput (requests/sec) = 723.2758 res=false
*==== INFO ====*  stream_id=1257996 latency=0.850941 ms (tx_ts=88749262869319, rx_ts=88749263720260) request_id=8406239 zil_blk_id=1257996 ccf_commit_seqno=8406239 nstreams_done_=314500 config.nstreams=400000 avg_latency=0.9278 ms avg throuhgput (requests/sec) = 723.3508 res=false
*==== INFO ====*  stream_id=1259996 latency=0.837806 ms (tx_ts=88749906203017, rx_ts=88749907040823) request_id=8418709 zil_blk_id=1259996 ccf_commit_seqno=8418712 nstreams_done_=315000 config.nstreams=400000 avg_latency=0.9277 ms avg throuhgput (requests/sec) = 723.4304 res=false
*==== INFO ====*  stream_id=1261996 latency=0.889634 ms (tx_ts=88750593777034, rx_ts=88750594666668) request_id=8431499 zil_blk_id=1261996 ccf_commit_seqno=8431500 nstreams_done_=315500 config.nstreams=400000 avg_latency=0.9277 ms avg throuhgput (requests/sec) = 723.4363 res=false
*==== INFO ====*  stream_id=1263996 latency=0.842365 ms (tx_ts=88751299497679, rx_ts=88751300340044) request_id=8444408 zil_blk_id=1263996 ccf_commit_seqno=8444412 nstreams_done_=316000 config.nstreams=400000 avg_latency=0.9277 ms avg throuhgput (requests/sec) = 723.4122 res=false
*==== INFO ====*  stream_id=1265996 latency=0.969391 ms (tx_ts=88751938178666, rx_ts=88751939148057) request_id=8457189 zil_blk_id=1265996 ccf_commit_seqno=8457194 nstreams_done_=316500 config.nstreams=400000 avg_latency=0.9275 ms avg throuhgput (requests/sec) = 723.4988 res=false
*==== INFO ====*  stream_id=1267996 latency=0.751881 ms (tx_ts=88752566836756, rx_ts=88752567588637) request_id=8469822 zil_blk_id=1267996 ccf_commit_seqno=8469823 nstreams_done_=317000 config.nstreams=400000 avg_latency=0.9274 ms avg throuhgput (requests/sec) = 723.6022 res=false
*==== INFO ====*  stream_id=1269996 latency=1.254130 ms (tx_ts=88753255957266, rx_ts=88753257211396) request_id=8482645 zil_blk_id=1269996 ccf_commit_seqno=8482650 nstreams_done_=317500 config.nstreams=400000 avg_latency=0.9273 ms avg throuhgput (requests/sec) = 723.6045 res=false
*==== INFO ====*  stream_id=1271996 latency=0.712432 ms (tx_ts=88753909188494, rx_ts=88753909900926) request_id=8495305 zil_blk_id=1271996 ccf_commit_seqno=8495308 nstreams_done_=318000 config.nstreams=400000 avg_latency=0.9272 ms avg throuhgput (requests/sec) = 723.6676 res=false
*==== INFO ====*  stream_id=1273996 latency=0.688167 ms (tx_ts=88754613273535, rx_ts=88754613961702) request_id=8508273 zil_blk_id=1273996 ccf_commit_seqno=8508273 nstreams_done_=318500 config.nstreams=400000 avg_latency=0.9272 ms avg throuhgput (requests/sec) = 723.6460 res=false
*==== INFO ====*  stream_id=1275996 latency=0.821446 ms (tx_ts=88755292484803, rx_ts=88755293306249) request_id=8520771 zil_blk_id=1275996 ccf_commit_seqno=8520774 nstreams_done_=319000 config.nstreams=400000 avg_latency=0.9272 ms avg throuhgput (requests/sec) = 723.6650 res=false
*==== INFO ====*  stream_id=1277996 latency=0.816366 ms (tx_ts=88755923036598, rx_ts=88755923852964) request_id=8532776 zil_blk_id=1277996 ccf_commit_seqno=8532777 nstreams_done_=319500 config.nstreams=400000 avg_latency=0.9270 ms avg throuhgput (requests/sec) = 723.7640 res=false
*==== INFO ====*  stream_id=1279996 latency=0.889473 ms (tx_ts=88756589623779, rx_ts=88756590513252) request_id=8544542 zil_blk_id=1279996 ccf_commit_seqno=8544543 nstreams_done_=320000 config.nstreams=400000 avg_latency=0.9269 ms avg throuhgput (requests/sec) = 723.8036 res=false
*==== INFO ====*  stream_id=1281996 latency=1.345149 ms (tx_ts=88757282916634, rx_ts=88757284261783) request_id=8556791 zil_blk_id=1281996 ccf_commit_seqno=8556804 nstreams_done_=320500 config.nstreams=400000 avg_latency=0.9269 ms avg throuhgput (requests/sec) = 723.7987 res=false
*==== INFO ====*  stream_id=1283996 latency=0.773777 ms (tx_ts=88757935455222, rx_ts=88757936228999) request_id=8568700 zil_blk_id=1283996 ccf_commit_seqno=8568701 nstreams_done_=321000 config.nstreams=400000 avg_latency=0.9268 ms avg throuhgput (requests/sec) = 723.8621 res=false
*==== INFO ====*  stream_id=1285996 latency=0.782954 ms (tx_ts=88758592250707, rx_ts=88758593033661) request_id=8580794 zil_blk_id=1285996 ccf_commit_seqno=8580797 nstreams_done_=321500 config.nstreams=400000 avg_latency=0.9267 ms avg throuhgput (requests/sec) = 723.9174 res=false
*==== INFO ====*  stream_id=1287996 latency=0.892523 ms (tx_ts=88759227953171, rx_ts=88759228845694) request_id=8592566 zil_blk_id=1287996 ccf_commit_seqno=8592568 nstreams_done_=322000 config.nstreams=400000 avg_latency=0.9266 ms avg throuhgput (requests/sec) = 724.0067 res=false
*==== INFO ====*  stream_id=1289996 latency=0.781140 ms (tx_ts=88759845874217, rx_ts=88759846655357) request_id=8604580 zil_blk_id=1289996 ccf_commit_seqno=8604583 nstreams_done_=322500 config.nstreams=400000 avg_latency=0.9263 ms avg throuhgput (requests/sec) = 724.1251 res=false
*==== INFO ====*  stream_id=1291996 latency=0.734233 ms (tx_ts=88760492018294, rx_ts=88760492752527) request_id=8616758 zil_blk_id=1291996 ccf_commit_seqno=8616761 nstreams_done_=323000 config.nstreams=400000 avg_latency=0.9262 ms avg throuhgput (requests/sec) = 724.1971 res=false
*==== INFO ====*  stream_id=1293996 latency=0.724485 ms (tx_ts=88761157106482, rx_ts=88761157830967) request_id=8628868 zil_blk_id=1293996 ccf_commit_seqno=8628868 nstreams_done_=323500 config.nstreams=400000 avg_latency=0.9260 ms avg throuhgput (requests/sec) = 724.2382 res=false
*==== INFO ====*  stream_id=1295996 latency=0.872231 ms (tx_ts=88761913997319, rx_ts=88761914869550) request_id=8640979 zil_blk_id=1295996 ccf_commit_seqno=8640984 nstreams_done_=324000 config.nstreams=400000 avg_latency=0.9262 ms avg throuhgput (requests/sec) = 724.1303 res=false
*==== INFO ====*  stream_id=1297996 latency=0.800757 ms (tx_ts=88762656402891, rx_ts=88762657203648) request_id=8653067 zil_blk_id=1297996 ccf_commit_seqno=8653068 nstreams_done_=324500 config.nstreams=400000 avg_latency=0.9263 ms avg throuhgput (requests/sec) = 724.0466 res=false
*==== INFO ====*  stream_id=1299996 latency=0.804775 ms (tx_ts=88763353617526, rx_ts=88763354422301) request_id=8664916 zil_blk_id=1299996 ccf_commit_seqno=8664918 nstreams_done_=325000 config.nstreams=400000 avg_latency=0.9263 ms avg throuhgput (requests/sec) = 724.0358 res=false
*==== INFO ====*  stream_id=1301996 latency=0.664466 ms (tx_ts=88764063396889, rx_ts=88764064061355) request_id=8677080 zil_blk_id=1301996 ccf_commit_seqno=8677080 nstreams_done_=325500 config.nstreams=400000 avg_latency=0.9263 ms avg throuhgput (requests/sec) = 724.0051 res=false
*==== INFO ====*  stream_id=1303996 latency=0.836602 ms (tx_ts=88764741589791, rx_ts=88764742426393) request_id=8688941 zil_blk_id=1303996 ccf_commit_seqno=8688944 nstreams_done_=326000 config.nstreams=400000 avg_latency=0.9263 ms avg throuhgput (requests/sec) = 724.0248 res=false
*==== INFO ====*  stream_id=1305996 latency=0.703718 ms (tx_ts=88765439457698, rx_ts=88765440161416) request_id=8701467 zil_blk_id=1305996 ccf_commit_seqno=8701468 nstreams_done_=326500 config.nstreams=400000 avg_latency=0.9263 ms avg throuhgput (requests/sec) = 724.0133 res=false
*==== INFO ====*  stream_id=1307996 latency=0.796520 ms (tx_ts=88766094332711, rx_ts=88766095129231) request_id=8713713 zil_blk_id=1307996 ccf_commit_seqno=8713715 nstreams_done_=327000 config.nstreams=400000 avg_latency=0.9262 ms avg throuhgput (requests/sec) = 724.0704 res=false
*==== INFO ====*  stream_id=1309996 latency=1.600954 ms (tx_ts=88766811454557, rx_ts=88766813055511) request_id=8726180 zil_blk_id=1309996 ccf_commit_seqno=8726192 nstreams_done_=327500 config.nstreams=400000 avg_latency=0.9262 ms avg throuhgput (requests/sec) = 724.0266 res=false
*==== INFO ====*  stream_id=1311996 latency=0.712931 ms (tx_ts=88767431956188, rx_ts=88767432669119) request_id=8737978 zil_blk_id=1311996 ccf_commit_seqno=8737980 nstreams_done_=328000 config.nstreams=400000 avg_latency=0.9260 ms avg throuhgput (requests/sec) = 724.1400 res=false
*==== INFO ====*  stream_id=1313996 latency=1.710047 ms (tx_ts=88768146920898, rx_ts=88768148630945) request_id=8750429 zil_blk_id=1313996 ccf_commit_seqno=8750432 nstreams_done_=328500 config.nstreams=400000 avg_latency=0.9261 ms avg throuhgput (requests/sec) = 724.0994 res=false
*==== INFO ====*  stream_id=1315996 latency=0.706681 ms (tx_ts=88768776292480, rx_ts=88768776999161) request_id=8762397 zil_blk_id=1315996 ccf_commit_seqno=8762400 nstreams_done_=329000 config.nstreams=400000 avg_latency=0.9259 ms avg throuhgput (requests/sec) = 724.1984 res=false
*==== INFO ====*  stream_id=1317996 latency=1.131192 ms (tx_ts=88769461179707, rx_ts=88769462310899) request_id=8774232 zil_blk_id=1317996 ccf_commit_seqno=8774234 nstreams_done_=329500 config.nstreams=400000 avg_latency=0.9259 ms avg throuhgput (requests/sec) = 724.2065 res=false
*==== INFO ====*  stream_id=1319996 latency=0.753078 ms (tx_ts=88770140558268, rx_ts=88770141311346) request_id=8786047 zil_blk_id=1319996 ccf_commit_seqno=8786049 nstreams_done_=330000 config.nstreams=400000 avg_latency=0.9258 ms avg throuhgput (requests/sec) = 724.2247 res=false
*==== INFO ====*  stream_id=1321996 latency=0.879765 ms (tx_ts=88770855656003, rx_ts=88770856535768) request_id=8797811 zil_blk_id=1321996 ccf_commit_seqno=8797813 nstreams_done_=330500 config.nstreams=400000 avg_latency=0.9259 ms avg throuhgput (requests/sec) = 724.1853 res=false
*==== INFO ====*  stream_id=1323996 latency=0.806841 ms (tx_ts=88771555079325, rx_ts=88771555886166) request_id=8809507 zil_blk_id=1323996 ccf_commit_seqno=8809509 nstreams_done_=331000 config.nstreams=400000 avg_latency=0.9259 ms avg throuhgput (requests/sec) = 724.1711 res=false
*==== INFO ====*  stream_id=1325996 latency=0.631431 ms (tx_ts=88772203861591, rx_ts=88772204493022) request_id=8821024 zil_blk_id=1325996 ccf_commit_seqno=8821024 nstreams_done_=331500 config.nstreams=400000 avg_latency=0.9258 ms avg throuhgput (requests/sec) = 724.2373 res=false
*==== INFO ====*  stream_id=1327996 latency=0.737580 ms (tx_ts=88772884089152, rx_ts=88772884826732) request_id=8832582 zil_blk_id=1327996 ccf_commit_seqno=8832584 nstreams_done_=332000 config.nstreams=400000 avg_latency=0.9257 ms avg throuhgput (requests/sec) = 724.2532 res=false
*==== INFO ====*  stream_id=1329996 latency=0.996493 ms (tx_ts=88773515965455, rx_ts=88773516961948) request_id=8843921 zil_blk_id=1329996 ccf_commit_seqno=8843929 nstreams_done_=332500 config.nstreams=400000 avg_latency=0.9255 ms avg throuhgput (requests/sec) = 724.3451 res=false
*==== INFO ====*  stream_id=1331996 latency=0.760913 ms (tx_ts=88774183890863, rx_ts=88774184651776) request_id=8855634 zil_blk_id=1331996 ccf_commit_seqno=8855637 nstreams_done_=333000 config.nstreams=400000 avg_latency=0.9254 ms avg throuhgput (requests/sec) = 724.3807 res=false
*==== INFO ====*  stream_id=1333996 latency=0.730968 ms (tx_ts=88774840799158, rx_ts=88774841530126) request_id=8866945 zil_blk_id=1333996 ccf_commit_seqno=8866946 nstreams_done_=333500 config.nstreams=400000 avg_latency=0.9253 ms avg throuhgput (requests/sec) = 724.4332 res=false
*==== INFO ====*  stream_id=1335996 latency=0.671105 ms (tx_ts=88775508711375, rx_ts=88775509382480) request_id=8878575 zil_blk_id=1335996 ccf_commit_seqno=8878575 nstreams_done_=334000 config.nstreams=400000 avg_latency=0.9253 ms avg throuhgput (requests/sec) = 724.4683 res=false
*==== INFO ====*  stream_id=1337996 latency=0.876940 ms (tx_ts=88776196237626, rx_ts=88776197114566) request_id=8890309 zil_blk_id=1337996 ccf_commit_seqno=8890309 nstreams_done_=334500 config.nstreams=400000 avg_latency=0.9252 ms avg throuhgput (requests/sec) = 724.4721 res=false
*==== INFO ====*  stream_id=1339996 latency=0.643323 ms (tx_ts=88776888962979, rx_ts=88776889606302) request_id=8901685 zil_blk_id=1339996 ccf_commit_seqno=8901685 nstreams_done_=335000 config.nstreams=400000 avg_latency=0.9252 ms avg throuhgput (requests/sec) = 724.4684 res=false
*==== INFO ====*  stream_id=1341996 latency=0.934131 ms (tx_ts=88777527778760, rx_ts=88777528712891) request_id=8913145 zil_blk_id=1341996 ccf_commit_seqno=8913147 nstreams_done_=335500 config.nstreams=400000 avg_latency=0.9251 ms avg throuhgput (requests/sec) = 724.5483 res=false
*==== INFO ====*  stream_id=1343996 latency=1.264887 ms (tx_ts=88778170153038, rx_ts=88778171417925) request_id=8924734 zil_blk_id=1343996 ccf_commit_seqno=8924739 nstreams_done_=336000 config.nstreams=400000 avg_latency=0.9249 ms avg throuhgput (requests/sec) = 724.6223 res=false
*==== INFO ====*  stream_id=1345996 latency=1.334034 ms (tx_ts=88778864774519, rx_ts=88778866108553) request_id=8936423 zil_blk_id=1345996 ccf_commit_seqno=8936425 nstreams_done_=336500 config.nstreams=400000 avg_latency=0.9250 ms avg throuhgput (requests/sec) = 724.6151 res=false
*==== INFO ====*  stream_id=1347996 latency=0.714286 ms (tx_ts=88779552850767, rx_ts=88779553565053) request_id=8948391 zil_blk_id=1347996 ccf_commit_seqno=8948391 nstreams_done_=337000 config.nstreams=400000 avg_latency=0.9249 ms avg throuhgput (requests/sec) = 724.6190 res=false
*==== INFO ====*  stream_id=1349996 latency=0.729113 ms (tx_ts=88780212044596, rx_ts=88780212773709) request_id=8960043 zil_blk_id=1349996 ccf_commit_seqno=8960044 nstreams_done_=337500 config.nstreams=400000 avg_latency=0.9248 ms avg throuhgput (requests/sec) = 724.6670 res=false
*==== INFO ====*  stream_id=1351996 latency=0.636179 ms (tx_ts=88780857424593, rx_ts=88780858060772) request_id=8971533 zil_blk_id=1351996 ccf_commit_seqno=8971533 nstreams_done_=338000 config.nstreams=400000 avg_latency=0.9247 ms avg throuhgput (requests/sec) = 724.7364 res=false
*==== INFO ====*  stream_id=1353996 latency=0.646469 ms (tx_ts=88781492526172, rx_ts=88781493172641) request_id=8982819 zil_blk_id=1353996 ccf_commit_seqno=8982820 nstreams_done_=338500 config.nstreams=400000 avg_latency=0.9245 ms avg throuhgput (requests/sec) = 724.8215 res=false
*==== INFO ====*  stream_id=1355996 latency=0.783666 ms (tx_ts=88782123967975, rx_ts=88782124751641) request_id=8994488 zil_blk_id=1355996 ccf_commit_seqno=8994488 nstreams_done_=339000 config.nstreams=400000 avg_latency=0.9243 ms avg throuhgput (requests/sec) = 724.9117 res=false
*==== INFO ====*  stream_id=1357996 latency=0.602286 ms (tx_ts=88782839648619, rx_ts=88782840250905) request_id=9006061 zil_blk_id=1357996 ccf_commit_seqno=9006061 nstreams_done_=339500 config.nstreams=400000 avg_latency=0.9244 ms avg throuhgput (requests/sec) = 724.8719 res=false
*==== INFO ====*  stream_id=1359996 latency=0.795908 ms (tx_ts=88783487659255, rx_ts=88783488455163) request_id=9017765 zil_blk_id=1359996 ccf_commit_seqno=9017767 nstreams_done_=340000 config.nstreams=400000 avg_latency=0.9243 ms avg throuhgput (requests/sec) = 724.9361 res=false
*==== INFO ====*  stream_id=1361996 latency=0.849448 ms (tx_ts=88784151674060, rx_ts=88784152523508) request_id=9029287 zil_blk_id=1361996 ccf_commit_seqno=9029287 nstreams_done_=340500 config.nstreams=400000 avg_latency=0.9242 ms avg throuhgput (requests/sec) = 724.9757 res=false
*==== INFO ====*  stream_id=1363996 latency=0.808316 ms (tx_ts=88784826813407, rx_ts=88784827621723) request_id=9041087 zil_blk_id=1363996 ccf_commit_seqno=9041089 nstreams_done_=341000 config.nstreams=400000 avg_latency=0.9241 ms avg throuhgput (requests/sec) = 724.9982 res=false
*==== INFO ====*  stream_id=1365996 latency=0.762586 ms (tx_ts=88785487386226, rx_ts=88785488148812) request_id=9052595 zil_blk_id=1365996 ccf_commit_seqno=9052599 nstreams_done_=341500 config.nstreams=400000 avg_latency=0.9240 ms avg throuhgput (requests/sec) = 725.0430 res=false
*==== INFO ====*  stream_id=1367996 latency=0.639319 ms (tx_ts=88786172069520, rx_ts=88786172708839) request_id=9064451 zil_blk_id=1367996 ccf_commit_seqno=9064451 nstreams_done_=342000 config.nstreams=400000 avg_latency=0.9240 ms avg throuhgput (requests/sec) = 725.0508 res=false
*==== INFO ====*  stream_id=1369996 latency=0.603698 ms (tx_ts=88786814743332, rx_ts=88786815347030) request_id=9075462 zil_blk_id=1369996 ccf_commit_seqno=9075462 nstreams_done_=342500 config.nstreams=400000 avg_latency=0.9239 ms avg throuhgput (requests/sec) = 725.1229 res=false
*==== INFO ====*  stream_id=1371996 latency=0.798125 ms (tx_ts=88787451594848, rx_ts=88787452392973) request_id=9086181 zil_blk_id=1371996 ccf_commit_seqno=9086184 nstreams_done_=343000 config.nstreams=400000 avg_latency=0.9237 ms avg throuhgput (requests/sec) = 725.2034 res=false
*==== INFO ====*  stream_id=1373996 latency=0.900126 ms (tx_ts=88788089897132, rx_ts=88788090797258) request_id=9097162 zil_blk_id=1373996 ccf_commit_seqno=9097166 nstreams_done_=343500 config.nstreams=400000 avg_latency=0.9236 ms avg throuhgput (requests/sec) = 725.2815 res=false
*==== INFO ====*  stream_id=1375996 latency=0.778501 ms (tx_ts=88788729300831, rx_ts=88788730079332) request_id=9108173 zil_blk_id=1375996 ccf_commit_seqno=9108174 nstreams_done_=344000 config.nstreams=400000 avg_latency=0.9234 ms avg throuhgput (requests/sec) = 725.3582 res=false
*==== INFO ====*  stream_id=1377996 latency=0.679451 ms (tx_ts=88789431695611, rx_ts=88789432375062) request_id=9119586 zil_blk_id=1377996 ccf_commit_seqno=9119586 nstreams_done_=344500 config.nstreams=400000 avg_latency=0.9234 ms avg throuhgput (requests/sec) = 725.3383 res=false
*==== INFO ====*  stream_id=1379996 latency=0.789643 ms (tx_ts=88790073546042, rx_ts=88790074335685) request_id=9130249 zil_blk_id=1379996 ccf_commit_seqno=9130251 nstreams_done_=345000 config.nstreams=400000 avg_latency=0.9233 ms avg throuhgput (requests/sec) = 725.4106 res=false
*==== INFO ====*  stream_id=1381996 latency=0.611734 ms (tx_ts=88790720752064, rx_ts=88790721363798) request_id=9141173 zil_blk_id=1381996 ccf_commit_seqno=9141173 nstreams_done_=345500 config.nstreams=400000 avg_latency=0.9232 ms avg throuhgput (requests/sec) = 725.4749 res=false
*==== INFO ====*  stream_id=1383996 latency=0.699718 ms (tx_ts=88791451179915, rx_ts=88791451879633) request_id=9152244 zil_blk_id=1383996 ccf_commit_seqno=9152244 nstreams_done_=346000 config.nstreams=400000 avg_latency=0.9233 ms avg throuhgput (requests/sec) = 725.4121 res=false
*==== INFO ====*  stream_id=1385996 latency=0.738908 ms (tx_ts=88792095607031, rx_ts=88792096345939) request_id=9163207 zil_blk_id=1385996 ccf_commit_seqno=9163208 nstreams_done_=346500 config.nstreams=400000 avg_latency=0.9231 ms avg throuhgput (requests/sec) = 725.4801 res=false
*==== INFO ====*  stream_id=1387996 latency=1.228627 ms (tx_ts=88792753920849, rx_ts=88792755149476) request_id=9174223 zil_blk_id=1387996 ccf_commit_seqno=9174235 nstreams_done_=347000 config.nstreams=400000 avg_latency=0.9231 ms avg throuhgput (requests/sec) = 725.5262 res=false
*==== INFO ====*  stream_id=1389996 latency=0.628185 ms (tx_ts=88793392701061, rx_ts=88793393329246) request_id=9185066 zil_blk_id=1389996 ccf_commit_seqno=9185066 nstreams_done_=347500 config.nstreams=400000 avg_latency=0.9229 ms avg throuhgput (requests/sec) = 725.6035 res=false
*==== INFO ====*  stream_id=1391996 latency=0.629922 ms (tx_ts=88794031680350, rx_ts=88794032310272) request_id=9195197 zil_blk_id=1391996 ccf_commit_seqno=9195197 nstreams_done_=348000 config.nstreams=400000 avg_latency=0.9227 ms avg throuhgput (requests/sec) = 725.6793 res=false
*==== INFO ====*  stream_id=1393996 latency=0.702523 ms (tx_ts=88794695386808, rx_ts=88794696089331) request_id=9205881 zil_blk_id=1393996 ccf_commit_seqno=9205882 nstreams_done_=348500 config.nstreams=400000 avg_latency=0.9226 ms avg throuhgput (requests/sec) = 725.7174 res=false
*==== INFO ====*  stream_id=1395996 latency=0.673620 ms (tx_ts=88795374197690, rx_ts=88795374871310) request_id=9216541 zil_blk_id=1395996 ccf_commit_seqno=9216541 nstreams_done_=349000 config.nstreams=400000 avg_latency=0.9226 ms avg throuhgput (requests/sec) = 725.7328 res=false
*==== INFO ====*  stream_id=1397996 latency=0.663952 ms (tx_ts=88796039669483, rx_ts=88796040333435) request_id=9226671 zil_blk_id=1397996 ccf_commit_seqno=9226671 nstreams_done_=349500 config.nstreams=400000 avg_latency=0.9224 ms avg throuhgput (requests/sec) = 725.7682 res=false
*==== INFO ====*  stream_id=1399996 latency=0.817138 ms (tx_ts=88796655439955, rx_ts=88796656257093) request_id=9236717 zil_blk_id=1399996 ccf_commit_seqno=9236718 nstreams_done_=350000 config.nstreams=400000 avg_latency=0.9222 ms avg throuhgput (requests/sec) = 725.8781 res=false
*==== INFO ====*  stream_id=1401996 latency=1.005684 ms (tx_ts=88797277671122, rx_ts=88797278676806) request_id=9246569 zil_blk_id=1401996 ccf_commit_seqno=9246571 nstreams_done_=350500 config.nstreams=400000 avg_latency=0.9220 ms avg throuhgput (requests/sec) = 725.9779 res=false
*==== INFO ====*  stream_id=1403996 latency=1.001393 ms (tx_ts=88797916749414, rx_ts=88797917750807) request_id=9256397 zil_blk_id=1403996 ccf_commit_seqno=9256397 nstreams_done_=351000 config.nstreams=400000 avg_latency=0.9219 ms avg throuhgput (requests/sec) = 726.0525 res=false
*==== INFO ====*  stream_id=1405996 latency=0.711987 ms (tx_ts=88798540457662, rx_ts=88798541169649) request_id=9266518 zil_blk_id=1405996 ccf_commit_seqno=9266520 nstreams_done_=351500 config.nstreams=400000 avg_latency=0.9217 ms avg throuhgput (requests/sec) = 726.1503 res=false
*==== INFO ====*  stream_id=1407996 latency=0.881889 ms (tx_ts=88799207530262, rx_ts=88799208412151) request_id=9276683 zil_blk_id=1407996 ccf_commit_seqno=9276684 nstreams_done_=352000 config.nstreams=400000 avg_latency=0.9216 ms avg throuhgput (requests/sec) = 726.1822 res=false
*==== INFO ====*  stream_id=1409996 latency=0.831024 ms (tx_ts=88799854398701, rx_ts=88799855229725) request_id=9286556 zil_blk_id=1409996 ccf_commit_seqno=9286557 nstreams_done_=352500 config.nstreams=400000 avg_latency=0.9215 ms avg throuhgput (requests/sec) = 726.2447 res=false
*==== INFO ====*  stream_id=1411996 latency=0.613818 ms (tx_ts=88800479148043, rx_ts=88800479761861) request_id=9296347 zil_blk_id=1411996 ccf_commit_seqno=9296347 nstreams_done_=353000 config.nstreams=400000 avg_latency=0.9213 ms avg throuhgput (requests/sec) = 726.3402 res=false
*==== INFO ====*  stream_id=1413996 latency=0.667078 ms (tx_ts=88801088795917, rx_ts=88801089462995) request_id=9306015 zil_blk_id=1413996 ccf_commit_seqno=9306017 nstreams_done_=353500 config.nstreams=400000 avg_latency=0.9211 ms avg throuhgput (requests/sec) = 726.4577 res=false
*==== INFO ====*  stream_id=1415996 latency=0.768577 ms (tx_ts=88801729504030, rx_ts=88801730272607) request_id=9316100 zil_blk_id=1415996 ccf_commit_seqno=9316102 nstreams_done_=354000 config.nstreams=400000 avg_latency=0.9209 ms avg throuhgput (requests/sec) = 726.5284 res=false
*==== INFO ====*  stream_id=1417996 latency=0.631451 ms (tx_ts=88802359452555, rx_ts=88802360084006) request_id=9326055 zil_blk_id=1417996 ccf_commit_seqno=9326056 nstreams_done_=354500 config.nstreams=400000 avg_latency=0.9208 ms avg throuhgput (requests/sec) = 726.6154 res=false
*==== INFO ====*  stream_id=1419996 latency=0.784113 ms (tx_ts=88803005300490, rx_ts=88803006084603) request_id=9335868 zil_blk_id=1419996 ccf_commit_seqno=9335870 nstreams_done_=355000 config.nstreams=400000 avg_latency=0.9206 ms avg throuhgput (requests/sec) = 726.6780 res=false
*==== INFO ====*  stream_id=1421996 latency=0.694368 ms (tx_ts=88803693247075, rx_ts=88803693941443) request_id=9345853 zil_blk_id=1421996 ccf_commit_seqno=9345855 nstreams_done_=355500 config.nstreams=400000 avg_latency=0.9206 ms avg throuhgput (requests/sec) = 726.6783 res=false
*==== INFO ====*  stream_id=1423996 latency=0.784968 ms (tx_ts=88804369622585, rx_ts=88804370407553) request_id=9355763 zil_blk_id=1423996 ccf_commit_seqno=9355768 nstreams_done_=356000 config.nstreams=400000 avg_latency=0.9205 ms avg throuhgput (requests/sec) = 726.6955 res=false
*==== INFO ====*  stream_id=1425996 latency=0.742819 ms (tx_ts=88804998300392, rx_ts=88804999043211) request_id=9365857 zil_blk_id=1425996 ccf_commit_seqno=9365857 nstreams_done_=356500 config.nstreams=400000 avg_latency=0.9203 ms avg throuhgput (requests/sec) = 726.7835 res=false
*==== INFO ====*  stream_id=1427996 latency=0.861340 ms (tx_ts=88805636018737, rx_ts=88805636880077) request_id=9375802 zil_blk_id=1427996 ccf_commit_seqno=9375804 nstreams_done_=357000 config.nstreams=400000 avg_latency=0.9201 ms avg throuhgput (requests/sec) = 726.8577 res=false
*==== INFO ====*  stream_id=1429996 latency=0.712672 ms (tx_ts=88806274834501, rx_ts=88806275547173) request_id=9385758 zil_blk_id=1429996 ccf_commit_seqno=9385758 nstreams_done_=357500 config.nstreams=400000 avg_latency=0.9200 ms avg throuhgput (requests/sec) = 726.9305 res=false
*==== INFO ====*  stream_id=1431996 latency=0.656708 ms (tx_ts=88806870262623, rx_ts=88806870919331) request_id=9395396 zil_blk_id=1431996 ccf_commit_seqno=9395397 nstreams_done_=358000 config.nstreams=400000 avg_latency=0.9198 ms avg throuhgput (requests/sec) = 727.0670 res=false
*==== INFO ====*  stream_id=1433996 latency=0.620841 ms (tx_ts=88807476495459, rx_ts=88807477116300) request_id=9405249 zil_blk_id=1433996 ccf_commit_seqno=9405249 nstreams_done_=358500 config.nstreams=400000 avg_latency=0.9195 ms avg throuhgput (requests/sec) = 727.1872 res=false
*==== INFO ====*  stream_id=1435996 latency=0.896426 ms (tx_ts=88808136347040, rx_ts=88808137243466) request_id=9415478 zil_blk_id=1435996 ccf_commit_seqno=9415483 nstreams_done_=359000 config.nstreams=400000 avg_latency=0.9194 ms avg throuhgput (requests/sec) = 727.2276 res=false
*==== INFO ====*  stream_id=1437996 latency=0.805335 ms (tx_ts=88808770988878, rx_ts=88808771794213) request_id=9425517 zil_blk_id=1437996 ccf_commit_seqno=9425519 nstreams_done_=359500 config.nstreams=400000 avg_latency=0.9192 ms avg throuhgput (requests/sec) = 727.3056 res=false
*==== INFO ====*  stream_id=1439996 latency=0.727889 ms (tx_ts=88809451734325, rx_ts=88809452462214) request_id=9435759 zil_blk_id=1439996 ccf_commit_seqno=9435760 nstreams_done_=360000 config.nstreams=400000 avg_latency=0.9192 ms avg throuhgput (requests/sec) = 727.3156 res=false
*==== INFO ====*  stream_id=1441996 latency=0.764548 ms (tx_ts=88810088040764, rx_ts=88810088805312) request_id=9445870 zil_blk_id=1441996 ccf_commit_seqno=9445872 nstreams_done_=360500 config.nstreams=400000 avg_latency=0.9190 ms avg throuhgput (requests/sec) = 727.3906 res=false
*==== INFO ====*  stream_id=1443996 latency=0.705578 ms (tx_ts=88810757429480, rx_ts=88810758135058) request_id=9456169 zil_blk_id=1443996 ccf_commit_seqno=9456170 nstreams_done_=361000 config.nstreams=400000 avg_latency=0.9189 ms avg throuhgput (requests/sec) = 727.4170 res=false
*==== INFO ====*  stream_id=1445996 latency=0.928304 ms (tx_ts=88811358357276, rx_ts=88811359285580) request_id=9466051 zil_blk_id=1445996 ccf_commit_seqno=9466051 nstreams_done_=361500 config.nstreams=400000 avg_latency=0.9187 ms avg throuhgput (requests/sec) = 727.5432 res=false
*==== INFO ====*  stream_id=1447996 latency=0.783375 ms (tx_ts=88812032057854, rx_ts=88812032841229) request_id=9475872 zil_blk_id=1447996 ccf_commit_seqno=9475874 nstreams_done_=362000 config.nstreams=400000 avg_latency=0.9186 ms avg throuhgput (requests/sec) = 727.5633 res=false
*==== INFO ====*  stream_id=1449996 latency=0.926052 ms (tx_ts=88812670770947, rx_ts=88812671696999) request_id=9485724 zil_blk_id=1449996 ccf_commit_seqno=9485725 nstreams_done_=362500 config.nstreams=400000 avg_latency=0.9185 ms avg throuhgput (requests/sec) = 727.6339 res=false
*==== INFO ====*  stream_id=1451996 latency=0.880229 ms (tx_ts=88813304578517, rx_ts=88813305458746) request_id=9495621 zil_blk_id=1451996 ccf_commit_seqno=9495622 nstreams_done_=363000 config.nstreams=400000 avg_latency=0.9183 ms avg throuhgput (requests/sec) = 727.7118 res=false
*==== INFO ====*  stream_id=1453996 latency=0.778335 ms (tx_ts=88813969826166, rx_ts=88813970604501) request_id=9505855 zil_blk_id=1453996 ccf_commit_seqno=9505856 nstreams_done_=363500 config.nstreams=400000 avg_latency=0.9182 ms avg throuhgput (requests/sec) = 727.7438 res=false
*==== INFO ====*  stream_id=1455996 latency=0.741346 ms (tx_ts=88814616026380, rx_ts=88814616767726) request_id=9515493 zil_blk_id=1455996 ccf_commit_seqno=9515496 nstreams_done_=364000 config.nstreams=400000 avg_latency=0.9181 ms avg throuhgput (requests/sec) = 727.8033 res=false
*==== INFO ====*  stream_id=1457996 latency=0.898757 ms (tx_ts=88815255187075, rx_ts=88815256085832) request_id=9524849 zil_blk_id=1457996 ccf_commit_seqno=9524851 nstreams_done_=364500 config.nstreams=400000 avg_latency=0.9179 ms avg throuhgput (requests/sec) = 727.8726 res=false
*==== INFO ====*  stream_id=1459996 latency=0.801709 ms (tx_ts=88815893686725, rx_ts=88815894488434) request_id=9534296 zil_blk_id=1459996 ccf_commit_seqno=9534296 nstreams_done_=365000 config.nstreams=400000 avg_latency=0.9178 ms avg throuhgput (requests/sec) = 727.9430 res=false
*==== INFO ====*  stream_id=1461996 latency=0.777155 ms (tx_ts=88816506309178, rx_ts=88816507086333) request_id=9543280 zil_blk_id=1461996 ccf_commit_seqno=9543282 nstreams_done_=365500 config.nstreams=400000 avg_latency=0.9175 ms avg throuhgput (requests/sec) = 728.0507 res=false
*==== INFO ====*  stream_id=1463996 latency=0.737819 ms (tx_ts=88817134759390, rx_ts=88817135497209) request_id=9551951 zil_blk_id=1463996 ccf_commit_seqno=9551953 nstreams_done_=366000 config.nstreams=400000 avg_latency=0.9174 ms avg throuhgput (requests/sec) = 728.1352 res=false
*==== INFO ====*  stream_id=1465996 latency=0.657639 ms (tx_ts=88817750071077, rx_ts=88817750728716) request_id=9560164 zil_blk_id=1465996 ccf_commit_seqno=9560164 nstreams_done_=366500 config.nstreams=400000 avg_latency=0.9171 ms avg throuhgput (requests/sec) = 728.2386 res=false
*==== INFO ====*  stream_id=1467996 latency=0.940027 ms (tx_ts=88818397879425, rx_ts=88818398819452) request_id=9568506 zil_blk_id=1467996 ccf_commit_seqno=9568509 nstreams_done_=367000 config.nstreams=400000 avg_latency=0.9170 ms avg throuhgput (requests/sec) = 728.2942 res=false
*==== INFO ====*  stream_id=1469996 latency=0.795917 ms (tx_ts=88819041950718, rx_ts=88819042746635) request_id=9576790 zil_blk_id=1469996 ccf_commit_seqno=9576792 nstreams_done_=367500 config.nstreams=400000 avg_latency=0.9169 ms avg throuhgput (requests/sec) = 728.3557 res=false
*==== INFO ====*  stream_id=1471996 latency=0.728963 ms (tx_ts=88819684426674, rx_ts=88819685155637) request_id=9585363 zil_blk_id=1471996 ccf_commit_seqno=9585365 nstreams_done_=368000 config.nstreams=400000 avg_latency=0.9168 ms avg throuhgput (requests/sec) = 728.4193 res=false
*==== INFO ====*  stream_id=1473996 latency=0.675572 ms (tx_ts=88820322898253, rx_ts=88820323573825) request_id=9593539 zil_blk_id=1473996 ccf_commit_seqno=9593539 nstreams_done_=368500 config.nstreams=400000 avg_latency=0.9166 ms avg throuhgput (requests/sec) = 728.4884 res=false
*==== INFO ====*  stream_id=1475996 latency=0.693657 ms (tx_ts=88820971934950, rx_ts=88820972628607) request_id=9601442 zil_blk_id=1475996 ccf_commit_seqno=9601442 nstreams_done_=369000 config.nstreams=400000 avg_latency=0.9165 ms avg throuhgput (requests/sec) = 728.5420 res=false
*==== INFO ====*  stream_id=1477996 latency=0.725987 ms (tx_ts=88821597317003, rx_ts=88821598042990) request_id=9609181 zil_blk_id=1477996 ccf_commit_seqno=9609184 nstreams_done_=369500 config.nstreams=400000 avg_latency=0.9164 ms avg throuhgput (requests/sec) = 728.6295 res=false
*==== INFO ====*  stream_id=1479996 latency=0.677567 ms (tx_ts=88822237444381, rx_ts=88822238121948) request_id=9617002 zil_blk_id=1479996 ccf_commit_seqno=9617002 nstreams_done_=370000 config.nstreams=400000 avg_latency=0.9162 ms avg throuhgput (requests/sec) = 728.6957 res=false
*==== INFO ====*  stream_id=1481996 latency=0.606343 ms (tx_ts=88822855142470, rx_ts=88822855748813) request_id=9624812 zil_blk_id=1481996 ccf_commit_seqno=9624812 nstreams_done_=370500 config.nstreams=400000 avg_latency=0.9159 ms avg throuhgput (requests/sec) = 728.7940 res=false
*==== INFO ====*  stream_id=1483996 latency=0.678218 ms (tx_ts=88823494276301, rx_ts=88823494954519) request_id=9632636 zil_blk_id=1483996 ccf_commit_seqno=9632636 nstreams_done_=371000 config.nstreams=400000 avg_latency=0.9157 ms avg throuhgput (requests/sec) = 728.8610 res=false
*==== INFO ====*  stream_id=1485996 latency=0.621011 ms (tx_ts=88824145130653, rx_ts=88824145751664) request_id=9640480 zil_blk_id=1485996 ccf_commit_seqno=9640480 nstreams_done_=371500 config.nstreams=400000 avg_latency=0.9156 ms avg throuhgput (requests/sec) = 728.9114 res=false
*==== INFO ====*  stream_id=1487996 latency=0.648913 ms (tx_ts=88824753841403, rx_ts=88824754490316) request_id=9648073 zil_blk_id=1487996 ccf_commit_seqno=9648074 nstreams_done_=372000 config.nstreams=400000 avg_latency=0.9154 ms avg throuhgput (requests/sec) = 729.0217 res=false
*==== INFO ====*  stream_id=1489996 latency=0.722641 ms (tx_ts=88825394806591, rx_ts=88825395529232) request_id=9656071 zil_blk_id=1489996 ccf_commit_seqno=9656072 nstreams_done_=372500 config.nstreams=400000 avg_latency=0.9153 ms avg throuhgput (requests/sec) = 729.0856 res=false
*==== INFO ====*  stream_id=1491996 latency=0.788144 ms (tx_ts=88826004148017, rx_ts=88826004936161) request_id=9663890 zil_blk_id=1491996 ccf_commit_seqno=9663893 nstreams_done_=373000 config.nstreams=400000 avg_latency=0.9150 ms avg throuhgput (requests/sec) = 729.1945 res=false
*==== INFO ====*  stream_id=1493996 latency=0.875377 ms (tx_ts=88826615164776, rx_ts=88826616040153) request_id=9671594 zil_blk_id=1493996 ccf_commit_seqno=9671596 nstreams_done_=373500 config.nstreams=400000 avg_latency=0.9148 ms avg throuhgput (requests/sec) = 729.3007 res=false
*==== INFO ====*  stream_id=1495996 latency=0.665064 ms (tx_ts=88827204832342, rx_ts=88827205497406) request_id=9679150 zil_blk_id=1495996 ccf_commit_seqno=9679150 nstreams_done_=374000 config.nstreams=400000 avg_latency=0.9146 ms avg throuhgput (requests/sec) = 729.4374 res=false
*==== INFO ====*  stream_id=1497996 latency=0.836904 ms (tx_ts=88827812567875, rx_ts=88827813404779) request_id=9686810 zil_blk_id=1497996 ccf_commit_seqno=9686813 nstreams_done_=374500 config.nstreams=400000 avg_latency=0.9144 ms avg throuhgput (requests/sec) = 729.5476 res=false
*==== INFO ====*  stream_id=1499996 latency=0.821101 ms (tx_ts=88828446987816, rx_ts=88828447808917) request_id=9694567 zil_blk_id=1499996 ccf_commit_seqno=9694570 nstreams_done_=375000 config.nstreams=400000 avg_latency=0.9142 ms avg throuhgput (requests/sec) = 729.6200 res=false
*==== INFO ====*  stream_id=1501996 latency=0.562001 ms (tx_ts=88829059860837, rx_ts=88829060422838) request_id=9702224 zil_blk_id=1501996 ccf_commit_seqno=9702224 nstreams_done_=375500 config.nstreams=400000 avg_latency=0.9140 ms avg throuhgput (requests/sec) = 729.7230 res=false
*==== INFO ====*  stream_id=1503996 latency=0.714957 ms (tx_ts=88829651787422, rx_ts=88829652502379) request_id=9709661 zil_blk_id=1503996 ccf_commit_seqno=9709661 nstreams_done_=376000 config.nstreams=400000 avg_latency=0.9138 ms avg throuhgput (requests/sec) = 729.8549 res=false
*==== INFO ====*  stream_id=1505996 latency=0.785498 ms (tx_ts=88830264837230, rx_ts=88830265622728) request_id=9717430 zil_blk_id=1505996 ccf_commit_seqno=9717431 nstreams_done_=376500 config.nstreams=400000 avg_latency=0.9136 ms avg throuhgput (requests/sec) = 729.9567 res=false
*==== INFO ====*  stream_id=1507996 latency=0.791068 ms (tx_ts=88830876541136, rx_ts=88830877332204) request_id=9724742 zil_blk_id=1507996 ccf_commit_seqno=9724744 nstreams_done_=377000 config.nstreams=400000 avg_latency=0.9134 ms avg throuhgput (requests/sec) = 730.0603 res=false
*==== INFO ====*  stream_id=1509996 latency=0.830232 ms (tx_ts=88831512956456, rx_ts=88831513786688) request_id=9731926 zil_blk_id=1509996 ccf_commit_seqno=9731930 nstreams_done_=377500 config.nstreams=400000 avg_latency=0.9133 ms avg throuhgput (requests/sec) = 730.1286 res=false
*==== INFO ====*  stream_id=1511996 latency=0.940528 ms (tx_ts=88832117902613, rx_ts=88832118843141) request_id=9738978 zil_blk_id=1511996 ccf_commit_seqno=9738978 nstreams_done_=378000 config.nstreams=400000 avg_latency=0.9131 ms avg throuhgput (requests/sec) = 730.2411 res=false
*==== INFO ====*  stream_id=1513996 latency=0.760011 ms (tx_ts=88832776346258, rx_ts=88832777106269) request_id=9746177 zil_blk_id=1513996 ccf_commit_seqno=9746178 nstreams_done_=378500 config.nstreams=400000 avg_latency=0.9130 ms avg throuhgput (requests/sec) = 730.2784 res=false
*==== INFO ====*  stream_id=1515996 latency=0.910974 ms (tx_ts=88833391445862, rx_ts=88833392356836) request_id=9753229 zil_blk_id=1515996 ccf_commit_seqno=9753230 nstreams_done_=379000 config.nstreams=400000 avg_latency=0.9128 ms avg throuhgput (requests/sec) = 730.3761 res=false
*==== INFO ====*  stream_id=1517996 latency=0.743861 ms (tx_ts=88834008586512, rx_ts=88834009330373) request_id=9760132 zil_blk_id=1517996 ccf_commit_seqno=9760133 nstreams_done_=379500 config.nstreams=400000 avg_latency=0.9126 ms avg throuhgput (requests/sec) = 730.4711 res=false
*==== INFO ====*  stream_id=1519996 latency=0.675623 ms (tx_ts=88834595746016, rx_ts=88834596421639) request_id=9767096 zil_blk_id=1519996 ccf_commit_seqno=9767096 nstreams_done_=380000 config.nstreams=400000 avg_latency=0.9124 ms avg throuhgput (requests/sec) = 730.6079 res=false
*==== INFO ====*  stream_id=1521996 latency=5.390358 ms (tx_ts=88835198556694, rx_ts=88835203947052) request_id=9774396 zil_blk_id=1521996 ccf_commit_seqno=9774397 nstreams_done_=380500 config.nstreams=400000 avg_latency=0.9121 ms avg throuhgput (requests/sec) = 730.7157 res=false
*==== INFO ====*  stream_id=1523996 latency=0.591617 ms (tx_ts=88835853064403, rx_ts=88835853656020) request_id=9781846 zil_blk_id=1523996 ccf_commit_seqno=9781846 nstreams_done_=381000 config.nstreams=400000 avg_latency=0.9119 ms avg throuhgput (requests/sec) = 730.7641 res=false
*==== INFO ====*  stream_id=1525996 latency=1.979651 ms (tx_ts=88836523102006, rx_ts=88836525081657) request_id=9788961 zil_blk_id=1525996 ccf_commit_seqno=9788964 nstreams_done_=381500 config.nstreams=400000 avg_latency=0.9118 ms avg throuhgput (requests/sec) = 730.7820 res=false
*==== INFO ====*  stream_id=1527996 latency=0.629337 ms (tx_ts=88837139067595, rx_ts=88837139696932) request_id=9795466 zil_blk_id=1527996 ccf_commit_seqno=9795466 nstreams_done_=382000 config.nstreams=400000 avg_latency=0.9117 ms avg throuhgput (requests/sec) = 730.8793 res=false
*==== INFO ====*  stream_id=1529996 latency=0.817355 ms (tx_ts=88837734378279, rx_ts=88837735195634) request_id=9801909 zil_blk_id=1529996 ccf_commit_seqno=9801910 nstreams_done_=382500 config.nstreams=400000 avg_latency=0.9114 ms avg throuhgput (requests/sec) = 731.0031 res=false
*==== INFO ====*  stream_id=1531996 latency=0.733602 ms (tx_ts=88838338121953, rx_ts=88838338855555) request_id=9808503 zil_blk_id=1531996 ccf_commit_seqno=9808504 nstreams_done_=383000 config.nstreams=400000 avg_latency=0.9112 ms avg throuhgput (requests/sec) = 731.1152 res=false
*==== INFO ====*  stream_id=1533996 latency=0.769679 ms (tx_ts=88838926635757, rx_ts=88838927405436) request_id=9814553 zil_blk_id=1533996 ccf_commit_seqno=9814554 nstreams_done_=383500 config.nstreams=400000 avg_latency=0.9110 ms avg throuhgput (requests/sec) = 731.2481 res=false
*==== INFO ====*  stream_id=1535996 latency=0.643503 ms (tx_ts=88839511509479, rx_ts=88839512152982) request_id=9820616 zil_blk_id=1535996 ccf_commit_seqno=9820616 nstreams_done_=384000 config.nstreams=400000 avg_latency=0.9107 ms avg throuhgput (requests/sec) = 731.3860 res=false
*==== INFO ====*  stream_id=1537996 latency=3.833828 ms (tx_ts=88840113984508, rx_ts=88840117818336) request_id=9826572 zil_blk_id=1537996 ccf_commit_seqno=9826578 nstreams_done_=384500 config.nstreams=400000 avg_latency=0.9105 ms avg throuhgput (requests/sec) = 731.4945 res=false
*==== INFO ====*  stream_id=1539996 latency=0.692442 ms (tx_ts=88840716261829, rx_ts=88840716954271) request_id=9832596 zil_blk_id=1539996 ccf_commit_seqno=9832596 nstreams_done_=385000 config.nstreams=400000 avg_latency=0.9103 ms avg throuhgput (requests/sec) = 731.6118 res=false
*==== INFO ====*  stream_id=1541996 latency=0.611092 ms (tx_ts=88841336475377, rx_ts=88841337086469) request_id=9838344 zil_blk_id=1541996 ccf_commit_seqno=9838344 nstreams_done_=385500 config.nstreams=400000 avg_latency=0.9100 ms avg throuhgput (requests/sec) = 731.6997 res=false
*==== INFO ====*  stream_id=1543996 latency=0.687565 ms (tx_ts=88841941951402, rx_ts=88841942638967) request_id=9843879 zil_blk_id=1543996 ccf_commit_seqno=9843879 nstreams_done_=386000 config.nstreams=400000 avg_latency=0.9098 ms avg throuhgput (requests/sec) = 731.8076 res=false
*==== INFO ====*  stream_id=1545996 latency=0.572561 ms (tx_ts=88842558370652, rx_ts=88842558943213) request_id=9849542 zil_blk_id=1545996 ccf_commit_seqno=9849542 nstreams_done_=386500 config.nstreams=400000 avg_latency=0.9096 ms avg throuhgput (requests/sec) = 731.9004 res=false
*==== INFO ====*  stream_id=1547996 latency=0.784176 ms (tx_ts=88843181911415, rx_ts=88843182695591) request_id=9855024 zil_blk_id=1547996 ccf_commit_seqno=9855025 nstreams_done_=387000 config.nstreams=400000 avg_latency=0.9094 ms avg throuhgput (requests/sec) = 731.9826 res=false
*==== INFO ====*  stream_id=1549996 latency=0.796379 ms (tx_ts=88843780996736, rx_ts=88843781793115) request_id=9859834 zil_blk_id=1549996 ccf_commit_seqno=9859834 nstreams_done_=387500 config.nstreams=400000 avg_latency=0.9091 ms avg throuhgput (requests/sec) = 732.0987 res=false
*==== INFO ====*  stream_id=1551996 latency=0.724996 ms (tx_ts=88844371055977, rx_ts=88844371780973) request_id=9864347 zil_blk_id=1551996 ccf_commit_seqno=9864347 nstreams_done_=388000 config.nstreams=400000 avg_latency=0.9088 ms avg throuhgput (requests/sec) = 732.2272 res=false
*==== INFO ====*  stream_id=1553996 latency=0.745623 ms (tx_ts=88844977286386, rx_ts=88844978032009) request_id=9869013 zil_blk_id=1553996 ccf_commit_seqno=9869013 nstreams_done_=388500 config.nstreams=400000 avg_latency=0.9085 ms avg throuhgput (requests/sec) = 732.3329 res=false
*==== INFO ====*  stream_id=1555996 latency=0.827597 ms (tx_ts=88845608322808, rx_ts=88845609150405) request_id=9873684 zil_blk_id=1555996 ccf_commit_seqno=9873684 nstreams_done_=389000 config.nstreams=400000 avg_latency=0.9083 ms avg throuhgput (requests/sec) = 732.4041 res=false
*==== INFO ====*  stream_id=1557996 latency=0.664371 ms (tx_ts=88846245073846, rx_ts=88846245738217) request_id=9878276 zil_blk_id=1557996 ccf_commit_seqno=9878276 nstreams_done_=389500 config.nstreams=400000 avg_latency=0.9081 ms avg throuhgput (requests/sec) = 732.4676 res=false
*==== INFO ====*  stream_id=1559996 latency=0.582790 ms (tx_ts=88846876084202, rx_ts=88846876666992) request_id=9882827 zil_blk_id=1559996 ccf_commit_seqno=9882827 nstreams_done_=390000 config.nstreams=400000 avg_latency=0.9079 ms avg throuhgput (requests/sec) = 732.5387 res=false
*==== INFO ====*  stream_id=1561996 latency=0.596966 ms (tx_ts=88847468286724, rx_ts=88847468883690) request_id=9887430 zil_blk_id=1561996 ccf_commit_seqno=9887430 nstreams_done_=390500 config.nstreams=400000 avg_latency=0.9076 ms avg throuhgput (requests/sec) = 732.6629 res=false
*==== INFO ====*  stream_id=1563996 latency=0.637142 ms (tx_ts=88848098155454, rx_ts=88848098792596) request_id=9891982 zil_blk_id=1563996 ccf_commit_seqno=9891982 nstreams_done_=391000 config.nstreams=400000 avg_latency=0.9074 ms avg throuhgput (requests/sec) = 732.7350 res=false
*==== INFO ====*  stream_id=1565996 latency=0.693817 ms (tx_ts=88848744157989, rx_ts=88848744851806) request_id=9896691 zil_blk_id=1565996 ccf_commit_seqno=9896691 nstreams_done_=391500 config.nstreams=400000 avg_latency=0.9072 ms avg throuhgput (requests/sec) = 732.7848 res=false
*==== INFO ====*  stream_id=1567996 latency=0.722422 ms (tx_ts=88849352174931, rx_ts=88849352897353) request_id=9901226 zil_blk_id=1567996 ccf_commit_seqno=9901227 nstreams_done_=392000 config.nstreams=400000 avg_latency=0.9070 ms avg throuhgput (requests/sec) = 732.8866 res=false
*==== INFO ====*  stream_id=1569996 latency=0.572932 ms (tx_ts=88849962598410, rx_ts=88849963171342) request_id=9905702 zil_blk_id=1569996 ccf_commit_seqno=9905702 nstreams_done_=392500 config.nstreams=400000 avg_latency=0.9067 ms avg throuhgput (requests/sec) = 732.9851 res=false
*==== INFO ====*  stream_id=1571996 latency=0.704407 ms (tx_ts=88850563616567, rx_ts=88850564320974) request_id=9909829 zil_blk_id=1571996 ccf_commit_seqno=9909829 nstreams_done_=393000 config.nstreams=400000 avg_latency=0.9064 ms avg throuhgput (requests/sec) = 733.0958 res=false
*==== INFO ====*  stream_id=1573996 latency=0.655485 ms (tx_ts=88851163746653, rx_ts=88851164402138) request_id=9913908 zil_blk_id=1573996 ccf_commit_seqno=9913908 nstreams_done_=393500 config.nstreams=400000 avg_latency=0.9061 ms avg throuhgput (requests/sec) = 733.2078 res=false
*==== INFO ====*  stream_id=1575996 latency=0.598018 ms (tx_ts=88851767605983, rx_ts=88851768204001) request_id=9917901 zil_blk_id=1575996 ccf_commit_seqno=9917901 nstreams_done_=394000 config.nstreams=400000 avg_latency=0.9059 ms avg throuhgput (requests/sec) = 733.3144 res=false
*==== INFO ====*  stream_id=1577996 latency=0.600904 ms (tx_ts=88852381251163, rx_ts=88852381852067) request_id=9921929 zil_blk_id=1577996 ccf_commit_seqno=9921929 nstreams_done_=394500 config.nstreams=400000 avg_latency=0.9057 ms avg throuhgput (requests/sec) = 733.4074 res=false
*==== INFO ====*  stream_id=1579996 latency=0.777464 ms (tx_ts=88852985822372, rx_ts=88852986599836) request_id=9926028 zil_blk_id=1579996 ccf_commit_seqno=9926029 nstreams_done_=395000 config.nstreams=400000 avg_latency=0.9054 ms avg throuhgput (requests/sec) = 733.5122 res=false
*==== INFO ====*  stream_id=1581996 latency=0.743570 ms (tx_ts=88853601775812, rx_ts=88853602519382) request_id=9930112 zil_blk_id=1581996 ccf_commit_seqno=9930113 nstreams_done_=395500 config.nstreams=400000 avg_latency=0.9052 ms avg throuhgput (requests/sec) = 733.6017 res=false
*==== INFO ====*  stream_id=1583996 latency=0.617595 ms (tx_ts=88854213536468, rx_ts=88854214154063) request_id=9934274 zil_blk_id=1583996 ccf_commit_seqno=9934275 nstreams_done_=396000 config.nstreams=400000 avg_latency=0.9049 ms avg throuhgput (requests/sec) = 733.6967 res=false
*==== INFO ====*  stream_id=1585996 latency=0.728713 ms (tx_ts=88854837320358, rx_ts=88854838049071) request_id=9938330 zil_blk_id=1585996 ccf_commit_seqno=9938331 nstreams_done_=396500 config.nstreams=400000 avg_latency=0.9047 ms avg throuhgput (requests/sec) = 733.7749 res=false
*==== INFO ====*  stream_id=1587996 latency=0.591456 ms (tx_ts=88855456837738, rx_ts=88855457429194) request_id=9942447 zil_blk_id=1587996 ccf_commit_seqno=9942447 nstreams_done_=397000 config.nstreams=400000 avg_latency=0.9045 ms avg throuhgput (requests/sec) = 733.8590 res=false
*==== INFO ====*  stream_id=1589996 latency=0.761273 ms (tx_ts=88856114176791, rx_ts=88856114938064) request_id=9946439 zil_blk_id=1589996 ccf_commit_seqno=9946439 nstreams_done_=397500 config.nstreams=400000 avg_latency=0.9043 ms avg throuhgput (requests/sec) = 733.8913 res=false
*==== INFO ====*  stream_id=1591996 latency=0.735828 ms (tx_ts=88856730816964, rx_ts=88856731552792) request_id=9950503 zil_blk_id=1591996 ccf_commit_seqno=9950504 nstreams_done_=398000 config.nstreams=400000 avg_latency=0.9041 ms avg throuhgput (requests/sec) = 733.9789 res=false
*==== INFO ====*  stream_id=1593996 latency=0.618036 ms (tx_ts=88857347270285, rx_ts=88857347888321) request_id=9954588 zil_blk_id=1593996 ccf_commit_seqno=9954588 nstreams_done_=398500 config.nstreams=400000 avg_latency=0.9038 ms avg throuhgput (requests/sec) = 734.0666 res=false
*==== INFO ====*  stream_id=1595996 latency=0.654464 ms (tx_ts=88857956244087, rx_ts=88857956898551) request_id=9958535 zil_blk_id=1595996 ccf_commit_seqno=9958535 nstreams_done_=399000 config.nstreams=400000 avg_latency=0.9036 ms avg throuhgput (requests/sec) = 734.1640 res=false
*==== INFO ====*  stream_id=1597996 latency=0.612312 ms (tx_ts=88858568147604, rx_ts=88858568759916) request_id=9961987 zil_blk_id=1597996 ccf_commit_seqno=9961987 nstreams_done_=399500 config.nstreams=400000 avg_latency=0.9034 ms avg throuhgput (requests/sec) = 734.2574 res=false
*==== INFO ====* http_end_stream ALL streams done! nstreams_done_=400000 avg_latency=0.9032 ms
*==== INFO ====*  stream_id=1599996 latency=0.723813 ms (tx_ts=88859177014214, rx_ts=88859177738027) request_id=9965466 zil_blk_id=1599996 ccf_commit_seqno=9965466 nstreams_done_=400000 config.nstreams=400000 avg_latency=0.9032 ms avg throuhgput (requests/sec) = 734.3544 res=false
