Uniform: 402 973 1386 1474 1673 
Exponential: -2147483648 -2147483648 -2147483648 -2147483648 -2147483648 
Truncated Normal: 745 804 764 710 817 
*==== INFO ====*  stream_id=1996 latency=0.763889 ms (tx_ts=88315166904201, rx_ts=88315167668090) request_id=12530 zil_blk_id=1996 ccf_commit_seqno=12531 nstreams_done_=500 config.nstreams=400000 avg_latency=0.9043 ms avg throuhgput (requests/sec) = 723.5025 res=false
*==== INFO ====*  stream_id=3996 latency=1.216678 ms (tx_ts=88315885244246, rx_ts=88315886460924) request_id=25508 zil_blk_id=3996 ccf_commit_seqno=25508 nstreams_done_=1000 config.nstreams=400000 avg_latency=0.9262 ms avg throuhgput (requests/sec) = 709.2825 res=false
*==== INFO ====*  stream_id=5996 latency=1.052999 ms (tx_ts=88316571301450, rx_ts=88316572354449) request_id=38606 zil_blk_id=5996 ccf_commit_seqno=38611 nstreams_done_=1500 config.nstreams=400000 avg_latency=0.9018 ms avg throuhgput (requests/sec) = 715.7278 res=false
*==== INFO ====*  stream_id=7996 latency=0.771904 ms (tx_ts=88317263073906, rx_ts=88317263845810) request_id=51688 zil_blk_id=7996 ccf_commit_seqno=51689 nstreams_done_=2000 config.nstreams=400000 avg_latency=0.8968 ms avg throuhgput (requests/sec) = 717.5505 res=false
*==== INFO ====*  stream_id=9996 latency=1.157003 ms (tx_ts=88317919565704, rx_ts=88317920722707) request_id=64492 zil_blk_id=9996 ccf_commit_seqno=64498 nstreams_done_=2500 config.nstreams=400000 avg_latency=0.8816 ms avg throuhgput (requests/sec) = 725.8712 res=false
*==== INFO ====*  stream_id=11996 latency=0.705379 ms (tx_ts=88318624520935, rx_ts=88318625226314) request_id=77501 zil_blk_id=11996 ccf_commit_seqno=77502 nstreams_done_=3000 config.nstreams=400000 avg_latency=0.8856 ms avg throuhgput (requests/sec) = 723.1284 res=false
*==== INFO ====*  stream_id=13996 latency=1.032750 ms (tx_ts=88319339063412, rx_ts=88319340096162) request_id=90253 zil_blk_id=13996 ccf_commit_seqno=90256 nstreams_done_=3500 config.nstreams=400000 avg_latency=0.8953 ms avg throuhgput (requests/sec) = 719.6448 res=false
*==== INFO ====*  stream_id=15996 latency=0.676941 ms (tx_ts=88320089143369, rx_ts=88320089820310) request_id=104711 zil_blk_id=15996 ccf_commit_seqno=104711 nstreams_done_=4000 config.nstreams=400000 avg_latency=0.9049 ms avg throuhgput (requests/sec) = 712.6016 res=false
*==== INFO ====*  stream_id=17996 latency=0.813010 ms (tx_ts=88320768165384, rx_ts=88320768978394) request_id=119157 zil_blk_id=17996 ccf_commit_seqno=119161 nstreams_done_=4500 config.nstreams=400000 avg_latency=0.9005 ms avg throuhgput (requests/sec) = 715.1492 res=false
*==== INFO ====*  stream_id=19996 latency=0.945863 ms (tx_ts=88321516048616, rx_ts=88321516994479) request_id=133570 zil_blk_id=19996 ccf_commit_seqno=133575 nstreams_done_=5000 config.nstreams=400000 avg_latency=0.9124 ms avg throuhgput (requests/sec) = 710.1860 res=false
*==== INFO ====*  stream_id=21996 latency=0.950971 ms (tx_ts=88322257367712, rx_ts=88322258318683) request_id=148522 zil_blk_id=21996 ccf_commit_seqno=148526 nstreams_done_=5500 config.nstreams=400000 avg_latency=0.9154 ms avg throuhgput (requests/sec) = 706.7834 res=false
*==== INFO ====*  stream_id=23996 latency=0.753375 ms (tx_ts=88322996473597, rx_ts=88322997226972) request_id=162777 zil_blk_id=23996 ccf_commit_seqno=162779 nstreams_done_=6000 config.nstreams=400000 avg_latency=0.9216 ms avg throuhgput (requests/sec) = 704.1723 res=false
*==== INFO ====*  stream_id=25996 latency=1.111810 ms (tx_ts=88323683288737, rx_ts=88323684400547) request_id=177046 zil_blk_id=25996 ccf_commit_seqno=177059 nstreams_done_=6500 config.nstreams=400000 avg_latency=0.9175 ms avg throuhgput (requests/sec) = 705.9221 res=false
*==== INFO ====*  stream_id=27996 latency=0.916880 ms (tx_ts=88324360867742, rx_ts=88324361784622) request_id=191369 zil_blk_id=27996 ccf_commit_seqno=191374 nstreams_done_=7000 config.nstreams=400000 avg_latency=0.9134 ms avg throuhgput (requests/sec) = 708.1294 res=false
*==== INFO ====*  stream_id=29996 latency=0.632873 ms (tx_ts=88325031649801, rx_ts=88325032282674) request_id=205761 zil_blk_id=29996 ccf_commit_seqno=205761 nstreams_done_=7500 config.nstreams=400000 avg_latency=0.9098 ms avg throuhgput (requests/sec) = 710.5168 res=false
*==== INFO ====*  stream_id=31996 latency=1.282922 ms (tx_ts=88325763891829, rx_ts=88325765174751) request_id=220493 zil_blk_id=31996 ccf_commit_seqno=220495 nstreams_done_=8000 config.nstreams=400000 avg_latency=0.9115 ms avg throuhgput (requests/sec) = 708.6802 res=false
*==== INFO ====*  stream_id=33996 latency=0.866530 ms (tx_ts=88326482656628, rx_ts=88326483523158) request_id=234691 zil_blk_id=33996 ccf_commit_seqno=234693 nstreams_done_=8500 config.nstreams=400000 avg_latency=0.9149 ms avg throuhgput (requests/sec) = 707.9241 res=false
*==== INFO ====*  stream_id=35996 latency=0.613137 ms (tx_ts=88327130894723, rx_ts=88327131507860) request_id=248893 zil_blk_id=35996 ccf_commit_seqno=248893 nstreams_done_=9000 config.nstreams=400000 avg_latency=0.9085 ms avg throuhgput (requests/sec) = 711.1857 res=false
*==== INFO ====*  stream_id=37996 latency=1.497450 ms (tx_ts=88327853336207, rx_ts=88327854833657) request_id=263248 zil_blk_id=37996 ccf_commit_seqno=263258 nstreams_done_=9500 config.nstreams=400000 avg_latency=0.9123 ms avg throuhgput (requests/sec) = 710.1079 res=false
*==== INFO ====*  stream_id=39996 latency=0.830130 ms (tx_ts=88328605273181, rx_ts=88328606103311) request_id=278086 zil_blk_id=39996 ccf_commit_seqno=278089 nstreams_done_=10000 config.nstreams=400000 avg_latency=0.9159 ms avg throuhgput (requests/sec) = 707.7382 res=false
*==== INFO ====*  stream_id=41996 latency=1.394333 ms (tx_ts=88329315124781, rx_ts=88329316519114) request_id=292495 zil_blk_id=41996 ccf_commit_seqno=292498 nstreams_done_=10500 config.nstreams=400000 avg_latency=0.9166 ms avg throuhgput (requests/sec) = 707.5503 res=false
*==== INFO ====*  stream_id=43996 latency=1.075315 ms (tx_ts=88330005536649, rx_ts=88330006611964) request_id=307250 zil_blk_id=43996 ccf_commit_seqno=307250 nstreams_done_=11000 config.nstreams=400000 avg_latency=0.9138 ms avg throuhgput (requests/sec) = 708.3053 res=false
*==== INFO ====*  stream_id=45996 latency=0.792375 ms (tx_ts=88330650518223, rx_ts=88330651310598) request_id=321314 zil_blk_id=45996 ccf_commit_seqno=321317 nstreams_done_=11500 config.nstreams=400000 avg_latency=0.9099 ms avg throuhgput (requests/sec) = 710.9858 res=false
*==== INFO ====*  stream_id=47996 latency=1.819119 ms (tx_ts=88331415825100, rx_ts=88331417644219) request_id=335781 zil_blk_id=47996 ccf_commit_seqno=335802 nstreams_done_=12000 config.nstreams=400000 avg_latency=0.9162 ms avg throuhgput (requests/sec) = 708.3383 res=false
*==== INFO ====*  stream_id=49996 latency=0.920685 ms (tx_ts=88332161067432, rx_ts=88332161988117) request_id=350625 zil_blk_id=49996 ccf_commit_seqno=350631 nstreams_done_=12500 config.nstreams=400000 avg_latency=0.9179 ms avg throuhgput (requests/sec) = 706.7976 res=false
*==== INFO ====*  stream_id=51996 latency=2.360529 ms (tx_ts=88332898891381, rx_ts=88332901251910) request_id=365084 zil_blk_id=51996 ccf_commit_seqno=365106 nstreams_done_=13000 config.nstreams=400000 avg_latency=0.9212 ms avg throuhgput (requests/sec) = 705.5759 res=false
*==== INFO ====*  stream_id=53996 latency=0.643670 ms (tx_ts=88333631991609, rx_ts=88333632635279) request_id=379343 zil_blk_id=53996 ccf_commit_seqno=379343 nstreams_done_=13500 config.nstreams=400000 avg_latency=0.9236 ms avg throuhgput (requests/sec) = 704.7382 res=false
*==== INFO ====*  stream_id=55996 latency=0.776746 ms (tx_ts=88334334704704, rx_ts=88334335481450) request_id=393722 zil_blk_id=55996 ccf_commit_seqno=393724 nstreams_done_=14000 config.nstreams=400000 avg_latency=0.9238 ms avg throuhgput (requests/sec) = 704.9737 res=false
*==== INFO ====*  stream_id=57996 latency=0.754510 ms (tx_ts=88335033560400, rx_ts=88335034314910) request_id=407877 zil_blk_id=57996 ccf_commit_seqno=407878 nstreams_done_=14500 config.nstreams=400000 avg_latency=0.9236 ms avg throuhgput (requests/sec) = 705.3308 res=false
*==== INFO ====*  stream_id=59996 latency=0.699866 ms (tx_ts=88335778413119, rx_ts=88335779112985) request_id=422577 zil_blk_id=59996 ccf_commit_seqno=422577 nstreams_done_=15000 config.nstreams=400000 avg_latency=0.9254 ms avg throuhgput (requests/sec) = 704.1418 res=false
*==== INFO ====*  stream_id=61996 latency=0.628638 ms (tx_ts=88336506707588, rx_ts=88336507336226) request_id=437137 zil_blk_id=61996 ccf_commit_seqno=437137 nstreams_done_=15500 config.nstreams=400000 avg_latency=0.9267 ms avg throuhgput (requests/sec) = 703.5620 res=false
*==== INFO ====*  stream_id=63996 latency=0.781488 ms (tx_ts=88337188500479, rx_ts=88337189281967) request_id=451611 zil_blk_id=63996 ccf_commit_seqno=451614 nstreams_done_=16000 config.nstreams=400000 avg_latency=0.9249 ms avg throuhgput (requests/sec) = 704.4518 res=false
*==== INFO ====*  stream_id=65996 latency=0.892080 ms (tx_ts=88337896874459, rx_ts=88337897766539) request_id=466136 zil_blk_id=65996 ccf_commit_seqno=466140 nstreams_done_=16500 config.nstreams=400000 avg_latency=0.9246 ms avg throuhgput (requests/sec) = 704.4905 res=false
*==== INFO ====*  stream_id=67996 latency=0.724346 ms (tx_ts=88338622993773, rx_ts=88338623718119) request_id=480391 zil_blk_id=67996 ccf_commit_seqno=480394 nstreams_done_=17000 config.nstreams=400000 avg_latency=0.9265 ms avg throuhgput (requests/sec) = 704.0173 res=false
*==== INFO ====*  stream_id=69996 latency=0.715570 ms (tx_ts=88339341811755, rx_ts=88339342527325) request_id=495258 zil_blk_id=69996 ccf_commit_seqno=495259 nstreams_done_=17500 config.nstreams=400000 avg_latency=0.9263 ms avg throuhgput (requests/sec) = 703.7739 res=false
*==== INFO ====*  stream_id=71996 latency=1.209384 ms (tx_ts=88339984638504, rx_ts=88339985847888) request_id=509523 zil_blk_id=71996 ccf_commit_seqno=509523 nstreams_done_=18000 config.nstreams=400000 avg_latency=0.9228 ms avg throuhgput (requests/sec) = 705.6260 res=false
*==== INFO ====*  stream_id=73996 latency=0.861834 ms (tx_ts=88340743458022, rx_ts=88340744319856) request_id=524093 zil_blk_id=73996 ccf_commit_seqno=524094 nstreams_done_=18500 config.nstreams=400000 avg_latency=0.9257 ms avg throuhgput (requests/sec) = 704.2861 res=false
*==== INFO ====*  stream_id=75996 latency=1.199679 ms (tx_ts=88341478648625, rx_ts=88341479848304) request_id=538472 zil_blk_id=75996 ccf_commit_seqno=538482 nstreams_done_=19000 config.nstreams=400000 avg_latency=0.9270 ms avg throuhgput (requests/sec) = 703.6187 res=false
*==== INFO ====*  stream_id=77996 latency=0.895856 ms (tx_ts=88342209122060, rx_ts=88342210017916) request_id=552815 zil_blk_id=77996 ccf_commit_seqno=552819 nstreams_done_=19500 config.nstreams=400000 avg_latency=0.9276 ms avg throuhgput (requests/sec) = 703.1225 res=false
*==== INFO ====*  stream_id=79996 latency=1.136014 ms (tx_ts=88342927096216, rx_ts=88342928232230) request_id=567404 zil_blk_id=79996 ccf_commit_seqno=567412 nstreams_done_=20000 config.nstreams=400000 avg_latency=0.9282 ms avg throuhgput (requests/sec) = 702.9470 res=false
*==== INFO ====*  stream_id=81996 latency=1.332227 ms (tx_ts=88343633491014, rx_ts=88343634823241) request_id=581491 zil_blk_id=81996 ccf_commit_seqno=581505 nstreams_done_=20500 config.nstreams=400000 avg_latency=0.9283 ms avg throuhgput (requests/sec) = 703.0603 res=false
*==== INFO ====*  stream_id=83996 latency=0.824263 ms (tx_ts=88344413975389, rx_ts=88344414799652) request_id=595784 zil_blk_id=83996 ccf_commit_seqno=595787 nstreams_done_=21000 config.nstreams=400000 avg_latency=0.9317 ms avg throuhgput (requests/sec) = 701.4446 res=false
*==== INFO ====*  stream_id=85996 latency=0.791881 ms (tx_ts=88345111622069, rx_ts=88345112413950) request_id=610154 zil_blk_id=85996 ccf_commit_seqno=610157 nstreams_done_=21500 config.nstreams=400000 avg_latency=0.9310 ms avg throuhgput (requests/sec) = 701.7927 res=false
*==== INFO ====*  stream_id=87996 latency=0.699699 ms (tx_ts=88345826661478, rx_ts=88345827361177) request_id=624849 zil_blk_id=87996 ccf_commit_seqno=624851 nstreams_done_=22000 config.nstreams=400000 avg_latency=0.9301 ms avg throuhgput (requests/sec) = 701.7370 res=false
*==== INFO ====*  stream_id=89996 latency=0.865371 ms (tx_ts=88346576127684, rx_ts=88346576993055) request_id=639533 zil_blk_id=89996 ccf_commit_seqno=639538 nstreams_done_=22500 config.nstreams=400000 avg_latency=0.9318 ms avg throuhgput (requests/sec) = 700.9257 res=false
*==== INFO ====*  stream_id=91996 latency=0.852704 ms (tx_ts=88347298695740, rx_ts=88347299548444) request_id=654147 zil_blk_id=91996 ccf_commit_seqno=654151 nstreams_done_=23000 config.nstreams=400000 avg_latency=0.9321 ms avg throuhgput (requests/sec) = 700.7289 res=false
*==== INFO ====*  stream_id=93996 latency=0.671094 ms (tx_ts=88347923850783, rx_ts=88347924521877) request_id=668326 zil_blk_id=93996 ccf_commit_seqno=668328 nstreams_done_=23500 config.nstreams=400000 avg_latency=0.9287 ms avg throuhgput (requests/sec) = 702.5845 res=false
*==== INFO ====*  stream_id=95996 latency=0.741357 ms (tx_ts=88348636768715, rx_ts=88348637510072) request_id=682649 zil_blk_id=95996 ccf_commit_seqno=682651 nstreams_done_=24000 config.nstreams=400000 avg_latency=0.9288 ms avg throuhgput (requests/sec) = 702.5571 res=false
*==== INFO ====*  stream_id=97996 latency=0.801889 ms (tx_ts=88349334813558, rx_ts=88349335615447) request_id=696887 zil_blk_id=97996 ccf_commit_seqno=696888 nstreams_done_=24500 config.nstreams=400000 avg_latency=0.9283 ms avg throuhgput (requests/sec) = 702.8308 res=false
*==== INFO ====*  stream_id=99996 latency=0.790489 ms (tx_ts=88350075425659, rx_ts=88350076216148) request_id=711187 zil_blk_id=99996 ccf_commit_seqno=711188 nstreams_done_=25000 config.nstreams=400000 avg_latency=0.9295 ms avg throuhgput (requests/sec) = 702.2545 res=false
*==== INFO ====*  stream_id=101996 latency=0.730694 ms (tx_ts=88350823801906, rx_ts=88350824532600) request_id=725968 zil_blk_id=101996 ccf_commit_seqno=725970 nstreams_done_=25500 config.nstreams=400000 avg_latency=0.9301 ms avg throuhgput (requests/sec) = 701.5527 res=false
*==== INFO ====*  stream_id=103996 latency=0.673960 ms (tx_ts=88351564060589, rx_ts=88351564734549) request_id=740667 zil_blk_id=103996 ccf_commit_seqno=740667 nstreams_done_=26000 config.nstreams=400000 avg_latency=0.9308 ms avg throuhgput (requests/sec) = 701.0326 res=false
*==== INFO ====*  stream_id=105996 latency=0.838148 ms (tx_ts=88352262797545, rx_ts=88352263635693) request_id=755226 zil_blk_id=105996 ccf_commit_seqno=755229 nstreams_done_=26500 config.nstreams=400000 avg_latency=0.9299 ms avg throuhgput (requests/sec) = 701.2985 res=false
*==== INFO ====*  stream_id=107996 latency=0.821005 ms (tx_ts=88352957025104, rx_ts=88352957846109) request_id=769374 zil_blk_id=107996 ccf_commit_seqno=769377 nstreams_done_=27000 config.nstreams=400000 avg_latency=0.9294 ms avg throuhgput (requests/sec) = 701.6402 res=false
*==== INFO ====*  stream_id=109996 latency=1.441225 ms (tx_ts=88353709183279, rx_ts=88353710624504) request_id=783841 zil_blk_id=109996 ccf_commit_seqno=783846 nstreams_done_=27500 config.nstreams=400000 avg_latency=0.9307 ms avg throuhgput (requests/sec) = 700.9220 res=false
*==== INFO ====*  stream_id=111996 latency=0.777696 ms (tx_ts=88354453694891, rx_ts=88354454472587) request_id=797919 zil_blk_id=111996 ccf_commit_seqno=797921 nstreams_done_=28000 config.nstreams=400000 avg_latency=0.9322 ms avg throuhgput (requests/sec) = 700.3872 res=false
*==== INFO ====*  stream_id=113996 latency=0.608925 ms (tx_ts=88355202733040, rx_ts=88355203341965) request_id=812717 zil_blk_id=113996 ccf_commit_seqno=812717 nstreams_done_=28500 config.nstreams=400000 avg_latency=0.9331 ms avg throuhgput (requests/sec) = 699.7857 res=false
*==== INFO ====*  stream_id=115996 latency=0.844032 ms (tx_ts=88355937707447, rx_ts=88355938551479) request_id=827175 zil_blk_id=115996 ccf_commit_seqno=827177 nstreams_done_=29000 config.nstreams=400000 avg_latency=0.9340 ms avg throuhgput (requests/sec) = 699.4362 res=false
*==== INFO ====*  stream_id=117996 latency=0.738598 ms (tx_ts=88356655097921, rx_ts=88356655836519) request_id=841619 zil_blk_id=117996 ccf_commit_seqno=841621 nstreams_done_=29500 config.nstreams=400000 avg_latency=0.9340 ms avg throuhgput (requests/sec) = 699.3960 res=false
*==== INFO ====*  stream_id=119996 latency=0.830105 ms (tx_ts=88357325942818, rx_ts=88357326772923) request_id=856055 zil_blk_id=119996 ccf_commit_seqno=856062 nstreams_done_=30000 config.nstreams=400000 avg_latency=0.9325 ms avg throuhgput (requests/sec) = 700.1136 res=false
*==== INFO ====*  stream_id=121996 latency=0.831652 ms (tx_ts=88357994600873, rx_ts=88357995432525) request_id=870638 zil_blk_id=121996 ccf_commit_seqno=870640 nstreams_done_=30500 config.nstreams=400000 avg_latency=0.9308 ms avg throuhgput (requests/sec) = 700.8458 res=false
*==== INFO ====*  stream_id=123996 latency=1.071253 ms (tx_ts=88358678233383, rx_ts=88358679304636) request_id=884880 zil_blk_id=123996 ccf_commit_seqno=884887 nstreams_done_=31000 config.nstreams=400000 avg_latency=0.9297 ms avg throuhgput (requests/sec) = 701.3143 res=false
*==== INFO ====*  stream_id=125996 latency=1.047419 ms (tx_ts=88359414046633, rx_ts=88359415094052) request_id=899581 zil_blk_id=125996 ccf_commit_seqno=899583 nstreams_done_=31500 config.nstreams=400000 avg_latency=0.9303 ms avg throuhgput (requests/sec) = 700.9578 res=false
*==== INFO ====*  stream_id=127996 latency=0.809934 ms (tx_ts=88360153506500, rx_ts=88360154316434) request_id=914136 zil_blk_id=127996 ccf_commit_seqno=914139 nstreams_done_=32000 config.nstreams=400000 avg_latency=0.9309 ms avg throuhgput (requests/sec) = 700.5602 res=false
*==== INFO ====*  stream_id=129996 latency=1.339285 ms (tx_ts=88360876531267, rx_ts=88360877870552) request_id=928912 zil_blk_id=129996 ccf_commit_seqno=928912 nstreams_done_=32500 config.nstreams=400000 avg_latency=0.9311 ms avg throuhgput (requests/sec) = 700.4116 res=false
*==== INFO ====*  stream_id=131996 latency=0.834181 ms (tx_ts=88361636527318, rx_ts=88361637361499) request_id=943629 zil_blk_id=131996 ccf_commit_seqno=943631 nstreams_done_=33000 config.nstreams=400000 avg_latency=0.9325 ms avg throuhgput (requests/sec) = 699.7340 res=false
*==== INFO ====*  stream_id=133996 latency=0.746817 ms (tx_ts=88362424882095, rx_ts=88362425628912) request_id=958310 zil_blk_id=133996 ccf_commit_seqno=958312 nstreams_done_=33500 config.nstreams=400000 avg_latency=0.9349 ms avg throuhgput (requests/sec) = 698.6584 res=false
*==== INFO ====*  stream_id=135996 latency=0.622858 ms (tx_ts=88363173670303, rx_ts=88363174293161) request_id=972928 zil_blk_id=135996 ccf_commit_seqno=972930 nstreams_done_=34000 config.nstreams=400000 avg_latency=0.9358 ms avg throuhgput (requests/sec) = 698.1848 res=false
*==== INFO ====*  stream_id=137996 latency=0.934819 ms (tx_ts=88363916354737, rx_ts=88363917289556) request_id=987568 zil_blk_id=137996 ccf_commit_seqno=987575 nstreams_done_=34500 config.nstreams=400000 avg_latency=0.9364 ms avg throuhgput (requests/sec) = 697.8056 res=false
*==== INFO ====*  stream_id=139996 latency=1.130905 ms (tx_ts=88364573809128, rx_ts=88364574940033) request_id=1002010 zil_blk_id=139996 ccf_commit_seqno=1002011 nstreams_done_=35000 config.nstreams=400000 avg_latency=0.9347 ms avg throuhgput (requests/sec) = 698.6257 res=false
*==== INFO ====*  stream_id=141996 latency=0.656087 ms (tx_ts=88365297312408, rx_ts=88365297968495) request_id=1016262 zil_blk_id=141996 ccf_commit_seqno=1016262 nstreams_done_=35500 config.nstreams=400000 avg_latency=0.9353 ms avg throuhgput (requests/sec) = 698.5249 res=false
*==== INFO ====*  stream_id=143996 latency=1.113151 ms (tx_ts=88365947995488, rx_ts=88365949108639) request_id=1030478 zil_blk_id=143996 ccf_commit_seqno=1030488 nstreams_done_=36000 config.nstreams=400000 avg_latency=0.9336 ms avg throuhgput (requests/sec) = 699.4023 res=false
*==== INFO ====*  stream_id=145996 latency=0.725951 ms (tx_ts=88366678952457, rx_ts=88366679678408) request_id=1045068 zil_blk_id=145996 ccf_commit_seqno=1045071 nstreams_done_=36500 config.nstreams=400000 avg_latency=0.9338 ms avg throuhgput (requests/sec) = 699.1923 res=false
*==== INFO ====*  stream_id=147996 latency=0.805676 ms (tx_ts=88367372863422, rx_ts=88367373669098) request_id=1059329 zil_blk_id=147996 ccf_commit_seqno=1059331 nstreams_done_=37000 config.nstreams=400000 avg_latency=0.9336 ms avg throuhgput (requests/sec) = 699.4715 res=false
*==== INFO ====*  stream_id=149996 latency=0.824724 ms (tx_ts=88368076778430, rx_ts=88368077603154) request_id=1073702 zil_blk_id=149996 ccf_commit_seqno=1073705 nstreams_done_=37500 config.nstreams=400000 avg_latency=0.9336 ms avg throuhgput (requests/sec) = 699.6136 res=false
*==== INFO ====*  stream_id=151996 latency=0.785969 ms (tx_ts=88368795413469, rx_ts=88368796199438) request_id=1088024 zil_blk_id=151996 ccf_commit_seqno=1088027 nstreams_done_=38000 config.nstreams=400000 avg_latency=0.9338 ms avg throuhgput (requests/sec) = 699.5631 res=false
*==== INFO ====*  stream_id=153996 latency=0.599920 ms (tx_ts=88369476373536, rx_ts=88369476973456) request_id=1102262 zil_blk_id=153996 ccf_commit_seqno=1102262 nstreams_done_=38500 config.nstreams=400000 avg_latency=0.9332 ms avg throuhgput (requests/sec) = 699.9951 res=false
*==== INFO ====*  stream_id=155996 latency=0.849308 ms (tx_ts=88370196296544, rx_ts=88370197145852) request_id=1116614 zil_blk_id=155996 ccf_commit_seqno=1116620 nstreams_done_=39000 config.nstreams=400000 avg_latency=0.9333 ms avg throuhgput (requests/sec) = 699.9212 res=false
*==== INFO ====*  stream_id=157996 latency=1.086278 ms (tx_ts=88370894229169, rx_ts=88370895315447) request_id=1130880 zil_blk_id=157996 ccf_commit_seqno=1130885 nstreams_done_=39500 config.nstreams=400000 avg_latency=0.9332 ms avg throuhgput (requests/sec) = 700.1221 res=false
*==== INFO ====*  stream_id=159996 latency=0.753238 ms (tx_ts=88371597722681, rx_ts=88371598475919) request_id=1145487 zil_blk_id=159996 ccf_commit_seqno=1145490 nstreams_done_=40000 config.nstreams=400000 avg_latency=0.9327 ms avg throuhgput (requests/sec) = 700.2569 res=false
*==== INFO ====*  stream_id=161996 latency=1.292226 ms (tx_ts=88372323376097, rx_ts=88372324668323) request_id=1159954 zil_blk_id=161996 ccf_commit_seqno=1159958 nstreams_done_=40500 config.nstreams=400000 avg_latency=0.9332 ms avg throuhgput (requests/sec) = 700.1096 res=false
*==== INFO ====*  stream_id=163996 latency=1.267409 ms (tx_ts=88373018930222, rx_ts=88373020197631) request_id=1174335 zil_blk_id=163996 ccf_commit_seqno=1174335 nstreams_done_=41000 config.nstreams=400000 avg_latency=0.9329 ms avg throuhgput (requests/sec) = 700.3326 res=false
*==== INFO ====*  stream_id=165996 latency=0.646899 ms (tx_ts=88373775878216, rx_ts=88373776525115) request_id=1188972 zil_blk_id=165996 ccf_commit_seqno=1188972 nstreams_done_=41500 config.nstreams=400000 avg_latency=0.9336 ms avg throuhgput (requests/sec) = 699.8321 res=false
*==== INFO ====*  stream_id=167996 latency=0.617272 ms (tx_ts=88374465317961, rx_ts=88374465935233) request_id=1203561 zil_blk_id=167996 ccf_commit_seqno=1203562 nstreams_done_=42000 config.nstreams=400000 avg_latency=0.9328 ms avg throuhgput (requests/sec) = 700.1243 res=false
*==== INFO ====*  stream_id=169996 latency=0.675954 ms (tx_ts=88375153021348, rx_ts=88375153697302) request_id=1217957 zil_blk_id=169996 ccf_commit_seqno=1217958 nstreams_done_=42500 config.nstreams=400000 avg_latency=0.9324 ms avg throuhgput (requests/sec) = 700.4289 res=false
*==== INFO ====*  stream_id=171996 latency=0.759030 ms (tx_ts=88375811936895, rx_ts=88375812695925) request_id=1232462 zil_blk_id=171996 ccf_commit_seqno=1232462 nstreams_done_=43000 config.nstreams=400000 avg_latency=0.9310 ms avg throuhgput (requests/sec) = 701.0552 res=false
*==== INFO ====*  stream_id=173996 latency=0.645911 ms (tx_ts=88376499079633, rx_ts=88376499725544) request_id=1247171 zil_blk_id=173996 ccf_commit_seqno=1247172 nstreams_done_=43500 config.nstreams=400000 avg_latency=0.9305 ms avg throuhgput (requests/sec) = 701.3511 res=false
*==== INFO ====*  stream_id=175996 latency=0.774158 ms (tx_ts=88377176813658, rx_ts=88377177587816) request_id=1261506 zil_blk_id=175996 ccf_commit_seqno=1261509 nstreams_done_=44000 config.nstreams=400000 avg_latency=0.9297 ms avg throuhgput (requests/sec) = 701.7432 res=false
*==== INFO ====*  stream_id=177996 latency=1.426959 ms (tx_ts=88377819047755, rx_ts=88377820474714) request_id=1275418 zil_blk_id=177996 ccf_commit_seqno=1275422 nstreams_done_=44500 config.nstreams=400000 avg_latency=0.9286 ms avg throuhgput (requests/sec) = 702.5145 res=false
*==== INFO ====*  stream_id=179996 latency=0.965117 ms (tx_ts=88378570861001, rx_ts=88378571826118) request_id=1289733 zil_blk_id=179996 ccf_commit_seqno=1289733 nstreams_done_=45000 config.nstreams=400000 avg_latency=0.9297 ms avg throuhgput (requests/sec) = 702.0802 res=false
*==== INFO ====*  stream_id=181996 latency=1.269304 ms (tx_ts=88379337175609, rx_ts=88379338444913) request_id=1304371 zil_blk_id=181996 ccf_commit_seqno=1304377 nstreams_done_=45500 config.nstreams=400000 avg_latency=0.9308 ms avg throuhgput (requests/sec) = 701.4908 res=false
*==== INFO ====*  stream_id=183996 latency=1.210976 ms (tx_ts=88380052927245, rx_ts=88380054138221) request_id=1318694 zil_blk_id=183996 ccf_commit_seqno=1318703 nstreams_done_=46000 config.nstreams=400000 avg_latency=0.9310 ms avg throuhgput (requests/sec) = 701.4595 res=false
*==== INFO ====*  stream_id=185996 latency=0.599190 ms (tx_ts=88380750622583, rx_ts=88380751221773) request_id=1333044 zil_blk_id=185996 ccf_commit_seqno=1333046 nstreams_done_=46500 config.nstreams=400000 avg_latency=0.9309 ms avg throuhgput (requests/sec) = 701.6259 res=false
*==== INFO ====*  stream_id=187996 latency=0.667789 ms (tx_ts=88381419380690, rx_ts=88381420048479) request_id=1347396 zil_blk_id=187996 ccf_commit_seqno=1347399 nstreams_done_=47000 config.nstreams=400000 avg_latency=0.9299 ms avg throuhgput (requests/sec) = 702.0850 res=false
*==== INFO ====*  stream_id=189996 latency=0.729615 ms (tx_ts=88382140730560, rx_ts=88382141460175) request_id=1362072 zil_blk_id=189996 ccf_commit_seqno=1362073 nstreams_done_=47500 config.nstreams=400000 avg_latency=0.9299 ms avg throuhgput (requests/sec) = 701.9890 res=false
*==== INFO ====*  stream_id=191996 latency=0.706800 ms (tx_ts=88382853362763, rx_ts=88382854069563) request_id=1376379 zil_blk_id=191996 ccf_commit_seqno=1376379 nstreams_done_=48000 config.nstreams=400000 avg_latency=0.9299 ms avg throuhgput (requests/sec) = 701.9855 res=false
*==== INFO ====*  stream_id=193996 latency=0.581628 ms (tx_ts=88383566675782, rx_ts=88383567257410) request_id=1390813 zil_blk_id=193996 ccf_commit_seqno=1390813 nstreams_done_=48500 config.nstreams=400000 avg_latency=0.9298 ms avg throuhgput (requests/sec) = 701.9761 res=false
*==== INFO ====*  stream_id=195996 latency=0.921704 ms (tx_ts=88384248307554, rx_ts=88384249229258) request_id=1405210 zil_blk_id=195996 ccf_commit_seqno=1405215 nstreams_done_=49000 config.nstreams=400000 avg_latency=0.9293 ms avg throuhgput (requests/sec) = 702.2810 res=false
*==== INFO ====*  stream_id=197996 latency=0.886183 ms (tx_ts=88384920746838, rx_ts=88384921633021) request_id=1419373 zil_blk_id=197996 ccf_commit_seqno=1419379 nstreams_done_=49500 config.nstreams=400000 avg_latency=0.9286 ms avg throuhgput (requests/sec) = 702.6754 res=false
*==== INFO ====*  stream_id=199996 latency=1.020687 ms (tx_ts=88385675717678, rx_ts=88385676738365) request_id=1433881 zil_blk_id=199996 ccf_commit_seqno=1433888 nstreams_done_=50000 config.nstreams=400000 avg_latency=0.9294 ms avg throuhgput (requests/sec) = 702.2457 res=false
*==== INFO ====*  stream_id=201996 latency=0.843077 ms (tx_ts=88386446605173, rx_ts=88386447448250) request_id=1448286 zil_blk_id=201996 ccf_commit_seqno=1448289 nstreams_done_=50500 config.nstreams=400000 avg_latency=0.9304 ms avg throuhgput (requests/sec) = 701.6728 res=false
*==== INFO ====*  stream_id=203996 latency=0.853346 ms (tx_ts=88387206343522, rx_ts=88387207196868) request_id=1462677 zil_blk_id=203996 ccf_commit_seqno=1462680 nstreams_done_=51000 config.nstreams=400000 avg_latency=0.9314 ms avg throuhgput (requests/sec) = 701.2178 res=false
*==== INFO ====*  stream_id=205996 latency=1.620181 ms (tx_ts=88387914365224, rx_ts=88387915985405) request_id=1477281 zil_blk_id=205996 ccf_commit_seqno=1477301 nstreams_done_=51500 config.nstreams=400000 avg_latency=0.9312 ms avg throuhgput (requests/sec) = 701.2585 res=false
*==== INFO ====*  stream_id=207996 latency=1.003327 ms (tx_ts=88388641337596, rx_ts=88388642340923) request_id=1492009 zil_blk_id=207996 ccf_commit_seqno=1492016 nstreams_done_=52000 config.nstreams=400000 avg_latency=0.9312 ms avg throuhgput (requests/sec) = 701.1322 res=false
*==== INFO ====*  stream_id=209996 latency=0.582960 ms (tx_ts=88389378262584, rx_ts=88389378845544) request_id=1506564 zil_blk_id=209996 ccf_commit_seqno=1506564 nstreams_done_=52500 config.nstreams=400000 avg_latency=0.9315 ms avg throuhgput (requests/sec) = 700.9134 res=false
*==== INFO ====*  stream_id=211996 latency=0.882175 ms (tx_ts=88390109096752, rx_ts=88390109978927) request_id=1520948 zil_blk_id=211996 ccf_commit_seqno=1520953 nstreams_done_=53000 config.nstreams=400000 avg_latency=0.9321 ms avg throuhgput (requests/sec) = 700.7487 res=false
*==== INFO ====*  stream_id=213996 latency=1.388788 ms (tx_ts=88390871325500, rx_ts=88390872714288) request_id=1535529 zil_blk_id=213996 ccf_commit_seqno=1535546 nstreams_done_=53500 config.nstreams=400000 avg_latency=0.9330 ms avg throuhgput (requests/sec) = 700.2973 res=false
*==== INFO ====*  stream_id=215996 latency=0.679781 ms (tx_ts=88391529319508, rx_ts=88391529999289) request_id=1550076 zil_blk_id=215996 ccf_commit_seqno=1550076 nstreams_done_=54000 config.nstreams=400000 avg_latency=0.9319 ms avg throuhgput (requests/sec) = 700.8126 res=false
*==== INFO ====*  stream_id=217996 latency=0.665865 ms (tx_ts=88392198434736, rx_ts=88392199100601) request_id=1564748 zil_blk_id=217996 ccf_commit_seqno=1564748 nstreams_done_=54500 config.nstreams=400000 avg_latency=0.9309 ms avg throuhgput (requests/sec) = 701.2125 res=false
*==== INFO ====*  stream_id=219996 latency=0.679122 ms (tx_ts=88392919263444, rx_ts=88392919942566) request_id=1579112 zil_blk_id=219996 ccf_commit_seqno=1579112 nstreams_done_=55000 config.nstreams=400000 avg_latency=0.9313 ms avg throuhgput (requests/sec) = 701.1429 res=false
*==== INFO ====*  stream_id=221996 latency=0.844892 ms (tx_ts=88393654040530, rx_ts=88393654885422) request_id=1593557 zil_blk_id=221996 ccf_commit_seqno=1593559 nstreams_done_=55500 config.nstreams=400000 avg_latency=0.9318 ms avg throuhgput (requests/sec) = 700.9496 res=false
*==== INFO ====*  stream_id=223996 latency=0.798492 ms (tx_ts=88394314782411, rx_ts=88394315580903) request_id=1607397 zil_blk_id=223996 ccf_commit_seqno=1607398 nstreams_done_=56000 config.nstreams=400000 avg_latency=0.9312 ms avg throuhgput (requests/sec) = 701.4116 res=false
*==== INFO ====*  stream_id=225996 latency=1.351884 ms (tx_ts=88395003401224, rx_ts=88395004753108) request_id=1621906 zil_blk_id=225996 ccf_commit_seqno=1621911 nstreams_done_=56500 config.nstreams=400000 avg_latency=0.9307 ms avg throuhgput (requests/sec) = 701.6179 res=false
*==== INFO ====*  stream_id=227996 latency=1.397487 ms (tx_ts=88395736090987, rx_ts=88395737488474) request_id=1636213 zil_blk_id=227996 ccf_commit_seqno=1636229 nstreams_done_=57000 config.nstreams=400000 avg_latency=0.9310 ms avg throuhgput (requests/sec) = 701.4443 res=false
*==== INFO ====*  stream_id=229996 latency=0.874938 ms (tx_ts=88396455555840, rx_ts=88396456430778) request_id=1650438 zil_blk_id=229996 ccf_commit_seqno=1650440 nstreams_done_=57500 config.nstreams=400000 avg_latency=0.9313 ms avg throuhgput (requests/sec) = 701.3919 res=false
*==== INFO ====*  stream_id=231996 latency=0.926908 ms (tx_ts=88397212464174, rx_ts=88397213391082) request_id=1665519 zil_blk_id=231996 ccf_commit_seqno=1665519 nstreams_done_=58000 config.nstreams=400000 avg_latency=0.9317 ms avg throuhgput (requests/sec) = 701.0181 res=false
*==== INFO ====*  stream_id=233996 latency=0.739275 ms (tx_ts=88397904843972, rx_ts=88397905583247) request_id=1679823 zil_blk_id=233996 ccf_commit_seqno=1679823 nstreams_done_=58500 config.nstreams=400000 avg_latency=0.9315 ms avg throuhgput (requests/sec) = 701.1950 res=false
*==== INFO ====*  stream_id=235996 latency=1.026072 ms (tx_ts=88398583837662, rx_ts=88398584863734) request_id=1694627 zil_blk_id=235996 ccf_commit_seqno=1694628 nstreams_done_=59000 config.nstreams=400000 avg_latency=0.9306 ms avg throuhgput (requests/sec) = 701.4767 res=false
*==== INFO ====*  stream_id=237996 latency=0.568129 ms (tx_ts=88399336791290, rx_ts=88399337359419) request_id=1709497 zil_blk_id=237996 ccf_commit_seqno=1709497 nstreams_done_=59500 config.nstreams=400000 avg_latency=0.9311 ms avg throuhgput (requests/sec) = 701.1484 res=false
*==== INFO ====*  stream_id=239996 latency=0.731458 ms (tx_ts=88400038306380, rx_ts=88400039037838) request_id=1723658 zil_blk_id=239996 ccf_commit_seqno=1723659 nstreams_done_=60000 config.nstreams=400000 avg_latency=0.9310 ms avg throuhgput (requests/sec) = 701.2422 res=false
*==== INFO ====*  stream_id=241996 latency=0.836157 ms (tx_ts=88400773751887, rx_ts=88400774588044) request_id=1738311 zil_blk_id=241996 ccf_commit_seqno=1738312 nstreams_done_=60500 config.nstreams=400000 avg_latency=0.9311 ms avg throuhgput (requests/sec) = 701.0591 res=false
*==== INFO ====*  stream_id=243996 latency=0.908840 ms (tx_ts=88401468331798, rx_ts=88401469240638) request_id=1752704 zil_blk_id=243996 ccf_commit_seqno=1752705 nstreams_done_=61000 config.nstreams=400000 avg_latency=0.9308 ms avg throuhgput (requests/sec) = 701.2086 res=false
*==== INFO ====*  stream_id=245996 latency=1.423253 ms (tx_ts=88402233310568, rx_ts=88402234733821) request_id=1767657 zil_blk_id=245996 ccf_commit_seqno=1767658 nstreams_done_=61500 config.nstreams=400000 avg_latency=0.9313 ms avg throuhgput (requests/sec) = 700.7896 res=false
*==== INFO ====*  stream_id=247996 latency=0.771102 ms (tx_ts=88402923289869, rx_ts=88402924060971) request_id=1781832 zil_blk_id=247996 ccf_commit_seqno=1781833 nstreams_done_=62000 config.nstreams=400000 avg_latency=0.9312 ms avg throuhgput (requests/sec) = 700.9810 res=false
*==== INFO ====*  stream_id=249996 latency=0.599250 ms (tx_ts=88403684316681, rx_ts=88403684915931) request_id=1796991 zil_blk_id=249996 ccf_commit_seqno=1796992 nstreams_done_=62500 config.nstreams=400000 avg_latency=0.9317 ms avg throuhgput (requests/sec) = 700.6072 res=false
*==== INFO ====*  stream_id=251996 latency=8.623058 ms (tx_ts=88404439938412, rx_ts=88404448561470) request_id=1811528 zil_blk_id=251996 ccf_commit_seqno=1811532 nstreams_done_=63000 config.nstreams=400000 avg_latency=0.9325 ms avg throuhgput (requests/sec) = 700.2180 res=false
*==== INFO ====*  stream_id=253996 latency=0.704972 ms (tx_ts=88405142427202, rx_ts=88405143132174) request_id=1825830 zil_blk_id=253996 ccf_commit_seqno=1825831 nstreams_done_=63500 config.nstreams=400000 avg_latency=0.9323 ms avg throuhgput (requests/sec) = 700.3686 res=false
*==== INFO ====*  stream_id=255996 latency=0.745895 ms (tx_ts=88405829609769, rx_ts=88405830355664) request_id=1840120 zil_blk_id=255996 ccf_commit_seqno=1840120 nstreams_done_=64000 config.nstreams=400000 avg_latency=0.9319 ms avg throuhgput (requests/sec) = 700.5732 res=false
*==== INFO ====*  stream_id=257996 latency=0.823621 ms (tx_ts=88406535254856, rx_ts=88406536078477) request_id=1854505 zil_blk_id=257996 ccf_commit_seqno=1854505 nstreams_done_=64500 config.nstreams=400000 avg_latency=0.9318 ms avg throuhgput (requests/sec) = 700.6339 res=false
*==== INFO ====*  stream_id=259996 latency=0.822095 ms (tx_ts=88407211652531, rx_ts=88407212474626) request_id=1869012 zil_blk_id=259996 ccf_commit_seqno=1869014 nstreams_done_=65000 config.nstreams=400000 avg_latency=0.9313 ms avg throuhgput (requests/sec) = 700.9153 res=false
*==== INFO ====*  stream_id=261996 latency=1.569428 ms (tx_ts=88407934720258, rx_ts=88407936289686) request_id=1883343 zil_blk_id=261996 ccf_commit_seqno=1883354 nstreams_done_=65500 config.nstreams=400000 avg_latency=0.9314 ms avg throuhgput (requests/sec) = 700.8368 res=false
*==== INFO ====*  stream_id=263996 latency=1.032554 ms (tx_ts=88408630015120, rx_ts=88408631047674) request_id=1897494 zil_blk_id=263996 ccf_commit_seqno=1897497 nstreams_done_=66000 config.nstreams=400000 avg_latency=0.9312 ms avg throuhgput (requests/sec) = 700.9758 res=false
*==== INFO ====*  stream_id=265996 latency=0.669302 ms (tx_ts=88409368098935, rx_ts=88409368768237) request_id=1911841 zil_blk_id=265996 ccf_commit_seqno=1911842 nstreams_done_=66500 config.nstreams=400000 avg_latency=0.9317 ms avg throuhgput (requests/sec) = 700.7953 res=false
*==== INFO ====*  stream_id=267996 latency=1.732613 ms (tx_ts=88410078051340, rx_ts=88410079783953) request_id=1925927 zil_blk_id=267996 ccf_commit_seqno=1925946 nstreams_done_=67000 config.nstreams=400000 avg_latency=0.9318 ms avg throuhgput (requests/sec) = 700.8134 res=false
*==== INFO ====*  stream_id=269996 latency=0.855267 ms (tx_ts=88410791121046, rx_ts=88410791976313) request_id=1940565 zil_blk_id=269996 ccf_commit_seqno=1940569 nstreams_done_=67500 config.nstreams=400000 avg_latency=0.9318 ms avg throuhgput (requests/sec) = 700.8226 res=false
*==== INFO ====*  stream_id=271996 latency=1.024367 ms (tx_ts=88411521589283, rx_ts=88411522613650) request_id=1955367 zil_blk_id=271996 ccf_commit_seqno=1955368 nstreams_done_=68000 config.nstreams=400000 avg_latency=0.9320 ms avg throuhgput (requests/sec) = 700.6984 res=false
*==== INFO ====*  stream_id=273996 latency=1.223825 ms (tx_ts=88412277935853, rx_ts=88412279159678) request_id=1970033 zil_blk_id=273996 ccf_commit_seqno=1970044 nstreams_done_=68500 config.nstreams=400000 avg_latency=0.9326 ms avg throuhgput (requests/sec) = 700.3906 res=false
*==== INFO ====*  stream_id=275996 latency=0.656872 ms (tx_ts=88413048367962, rx_ts=88413049024834) request_id=1984561 zil_blk_id=275996 ccf_commit_seqno=1984561 nstreams_done_=69000 config.nstreams=400000 avg_latency=0.9332 ms avg throuhgput (requests/sec) = 699.9928 res=false
*==== INFO ====*  stream_id=277996 latency=0.941918 ms (tx_ts=88413810661795, rx_ts=88413811603713) request_id=1999084 zil_blk_id=277996 ccf_commit_seqno=1999086 nstreams_done_=69500 config.nstreams=400000 avg_latency=0.9339 ms avg throuhgput (requests/sec) = 699.6526 res=false
*==== INFO ====*  stream_id=279996 latency=0.834607 ms (tx_ts=88414512980523, rx_ts=88414513815130) request_id=2013939 zil_blk_id=279996 ccf_commit_seqno=2013940 nstreams_done_=70000 config.nstreams=400000 avg_latency=0.9336 ms avg throuhgput (requests/sec) = 699.7395 res=false
*==== INFO ====*  stream_id=281996 latency=0.706113 ms (tx_ts=88415230888269, rx_ts=88415231594382) request_id=2028413 zil_blk_id=281996 ccf_commit_seqno=2028414 nstreams_done_=70500 config.nstreams=400000 avg_latency=0.9336 ms avg throuhgput (requests/sec) = 699.7171 res=false
*==== INFO ====*  stream_id=283996 latency=0.829932 ms (tx_ts=88415906887345, rx_ts=88415907717277) request_id=2042760 zil_blk_id=283996 ccf_commit_seqno=2042763 nstreams_done_=71000 config.nstreams=400000 avg_latency=0.9333 ms avg throuhgput (requests/sec) = 699.9823 res=false
*==== INFO ====*  stream_id=285996 latency=0.972115 ms (tx_ts=88416574630341, rx_ts=88416575602456) request_id=2057630 zil_blk_id=285996 ccf_commit_seqno=2057635 nstreams_done_=71500 config.nstreams=400000 avg_latency=0.9325 ms avg throuhgput (requests/sec) = 700.3006 res=false
*==== INFO ====*  stream_id=287996 latency=0.657389 ms (tx_ts=88417257476809, rx_ts=88417258134198) request_id=2072183 zil_blk_id=287996 ccf_commit_seqno=2072183 nstreams_done_=72000 config.nstreams=400000 avg_latency=0.9321 ms avg throuhgput (requests/sec) = 700.5148 res=false
*==== INFO ====*  stream_id=289996 latency=0.959364 ms (tx_ts=88417976334673, rx_ts=88417977294037) request_id=2086807 zil_blk_id=289996 ccf_commit_seqno=2086808 nstreams_done_=72500 config.nstreams=400000 avg_latency=0.9319 ms avg throuhgput (requests/sec) = 700.4783 res=false
*==== INFO ====*  stream_id=291996 latency=0.674222 ms (tx_ts=88418736251035, rx_ts=88418736925257) request_id=2101270 zil_blk_id=291996 ccf_commit_seqno=2101272 nstreams_done_=73000 config.nstreams=400000 avg_latency=0.9326 ms avg throuhgput (requests/sec) = 700.1704 res=false
*==== INFO ====*  stream_id=293996 latency=0.858298 ms (tx_ts=88419456831327, rx_ts=88419457689625) request_id=2115819 zil_blk_id=293996 ccf_commit_seqno=2115820 nstreams_done_=73500 config.nstreams=400000 avg_latency=0.9326 ms avg throuhgput (requests/sec) = 700.1260 res=false
*==== INFO ====*  stream_id=295996 latency=0.824273 ms (tx_ts=88420170550921, rx_ts=88420171375194) request_id=2130462 zil_blk_id=295996 ccf_commit_seqno=2130463 nstreams_done_=74000 config.nstreams=400000 avg_latency=0.9326 ms avg throuhgput (requests/sec) = 700.1291 res=false
*==== INFO ====*  stream_id=297996 latency=0.711225 ms (tx_ts=88420843322907, rx_ts=88420844034132) request_id=2144856 zil_blk_id=297996 ccf_commit_seqno=2144856 nstreams_done_=74500 config.nstreams=400000 avg_latency=0.9320 ms avg throuhgput (requests/sec) = 700.4022 res=false
*==== INFO ====*  stream_id=299996 latency=1.604791 ms (tx_ts=88421583894011, rx_ts=88421585498802) request_id=2159430 zil_blk_id=299996 ccf_commit_seqno=2159451 nstreams_done_=75000 config.nstreams=400000 avg_latency=0.9324 ms avg throuhgput (requests/sec) = 700.2218 res=false
*==== INFO ====*  stream_id=301996 latency=0.901834 ms (tx_ts=88422302843916, rx_ts=88422303745750) request_id=2173915 zil_blk_id=301996 ccf_commit_seqno=2173916 nstreams_done_=75500 config.nstreams=400000 avg_latency=0.9325 ms avg throuhgput (requests/sec) = 700.1946 res=false
*==== INFO ====*  stream_id=303996 latency=0.864060 ms (tx_ts=88423045781364, rx_ts=88423046645424) request_id=2188512 zil_blk_id=303996 ccf_commit_seqno=2188516 nstreams_done_=76000 config.nstreams=400000 avg_latency=0.9327 ms avg throuhgput (requests/sec) = 700.0088 res=false
*==== INFO ====*  stream_id=305996 latency=0.660478 ms (tx_ts=88423751510980, rx_ts=88423752171458) request_id=2202865 zil_blk_id=305996 ccf_commit_seqno=2202866 nstreams_done_=76500 config.nstreams=400000 avg_latency=0.9323 ms avg throuhgput (requests/sec) = 700.0649 res=false
*==== INFO ====*  stream_id=307996 latency=0.699612 ms (tx_ts=88424476361665, rx_ts=88424477061277) request_id=2217267 zil_blk_id=307996 ccf_commit_seqno=2217271 nstreams_done_=77000 config.nstreams=400000 avg_latency=0.9327 ms avg throuhgput (requests/sec) = 699.9970 res=false
*==== INFO ====*  stream_id=309996 latency=0.648152 ms (tx_ts=88425186719756, rx_ts=88425187367908) request_id=2232095 zil_blk_id=309996 ccf_commit_seqno=2232095 nstreams_done_=77500 config.nstreams=400000 avg_latency=0.9325 ms avg throuhgput (requests/sec) = 700.0222 res=false
*==== INFO ====*  stream_id=311996 latency=0.811317 ms (tx_ts=88425878535979, rx_ts=88425879347296) request_id=2246530 zil_blk_id=311996 ccf_commit_seqno=2246530 nstreams_done_=78000 config.nstreams=400000 avg_latency=0.9320 ms avg throuhgput (requests/sec) = 700.1622 res=false
*==== INFO ====*  stream_id=313996 latency=0.741098 ms (tx_ts=88426549406897, rx_ts=88426550147995) request_id=2260470 zil_blk_id=313996 ccf_commit_seqno=2260471 nstreams_done_=78500 config.nstreams=400000 avg_latency=0.9316 ms avg throuhgput (requests/sec) = 700.4328 res=false
*==== INFO ====*  stream_id=315996 latency=0.677818 ms (tx_ts=88427200060768, rx_ts=88427200738586) request_id=2274479 zil_blk_id=315996 ccf_commit_seqno=2274481 nstreams_done_=79000 config.nstreams=400000 avg_latency=0.9310 ms avg throuhgput (requests/sec) = 700.8258 res=false
*==== INFO ====*  stream_id=317996 latency=0.815746 ms (tx_ts=88427939124334, rx_ts=88427939940080) request_id=2289141 zil_blk_id=317996 ccf_commit_seqno=2289142 nstreams_done_=79500 config.nstreams=400000 avg_latency=0.9313 ms avg throuhgput (requests/sec) = 700.6668 res=false
*==== INFO ====*  stream_id=319996 latency=1.617077 ms (tx_ts=88428650718360, rx_ts=88428652335437) request_id=2303604 zil_blk_id=319996 ccf_commit_seqno=2303618 nstreams_done_=80000 config.nstreams=400000 avg_latency=0.9313 ms avg throuhgput (requests/sec) = 700.6742 res=false
*==== INFO ====*  stream_id=321996 latency=1.071144 ms (tx_ts=88429398971212, rx_ts=88429400042356) request_id=2318072 zil_blk_id=321996 ccf_commit_seqno=2318074 nstreams_done_=80500 config.nstreams=400000 avg_latency=0.9316 ms avg throuhgput (requests/sec) = 700.4662 res=false
*==== INFO ====*  stream_id=323996 latency=1.843943 ms (tx_ts=88430112637840, rx_ts=88430114481783) request_id=2332618 zil_blk_id=323996 ccf_commit_seqno=2332626 nstreams_done_=81000 config.nstreams=400000 avg_latency=0.9317 ms avg throuhgput (requests/sec) = 700.4624 res=false
*==== INFO ====*  stream_id=325996 latency=1.382910 ms (tx_ts=88430832495144, rx_ts=88430833878054) request_id=2346950 zil_blk_id=325996 ccf_commit_seqno=2346957 nstreams_done_=81500 config.nstreams=400000 avg_latency=0.9318 ms avg throuhgput (requests/sec) = 700.4288 res=false
*==== INFO ====*  stream_id=327996 latency=0.899042 ms (tx_ts=88431562532611, rx_ts=88431563431653) request_id=2361662 zil_blk_id=327996 ccf_commit_seqno=2361668 nstreams_done_=82000 config.nstreams=400000 avg_latency=0.9319 ms avg throuhgput (requests/sec) = 700.3349 res=false
*==== INFO ====*  stream_id=329996 latency=0.683587 ms (tx_ts=88432218933578, rx_ts=88432219617165) request_id=2375444 zil_blk_id=329996 ccf_commit_seqno=2375444 nstreams_done_=82500 config.nstreams=400000 avg_latency=0.9314 ms avg throuhgput (requests/sec) = 700.6784 res=false
*==== INFO ====*  stream_id=331996 latency=0.625189 ms (tx_ts=88432878652322, rx_ts=88432879277511) request_id=2389721 zil_blk_id=331996 ccf_commit_seqno=2389721 nstreams_done_=83000 config.nstreams=400000 avg_latency=0.9307 ms avg throuhgput (requests/sec) = 700.9976 res=false
*==== INFO ====*  stream_id=333996 latency=0.662929 ms (tx_ts=88433548176511, rx_ts=88433548839440) request_id=2403939 zil_blk_id=333996 ccf_commit_seqno=2403939 nstreams_done_=83500 config.nstreams=400000 avg_latency=0.9301 ms avg throuhgput (requests/sec) = 701.2549 res=false
*==== INFO ====*  stream_id=335996 latency=0.778997 ms (tx_ts=88434261245354, rx_ts=88434262024351) request_id=2418452 zil_blk_id=335996 ccf_commit_seqno=2418455 nstreams_done_=84000 config.nstreams=400000 avg_latency=0.9301 ms avg throuhgput (requests/sec) = 701.2538 res=false
*==== INFO ====*  stream_id=337996 latency=1.202778 ms (tx_ts=88434941774567, rx_ts=88434942977345) request_id=2432895 zil_blk_id=337996 ccf_commit_seqno=2432896 nstreams_done_=84500 config.nstreams=400000 avg_latency=0.9297 ms avg throuhgput (requests/sec) = 701.4404 res=false
*==== INFO ====*  stream_id=339996 latency=0.640668 ms (tx_ts=88435668283178, rx_ts=88435668923846) request_id=2447598 zil_blk_id=339996 ccf_commit_seqno=2447598 nstreams_done_=85000 config.nstreams=400000 avg_latency=0.9296 ms avg throuhgput (requests/sec) = 701.3645 res=false
*==== INFO ====*  stream_id=341996 latency=0.976787 ms (tx_ts=88436377282430, rx_ts=88436378259217) request_id=2462172 zil_blk_id=341996 ccf_commit_seqno=2462177 nstreams_done_=85500 config.nstreams=400000 avg_latency=0.9294 ms avg throuhgput (requests/sec) = 701.3850 res=false
*==== INFO ====*  stream_id=343996 latency=0.747034 ms (tx_ts=88437110404002, rx_ts=88437111151036) request_id=2476527 zil_blk_id=343996 ccf_commit_seqno=2476530 nstreams_done_=86000 config.nstreams=400000 avg_latency=0.9297 ms avg throuhgput (requests/sec) = 701.2705 res=false
*==== INFO ====*  stream_id=345996 latency=0.879740 ms (tx_ts=88437847015288, rx_ts=88437847895028) request_id=2491293 zil_blk_id=345996 ccf_commit_seqno=2491294 nstreams_done_=86500 config.nstreams=400000 avg_latency=0.9300 ms avg throuhgput (requests/sec) = 701.1355 res=false
*==== INFO ====*  stream_id=347996 latency=0.832858 ms (tx_ts=88438491806626, rx_ts=88438492639484) request_id=2505707 zil_blk_id=347996 ccf_commit_seqno=2505712 nstreams_done_=87000 config.nstreams=400000 avg_latency=0.9291 ms avg throuhgput (requests/sec) = 701.5221 res=false
*==== INFO ====*  stream_id=349996 latency=0.841287 ms (tx_ts=88439164726682, rx_ts=88439165567969) request_id=2519760 zil_blk_id=349996 ccf_commit_seqno=2519764 nstreams_done_=87500 config.nstreams=400000 avg_latency=0.9288 ms avg throuhgput (requests/sec) = 701.7460 res=false
*==== INFO ====*  stream_id=351996 latency=0.804264 ms (tx_ts=88439875996877, rx_ts=88439876801141) request_id=2534440 zil_blk_id=351996 ccf_commit_seqno=2534444 nstreams_done_=88000 config.nstreams=400000 avg_latency=0.9287 ms avg throuhgput (requests/sec) = 701.7532 res=false
*==== INFO ====*  stream_id=353996 latency=0.807751 ms (tx_ts=88440610244816, rx_ts=88440611052567) request_id=2549010 zil_blk_id=353996 ccf_commit_seqno=2549015 nstreams_done_=88500 config.nstreams=400000 avg_latency=0.9289 ms avg throuhgput (requests/sec) = 701.6322 res=false
*==== INFO ====*  stream_id=355996 latency=0.743957 ms (tx_ts=88441297723338, rx_ts=88441298467295) request_id=2563258 zil_blk_id=355996 ccf_commit_seqno=2563261 nstreams_done_=89000 config.nstreams=400000 avg_latency=0.9288 ms avg throuhgput (requests/sec) = 701.7716 res=false
*==== INFO ====*  stream_id=357996 latency=0.716711 ms (tx_ts=88442031367047, rx_ts=88442032083758) request_id=2578254 zil_blk_id=357996 ccf_commit_seqno=2578254 nstreams_done_=89500 config.nstreams=400000 avg_latency=0.9287 ms avg throuhgput (requests/sec) = 701.6554 res=false
*==== INFO ====*  stream_id=359996 latency=0.820959 ms (tx_ts=88442691555612, rx_ts=88442692376571) request_id=2592584 zil_blk_id=359996 ccf_commit_seqno=2592586 nstreams_done_=90000 config.nstreams=400000 avg_latency=0.9282 ms avg throuhgput (requests/sec) = 701.9416 res=false
*==== INFO ====*  stream_id=361996 latency=1.498333 ms (tx_ts=88443406583092, rx_ts=88443408081425) request_id=2606859 zil_blk_id=361996 ccf_commit_seqno=2606863 nstreams_done_=90500 config.nstreams=400000 avg_latency=0.9283 ms avg throuhgput (requests/sec) = 701.9231 res=false
*==== INFO ====*  stream_id=363996 latency=0.815230 ms (tx_ts=88444059334340, rx_ts=88444060149570) request_id=2620977 zil_blk_id=363996 ccf_commit_seqno=2620980 nstreams_done_=91000 config.nstreams=400000 avg_latency=0.9278 ms avg throuhgput (requests/sec) = 702.2496 res=false
*==== INFO ====*  stream_id=365996 latency=0.700393 ms (tx_ts=88444723756131, rx_ts=88444724456524) request_id=2635150 zil_blk_id=365996 ccf_commit_seqno=2635150 nstreams_done_=91500 config.nstreams=400000 avg_latency=0.9274 ms avg throuhgput (requests/sec) = 702.5067 res=false
*==== INFO ====*  stream_id=367996 latency=1.037611 ms (tx_ts=88445453999159, rx_ts=88445455036770) request_id=2649646 zil_blk_id=367996 ccf_commit_seqno=2649650 nstreams_done_=92000 config.nstreams=400000 avg_latency=0.9277 ms avg throuhgput (requests/sec) = 702.4056 res=false
*==== INFO ====*  stream_id=369996 latency=0.730724 ms (tx_ts=88446143568110, rx_ts=88446144298834) request_id=2664332 zil_blk_id=369996 ccf_commit_seqno=2664335 nstreams_done_=92500 config.nstreams=400000 avg_latency=0.9273 ms avg throuhgput (requests/sec) = 702.5261 res=false
*==== INFO ====*  stream_id=371996 latency=1.430566 ms (tx_ts=88446855341685, rx_ts=88446856772251) request_id=2678847 zil_blk_id=371996 ccf_commit_seqno=2678850 nstreams_done_=93000 config.nstreams=400000 avg_latency=0.9274 ms avg throuhgput (requests/sec) = 702.5220 res=false
*==== INFO ====*  stream_id=373996 latency=1.296189 ms (tx_ts=88447596065739, rx_ts=88447597361928) request_id=2693669 zil_blk_id=373996 ccf_commit_seqno=2693676 nstreams_done_=93500 config.nstreams=400000 avg_latency=0.9276 ms avg throuhgput (requests/sec) = 702.3697 res=false
*==== INFO ====*  stream_id=375996 latency=0.973070 ms (tx_ts=88448345161226, rx_ts=88448346134296) request_id=2708268 zil_blk_id=375996 ccf_commit_seqno=2708274 nstreams_done_=94000 config.nstreams=400000 avg_latency=0.9280 ms avg throuhgput (requests/sec) = 702.1761 res=false
*==== INFO ====*  stream_id=377996 latency=1.351089 ms (tx_ts=88449070508197, rx_ts=88449071859286) request_id=2722824 zil_blk_id=377996 ccf_commit_seqno=2722826 nstreams_done_=94500 config.nstreams=400000 avg_latency=0.9282 ms avg throuhgput (requests/sec) = 702.1049 res=false
*==== INFO ====*  stream_id=379996 latency=0.695431 ms (tx_ts=88449793246502, rx_ts=88449793941933) request_id=2737082 zil_blk_id=379996 ccf_commit_seqno=2737083 nstreams_done_=95000 config.nstreams=400000 avg_latency=0.9283 ms avg throuhgput (requests/sec) = 702.0533 res=false
*==== INFO ====*  stream_id=381996 latency=0.690608 ms (tx_ts=88450500764564, rx_ts=88450501455172) request_id=2751378 zil_blk_id=381996 ccf_commit_seqno=2751378 nstreams_done_=95500 config.nstreams=400000 avg_latency=0.9283 ms avg throuhgput (requests/sec) = 702.0775 res=false
*==== INFO ====*  stream_id=383996 latency=1.261470 ms (tx_ts=88451206956448, rx_ts=88451208217918) request_id=2765694 zil_blk_id=383996 ccf_commit_seqno=2765699 nstreams_done_=96000 config.nstreams=400000 avg_latency=0.9283 ms avg throuhgput (requests/sec) = 702.1053 res=false
*==== INFO ====*  stream_id=385996 latency=0.813722 ms (tx_ts=88451918026060, rx_ts=88451918839782) request_id=2780313 zil_blk_id=385996 ccf_commit_seqno=2780317 nstreams_done_=96500 config.nstreams=400000 avg_latency=0.9282 ms avg throuhgput (requests/sec) = 702.1130 res=false
*==== INFO ====*  stream_id=387996 latency=0.633705 ms (tx_ts=88452593363740, rx_ts=88452593997445) request_id=2794457 zil_blk_id=387996 ccf_commit_seqno=2794457 nstreams_done_=97000 config.nstreams=400000 avg_latency=0.9279 ms avg throuhgput (requests/sec) = 702.3010 res=false
*==== INFO ====*  stream_id=389996 latency=0.808406 ms (tx_ts=88453375112540, rx_ts=88453375920946) request_id=2808926 zil_blk_id=389996 ccf_commit_seqno=2808930 nstreams_done_=97500 config.nstreams=400000 avg_latency=0.9286 ms avg throuhgput (requests/sec) = 701.9472 res=false
*==== INFO ====*  stream_id=391996 latency=1.073869 ms (tx_ts=88454089164583, rx_ts=88454090238452) request_id=2823324 zil_blk_id=391996 ccf_commit_seqno=2823325 nstreams_done_=98000 config.nstreams=400000 avg_latency=0.9286 ms avg throuhgput (requests/sec) = 701.9371 res=false
*==== INFO ====*  stream_id=393996 latency=0.943696 ms (tx_ts=88454844220339, rx_ts=88454845164035) request_id=2837901 zil_blk_id=393996 ccf_commit_seqno=2837905 nstreams_done_=98500 config.nstreams=400000 avg_latency=0.9290 ms avg throuhgput (requests/sec) = 701.7240 res=false
*==== INFO ====*  stream_id=395996 latency=0.810906 ms (tx_ts=88455538380520, rx_ts=88455539191426) request_id=2852459 zil_blk_id=395996 ccf_commit_seqno=2852462 nstreams_done_=99000 config.nstreams=400000 avg_latency=0.9288 ms avg throuhgput (requests/sec) = 701.8160 res=false
*==== INFO ====*  stream_id=397996 latency=0.820194 ms (tx_ts=88456312504822, rx_ts=88456313325016) request_id=2868083 zil_blk_id=397996 ccf_commit_seqno=2868087 nstreams_done_=99500 config.nstreams=400000 avg_latency=0.9291 ms avg throuhgput (requests/sec) = 701.5108 res=false
*==== INFO ====*  stream_id=399996 latency=0.646510 ms (tx_ts=88457037748404, rx_ts=88457038394914) request_id=2882569 zil_blk_id=399996 ccf_commit_seqno=2882572 nstreams_done_=100000 config.nstreams=400000 avg_latency=0.9291 ms avg throuhgput (requests/sec) = 701.4501 res=false
*==== INFO ====*  stream_id=401996 latency=1.254476 ms (tx_ts=88457813627049, rx_ts=88457814881525) request_id=2897267 zil_blk_id=401996 ccf_commit_seqno=2897276 nstreams_done_=100500 config.nstreams=400000 avg_latency=0.9297 ms avg throuhgput (requests/sec) = 701.1385 res=false
*==== INFO ====*  stream_id=403996 latency=0.996936 ms (tx_ts=88458587380335, rx_ts=88458588377271) request_id=2912060 zil_blk_id=403996 ccf_commit_seqno=2912060 nstreams_done_=101000 config.nstreams=400000 avg_latency=0.9301 ms avg throuhgput (requests/sec) = 700.8448 res=false
*==== INFO ====*  stream_id=405996 latency=0.915582 ms (tx_ts=88459250690598, rx_ts=88459251606180) request_id=2926401 zil_blk_id=405996 ccf_commit_seqno=2926405 nstreams_done_=101500 config.nstreams=400000 avg_latency=0.9296 ms avg throuhgput (requests/sec) = 701.0878 res=false
*==== INFO ====*  stream_id=407996 latency=0.712803 ms (tx_ts=88459919783392, rx_ts=88459920496195) request_id=2940354 zil_blk_id=407996 ccf_commit_seqno=2940358 nstreams_done_=102000 config.nstreams=400000 avg_latency=0.9294 ms avg throuhgput (requests/sec) = 701.3013 res=false
*==== INFO ====*  stream_id=409996 latency=0.897208 ms (tx_ts=88460584763318, rx_ts=88460585660526) request_id=2954208 zil_blk_id=409996 ccf_commit_seqno=2954209 nstreams_done_=102500 config.nstreams=400000 avg_latency=0.9291 ms avg throuhgput (requests/sec) = 701.5307 res=false
*==== INFO ====*  stream_id=411996 latency=0.749572 ms (tx_ts=88461358151851, rx_ts=88461358901423) request_id=2968561 zil_blk_id=411996 ccf_commit_seqno=2968563 nstreams_done_=103000 config.nstreams=400000 avg_latency=0.9297 ms avg throuhgput (requests/sec) = 701.2417 res=false
*==== INFO ====*  stream_id=413996 latency=0.844780 ms (tx_ts=88462118561909, rx_ts=88462119406689) request_id=2983283 zil_blk_id=413996 ccf_commit_seqno=2983285 nstreams_done_=103500 config.nstreams=400000 avg_latency=0.9301 ms avg throuhgput (requests/sec) = 701.0161 res=false
*==== INFO ====*  stream_id=415996 latency=0.866868 ms (tx_ts=88462781553963, rx_ts=88462782420831) request_id=2997462 zil_blk_id=415996 ccf_commit_seqno=2997465 nstreams_done_=104000 config.nstreams=400000 avg_latency=0.9296 ms avg throuhgput (requests/sec) = 701.2536 res=false
*==== INFO ====*  stream_id=417996 latency=0.896243 ms (tx_ts=88463453985053, rx_ts=88463454881296) request_id=3011302 zil_blk_id=417996 ccf_commit_seqno=3011306 nstreams_done_=104500 config.nstreams=400000 avg_latency=0.9293 ms avg throuhgput (requests/sec) = 701.4445 res=false
*==== INFO ====*  stream_id=419996 latency=0.736268 ms (tx_ts=88464175123527, rx_ts=88464175859795) request_id=3025757 zil_blk_id=419996 ccf_commit_seqno=3025760 nstreams_done_=105000 config.nstreams=400000 avg_latency=0.9293 ms avg throuhgput (requests/sec) = 701.4062 res=false
*==== INFO ====*  stream_id=421996 latency=0.671376 ms (tx_ts=88464919737590, rx_ts=88464920408966) request_id=3040707 zil_blk_id=421996 ccf_commit_seqno=3040707 nstreams_done_=105500 config.nstreams=400000 avg_latency=0.9295 ms avg throuhgput (requests/sec) = 701.2584 res=false
*==== INFO ====*  stream_id=423996 latency=0.868254 ms (tx_ts=88465596123852, rx_ts=88465596992106) request_id=3055049 zil_blk_id=423996 ccf_commit_seqno=3055053 nstreams_done_=106000 config.nstreams=400000 avg_latency=0.9290 ms avg throuhgput (requests/sec) = 701.4274 res=false
*==== INFO ====*  stream_id=425996 latency=0.809780 ms (tx_ts=88466328137680, rx_ts=88466328947460) request_id=3069488 zil_blk_id=425996 ccf_commit_seqno=3069492 nstreams_done_=106500 config.nstreams=400000 avg_latency=0.9291 ms avg throuhgput (requests/sec) = 701.3391 res=false
*==== INFO ====*  stream_id=427996 latency=0.703626 ms (tx_ts=88467047195905, rx_ts=88467047899531) request_id=3083884 zil_blk_id=427996 ccf_commit_seqno=3083885 nstreams_done_=107000 config.nstreams=400000 avg_latency=0.9291 ms avg throuhgput (requests/sec) = 701.3114 res=false
*==== INFO ====*  stream_id=429996 latency=1.277558 ms (tx_ts=88467695315030, rx_ts=88467696592588) request_id=3098067 zil_blk_id=429996 ccf_commit_seqno=3098073 nstreams_done_=107500 config.nstreams=400000 avg_latency=0.9286 ms avg throuhgput (requests/sec) = 701.6055 res=false
*==== INFO ====*  stream_id=431996 latency=1.047930 ms (tx_ts=88468408187954, rx_ts=88468409235884) request_id=3112432 zil_blk_id=431996 ccf_commit_seqno=3112439 nstreams_done_=108000 config.nstreams=400000 avg_latency=0.9286 ms avg throuhgput (requests/sec) = 701.6055 res=false
*==== INFO ====*  stream_id=433996 latency=1.758536 ms (tx_ts=88469158435551, rx_ts=88469160194087) request_id=3127290 zil_blk_id=433996 ccf_commit_seqno=3127298 nstreams_done_=108500 config.nstreams=400000 avg_latency=0.9287 ms avg throuhgput (requests/sec) = 701.4318 res=false
*==== INFO ====*  stream_id=435996 latency=0.815798 ms (tx_ts=88469926297756, rx_ts=88469927113554) request_id=3142110 zil_blk_id=435996 ccf_commit_seqno=3142113 nstreams_done_=109000 config.nstreams=400000 avg_latency=0.9291 ms avg throuhgput (requests/sec) = 701.1877 res=false
*==== INFO ====*  stream_id=437996 latency=0.559067 ms (tx_ts=88470634694325, rx_ts=88470635253392) request_id=3156448 zil_blk_id=437996 ccf_commit_seqno=3156448 nstreams_done_=109500 config.nstreams=400000 avg_latency=0.9291 ms avg throuhgput (requests/sec) = 701.2099 res=false
*==== INFO ====*  stream_id=439996 latency=0.780629 ms (tx_ts=88471377815542, rx_ts=88471378596171) request_id=3171176 zil_blk_id=439996 ccf_commit_seqno=3171179 nstreams_done_=110000 config.nstreams=400000 avg_latency=0.9293 ms avg throuhgput (requests/sec) = 701.0745 res=false
*==== INFO ====*  stream_id=441996 latency=1.334005 ms (tx_ts=88472057294441, rx_ts=88472058628446) request_id=3185600 zil_blk_id=441996 ccf_commit_seqno=3185605 nstreams_done_=110500 config.nstreams=400000 avg_latency=0.9289 ms avg throuhgput (requests/sec) = 701.2220 res=false
*==== INFO ====*  stream_id=443996 latency=1.156222 ms (tx_ts=88472834790090, rx_ts=88472835946312) request_id=3200203 zil_blk_id=443996 ccf_commit_seqno=3200206 nstreams_done_=111000 config.nstreams=400000 avg_latency=0.9294 ms avg throuhgput (requests/sec) = 700.9374 res=false
*==== INFO ====*  stream_id=445996 latency=1.052907 ms (tx_ts=88473537288632, rx_ts=88473538341539) request_id=3214574 zil_blk_id=445996 ccf_commit_seqno=3214582 nstreams_done_=111500 config.nstreams=400000 avg_latency=0.9293 ms avg throuhgput (requests/sec) = 700.9856 res=false
*==== INFO ====*  stream_id=447996 latency=0.904321 ms (tx_ts=88474249206149, rx_ts=88474250110470) request_id=3228714 zil_blk_id=447996 ccf_commit_seqno=3228720 nstreams_done_=112000 config.nstreams=400000 avg_latency=0.9294 ms avg throuhgput (requests/sec) = 700.9922 res=false
*==== INFO ====*  stream_id=449996 latency=0.697465 ms (tx_ts=88474940195570, rx_ts=88474940893035) request_id=3242671 zil_blk_id=449996 ccf_commit_seqno=3242672 nstreams_done_=112500 config.nstreams=400000 avg_latency=0.9293 ms avg throuhgput (requests/sec) = 701.0905 res=false
*==== INFO ====*  stream_id=451996 latency=0.599190 ms (tx_ts=88475624311837, rx_ts=88475624911027) request_id=3257199 zil_blk_id=451996 ccf_commit_seqno=3257199 nstreams_done_=113000 config.nstreams=400000 avg_latency=0.9290 ms avg throuhgput (requests/sec) = 701.2173 res=false
*==== INFO ====*  stream_id=453996 latency=0.662111 ms (tx_ts=88476344173893, rx_ts=88476344836004) request_id=3271998 zil_blk_id=453996 ccf_commit_seqno=3271999 nstreams_done_=113500 config.nstreams=400000 avg_latency=0.9290 ms avg throuhgput (requests/sec) = 701.1875 res=false
*==== INFO ====*  stream_id=455996 latency=0.620010 ms (tx_ts=88477055988526, rx_ts=88477056608536) request_id=3286505 zil_blk_id=455996 ccf_commit_seqno=3286506 nstreams_done_=114000 config.nstreams=400000 avg_latency=0.9290 ms avg throuhgput (requests/sec) = 701.1932 res=false
*==== INFO ====*  stream_id=457996 latency=0.609059 ms (tx_ts=88477774079146, rx_ts=88477774688205) request_id=3301231 zil_blk_id=457996 ccf_commit_seqno=3301231 nstreams_done_=114500 config.nstreams=400000 avg_latency=0.9290 ms avg throuhgput (requests/sec) = 701.1716 res=false
*==== INFO ====*  stream_id=459996 latency=0.659202 ms (tx_ts=88478536817722, rx_ts=88478537476924) request_id=3315922 zil_blk_id=459996 ccf_commit_seqno=3315923 nstreams_done_=115000 config.nstreams=400000 avg_latency=0.9294 ms avg throuhgput (requests/sec) = 700.9593 res=false
*==== INFO ====*  stream_id=461996 latency=0.778035 ms (tx_ts=88479249326718, rx_ts=88479250104753) request_id=3330519 zil_blk_id=461996 ccf_commit_seqno=3330524 nstreams_done_=115500 config.nstreams=400000 avg_latency=0.9293 ms avg throuhgput (requests/sec) = 700.9621 res=false
*==== INFO ====*  stream_id=463996 latency=0.921193 ms (tx_ts=88479950995228, rx_ts=88479951916421) request_id=3344894 zil_blk_id=463996 ccf_commit_seqno=3344896 nstreams_done_=116000 config.nstreams=400000 avg_latency=0.9293 ms avg throuhgput (requests/sec) = 701.0108 res=false
*==== INFO ====*  stream_id=465996 latency=1.019099 ms (tx_ts=88480639252179, rx_ts=88480640271278) request_id=3359675 zil_blk_id=465996 ccf_commit_seqno=3359679 nstreams_done_=116500 config.nstreams=400000 avg_latency=0.9290 ms avg throuhgput (requests/sec) = 701.1159 res=false
*==== INFO ====*  stream_id=467996 latency=0.743100 ms (tx_ts=88481354996630, rx_ts=88481355739730) request_id=3374188 zil_blk_id=467996 ccf_commit_seqno=3374188 nstreams_done_=117000 config.nstreams=400000 avg_latency=0.9289 ms avg throuhgput (requests/sec) = 701.1061 res=false
*==== INFO ====*  stream_id=469996 latency=1.347229 ms (tx_ts=88482064220319, rx_ts=88482065567548) request_id=3388459 zil_blk_id=469996 ccf_commit_seqno=3388471 nstreams_done_=117500 config.nstreams=400000 avg_latency=0.9290 ms avg throuhgput (requests/sec) = 701.1201 res=false
*==== INFO ====*  stream_id=471996 latency=1.054950 ms (tx_ts=88482737141847, rx_ts=88482738196797) request_id=3402885 zil_blk_id=471996 ccf_commit_seqno=3402885 nstreams_done_=118000 config.nstreams=400000 avg_latency=0.9287 ms avg throuhgput (requests/sec) = 701.2889 res=false
*==== INFO ====*  stream_id=473996 latency=0.920932 ms (tx_ts=88483427796443, rx_ts=88483428717375) request_id=3417077 zil_blk_id=473996 ccf_commit_seqno=3417079 nstreams_done_=118500 config.nstreams=400000 avg_latency=0.9285 ms avg throuhgput (requests/sec) = 701.3821 res=false
*==== INFO ====*  stream_id=475996 latency=0.993408 ms (tx_ts=88484168893188, rx_ts=88484169886596) request_id=3431653 zil_blk_id=475996 ccf_commit_seqno=3431653 nstreams_done_=119000 config.nstreams=400000 avg_latency=0.9287 ms avg throuhgput (requests/sec) = 701.2652 res=false
*==== INFO ====*  stream_id=477996 latency=1.526024 ms (tx_ts=88484932822714, rx_ts=88484934348738) request_id=3446739 zil_blk_id=477996 ccf_commit_seqno=3446754 nstreams_done_=119500 config.nstreams=400000 avg_latency=0.9288 ms avg throuhgput (requests/sec) = 701.0534 res=false
*==== INFO ====*  stream_id=479996 latency=0.807293 ms (tx_ts=88485612666025, rx_ts=88485613473318) request_id=3461102 zil_blk_id=479996 ccf_commit_seqno=3461107 nstreams_done_=120000 config.nstreams=400000 avg_latency=0.9286 ms avg throuhgput (requests/sec) = 701.1931 res=false
*==== INFO ====*  stream_id=481996 latency=0.809554 ms (tx_ts=88486327238266, rx_ts=88486328047820) request_id=3475751 zil_blk_id=481996 ccf_commit_seqno=3475753 nstreams_done_=120500 config.nstreams=400000 avg_latency=0.9286 ms avg throuhgput (requests/sec) = 701.1869 res=false
*==== INFO ====*  stream_id=483996 latency=0.699047 ms (tx_ts=88487035287148, rx_ts=88487035986195) request_id=3490347 zil_blk_id=483996 ccf_commit_seqno=3490348 nstreams_done_=121000 config.nstreams=400000 avg_latency=0.9285 ms avg throuhgput (requests/sec) = 701.2078 res=false
*==== INFO ====*  stream_id=485996 latency=0.912066 ms (tx_ts=88487710911989, rx_ts=88487711824055) request_id=3504634 zil_blk_id=485996 ccf_commit_seqno=3504642 nstreams_done_=121500 config.nstreams=400000 avg_latency=0.9283 ms avg throuhgput (requests/sec) = 701.3585 res=false
*==== INFO ====*  stream_id=487996 latency=0.768207 ms (tx_ts=88488414278772, rx_ts=88488415046979) request_id=3519016 zil_blk_id=487996 ccf_commit_seqno=3519017 nstreams_done_=122000 config.nstreams=400000 avg_latency=0.9282 ms avg throuhgput (requests/sec) = 701.3975 res=false
*==== INFO ====*  stream_id=489996 latency=1.089307 ms (tx_ts=88489214242752, rx_ts=88489215332059) request_id=3533801 zil_blk_id=489996 ccf_commit_seqno=3533802 nstreams_done_=122500 config.nstreams=400000 avg_latency=0.9288 ms avg throuhgput (requests/sec) = 701.0466 res=false
*==== INFO ====*  stream_id=491996 latency=0.807710 ms (tx_ts=88489909749508, rx_ts=88489910557218) request_id=3548154 zil_blk_id=491996 ccf_commit_seqno=3548158 nstreams_done_=123000 config.nstreams=400000 avg_latency=0.9286 ms avg throuhgput (requests/sec) = 701.1185 res=false
*==== INFO ====*  stream_id=493996 latency=0.839590 ms (tx_ts=88490594751934, rx_ts=88490595591524) request_id=3562477 zil_blk_id=493996 ccf_commit_seqno=3562481 nstreams_done_=123500 config.nstreams=400000 avg_latency=0.9285 ms avg throuhgput (requests/sec) = 701.2304 res=false
*==== INFO ====*  stream_id=495996 latency=0.965125 ms (tx_ts=88491321304243, rx_ts=88491322269368) request_id=3577035 zil_blk_id=495996 ccf_commit_seqno=3577039 nstreams_done_=124000 config.nstreams=400000 avg_latency=0.9287 ms avg throuhgput (requests/sec) = 701.1763 res=false
*==== INFO ====*  stream_id=497996 latency=0.810458 ms (tx_ts=88492035559607, rx_ts=88492036370065) request_id=3591485 zil_blk_id=497996 ccf_commit_seqno=3591487 nstreams_done_=124500 config.nstreams=400000 avg_latency=0.9288 ms avg throuhgput (requests/sec) = 701.1723 res=false
*==== INFO ====*  stream_id=499996 latency=1.009134 ms (tx_ts=88492822845754, rx_ts=88492823854888) request_id=3606175 zil_blk_id=499996 ccf_commit_seqno=3606179 nstreams_done_=125000 config.nstreams=400000 avg_latency=0.9294 ms avg throuhgput (requests/sec) = 700.8798 res=false
*==== INFO ====*  stream_id=501996 latency=0.758299 ms (tx_ts=88493557081621, rx_ts=88493557839920) request_id=3621194 zil_blk_id=501996 ccf_commit_seqno=3621198 nstreams_done_=125500 config.nstreams=400000 avg_latency=0.9293 ms avg throuhgput (requests/sec) = 700.7992 res=false
*==== INFO ====*  stream_id=503996 latency=1.355555 ms (tx_ts=88494282367602, rx_ts=88494283723157) request_id=3636199 zil_blk_id=503996 ccf_commit_seqno=3636213 nstreams_done_=126000 config.nstreams=400000 avg_latency=0.9293 ms avg throuhgput (requests/sec) = 700.7508 res=false
*==== INFO ====*  stream_id=505996 latency=1.204934 ms (tx_ts=88495022282553, rx_ts=88495023487487) request_id=3650902 zil_blk_id=505996 ccf_commit_seqno=3650908 nstreams_done_=126500 config.nstreams=400000 avg_latency=0.9294 ms avg throuhgput (requests/sec) = 700.6490 res=false
*==== INFO ====*  stream_id=507996 latency=0.732069 ms (tx_ts=88495717685826, rx_ts=88495718417895) request_id=3665323 zil_blk_id=507996 ccf_commit_seqno=3665324 nstreams_done_=127000 config.nstreams=400000 avg_latency=0.9292 ms avg throuhgput (requests/sec) = 700.7212 res=false
*==== INFO ====*  stream_id=509996 latency=1.295888 ms (tx_ts=88496409234814, rx_ts=88496410530702) request_id=3679919 zil_blk_id=509996 ccf_commit_seqno=3679919 nstreams_done_=127500 config.nstreams=400000 avg_latency=0.9291 ms avg throuhgput (requests/sec) = 700.8038 res=false
*==== INFO ====*  stream_id=511996 latency=0.730084 ms (tx_ts=88497119824867, rx_ts=88497120554951) request_id=3694202 zil_blk_id=511996 ccf_commit_seqno=3694202 nstreams_done_=128000 config.nstreams=400000 avg_latency=0.9291 ms avg throuhgput (requests/sec) = 700.8170 res=false
*==== INFO ====*  stream_id=513996 latency=0.718272 ms (tx_ts=88497831170787, rx_ts=88497831889059) request_id=3707253 zil_blk_id=513996 ccf_commit_seqno=3707253 nstreams_done_=128500 config.nstreams=400000 avg_latency=0.9291 ms avg throuhgput (requests/sec) = 700.8251 res=false
*==== INFO ====*  stream_id=515996 latency=0.746154 ms (tx_ts=88498498662062, rx_ts=88498499408216) request_id=3720103 zil_blk_id=515996 ccf_commit_seqno=3720105 nstreams_done_=129000 config.nstreams=400000 avg_latency=0.9288 ms avg throuhgput (requests/sec) = 701.0000 res=false
*==== INFO ====*  stream_id=517996 latency=0.744030 ms (tx_ts=88499212888937, rx_ts=88499213632967) request_id=3733187 zil_blk_id=517996 ccf_commit_seqno=3733190 nstreams_done_=129500 config.nstreams=400000 avg_latency=0.9288 ms avg throuhgput (requests/sec) = 700.9964 res=false
*==== INFO ====*  stream_id=519996 latency=0.689370 ms (tx_ts=88499837708439, rx_ts=88499838397809) request_id=3745780 zil_blk_id=519996 ccf_commit_seqno=3745781 nstreams_done_=130000 config.nstreams=400000 avg_latency=0.9282 ms avg throuhgput (requests/sec) = 701.3311 res=false
*==== INFO ====*  stream_id=521996 latency=0.591136 ms (tx_ts=88500560325270, rx_ts=88500560916406) request_id=3758965 zil_blk_id=521996 ccf_commit_seqno=3758965 nstreams_done_=130500 config.nstreams=400000 avg_latency=0.9282 ms avg throuhgput (requests/sec) = 701.2949 res=false
*==== INFO ====*  stream_id=523996 latency=0.817910 ms (tx_ts=88501233336976, rx_ts=88501234154886) request_id=3771783 zil_blk_id=523996 ccf_commit_seqno=3771786 nstreams_done_=131000 config.nstreams=400000 avg_latency=0.9279 ms avg throuhgput (requests/sec) = 701.4441 res=false
*==== INFO ====*  stream_id=525996 latency=1.330959 ms (tx_ts=88501907031896, rx_ts=88501908362855) request_id=3784812 zil_blk_id=525996 ccf_commit_seqno=3784816 nstreams_done_=131500 config.nstreams=400000 avg_latency=0.9276 ms avg throuhgput (requests/sec) = 701.5886 res=false
*==== INFO ====*  stream_id=527996 latency=0.710199 ms (tx_ts=88502595742565, rx_ts=88502596452764) request_id=3797488 zil_blk_id=527996 ccf_commit_seqno=3797490 nstreams_done_=132000 config.nstreams=400000 avg_latency=0.9274 ms avg throuhgput (requests/sec) = 701.6803 res=false
*==== INFO ====*  stream_id=529996 latency=1.530710 ms (tx_ts=88503342643196, rx_ts=88503344173906) request_id=3810668 zil_blk_id=529996 ccf_commit_seqno=3810676 nstreams_done_=132500 config.nstreams=400000 avg_latency=0.9276 ms avg throuhgput (requests/sec) = 701.5497 res=false
*==== INFO ====*  stream_id=531996 latency=0.842426 ms (tx_ts=88504041921362, rx_ts=88504042763788) request_id=3823354 zil_blk_id=531996 ccf_commit_seqno=3823355 nstreams_done_=133000 config.nstreams=400000 avg_latency=0.9276 ms avg throuhgput (requests/sec) = 701.6019 res=false
*==== INFO ====*  stream_id=533996 latency=1.170216 ms (tx_ts=88504700104377, rx_ts=88504701274593) request_id=3836418 zil_blk_id=533996 ccf_commit_seqno=3836426 nstreams_done_=133500 config.nstreams=400000 avg_latency=0.9271 ms avg throuhgput (requests/sec) = 701.8016 res=false
*==== INFO ====*  stream_id=535996 latency=1.471291 ms (tx_ts=88505349018366, rx_ts=88505350489657) request_id=3849206 zil_blk_id=535996 ccf_commit_seqno=3849219 nstreams_done_=134000 config.nstreams=400000 avg_latency=0.9266 ms avg throuhgput (requests/sec) = 702.0342 res=false
*==== INFO ====*  stream_id=537996 latency=0.894353 ms (tx_ts=88506013356294, rx_ts=88506014250647) request_id=3862061 zil_blk_id=537996 ccf_commit_seqno=3862062 nstreams_done_=134500 config.nstreams=400000 avg_latency=0.9262 ms avg throuhgput (requests/sec) = 702.2118 res=false
*==== INFO ====*  stream_id=539996 latency=0.677497 ms (tx_ts=88506717949797, rx_ts=88506718627294) request_id=3875214 zil_blk_id=539996 ccf_commit_seqno=3875215 nstreams_done_=135000 config.nstreams=400000 avg_latency=0.9261 ms avg throuhgput (requests/sec) = 702.2397 res=false
*==== INFO ====*  stream_id=541996 latency=0.682155 ms (tx_ts=88507421310634, rx_ts=88507421992789) request_id=3888185 zil_blk_id=541996 ccf_commit_seqno=3888185 nstreams_done_=135500 config.nstreams=400000 avg_latency=0.9261 ms avg throuhgput (requests/sec) = 702.2712 res=false
*==== INFO ====*  stream_id=543996 latency=0.757754 ms (tx_ts=88508053447050, rx_ts=88508054204804) request_id=3900981 zil_blk_id=543996 ccf_commit_seqno=3900983 nstreams_done_=136000 config.nstreams=400000 avg_latency=0.9256 ms avg throuhgput (requests/sec) = 702.5606 res=false
*==== INFO ====*  stream_id=545996 latency=0.566619 ms (tx_ts=88508728324949, rx_ts=88508728891568) request_id=3913852 zil_blk_id=545996 ccf_commit_seqno=3913852 nstreams_done_=136500 config.nstreams=400000 avg_latency=0.9253 ms avg throuhgput (requests/sec) = 702.6944 res=false
*==== INFO ====*  stream_id=547996 latency=0.668545 ms (tx_ts=88509407964696, rx_ts=88509408633241) request_id=3926758 zil_blk_id=547996 ccf_commit_seqno=3926759 nstreams_done_=137000 config.nstreams=400000 avg_latency=0.9251 ms avg throuhgput (requests/sec) = 702.8090 res=false
*==== INFO ====*  stream_id=549996 latency=1.276287 ms (tx_ts=88510107911186, rx_ts=88510109187473) request_id=3939815 zil_blk_id=549996 ccf_commit_seqno=3939824 nstreams_done_=137500 config.nstreams=400000 avg_latency=0.9250 ms avg throuhgput (requests/sec) = 702.8481 res=false
*==== INFO ====*  stream_id=551996 latency=0.938933 ms (tx_ts=88510788629275, rx_ts=88510789568208) request_id=3952722 zil_blk_id=551996 ccf_commit_seqno=3952728 nstreams_done_=138000 config.nstreams=400000 avg_latency=0.9248 ms avg throuhgput (requests/sec) = 702.9591 res=false
*==== INFO ====*  stream_id=553996 latency=0.851141 ms (tx_ts=88511516699092, rx_ts=88511517550233) request_id=3965577 zil_blk_id=553996 ccf_commit_seqno=3965579 nstreams_done_=138500 config.nstreams=400000 avg_latency=0.9250 ms avg throuhgput (requests/sec) = 702.8995 res=false
*==== INFO ====*  stream_id=555996 latency=0.706893 ms (tx_ts=88512225629123, rx_ts=88512226336016) request_id=3978576 zil_blk_id=555996 ccf_commit_seqno=3978576 nstreams_done_=139000 config.nstreams=400000 avg_latency=0.9249 ms avg throuhgput (requests/sec) = 702.9086 res=false
*==== INFO ====*  stream_id=557996 latency=0.787022 ms (tx_ts=88512867373195, rx_ts=88512868160217) request_id=3991527 zil_blk_id=557996 ccf_commit_seqno=3991530 nstreams_done_=139500 config.nstreams=400000 avg_latency=0.9244 ms avg throuhgput (requests/sec) = 703.1549 res=false
*==== INFO ====*  stream_id=559996 latency=0.777024 ms (tx_ts=88513546546731, rx_ts=88513547323755) request_id=4004430 zil_blk_id=559996 ccf_commit_seqno=4004432 nstreams_done_=140000 config.nstreams=400000 avg_latency=0.9242 ms avg throuhgput (requests/sec) = 703.2676 res=false
*==== INFO ====*  stream_id=561996 latency=0.863463 ms (tx_ts=88514206022330, rx_ts=88514206885793) request_id=4017274 zil_blk_id=561996 ccf_commit_seqno=4017278 nstreams_done_=140500 config.nstreams=400000 avg_latency=0.9239 ms avg throuhgput (requests/sec) = 703.4486 res=false
*==== INFO ====*  stream_id=563996 latency=0.992940 ms (tx_ts=88514883441427, rx_ts=88514884434367) request_id=4030258 zil_blk_id=563996 ccf_commit_seqno=4030259 nstreams_done_=141000 config.nstreams=400000 avg_latency=0.9237 ms avg throuhgput (requests/sec) = 703.5653 res=false
*==== INFO ====*  stream_id=565996 latency=0.771343 ms (tx_ts=88515595293600, rx_ts=88515596064943) request_id=4043167 zil_blk_id=565996 ccf_commit_seqno=4043170 nstreams_done_=141500 config.nstreams=400000 avg_latency=0.9237 ms avg throuhgput (requests/sec) = 703.5619 res=false
*==== INFO ====*  stream_id=567996 latency=0.634678 ms (tx_ts=88516366063513, rx_ts=88516366698191) request_id=4056197 zil_blk_id=567996 ccf_commit_seqno=4056198 nstreams_done_=142000 config.nstreams=400000 avg_latency=0.9240 ms avg throuhgput (requests/sec) = 703.3529 res=false
*==== INFO ====*  stream_id=569996 latency=0.667849 ms (tx_ts=88517021905737, rx_ts=88517022573586) request_id=4069039 zil_blk_id=569996 ccf_commit_seqno=4069040 nstreams_done_=142500 config.nstreams=400000 avg_latency=0.9236 ms avg throuhgput (requests/sec) = 703.5439 res=false
*==== INFO ====*  stream_id=571996 latency=0.754341 ms (tx_ts=88517693939991, rx_ts=88517694694332) request_id=4082156 zil_blk_id=571996 ccf_commit_seqno=4082156 nstreams_done_=143000 config.nstreams=400000 avg_latency=0.9233 ms avg throuhgput (requests/sec) = 703.6774 res=false
*==== INFO ====*  stream_id=573996 latency=0.568733 ms (tx_ts=88518346857483, rx_ts=88518347426216) request_id=4095162 zil_blk_id=573996 ccf_commit_seqno=4095162 nstreams_done_=143500 config.nstreams=400000 avg_latency=0.9228 ms avg throuhgput (requests/sec) = 703.8770 res=false
*==== INFO ====*  stream_id=575996 latency=0.656658 ms (tx_ts=88519066606452, rx_ts=88519067263110) request_id=4108105 zil_blk_id=575996 ccf_commit_seqno=4108107 nstreams_done_=144000 config.nstreams=400000 avg_latency=0.9229 ms avg throuhgput (requests/sec) = 703.8444 res=false
*==== INFO ====*  stream_id=577996 latency=0.807390 ms (tx_ts=88519782415871, rx_ts=88519783223261) request_id=4121582 zil_blk_id=577996 ccf_commit_seqno=4121586 nstreams_done_=144500 config.nstreams=400000 avg_latency=0.9227 ms avg throuhgput (requests/sec) = 703.8253 res=false
*==== INFO ====*  stream_id=579996 latency=0.721025 ms (tx_ts=88520520966659, rx_ts=88520521687684) request_id=4134630 zil_blk_id=579996 ccf_commit_seqno=4134631 nstreams_done_=145000 config.nstreams=400000 avg_latency=0.9229 ms avg throuhgput (requests/sec) = 703.7294 res=false
*==== INFO ====*  stream_id=581996 latency=0.869246 ms (tx_ts=88521259061258, rx_ts=88521259930504) request_id=4147888 zil_blk_id=581996 ccf_commit_seqno=4147890 nstreams_done_=145500 config.nstreams=400000 avg_latency=0.9230 ms avg throuhgput (requests/sec) = 703.6350 res=false
*==== INFO ====*  stream_id=583996 latency=0.881616 ms (tx_ts=88521943573463, rx_ts=88521944455079) request_id=4160811 zil_blk_id=583996 ccf_commit_seqno=4160815 nstreams_done_=146000 config.nstreams=400000 avg_latency=0.9227 ms avg throuhgput (requests/sec) = 703.7234 res=false
*==== INFO ====*  stream_id=585996 latency=1.099929 ms (tx_ts=88522656647900, rx_ts=88522657747829) request_id=4174333 zil_blk_id=585996 ccf_commit_seqno=4174333 nstreams_done_=146500 config.nstreams=400000 avg_latency=0.9226 ms avg throuhgput (requests/sec) = 703.7140 res=false
*==== INFO ====*  stream_id=587996 latency=0.614540 ms (tx_ts=88523329347227, rx_ts=88523329961767) request_id=4186824 zil_blk_id=587996 ccf_commit_seqno=4186824 nstreams_done_=147000 config.nstreams=400000 avg_latency=0.9223 ms avg throuhgput (requests/sec) = 703.8431 res=false
*==== INFO ====*  stream_id=589996 latency=0.754654 ms (tx_ts=88524099986940, rx_ts=88524100741594) request_id=4199869 zil_blk_id=589996 ccf_commit_seqno=4199869 nstreams_done_=147500 config.nstreams=400000 avg_latency=0.9226 ms avg throuhgput (requests/sec) = 703.6403 res=false
*==== INFO ====*  stream_id=591996 latency=1.103855 ms (tx_ts=88524788672241, rx_ts=88524789776096) request_id=4213004 zil_blk_id=591996 ccf_commit_seqno=4213005 nstreams_done_=148000 config.nstreams=400000 avg_latency=0.9225 ms avg throuhgput (requests/sec) = 703.7124 res=false
*==== INFO ====*  stream_id=593996 latency=0.846566 ms (tx_ts=88525432206577, rx_ts=88525433053143) request_id=4225497 zil_blk_id=593996 ccf_commit_seqno=4225499 nstreams_done_=148500 config.nstreams=400000 avg_latency=0.9220 ms avg throuhgput (requests/sec) = 703.9367 res=false
*==== INFO ====*  stream_id=595996 latency=3.875392 ms (tx_ts=88526177218344, rx_ts=88526181093736) request_id=4238546 zil_blk_id=595996 ccf_commit_seqno=4238546 nstreams_done_=149000 config.nstreams=400000 avg_latency=0.9223 ms avg throuhgput (requests/sec) = 703.8112 res=false
*==== INFO ====*  stream_id=597996 latency=1.221304 ms (tx_ts=88526907394476, rx_ts=88526908615780) request_id=4251214 zil_blk_id=597996 ccf_commit_seqno=4251215 nstreams_done_=149500 config.nstreams=400000 avg_latency=0.9225 ms avg throuhgput (requests/sec) = 703.7545 res=false
*==== INFO ====*  stream_id=599996 latency=0.795629 ms (tx_ts=88527582085392, rx_ts=88527582881021) request_id=4264010 zil_blk_id=599996 ccf_commit_seqno=4264012 nstreams_done_=150000 config.nstreams=400000 avg_latency=0.9223 ms avg throuhgput (requests/sec) = 703.8741 res=false
*==== INFO ====*  stream_id=601996 latency=0.746706 ms (tx_ts=88528256330727, rx_ts=88528257077433) request_id=4277367 zil_blk_id=601996 ccf_commit_seqno=4277367 nstreams_done_=150500 config.nstreams=400000 avg_latency=0.9218 ms avg throuhgput (requests/sec) = 703.9931 res=false
*==== INFO ====*  stream_id=603996 latency=0.781651 ms (tx_ts=88528948526412, rx_ts=88528949308063) request_id=4290583 zil_blk_id=603996 ccf_commit_seqno=4290583 nstreams_done_=151000 config.nstreams=400000 avg_latency=0.9216 ms avg throuhgput (requests/sec) = 704.0522 res=false
*==== INFO ====*  stream_id=605996 latency=0.701812 ms (tx_ts=88529728581422, rx_ts=88529729283234) request_id=4303996 zil_blk_id=605996 ccf_commit_seqno=4303996 nstreams_done_=151500 config.nstreams=400000 avg_latency=0.9220 ms avg throuhgput (requests/sec) = 703.8239 res=false
*==== INFO ====*  stream_id=607996 latency=1.030828 ms (tx_ts=88530485194071, rx_ts=88530486224899) request_id=4317332 zil_blk_id=607996 ccf_commit_seqno=4317336 nstreams_done_=152000 config.nstreams=400000 avg_latency=0.9221 ms avg throuhgput (requests/sec) = 703.6723 res=false
*==== INFO ====*  stream_id=609996 latency=0.800968 ms (tx_ts=88531189842922, rx_ts=88531190643890) request_id=4330013 zil_blk_id=609996 ccf_commit_seqno=4330017 nstreams_done_=152500 config.nstreams=400000 avg_latency=0.9221 ms avg throuhgput (requests/sec) = 703.6922 res=false
*==== INFO ====*  stream_id=611996 latency=0.864181 ms (tx_ts=88531936043881, rx_ts=88531936908062) request_id=4343248 zil_blk_id=611996 ccf_commit_seqno=4343248 nstreams_done_=153000 config.nstreams=400000 avg_latency=0.9222 ms avg throuhgput (requests/sec) = 703.5766 res=false
*==== INFO ====*  stream_id=613996 latency=0.749892 ms (tx_ts=88532621693763, rx_ts=88532622443655) request_id=4356187 zil_blk_id=613996 ccf_commit_seqno=4356188 nstreams_done_=153500 config.nstreams=400000 avg_latency=0.9221 ms avg throuhgput (requests/sec) = 703.6576 res=false
*==== INFO ====*  stream_id=615996 latency=0.761908 ms (tx_ts=88533244736524, rx_ts=88533245498432) request_id=4368772 zil_blk_id=615996 ccf_commit_seqno=4368777 nstreams_done_=154000 config.nstreams=400000 avg_latency=0.9216 ms avg throuhgput (requests/sec) = 703.9391 res=false
*==== INFO ====*  stream_id=617996 latency=0.674561 ms (tx_ts=88533986436342, rx_ts=88533987110903) request_id=4381826 zil_blk_id=617996 ccf_commit_seqno=4381827 nstreams_done_=154500 config.nstreams=400000 avg_latency=0.9218 ms avg throuhgput (requests/sec) = 703.8387 res=false
*==== INFO ====*  stream_id=619996 latency=0.782210 ms (tx_ts=88534629210641, rx_ts=88534629992851) request_id=4394621 zil_blk_id=619996 ccf_commit_seqno=4394625 nstreams_done_=155000 config.nstreams=400000 avg_latency=0.9213 ms avg throuhgput (requests/sec) = 704.0545 res=false
*==== INFO ====*  stream_id=621996 latency=1.171771 ms (tx_ts=88535323383104, rx_ts=88535324554875) request_id=4407431 zil_blk_id=621996 ccf_commit_seqno=4407432 nstreams_done_=155500 config.nstreams=400000 avg_latency=0.9213 ms avg throuhgput (requests/sec) = 704.1043 res=false
*==== INFO ====*  stream_id=623996 latency=0.699898 ms (tx_ts=88536013076932, rx_ts=88536013776830) request_id=4420564 zil_blk_id=623996 ccf_commit_seqno=4420564 nstreams_done_=156000 config.nstreams=400000 avg_latency=0.9211 ms avg throuhgput (requests/sec) = 704.1707 res=false
*==== INFO ====*  stream_id=625996 latency=0.702814 ms (tx_ts=88536704259558, rx_ts=88536704962372) request_id=4433844 zil_blk_id=625996 ccf_commit_seqno=4433847 nstreams_done_=156500 config.nstreams=400000 avg_latency=0.9209 ms avg throuhgput (requests/sec) = 704.2305 res=false
*==== INFO ====*  stream_id=627996 latency=1.163075 ms (tx_ts=88537381661485, rx_ts=88537382824560) request_id=4446502 zil_blk_id=627996 ccf_commit_seqno=4446502 nstreams_done_=157000 config.nstreams=400000 avg_latency=0.9207 ms avg throuhgput (requests/sec) = 704.3320 res=false
*==== INFO ====*  stream_id=629996 latency=0.674021 ms (tx_ts=88538048288533, rx_ts=88538048962554) request_id=4459367 zil_blk_id=629996 ccf_commit_seqno=4459369 nstreams_done_=157500 config.nstreams=400000 avg_latency=0.9204 ms avg throuhgput (requests/sec) = 704.4699 res=false
*==== INFO ====*  stream_id=631996 latency=0.701021 ms (tx_ts=88538719428492, rx_ts=88538720129513) request_id=4472317 zil_blk_id=631996 ccf_commit_seqno=4472319 nstreams_done_=158000 config.nstreams=400000 avg_latency=0.9202 ms avg throuhgput (requests/sec) = 704.5911 res=false
*==== INFO ====*  stream_id=633996 latency=0.780560 ms (tx_ts=88539378820912, rx_ts=88539379601472) request_id=4485281 zil_blk_id=633996 ccf_commit_seqno=4485285 nstreams_done_=158500 config.nstreams=400000 avg_latency=0.9198 ms avg throuhgput (requests/sec) = 704.7482 res=false
*==== INFO ====*  stream_id=635996 latency=0.769860 ms (tx_ts=88540097500906, rx_ts=88540098270766) request_id=4498582 zil_blk_id=635996 ccf_commit_seqno=4498582 nstreams_done_=159000 config.nstreams=400000 avg_latency=0.9198 ms avg throuhgput (requests/sec) = 704.7195 res=false
*==== INFO ====*  stream_id=637996 latency=0.744557 ms (tx_ts=88540781627699, rx_ts=88540782372256) request_id=4511310 zil_blk_id=637996 ccf_commit_seqno=4511314 nstreams_done_=159500 config.nstreams=400000 avg_latency=0.9197 ms avg throuhgput (requests/sec) = 704.7986 res=false
*==== INFO ====*  stream_id=639996 latency=0.647846 ms (tx_ts=88541457655549, rx_ts=88541458303395) request_id=4524110 zil_blk_id=639996 ccf_commit_seqno=4524110 nstreams_done_=160000 config.nstreams=400000 avg_latency=0.9196 ms avg throuhgput (requests/sec) = 704.9026 res=false
*==== INFO ====*  stream_id=641996 latency=1.159048 ms (tx_ts=88542130958727, rx_ts=88542132117775) request_id=4536932 zil_blk_id=641996 ccf_commit_seqno=4536940 nstreams_done_=160500 config.nstreams=400000 avg_latency=0.9194 ms avg throuhgput (requests/sec) = 705.0125 res=false
*==== INFO ====*  stream_id=643996 latency=0.747641 ms (tx_ts=88542823404585, rx_ts=88542824152226) request_id=4549843 zil_blk_id=643996 ccf_commit_seqno=4549844 nstreams_done_=161000 config.nstreams=400000 avg_latency=0.9193 ms avg throuhgput (requests/sec) = 705.0655 res=false
*==== INFO ====*  stream_id=645996 latency=0.817248 ms (tx_ts=88543519039251, rx_ts=88543519856499) request_id=4562673 zil_blk_id=645996 ccf_commit_seqno=4562675 nstreams_done_=161500 config.nstreams=400000 avg_latency=0.9192 ms avg throuhgput (requests/sec) = 705.1069 res=false
*==== INFO ====*  stream_id=647996 latency=1.284636 ms (tx_ts=88544228442667, rx_ts=88544229727303) request_id=4575575 zil_blk_id=647996 ccf_commit_seqno=4575582 nstreams_done_=162000 config.nstreams=400000 avg_latency=0.9192 ms avg throuhgput (requests/sec) = 705.1046 res=false
*==== INFO ====*  stream_id=649996 latency=1.177981 ms (tx_ts=88544904403625, rx_ts=88544905581606) request_id=4588635 zil_blk_id=649996 ccf_commit_seqno=4588638 nstreams_done_=162500 config.nstreams=400000 avg_latency=0.9190 ms avg throuhgput (requests/sec) = 705.2064 res=false
*==== INFO ====*  stream_id=651996 latency=0.725625 ms (tx_ts=88545661149718, rx_ts=88545661875343) request_id=4601348 zil_blk_id=651996 ccf_commit_seqno=4601349 nstreams_done_=163000 config.nstreams=400000 avg_latency=0.9192 ms avg throuhgput (requests/sec) = 705.0622 res=false
*==== INFO ====*  stream_id=653996 latency=0.989220 ms (tx_ts=88546394479238, rx_ts=88546395468458) request_id=4614462 zil_blk_id=653996 ccf_commit_seqno=4614468 nstreams_done_=163500 config.nstreams=400000 avg_latency=0.9193 ms avg throuhgput (requests/sec) = 704.9879 res=false
*==== INFO ====*  stream_id=655996 latency=0.817030 ms (tx_ts=88547089399709, rx_ts=88547090216739) request_id=4627403 zil_blk_id=655996 ccf_commit_seqno=4627406 nstreams_done_=164000 config.nstreams=400000 avg_latency=0.9192 ms avg throuhgput (requests/sec) = 705.0318 res=false
*==== INFO ====*  stream_id=657996 latency=0.704658 ms (tx_ts=88547857978497, rx_ts=88547858683155) request_id=4640777 zil_blk_id=657996 ccf_commit_seqno=4640777 nstreams_done_=164500 config.nstreams=400000 avg_latency=0.9195 ms avg throuhgput (requests/sec) = 704.8527 res=false
*==== INFO ====*  stream_id=659996 latency=0.660874 ms (tx_ts=88548544631016, rx_ts=88548545291890) request_id=4653789 zil_blk_id=659996 ccf_commit_seqno=4653791 nstreams_done_=165000 config.nstreams=400000 avg_latency=0.9193 ms avg throuhgput (requests/sec) = 704.9212 res=false
*==== INFO ====*  stream_id=661996 latency=0.963899 ms (tx_ts=88549257076831, rx_ts=88549258040730) request_id=4667080 zil_blk_id=661996 ccf_commit_seqno=4667087 nstreams_done_=165500 config.nstreams=400000 avg_latency=0.9193 ms avg throuhgput (requests/sec) = 704.9109 res=false
*==== INFO ====*  stream_id=663996 latency=1.432700 ms (tx_ts=88549926603626, rx_ts=88549928036326) request_id=4679890 zil_blk_id=663996 ccf_commit_seqno=4679909 nstreams_done_=166000 config.nstreams=400000 avg_latency=0.9191 ms avg throuhgput (requests/sec) = 705.0286 res=false
*==== INFO ====*  stream_id=665996 latency=0.756441 ms (tx_ts=88550598860919, rx_ts=88550599617360) request_id=4692619 zil_blk_id=665996 ccf_commit_seqno=4692620 nstreams_done_=166500 config.nstreams=400000 avg_latency=0.9189 ms avg throuhgput (requests/sec) = 705.1409 res=false
*==== INFO ====*  stream_id=667996 latency=0.805756 ms (tx_ts=88551300948026, rx_ts=88551301753782) request_id=4705596 zil_blk_id=667996 ccf_commit_seqno=4705598 nstreams_done_=167000 config.nstreams=400000 avg_latency=0.9189 ms avg throuhgput (requests/sec) = 705.1615 res=false
*==== INFO ====*  stream_id=669996 latency=0.640828 ms (tx_ts=88551983796521, rx_ts=88551984437349) request_id=4718582 zil_blk_id=669996 ccf_commit_seqno=4718583 nstreams_done_=167500 config.nstreams=400000 avg_latency=0.9187 ms avg throuhgput (requests/sec) = 705.2398 res=false
*==== INFO ====*  stream_id=671996 latency=0.731892 ms (tx_ts=88552671320627, rx_ts=88552672052519) request_id=4731675 zil_blk_id=671996 ccf_commit_seqno=4731676 nstreams_done_=168000 config.nstreams=400000 avg_latency=0.9186 ms avg throuhgput (requests/sec) = 705.3031 res=false
*==== INFO ====*  stream_id=673996 latency=0.736234 ms (tx_ts=88553324894510, rx_ts=88553325630744) request_id=4744396 zil_blk_id=673996 ccf_commit_seqno=4744399 nstreams_done_=168500 config.nstreams=400000 avg_latency=0.9183 ms avg throuhgput (requests/sec) = 705.4665 res=false
*==== INFO ====*  stream_id=675996 latency=0.728292 ms (tx_ts=88554014451385, rx_ts=88554015179677) request_id=4757279 zil_blk_id=675996 ccf_commit_seqno=4757281 nstreams_done_=169000 config.nstreams=400000 avg_latency=0.9182 ms avg throuhgput (requests/sec) = 705.5231 res=false
*==== INFO ====*  stream_id=677996 latency=1.056521 ms (tx_ts=88554703759165, rx_ts=88554704815686) request_id=4770296 zil_blk_id=677996 ccf_commit_seqno=4770299 nstreams_done_=169500 config.nstreams=400000 avg_latency=0.9180 ms avg throuhgput (requests/sec) = 705.5790 res=false
*==== INFO ====*  stream_id=679996 latency=0.698987 ms (tx_ts=88555364839815, rx_ts=88555365538802) request_id=4783198 zil_blk_id=679996 ccf_commit_seqno=4783199 nstreams_done_=170000 config.nstreams=400000 avg_latency=0.9178 ms avg throuhgput (requests/sec) = 705.7194 res=false
*==== INFO ====*  stream_id=681996 latency=0.590665 ms (tx_ts=88556142028783, rx_ts=88556142619448) request_id=4796014 zil_blk_id=681996 ccf_commit_seqno=4796015 nstreams_done_=170500 config.nstreams=400000 avg_latency=0.9181 ms avg throuhgput (requests/sec) = 705.5191 res=false
*==== INFO ====*  stream_id=683996 latency=1.160650 ms (tx_ts=88556916616898, rx_ts=88556917777548) request_id=4809370 zil_blk_id=683996 ccf_commit_seqno=4809370 nstreams_done_=171000 config.nstreams=400000 avg_latency=0.9184 ms avg throuhgput (requests/sec) = 705.3257 res=false
*==== INFO ====*  stream_id=685996 latency=0.679731 ms (tx_ts=88557601956547, rx_ts=88557602636278) request_id=4822019 zil_blk_id=685996 ccf_commit_seqno=4822020 nstreams_done_=171500 config.nstreams=400000 avg_latency=0.9184 ms avg throuhgput (requests/sec) = 705.3954 res=false
*==== INFO ====*  stream_id=687996 latency=0.677357 ms (tx_ts=88558237557494, rx_ts=88558238234851) request_id=4834936 zil_blk_id=687996 ccf_commit_seqno=4834938 nstreams_done_=172000 config.nstreams=400000 avg_latency=0.9180 ms avg throuhgput (requests/sec) = 705.6073 res=false
*==== INFO ====*  stream_id=689996 latency=1.013064 ms (tx_ts=88558930411393, rx_ts=88558931424457) request_id=4847876 zil_blk_id=689996 ccf_commit_seqno=4847878 nstreams_done_=172500 config.nstreams=400000 avg_latency=0.9178 ms avg throuhgput (requests/sec) = 705.6518 res=false
*==== INFO ====*  stream_id=691996 latency=1.571048 ms (tx_ts=88559646360066, rx_ts=88559647931114) request_id=4860718 zil_blk_id=691996 ccf_commit_seqno=4860735 nstreams_done_=173000 config.nstreams=400000 avg_latency=0.9179 ms avg throuhgput (requests/sec) = 705.6290 res=false
*==== INFO ====*  stream_id=693996 latency=0.706657 ms (tx_ts=88560372579751, rx_ts=88560373286408) request_id=4873553 zil_blk_id=693996 ccf_commit_seqno=4873553 nstreams_done_=173500 config.nstreams=400000 avg_latency=0.9179 ms avg throuhgput (requests/sec) = 705.5808 res=false
*==== INFO ====*  stream_id=695996 latency=0.967890 ms (tx_ts=88561108178021, rx_ts=88561109145911) request_id=4886359 zil_blk_id=695996 ccf_commit_seqno=4886365 nstreams_done_=174000 config.nstreams=400000 avg_latency=0.9181 ms avg throuhgput (requests/sec) = 705.5030 res=false
*==== INFO ====*  stream_id=697996 latency=0.974282 ms (tx_ts=88561777799647, rx_ts=88561778773929) request_id=4899197 zil_blk_id=697996 ccf_commit_seqno=4899201 nstreams_done_=174500 config.nstreams=400000 avg_latency=0.9180 ms avg throuhgput (requests/sec) = 705.6145 res=false
*==== INFO ====*  stream_id=699996 latency=0.688002 ms (tx_ts=88562410697804, rx_ts=88562411385806) request_id=4912094 zil_blk_id=699996 ccf_commit_seqno=4912096 nstreams_done_=175000 config.nstreams=400000 avg_latency=0.9176 ms avg throuhgput (requests/sec) = 705.8307 res=false
*==== INFO ====*  stream_id=701996 latency=0.637352 ms (tx_ts=88563117341809, rx_ts=88563117979161) request_id=4925050 zil_blk_id=701996 ccf_commit_seqno=4925051 nstreams_done_=175500 config.nstreams=400000 avg_latency=0.9175 ms avg throuhgput (requests/sec) = 705.8358 res=false
*==== INFO ====*  stream_id=703996 latency=0.732507 ms (tx_ts=88563731460150, rx_ts=88563732192657) request_id=4937350 zil_blk_id=703996 ccf_commit_seqno=4937351 nstreams_done_=176000 config.nstreams=400000 avg_latency=0.9170 ms avg throuhgput (requests/sec) = 706.1025 res=false
*==== INFO ====*  stream_id=705996 latency=1.097072 ms (tx_ts=88564457625563, rx_ts=88564458722635) request_id=4950276 zil_blk_id=705996 ccf_commit_seqno=4950276 nstreams_done_=176500 config.nstreams=400000 avg_latency=0.9171 ms avg throuhgput (requests/sec) = 706.0504 res=false
*==== INFO ====*  stream_id=707996 latency=1.378428 ms (tx_ts=88565177427531, rx_ts=88565178805959) request_id=4963513 zil_blk_id=707996 ccf_commit_seqno=4963517 nstreams_done_=177000 config.nstreams=400000 avg_latency=0.9172 ms avg throuhgput (requests/sec) = 706.0169 res=false
*==== INFO ====*  stream_id=709996 latency=1.116373 ms (tx_ts=88565907661886, rx_ts=88565908778259) request_id=4977024 zil_blk_id=709996 ccf_commit_seqno=4977029 nstreams_done_=177500 config.nstreams=400000 avg_latency=0.9171 ms avg throuhgput (requests/sec) = 705.9557 res=false
*==== INFO ====*  stream_id=711996 latency=0.824560 ms (tx_ts=88566549463035, rx_ts=88566550287595) request_id=4989833 zil_blk_id=711996 ccf_commit_seqno=4989838 nstreams_done_=178000 config.nstreams=400000 avg_latency=0.9168 ms avg throuhgput (requests/sec) = 706.1427 res=false
*==== INFO ====*  stream_id=713996 latency=0.908044 ms (tx_ts=88567226312366, rx_ts=88567227220410) request_id=5002759 zil_blk_id=713996 ccf_commit_seqno=5002764 nstreams_done_=178500 config.nstreams=400000 avg_latency=0.9166 ms avg throuhgput (requests/sec) = 706.2297 res=false
*==== INFO ====*  stream_id=715996 latency=1.245589 ms (tx_ts=88567899077301, rx_ts=88567900322890) request_id=5015391 zil_blk_id=715996 ccf_commit_seqno=5015402 nstreams_done_=179000 config.nstreams=400000 avg_latency=0.9165 ms avg throuhgput (requests/sec) = 706.3269 res=false
*==== INFO ====*  stream_id=717996 latency=0.673279 ms (tx_ts=88568652671598, rx_ts=88568653344877) request_id=5028332 zil_blk_id=717996 ccf_commit_seqno=5028334 nstreams_done_=179500 config.nstreams=400000 avg_latency=0.9168 ms avg throuhgput (requests/sec) = 706.2015 res=false
*==== INFO ====*  stream_id=719996 latency=0.688758 ms (tx_ts=88569345070045, rx_ts=88569345758803) request_id=5041483 zil_blk_id=719996 ccf_commit_seqno=5041483 nstreams_done_=180000 config.nstreams=400000 avg_latency=0.9167 ms avg throuhgput (requests/sec) = 706.2447 res=false
*==== INFO ====*  stream_id=721996 latency=0.611120 ms (tx_ts=88570039545220, rx_ts=88570040156340) request_id=5054307 zil_blk_id=721996 ccf_commit_seqno=5054307 nstreams_done_=180500 config.nstreams=400000 avg_latency=0.9166 ms avg throuhgput (requests/sec) = 706.2822 res=false
*==== INFO ====*  stream_id=723996 latency=0.740210 ms (tx_ts=88570706893452, rx_ts=88570707633662) request_id=5066986 zil_blk_id=723996 ccf_commit_seqno=5066986 nstreams_done_=181000 config.nstreams=400000 avg_latency=0.9165 ms avg throuhgput (requests/sec) = 706.3937 res=false
*==== INFO ====*  stream_id=725996 latency=0.946446 ms (tx_ts=88571370369017, rx_ts=88571371315463) request_id=5080060 zil_blk_id=725996 ccf_commit_seqno=5080063 nstreams_done_=181500 config.nstreams=400000 avg_latency=0.9162 ms avg throuhgput (requests/sec) = 706.5151 res=false
*==== INFO ====*  stream_id=727996 latency=0.750083 ms (tx_ts=88572044225431, rx_ts=88572044975514) request_id=5092721 zil_blk_id=727996 ccf_commit_seqno=5092724 nstreams_done_=182000 config.nstreams=400000 avg_latency=0.9161 ms avg throuhgput (requests/sec) = 706.6084 res=false
*==== INFO ====*  stream_id=729996 latency=0.634433 ms (tx_ts=88572734640626, rx_ts=88572735275059) request_id=5105965 zil_blk_id=729996 ccf_commit_seqno=5105965 nstreams_done_=182500 config.nstreams=400000 avg_latency=0.9159 ms avg throuhgput (requests/sec) = 706.6558 res=false
*==== INFO ====*  stream_id=731996 latency=0.798478 ms (tx_ts=88573434108096, rx_ts=88573434906574) request_id=5118748 zil_blk_id=731996 ccf_commit_seqno=5118750 nstreams_done_=183000 config.nstreams=400000 avg_latency=0.9159 ms avg throuhgput (requests/sec) = 706.6774 res=false
*==== INFO ====*  stream_id=733996 latency=0.866911 ms (tx_ts=88574121617168, rx_ts=88574122484079) request_id=5131780 zil_blk_id=733996 ccf_commit_seqno=5131785 nstreams_done_=183500 config.nstreams=400000 avg_latency=0.9158 ms avg throuhgput (requests/sec) = 706.7317 res=false
*==== INFO ====*  stream_id=735996 latency=0.766847 ms (tx_ts=88574791361683, rx_ts=88574792128530) request_id=5144927 zil_blk_id=735996 ccf_commit_seqno=5144931 nstreams_done_=184000 config.nstreams=400000 avg_latency=0.9156 ms avg throuhgput (requests/sec) = 706.8345 res=false
*==== INFO ====*  stream_id=737996 latency=1.143832 ms (tx_ts=88575484150021, rx_ts=88575485293853) request_id=5158183 zil_blk_id=737996 ccf_commit_seqno=5158192 nstreams_done_=184500 config.nstreams=400000 avg_latency=0.9154 ms avg throuhgput (requests/sec) = 706.8730 res=false
*==== INFO ====*  stream_id=739996 latency=0.784086 ms (tx_ts=88576183589197, rx_ts=88576184373283) request_id=5171098 zil_blk_id=739996 ccf_commit_seqno=5171099 nstreams_done_=185000 config.nstreams=400000 avg_latency=0.9154 ms avg throuhgput (requests/sec) = 706.8953 res=false
*==== INFO ====*  stream_id=741996 latency=0.755148 ms (tx_ts=88576886294137, rx_ts=88576887049285) request_id=5184045 zil_blk_id=741996 ccf_commit_seqno=5184047 nstreams_done_=185500 config.nstreams=400000 avg_latency=0.9154 ms avg throuhgput (requests/sec) = 706.9078 res=false
*==== INFO ====*  stream_id=743996 latency=0.781111 ms (tx_ts=88577560475811, rx_ts=88577561256922) request_id=5197176 zil_blk_id=743996 ccf_commit_seqno=5197179 nstreams_done_=186000 config.nstreams=400000 avg_latency=0.9152 ms avg throuhgput (requests/sec) = 706.9967 res=false
*==== INFO ====*  stream_id=745996 latency=0.822057 ms (tx_ts=88578287122233, rx_ts=88578287944290) request_id=5210486 zil_blk_id=745996 ccf_commit_seqno=5210489 nstreams_done_=186500 config.nstreams=400000 avg_latency=0.9151 ms avg throuhgput (requests/sec) = 706.9445 res=false
*==== INFO ====*  stream_id=747996 latency=0.738982 ms (tx_ts=88578949822978, rx_ts=88578950561960) request_id=5223386 zil_blk_id=747996 ccf_commit_seqno=5223388 nstreams_done_=187000 config.nstreams=400000 avg_latency=0.9149 ms avg throuhgput (requests/sec) = 707.0639 res=false
*==== INFO ====*  stream_id=749996 latency=0.653078 ms (tx_ts=88579612992786, rx_ts=88579613645864) request_id=5236399 zil_blk_id=749996 ccf_commit_seqno=5236400 nstreams_done_=187500 config.nstreams=400000 avg_latency=0.9147 ms avg throuhgput (requests/sec) = 707.1814 res=false
*==== INFO ====*  stream_id=751996 latency=1.654794 ms (tx_ts=88580306148186, rx_ts=88580307802980) request_id=5249559 zil_blk_id=751996 ccf_commit_seqno=5249577 nstreams_done_=188000 config.nstreams=400000 avg_latency=0.9146 ms avg throuhgput (requests/sec) = 707.2157 res=false
*==== INFO ====*  stream_id=753996 latency=0.587880 ms (tx_ts=88580945267598, rx_ts=88580945855478) request_id=5262400 zil_blk_id=753996 ccf_commit_seqno=5262400 nstreams_done_=188500 config.nstreams=400000 avg_latency=0.9143 ms avg throuhgput (requests/sec) = 707.3986 res=false
*==== INFO ====*  stream_id=755996 latency=1.574680 ms (tx_ts=88581634194991, rx_ts=88581635769671) request_id=5275529 zil_blk_id=755996 ccf_commit_seqno=5275545 nstreams_done_=189000 config.nstreams=400000 avg_latency=0.9141 ms avg throuhgput (requests/sec) = 707.4434 res=false
*==== INFO ====*  stream_id=757996 latency=1.476721 ms (tx_ts=88582340295931, rx_ts=88582341772652) request_id=5288703 zil_blk_id=757996 ccf_commit_seqno=5288704 nstreams_done_=189500 config.nstreams=400000 avg_latency=0.9140 ms avg throuhgput (requests/sec) = 707.4454 res=false
*==== INFO ====*  stream_id=759996 latency=0.966555 ms (tx_ts=88583010120207, rx_ts=88583011086762) request_id=5301594 zil_blk_id=759996 ccf_commit_seqno=5301594 nstreams_done_=190000 config.nstreams=400000 avg_latency=0.9139 ms avg throuhgput (requests/sec) = 707.5441 res=false
*==== INFO ====*  stream_id=761996 latency=0.637362 ms (tx_ts=88583666684390, rx_ts=88583667321752) request_id=5314603 zil_blk_id=761996 ccf_commit_seqno=5314605 nstreams_done_=190500 config.nstreams=400000 avg_latency=0.9136 ms avg throuhgput (requests/sec) = 707.6767 res=false
*==== INFO ====*  stream_id=763996 latency=0.954200 ms (tx_ts=88584360374097, rx_ts=88584361328297) request_id=5327581 zil_blk_id=763996 ccf_commit_seqno=5327585 nstreams_done_=191000 config.nstreams=400000 avg_latency=0.9135 ms avg throuhgput (requests/sec) = 707.7095 res=false
*==== INFO ====*  stream_id=765996 latency=0.706872 ms (tx_ts=88585106333730, rx_ts=88585107040602) request_id=5340696 zil_blk_id=765996 ccf_commit_seqno=5340698 nstreams_done_=191500 config.nstreams=400000 avg_latency=0.9136 ms avg throuhgput (requests/sec) = 707.6070 res=false
*==== INFO ====*  stream_id=767996 latency=0.990025 ms (tx_ts=88585751053467, rx_ts=88585752043492) request_id=5353361 zil_blk_id=767996 ccf_commit_seqno=5353361 nstreams_done_=192000 config.nstreams=400000 avg_latency=0.9132 ms avg throuhgput (requests/sec) = 707.7677 res=false
*==== INFO ====*  stream_id=769996 latency=0.714346 ms (tx_ts=88586528642833, rx_ts=88586529357179) request_id=5366755 zil_blk_id=769996 ccf_commit_seqno=5366758 nstreams_done_=192500 config.nstreams=400000 avg_latency=0.9136 ms avg throuhgput (requests/sec) = 707.5833 res=false
*==== INFO ====*  stream_id=771996 latency=1.529299 ms (tx_ts=88587206589091, rx_ts=88587208118390) request_id=5379682 zil_blk_id=771996 ccf_commit_seqno=5379686 nstreams_done_=193000 config.nstreams=400000 avg_latency=0.9134 ms avg throuhgput (requests/sec) = 707.6556 res=false
*==== INFO ====*  stream_id=773996 latency=1.438514 ms (tx_ts=88587872940633, rx_ts=88587874379147) request_id=5392501 zil_blk_id=773996 ccf_commit_seqno=5392511 nstreams_done_=193500 config.nstreams=400000 avg_latency=0.9132 ms avg throuhgput (requests/sec) = 707.7599 res=false
*==== INFO ====*  stream_id=775996 latency=0.775951 ms (tx_ts=88588604730400, rx_ts=88588605506351) request_id=5405572 zil_blk_id=775996 ccf_commit_seqno=5405572 nstreams_done_=194000 config.nstreams=400000 avg_latency=0.9134 ms avg throuhgput (requests/sec) = 707.6962 res=false
*==== INFO ====*  stream_id=777996 latency=1.113407 ms (tx_ts=88589281107912, rx_ts=88589282221319) request_id=5418445 zil_blk_id=777996 ccf_commit_seqno=5418445 nstreams_done_=194500 config.nstreams=400000 avg_latency=0.9132 ms avg throuhgput (requests/sec) = 707.7730 res=false
*==== INFO ====*  stream_id=779996 latency=0.617635 ms (tx_ts=88589958916281, rx_ts=88589959533916) request_id=5431490 zil_blk_id=779996 ccf_commit_seqno=5431490 nstreams_done_=195000 config.nstreams=400000 avg_latency=0.9130 ms avg throuhgput (requests/sec) = 707.8478 res=false
*==== INFO ====*  stream_id=781996 latency=0.697795 ms (tx_ts=88590657101479, rx_ts=88590657799274) request_id=5444685 zil_blk_id=781996 ccf_commit_seqno=5444685 nstreams_done_=195500 config.nstreams=400000 avg_latency=0.9129 ms avg throuhgput (requests/sec) = 707.8686 res=false
*==== INFO ====*  stream_id=783996 latency=0.784544 ms (tx_ts=88591321462712, rx_ts=88591322247256) request_id=5457336 zil_blk_id=783996 ccf_commit_seqno=5457337 nstreams_done_=196000 config.nstreams=400000 avg_latency=0.9127 ms avg throuhgput (requests/sec) = 707.9757 res=false
*==== INFO ====*  stream_id=785996 latency=1.271559 ms (tx_ts=88591983645707, rx_ts=88591984917266) request_id=5469870 zil_blk_id=785996 ccf_commit_seqno=5469883 nstreams_done_=196500 config.nstreams=400000 avg_latency=0.9125 ms avg throuhgput (requests/sec) = 708.0868 res=false
*==== INFO ====*  stream_id=787996 latency=1.346798 ms (tx_ts=88592700071554, rx_ts=88592701418352) request_id=5482850 zil_blk_id=787996 ccf_commit_seqno=5482865 nstreams_done_=197000 config.nstreams=400000 avg_latency=0.9125 ms avg throuhgput (requests/sec) = 708.0604 res=false
*==== INFO ====*  stream_id=789996 latency=1.434763 ms (tx_ts=88593364915921, rx_ts=88593366350684) request_id=5495661 zil_blk_id=789996 ccf_commit_seqno=5495666 nstreams_done_=197500 config.nstreams=400000 avg_latency=0.9123 ms avg throuhgput (requests/sec) = 708.1651 res=false
*==== INFO ====*  stream_id=791996 latency=0.630339 ms (tx_ts=88594034683120, rx_ts=88594035313459) request_id=5508416 zil_blk_id=791996 ccf_commit_seqno=5508416 nstreams_done_=198000 config.nstreams=400000 avg_latency=0.9121 ms avg throuhgput (requests/sec) = 708.2591 res=false
*==== INFO ====*  stream_id=793996 latency=0.816346 ms (tx_ts=88594736391343, rx_ts=88594737207689) request_id=5521107 zil_blk_id=793996 ccf_commit_seqno=5521107 nstreams_done_=198500 config.nstreams=400000 avg_latency=0.9122 ms avg throuhgput (requests/sec) = 708.2693 res=false
*==== INFO ====*  stream_id=795996 latency=0.746509 ms (tx_ts=88595397807310, rx_ts=88595398553819) request_id=5533869 zil_blk_id=795996 ccf_commit_seqno=5533871 nstreams_done_=199000 config.nstreams=400000 avg_latency=0.9120 ms avg throuhgput (requests/sec) = 708.3818 res=false
*==== INFO ====*  stream_id=797996 latency=0.647788 ms (tx_ts=88596058685415, rx_ts=88596059333203) request_id=5546666 zil_blk_id=797996 ccf_commit_seqno=5546666 nstreams_done_=199500 config.nstreams=400000 avg_latency=0.9118 ms avg throuhgput (requests/sec) = 708.4951 res=false
*==== INFO ====*  stream_id=799996 latency=0.993142 ms (tx_ts=88596694418667, rx_ts=88596695411809) request_id=5559271 zil_blk_id=799996 ccf_commit_seqno=5559278 nstreams_done_=200000 config.nstreams=400000 avg_latency=0.9116 ms avg throuhgput (requests/sec) = 708.6699 res=false
*==== INFO ====*  stream_id=801996 latency=1.011782 ms (tx_ts=88597381952039, rx_ts=88597382963821) request_id=5572554 zil_blk_id=801996 ccf_commit_seqno=5572559 nstreams_done_=200500 config.nstreams=400000 avg_latency=0.9114 ms avg throuhgput (requests/sec) = 708.7150 res=false
*==== INFO ====*  stream_id=803996 latency=0.683238 ms (tx_ts=88598035023326, rx_ts=88598035706564) request_id=5585424 zil_blk_id=803996 ccf_commit_seqno=5585424 nstreams_done_=201000 config.nstreams=400000 avg_latency=0.9112 ms avg throuhgput (requests/sec) = 708.8469 res=false
*==== INFO ====*  stream_id=805996 latency=0.826385 ms (tx_ts=88598733648834, rx_ts=88598734475219) request_id=5598383 zil_blk_id=805996 ccf_commit_seqno=5598385 nstreams_done_=201500 config.nstreams=400000 avg_latency=0.9112 ms avg throuhgput (requests/sec) = 708.8634 res=false
*==== INFO ====*  stream_id=807996 latency=0.710566 ms (tx_ts=88599439889053, rx_ts=88599440599619) request_id=5611436 zil_blk_id=807996 ccf_commit_seqno=5611438 nstreams_done_=202000 config.nstreams=400000 avg_latency=0.9112 ms avg throuhgput (requests/sec) = 708.8614 res=false
*==== INFO ====*  stream_id=809996 latency=0.913087 ms (tx_ts=88600103345601, rx_ts=88600104258688) request_id=5624650 zil_blk_id=809996 ccf_commit_seqno=5624652 nstreams_done_=202500 config.nstreams=400000 avg_latency=0.9109 ms avg throuhgput (requests/sec) = 708.9649 res=false
*==== INFO ====*  stream_id=811996 latency=0.786998 ms (tx_ts=88600733747578, rx_ts=88600734534576) request_id=5637561 zil_blk_id=811996 ccf_commit_seqno=5637566 nstreams_done_=203000 config.nstreams=400000 avg_latency=0.9106 ms avg throuhgput (requests/sec) = 709.1506 res=false
*==== INFO ====*  stream_id=813996 latency=0.816036 ms (tx_ts=88601403612374, rx_ts=88601404428410) request_id=5650677 zil_blk_id=813996 ccf_commit_seqno=5650679 nstreams_done_=203500 config.nstreams=400000 avg_latency=0.9104 ms avg throuhgput (requests/sec) = 709.2375 res=false
*==== INFO ====*  stream_id=815996 latency=0.733853 ms (tx_ts=88602040090343, rx_ts=88602040824196) request_id=5663594 zil_blk_id=815996 ccf_commit_seqno=5663597 nstreams_done_=204000 config.nstreams=400000 avg_latency=0.9101 ms avg throuhgput (requests/sec) = 709.4067 res=false
*==== INFO ====*  stream_id=817996 latency=0.737012 ms (tx_ts=88602692908216, rx_ts=88602693645228) request_id=5676193 zil_blk_id=817996 ccf_commit_seqno=5676194 nstreams_done_=204500 config.nstreams=400000 avg_latency=0.9099 ms avg throuhgput (requests/sec) = 709.5347 res=false
*==== INFO ====*  stream_id=819996 latency=0.660879 ms (tx_ts=88603362155149, rx_ts=88603362816028) request_id=5688939 zil_blk_id=819996 ccf_commit_seqno=5688939 nstreams_done_=205000 config.nstreams=400000 avg_latency=0.9098 ms avg throuhgput (requests/sec) = 709.6219 res=false
*==== INFO ====*  stream_id=821996 latency=0.746777 ms (tx_ts=88604018755703, rx_ts=88604019502480) request_id=5701646 zil_blk_id=821996 ccf_commit_seqno=5701647 nstreams_done_=205500 config.nstreams=400000 avg_latency=0.9095 ms avg throuhgput (requests/sec) = 709.7393 res=false
*==== INFO ====*  stream_id=823996 latency=0.702992 ms (tx_ts=88604725379641, rx_ts=88604726082633) request_id=5715140 zil_blk_id=823996 ccf_commit_seqno=5715140 nstreams_done_=206000 config.nstreams=400000 avg_latency=0.9094 ms avg throuhgput (requests/sec) = 709.7342 res=false
*==== INFO ====*  stream_id=825996 latency=0.852223 ms (tx_ts=88605405839028, rx_ts=88605406691251) request_id=5728047 zil_blk_id=825996 ccf_commit_seqno=5728052 nstreams_done_=206500 config.nstreams=400000 avg_latency=0.9092 ms avg throuhgput (requests/sec) = 709.7925 res=false
*==== INFO ====*  stream_id=827996 latency=0.768111 ms (tx_ts=88606129990791, rx_ts=88606130758902) request_id=5741154 zil_blk_id=827996 ccf_commit_seqno=5741156 nstreams_done_=207000 config.nstreams=400000 avg_latency=0.9092 ms avg throuhgput (requests/sec) = 709.7447 res=false
*==== INFO ====*  stream_id=829996 latency=0.776315 ms (tx_ts=88606795395476, rx_ts=88606796171791) request_id=5754202 zil_blk_id=829996 ccf_commit_seqno=5754206 nstreams_done_=207500 config.nstreams=400000 avg_latency=0.9090 ms avg throuhgput (requests/sec) = 709.8395 res=false
*==== INFO ====*  stream_id=831996 latency=0.710872 ms (tx_ts=88607513458320, rx_ts=88607514169192) request_id=5767434 zil_blk_id=831996 ccf_commit_seqno=5767435 nstreams_done_=208000 config.nstreams=400000 avg_latency=0.9090 ms avg throuhgput (requests/sec) = 709.8066 res=false
*==== INFO ====*  stream_id=833996 latency=0.829231 ms (tx_ts=88608248854509, rx_ts=88608249683740) request_id=5780771 zil_blk_id=833996 ccf_commit_seqno=5780774 nstreams_done_=208500 config.nstreams=400000 avg_latency=0.9090 ms avg throuhgput (requests/sec) = 709.7314 res=false
*==== INFO ====*  stream_id=835996 latency=0.761014 ms (tx_ts=88608939509779, rx_ts=88608940270793) request_id=5793416 zil_blk_id=835996 ccf_commit_seqno=5793421 nstreams_done_=209000 config.nstreams=400000 avg_latency=0.9090 ms avg throuhgput (requests/sec) = 709.7649 res=false
*==== INFO ====*  stream_id=837996 latency=0.754639 ms (tx_ts=88609674535773, rx_ts=88609675290412) request_id=5806773 zil_blk_id=837996 ccf_commit_seqno=5806775 nstreams_done_=209500 config.nstreams=400000 avg_latency=0.9091 ms avg throuhgput (requests/sec) = 709.6915 res=false
*==== INFO ====*  stream_id=839996 latency=0.573953 ms (tx_ts=88610350899437, rx_ts=88610351473390) request_id=5819777 zil_blk_id=839996 ccf_commit_seqno=5819777 nstreams_done_=210000 config.nstreams=400000 avg_latency=0.9089 ms avg throuhgput (requests/sec) = 709.7595 res=false
*==== INFO ====*  stream_id=841996 latency=0.942122 ms (tx_ts=88611069324186, rx_ts=88611070266308) request_id=5832799 zil_blk_id=841996 ccf_commit_seqno=5832803 nstreams_done_=210500 config.nstreams=400000 avg_latency=0.9089 ms avg throuhgput (requests/sec) = 709.7252 res=false
*==== INFO ====*  stream_id=843996 latency=0.631341 ms (tx_ts=88611743300508, rx_ts=88611743931849) request_id=5845930 zil_blk_id=843996 ccf_commit_seqno=5845930 nstreams_done_=211000 config.nstreams=400000 avg_latency=0.9088 ms avg throuhgput (requests/sec) = 709.7988 res=false
*==== INFO ====*  stream_id=845996 latency=0.596806 ms (tx_ts=88612402324308, rx_ts=88612402921114) request_id=5859033 zil_blk_id=845996 ccf_commit_seqno=5859033 nstreams_done_=211500 config.nstreams=400000 avg_latency=0.9086 ms avg throuhgput (requests/sec) = 709.9070 res=false
*==== INFO ====*  stream_id=847996 latency=0.692171 ms (tx_ts=88613053962918, rx_ts=88613054655089) request_id=5871819 zil_blk_id=847996 ccf_commit_seqno=5871819 nstreams_done_=212000 config.nstreams=400000 avg_latency=0.9084 ms avg throuhgput (requests/sec) = 710.0321 res=false
*==== INFO ====*  stream_id=849996 latency=1.022405 ms (tx_ts=88613786343619, rx_ts=88613787366024) request_id=5884746 zil_blk_id=849996 ccf_commit_seqno=5884747 nstreams_done_=212500 config.nstreams=400000 avg_latency=0.9084 ms avg throuhgput (requests/sec) = 709.9644 res=false
*==== INFO ====*  stream_id=851996 latency=0.780800 ms (tx_ts=88614452484212, rx_ts=88614453265012) request_id=5897719 zil_blk_id=851996 ccf_commit_seqno=5897725 nstreams_done_=213000 config.nstreams=400000 avg_latency=0.9082 ms avg throuhgput (requests/sec) = 710.0552 res=false
*==== INFO ====*  stream_id=853996 latency=0.797017 ms (tx_ts=88615160805296, rx_ts=88615161602313) request_id=5910650 zil_blk_id=853996 ccf_commit_seqno=5910655 nstreams_done_=213500 config.nstreams=400000 avg_latency=0.9083 ms avg throuhgput (requests/sec) = 710.0454 res=false
*==== INFO ====*  stream_id=855996 latency=1.339275 ms (tx_ts=88615893412906, rx_ts=88615894752181) request_id=5923786 zil_blk_id=855996 ccf_commit_seqno=5923791 nstreams_done_=214000 config.nstreams=400000 avg_latency=0.9084 ms avg throuhgput (requests/sec) = 709.9771 res=false
*==== INFO ====*  stream_id=857996 latency=0.978372 ms (tx_ts=88616626044808, rx_ts=88616627023180) request_id=5936744 zil_blk_id=857996 ccf_commit_seqno=5936748 nstreams_done_=214500 config.nstreams=400000 avg_latency=0.9086 ms avg throuhgput (requests/sec) = 709.9113 res=false
*==== INFO ====*  stream_id=859996 latency=0.712252 ms (tx_ts=88617254959549, rx_ts=88617255671801) request_id=5949118 zil_blk_id=859996 ccf_commit_seqno=5949121 nstreams_done_=215000 config.nstreams=400000 avg_latency=0.9083 ms avg throuhgput (requests/sec) = 710.0887 res=false
*==== INFO ====*  stream_id=861996 latency=4.809263 ms (tx_ts=88617907599647, rx_ts=88617912408910) request_id=5961982 zil_blk_id=861996 ccf_commit_seqno=5961988 nstreams_done_=215500 config.nstreams=400000 avg_latency=0.9082 ms avg throuhgput (requests/sec) = 710.1996 res=false
*==== INFO ====*  stream_id=863996 latency=0.733457 ms (tx_ts=88618629205238, rx_ts=88618629938695) request_id=5975259 zil_blk_id=863996 ccf_commit_seqno=5975260 nstreams_done_=216000 config.nstreams=400000 avg_latency=0.9082 ms avg throuhgput (requests/sec) = 710.1681 res=false
*==== INFO ====*  stream_id=865996 latency=0.776281 ms (tx_ts=88619253430213, rx_ts=88619254206494) request_id=5987891 zil_blk_id=865996 ccf_commit_seqno=5987894 nstreams_done_=216500 config.nstreams=400000 avg_latency=0.9079 ms avg throuhgput (requests/sec) = 710.3540 res=false
*==== INFO ====*  stream_id=867996 latency=0.809995 ms (tx_ts=88619932360115, rx_ts=88619933170110) request_id=6000385 zil_blk_id=867996 ccf_commit_seqno=6000388 nstreams_done_=217000 config.nstreams=400000 avg_latency=0.9078 ms avg throuhgput (requests/sec) = 710.4119 res=false
*==== INFO ====*  stream_id=869996 latency=0.894060 ms (tx_ts=88620636766709, rx_ts=88620637660769) request_id=6013366 zil_blk_id=869996 ccf_commit_seqno=6013373 nstreams_done_=217500 config.nstreams=400000 avg_latency=0.9079 ms avg throuhgput (requests/sec) = 710.4104 res=false
*==== INFO ====*  stream_id=871996 latency=0.952171 ms (tx_ts=88621307535064, rx_ts=88621308487235) request_id=6026432 zil_blk_id=871996 ccf_commit_seqno=6026433 nstreams_done_=218000 config.nstreams=400000 avg_latency=0.9077 ms avg throuhgput (requests/sec) = 710.4867 res=false
*==== INFO ====*  stream_id=873996 latency=0.872577 ms (tx_ts=88622021196648, rx_ts=88622022069225) request_id=6039339 zil_blk_id=873996 ccf_commit_seqno=6039342 nstreams_done_=218500 config.nstreams=400000 avg_latency=0.9078 ms avg throuhgput (requests/sec) = 710.4640 res=false
*==== INFO ====*  stream_id=875996 latency=0.790879 ms (tx_ts=88622709627839, rx_ts=88622710418718) request_id=6052144 zil_blk_id=875996 ccf_commit_seqno=6052146 nstreams_done_=219000 config.nstreams=400000 avg_latency=0.9077 ms avg throuhgput (requests/sec) = 710.4996 res=false
*==== INFO ====*  stream_id=877996 latency=1.105006 ms (tx_ts=88623381296619, rx_ts=88623382401625) request_id=6064671 zil_blk_id=877996 ccf_commit_seqno=6064677 nstreams_done_=219500 config.nstreams=400000 avg_latency=0.9076 ms avg throuhgput (requests/sec) = 710.5726 res=false
*==== INFO ====*  stream_id=879996 latency=0.757955 ms (tx_ts=88624071182769, rx_ts=88624071940724) request_id=6077286 zil_blk_id=879996 ccf_commit_seqno=6077289 nstreams_done_=220000 config.nstreams=400000 avg_latency=0.9076 ms avg throuhgput (requests/sec) = 710.6050 res=false
*==== INFO ====*  stream_id=881996 latency=0.619405 ms (tx_ts=88624752904735, rx_ts=88624753524140) request_id=6090637 zil_blk_id=881996 ccf_commit_seqno=6090637 nstreams_done_=220500 config.nstreams=400000 avg_latency=0.9074 ms avg throuhgput (requests/sec) = 710.6555 res=false
*==== INFO ====*  stream_id=883996 latency=0.994849 ms (tx_ts=88625415066511, rx_ts=88625416061360) request_id=6103560 zil_blk_id=883996 ccf_commit_seqno=6103566 nstreams_done_=221000 config.nstreams=400000 avg_latency=0.9072 ms avg throuhgput (requests/sec) = 710.7493 res=false
*==== INFO ====*  stream_id=885996 latency=0.849605 ms (tx_ts=88626135415306, rx_ts=88626136264911) request_id=6116603 zil_blk_id=885996 ccf_commit_seqno=6116603 nstreams_done_=221500 config.nstreams=400000 avg_latency=0.9073 ms avg throuhgput (requests/sec) = 710.7111 res=false
*==== INFO ====*  stream_id=887996 latency=0.709092 ms (tx_ts=88626792811915, rx_ts=88626793521007) request_id=6129247 zil_blk_id=887996 ccf_commit_seqno=6129247 nstreams_done_=222000 config.nstreams=400000 avg_latency=0.9071 ms avg throuhgput (requests/sec) = 710.8164 res=false
*==== INFO ====*  stream_id=889996 latency=0.640497 ms (tx_ts=88627433978252, rx_ts=88627434618749) request_id=6141961 zil_blk_id=889996 ccf_commit_seqno=6141961 nstreams_done_=222500 config.nstreams=400000 avg_latency=0.9069 ms avg throuhgput (requests/sec) = 710.9579 res=false
*==== INFO ====*  stream_id=891996 latency=0.823078 ms (tx_ts=88628135779343, rx_ts=88628136602421) request_id=6155422 zil_blk_id=891996 ccf_commit_seqno=6155424 nstreams_done_=223000 config.nstreams=400000 avg_latency=0.9068 ms avg throuhgput (requests/sec) = 710.9609 res=false
*==== INFO ====*  stream_id=893996 latency=1.478894 ms (tx_ts=88628821378520, rx_ts=88628822857414) request_id=6168317 zil_blk_id=893996 ccf_commit_seqno=6168324 nstreams_done_=223500 config.nstreams=400000 avg_latency=0.9068 ms avg throuhgput (requests/sec) = 710.9994 res=false
*==== INFO ====*  stream_id=895996 latency=0.611002 ms (tx_ts=88629483933678, rx_ts=88629484544680) request_id=6181024 zil_blk_id=895996 ccf_commit_seqno=6181025 nstreams_done_=224000 config.nstreams=400000 avg_latency=0.9066 ms avg throuhgput (requests/sec) = 711.0931 res=false
*==== INFO ====*  stream_id=897996 latency=0.822316 ms (tx_ts=88630145867980, rx_ts=88630146690296) request_id=6193640 zil_blk_id=897996 ccf_commit_seqno=6193644 nstreams_done_=224500 config.nstreams=400000 avg_latency=0.9065 ms avg throuhgput (requests/sec) = 711.1855 res=false
*==== INFO ====*  stream_id=899996 latency=0.673029 ms (tx_ts=88630852609338, rx_ts=88630853282367) request_id=6206464 zil_blk_id=899996 ccf_commit_seqno=6206466 nstreams_done_=225000 config.nstreams=400000 avg_latency=0.9065 ms avg throuhgput (requests/sec) = 711.1775 res=false
*==== INFO ====*  stream_id=901996 latency=1.192207 ms (tx_ts=88631582275109, rx_ts=88631583467316) request_id=6219576 zil_blk_id=901996 ccf_commit_seqno=6219579 nstreams_done_=225500 config.nstreams=400000 avg_latency=0.9066 ms avg throuhgput (requests/sec) = 711.1167 res=false
*==== INFO ====*  stream_id=903996 latency=0.722327 ms (tx_ts=88632336560530, rx_ts=88632337282857) request_id=6232820 zil_blk_id=903996 ccf_commit_seqno=6232821 nstreams_done_=226000 config.nstreams=400000 avg_latency=0.9068 ms avg throuhgput (requests/sec) = 711.0033 res=false
*==== INFO ====*  stream_id=905996 latency=1.417949 ms (tx_ts=88633036724530, rx_ts=88633038142479) request_id=6245665 zil_blk_id=905996 ccf_commit_seqno=6245679 nstreams_done_=226500 config.nstreams=400000 avg_latency=0.9068 ms avg throuhgput (requests/sec) = 711.0086 res=false
*==== INFO ====*  stream_id=907996 latency=0.718423 ms (tx_ts=88633694375089, rx_ts=88633695093512) request_id=6258748 zil_blk_id=907996 ccf_commit_seqno=6258749 nstreams_done_=227000 config.nstreams=400000 avg_latency=0.9066 ms avg throuhgput (requests/sec) = 711.1117 res=false
*==== INFO ====*  stream_id=909996 latency=1.297035 ms (tx_ts=88634355940130, rx_ts=88634357237165) request_id=6271318 zil_blk_id=909996 ccf_commit_seqno=6271328 nstreams_done_=227500 config.nstreams=400000 avg_latency=0.9064 ms avg throuhgput (requests/sec) = 711.2028 res=false
*==== INFO ====*  stream_id=911996 latency=0.728234 ms (tx_ts=88635006815425, rx_ts=88635007543659) request_id=6284031 zil_blk_id=911996 ccf_commit_seqno=6284036 nstreams_done_=228000 config.nstreams=400000 avg_latency=0.9062 ms avg throuhgput (requests/sec) = 711.3197 res=false
*==== INFO ====*  stream_id=913996 latency=1.111779 ms (tx_ts=88635690094561, rx_ts=88635691206340) request_id=6297040 zil_blk_id=913996 ccf_commit_seqno=6297040 nstreams_done_=228500 config.nstreams=400000 avg_latency=0.9061 ms avg throuhgput (requests/sec) = 711.3624 res=false
*==== INFO ====*  stream_id=915996 latency=1.365577 ms (tx_ts=88636425377178, rx_ts=88636426742755) request_id=6309949 zil_blk_id=915996 ccf_commit_seqno=6309962 nstreams_done_=229000 config.nstreams=400000 avg_latency=0.9063 ms avg throuhgput (requests/sec) = 711.2902 res=false
*==== INFO ====*  stream_id=917996 latency=1.377596 ms (tx_ts=88637117662555, rx_ts=88637119040151) request_id=6322947 zil_blk_id=917996 ccf_commit_seqno=6322950 nstreams_done_=229500 config.nstreams=400000 avg_latency=0.9063 ms avg throuhgput (requests/sec) = 711.3137 res=false
*==== INFO ====*  stream_id=919996 latency=0.717181 ms (tx_ts=88637769039389, rx_ts=88637769756570) request_id=6335912 zil_blk_id=919996 ccf_commit_seqno=6335914 nstreams_done_=230000 config.nstreams=400000 avg_latency=0.9060 ms avg throuhgput (requests/sec) = 711.4286 res=false
*==== INFO ====*  stream_id=921996 latency=0.631043 ms (tx_ts=88638421503788, rx_ts=88638422134831) request_id=6348761 zil_blk_id=921996 ccf_commit_seqno=6348762 nstreams_done_=230500 config.nstreams=400000 avg_latency=0.9058 ms avg throuhgput (requests/sec) = 711.5393 res=false
*==== INFO ====*  stream_id=923996 latency=1.149270 ms (tx_ts=88639172160009, rx_ts=88639173309279) request_id=6361604 zil_blk_id=923996 ccf_commit_seqno=6361608 nstreams_done_=231000 config.nstreams=400000 avg_latency=0.9060 ms avg throuhgput (requests/sec) = 711.4331 res=false
*==== INFO ====*  stream_id=925996 latency=0.728826 ms (tx_ts=88639852846507, rx_ts=88639853575333) request_id=6374453 zil_blk_id=925996 ccf_commit_seqno=6374455 nstreams_done_=231500 config.nstreams=400000 avg_latency=0.9060 ms avg throuhgput (requests/sec) = 711.4824 res=false
*==== INFO ====*  stream_id=927996 latency=0.824092 ms (tx_ts=88640601295162, rx_ts=88640602119254) request_id=6387551 zil_blk_id=927996 ccf_commit_seqno=6387554 nstreams_done_=232000 config.nstreams=400000 avg_latency=0.9062 ms avg throuhgput (requests/sec) = 711.3825 res=false
*==== INFO ====*  stream_id=929996 latency=0.971526 ms (tx_ts=88641287379445, rx_ts=88641288350971) request_id=6400320 zil_blk_id=929996 ccf_commit_seqno=6400324 nstreams_done_=232500 config.nstreams=400000 avg_latency=0.9061 ms avg throuhgput (requests/sec) = 711.4187 res=false
*==== INFO ====*  stream_id=931996 latency=1.301593 ms (tx_ts=88641930095604, rx_ts=88641931397197) request_id=6412873 zil_blk_id=931996 ccf_commit_seqno=6412886 nstreams_done_=233000 config.nstreams=400000 avg_latency=0.9059 ms avg throuhgput (requests/sec) = 711.5486 res=false
*==== INFO ====*  stream_id=933996 latency=0.664124 ms (tx_ts=88642670377898, rx_ts=88642671042022) request_id=6426100 zil_blk_id=933996 ccf_commit_seqno=6426100 nstreams_done_=233500 config.nstreams=400000 avg_latency=0.9059 ms avg throuhgput (requests/sec) = 711.4684 res=false
*==== INFO ====*  stream_id=935996 latency=0.932122 ms (tx_ts=88643389109754, rx_ts=88643390041876) request_id=6438716 zil_blk_id=935996 ccf_commit_seqno=6438720 nstreams_done_=234000 config.nstreams=400000 avg_latency=0.9060 ms avg throuhgput (requests/sec) = 711.4333 res=false
*==== INFO ====*  stream_id=937996 latency=0.676936 ms (tx_ts=88644077176682, rx_ts=88644077853618) request_id=6451644 zil_blk_id=937996 ccf_commit_seqno=6451644 nstreams_done_=234500 config.nstreams=400000 avg_latency=0.9059 ms avg throuhgput (requests/sec) = 711.4657 res=false
*==== INFO ====*  stream_id=939996 latency=1.242543 ms (tx_ts=88644791720956, rx_ts=88644792963499) request_id=6464385 zil_blk_id=939996 ccf_commit_seqno=6464386 nstreams_done_=235000 config.nstreams=400000 avg_latency=0.9060 ms avg throuhgput (requests/sec) = 711.4391 res=false
*==== INFO ====*  stream_id=941996 latency=0.876338 ms (tx_ts=88645502364675, rx_ts=88645503241013) request_id=6477609 zil_blk_id=941996 ccf_commit_seqno=6477612 nstreams_done_=235500 config.nstreams=400000 avg_latency=0.9060 ms avg throuhgput (requests/sec) = 711.4231 res=false
*==== INFO ====*  stream_id=943996 latency=0.780439 ms (tx_ts=88646153834763, rx_ts=88646154615202) request_id=6490264 zil_blk_id=943996 ccf_commit_seqno=6490267 nstreams_done_=236000 config.nstreams=400000 avg_latency=0.9058 ms avg throuhgput (requests/sec) = 711.5334 res=false
*==== INFO ====*  stream_id=945996 latency=0.775711 ms (tx_ts=88646816209121, rx_ts=88646816984832) request_id=6503085 zil_blk_id=945996 ccf_commit_seqno=6503090 nstreams_done_=236500 config.nstreams=400000 avg_latency=0.9057 ms avg throuhgput (requests/sec) = 711.6198 res=false
*==== INFO ====*  stream_id=947996 latency=0.654367 ms (tx_ts=88647430443503, rx_ts=88647431097870) request_id=6515747 zil_blk_id=947996 ccf_commit_seqno=6515747 nstreams_done_=237000 config.nstreams=400000 avg_latency=0.9054 ms avg throuhgput (requests/sec) = 711.8089 res=false
*==== INFO ====*  stream_id=949996 latency=1.396492 ms (tx_ts=88648093953482, rx_ts=88648095349974) request_id=6528357 zil_blk_id=949996 ccf_commit_seqno=6528358 nstreams_done_=237500 config.nstreams=400000 avg_latency=0.9053 ms avg throuhgput (requests/sec) = 711.8904 res=false
*==== INFO ====*  stream_id=951996 latency=1.000984 ms (tx_ts=88648782044107, rx_ts=88648783045091) request_id=6541262 zil_blk_id=951996 ccf_commit_seqno=6541268 nstreams_done_=238000 config.nstreams=400000 avg_latency=0.9052 ms avg throuhgput (requests/sec) = 711.9216 res=false
*==== INFO ====*  stream_id=953996 latency=0.726383 ms (tx_ts=88649535559244, rx_ts=88649536285627) request_id=6554167 zil_blk_id=953996 ccf_commit_seqno=6554169 nstreams_done_=238500 config.nstreams=400000 avg_latency=0.9054 ms avg throuhgput (requests/sec) = 711.8134 res=false
*==== INFO ====*  stream_id=955996 latency=0.853704 ms (tx_ts=88650221911846, rx_ts=88650222765550) request_id=6566843 zil_blk_id=955996 ccf_commit_seqno=6566848 nstreams_done_=239000 config.nstreams=400000 avg_latency=0.9054 ms avg throuhgput (requests/sec) = 711.8473 res=false
*==== INFO ====*  stream_id=957996 latency=1.382241 ms (tx_ts=88650858714636, rx_ts=88650860096877) request_id=6579463 zil_blk_id=957996 ccf_commit_seqno=6579464 nstreams_done_=239500 config.nstreams=400000 avg_latency=0.9052 ms avg throuhgput (requests/sec) = 711.9850 res=false
*==== INFO ====*  stream_id=959996 latency=0.762606 ms (tx_ts=88651587177246, rx_ts=88651587939852) request_id=6592840 zil_blk_id=959996 ccf_commit_seqno=6592843 nstreams_done_=240000 config.nstreams=400000 avg_latency=0.9052 ms avg throuhgput (requests/sec) = 711.9309 res=false
*==== INFO ====*  stream_id=961996 latency=0.909620 ms (tx_ts=88652259924715, rx_ts=88652260834335) request_id=6606164 zil_blk_id=961996 ccf_commit_seqno=6606164 nstreams_done_=240500 config.nstreams=400000 avg_latency=0.9050 ms avg throuhgput (requests/sec) = 711.9929 res=false
*==== INFO ====*  stream_id=963996 latency=0.658424 ms (tx_ts=88652945679951, rx_ts=88652946338375) request_id=6619162 zil_blk_id=963996 ccf_commit_seqno=6619162 nstreams_done_=241000 config.nstreams=400000 avg_latency=0.9050 ms avg throuhgput (requests/sec) = 712.0282 res=false
*==== INFO ====*  stream_id=965996 latency=0.851342 ms (tx_ts=88653589862531, rx_ts=88653590713873) request_id=6631980 zil_blk_id=965996 ccf_commit_seqno=6631983 nstreams_done_=241500 config.nstreams=400000 avg_latency=0.9047 ms avg throuhgput (requests/sec) = 712.1496 res=false
*==== INFO ====*  stream_id=967996 latency=0.643603 ms (tx_ts=88654244974712, rx_ts=88654245618315) request_id=6644891 zil_blk_id=967996 ccf_commit_seqno=6644893 nstreams_done_=242000 config.nstreams=400000 avg_latency=0.9045 ms avg throuhgput (requests/sec) = 712.2485 res=false
*==== INFO ====*  stream_id=969996 latency=1.108162 ms (tx_ts=88654985138124, rx_ts=88654986246286) request_id=6658085 zil_blk_id=969996 ccf_commit_seqno=6658086 nstreams_done_=242500 config.nstreams=400000 avg_latency=0.9046 ms avg throuhgput (requests/sec) = 712.1678 res=false
*==== INFO ====*  stream_id=971996 latency=0.937884 ms (tx_ts=88655712329653, rx_ts=88655713267537) request_id=6670940 zil_blk_id=971996 ccf_commit_seqno=6670944 nstreams_done_=243000 config.nstreams=400000 avg_latency=0.9047 ms avg throuhgput (requests/sec) = 712.1157 res=false
*==== INFO ====*  stream_id=973996 latency=0.785168 ms (tx_ts=88656425276171, rx_ts=88656426061339) request_id=6683658 zil_blk_id=973996 ccf_commit_seqno=6683658 nstreams_done_=243500 config.nstreams=400000 avg_latency=0.9047 ms avg throuhgput (requests/sec) = 712.0935 res=false
*==== INFO ====*  stream_id=975996 latency=0.651936 ms (tx_ts=88657086818621, rx_ts=88657087470557) request_id=6696227 zil_blk_id=975996 ccf_commit_seqno=6696227 nstreams_done_=244000 config.nstreams=400000 avg_latency=0.9046 ms avg throuhgput (requests/sec) = 712.1782 res=false
*==== INFO ====*  stream_id=977996 latency=0.757767 ms (tx_ts=88657797504394, rx_ts=88657798262161) request_id=6709080 zil_blk_id=977996 ccf_commit_seqno=6709083 nstreams_done_=244500 config.nstreams=400000 avg_latency=0.9046 ms avg throuhgput (requests/sec) = 712.1601 res=false
*==== INFO ====*  stream_id=979996 latency=0.665554 ms (tx_ts=88658489251730, rx_ts=88658489917284) request_id=6722094 zil_blk_id=979996 ccf_commit_seqno=6722095 nstreams_done_=245000 config.nstreams=400000 avg_latency=0.9046 ms avg throuhgput (requests/sec) = 712.1817 res=false
*==== INFO ====*  stream_id=981996 latency=0.966757 ms (tx_ts=88659157861176, rx_ts=88659158827933) request_id=6735002 zil_blk_id=981996 ccf_commit_seqno=6735002 nstreams_done_=245500 config.nstreams=400000 avg_latency=0.9045 ms avg throuhgput (requests/sec) = 712.2502 res=false
*==== INFO ====*  stream_id=983996 latency=1.580384 ms (tx_ts=88659830108743, rx_ts=88659831689127) request_id=6747989 zil_blk_id=983996 ccf_commit_seqno=6748010 nstreams_done_=246000 config.nstreams=400000 avg_latency=0.9043 ms avg throuhgput (requests/sec) = 712.3103 res=false
*==== INFO ====*  stream_id=985996 latency=0.801479 ms (tx_ts=88660485488459, rx_ts=88660486289938) request_id=6760669 zil_blk_id=985996 ccf_commit_seqno=6760672 nstreams_done_=246500 config.nstreams=400000 avg_latency=0.9041 ms avg throuhgput (requests/sec) = 712.4078 res=false
*==== INFO ====*  stream_id=987996 latency=0.770399 ms (tx_ts=88661199360539, rx_ts=88661200130938) request_id=6774016 zil_blk_id=987996 ccf_commit_seqno=6774019 nstreams_done_=247000 config.nstreams=400000 avg_latency=0.9041 ms avg throuhgput (requests/sec) = 712.3831 res=false
*==== INFO ====*  stream_id=989996 latency=0.663691 ms (tx_ts=88661858681676, rx_ts=88661859345367) request_id=6786870 zil_blk_id=989996 ccf_commit_seqno=6786871 nstreams_done_=247500 config.nstreams=400000 avg_latency=0.9040 ms avg throuhgput (requests/sec) = 712.4706 res=false
*==== INFO ====*  stream_id=991996 latency=0.824221 ms (tx_ts=88662507831126, rx_ts=88662508655347) request_id=6799798 zil_blk_id=991996 ccf_commit_seqno=6799800 nstreams_done_=248000 config.nstreams=400000 avg_latency=0.9038 ms avg throuhgput (requests/sec) = 712.5780 res=false
*==== INFO ====*  stream_id=993996 latency=0.728451 ms (tx_ts=88663177341501, rx_ts=88663178069952) request_id=6812130 zil_blk_id=993996 ccf_commit_seqno=6812130 nstreams_done_=248500 config.nstreams=400000 avg_latency=0.9037 ms avg throuhgput (requests/sec) = 712.6439 res=false
*==== INFO ====*  stream_id=995996 latency=1.225461 ms (tx_ts=88663834674129, rx_ts=88663835899590) request_id=6824841 zil_blk_id=995996 ccf_commit_seqno=6824852 nstreams_done_=249000 config.nstreams=400000 avg_latency=0.9035 ms avg throuhgput (requests/sec) = 712.7333 res=false
*==== INFO ====*  stream_id=997996 latency=1.360023 ms (tx_ts=88664574193153, rx_ts=88664575553176) request_id=6837697 zil_blk_id=997996 ccf_commit_seqno=6837707 nstreams_done_=249500 config.nstreams=400000 avg_latency=0.9037 ms avg throuhgput (requests/sec) = 712.6556 res=false
*==== INFO ====*  stream_id=999996 latency=0.678864 ms (tx_ts=88665280866865, rx_ts=88665281545729) request_id=6850200 zil_blk_id=999996 ccf_commit_seqno=6850200 nstreams_done_=250000 config.nstreams=400000 avg_latency=0.9037 ms avg throuhgput (requests/sec) = 712.6467 res=false
*==== INFO ====*  stream_id=1001996 latency=0.679931 ms (tx_ts=88665946582531, rx_ts=88665947262462) request_id=6862880 zil_blk_id=1001996 ccf_commit_seqno=6862881 nstreams_done_=250500 config.nstreams=400000 avg_latency=0.9036 ms avg throuhgput (requests/sec) = 712.7195 res=false
*==== INFO ====*  stream_id=1003996 latency=0.665574 ms (tx_ts=88666657045034, rx_ts=88666657710608) request_id=6875855 zil_blk_id=1003996 ccf_commit_seqno=6875855 nstreams_done_=251000 config.nstreams=400000 avg_latency=0.9036 ms avg throuhgput (requests/sec) = 712.7015 res=false
*==== INFO ====*  stream_id=1005996 latency=1.079779 ms (tx_ts=88667385913324, rx_ts=88667386993103) request_id=6889040 zil_blk_id=1005996 ccf_commit_seqno=6889046 nstreams_done_=251500 config.nstreams=400000 avg_latency=0.9037 ms avg throuhgput (requests/sec) = 712.6455 res=false
*==== INFO ====*  stream_id=1007996 latency=0.774038 ms (tx_ts=88668043049282, rx_ts=88668043823320) request_id=6901847 zil_blk_id=1007996 ccf_commit_seqno=6901851 nstreams_done_=252000 config.nstreams=400000 avg_latency=0.9035 ms avg throuhgput (requests/sec) = 712.7357 res=false
*==== INFO ====*  stream_id=1009996 latency=1.111097 ms (tx_ts=88668664324943, rx_ts=88668665436040) request_id=6914518 zil_blk_id=1009996 ccf_commit_seqno=6914520 nstreams_done_=252500 config.nstreams=400000 avg_latency=0.9032 ms avg throuhgput (requests/sec) = 712.8965 res=false
*==== INFO ====*  stream_id=1011996 latency=0.570257 ms (tx_ts=88669321853243, rx_ts=88669322423500) request_id=6927537 zil_blk_id=1011996 ccf_commit_seqno=6927538 nstreams_done_=253000 config.nstreams=400000 avg_latency=0.9030 ms avg throuhgput (requests/sec) = 712.9857 res=false
*==== INFO ====*  stream_id=1013996 latency=0.889173 ms (tx_ts=88670012051276, rx_ts=88670012940449) request_id=6940375 zil_blk_id=1013996 ccf_commit_seqno=6940376 nstreams_done_=253500 config.nstreams=400000 avg_latency=0.9030 ms avg throuhgput (requests/sec) = 713.0073 res=false
*==== INFO ====*  stream_id=1015996 latency=0.713930 ms (tx_ts=88670701377926, rx_ts=88670702091856) request_id=6953465 zil_blk_id=1015996 ccf_commit_seqno=6953465 nstreams_done_=254000 config.nstreams=400000 avg_latency=0.9029 ms avg throuhgput (requests/sec) = 713.0315 res=false
*==== INFO ====*  stream_id=1017996 latency=0.921744 ms (tx_ts=88671406994763, rx_ts=88671407916507) request_id=6966571 zil_blk_id=1017996 ccf_commit_seqno=6966571 nstreams_done_=254500 config.nstreams=400000 avg_latency=0.9029 ms avg throuhgput (requests/sec) = 713.0223 res=false
*==== INFO ====*  stream_id=1019996 latency=0.767956 ms (tx_ts=88672120866192, rx_ts=88672121634148) request_id=6979205 zil_blk_id=1019996 ccf_commit_seqno=6979208 nstreams_done_=255000 config.nstreams=400000 avg_latency=0.9030 ms avg throuhgput (requests/sec) = 712.9974 res=false
*==== INFO ====*  stream_id=1021996 latency=0.807300 ms (tx_ts=88672780244491, rx_ts=88672781051791) request_id=6991997 zil_blk_id=1021996 ccf_commit_seqno=6992002 nstreams_done_=255500 config.nstreams=400000 avg_latency=0.9028 ms avg throuhgput (requests/sec) = 713.0807 res=false
*==== INFO ====*  stream_id=1023996 latency=0.618757 ms (tx_ts=88673445399700, rx_ts=88673446018457) request_id=7004926 zil_blk_id=1023996 ccf_commit_seqno=7004926 nstreams_done_=256000 config.nstreams=400000 avg_latency=0.9026 ms avg throuhgput (requests/sec) = 713.1526 res=false
*==== INFO ====*  stream_id=1025996 latency=0.771753 ms (tx_ts=88674150944509, rx_ts=88674151716262) request_id=7017870 zil_blk_id=1025996 ccf_commit_seqno=7017873 nstreams_done_=256500 config.nstreams=400000 avg_latency=0.9026 ms avg throuhgput (requests/sec) = 713.1436 res=false
*==== INFO ====*  stream_id=1027996 latency=0.827126 ms (tx_ts=88674866769885, rx_ts=88674867597011) request_id=7030617 zil_blk_id=1027996 ccf_commit_seqno=7030619 nstreams_done_=257000 config.nstreams=400000 avg_latency=0.9027 ms avg throuhgput (requests/sec) = 713.1143 res=false
*==== INFO ====*  stream_id=1029996 latency=1.048563 ms (tx_ts=88675552905868, rx_ts=88675553954431) request_id=7043498 zil_blk_id=1029996 ccf_commit_seqno=7043504 nstreams_done_=257500 config.nstreams=400000 avg_latency=0.9026 ms avg throuhgput (requests/sec) = 713.1436 res=false
*==== INFO ====*  stream_id=1031996 latency=0.777538 ms (tx_ts=88676271103064, rx_ts=88676271880602) request_id=7056773 zil_blk_id=1031996 ccf_commit_seqno=7056776 nstreams_done_=258000 config.nstreams=400000 avg_latency=0.9026 ms avg throuhgput (requests/sec) = 713.1104 res=false
*==== INFO ====*  stream_id=1033996 latency=0.743781 ms (tx_ts=88676946319161, rx_ts=88676947062942) request_id=7069780 zil_blk_id=1033996 ccf_commit_seqno=7069783 nstreams_done_=258500 config.nstreams=400000 avg_latency=0.9025 ms avg throuhgput (requests/sec) = 713.1615 res=false
*==== INFO ====*  stream_id=1035996 latency=1.086882 ms (tx_ts=88677622271489, rx_ts=88677623358371) request_id=7082727 zil_blk_id=1035996 ccf_commit_seqno=7082733 nstreams_done_=259000 config.nstreams=400000 avg_latency=0.9024 ms avg throuhgput (requests/sec) = 713.2102 res=false
*==== INFO ====*  stream_id=1037996 latency=0.801084 ms (tx_ts=88678349741763, rx_ts=88678350542847) request_id=7095774 zil_blk_id=1037996 ccf_commit_seqno=7095777 nstreams_done_=259500 config.nstreams=400000 avg_latency=0.9025 ms avg throuhgput (requests/sec) = 713.1590 res=false
*==== INFO ====*  stream_id=1039996 latency=0.859046 ms (tx_ts=88679109690137, rx_ts=88679110549183) request_id=7108311 zil_blk_id=1039996 ccf_commit_seqno=7108315 nstreams_done_=260000 config.nstreams=400000 avg_latency=0.9028 ms avg throuhgput (requests/sec) = 713.0438 res=false
*==== INFO ====*  stream_id=1041996 latency=1.535651 ms (tx_ts=88679804190149, rx_ts=88679805725800) request_id=7121388 zil_blk_id=1041996 ccf_commit_seqno=7121391 nstreams_done_=260500 config.nstreams=400000 avg_latency=0.9027 ms avg throuhgput (requests/sec) = 713.0556 res=false
*==== INFO ====*  stream_id=1043996 latency=0.617615 ms (tx_ts=88680484182116, rx_ts=88680484799731) request_id=7134546 zil_blk_id=1043996 ccf_commit_seqno=7134546 nstreams_done_=261000 config.nstreams=400000 avg_latency=0.9026 ms avg throuhgput (requests/sec) = 713.0987 res=false
*==== INFO ====*  stream_id=1045996 latency=0.676484 ms (tx_ts=88681150348669, rx_ts=88681151025153) request_id=7147894 zil_blk_id=1045996 ccf_commit_seqno=7147894 nstreams_done_=261500 config.nstreams=400000 avg_latency=0.9024 ms avg throuhgput (requests/sec) = 713.1667 res=false
*==== INFO ====*  stream_id=1047996 latency=0.695530 ms (tx_ts=88681880538061, rx_ts=88681881233591) request_id=7161003 zil_blk_id=1047996 ccf_commit_seqno=7161003 nstreams_done_=262000 config.nstreams=400000 avg_latency=0.9025 ms avg throuhgput (requests/sec) = 713.1102 res=false
*==== INFO ====*  stream_id=1049996 latency=0.752958 ms (tx_ts=88682542609137, rx_ts=88682543362095) request_id=7173915 zil_blk_id=1049996 ccf_commit_seqno=7173917 nstreams_done_=262500 config.nstreams=400000 avg_latency=0.9023 ms avg throuhgput (requests/sec) = 713.1858 res=false
*==== INFO ====*  stream_id=1051996 latency=0.752698 ms (tx_ts=88683268923148, rx_ts=88683269675846) request_id=7186953 zil_blk_id=1051996 ccf_commit_seqno=7186956 nstreams_done_=263000 config.nstreams=400000 avg_latency=0.9024 ms avg throuhgput (requests/sec) = 713.1370 res=false
*==== INFO ====*  stream_id=1053996 latency=0.540771 ms (tx_ts=88683940276501, rx_ts=88683940817272) request_id=7199694 zil_blk_id=1053996 ccf_commit_seqno=7199695 nstreams_done_=263500 config.nstreams=400000 avg_latency=0.9023 ms avg throuhgput (requests/sec) = 713.1949 res=false
*==== INFO ====*  stream_id=1055996 latency=1.206895 ms (tx_ts=88684639628039, rx_ts=88684640834934) request_id=7212318 zil_blk_id=1055996 ccf_commit_seqno=7212322 nstreams_done_=264000 config.nstreams=400000 avg_latency=0.9023 ms avg throuhgput (requests/sec) = 713.1969 res=false
*==== INFO ====*  stream_id=1057996 latency=0.637081 ms (tx_ts=88685307398194, rx_ts=88685308035275) request_id=7225216 zil_blk_id=1057996 ccf_commit_seqno=7225216 nstreams_done_=264500 config.nstreams=400000 avg_latency=0.9022 ms avg throuhgput (requests/sec) = 713.2620 res=false
*==== INFO ====*  stream_id=1059996 latency=0.750433 ms (tx_ts=88685978785506, rx_ts=88685979535939) request_id=7238443 zil_blk_id=1059996 ccf_commit_seqno=7238444 nstreams_done_=265000 config.nstreams=400000 avg_latency=0.9020 ms avg throuhgput (requests/sec) = 713.3187 res=false
*==== INFO ====*  stream_id=1061996 latency=0.887249 ms (tx_ts=88686722390726, rx_ts=88686723277975) request_id=7251446 zil_blk_id=1061996 ccf_commit_seqno=7251450 nstreams_done_=265500 config.nstreams=400000 avg_latency=0.9022 ms avg throuhgput (requests/sec) = 713.2367 res=false
*==== INFO ====*  stream_id=1063996 latency=0.866976 ms (tx_ts=88687405612648, rx_ts=88687406479624) request_id=7264416 zil_blk_id=1063996 ccf_commit_seqno=7264417 nstreams_done_=266000 config.nstreams=400000 avg_latency=0.9021 ms avg throuhgput (requests/sec) = 713.2708 res=false
*==== INFO ====*  stream_id=1065996 latency=0.791830 ms (tx_ts=88688140735165, rx_ts=88688141526995) request_id=7277624 zil_blk_id=1065996 ccf_commit_seqno=7277626 nstreams_done_=266500 config.nstreams=400000 avg_latency=0.9022 ms avg throuhgput (requests/sec) = 713.2058 res=false
*==== INFO ====*  stream_id=1067996 latency=0.767758 ms (tx_ts=88688815387242, rx_ts=88688816155000) request_id=7290451 zil_blk_id=1067996 ccf_commit_seqno=7290453 nstreams_done_=267000 config.nstreams=400000 avg_latency=0.9021 ms avg throuhgput (requests/sec) = 713.2561 res=false
*==== INFO ====*  stream_id=1069996 latency=0.669271 ms (tx_ts=88689499407334, rx_ts=88689500076605) request_id=7303425 zil_blk_id=1069996 ccf_commit_seqno=7303425 nstreams_done_=267500 config.nstreams=400000 avg_latency=0.9020 ms avg throuhgput (requests/sec) = 713.2887 res=false
*==== INFO ====*  stream_id=1071996 latency=0.946726 ms (tx_ts=88690190098190, rx_ts=88690191044916) request_id=7316277 zil_blk_id=1071996 ccf_commit_seqno=7316282 nstreams_done_=268000 config.nstreams=400000 avg_latency=0.9019 ms avg throuhgput (requests/sec) = 713.3077 res=false
*==== INFO ====*  stream_id=1073996 latency=0.661302 ms (tx_ts=88690912941805, rx_ts=88690913603107) request_id=7329078 zil_blk_id=1073996 ccf_commit_seqno=7329079 nstreams_done_=268500 config.nstreams=400000 avg_latency=0.9018 ms avg throuhgput (requests/sec) = 713.2667 res=false
*==== INFO ====*  stream_id=1075996 latency=1.394387 ms (tx_ts=88691632720112, rx_ts=88691634114499) request_id=7342074 zil_blk_id=1075996 ccf_commit_seqno=7342086 nstreams_done_=269000 config.nstreams=400000 avg_latency=0.9017 ms avg throuhgput (requests/sec) = 713.2298 res=false
*==== INFO ====*  stream_id=1077996 latency=0.833383 ms (tx_ts=88692371583860, rx_ts=88692372417243) request_id=7355433 zil_blk_id=1077996 ccf_commit_seqno=7355434 nstreams_done_=269500 config.nstreams=400000 avg_latency=0.9018 ms avg throuhgput (requests/sec) = 713.1595 res=false
*==== INFO ====*  stream_id=1079996 latency=1.048906 ms (tx_ts=88693088480575, rx_ts=88693089529481) request_id=7368545 zil_blk_id=1079996 ccf_commit_seqno=7368550 nstreams_done_=270000 config.nstreams=400000 avg_latency=0.9018 ms avg throuhgput (requests/sec) = 713.1293 res=false
*==== INFO ====*  stream_id=1081996 latency=1.009012 ms (tx_ts=88693750449352, rx_ts=88693751458364) request_id=7381457 zil_blk_id=1081996 ccf_commit_seqno=7381458 nstreams_done_=270500 config.nstreams=400000 avg_latency=0.9017 ms avg throuhgput (requests/sec) = 713.2031 res=false
*==== INFO ====*  stream_id=1083996 latency=0.655003 ms (tx_ts=88694442090877, rx_ts=88694442745880) request_id=7394237 zil_blk_id=1083996 ccf_commit_seqno=7394239 nstreams_done_=271000 config.nstreams=400000 avg_latency=0.9017 ms avg throuhgput (requests/sec) = 713.2214 res=false
*==== INFO ====*  stream_id=1085996 latency=0.869957 ms (tx_ts=88695131171817, rx_ts=88695132041774) request_id=7407319 zil_blk_id=1085996 ccf_commit_seqno=7407321 nstreams_done_=271500 config.nstreams=400000 avg_latency=0.9016 ms avg throuhgput (requests/sec) = 713.2434 res=false
*==== INFO ====*  stream_id=1087996 latency=0.915383 ms (tx_ts=88695818105618, rx_ts=88695819021001) request_id=7420326 zil_blk_id=1087996 ccf_commit_seqno=7420331 nstreams_done_=272000 config.nstreams=400000 avg_latency=0.9016 ms avg throuhgput (requests/sec) = 713.2697 res=false
*==== INFO ====*  stream_id=1089996 latency=1.150742 ms (tx_ts=88696538146546, rx_ts=88696539297288) request_id=7433303 zil_blk_id=1089996 ccf_commit_seqno=7433309 nstreams_done_=272500 config.nstreams=400000 avg_latency=0.9016 ms avg throuhgput (requests/sec) = 713.2337 res=false
*==== INFO ====*  stream_id=1091996 latency=0.897959 ms (tx_ts=88697231445801, rx_ts=88697232343760) request_id=7446386 zil_blk_id=1091996 ccf_commit_seqno=7446387 nstreams_done_=273000 config.nstreams=400000 avg_latency=0.9016 ms avg throuhgput (requests/sec) = 713.2486 res=false
*==== INFO ====*  stream_id=1093996 latency=0.826215 ms (tx_ts=88697933926142, rx_ts=88697934752357) request_id=7459484 zil_blk_id=1093996 ccf_commit_seqno=7459485 nstreams_done_=273500 config.nstreams=400000 avg_latency=0.9015 ms avg throuhgput (requests/sec) = 713.2460 res=false
*==== INFO ====*  stream_id=1095996 latency=0.745902 ms (tx_ts=88698604127419, rx_ts=88698604873321) request_id=7472092 zil_blk_id=1095996 ccf_commit_seqno=7472094 nstreams_done_=274000 config.nstreams=400000 avg_latency=0.9015 ms avg throuhgput (requests/sec) = 713.3034 res=false
*==== INFO ====*  stream_id=1097996 latency=0.995198 ms (tx_ts=88699348071320, rx_ts=88699349066518) request_id=7484974 zil_blk_id=1097996 ccf_commit_seqno=7484982 nstreams_done_=274500 config.nstreams=400000 avg_latency=0.9016 ms avg throuhgput (requests/sec) = 713.2232 res=false
*==== INFO ====*  stream_id=1099996 latency=0.686454 ms (tx_ts=88700010108772, rx_ts=88700010795226) request_id=7498025 zil_blk_id=1099996 ccf_commit_seqno=7498025 nstreams_done_=275000 config.nstreams=400000 avg_latency=0.9015 ms avg throuhgput (requests/sec) = 713.2960 res=false
*==== INFO ====*  stream_id=1101996 latency=0.884494 ms (tx_ts=88700669038040, rx_ts=88700669922534) request_id=7510892 zil_blk_id=1101996 ccf_commit_seqno=7510895 nstreams_done_=275500 config.nstreams=400000 avg_latency=0.9014 ms avg throuhgput (requests/sec) = 713.3733 res=false
*==== INFO ====*  stream_id=1103996 latency=0.695230 ms (tx_ts=88701343716899, rx_ts=88701344412129) request_id=7523897 zil_blk_id=1103996 ccf_commit_seqno=7523898 nstreams_done_=276000 config.nstreams=400000 avg_latency=0.9013 ms avg throuhgput (requests/sec) = 713.4220 res=false
*==== INFO ====*  stream_id=1105996 latency=0.611754 ms (tx_ts=88702055288929, rx_ts=88702055900683) request_id=7536722 zil_blk_id=1105996 ccf_commit_seqno=7536722 nstreams_done_=276500 config.nstreams=400000 avg_latency=0.9013 ms avg throuhgput (requests/sec) = 713.4024 res=false
*==== INFO ====*  stream_id=1107996 latency=0.686263 ms (tx_ts=88702721860451, rx_ts=88702722546714) request_id=7549610 zil_blk_id=1107996 ccf_commit_seqno=7549610 nstreams_done_=277000 config.nstreams=400000 avg_latency=0.9012 ms avg throuhgput (requests/sec) = 713.4652 res=false
*==== INFO ====*  stream_id=1109996 latency=0.969395 ms (tx_ts=88703451795399, rx_ts=88703452764794) request_id=7562552 zil_blk_id=1109996 ccf_commit_seqno=7562557 nstreams_done_=277500 config.nstreams=400000 avg_latency=0.9013 ms avg throuhgput (requests/sec) = 713.4113 res=false
*==== INFO ====*  stream_id=1111996 latency=0.720228 ms (tx_ts=88704159319110, rx_ts=88704160039338) request_id=7575520 zil_blk_id=1111996 ccf_commit_seqno=7575523 nstreams_done_=278000 config.nstreams=400000 avg_latency=0.9014 ms avg throuhgput (requests/sec) = 713.3995 res=false
*==== INFO ====*  stream_id=1113996 latency=0.881192 ms (tx_ts=88704899763930, rx_ts=88704900645122) request_id=7588422 zil_blk_id=1113996 ccf_commit_seqno=7588428 nstreams_done_=278500 config.nstreams=400000 avg_latency=0.9015 ms avg throuhgput (requests/sec) = 713.3269 res=false
*==== INFO ====*  stream_id=1115996 latency=0.713534 ms (tx_ts=88705558180804, rx_ts=88705558894338) request_id=7601101 zil_blk_id=1115996 ccf_commit_seqno=7601102 nstreams_done_=279000 config.nstreams=400000 avg_latency=0.9014 ms avg throuhgput (requests/sec) = 713.4048 res=false
*==== INFO ====*  stream_id=1117996 latency=1.600950 ms (tx_ts=88706238872725, rx_ts=88706240473675) request_id=7614308 zil_blk_id=1117996 ccf_commit_seqno=7614319 nstreams_done_=279500 config.nstreams=400000 avg_latency=0.9013 ms avg throuhgput (requests/sec) = 713.4399 res=false
*==== INFO ====*  stream_id=1119996 latency=0.624538 ms (tx_ts=88706960148819, rx_ts=88706960773357) request_id=7627213 zil_blk_id=1119996 ccf_commit_seqno=7627214 nstreams_done_=280000 config.nstreams=400000 avg_latency=0.9014 ms avg throuhgput (requests/sec) = 713.4045 res=false
*==== INFO ====*  stream_id=1121996 latency=0.753369 ms (tx_ts=88707665420485, rx_ts=88707666173854) request_id=7639919 zil_blk_id=1121996 ccf_commit_seqno=7639923 nstreams_done_=280500 config.nstreams=400000 avg_latency=0.9014 ms avg throuhgput (requests/sec) = 713.3963 res=false
*==== INFO ====*  stream_id=1123996 latency=0.844569 ms (tx_ts=88708359677169, rx_ts=88708360521738) request_id=7652862 zil_blk_id=1123996 ccf_commit_seqno=7652862 nstreams_done_=281000 config.nstreams=400000 avg_latency=0.9015 ms avg throuhgput (requests/sec) = 713.4081 res=false
*==== INFO ====*  stream_id=1125996 latency=0.804975 ms (tx_ts=88709074856283, rx_ts=88709075661258) request_id=7666073 zil_blk_id=1125996 ccf_commit_seqno=7666074 nstreams_done_=281500 config.nstreams=400000 avg_latency=0.9015 ms avg throuhgput (requests/sec) = 713.3823 res=false
*==== INFO ====*  stream_id=1127996 latency=0.837913 ms (tx_ts=88709706409644, rx_ts=88709707247557) request_id=7678725 zil_blk_id=1127996 ccf_commit_seqno=7678729 nstreams_done_=282000 config.nstreams=400000 avg_latency=0.9013 ms avg throuhgput (requests/sec) = 713.5074 res=false
*==== INFO ====*  stream_id=1129996 latency=1.276707 ms (tx_ts=88710396838677, rx_ts=88710398115384) request_id=7691719 zil_blk_id=1129996 ccf_commit_seqno=7691726 nstreams_done_=282500 config.nstreams=400000 avg_latency=0.9013 ms avg throuhgput (requests/sec) = 713.5252 res=false
*==== INFO ====*  stream_id=1131996 latency=0.607884 ms (tx_ts=88711106157600, rx_ts=88711106765484) request_id=7704770 zil_blk_id=1131996 ccf_commit_seqno=7704770 nstreams_done_=283000 config.nstreams=400000 avg_latency=0.9013 ms avg throuhgput (requests/sec) = 713.5110 res=false
*==== INFO ====*  stream_id=1133996 latency=0.903717 ms (tx_ts=88711778346897, rx_ts=88711779250614) request_id=7717553 zil_blk_id=1133996 ccf_commit_seqno=7717555 nstreams_done_=283500 config.nstreams=400000 avg_latency=0.9012 ms avg throuhgput (requests/sec) = 713.5618 res=false
*==== INFO ====*  stream_id=1135996 latency=0.886741 ms (tx_ts=88712511211715, rx_ts=88712512098456) request_id=7730362 zil_blk_id=1135996 ccf_commit_seqno=7730365 nstreams_done_=284000 config.nstreams=400000 avg_latency=0.9013 ms avg throuhgput (requests/sec) = 713.5042 res=false
*==== INFO ====*  stream_id=1137996 latency=0.628201 ms (tx_ts=88713219906838, rx_ts=88713220535039) request_id=7743649 zil_blk_id=1137996 ccf_commit_seqno=7743649 nstreams_done_=284500 config.nstreams=400000 avg_latency=0.9012 ms avg throuhgput (requests/sec) = 713.4905 res=false
*==== INFO ====*  stream_id=1139996 latency=0.913580 ms (tx_ts=88713923549103, rx_ts=88713924462683) request_id=7756136 zil_blk_id=1139996 ccf_commit_seqno=7756139 nstreams_done_=285000 config.nstreams=400000 avg_latency=0.9013 ms avg throuhgput (requests/sec) = 713.4848 res=false
*==== INFO ====*  stream_id=1141996 latency=1.381182 ms (tx_ts=88714647301548, rx_ts=88714648682730) request_id=7769083 zil_blk_id=1141996 ccf_commit_seqno=7769089 nstreams_done_=285500 config.nstreams=400000 avg_latency=0.9013 ms avg throuhgput (requests/sec) = 713.4430 res=false
*==== INFO ====*  stream_id=1143996 latency=0.574354 ms (tx_ts=88715285252388, rx_ts=88715285826742) request_id=7781920 zil_blk_id=1143996 ccf_commit_seqno=7781920 nstreams_done_=286000 config.nstreams=400000 avg_latency=0.9012 ms avg throuhgput (requests/sec) = 713.5564 res=false
*==== INFO ====*  stream_id=1145996 latency=0.782724 ms (tx_ts=88715978266132, rx_ts=88715979048856) request_id=7794863 zil_blk_id=1145996 ccf_commit_seqno=7794864 nstreams_done_=286500 config.nstreams=400000 avg_latency=0.9011 ms avg throuhgput (requests/sec) = 713.5697 res=false
*==== INFO ====*  stream_id=1147996 latency=1.373178 ms (tx_ts=88716678875565, rx_ts=88716680248743) request_id=7808200 zil_blk_id=1147996 ccf_commit_seqno=7808207 nstreams_done_=287000 config.nstreams=400000 avg_latency=0.9011 ms avg throuhgput (requests/sec) = 713.5688 res=false
*==== INFO ====*  stream_id=1149996 latency=0.698981 ms (tx_ts=88717356262444, rx_ts=88717356961425) request_id=7820949 zil_blk_id=1149996 ccf_commit_seqno=7820949 nstreams_done_=287500 config.nstreams=400000 avg_latency=0.9010 ms avg throuhgput (requests/sec) = 713.6113 res=false
*==== INFO ====*  stream_id=1151996 latency=0.950397 ms (tx_ts=88718015773241, rx_ts=88718016723638) request_id=7833821 zil_blk_id=1151996 ccf_commit_seqno=7833822 nstreams_done_=288000 config.nstreams=400000 avg_latency=0.9009 ms avg throuhgput (requests/sec) = 713.6837 res=false
*==== INFO ====*  stream_id=1153996 latency=1.531076 ms (tx_ts=88718754520589, rx_ts=88718756051665) request_id=7846997 zil_blk_id=1153996 ccf_commit_seqno=7847007 nstreams_done_=288500 config.nstreams=400000 avg_latency=0.9010 ms avg throuhgput (requests/sec) = 713.6153 res=false
*==== INFO ====*  stream_id=1155996 latency=0.574985 ms (tx_ts=88719432954347, rx_ts=88719433529332) request_id=7859959 zil_blk_id=1155996 ccf_commit_seqno=7859959 nstreams_done_=289000 config.nstreams=400000 avg_latency=0.9009 ms avg throuhgput (requests/sec) = 713.6561 res=false
*==== INFO ====*  stream_id=1157996 latency=1.061074 ms (tx_ts=88720135053530, rx_ts=88720136114604) request_id=7872881 zil_blk_id=1157996 ccf_commit_seqno=7872882 nstreams_done_=289500 config.nstreams=400000 avg_latency=0.9010 ms avg throuhgput (requests/sec) = 713.6527 res=false
*==== INFO ====*  stream_id=1159996 latency=0.862738 ms (tx_ts=88720875536825, rx_ts=88720876399563) request_id=7886090 zil_blk_id=1159996 ccf_commit_seqno=7886094 nstreams_done_=290000 config.nstreams=400000 avg_latency=0.9011 ms avg throuhgput (requests/sec) = 713.5830 res=false
*==== INFO ====*  stream_id=1161996 latency=0.811736 ms (tx_ts=88721589555297, rx_ts=88721590367033) request_id=7898984 zil_blk_id=1161996 ccf_commit_seqno=7898984 nstreams_done_=290500 config.nstreams=400000 avg_latency=0.9011 ms avg throuhgput (requests/sec) = 713.5597 res=false
*==== INFO ====*  stream_id=1163996 latency=0.902134 ms (tx_ts=88722230600699, rx_ts=88722231502833) request_id=7911641 zil_blk_id=1163996 ccf_commit_seqno=7911643 nstreams_done_=291000 config.nstreams=400000 avg_latency=0.9009 ms avg throuhgput (requests/sec) = 713.6640 res=false
*==== INFO ====*  stream_id=1165996 latency=0.724238 ms (tx_ts=88722971956904, rx_ts=88722972681142) request_id=7924358 zil_blk_id=1165996 ccf_commit_seqno=7924359 nstreams_done_=291500 config.nstreams=400000 avg_latency=0.9010 ms avg throuhgput (requests/sec) = 713.5931 res=false
*==== INFO ====*  stream_id=1167996 latency=0.740184 ms (tx_ts=88723666815753, rx_ts=88723667555937) request_id=7937056 zil_blk_id=1167996 ccf_commit_seqno=7937059 nstreams_done_=292000 config.nstreams=400000 avg_latency=0.9010 ms avg throuhgput (requests/sec) = 713.6032 res=false
*==== INFO ====*  stream_id=1169996 latency=0.699619 ms (tx_ts=88724334404688, rx_ts=88724335104307) request_id=7949825 zil_blk_id=1169996 ccf_commit_seqno=7949827 nstreams_done_=292500 config.nstreams=400000 avg_latency=0.9010 ms avg throuhgput (requests/sec) = 713.6609 res=false
*==== INFO ====*  stream_id=1171996 latency=0.696051 ms (tx_ts=88725049971200, rx_ts=88725050667251) request_id=7963111 zil_blk_id=1171996 ccf_commit_seqno=7963112 nstreams_done_=293000 config.nstreams=400000 avg_latency=0.9010 ms avg throuhgput (requests/sec) = 713.6349 res=false
*==== INFO ====*  stream_id=1173996 latency=0.682526 ms (tx_ts=88725805823663, rx_ts=88725806506189) request_id=7976122 zil_blk_id=1173996 ccf_commit_seqno=7976122 nstreams_done_=293500 config.nstreams=400000 avg_latency=0.9011 ms avg throuhgput (requests/sec) = 713.5391 res=false
*==== INFO ====*  stream_id=1175996 latency=1.058882 ms (tx_ts=88726499166578, rx_ts=88726500225460) request_id=7989090 zil_blk_id=1175996 ccf_commit_seqno=7989096 nstreams_done_=294000 config.nstreams=400000 avg_latency=0.9011 ms avg throuhgput (requests/sec) = 713.5513 res=false
*==== INFO ====*  stream_id=1177996 latency=0.801829 ms (tx_ts=88727210306492, rx_ts=88727211108321) request_id=8001961 zil_blk_id=1177996 ccf_commit_seqno=8001964 nstreams_done_=294500 config.nstreams=400000 avg_latency=0.9011 ms avg throuhgput (requests/sec) = 713.5337 res=false
*==== INFO ====*  stream_id=1179996 latency=0.759203 ms (tx_ts=88727878259114, rx_ts=88727879018317) request_id=8014831 zil_blk_id=1179996 ccf_commit_seqno=8014835 nstreams_done_=295000 config.nstreams=400000 avg_latency=0.9010 ms avg throuhgput (requests/sec) = 713.5904 res=false
*==== INFO ====*  stream_id=1181996 latency=0.960386 ms (tx_ts=88728628235468, rx_ts=88728629195854) request_id=8027902 zil_blk_id=1181996 ccf_commit_seqno=8027906 nstreams_done_=295500 config.nstreams=400000 avg_latency=0.9012 ms avg throuhgput (requests/sec) = 713.5051 res=false
*==== INFO ====*  stream_id=1183996 latency=0.925572 ms (tx_ts=88729352126442, rx_ts=88729353052014) request_id=8040831 zil_blk_id=1183996 ccf_commit_seqno=8040831 nstreams_done_=296000 config.nstreams=400000 avg_latency=0.9013 ms avg throuhgput (requests/sec) = 713.4654 res=false
*==== INFO ====*  stream_id=1185996 latency=1.302195 ms (tx_ts=88730014697223, rx_ts=88730015999418) request_id=8053596 zil_blk_id=1185996 ccf_commit_seqno=8053605 nstreams_done_=296500 config.nstreams=400000 avg_latency=0.9012 ms avg throuhgput (requests/sec) = 713.5304 res=false
*==== INFO ====*  stream_id=1187996 latency=0.617965 ms (tx_ts=88730674593839, rx_ts=88730675211804) request_id=8066364 zil_blk_id=1187996 ccf_commit_seqno=8066364 nstreams_done_=297000 config.nstreams=400000 avg_latency=0.9011 ms avg throuhgput (requests/sec) = 713.6016 res=false
*==== INFO ====*  stream_id=1189996 latency=0.708344 ms (tx_ts=88731298864047, rx_ts=88731299572391) request_id=8079000 zil_blk_id=1189996 ccf_commit_seqno=8079001 nstreams_done_=297500 config.nstreams=400000 avg_latency=0.9009 ms avg throuhgput (requests/sec) = 713.7322 res=false
*==== INFO ====*  stream_id=1191996 latency=0.883803 ms (tx_ts=88731955728364, rx_ts=88731956612167) request_id=8091838 zil_blk_id=1191996 ccf_commit_seqno=8091844 nstreams_done_=298000 config.nstreams=400000 avg_latency=0.9007 ms avg throuhgput (requests/sec) = 713.8066 res=false
*==== INFO ====*  stream_id=1193996 latency=0.876860 ms (tx_ts=88732680648960, rx_ts=88732681525820) request_id=8104783 zil_blk_id=1193996 ccf_commit_seqno=8104784 nstreams_done_=298500 config.nstreams=400000 avg_latency=0.9008 ms avg throuhgput (requests/sec) = 713.7649 res=false
*==== INFO ====*  stream_id=1195996 latency=1.200364 ms (tx_ts=88733388083887, rx_ts=88733389284251) request_id=8117766 zil_blk_id=1195996 ccf_commit_seqno=8117772 nstreams_done_=299000 config.nstreams=400000 avg_latency=0.9009 ms avg throuhgput (requests/sec) = 713.7525 res=false
*==== INFO ====*  stream_id=1197996 latency=1.298188 ms (tx_ts=88734108225495, rx_ts=88734109523683) request_id=8130633 zil_blk_id=1197996 ccf_commit_seqno=8130638 nstreams_done_=299500 config.nstreams=400000 avg_latency=0.9009 ms avg throuhgput (requests/sec) = 713.7190 res=false
*==== INFO ====*  stream_id=1199996 latency=0.900166 ms (tx_ts=88734868910105, rx_ts=88734869810271) request_id=8143270 zil_blk_id=1199996 ccf_commit_seqno=8143274 nstreams_done_=300000 config.nstreams=400000 avg_latency=0.9011 ms avg throuhgput (requests/sec) = 713.6176 res=false
*==== INFO ====*  stream_id=1201996 latency=0.802360 ms (tx_ts=88735550444583, rx_ts=88735551246943) request_id=8155949 zil_blk_id=1201996 ccf_commit_seqno=8155950 nstreams_done_=300500 config.nstreams=400000 avg_latency=0.9011 ms avg throuhgput (requests/sec) = 713.6502 res=false
*==== INFO ====*  stream_id=1203996 latency=1.172311 ms (tx_ts=88736268168708, rx_ts=88736269341019) request_id=8168855 zil_blk_id=1203996 ccf_commit_seqno=8168858 nstreams_done_=301000 config.nstreams=400000 avg_latency=0.9012 ms avg throuhgput (requests/sec) = 713.6206 res=false
*==== INFO ====*  stream_id=1205996 latency=1.208740 ms (tx_ts=88736963027773, rx_ts=88736964236513) request_id=8181773 zil_blk_id=1205996 ccf_commit_seqno=8181778 nstreams_done_=301500 config.nstreams=400000 avg_latency=0.9011 ms avg throuhgput (requests/sec) = 713.6303 res=false
*==== INFO ====*  stream_id=1207996 latency=1.155050 ms (tx_ts=88737750068097, rx_ts=88737751223147) request_id=8194879 zil_blk_id=1207996 ccf_commit_seqno=8194882 nstreams_done_=302000 config.nstreams=400000 avg_latency=0.9014 ms avg throuhgput (requests/sec) = 713.4848 res=false
*==== INFO ====*  stream_id=1209996 latency=1.063902 ms (tx_ts=88738459863180, rx_ts=88738460927082) request_id=8207675 zil_blk_id=1209996 ccf_commit_seqno=8207680 nstreams_done_=302500 config.nstreams=400000 avg_latency=0.9014 ms avg throuhgput (requests/sec) = 713.4697 res=false
*==== INFO ====*  stream_id=1211996 latency=0.650887 ms (tx_ts=88739117439778, rx_ts=88739118090665) request_id=8220591 zil_blk_id=1211996 ccf_commit_seqno=8220592 nstreams_done_=303000 config.nstreams=400000 avg_latency=0.9013 ms avg throuhgput (requests/sec) = 713.5431 res=false
*==== INFO ====*  stream_id=1213996 latency=0.699826 ms (tx_ts=88739802897854, rx_ts=88739803597680) request_id=8233408 zil_blk_id=1213996 ccf_commit_seqno=8233409 nstreams_done_=303500 config.nstreams=400000 avg_latency=0.9012 ms avg throuhgput (requests/sec) = 713.5686 res=false
*==== INFO ====*  stream_id=1215996 latency=0.793140 ms (tx_ts=88740529036171, rx_ts=88740529829311) request_id=8246698 zil_blk_id=1215996 ccf_commit_seqno=8246702 nstreams_done_=304000 config.nstreams=400000 avg_latency=0.9013 ms avg throuhgput (requests/sec) = 713.5258 res=false
*==== INFO ====*  stream_id=1217996 latency=0.815946 ms (tx_ts=88741231666629, rx_ts=88741232482575) request_id=8259683 zil_blk_id=1217996 ccf_commit_seqno=8259683 nstreams_done_=304500 config.nstreams=400000 avg_latency=0.9012 ms avg throuhgput (requests/sec) = 713.5227 res=false
*==== INFO ====*  stream_id=1219996 latency=0.809242 ms (tx_ts=88741872480005, rx_ts=88741873289247) request_id=8272167 zil_blk_id=1219996 ccf_commit_seqno=8272169 nstreams_done_=305000 config.nstreams=400000 avg_latency=0.9011 ms avg throuhgput (requests/sec) = 713.6227 res=false
*==== INFO ====*  stream_id=1221996 latency=1.193915 ms (tx_ts=88742598322648, rx_ts=88742599516563) request_id=8285462 zil_blk_id=1221996 ccf_commit_seqno=8285468 nstreams_done_=305500 config.nstreams=400000 avg_latency=0.9011 ms avg throuhgput (requests/sec) = 713.5801 res=false
*==== INFO ====*  stream_id=1223996 latency=0.662575 ms (tx_ts=88743324097153, rx_ts=88743324759728) request_id=8298091 zil_blk_id=1223996 ccf_commit_seqno=8298094 nstreams_done_=306000 config.nstreams=400000 avg_latency=0.9012 ms avg throuhgput (requests/sec) = 713.5392 res=false
*==== INFO ====*  stream_id=1225996 latency=0.801439 ms (tx_ts=88744005773137, rx_ts=88744006574576) request_id=8310866 zil_blk_id=1225996 ccf_commit_seqno=8310868 nstreams_done_=306500 config.nstreams=400000 avg_latency=0.9012 ms avg throuhgput (requests/sec) = 713.5707 res=false
*==== INFO ====*  stream_id=1227996 latency=0.753976 ms (tx_ts=88744710221005, rx_ts=88744710974981) request_id=8323581 zil_blk_id=1227996 ccf_commit_seqno=8323583 nstreams_done_=307000 config.nstreams=400000 avg_latency=0.9013 ms avg throuhgput (requests/sec) = 713.5645 res=false
*==== INFO ====*  stream_id=1229996 latency=0.721870 ms (tx_ts=88745361224762, rx_ts=88745361946632) request_id=8336409 zil_blk_id=1229996 ccf_commit_seqno=8336410 nstreams_done_=307500 config.nstreams=400000 avg_latency=0.9011 ms avg throuhgput (requests/sec) = 713.6469 res=false
*==== INFO ====*  stream_id=1231996 latency=0.623234 ms (tx_ts=88746032661866, rx_ts=88746033285100) request_id=8349355 zil_blk_id=1231996 ccf_commit_seqno=8349356 nstreams_done_=308000 config.nstreams=400000 avg_latency=0.9010 ms avg throuhgput (requests/sec) = 713.6953 res=false
*==== INFO ====*  stream_id=1233996 latency=0.860584 ms (tx_ts=88746757219306, rx_ts=88746758079890) request_id=8362273 zil_blk_id=1233996 ccf_commit_seqno=8362279 nstreams_done_=308500 config.nstreams=400000 avg_latency=0.9011 ms avg throuhgput (requests/sec) = 713.6553 res=false
*==== INFO ====*  stream_id=1235996 latency=1.124813 ms (tx_ts=88747491056978, rx_ts=88747492181791) request_id=8375644 zil_blk_id=1235996 ccf_commit_seqno=8375646 nstreams_done_=309000 config.nstreams=400000 avg_latency=0.9011 ms avg throuhgput (requests/sec) = 713.6002 res=false
*==== INFO ====*  stream_id=1237996 latency=188.858452 ms (tx_ts=88748138757723, rx_ts=88748327616175) request_id=8388616 zil_blk_id=1237996 ccf_commit_seqno=8388632 nstreams_done_=309500 config.nstreams=400000 avg_latency=0.9015 ms avg throuhgput (requests/sec) = 713.3785 res=false
*==== INFO ====*  stream_id=1239996 latency=0.764567 ms (tx_ts=88749028547786, rx_ts=88749029312353) request_id=8401657 zil_blk_id=1239996 ccf_commit_seqno=8401658 nstreams_done_=310000 config.nstreams=400000 avg_latency=0.9015 ms avg throuhgput (requests/sec) = 713.3772 res=false
*==== INFO ====*  stream_id=1241996 latency=1.699327 ms (tx_ts=88749672782453, rx_ts=88749674481780) request_id=8414484 zil_blk_id=1241996 ccf_commit_seqno=8414488 nstreams_done_=310500 config.nstreams=400000 avg_latency=0.9014 ms avg throuhgput (requests/sec) = 713.4685 res=false
*==== INFO ====*  stream_id=1243996 latency=0.881297 ms (tx_ts=88750399867367, rx_ts=88750400748664) request_id=8427591 zil_blk_id=1243996 ccf_commit_seqno=8427594 nstreams_done_=311000 config.nstreams=400000 avg_latency=0.9014 ms avg throuhgput (requests/sec) = 713.4268 res=false
*==== INFO ====*  stream_id=1245996 latency=0.841043 ms (tx_ts=88751107607154, rx_ts=88751108448197) request_id=8440646 zil_blk_id=1245996 ccf_commit_seqno=8440651 nstreams_done_=311500 config.nstreams=400000 avg_latency=0.9014 ms avg throuhgput (requests/sec) = 713.4156 res=false
*==== INFO ====*  stream_id=1247996 latency=0.901143 ms (tx_ts=88751771378320, rx_ts=88751772279463) request_id=8453800 zil_blk_id=1247996 ccf_commit_seqno=8453804 nstreams_done_=312000 config.nstreams=400000 avg_latency=0.9013 ms avg throuhgput (requests/sec) = 713.4760 res=false
*==== INFO ====*  stream_id=1249996 latency=0.735876 ms (tx_ts=88752436263492, rx_ts=88752436999368) request_id=8467239 zil_blk_id=1249996 ccf_commit_seqno=8467242 nstreams_done_=312500 config.nstreams=400000 avg_latency=0.9011 ms avg throuhgput (requests/sec) = 713.5348 res=false
*==== INFO ====*  stream_id=1251996 latency=0.859304 ms (tx_ts=88753119409087, rx_ts=88753120268391) request_id=8480181 zil_blk_id=1251996 ccf_commit_seqno=8480181 nstreams_done_=313000 config.nstreams=400000 avg_latency=0.9010 ms avg throuhgput (requests/sec) = 713.5632 res=false
*==== INFO ====*  stream_id=1253996 latency=0.831504 ms (tx_ts=88753791563661, rx_ts=88753792395165) request_id=8492888 zil_blk_id=1253996 ccf_commit_seqno=8492893 nstreams_done_=313500 config.nstreams=400000 avg_latency=0.9009 ms avg throuhgput (requests/sec) = 713.6096 res=false
*==== INFO ====*  stream_id=1255996 latency=1.023443 ms (tx_ts=88754463079525, rx_ts=88754464102968) request_id=8505837 zil_blk_id=1255996 ccf_commit_seqno=8505840 nstreams_done_=314000 config.nstreams=400000 avg_latency=0.9008 ms avg throuhgput (requests/sec) = 713.6566 res=false
*==== INFO ====*  stream_id=1257996 latency=1.027922 ms (tx_ts=88755135645412, rx_ts=88755136673334) request_id=8518355 zil_blk_id=1257996 ccf_commit_seqno=8518362 nstreams_done_=314500 config.nstreams=400000 avg_latency=0.9007 ms avg throuhgput (requests/sec) = 713.7020 res=false
*==== INFO ====*  stream_id=1259996 latency=0.640751 ms (tx_ts=88755800423517, rx_ts=88755801064268) request_id=8530469 zil_blk_id=1259996 ccf_commit_seqno=8530469 nstreams_done_=315000 config.nstreams=400000 avg_latency=0.9006 ms avg throuhgput (requests/sec) = 713.7605 res=false
*==== INFO ====*  stream_id=1261996 latency=1.072576 ms (tx_ts=88756493989644, rx_ts=88756495062220) request_id=8542765 zil_blk_id=1261996 ccf_commit_seqno=8542768 nstreams_done_=315500 config.nstreams=400000 avg_latency=0.9006 ms avg throuhgput (requests/sec) = 713.7711 res=false
*==== INFO ====*  stream_id=1263996 latency=0.981115 ms (tx_ts=88757181512626, rx_ts=88757182493741) request_id=8554988 zil_blk_id=1263996 ccf_commit_seqno=8554993 nstreams_done_=316000 config.nstreams=400000 avg_latency=0.9006 ms avg throuhgput (requests/sec) = 713.7921 res=false
*==== INFO ====*  stream_id=1265996 latency=0.850360 ms (tx_ts=88757847193037, rx_ts=88757848043397) request_id=8567177 zil_blk_id=1265996 ccf_commit_seqno=8567182 nstreams_done_=316500 config.nstreams=400000 avg_latency=0.9004 ms avg throuhgput (requests/sec) = 713.8484 res=false
*==== INFO ====*  stream_id=1267996 latency=0.660601 ms (tx_ts=88758516460844, rx_ts=88758517121445) request_id=8579369 zil_blk_id=1267996 ccf_commit_seqno=8579370 nstreams_done_=317000 config.nstreams=400000 avg_latency=0.9003 ms avg throuhgput (requests/sec) = 713.8988 res=false
*==== INFO ====*  stream_id=1269996 latency=0.598189 ms (tx_ts=88759162712464, rx_ts=88759163310653) request_id=8591294 zil_blk_id=1269996 ccf_commit_seqno=8591294 nstreams_done_=317500 config.nstreams=400000 avg_latency=0.9002 ms avg throuhgput (requests/sec) = 713.9858 res=false
*==== INFO ====*  stream_id=1271996 latency=0.691733 ms (tx_ts=88759790570335, rx_ts=88759791262068) request_id=8603479 zil_blk_id=1271996 ccf_commit_seqno=8603480 nstreams_done_=318000 config.nstreams=400000 avg_latency=0.9000 ms avg throuhgput (requests/sec) = 714.1018 res=false
*==== INFO ====*  stream_id=1273996 latency=0.640176 ms (tx_ts=88760436729786, rx_ts=88760437369962) request_id=8615751 zil_blk_id=1273996 ccf_commit_seqno=8615751 nstreams_done_=318500 config.nstreams=400000 avg_latency=0.8998 ms avg throuhgput (requests/sec) = 714.1884 res=false
*==== INFO ====*  stream_id=1275996 latency=0.632593 ms (tx_ts=88761123797988, rx_ts=88761124430581) request_id=8628251 zil_blk_id=1275996 ccf_commit_seqno=8628253 nstreams_done_=319000 config.nstreams=400000 avg_latency=0.8997 ms avg throuhgput (requests/sec) = 714.2092 res=false
*==== INFO ====*  stream_id=1277996 latency=0.661479 ms (tx_ts=88761898878908, rx_ts=88761899540387) request_id=8640687 zil_blk_id=1277996 ccf_commit_seqno=8640689 nstreams_done_=319500 config.nstreams=400000 avg_latency=0.8999 ms avg throuhgput (requests/sec) = 714.0894 res=false
*==== INFO ====*  stream_id=1279996 latency=0.723703 ms (tx_ts=88762663476548, rx_ts=88762664200251) request_id=8653182 zil_blk_id=1279996 ccf_commit_seqno=8653183 nstreams_done_=320000 config.nstreams=400000 avg_latency=0.9000 ms avg throuhgput (requests/sec) = 713.9867 res=false
*==== INFO ====*  stream_id=1281996 latency=0.900294 ms (tx_ts=88763411779966, rx_ts=88763412680260) request_id=8665879 zil_blk_id=1281996 ccf_commit_seqno=8665881 nstreams_done_=320500 config.nstreams=400000 avg_latency=0.9001 ms avg throuhgput (requests/sec) = 713.9101 res=false
*==== INFO ====*  stream_id=1283996 latency=0.838875 ms (tx_ts=88764128899565, rx_ts=88764129738440) request_id=8678275 zil_blk_id=1283996 ccf_commit_seqno=8678277 nstreams_done_=321000 config.nstreams=400000 avg_latency=0.9001 ms avg throuhgput (requests/sec) = 713.8836 res=false
*==== INFO ====*  stream_id=1285996 latency=0.882784 ms (tx_ts=88764821682081, rx_ts=88764822564865) request_id=8690377 zil_blk_id=1285996 ccf_commit_seqno=8690378 nstreams_done_=321500 config.nstreams=400000 avg_latency=0.9001 ms avg throuhgput (requests/sec) = 713.8956 res=false
*==== INFO ====*  stream_id=1287996 latency=0.654884 ms (tx_ts=88765514433144, rx_ts=88765515088028) request_id=8702851 zil_blk_id=1287996 ccf_commit_seqno=8702852 nstreams_done_=322000 config.nstreams=400000 avg_latency=0.9000 ms avg throuhgput (requests/sec) = 713.9080 res=false
*==== INFO ====*  stream_id=1289996 latency=0.891757 ms (tx_ts=88766176670105, rx_ts=88766177561862) request_id=8715306 zil_blk_id=1289996 ccf_commit_seqno=8715312 nstreams_done_=322500 config.nstreams=400000 avg_latency=0.8999 ms avg throuhgput (requests/sec) = 713.9679 res=false
*==== INFO ====*  stream_id=1291996 latency=0.981412 ms (tx_ts=88766907740248, rx_ts=88766908721660) request_id=8727865 zil_blk_id=1291996 ccf_commit_seqno=8727866 nstreams_done_=323000 config.nstreams=400000 avg_latency=0.8999 ms avg throuhgput (requests/sec) = 713.9192 res=false
*==== INFO ====*  stream_id=1293996 latency=0.728232 ms (tx_ts=88767561213709, rx_ts=88767561941941) request_id=8740580 zil_blk_id=1293996 ccf_commit_seqno=8740583 nstreams_done_=323500 config.nstreams=400000 avg_latency=0.8998 ms avg throuhgput (requests/sec) = 713.9935 res=false
*==== INFO ====*  stream_id=1295996 latency=0.737842 ms (tx_ts=88768271896017, rx_ts=88768272633859) request_id=8752834 zil_blk_id=1295996 ccf_commit_seqno=8752835 nstreams_done_=324000 config.nstreams=400000 avg_latency=0.8998 ms avg throuhgput (requests/sec) = 713.9771 res=false
*==== INFO ====*  stream_id=1297996 latency=1.139340 ms (tx_ts=88768911133436, rx_ts=88768912272776) request_id=8764816 zil_blk_id=1297996 ccf_commit_seqno=8764818 nstreams_done_=324500 config.nstreams=400000 avg_latency=0.8996 ms avg throuhgput (requests/sec) = 714.0724 res=false
*==== INFO ====*  stream_id=1299996 latency=0.790538 ms (tx_ts=88769608065849, rx_ts=88769608856387) request_id=8776649 zil_blk_id=1299996 ccf_commit_seqno=8776652 nstreams_done_=325000 config.nstreams=400000 avg_latency=0.8996 ms avg throuhgput (requests/sec) = 714.0781 res=false
*==== INFO ====*  stream_id=1301996 latency=1.132600 ms (tx_ts=88770274761385, rx_ts=88770275893985) request_id=8788377 zil_blk_id=1301996 ccf_commit_seqno=8788387 nstreams_done_=325500 config.nstreams=400000 avg_latency=0.8996 ms avg throuhgput (requests/sec) = 714.1301 res=false
*==== INFO ====*  stream_id=1303996 latency=0.941180 ms (tx_ts=88770987304253, rx_ts=88770988245433) request_id=8800213 zil_blk_id=1303996 ccf_commit_seqno=8800218 nstreams_done_=326000 config.nstreams=400000 avg_latency=0.8996 ms avg throuhgput (requests/sec) = 714.1110 res=false
*==== INFO ====*  stream_id=1305996 latency=0.625359 ms (tx_ts=88771686070126, rx_ts=88771686695485) request_id=8811937 zil_blk_id=1305996 ccf_commit_seqno=8811937 nstreams_done_=326500 config.nstreams=400000 avg_latency=0.8996 ms avg throuhgput (requests/sec) = 714.1137 res=false
*==== INFO ====*  stream_id=1307996 latency=1.294421 ms (tx_ts=88772343970721, rx_ts=88772345265142) request_id=8823570 zil_blk_id=1307996 ccf_commit_seqno=8823584 nstreams_done_=327000 config.nstreams=400000 avg_latency=0.8994 ms avg throuhgput (requests/sec) = 714.1786 res=false
*==== INFO ====*  stream_id=1309996 latency=0.760933 ms (tx_ts=88773034514513, rx_ts=88773035275446) request_id=8835391 zil_blk_id=1309996 ccf_commit_seqno=8835392 nstreams_done_=327500 config.nstreams=400000 avg_latency=0.8994 ms avg throuhgput (requests/sec) = 714.1943 res=false
*==== INFO ====*  stream_id=1311996 latency=0.636290 ms (tx_ts=88773694967539, rx_ts=88773695603829) request_id=8846693 zil_blk_id=1311996 ccf_commit_seqno=8846694 nstreams_done_=328000 config.nstreams=400000 avg_latency=0.8993 ms avg throuhgput (requests/sec) = 714.2561 res=false
*==== INFO ====*  stream_id=1313996 latency=0.715906 ms (tx_ts=88774349276955, rx_ts=88774349992861) request_id=8857937 zil_blk_id=1313996 ccf_commit_seqno=8857937 nstreams_done_=328500 config.nstreams=400000 avg_latency=0.8992 ms avg throuhgput (requests/sec) = 714.3270 res=false
*==== INFO ====*  stream_id=1315996 latency=0.686314 ms (tx_ts=88774980544399, rx_ts=88774981230713) request_id=8869397 zil_blk_id=1315996 ccf_commit_seqno=8869397 nstreams_done_=329000 config.nstreams=400000 avg_latency=0.8990 ms avg throuhgput (requests/sec) = 714.4336 res=false
*==== INFO ====*  stream_id=1317996 latency=0.632603 ms (tx_ts=88775660070390, rx_ts=88775660702993) request_id=8881042 zil_blk_id=1317996 ccf_commit_seqno=8881042 nstreams_done_=329500 config.nstreams=400000 avg_latency=0.8990 ms avg throuhgput (requests/sec) = 714.4652 res=false
*==== INFO ====*  stream_id=1319996 latency=0.734904 ms (tx_ts=88776358251538, rx_ts=88776358986442) request_id=8892778 zil_blk_id=1319996 ccf_commit_seqno=8892780 nstreams_done_=330000 config.nstreams=400000 avg_latency=0.8990 ms avg throuhgput (requests/sec) = 714.4676 res=false
*==== INFO ====*  stream_id=1321996 latency=0.802698 ms (tx_ts=88777033178973, rx_ts=88777033981671) request_id=8904295 zil_blk_id=1321996 ccf_commit_seqno=8904296 nstreams_done_=330500 config.nstreams=400000 avg_latency=0.8990 ms avg throuhgput (requests/sec) = 714.5059 res=false
*==== INFO ====*  stream_id=1323996 latency=0.803301 ms (tx_ts=88777685393275, rx_ts=88777686196576) request_id=8915717 zil_blk_id=1323996 ccf_commit_seqno=8915721 nstreams_done_=331000 config.nstreams=400000 avg_latency=0.8988 ms avg throuhgput (requests/sec) = 714.5793 res=false
*==== INFO ====*  stream_id=1325996 latency=0.826776 ms (tx_ts=88778317461009, rx_ts=88778318287785) request_id=8927220 zil_blk_id=1325996 ccf_commit_seqno=8927220 nstreams_done_=331500 config.nstreams=400000 avg_latency=0.8987 ms avg throuhgput (requests/sec) = 714.6835 res=false
*==== INFO ====*  stream_id=1327996 latency=1.612462 ms (tx_ts=88779015185782, rx_ts=88779016798244) request_id=8939009 zil_blk_id=1327996 ccf_commit_seqno=8939011 nstreams_done_=332000 config.nstreams=400000 avg_latency=0.8987 ms avg throuhgput (requests/sec) = 714.6852 res=false
*==== INFO ====*  stream_id=1329996 latency=1.285754 ms (tx_ts=88779681903106, rx_ts=88779683188860) request_id=8950549 zil_blk_id=1329996 ccf_commit_seqno=8950561 nstreams_done_=332500 config.nstreams=400000 avg_latency=0.8986 ms avg throuhgput (requests/sec) = 714.7362 res=false
*==== INFO ====*  stream_id=1331996 latency=0.878934 ms (tx_ts=88780347635257, rx_ts=88780348514191) request_id=8962484 zil_blk_id=1331996 ccf_commit_seqno=8962486 nstreams_done_=333000 config.nstreams=400000 avg_latency=0.8985 ms avg throuhgput (requests/sec) = 714.7887 res=false
*==== INFO ====*  stream_id=1333996 latency=0.751224 ms (tx_ts=88780998267217, rx_ts=88780999018441) request_id=8974145 zil_blk_id=1333996 ccf_commit_seqno=8974149 nstreams_done_=333500 config.nstreams=400000 avg_latency=0.8984 ms avg throuhgput (requests/sec) = 714.8638 res=false
*==== INFO ====*  stream_id=1335996 latency=0.692016 ms (tx_ts=88781632427867, rx_ts=88781633119883) request_id=8985498 zil_blk_id=1335996 ccf_commit_seqno=8985498 nstreams_done_=334000 config.nstreams=400000 avg_latency=0.8982 ms avg throuhgput (requests/sec) = 714.9638 res=false
*==== INFO ====*  stream_id=1337996 latency=0.797502 ms (tx_ts=88782294168560, rx_ts=88782294966062) request_id=8997107 zil_blk_id=1337996 ccf_commit_seqno=8997107 nstreams_done_=334500 config.nstreams=400000 avg_latency=0.8982 ms avg throuhgput (requests/sec) = 715.0211 res=false
*==== INFO ====*  stream_id=1339996 latency=0.641630 ms (tx_ts=88782990015359, rx_ts=88782990656989) request_id=9008798 zil_blk_id=1339996 ccf_commit_seqno=9008799 nstreams_done_=335000 config.nstreams=400000 avg_latency=0.8982 ms avg throuhgput (requests/sec) = 715.0265 res=false
*==== INFO ====*  stream_id=1341996 latency=0.650687 ms (tx_ts=88783659427887, rx_ts=88783660078574) request_id=9020420 zil_blk_id=1341996 ccf_commit_seqno=9020422 nstreams_done_=335500 config.nstreams=400000 avg_latency=0.8981 ms avg throuhgput (requests/sec) = 715.0720 res=false
*==== INFO ====*  stream_id=1343996 latency=0.810004 ms (tx_ts=88784290295896, rx_ts=88784291105900) request_id=9031715 zil_blk_id=1343996 ccf_commit_seqno=9031716 nstreams_done_=336000 config.nstreams=400000 avg_latency=0.8980 ms avg throuhgput (requests/sec) = 715.1759 res=false
*==== INFO ====*  stream_id=1345996 latency=0.622659 ms (tx_ts=88784942998010, rx_ts=88784943620669) request_id=9043255 zil_blk_id=1345996 ccf_commit_seqno=9043255 nstreams_done_=336500 config.nstreams=400000 avg_latency=0.8978 ms avg throuhgput (requests/sec) = 715.2467 res=false
*==== INFO ====*  stream_id=1347996 latency=0.721175 ms (tx_ts=88785616185808, rx_ts=88785616906983) request_id=9054873 zil_blk_id=1347996 ccf_commit_seqno=9054874 nstreams_done_=337000 config.nstreams=400000 avg_latency=0.8977 ms avg throuhgput (requests/sec) = 715.2858 res=false
*==== INFO ====*  stream_id=1349996 latency=1.106188 ms (tx_ts=88786314411675, rx_ts=88786315517863) request_id=9066858 zil_blk_id=1349996 ccf_commit_seqno=9066858 nstreams_done_=337500 config.nstreams=400000 avg_latency=0.8977 ms avg throuhgput (requests/sec) = 715.2865 res=false
*==== INFO ====*  stream_id=1351996 latency=0.742311 ms (tx_ts=88786961174452, rx_ts=88786961916763) request_id=9078104 zil_blk_id=1351996 ccf_commit_seqno=9078106 nstreams_done_=338000 config.nstreams=400000 avg_latency=0.8975 ms avg throuhgput (requests/sec) = 715.3661 res=false
*==== INFO ====*  stream_id=1353996 latency=1.178726 ms (tx_ts=88787615017797, rx_ts=88787616196523) request_id=9088983 zil_blk_id=1353996 ccf_commit_seqno=9088984 nstreams_done_=338500 config.nstreams=400000 avg_latency=0.8974 ms avg throuhgput (requests/sec) = 715.4337 res=false
*==== INFO ====*  stream_id=1355996 latency=5.266116 ms (tx_ts=88788255390858, rx_ts=88788260656974) request_id=9100010 zil_blk_id=1355996 ccf_commit_seqno=9100010 nstreams_done_=339000 config.nstreams=400000 avg_latency=0.8973 ms avg throuhgput (requests/sec) = 715.5158 res=false
*==== INFO ====*  stream_id=1357996 latency=0.772334 ms (tx_ts=88788912949908, rx_ts=88788913722242) request_id=9111100 zil_blk_id=1357996 ccf_commit_seqno=9111100 nstreams_done_=339500 config.nstreams=400000 avg_latency=0.8971 ms avg throuhgput (requests/sec) = 715.5848 res=false
*==== INFO ====*  stream_id=1359996 latency=0.566209 ms (tx_ts=88789587981704, rx_ts=88789588547913) request_id=9122115 zil_blk_id=1359996 ccf_commit_seqno=9122115 nstreams_done_=340000 config.nstreams=400000 avg_latency=0.8970 ms avg throuhgput (requests/sec) = 715.6208 res=false
*==== INFO ====*  stream_id=1361996 latency=0.722491 ms (tx_ts=88790229232122, rx_ts=88790229954613) request_id=9132913 zil_blk_id=1361996 ccf_commit_seqno=9132915 nstreams_done_=340500 config.nstreams=400000 avg_latency=0.8969 ms avg throuhgput (requests/sec) = 715.7070 res=false
*==== INFO ====*  stream_id=1363996 latency=0.778303 ms (tx_ts=88790898393088, rx_ts=88790899171391) request_id=9144299 zil_blk_id=1363996 ccf_commit_seqno=9144301 nstreams_done_=341000 config.nstreams=400000 avg_latency=0.8968 ms avg throuhgput (requests/sec) = 715.7511 res=false
*==== INFO ====*  stream_id=1365996 latency=0.632091 ms (tx_ts=88791615646162, rx_ts=88791616278253) request_id=9155053 zil_blk_id=1365996 ccf_commit_seqno=9155053 nstreams_done_=341500 config.nstreams=400000 avg_latency=0.8969 ms avg throuhgput (requests/sec) = 715.7233 res=false
*==== INFO ====*  stream_id=1367996 latency=0.652100 ms (tx_ts=88792270427566, rx_ts=88792271079666) request_id=9166274 zil_blk_id=1367996 ccf_commit_seqno=9166274 nstreams_done_=342000 config.nstreams=400000 avg_latency=0.8967 ms avg throuhgput (requests/sec) = 715.7889 res=false
*==== INFO ====*  stream_id=1369996 latency=0.592348 ms (tx_ts=88792914080136, rx_ts=88792914672484) request_id=9176930 zil_blk_id=1369996 ccf_commit_seqno=9176930 nstreams_done_=342500 config.nstreams=400000 avg_latency=0.8966 ms avg throuhgput (requests/sec) = 715.8711 res=false
*==== INFO ====*  stream_id=1371996 latency=0.570577 ms (tx_ts=88793567362130, rx_ts=88793567932707) request_id=9188052 zil_blk_id=1371996 ccf_commit_seqno=9188052 nstreams_done_=343000 config.nstreams=400000 avg_latency=0.8964 ms avg throuhgput (requests/sec) = 715.9386 res=false
*==== INFO ====*  stream_id=1373996 latency=0.675834 ms (tx_ts=88794210956822, rx_ts=88794211632656) request_id=9198186 zil_blk_id=1373996 ccf_commit_seqno=9198187 nstreams_done_=343500 config.nstreams=400000 avg_latency=0.8963 ms avg throuhgput (requests/sec) = 716.0202 res=false
*==== INFO ====*  stream_id=1375996 latency=0.838918 ms (tx_ts=88794853485542, rx_ts=88794854324460) request_id=9208406 zil_blk_id=1375996 ccf_commit_seqno=9208406 nstreams_done_=344000 config.nstreams=400000 avg_latency=0.8962 ms avg throuhgput (requests/sec) = 716.1031 res=false
*==== INFO ====*  stream_id=1377996 latency=0.651529 ms (tx_ts=88795509803702, rx_ts=88795510455231) request_id=9218767 zil_blk_id=1377996 ccf_commit_seqno=9218770 nstreams_done_=344500 config.nstreams=400000 avg_latency=0.8961 ms avg throuhgput (requests/sec) = 716.1658 res=false
*==== INFO ====*  stream_id=1379996 latency=0.609629 ms (tx_ts=88796164354901, rx_ts=88796164964530) request_id=9228683 zil_blk_id=1379996 ccf_commit_seqno=9228683 nstreams_done_=345000 config.nstreams=400000 avg_latency=0.8960 ms avg throuhgput (requests/sec) = 716.2307 res=false
*==== INFO ====*  stream_id=1381996 latency=0.682687 ms (tx_ts=88796774681977, rx_ts=88796775364664) request_id=9238657 zil_blk_id=1381996 ccf_commit_seqno=9238660 nstreams_done_=345500 config.nstreams=400000 avg_latency=0.8958 ms avg throuhgput (requests/sec) = 716.3609 res=false
*==== INFO ====*  stream_id=1383996 latency=0.592769 ms (tx_ts=88797408320766, rx_ts=88797408913535) request_id=9248705 zil_blk_id=1383996 ccf_commit_seqno=9248705 nstreams_done_=346000 config.nstreams=400000 avg_latency=0.8956 ms avg throuhgput (requests/sec) = 716.4565 res=false
*==== INFO ====*  stream_id=1385996 latency=0.691524 ms (tx_ts=88798059835377, rx_ts=88798060526901) request_id=9258700 zil_blk_id=1385996 ccf_commit_seqno=9258701 nstreams_done_=346500 config.nstreams=400000 avg_latency=0.8955 ms avg throuhgput (requests/sec) = 716.5250 res=false
*==== INFO ====*  stream_id=1387996 latency=0.700920 ms (tx_ts=88798658848167, rx_ts=88798659549087) request_id=9268494 zil_blk_id=1387996 ccf_commit_seqno=9268496 nstreams_done_=347000 config.nstreams=400000 avg_latency=0.8952 ms avg throuhgput (requests/sec) = 716.6712 res=false
*==== INFO ====*  stream_id=1389996 latency=0.635319 ms (tx_ts=88799321844256, rx_ts=88799322479575) request_id=9278557 zil_blk_id=1389996 ccf_commit_seqno=9278558 nstreams_done_=347500 config.nstreams=400000 avg_latency=0.8951 ms avg throuhgput (requests/sec) = 716.7226 res=false
*==== INFO ====*  stream_id=1391996 latency=0.709737 ms (tx_ts=88799959333262, rx_ts=88799960042999) request_id=9288258 zil_blk_id=1391996 ccf_commit_seqno=9288258 nstreams_done_=348000 config.nstreams=400000 avg_latency=0.8950 ms avg throuhgput (requests/sec) = 716.8112 res=false
*==== INFO ====*  stream_id=1393996 latency=1.204983 ms (tx_ts=88800602477918, rx_ts=88800603682901) request_id=9298063 zil_blk_id=1393996 ccf_commit_seqno=9298063 nstreams_done_=348500 config.nstreams=400000 avg_latency=0.8949 ms avg throuhgput (requests/sec) = 716.8907 res=false
*==== INFO ====*  stream_id=1395996 latency=1.100257 ms (tx_ts=88801214931061, rx_ts=88801216031318) request_id=9307992 zil_blk_id=1395996 ccf_commit_seqno=9307998 nstreams_done_=349000 config.nstreams=400000 avg_latency=0.8947 ms avg throuhgput (requests/sec) = 717.0161 res=false
*==== INFO ====*  stream_id=1397996 latency=0.644124 ms (tx_ts=88801835711040, rx_ts=88801836355164) request_id=9317762 zil_blk_id=1397996 ccf_commit_seqno=9317763 nstreams_done_=349500 config.nstreams=400000 avg_latency=0.8945 ms avg throuhgput (requests/sec) = 717.1294 res=false
*==== INFO ====*  stream_id=1399996 latency=0.679891 ms (tx_ts=88802444341499, rx_ts=88802445021390) request_id=9327374 zil_blk_id=1399996 ccf_commit_seqno=9327376 nstreams_done_=350000 config.nstreams=400000 avg_latency=0.8943 ms avg throuhgput (requests/sec) = 717.2595 res=false
*==== INFO ====*  stream_id=1401996 latency=0.605832 ms (tx_ts=88803083561893, rx_ts=88803084167725) request_id=9337001 zil_blk_id=1401996 ccf_commit_seqno=9337001 nstreams_done_=350500 config.nstreams=400000 avg_latency=0.8942 ms avg throuhgput (requests/sec) = 717.3446 res=false
*==== INFO ====*  stream_id=1403996 latency=0.837957 ms (tx_ts=88803757332356, rx_ts=88803758170313) request_id=9346791 zil_blk_id=1403996 ccf_commit_seqno=9346796 nstreams_done_=351000 config.nstreams=400000 avg_latency=0.8941 ms avg throuhgput (requests/sec) = 717.3783 res=false
*==== INFO ====*  stream_id=1405996 latency=0.654233 ms (tx_ts=88804436288330, rx_ts=88804436942563) request_id=9356890 zil_blk_id=1405996 ccf_commit_seqno=9356891 nstreams_done_=351500 config.nstreams=400000 avg_latency=0.8940 ms avg throuhgput (requests/sec) = 717.4050 res=false
*==== INFO ====*  stream_id=1407996 latency=0.729925 ms (tx_ts=88805076691942, rx_ts=88805077421867) request_id=9367145 zil_blk_id=1407996 ccf_commit_seqno=9367147 nstreams_done_=352000 config.nstreams=400000 avg_latency=0.8938 ms avg throuhgput (requests/sec) = 717.4876 res=false
*==== INFO ====*  stream_id=1409996 latency=0.749821 ms (tx_ts=88805721646832, rx_ts=88805722396653) request_id=9377134 zil_blk_id=1409996 ccf_commit_seqno=9377137 nstreams_done_=352500 config.nstreams=400000 avg_latency=0.8936 ms avg throuhgput (requests/sec) = 717.5634 res=false
*==== INFO ====*  stream_id=1411996 latency=0.685740 ms (tx_ts=88806365210531, rx_ts=88806365896271) request_id=9387234 zil_blk_id=1411996 ccf_commit_seqno=9387237 nstreams_done_=353000 config.nstreams=400000 avg_latency=0.8935 ms avg throuhgput (requests/sec) = 717.6411 res=false
*==== INFO ====*  stream_id=1413996 latency=0.635869 ms (tx_ts=88806977429670, rx_ts=88806978065539) request_id=9397187 zil_blk_id=1413996 ccf_commit_seqno=9397189 nstreams_done_=353500 config.nstreams=400000 avg_latency=0.8932 ms avg throuhgput (requests/sec) = 717.7643 res=false
*==== INFO ====*  stream_id=1415996 latency=0.630609 ms (tx_ts=88807608443514, rx_ts=88807609074123) request_id=9407403 zil_blk_id=1415996 ccf_commit_seqno=9407404 nstreams_done_=354000 config.nstreams=400000 avg_latency=0.8930 ms avg throuhgput (requests/sec) = 717.8598 res=false
*==== INFO ====*  stream_id=1417996 latency=0.663751 ms (tx_ts=88808266656198, rx_ts=88808267319949) request_id=9417554 zil_blk_id=1417996 ccf_commit_seqno=9417554 nstreams_done_=354500 config.nstreams=400000 avg_latency=0.8928 ms avg throuhgput (requests/sec) = 717.9155 res=false
*==== INFO ====*  stream_id=1419996 latency=1.315399 ms (tx_ts=88808909800802, rx_ts=88808911116201) request_id=9427352 zil_blk_id=1419996 ccf_commit_seqno=9427357 nstreams_done_=355000 config.nstreams=400000 avg_latency=0.8927 ms avg throuhgput (requests/sec) = 717.9919 res=false
*==== INFO ====*  stream_id=1421996 latency=0.925969 ms (tx_ts=88809544735614, rx_ts=88809545661583) request_id=9437253 zil_blk_id=1421996 ccf_commit_seqno=9437253 nstreams_done_=355500 config.nstreams=400000 avg_latency=0.8926 ms avg throuhgput (requests/sec) = 718.0816 res=false
*==== INFO ====*  stream_id=1423996 latency=0.743148 ms (tx_ts=88810147305189, rx_ts=88810148048337) request_id=9446791 zil_blk_id=1423996 ccf_commit_seqno=9446793 nstreams_done_=356000 config.nstreams=400000 avg_latency=0.8924 ms avg throuhgput (requests/sec) = 718.2177 res=false
*==== INFO ====*  stream_id=1425996 latency=0.661113 ms (tx_ts=88810799711424, rx_ts=88810800372537) request_id=9456883 zil_blk_id=1425996 ccf_commit_seqno=9456885 nstreams_done_=356500 config.nstreams=400000 avg_latency=0.8923 ms avg throuhgput (requests/sec) = 718.2811 res=false
*==== INFO ====*  stream_id=1427996 latency=0.822085 ms (tx_ts=88811421105200, rx_ts=88811421927285) request_id=9467050 zil_blk_id=1427996 ccf_commit_seqno=9467052 nstreams_done_=357000 config.nstreams=400000 avg_latency=0.8921 ms avg throuhgput (requests/sec) = 718.3889 res=false
*==== INFO ====*  stream_id=1429996 latency=0.824389 ms (tx_ts=88812100543948, rx_ts=88812101368337) request_id=9476895 zil_blk_id=1429996 ccf_commit_seqno=9476897 nstreams_done_=357500 config.nstreams=400000 avg_latency=0.8920 ms avg throuhgput (requests/sec) = 718.4128 res=false
*==== INFO ====*  stream_id=1431996 latency=0.950598 ms (tx_ts=88812720966136, rx_ts=88812721916734) request_id=9486449 zil_blk_id=1431996 ccf_commit_seqno=9486454 nstreams_done_=358000 config.nstreams=400000 avg_latency=0.8918 ms avg throuhgput (requests/sec) = 718.5215 res=false
*==== INFO ====*  stream_id=1433996 latency=1.181239 ms (tx_ts=88813331884155, rx_ts=88813333065394) request_id=9495968 zil_blk_id=1433996 ccf_commit_seqno=9495971 nstreams_done_=358500 config.nstreams=400000 avg_latency=0.8917 ms avg throuhgput (requests/sec) = 718.6436 res=false
*==== INFO ====*  stream_id=1435996 latency=0.574744 ms (tx_ts=88813973414208, rx_ts=88813973988952) request_id=9505913 zil_blk_id=1435996 ccf_commit_seqno=9505914 nstreams_done_=359000 config.nstreams=400000 avg_latency=0.8915 ms avg throuhgput (requests/sec) = 718.7225 res=false
*==== INFO ====*  stream_id=1437996 latency=0.823609 ms (tx_ts=88814604613789, rx_ts=88814605437398) request_id=9515334 zil_blk_id=1437996 ccf_commit_seqno=9515337 nstreams_done_=359500 config.nstreams=400000 avg_latency=0.8914 ms avg throuhgput (requests/sec) = 718.8148 res=false
*==== INFO ====*  stream_id=1439996 latency=1.289000 ms (tx_ts=88815235699512, rx_ts=88815236988512) request_id=9524593 zil_blk_id=1439996 ccf_commit_seqno=9524599 nstreams_done_=360000 config.nstreams=400000 avg_latency=0.8913 ms avg throuhgput (requests/sec) = 718.9067 res=false
*==== INFO ====*  stream_id=1441996 latency=0.673489 ms (tx_ts=88815873448050, rx_ts=88815874121539) request_id=9533996 zil_blk_id=1441996 ccf_commit_seqno=9533996 nstreams_done_=360500 config.nstreams=400000 avg_latency=0.8911 ms avg throuhgput (requests/sec) = 718.9904 res=false
*==== INFO ====*  stream_id=1443996 latency=0.747377 ms (tx_ts=88816469494669, rx_ts=88816470242046) request_id=9542756 zil_blk_id=1443996 ccf_commit_seqno=9542758 nstreams_done_=361000 config.nstreams=400000 avg_latency=0.8908 ms avg throuhgput (requests/sec) = 719.1326 res=false
*==== INFO ====*  stream_id=1445996 latency=0.837887 ms (tx_ts=88817110414931, rx_ts=88817111252818) request_id=9551612 zil_blk_id=1445996 ccf_commit_seqno=9551614 nstreams_done_=361500 config.nstreams=400000 avg_latency=0.8907 ms avg throuhgput (requests/sec) = 719.2102 res=false
*==== INFO ====*  stream_id=1447996 latency=0.544388 ms (tx_ts=88817726080938, rx_ts=88817726625326) request_id=9559851 zil_blk_id=1447996 ccf_commit_seqno=9559851 nstreams_done_=362000 config.nstreams=400000 avg_latency=0.8905 ms avg throuhgput (requests/sec) = 719.3243 res=false
*==== INFO ====*  stream_id=1449996 latency=0.756174 ms (tx_ts=88818355767903, rx_ts=88818356524077) request_id=9567990 zil_blk_id=1449996 ccf_commit_seqno=9567990 nstreams_done_=362500 config.nstreams=400000 avg_latency=0.8904 ms avg throuhgput (requests/sec) = 719.4174 res=false
*==== INFO ====*  stream_id=1451996 latency=0.794105 ms (tx_ts=88818986886990, rx_ts=88818987681095) request_id=9576062 zil_blk_id=1451996 ccf_commit_seqno=9576064 nstreams_done_=363000 config.nstreams=400000 avg_latency=0.8902 ms avg throuhgput (requests/sec) = 719.5085 res=false
*==== INFO ====*  stream_id=1453996 latency=0.813922 ms (tx_ts=88819609016404, rx_ts=88819609830326) request_id=9584364 zil_blk_id=1453996 ccf_commit_seqno=9584364 nstreams_done_=363500 config.nstreams=400000 avg_latency=0.8901 ms avg throuhgput (requests/sec) = 719.6121 res=false
*==== INFO ====*  stream_id=1455996 latency=0.713594 ms (tx_ts=88820230628975, rx_ts=88820231342569) request_id=9592391 zil_blk_id=1455996 ccf_commit_seqno=9592393 nstreams_done_=364000 config.nstreams=400000 avg_latency=0.8899 ms avg throuhgput (requests/sec) = 719.7164 res=false
*==== INFO ====*  stream_id=1457996 latency=0.759389 ms (tx_ts=88820865626762, rx_ts=88820866386151) request_id=9600164 zil_blk_id=1457996 ccf_commit_seqno=9600165 nstreams_done_=364500 config.nstreams=400000 avg_latency=0.8898 ms avg throuhgput (requests/sec) = 719.8012 res=false
*==== INFO ====*  stream_id=1459996 latency=0.807389 ms (tx_ts=88821474973780, rx_ts=88821475781169) request_id=9607687 zil_blk_id=1459996 ccf_commit_seqno=9607688 nstreams_done_=365000 config.nstreams=400000 avg_latency=0.8896 ms avg throuhgput (requests/sec) = 719.9222 res=false
*==== INFO ====*  stream_id=1461996 latency=0.643833 ms (tx_ts=88822101644303, rx_ts=88822102288136) request_id=9615351 zil_blk_id=1461996 ccf_commit_seqno=9615351 nstreams_done_=365500 config.nstreams=400000 avg_latency=0.8894 ms avg throuhgput (requests/sec) = 720.0187 res=false
*==== INFO ====*  stream_id=1463996 latency=0.615831 ms (tx_ts=88822694441881, rx_ts=88822695057712) request_id=9622922 zil_blk_id=1463996 ccf_commit_seqno=9622923 nstreams_done_=366000 config.nstreams=400000 avg_latency=0.8892 ms avg throuhgput (requests/sec) = 720.1627 res=false
*==== INFO ====*  stream_id=1465996 latency=0.828496 ms (tx_ts=88823298547548, rx_ts=88823299376044) request_id=9630266 zil_blk_id=1465996 ccf_commit_seqno=9630269 nstreams_done_=366500 config.nstreams=400000 avg_latency=0.8890 ms avg throuhgput (requests/sec) = 720.2901 res=false
*==== INFO ====*  stream_id=1467996 latency=0.635478 ms (tx_ts=88823934600585, rx_ts=88823935236063) request_id=9637903 zil_blk_id=1467996 ccf_commit_seqno=9637905 nstreams_done_=367000 config.nstreams=400000 avg_latency=0.8889 ms avg throuhgput (requests/sec) = 720.3725 res=false
*==== INFO ====*  stream_id=1469996 latency=0.675603 ms (tx_ts=88824556483752, rx_ts=88824557159355) request_id=9645662 zil_blk_id=1469996 ccf_commit_seqno=9645663 nstreams_done_=367500 config.nstreams=400000 avg_latency=0.8887 ms avg throuhgput (requests/sec) = 720.4744 res=false
*==== INFO ====*  stream_id=1471996 latency=0.674798 ms (tx_ts=88825173303569, rx_ts=88825173978367) request_id=9653264 zil_blk_id=1471996 ccf_commit_seqno=9653265 nstreams_done_=368000 config.nstreams=400000 avg_latency=0.8885 ms avg throuhgput (requests/sec) = 720.5833 res=false
*==== INFO ====*  stream_id=1473996 latency=0.702354 ms (tx_ts=88825762150869, rx_ts=88825762853223) request_id=9660785 zil_blk_id=1473996 ccf_commit_seqno=9660788 nstreams_done_=368500 config.nstreams=400000 avg_latency=0.8883 ms avg throuhgput (requests/sec) = 720.7313 res=false
*==== INFO ====*  stream_id=1475996 latency=0.657589 ms (tx_ts=88826345678395, rx_ts=88826346335984) request_id=9668294 zil_blk_id=1475996 ccf_commit_seqno=9668294 nstreams_done_=369000 config.nstreams=400000 avg_latency=0.8880 ms avg throuhgput (requests/sec) = 720.8865 res=false
*==== INFO ====*  stream_id=1477996 latency=0.788764 ms (tx_ts=88826939833881, rx_ts=88826940622645) request_id=9675708 zil_blk_id=1477996 ccf_commit_seqno=9675709 nstreams_done_=369500 config.nstreams=400000 avg_latency=0.8878 ms avg throuhgput (requests/sec) = 721.0262 res=false
*==== INFO ====*  stream_id=1479996 latency=0.708525 ms (tx_ts=88827533455695, rx_ts=88827534164220) request_id=9683437 zil_blk_id=1479996 ccf_commit_seqno=9683439 nstreams_done_=370000 config.nstreams=400000 avg_latency=0.8876 ms avg throuhgput (requests/sec) = 721.1666 res=false
*==== INFO ====*  stream_id=1481996 latency=0.687535 ms (tx_ts=88828166712949, rx_ts=88828167400484) request_id=9691165 zil_blk_id=1481996 ccf_commit_seqno=9691167 nstreams_done_=370500 config.nstreams=400000 avg_latency=0.8874 ms avg throuhgput (requests/sec) = 721.2510 res=false
*==== INFO ====*  stream_id=1483996 latency=0.743510 ms (tx_ts=88828796392249, rx_ts=88828797135759) request_id=9698914 zil_blk_id=1483996 ccf_commit_seqno=9698917 nstreams_done_=371000 config.nstreams=400000 avg_latency=0.8872 ms avg throuhgput (requests/sec) = 721.3400 res=false
*==== INFO ====*  stream_id=1485996 latency=0.618336 ms (tx_ts=88829405548592, rx_ts=88829406166928) request_id=9706646 zil_blk_id=1485996 ccf_commit_seqno=9706647 nstreams_done_=371500 config.nstreams=400000 avg_latency=0.8870 ms avg throuhgput (requests/sec) = 721.4579 res=false
*==== INFO ====*  stream_id=1487996 latency=0.635648 ms (tx_ts=88830036637338, rx_ts=88830037272986) request_id=9714547 zil_blk_id=1487996 ccf_commit_seqno=9714548 nstreams_done_=372000 config.nstreams=400000 avg_latency=0.8868 ms avg throuhgput (requests/sec) = 721.5445 res=false
*==== INFO ====*  stream_id=1489996 latency=0.762045 ms (tx_ts=88830659029072, rx_ts=88830659791117) request_id=9722196 zil_blk_id=1489996 ccf_commit_seqno=9722196 nstreams_done_=372500 config.nstreams=400000 avg_latency=0.8866 ms avg throuhgput (requests/sec) = 721.6430 res=false
*==== INFO ====*  stream_id=1491996 latency=0.646128 ms (tx_ts=88831309286050, rx_ts=88831309932178) request_id=9729540 zil_blk_id=1491996 ccf_commit_seqno=9729540 nstreams_done_=373000 config.nstreams=400000 avg_latency=0.8864 ms avg throuhgput (requests/sec) = 721.7027 res=false
*==== INFO ====*  stream_id=1493996 latency=0.686887 ms (tx_ts=88831915770794, rx_ts=88831916457681) request_id=9736618 zil_blk_id=1493996 ccf_commit_seqno=9736621 nstreams_done_=373500 config.nstreams=400000 avg_latency=0.8862 ms avg throuhgput (requests/sec) = 721.8230 res=false
*==== INFO ====*  stream_id=1495996 latency=0.798202 ms (tx_ts=88832535433976, rx_ts=88832536232178) request_id=9743676 zil_blk_id=1495996 ccf_commit_seqno=9743678 nstreams_done_=374000 config.nstreams=400000 avg_latency=0.8861 ms avg throuhgput (requests/sec) = 721.9246 res=false
*==== INFO ====*  stream_id=1497996 latency=0.620741 ms (tx_ts=88833166568230, rx_ts=88833167188971) request_id=9750594 zil_blk_id=1497996 ccf_commit_seqno=9750594 nstreams_done_=374500 config.nstreams=400000 avg_latency=0.8859 ms avg throuhgput (requests/sec) = 722.0104 res=false
*==== INFO ====*  stream_id=1499996 latency=0.671074 ms (tx_ts=88833801413240, rx_ts=88833802084314) request_id=9757720 zil_blk_id=1499996 ccf_commit_seqno=9757723 nstreams_done_=375000 config.nstreams=400000 avg_latency=0.8858 ms avg throuhgput (requests/sec) = 722.0905 res=false
*==== INFO ====*  stream_id=1501996 latency=0.639465 ms (tx_ts=88834423294420, rx_ts=88834423933885) request_id=9764961 zil_blk_id=1501996 ccf_commit_seqno=9764961 nstreams_done_=375500 config.nstreams=400000 avg_latency=0.8856 ms avg throuhgput (requests/sec) = 722.1885 res=false
*==== INFO ====*  stream_id=1503996 latency=0.677857 ms (tx_ts=88835017342134, rx_ts=88835018019991) request_id=9772236 zil_blk_id=1503996 ccf_commit_seqno=9772236 nstreams_done_=376000 config.nstreams=400000 avg_latency=0.8853 ms avg throuhgput (requests/sec) = 722.3248 res=false
*==== INFO ====*  stream_id=1505996 latency=0.695450 ms (tx_ts=88835613118796, rx_ts=88835613814246) request_id=9779221 zil_blk_id=1505996 ccf_commit_seqno=9779221 nstreams_done_=376500 config.nstreams=400000 avg_latency=0.8850 ms avg throuhgput (requests/sec) = 722.4585 res=false
*==== INFO ====*  stream_id=1507996 latency=0.673279 ms (tx_ts=88836233269506, rx_ts=88836233942785) request_id=9786291 zil_blk_id=1507996 ccf_commit_seqno=9786292 nstreams_done_=377000 config.nstreams=400000 avg_latency=0.8849 ms avg throuhgput (requests/sec) = 722.5581 res=false
*==== INFO ====*  stream_id=1509996 latency=0.675313 ms (tx_ts=88836902625171, rx_ts=88836903300484) request_id=9793030 zil_blk_id=1509996 ccf_commit_seqno=9793031 nstreams_done_=377500 config.nstreams=400000 avg_latency=0.8848 ms avg throuhgput (requests/sec) = 722.5894 res=false
*==== INFO ====*  stream_id=1511996 latency=0.716259 ms (tx_ts=88837525677727, rx_ts=88837526393986) request_id=9799703 zil_blk_id=1511996 ccf_commit_seqno=9799703 nstreams_done_=378000 config.nstreams=400000 avg_latency=0.8846 ms avg throuhgput (requests/sec) = 722.6845 res=false
*==== INFO ====*  stream_id=1513996 latency=0.606834 ms (tx_ts=88838133454118, rx_ts=88838134060952) request_id=9806349 zil_blk_id=1513996 ccf_commit_seqno=9806350 nstreams_done_=378500 config.nstreams=400000 avg_latency=0.8844 ms avg throuhgput (requests/sec) = 722.8007 res=false
*==== INFO ====*  stream_id=1515996 latency=0.667228 ms (tx_ts=88838747515851, rx_ts=88838748183079) request_id=9812727 zil_blk_id=1515996 ccf_commit_seqno=9812727 nstreams_done_=379000 config.nstreams=400000 avg_latency=0.8841 ms avg throuhgput (requests/sec) = 722.9077 res=false
*==== INFO ====*  stream_id=1517996 latency=0.610942 ms (tx_ts=88839339273962, rx_ts=88839339884904) request_id=9818830 zil_blk_id=1517996 ccf_commit_seqno=9818830 nstreams_done_=379500 config.nstreams=400000 avg_latency=0.8839 ms avg throuhgput (requests/sec) = 723.0454 res=false
*==== INFO ====*  stream_id=1519996 latency=0.623606 ms (tx_ts=88839939311170, rx_ts=88839939934776) request_id=9825004 zil_blk_id=1519996 ccf_commit_seqno=9825004 nstreams_done_=380000 config.nstreams=400000 avg_latency=0.8836 ms avg throuhgput (requests/sec) = 723.1713 res=false
*==== INFO ====*  stream_id=1521996 latency=0.737849 ms (tx_ts=88840577349486, rx_ts=88840578087335) request_id=9831238 zil_blk_id=1521996 ccf_commit_seqno=9831242 nstreams_done_=380500 config.nstreams=400000 avg_latency=0.8834 ms avg throuhgput (requests/sec) = 723.2445 res=false
*==== INFO ====*  stream_id=1523996 latency=0.621308 ms (tx_ts=88841163717006, rx_ts=88841164338314) request_id=9836843 zil_blk_id=1523996 ccf_commit_seqno=9836843 nstreams_done_=381000 config.nstreams=400000 avg_latency=0.8832 ms avg throuhgput (requests/sec) = 723.3888 res=false
*==== INFO ====*  stream_id=1525996 latency=0.643652 ms (tx_ts=88841773622747, rx_ts=88841774266399) request_id=9842336 zil_blk_id=1525996 ccf_commit_seqno=9842336 nstreams_done_=381500 config.nstreams=400000 avg_latency=0.8830 ms avg throuhgput (requests/sec) = 723.5002 res=false
*==== INFO ====*  stream_id=1527996 latency=0.642671 ms (tx_ts=88842396394584, rx_ts=88842397037255) request_id=9848101 zil_blk_id=1527996 ccf_commit_seqno=9848102 nstreams_done_=382000 config.nstreams=400000 avg_latency=0.8828 ms avg throuhgput (requests/sec) = 723.5939 res=false
*==== INFO ====*  stream_id=1529996 latency=0.850079 ms (tx_ts=88842999304779, rx_ts=88843000154858) request_id=9853529 zil_blk_id=1529996 ccf_commit_seqno=9853532 nstreams_done_=382500 config.nstreams=400000 avg_latency=0.8826 ms avg throuhgput (requests/sec) = 723.7142 res=false
*==== INFO ====*  stream_id=1531996 latency=0.712252 ms (tx_ts=88843601029407, rx_ts=88843601741659) request_id=9858459 zil_blk_id=1531996 ccf_commit_seqno=9858460 nstreams_done_=383000 config.nstreams=400000 avg_latency=0.8823 ms avg throuhgput (requests/sec) = 723.8363 res=false
*==== INFO ====*  stream_id=1533996 latency=0.801959 ms (tx_ts=88844189706895, rx_ts=88844190508854) request_id=9862947 zil_blk_id=1533996 ccf_commit_seqno=9862949 nstreams_done_=383500 config.nstreams=400000 avg_latency=0.8820 ms avg throuhgput (requests/sec) = 723.9757 res=false
*==== INFO ====*  stream_id=1535996 latency=0.555228 ms (tx_ts=88844754947127, rx_ts=88844755502355) request_id=9867306 zil_blk_id=1535996 ccf_commit_seqno=9867306 nstreams_done_=384000 config.nstreams=400000 avg_latency=0.8817 ms avg throuhgput (requests/sec) = 724.1472 res=false
*==== INFO ====*  stream_id=1537996 latency=0.542594 ms (tx_ts=88845363348594, rx_ts=88845363891188) request_id=9871952 zil_blk_id=1537996 ccf_commit_seqno=9871953 nstreams_done_=384500 config.nstreams=400000 avg_latency=0.8815 ms avg throuhgput (requests/sec) = 724.2592 res=false
*==== INFO ====*  stream_id=1539996 latency=0.747237 ms (tx_ts=88845977401354, rx_ts=88845978148591) request_id=9876450 zil_blk_id=1539996 ccf_commit_seqno=9876451 nstreams_done_=385000 config.nstreams=400000 avg_latency=0.8812 ms avg throuhgput (requests/sec) = 724.3629 res=false
*==== INFO ====*  stream_id=1541996 latency=0.909760 ms (tx_ts=88846623081489, rx_ts=88846623991249) request_id=9881001 zil_blk_id=1541996 ccf_commit_seqno=9881004 nstreams_done_=385500 config.nstreams=400000 avg_latency=0.8811 ms avg throuhgput (requests/sec) = 724.4233 res=false
*==== INFO ====*  stream_id=1543996 latency=0.539057 ms (tx_ts=88847219265148, rx_ts=88847219804205) request_id=9885500 zil_blk_id=1543996 ccf_commit_seqno=9885500 nstreams_done_=386000 config.nstreams=400000 avg_latency=0.8808 ms avg throuhgput (requests/sec) = 724.5517 res=false
*==== INFO ====*  stream_id=1545996 latency=0.706881 ms (tx_ts=88847823787155, rx_ts=88847824494036) request_id=9889892 zil_blk_id=1545996 ccf_commit_seqno=9889892 nstreams_done_=386500 config.nstreams=400000 avg_latency=0.8806 ms avg throuhgput (requests/sec) = 724.6677 res=false
*==== INFO ====*  stream_id=1547996 latency=0.565698 ms (tx_ts=88848408125059, rx_ts=88848408690757) request_id=9894310 zil_blk_id=1547996 ccf_commit_seqno=9894310 nstreams_done_=387000 config.nstreams=400000 avg_latency=0.8804 ms avg throuhgput (requests/sec) = 724.8113 res=false
*==== INFO ====*  stream_id=1549996 latency=0.951999 ms (tx_ts=88849008638216, rx_ts=88849009590215) request_id=9898701 zil_blk_id=1549996 ccf_commit_seqno=9898701 nstreams_done_=387500 config.nstreams=400000 avg_latency=0.8801 ms avg throuhgput (requests/sec) = 724.9319 res=false
*==== INFO ====*  stream_id=1551996 latency=0.748356 ms (tx_ts=88849608875467, rx_ts=88849609623823) request_id=9903158 zil_blk_id=1551996 ccf_commit_seqno=9903160 nstreams_done_=388000 config.nstreams=400000 avg_latency=0.8799 ms avg throuhgput (requests/sec) = 725.0533 res=false
*==== INFO ====*  stream_id=1553996 latency=0.637953 ms (tx_ts=88850179538805, rx_ts=88850180176758) request_id=9907214 zil_blk_id=1553996 ccf_commit_seqno=9907214 nstreams_done_=388500 config.nstreams=400000 avg_latency=0.8796 ms avg throuhgput (requests/sec) = 725.2145 res=false
*==== INFO ====*  stream_id=1555996 latency=0.661166 ms (tx_ts=88850760503410, rx_ts=88850761164576) request_id=9911150 zil_blk_id=1555996 ccf_commit_seqno=9911150 nstreams_done_=389000 config.nstreams=400000 avg_latency=0.8793 ms avg throuhgput (requests/sec) = 725.3612 res=false
*==== INFO ====*  stream_id=1557996 latency=0.711931 ms (tx_ts=88851354090911, rx_ts=88851354802842) request_id=9915186 zil_blk_id=1557996 ccf_commit_seqno=9915188 nstreams_done_=389500 config.nstreams=400000 avg_latency=0.8790 ms avg throuhgput (requests/sec) = 725.4904 res=false
*==== INFO ====*  stream_id=1559996 latency=0.669953 ms (tx_ts=88851967740162, rx_ts=88851968410115) request_id=9919171 zil_blk_id=1559996 ccf_commit_seqno=9919171 nstreams_done_=390000 config.nstreams=400000 avg_latency=0.8788 ms avg throuhgput (requests/sec) = 725.5924 res=false
*==== INFO ====*  stream_id=1561996 latency=1.311061 ms (tx_ts=88852566742396, rx_ts=88852568053457) request_id=9923191 zil_blk_id=1561996 ccf_commit_seqno=9923192 nstreams_done_=390500 config.nstreams=400000 avg_latency=0.8785 ms avg throuhgput (requests/sec) = 725.7130 res=false
*==== INFO ====*  stream_id=1563996 latency=0.729805 ms (tx_ts=88853169561049, rx_ts=88853170290854) request_id=9927260 zil_blk_id=1563996 ccf_commit_seqno=9927260 nstreams_done_=391000 config.nstreams=400000 avg_latency=0.8783 ms avg throuhgput (requests/sec) = 725.8299 res=false
*==== INFO ====*  stream_id=1565996 latency=0.677948 ms (tx_ts=88853776254843, rx_ts=88853776932791) request_id=9931323 zil_blk_id=1565996 ccf_commit_seqno=9931323 nstreams_done_=391500 config.nstreams=400000 avg_latency=0.8780 ms avg throuhgput (requests/sec) = 725.9406 res=false
*==== INFO ====*  stream_id=1567996 latency=0.562072 ms (tx_ts=88854405487463, rx_ts=88854406049535) request_id=9935472 zil_blk_id=1567996 ccf_commit_seqno=9935472 nstreams_done_=392000 config.nstreams=400000 avg_latency=0.8777 ms avg throuhgput (requests/sec) = 726.0208 res=false
*==== INFO ====*  stream_id=1569996 latency=0.714606 ms (tx_ts=88855021251243, rx_ts=88855021965849) request_id=9939542 zil_blk_id=1569996 ccf_commit_seqno=9939543 nstreams_done_=392500 config.nstreams=400000 avg_latency=0.8774 ms avg throuhgput (requests/sec) = 726.1185 res=false
*==== INFO ====*  stream_id=1571996 latency=0.646099 ms (tx_ts=88855618994334, rx_ts=88855619640433) request_id=9943489 zil_blk_id=1571996 ccf_commit_seqno=9943489 nstreams_done_=393000 config.nstreams=400000 avg_latency=0.8772 ms avg throuhgput (requests/sec) = 726.2405 res=false
*==== INFO ====*  stream_id=1573996 latency=0.592167 ms (tx_ts=88856252031294, rx_ts=88856252623461) request_id=9947349 zil_blk_id=1573996 ccf_commit_seqno=9947350 nstreams_done_=393500 config.nstreams=400000 avg_latency=0.8771 ms avg throuhgput (requests/sec) = 726.3149 res=false
*==== INFO ====*  stream_id=1575996 latency=0.801669 ms (tx_ts=88856837624389, rx_ts=88856838426058) request_id=9951186 zil_blk_id=1575996 ccf_commit_seqno=9951187 nstreams_done_=394000 config.nstreams=400000 avg_latency=0.8768 ms avg throuhgput (requests/sec) = 726.4523 res=false
*==== INFO ====*  stream_id=1577996 latency=0.553535 ms (tx_ts=88857436025447, rx_ts=88857436578982) request_id=9955161 zil_blk_id=1577996 ccf_commit_seqno=9955161 nstreams_done_=394500 config.nstreams=400000 avg_latency=0.8765 ms avg throuhgput (requests/sec) = 726.5729 res=false
*==== INFO ====*  stream_id=1579996 latency=0.915392 ms (tx_ts=88858023909616, rx_ts=88858024825008) request_id=9958907 zil_blk_id=1579996 ccf_commit_seqno=9958907 nstreams_done_=395000 config.nstreams=400000 avg_latency=0.8763 ms avg throuhgput (requests/sec) = 726.7064 res=false
*==== INFO ====*  stream_id=1581996 latency=0.760983 ms (tx_ts=88858632347841, rx_ts=88858633108824) request_id=9962319 zil_blk_id=1581996 ccf_commit_seqno=9962321 nstreams_done_=395500 config.nstreams=400000 avg_latency=0.8761 ms avg throuhgput (requests/sec) = 726.8129 res=false
*==== INFO ====*  stream_id=1583996 latency=0.547553 ms (tx_ts=88859227581381, rx_ts=88859228128934) request_id=9965712 zil_blk_id=1583996 ccf_commit_seqno=9965712 nstreams_done_=396000 config.nstreams=400000 avg_latency=0.8759 ms avg throuhgput (requests/sec) = 726.9369 res=false
*==== INFO ====*  stream_id=1585996 latency=0.556120 ms (tx_ts=88859811746882, rx_ts=88859812303002) request_id=9968684 zil_blk_id=1585996 ccf_commit_seqno=9968684 nstreams_done_=396500 config.nstreams=400000 avg_latency=0.8756 ms avg throuhgput (requests/sec) = 727.0751 res=false
*==== INFO ====*  stream_id=1587996 latency=0.681114 ms (tx_ts=88860380779496, rx_ts=88860381460610) request_id=9971471 zil_blk_id=1587996 ccf_commit_seqno=9971472 nstreams_done_=397000 config.nstreams=400000 avg_latency=0.8753 ms avg throuhgput (requests/sec) = 727.2329 res=false
*==== INFO ====*  stream_id=1589996 latency=0.686984 ms (tx_ts=88860949279584, rx_ts=88860949966568) request_id=9973961 zil_blk_id=1589996 ccf_commit_seqno=9973963 nstreams_done_=397500 config.nstreams=400000 avg_latency=0.8749 ms avg throuhgput (requests/sec) = 727.3913 res=false
*==== INFO ====*  stream_id=1591996 latency=0.537746 ms (tx_ts=88861521862804, rx_ts=88861522400550) request_id=9976424 zil_blk_id=1591996 ccf_commit_seqno=9976424 nstreams_done_=398000 config.nstreams=400000 avg_latency=0.8746 ms avg throuhgput (requests/sec) = 727.5442 res=false
*==== INFO ====*  stream_id=1593996 latency=0.587048 ms (tx_ts=88862117397645, rx_ts=88862117984693) request_id=9978405 zil_blk_id=1593996 ccf_commit_seqno=9978405 nstreams_done_=398500 config.nstreams=400000 avg_latency=0.8743 ms avg throuhgput (requests/sec) = 727.6660 res=false
*==== INFO ====*  stream_id=1595996 latency=0.550369 ms (tx_ts=88862726400405, rx_ts=88862726950774) request_id=9980441 zil_blk_id=1595996 ccf_commit_seqno=9980441 nstreams_done_=399000 config.nstreams=400000 avg_latency=0.8740 ms avg throuhgput (requests/sec) = 727.7697 res=false
*==== INFO ====*  stream_id=1597996 latency=0.649604 ms (tx_ts=88863333301631, rx_ts=88863333951235) request_id=9982430 zil_blk_id=1597996 ccf_commit_seqno=9982430 nstreams_done_=399500 config.nstreams=400000 avg_latency=0.8737 ms avg throuhgput (requests/sec) = 727.8758 res=false
*==== INFO ====* http_end_stream ALL streams done! nstreams_done_=400000 avg_latency=0.8733 ms
*==== INFO ====*  stream_id=1599996 latency=0.531674 ms (tx_ts=88863932134060, rx_ts=88863932665734) request_id=9984355 zil_blk_id=1599996 ccf_commit_seqno=9984355 nstreams_done_=400000 config.nstreams=400000 avg_latency=0.8733 ms avg throuhgput (requests/sec) = 727.9927 res=false
