Uniform: 951 350 1686 1895 151 
Exponential: -2147483648 -2147483648 -2147483648 -2147483648 -2147483648 
Truncated Normal: 1315 1270 1018 1829 1031 
*==== INFO ====*  stream_id=1996 latency=0.877272 ms (tx_ts=88319694454127, rx_ts=88319695331399) request_id=97247 zil_blk_id=1996 ccf_commit_seqno=97253 nstreams_done_=501 config.nstreams=400000 avg_latency=1.8857 ms avg throuhgput (requests/sec) = 2180.4202 res=false
*==== INFO ====*  stream_id=3996 latency=1.332261 ms (tx_ts=88319927053044, rx_ts=88319928385305) request_id=101446 zil_blk_id=3996 ccf_commit_seqno=101457 nstreams_done_=1002 config.nstreams=400000 avg_latency=1.4561 ms avg throuhgput (requests/sec) = 2162.7818 res=false
*==== INFO ====*  stream_id=5996 latency=0.731888 ms (tx_ts=88320154095277, rx_ts=88320154827165) request_id=106078 zil_blk_id=5996 ccf_commit_seqno=106081 nstreams_done_=1501 config.nstreams=400000 avg_latency=1.2682 ms avg throuhgput (requests/sec) = 2177.6707 res=false
*==== INFO ====*  stream_id=7996 latency=0.996438 ms (tx_ts=88320373267989, rx_ts=88320374264427) request_id=110702 zil_blk_id=7996 ccf_commit_seqno=110707 nstreams_done_=2000 config.nstreams=400000 avg_latency=1.1803 ms avg throuhgput (requests/sec) = 2202.0451 res=false
*==== INFO ====*  stream_id=9996 latency=0.483835 ms (tx_ts=88320593500601, rx_ts=88320593984436) request_id=115197 zil_blk_id=9996 ccf_commit_seqno=115199 nstreams_done_=2501 config.nstreams=400000 avg_latency=1.1138 ms avg throuhgput (requests/sec) = 2216.3776 res=false
*==== INFO ====*  stream_id=11996 latency=0.473174 ms (tx_ts=88320814810945, rx_ts=88320815284119) request_id=120212 zil_blk_id=11996 ccf_commit_seqno=120212 nstreams_done_=3002 config.nstreams=400000 avg_latency=1.0570 ms avg throuhgput (requests/sec) = 2223.4306 res=false
*==== INFO ====*  stream_id=13996 latency=0.626762 ms (tx_ts=88321039712919, rx_ts=88321040339681) request_id=124969 zil_blk_id=13996 ccf_commit_seqno=124969 nstreams_done_=3501 config.nstreams=400000 avg_latency=1.0356 ms avg throuhgput (requests/sec) = 2223.1794 res=false
*==== INFO ====*  stream_id=15996 latency=0.984961 ms (tx_ts=88321269700633, rx_ts=88321270685594) request_id=129320 zil_blk_id=15996 ccf_commit_seqno=129328 nstreams_done_=4001 config.nstreams=400000 avg_latency=1.0324 ms avg throuhgput (requests/sec) = 2216.4744 res=false
*==== INFO ====*  stream_id=17996 latency=0.612208 ms (tx_ts=88321516441607, rx_ts=88321517053815) request_id=133578 zil_blk_id=17996 ccf_commit_seqno=133580 nstreams_done_=4501 config.nstreams=400000 avg_latency=1.0373 ms avg throuhgput (requests/sec) = 2194.0132 res=false
*==== INFO ====*  stream_id=19996 latency=0.708545 ms (tx_ts=88321741699236, rx_ts=88321742407781) request_id=137878 zil_blk_id=19996 ccf_commit_seqno=137880 nstreams_done_=5000 config.nstreams=400000 avg_latency=1.0288 ms avg throuhgput (requests/sec) = 2196.4602 res=false
*==== INFO ====*  stream_id=21996 latency=0.868970 ms (tx_ts=88321964339166, rx_ts=88321965208136) request_id=142155 zil_blk_id=21996 ccf_commit_seqno=142160 nstreams_done_=5502 config.nstreams=400000 avg_latency=1.0227 ms avg throuhgput (requests/sec) = 2200.7127 res=false
*==== INFO ====*  stream_id=23996 latency=0.541250 ms (tx_ts=88322182198000, rx_ts=88322182739250) request_id=146878 zil_blk_id=23996 ccf_commit_seqno=146883 nstreams_done_=6000 config.nstreams=400000 avg_latency=1.0073 ms avg throuhgput (requests/sec) = 2208.5444 res=false
*==== INFO ====*  stream_id=25996 latency=0.580604 ms (tx_ts=88322393953075, rx_ts=88322394533679) request_id=151254 zil_blk_id=25996 ccf_commit_seqno=151256 nstreams_done_=6501 config.nstreams=400000 avg_latency=0.9987 ms avg throuhgput (requests/sec) = 2219.5543 res=false
*==== INFO ====*  stream_id=27996 latency=1.394458 ms (tx_ts=88322632920087, rx_ts=88322634314545) request_id=155579 zil_blk_id=27996 ccf_commit_seqno=155582 nstreams_done_=7003 config.nstreams=400000 avg_latency=0.9942 ms avg throuhgput (requests/sec) = 2209.3890 res=false
*==== INFO ====*  stream_id=29996 latency=0.998948 ms (tx_ts=88322853985651, rx_ts=88322854984599) request_id=160093 zil_blk_id=29996 ccf_commit_seqno=160095 nstreams_done_=7500 config.nstreams=400000 avg_latency=0.9909 ms avg throuhgput (requests/sec) = 2213.0639 res=false
*==== INFO ====*  stream_id=31996 latency=0.572661 ms (tx_ts=88323091062211, rx_ts=88323091634872) request_id=164684 zil_blk_id=31996 ccf_commit_seqno=164684 nstreams_done_=8001 config.nstreams=400000 avg_latency=0.9899 ms avg throuhgput (requests/sec) = 2206.5209 res=false
*==== INFO ====*  stream_id=33996 latency=0.597199 ms (tx_ts=88323316336026, rx_ts=88323316933225) request_id=169423 zil_blk_id=33996 ccf_commit_seqno=169425 nstreams_done_=8500 config.nstreams=400000 avg_latency=0.9818 ms avg throuhgput (requests/sec) = 2207.2674 res=false
*==== INFO ====*  stream_id=35996 latency=0.640949 ms (tx_ts=88323532881476, rx_ts=88323533522425) request_id=173995 zil_blk_id=35996 ccf_commit_seqno=173996 nstreams_done_=9000 config.nstreams=400000 avg_latency=0.9777 ms avg throuhgput (requests/sec) = 2212.6588 res=false
*==== INFO ====*  stream_id=37996 latency=1.083236 ms (tx_ts=88323756016759, rx_ts=88323757099995) request_id=178482 zil_blk_id=37996 ccf_commit_seqno=178488 nstreams_done_=9503 config.nstreams=400000 avg_latency=0.9736 ms avg throuhgput (requests/sec) = 2213.8937 res=false
*==== INFO ====*  stream_id=39996 latency=0.805784 ms (tx_ts=88323968827356, rx_ts=88323969633140) request_id=183026 zil_blk_id=39996 ccf_commit_seqno=183029 nstreams_done_=10002 config.nstreams=400000 avg_latency=0.9708 ms avg throuhgput (requests/sec) = 2220.4383 res=false
*==== INFO ====*  stream_id=41996 latency=1.305982 ms (tx_ts=88324186901404, rx_ts=88324188207386) request_id=187937 zil_blk_id=41996 ccf_commit_seqno=187943 nstreams_done_=10501 config.nstreams=400000 avg_latency=0.9658 ms avg throuhgput (requests/sec) = 2223.5448 res=false
*==== INFO ====*  stream_id=43996 latency=0.910237 ms (tx_ts=88324413906284, rx_ts=88324414816521) request_id=192558 zil_blk_id=43996 ccf_commit_seqno=192562 nstreams_done_=11001 config.nstreams=400000 avg_latency=0.9636 ms avg throuhgput (requests/sec) = 2222.7616 res=false
*==== INFO ====*  stream_id=45996 latency=0.758249 ms (tx_ts=88324629640314, rx_ts=88324630398563) request_id=197303 zil_blk_id=45996 ccf_commit_seqno=197303 nstreams_done_=11500 config.nstreams=400000 avg_latency=0.9603 ms avg throuhgput (requests/sec) = 2226.7917 res=false
*==== INFO ====*  stream_id=47996 latency=0.601412 ms (tx_ts=88324846847618, rx_ts=88324847449030) request_id=201732 zil_blk_id=47996 ccf_commit_seqno=201734 nstreams_done_=12001 config.nstreams=400000 avg_latency=0.9582 ms avg throuhgput (requests/sec) = 2229.8901 res=false
*==== INFO ====*  stream_id=49996 latency=0.744282 ms (tx_ts=88325075881789, rx_ts=88325076626071) request_id=206651 zil_blk_id=49996 ccf_commit_seqno=206654 nstreams_done_=12500 config.nstreams=400000 avg_latency=0.9534 ms avg throuhgput (requests/sec) = 2227.9224 res=false
*==== INFO ====*  stream_id=51996 latency=1.111782 ms (tx_ts=88325303404698, rx_ts=88325304516480) request_id=210985 zil_blk_id=51996 ccf_commit_seqno=210991 nstreams_done_=13002 config.nstreams=400000 avg_latency=0.9527 ms avg throuhgput (requests/sec) = 2226.5998 res=false
*==== INFO ====*  stream_id=53996 latency=0.673090 ms (tx_ts=88325519115795, rx_ts=88325519788885) request_id=215503 zil_blk_id=53996 ccf_commit_seqno=215509 nstreams_done_=13500 config.nstreams=400000 avg_latency=0.9485 ms avg throuhgput (requests/sec) = 2230.0149 res=false
*==== INFO ====*  stream_id=55996 latency=0.684520 ms (tx_ts=88325734733888, rx_ts=88325735418408) request_id=219828 zil_blk_id=55996 ccf_commit_seqno=219831 nstreams_done_=14002 config.nstreams=400000 avg_latency=0.9461 ms avg throuhgput (requests/sec) = 2233.0683 res=false
*==== INFO ====*  stream_id=57996 latency=0.723296 ms (tx_ts=88325951456662, rx_ts=88325952179958) request_id=224205 zil_blk_id=57996 ccf_commit_seqno=224206 nstreams_done_=14501 config.nstreams=400000 avg_latency=0.9447 ms avg throuhgput (requests/sec) = 2235.5284 res=false
*==== INFO ====*  stream_id=59996 latency=0.854437 ms (tx_ts=88326160102952, rx_ts=88326160957389) request_id=228538 zil_blk_id=59996 ccf_commit_seqno=228538 nstreams_done_=15001 config.nstreams=400000 avg_latency=0.9418 ms avg throuhgput (requests/sec) = 2240.4982 res=false
*==== INFO ====*  stream_id=61996 latency=0.603509 ms (tx_ts=88326391629534, rx_ts=88326392233043) request_id=232869 zil_blk_id=61996 ccf_commit_seqno=232871 nstreams_done_=15502 config.nstreams=400000 avg_latency=0.9458 ms avg throuhgput (requests/sec) = 2237.8744 res=false
*==== INFO ====*  stream_id=63996 latency=0.602256 ms (tx_ts=88326605912123, rx_ts=88326606514379) request_id=237222 zil_blk_id=63996 ccf_commit_seqno=237225 nstreams_done_=16003 config.nstreams=400000 avg_latency=0.9452 ms avg throuhgput (requests/sec) = 2240.7405 res=false
*==== INFO ====*  stream_id=65996 latency=0.808664 ms (tx_ts=88326812178634, rx_ts=88326812987298) request_id=241727 zil_blk_id=65996 ccf_commit_seqno=241728 nstreams_done_=16500 config.nstreams=400000 avg_latency=0.9431 ms avg throuhgput (requests/sec) = 2245.8239 res=false
*==== INFO ====*  stream_id=67996 latency=0.709782 ms (tx_ts=88327036013832, rx_ts=88327036723614) request_id=246727 zil_blk_id=67996 ccf_commit_seqno=246730 nstreams_done_=17001 config.nstreams=400000 avg_latency=0.9395 ms avg throuhgput (requests/sec) = 2245.4974 res=false
*==== INFO ====*  stream_id=69996 latency=1.181730 ms (tx_ts=88327267210975, rx_ts=88327268392705) request_id=251249 zil_blk_id=69996 ccf_commit_seqno=251251 nstreams_done_=17501 config.nstreams=400000 avg_latency=0.9383 ms avg throuhgput (requests/sec) = 2242.9068 res=false
*==== INFO ====*  stream_id=71996 latency=0.623586 ms (tx_ts=88327483228899, rx_ts=88327483852485) request_id=255858 zil_blk_id=71996 ccf_commit_seqno=255862 nstreams_done_=18000 config.nstreams=400000 avg_latency=0.9358 ms avg throuhgput (requests/sec) = 2244.9952 res=false
*==== INFO ====*  stream_id=73996 latency=0.690932 ms (tx_ts=88327711510905, rx_ts=88327712201837) request_id=260458 zil_blk_id=73996 ccf_commit_seqno=260458 nstreams_done_=18501 config.nstreams=400000 avg_latency=0.9361 ms avg throuhgput (requests/sec) = 2243.4619 res=false
*==== INFO ====*  stream_id=75996 latency=0.537505 ms (tx_ts=88327937040809, rx_ts=88327937578314) request_id=264863 zil_blk_id=75996 ccf_commit_seqno=264863 nstreams_done_=19000 config.nstreams=400000 avg_latency=0.9385 ms avg throuhgput (requests/sec) = 2242.7981 res=false
*==== INFO ====*  stream_id=77996 latency=0.516045 ms (tx_ts=88328161284498, rx_ts=88328161800543) request_id=269286 zil_blk_id=77996 ccf_commit_seqno=269286 nstreams_done_=19502 config.nstreams=400000 avg_latency=0.9372 ms avg throuhgput (requests/sec) = 2242.4663 res=false
*==== INFO ====*  stream_id=79996 latency=1.036608 ms (tx_ts=88328377995257, rx_ts=88328379031865) request_id=273633 zil_blk_id=79996 ccf_commit_seqno=273635 nstreams_done_=20001 config.nstreams=400000 avg_latency=0.9382 ms avg throuhgput (requests/sec) = 2243.9098 res=false
*==== INFO ====*  stream_id=81996 latency=1.232460 ms (tx_ts=88328604500917, rx_ts=88328605733377) request_id=278080 zil_blk_id=81996 ccf_commit_seqno=278085 nstreams_done_=20502 config.nstreams=400000 avg_latency=0.9377 ms avg throuhgput (requests/sec) = 2242.9582 res=false
*==== INFO ====*  stream_id=83996 latency=0.872710 ms (tx_ts=88328822056108, rx_ts=88328822928818) request_id=282570 zil_blk_id=83996 ccf_commit_seqno=282570 nstreams_done_=21000 config.nstreams=400000 avg_latency=0.9377 ms avg throuhgput (requests/sec) = 2244.3304 res=false
*==== INFO ====*  stream_id=85996 latency=0.474369 ms (tx_ts=88329039183092, rx_ts=88329039657461) request_id=286865 zil_blk_id=85996 ccf_commit_seqno=286865 nstreams_done_=21500 config.nstreams=400000 avg_latency=0.9382 ms avg throuhgput (requests/sec) = 2245.7499 res=false
*==== INFO ====*  stream_id=87996 latency=1.055132 ms (tx_ts=88329255980526, rx_ts=88329257035658) request_id=291218 zil_blk_id=87996 ccf_commit_seqno=291220 nstreams_done_=22002 config.nstreams=400000 avg_latency=0.9367 ms avg throuhgput (requests/sec) = 2246.9574 res=false
*==== INFO ====*  stream_id=89996 latency=0.615293 ms (tx_ts=88329478930526, rx_ts=88329479545819) request_id=295740 zil_blk_id=89996 ccf_commit_seqno=295740 nstreams_done_=22501 config.nstreams=400000 avg_latency=0.9371 ms avg throuhgput (requests/sec) = 2246.9603 res=false
*==== INFO ====*  stream_id=91996 latency=0.492646 ms (tx_ts=88329699890811, rx_ts=88329700383457) request_id=300448 zil_blk_id=91996 ccf_commit_seqno=300448 nstreams_done_=23001 config.nstreams=400000 avg_latency=0.9345 ms avg throuhgput (requests/sec) = 2247.3303 res=false
*==== INFO ====*  stream_id=93996 latency=0.579130 ms (tx_ts=88329903713240, rx_ts=88329904292370) request_id=305133 zil_blk_id=93996 ccf_commit_seqno=305133 nstreams_done_=23500 config.nstreams=400000 avg_latency=0.9316 ms avg throuhgput (requests/sec) = 2251.3299 res=false
*==== INFO ====*  stream_id=95996 latency=0.763881 ms (tx_ts=88330115186661, rx_ts=88330115950542) request_id=309671 zil_blk_id=95996 ccf_commit_seqno=309674 nstreams_done_=24002 config.nstreams=400000 avg_latency=0.9306 ms avg throuhgput (requests/sec) = 2253.5354 res=false
*==== INFO ====*  stream_id=97996 latency=0.850461 ms (tx_ts=88330320934590, rx_ts=88330321785051) request_id=314115 zil_blk_id=97996 ccf_commit_seqno=314120 nstreams_done_=24500 config.nstreams=400000 avg_latency=0.9297 ms avg throuhgput (requests/sec) = 2256.8649 res=false
*==== INFO ====*  stream_id=99996 latency=0.730649 ms (tx_ts=88330536687522, rx_ts=88330537418171) request_id=318795 zil_blk_id=99996 ccf_commit_seqno=318800 nstreams_done_=25002 config.nstreams=400000 avg_latency=0.9279 ms avg throuhgput (requests/sec) = 2258.0703 res=false
*==== INFO ====*  stream_id=101996 latency=0.724921 ms (tx_ts=88330746134278, rx_ts=88330746859199) request_id=323425 zil_blk_id=101996 ccf_commit_seqno=323430 nstreams_done_=25500 config.nstreams=400000 avg_latency=0.9258 ms avg throuhgput (requests/sec) = 2260.4697 res=false
*==== INFO ====*  stream_id=103996 latency=0.646501 ms (tx_ts=88330987298623, rx_ts=88330987945124) request_id=327613 zil_blk_id=103996 ccf_commit_seqno=327616 nstreams_done_=26001 config.nstreams=400000 avg_latency=0.9272 ms avg throuhgput (requests/sec) = 2256.5669 res=false
*==== INFO ====*  stream_id=105996 latency=1.961454 ms (tx_ts=88331218262462, rx_ts=88331220223916) request_id=332521 zil_blk_id=105996 ccf_commit_seqno=332522 nstreams_done_=26503 config.nstreams=400000 avg_latency=0.9255 ms avg throuhgput (requests/sec) = 2254.5121 res=false
*==== INFO ====*  stream_id=107996 latency=0.620919 ms (tx_ts=88331466315917, rx_ts=88331466936836) request_id=336759 zil_blk_id=107996 ccf_commit_seqno=336761 nstreams_done_=27000 config.nstreams=400000 avg_latency=0.9283 ms avg throuhgput (requests/sec) = 2249.8277 res=false
*==== INFO ====*  stream_id=109996 latency=0.901258 ms (tx_ts=88331689046705, rx_ts=88331689947963) request_id=341398 zil_blk_id=109996 ccf_commit_seqno=341401 nstreams_done_=27501 config.nstreams=400000 avg_latency=0.9270 ms avg throuhgput (requests/sec) = 2249.6856 res=false
*==== INFO ====*  stream_id=111996 latency=1.739099 ms (tx_ts=88331908206270, rx_ts=88331909945369) request_id=345820 zil_blk_id=111996 ccf_commit_seqno=345838 nstreams_done_=28003 config.nstreams=400000 avg_latency=0.9264 ms avg throuhgput (requests/sec) = 2250.0935 res=false
*==== INFO ====*  stream_id=113996 latency=0.450725 ms (tx_ts=88332117913370, rx_ts=88332118364095) request_id=349832 zil_blk_id=113996 ccf_commit_seqno=349832 nstreams_done_=28500 config.nstreams=400000 avg_latency=0.9278 ms avg throuhgput (requests/sec) = 2252.5466 res=false
*==== INFO ====*  stream_id=115996 latency=0.545936 ms (tx_ts=88332336224916, rx_ts=88332336770852) request_id=354327 zil_blk_id=115996 ccf_commit_seqno=354327 nstreams_done_=29001 config.nstreams=400000 avg_latency=0.9288 ms avg throuhgput (requests/sec) = 2253.1704 res=false
*==== INFO ====*  stream_id=117996 latency=0.622897 ms (tx_ts=88332555690745, rx_ts=88332556313642) request_id=358682 zil_blk_id=117996 ccf_commit_seqno=358684 nstreams_done_=29502 config.nstreams=400000 avg_latency=0.9297 ms avg throuhgput (requests/sec) = 2253.5778 res=false
*==== INFO ====*  stream_id=119996 latency=0.464367 ms (tx_ts=88332780060758, rx_ts=88332780525125) request_id=363138 zil_blk_id=119996 ccf_commit_seqno=363138 nstreams_done_=30001 config.nstreams=400000 avg_latency=0.9304 ms avg throuhgput (requests/sec) = 2253.1814 res=false
*==== INFO ====*  stream_id=121996 latency=0.732810 ms (tx_ts=88333027435008, rx_ts=88333028167818) request_id=367418 zil_blk_id=121996 ccf_commit_seqno=367422 nstreams_done_=30501 config.nstreams=400000 avg_latency=0.9327 ms avg throuhgput (requests/sec) = 2248.9060 res=false
*==== INFO ====*  stream_id=123996 latency=0.983544 ms (tx_ts=88333256684835, rx_ts=88333257668379) request_id=371890 zil_blk_id=123996 ccf_commit_seqno=371894 nstreams_done_=31002 config.nstreams=400000 avg_latency=0.9334 ms avg throuhgput (requests/sec) = 2247.7368 res=false
*==== INFO ====*  stream_id=125996 latency=0.590364 ms (tx_ts=88333477700501, rx_ts=88333478290865) request_id=376391 zil_blk_id=125996 ccf_commit_seqno=376391 nstreams_done_=31501 config.nstreams=400000 avg_latency=0.9334 ms avg throuhgput (requests/sec) = 2248.0293 res=false
*==== INFO ====*  stream_id=127996 latency=0.535130 ms (tx_ts=88333703101630, rx_ts=88333703636760) request_id=380769 zil_blk_id=127996 ccf_commit_seqno=380769 nstreams_done_=32000 config.nstreams=400000 avg_latency=0.9330 ms avg throuhgput (requests/sec) = 2247.5668 res=false
*==== INFO ====*  stream_id=129996 latency=0.518322 ms (tx_ts=88333918019452, rx_ts=88333918537774) request_id=385600 zil_blk_id=129996 ccf_commit_seqno=385601 nstreams_done_=32500 config.nstreams=400000 avg_latency=0.9314 ms avg throuhgput (requests/sec) = 2248.7428 res=false
*==== INFO ====*  stream_id=131996 latency=1.761130 ms (tx_ts=88334149394131, rx_ts=88334151155261) request_id=389706 zil_blk_id=131996 ccf_commit_seqno=389708 nstreams_done_=33001 config.nstreams=400000 avg_latency=0.9323 ms avg throuhgput (requests/sec) = 2247.1700 res=false
*==== INFO ====*  stream_id=133996 latency=1.029614 ms (tx_ts=88334360389720, rx_ts=88334361419334) request_id=394292 zil_blk_id=133996 ccf_commit_seqno=394297 nstreams_done_=33502 config.nstreams=400000 avg_latency=0.9304 ms avg throuhgput (requests/sec) = 2249.0162 res=false
*==== INFO ====*  stream_id=135996 latency=0.487741 ms (tx_ts=88334589942124, rx_ts=88334590429865) request_id=398953 zil_blk_id=135996 ccf_commit_seqno=398953 nstreams_done_=34000 config.nstreams=400000 avg_latency=0.9304 ms avg throuhgput (requests/sec) = 2248.0213 res=false
*==== INFO ====*  stream_id=137996 latency=0.848845 ms (tx_ts=88334818552412, rx_ts=88334819401257) request_id=403340 zil_blk_id=137996 ccf_commit_seqno=403340 nstreams_done_=34501 config.nstreams=400000 avg_latency=0.9307 ms avg throuhgput (requests/sec) = 2247.0617 res=false
*==== INFO ====*  stream_id=139996 latency=0.536241 ms (tx_ts=88335039804729, rx_ts=88335040340970) request_id=408016 zil_blk_id=139996 ccf_commit_seqno=408016 nstreams_done_=35000 config.nstreams=400000 avg_latency=0.9289 ms avg throuhgput (requests/sec) = 2247.2887 res=false
*==== INFO ====*  stream_id=141996 latency=1.254967 ms (tx_ts=88335262693753, rx_ts=88335263948720) request_id=412547 zil_blk_id=141996 ccf_commit_seqno=412550 nstreams_done_=35502 config.nstreams=400000 avg_latency=0.9285 ms avg throuhgput (requests/sec) = 2247.1297 res=false
*==== INFO ====*  stream_id=143996 latency=0.722180 ms (tx_ts=88335475172821, rx_ts=88335475895001) request_id=416813 zil_blk_id=143996 ccf_commit_seqno=416816 nstreams_done_=36000 config.nstreams=400000 avg_latency=0.9283 ms avg throuhgput (requests/sec) = 2248.6119 res=false
*==== INFO ====*  stream_id=145996 latency=0.860165 ms (tx_ts=88335700914991, rx_ts=88335701775156) request_id=421204 zil_blk_id=145996 ccf_commit_seqno=421205 nstreams_done_=36502 config.nstreams=400000 avg_latency=0.9294 ms avg throuhgput (requests/sec) = 2248.1243 res=false
*==== INFO ====*  stream_id=147996 latency=1.607545 ms (tx_ts=88335933455585, rx_ts=88335935063130) request_id=425592 zil_blk_id=147996 ccf_commit_seqno=425616 nstreams_done_=37003 config.nstreams=400000 avg_latency=0.9298 ms avg throuhgput (requests/sec) = 2246.6390 res=false
*==== INFO ====*  stream_id=149996 latency=0.694028 ms (tx_ts=88336166433700, rx_ts=88336167127728) request_id=429788 zil_blk_id=149996 ccf_commit_seqno=429792 nstreams_done_=37500 config.nstreams=400000 avg_latency=0.9311 ms avg throuhgput (requests/sec) = 2245.3597 res=false
*==== INFO ====*  stream_id=151996 latency=1.071002 ms (tx_ts=88336382258719, rx_ts=88336383329721) request_id=434316 zil_blk_id=151996 ccf_commit_seqno=434318 nstreams_done_=38002 config.nstreams=400000 avg_latency=0.9298 ms avg throuhgput (requests/sec) = 2246.2197 res=false
*==== INFO ====*  stream_id=153996 latency=0.666656 ms (tx_ts=88336608782294, rx_ts=88336609448950) request_id=439347 zil_blk_id=153996 ccf_commit_seqno=439350 nstreams_done_=38500 config.nstreams=400000 avg_latency=0.9288 ms avg throuhgput (requests/sec) = 2245.7581 res=false
*==== INFO ====*  stream_id=155996 latency=0.519252 ms (tx_ts=88336830419587, rx_ts=88336830938839) request_id=444075 zil_blk_id=155996 ccf_commit_seqno=444076 nstreams_done_=39000 config.nstreams=400000 avg_latency=0.9281 ms avg throuhgput (requests/sec) = 2245.9071 res=false
*==== INFO ====*  stream_id=157996 latency=0.463317 ms (tx_ts=88337048589237, rx_ts=88337049052554) request_id=448655 zil_blk_id=157996 ccf_commit_seqno=448655 nstreams_done_=39501 config.nstreams=400000 avg_latency=0.9266 ms avg throuhgput (requests/sec) = 2246.4836 res=false
*==== INFO ====*  stream_id=159996 latency=0.593333 ms (tx_ts=88337266460367, rx_ts=88337267053700) request_id=453403 zil_blk_id=159996 ccf_commit_seqno=453407 nstreams_done_=40001 config.nstreams=400000 avg_latency=0.9261 ms avg throuhgput (requests/sec) = 2247.0602 res=false
*==== INFO ====*  stream_id=161996 latency=0.862284 ms (tx_ts=88337485175116, rx_ts=88337486037400) request_id=458014 zil_blk_id=161996 ccf_commit_seqno=458017 nstreams_done_=40501 config.nstreams=400000 avg_latency=0.9253 ms avg throuhgput (requests/sec) = 2247.5003 res=false
*==== INFO ====*  stream_id=163996 latency=0.724323 ms (tx_ts=88337711080850, rx_ts=88337711805173) request_id=462400 zil_blk_id=163996 ccf_commit_seqno=462402 nstreams_done_=41002 config.nstreams=400000 avg_latency=0.9252 ms avg throuhgput (requests/sec) = 2247.0940 res=false
*==== INFO ====*  stream_id=165996 latency=0.633293 ms (tx_ts=88337929659540, rx_ts=88337930292833) request_id=466830 zil_blk_id=165996 ccf_commit_seqno=466831 nstreams_done_=41500 config.nstreams=400000 avg_latency=0.9251 ms avg throuhgput (requests/sec) = 2247.5835 res=false
*==== INFO ====*  stream_id=167996 latency=0.857555 ms (tx_ts=88338154522073, rx_ts=88338155379628) request_id=471329 zil_blk_id=167996 ccf_commit_seqno=471329 nstreams_done_=42001 config.nstreams=400000 avg_latency=0.9246 ms avg throuhgput (requests/sec) = 2247.2677 res=false
*==== INFO ====*  stream_id=169996 latency=0.578743 ms (tx_ts=88338379709297, rx_ts=88338380288040) request_id=475929 zil_blk_id=169996 ccf_commit_seqno=475929 nstreams_done_=42501 config.nstreams=400000 avg_latency=0.9243 ms avg throuhgput (requests/sec) = 2246.9807 res=false
*==== INFO ====*  stream_id=171996 latency=2.232091 ms (tx_ts=88338615652322, rx_ts=88338617884413) request_id=480269 zil_blk_id=171996 ccf_commit_seqno=480271 nstreams_done_=43004 config.nstreams=400000 avg_latency=0.9250 ms avg throuhgput (requests/sec) = 2245.2120 res=false
*==== INFO ====*  stream_id=173996 latency=1.472699 ms (tx_ts=88338834778057, rx_ts=88338836250756) request_id=484782 zil_blk_id=173996 ccf_commit_seqno=484785 nstreams_done_=43502 config.nstreams=400000 avg_latency=0.9250 ms avg throuhgput (requests/sec) = 2245.7138 res=false
*==== INFO ====*  stream_id=175996 latency=0.642453 ms (tx_ts=88339053109118, rx_ts=88339053751571) request_id=489061 zil_blk_id=175996 ccf_commit_seqno=489063 nstreams_done_=44001 config.nstreams=400000 avg_latency=0.9257 ms avg throuhgput (requests/sec) = 2246.3038 res=false
*==== INFO ====*  stream_id=177996 latency=0.597926 ms (tx_ts=88339266911618, rx_ts=88339267509544) request_id=493611 zil_blk_id=177996 ccf_commit_seqno=493613 nstreams_done_=44501 config.nstreams=400000 avg_latency=0.9250 ms avg throuhgput (requests/sec) = 2247.3054 res=false
*==== INFO ====*  stream_id=179996 latency=0.933167 ms (tx_ts=88339472425240, rx_ts=88339473358407) request_id=498167 zil_blk_id=179996 ccf_commit_seqno=498170 nstreams_done_=45001 config.nstreams=400000 avg_latency=0.9236 ms avg throuhgput (requests/sec) = 2249.1745 res=false
*==== INFO ====*  stream_id=181996 latency=0.641871 ms (tx_ts=88339696495658, rx_ts=88339697137529) request_id=503275 zil_blk_id=181996 ccf_commit_seqno=503279 nstreams_done_=45502 config.nstreams=400000 avg_latency=0.9230 ms avg throuhgput (requests/sec) = 2249.0105 res=false
*==== INFO ====*  stream_id=183996 latency=0.785005 ms (tx_ts=88339907214829, rx_ts=88339907999834) request_id=507892 zil_blk_id=183996 ccf_commit_seqno=507893 nstreams_done_=46001 config.nstreams=400000 avg_latency=0.9220 ms avg throuhgput (requests/sec) = 2250.2710 res=false
*==== INFO ====*  stream_id=185996 latency=0.750221 ms (tx_ts=88340125015288, rx_ts=88340125765509) request_id=512458 zil_blk_id=185996 ccf_commit_seqno=512459 nstreams_done_=46501 config.nstreams=400000 avg_latency=0.9212 ms avg throuhgput (requests/sec) = 2250.7535 res=false
*==== INFO ====*  stream_id=187996 latency=0.793916 ms (tx_ts=88340354563093, rx_ts=88340355357009) request_id=516742 zil_blk_id=187996 ccf_commit_seqno=516742 nstreams_done_=47001 config.nstreams=400000 avg_latency=0.9215 ms avg throuhgput (requests/sec) = 2249.9515 res=false
*==== INFO ====*  stream_id=189996 latency=0.465251 ms (tx_ts=88340577821846, rx_ts=88340578287097) request_id=520955 zil_blk_id=189996 ccf_commit_seqno=520955 nstreams_done_=47501 config.nstreams=400000 avg_latency=0.9219 ms avg throuhgput (requests/sec) = 2249.8766 res=false
*==== INFO ====*  stream_id=191996 latency=0.754462 ms (tx_ts=88340808729958, rx_ts=88340809484420) request_id=525173 zil_blk_id=191996 ccf_commit_seqno=525174 nstreams_done_=48003 config.nstreams=400000 avg_latency=0.9241 ms avg throuhgput (requests/sec) = 2248.9318 res=false
*==== INFO ====*  stream_id=193996 latency=0.805671 ms (tx_ts=88341028624193, rx_ts=88341029429864) request_id=529371 zil_blk_id=193996 ccf_commit_seqno=529373 nstreams_done_=48501 config.nstreams=400000 avg_latency=0.9245 ms avg throuhgput (requests/sec) = 2249.1802 res=false
*==== INFO ====*  stream_id=195996 latency=0.550601 ms (tx_ts=88341250125435, rx_ts=88341250676036) request_id=533597 zil_blk_id=195996 ccf_commit_seqno=533599 nstreams_done_=49001 config.nstreams=400000 avg_latency=0.9248 ms avg throuhgput (requests/sec) = 2249.2894 res=false
*==== INFO ====*  stream_id=197996 latency=0.590201 ms (tx_ts=88341463221954, rx_ts=88341463812155) request_id=538185 zil_blk_id=197996 ccf_commit_seqno=538188 nstreams_done_=49501 config.nstreams=400000 avg_latency=0.9236 ms avg throuhgput (requests/sec) = 2250.2256 res=false
*==== INFO ====*  stream_id=199996 latency=0.887687 ms (tx_ts=88341680441869, rx_ts=88341681329556) request_id=542717 zil_blk_id=199996 ccf_commit_seqno=542722 nstreams_done_=50001 config.nstreams=400000 avg_latency=0.9231 ms avg throuhgput (requests/sec) = 2250.6999 res=false
*==== INFO ====*  stream_id=201996 latency=0.905296 ms (tx_ts=88341897122290, rx_ts=88341898027586) request_id=546981 zil_blk_id=201996 ccf_commit_seqno=546984 nstreams_done_=50502 config.nstreams=400000 avg_latency=0.9233 ms avg throuhgput (requests/sec) = 2251.2472 res=false
*==== INFO ====*  stream_id=203996 latency=0.666995 ms (tx_ts=88342127454240, rx_ts=88342128121235) request_id=551343 zil_blk_id=203996 ccf_commit_seqno=551344 nstreams_done_=51000 config.nstreams=400000 avg_latency=0.9246 ms avg throuhgput (requests/sec) = 2250.4531 res=false
*==== INFO ====*  stream_id=205996 latency=0.602414 ms (tx_ts=88342350316000, rx_ts=88342350918414) request_id=555866 zil_blk_id=205996 ccf_commit_seqno=555868 nstreams_done_=51500 config.nstreams=400000 avg_latency=0.9240 ms avg throuhgput (requests/sec) = 2250.3921 res=false
*==== INFO ====*  stream_id=207996 latency=0.596596 ms (tx_ts=88342568775519, rx_ts=88342569372115) request_id=560520 zil_blk_id=207996 ccf_commit_seqno=560521 nstreams_done_=52000 config.nstreams=400000 avg_latency=0.9239 ms avg throuhgput (requests/sec) = 2250.7554 res=false
*==== INFO ====*  stream_id=209996 latency=0.759493 ms (tx_ts=88342784063655, rx_ts=88342784823148) request_id=564865 zil_blk_id=209996 ccf_commit_seqno=564869 nstreams_done_=52501 config.nstreams=400000 avg_latency=0.9235 ms avg throuhgput (requests/sec) = 2251.4018 res=false
*==== INFO ====*  stream_id=211996 latency=1.143558 ms (tx_ts=88343023152997, rx_ts=88343024296555) request_id=569281 zil_blk_id=211996 ccf_commit_seqno=569281 nstreams_done_=53001 config.nstreams=400000 avg_latency=0.9243 ms avg throuhgput (requests/sec) = 2249.7399 res=false
*==== INFO ====*  stream_id=213996 latency=0.757215 ms (tx_ts=88343253090177, rx_ts=88343253847392) request_id=573683 zil_blk_id=213996 ccf_commit_seqno=573686 nstreams_done_=53502 config.nstreams=400000 avg_latency=0.9250 ms avg throuhgput (requests/sec) = 2249.0492 res=false
*==== INFO ====*  stream_id=215996 latency=0.445423 ms (tx_ts=88343464749974, rx_ts=88343465195397) request_id=578402 zil_blk_id=215996 ccf_commit_seqno=578402 nstreams_done_=54002 config.nstreams=400000 avg_latency=0.9245 ms avg throuhgput (requests/sec) = 2250.0771 res=false
*==== INFO ====*  stream_id=217996 latency=0.735502 ms (tx_ts=88343698447251, rx_ts=88343699182753) request_id=582673 zil_blk_id=217996 ccf_commit_seqno=582675 nstreams_done_=54501 config.nstreams=400000 avg_latency=0.9252 ms avg throuhgput (requests/sec) = 2248.9840 res=false
*==== INFO ====*  stream_id=219996 latency=0.880486 ms (tx_ts=88343936566271, rx_ts=88343937446757) request_id=586708 zil_blk_id=219996 ccf_commit_seqno=586715 nstreams_done_=55001 config.nstreams=400000 avg_latency=0.9259 ms avg throuhgput (requests/sec) = 2247.5189 res=false
*==== INFO ====*  stream_id=221996 latency=0.753729 ms (tx_ts=88344162530612, rx_ts=88344163284341) request_id=591142 zil_blk_id=221996 ccf_commit_seqno=591146 nstreams_done_=55502 config.nstreams=400000 avg_latency=0.9262 ms avg throuhgput (requests/sec) = 2247.2123 res=false
*==== INFO ====*  stream_id=223996 latency=1.211836 ms (tx_ts=88344390748013, rx_ts=88344391959849) request_id=595306 zil_blk_id=223996 ccf_commit_seqno=595316 nstreams_done_=56004 config.nstreams=400000 avg_latency=0.9274 ms avg throuhgput (requests/sec) = 2246.6553 res=false
*==== INFO ====*  stream_id=225996 latency=0.598979 ms (tx_ts=88344613110380, rx_ts=88344613709359) request_id=599838 zil_blk_id=225996 ccf_commit_seqno=599838 nstreams_done_=56502 config.nstreams=400000 avg_latency=0.9278 ms avg throuhgput (requests/sec) = 2246.7271 res=false
*==== INFO ====*  stream_id=227996 latency=1.013365 ms (tx_ts=88344845057678, rx_ts=88344846071043) request_id=604641 zil_blk_id=227996 ccf_commit_seqno=604641 nstreams_done_=57001 config.nstreams=400000 avg_latency=0.9283 ms avg throuhgput (requests/sec) = 2245.8582 res=false
*==== INFO ====*  stream_id=229996 latency=0.587362 ms (tx_ts=88345069034852, rx_ts=88345069622214) request_id=609213 zil_blk_id=229996 ccf_commit_seqno=609214 nstreams_done_=57501 config.nstreams=400000 avg_latency=0.9279 ms avg throuhgput (requests/sec) = 2245.7776 res=false
*==== INFO ====*  stream_id=231996 latency=0.776594 ms (tx_ts=88345285248595, rx_ts=88345286025189) request_id=614032 zil_blk_id=231996 ccf_commit_seqno=614033 nstreams_done_=58001 config.nstreams=400000 avg_latency=0.9269 ms avg throuhgput (requests/sec) = 2246.3200 res=false
*==== INFO ====*  stream_id=233996 latency=0.660896 ms (tx_ts=88345509410732, rx_ts=88345510071628) request_id=618706 zil_blk_id=233996 ccf_commit_seqno=618710 nstreams_done_=58501 config.nstreams=400000 avg_latency=0.9261 ms avg throuhgput (requests/sec) = 2246.1941 res=false
*==== INFO ====*  stream_id=235996 latency=0.637319 ms (tx_ts=88345749741666, rx_ts=88345750378985) request_id=623341 zil_blk_id=235996 ccf_commit_seqno=623342 nstreams_done_=59001 config.nstreams=400000 avg_latency=0.9272 ms avg throuhgput (requests/sec) = 2244.6808 res=false
*==== INFO ====*  stream_id=237996 latency=0.542284 ms (tx_ts=88345957454287, rx_ts=88345957996571) request_id=627672 zil_blk_id=237996 ccf_commit_seqno=627674 nstreams_done_=59501 config.nstreams=400000 avg_latency=0.9266 ms avg throuhgput (requests/sec) = 2245.9628 res=false
*==== INFO ====*  stream_id=239996 latency=0.417590 ms (tx_ts=88346191058920, rx_ts=88346191476510) request_id=632122 zil_blk_id=239996 ccf_commit_seqno=632122 nstreams_done_=60000 config.nstreams=400000 avg_latency=0.9273 ms avg throuhgput (requests/sec) = 2245.0503 res=false
*==== INFO ====*  stream_id=241996 latency=0.580020 ms (tx_ts=88346404254828, rx_ts=88346404834848) request_id=636159 zil_blk_id=241996 ccf_commit_seqno=636160 nstreams_done_=60501 config.nstreams=400000 avg_latency=0.9272 ms avg throuhgput (requests/sec) = 2245.8299 res=false
*==== INFO ====*  stream_id=243996 latency=1.198924 ms (tx_ts=88346613832528, rx_ts=88346615031452) request_id=640275 zil_blk_id=243996 ccf_commit_seqno=640275 nstreams_done_=61002 config.nstreams=400000 avg_latency=0.9275 ms avg throuhgput (requests/sec) = 2246.8588 res=false
*==== INFO ====*  stream_id=245996 latency=0.731600 ms (tx_ts=88346851989696, rx_ts=88346852721296) request_id=644958 zil_blk_id=245996 ccf_commit_seqno=644963 nstreams_done_=61501 config.nstreams=400000 avg_latency=0.9275 ms avg throuhgput (requests/sec) = 2245.6153 res=false
*==== INFO ====*  stream_id=247996 latency=0.642672 ms (tx_ts=88347074938930, rx_ts=88347075581602) request_id=649569 zil_blk_id=247996 ccf_commit_seqno=649573 nstreams_done_=62000 config.nstreams=400000 avg_latency=0.9268 ms avg throuhgput (requests/sec) = 2245.5987 res=false
*==== INFO ====*  stream_id=249996 latency=0.611702 ms (tx_ts=88347290239094, rx_ts=88347290850796) request_id=653969 zil_blk_id=249996 ccf_commit_seqno=653972 nstreams_done_=62503 config.nstreams=400000 avg_latency=0.9270 ms avg throuhgput (requests/sec) = 2246.1950 res=false
*==== INFO ====*  stream_id=251996 latency=0.520334 ms (tx_ts=88347490430411, rx_ts=88347490950745) request_id=658524 zil_blk_id=251996 ccf_commit_seqno=658525 nstreams_done_=63001 config.nstreams=400000 avg_latency=0.9259 ms avg throuhgput (requests/sec) = 2247.9982 res=false
*==== INFO ====*  stream_id=253996 latency=0.778115 ms (tx_ts=88347701383706, rx_ts=88347702161821) request_id=663318 zil_blk_id=253996 ccf_commit_seqno=663318 nstreams_done_=63501 config.nstreams=400000 avg_latency=0.9245 ms avg throuhgput (requests/sec) = 2248.8906 res=false
*==== INFO ====*  stream_id=255996 latency=0.755373 ms (tx_ts=88347906828831, rx_ts=88347907584204) request_id=667980 zil_blk_id=255996 ccf_commit_seqno=667981 nstreams_done_=64001 config.nstreams=400000 avg_latency=0.9236 ms avg throuhgput (requests/sec) = 2250.2277 res=false
*==== INFO ====*  stream_id=257996 latency=0.943614 ms (tx_ts=88348146864988, rx_ts=88348147808602) request_id=672064 zil_blk_id=257996 ccf_commit_seqno=672068 nstreams_done_=64502 config.nstreams=400000 avg_latency=0.9248 ms avg throuhgput (requests/sec) = 2248.8136 res=false
*==== INFO ====*  stream_id=259996 latency=0.536323 ms (tx_ts=88348362773831, rx_ts=88348363310154) request_id=676582 zil_blk_id=259996 ccf_commit_seqno=676583 nstreams_done_=65000 config.nstreams=400000 avg_latency=0.9244 ms avg throuhgput (requests/sec) = 2249.3457 res=false
*==== INFO ====*  stream_id=261996 latency=0.807012 ms (tx_ts=88348573699717, rx_ts=88348574506729) request_id=681285 zil_blk_id=261996 ccf_commit_seqno=681285 nstreams_done_=65501 config.nstreams=400000 avg_latency=0.9235 ms avg throuhgput (requests/sec) = 2250.2027 res=false
*==== INFO ====*  stream_id=263996 latency=1.351869 ms (tx_ts=88348787860768, rx_ts=88348789212637) request_id=685900 zil_blk_id=263996 ccf_commit_seqno=685906 nstreams_done_=66003 config.nstreams=400000 avg_latency=0.9227 ms avg throuhgput (requests/sec) = 2250.7779 res=false
*==== INFO ====*  stream_id=265996 latency=1.558950 ms (tx_ts=88349015893133, rx_ts=88349017452083) request_id=690343 zil_blk_id=265996 ccf_commit_seqno=690352 nstreams_done_=66503 config.nstreams=400000 avg_latency=0.9232 ms avg throuhgput (requests/sec) = 2250.3138 res=false
*==== INFO ====*  stream_id=267996 latency=1.023259 ms (tx_ts=88349254384034, rx_ts=88349255407293) request_id=695277 zil_blk_id=267996 ccf_commit_seqno=695277 nstreams_done_=67004 config.nstreams=400000 avg_latency=0.9253 ms avg throuhgput (requests/sec) = 2249.1230 res=false
*==== INFO ====*  stream_id=269996 latency=2.696336 ms (tx_ts=88349487752751, rx_ts=88349490449087) request_id=699806 zil_blk_id=269996 ccf_commit_seqno=699809 nstreams_done_=67502 config.nstreams=400000 avg_latency=0.9280 ms avg throuhgput (requests/sec) = 2248.1691 res=false
*==== INFO ====*  stream_id=271996 latency=0.929306 ms (tx_ts=88349713857848, rx_ts=88349714787154) request_id=704607 zil_blk_id=271996 ccf_commit_seqno=704608 nstreams_done_=68001 config.nstreams=400000 avg_latency=0.9289 ms avg throuhgput (requests/sec) = 2248.0253 res=false
*==== INFO ====*  stream_id=273996 latency=0.617251 ms (tx_ts=88349966952958, rx_ts=88349967570209) request_id=708954 zil_blk_id=273996 ccf_commit_seqno=708957 nstreams_done_=68501 config.nstreams=400000 avg_latency=0.9299 ms avg throuhgput (requests/sec) = 2245.7873 res=false
*==== INFO ====*  stream_id=275996 latency=0.636032 ms (tx_ts=88350193035140, rx_ts=88350193671172) request_id=713578 zil_blk_id=275996 ccf_commit_seqno=713578 nstreams_done_=69000 config.nstreams=400000 avg_latency=0.9299 ms avg throuhgput (requests/sec) = 2245.5343 res=false
*==== INFO ====*  stream_id=277996 latency=0.788434 ms (tx_ts=88350408589326, rx_ts=88350409377760) request_id=718250 zil_blk_id=277996 ccf_commit_seqno=718250 nstreams_done_=69501 config.nstreams=400000 avg_latency=0.9292 ms avg throuhgput (requests/sec) = 2246.0392 res=false
*==== INFO ====*  stream_id=279996 latency=0.985180 ms (tx_ts=88350637343381, rx_ts=88350638328561) request_id=722346 zil_blk_id=279996 ccf_commit_seqno=722349 nstreams_done_=70001 config.nstreams=400000 avg_latency=0.9301 ms avg throuhgput (requests/sec) = 2245.5826 res=false
*==== INFO ====*  stream_id=281996 latency=0.995823 ms (tx_ts=88350863744566, rx_ts=88350864740389) request_id=726844 zil_blk_id=281996 ccf_commit_seqno=726849 nstreams_done_=70501 config.nstreams=400000 avg_latency=0.9303 ms avg throuhgput (requests/sec) = 2245.3143 res=false
*==== INFO ====*  stream_id=283996 latency=0.585577 ms (tx_ts=88351077948426, rx_ts=88351078534003) request_id=731226 zil_blk_id=283996 ccf_commit_seqno=731227 nstreams_done_=71000 config.nstreams=400000 avg_latency=0.9299 ms avg throuhgput (requests/sec) = 2245.9459 res=false
*==== INFO ====*  stream_id=285996 latency=1.668440 ms (tx_ts=88351309958518, rx_ts=88351311626958) request_id=735588 zil_blk_id=285996 ccf_commit_seqno=735596 nstreams_done_=71502 config.nstreams=400000 avg_latency=0.9302 ms avg throuhgput (requests/sec) = 2245.2075 res=false
*==== INFO ====*  stream_id=287996 latency=0.848122 ms (tx_ts=88351541722372, rx_ts=88351542570494) request_id=740148 zil_blk_id=287996 ccf_commit_seqno=740154 nstreams_done_=72001 config.nstreams=400000 avg_latency=0.9305 ms avg throuhgput (requests/sec) = 2244.6302 res=false
*==== INFO ====*  stream_id=289996 latency=0.564265 ms (tx_ts=88351763846789, rx_ts=88351764411054) request_id=744642 zil_blk_id=289996 ccf_commit_seqno=744642 nstreams_done_=72500 config.nstreams=400000 avg_latency=0.9303 ms avg throuhgput (requests/sec) = 2244.6937 res=false
*==== INFO ====*  stream_id=291996 latency=1.386657 ms (tx_ts=88351983078792, rx_ts=88351984465449) request_id=749120 zil_blk_id=291996 ccf_commit_seqno=749135 nstreams_done_=73001 config.nstreams=400000 avg_latency=0.9300 ms avg throuhgput (requests/sec) = 2244.8796 res=false
*==== INFO ====*  stream_id=293996 latency=0.615030 ms (tx_ts=88352199327123, rx_ts=88352199942153) request_id=753883 zil_blk_id=293996 ccf_commit_seqno=753883 nstreams_done_=73501 config.nstreams=400000 avg_latency=0.9298 ms avg throuhgput (requests/sec) = 2245.3770 res=false
*==== INFO ====*  stream_id=295996 latency=0.846017 ms (tx_ts=88352403134724, rx_ts=88352403980741) request_id=758127 zil_blk_id=295996 ccf_commit_seqno=758128 nstreams_done_=74001 config.nstreams=400000 avg_latency=0.9295 ms avg throuhgput (requests/sec) = 2246.6477 res=false
*==== INFO ====*  stream_id=297996 latency=0.803853 ms (tx_ts=88352622132991, rx_ts=88352622936844) request_id=762674 zil_blk_id=297996 ccf_commit_seqno=762674 nstreams_done_=74502 config.nstreams=400000 avg_latency=0.9294 ms avg throuhgput (requests/sec) = 2246.8915 res=false
*==== INFO ====*  stream_id=299996 latency=0.641806 ms (tx_ts=88352836203666, rx_ts=88352836845472) request_id=766887 zil_blk_id=299996 ccf_commit_seqno=766893 nstreams_done_=75001 config.nstreams=400000 avg_latency=0.9293 ms avg throuhgput (requests/sec) = 2247.4720 res=false
*==== INFO ====*  stream_id=301996 latency=0.717612 ms (tx_ts=88353056926200, rx_ts=88353057643812) request_id=771337 zil_blk_id=301996 ccf_commit_seqno=771341 nstreams_done_=75501 config.nstreams=400000 avg_latency=0.9291 ms avg throuhgput (requests/sec) = 2247.5840 res=false
*==== INFO ====*  stream_id=303996 latency=0.625059 ms (tx_ts=88353270059330, rx_ts=88353270684389) request_id=775627 zil_blk_id=303996 ccf_commit_seqno=775628 nstreams_done_=76001 config.nstreams=400000 avg_latency=0.9290 ms avg throuhgput (requests/sec) = 2248.2103 res=false
*==== INFO ====*  stream_id=305996 latency=3.435661 ms (tx_ts=88353506890317, rx_ts=88353510325978) request_id=779972 zil_blk_id=305996 ccf_commit_seqno=779975 nstreams_done_=76505 config.nstreams=400000 avg_latency=0.9297 ms avg throuhgput (requests/sec) = 2247.0717 res=false
*==== INFO ====*  stream_id=307996 latency=0.616259 ms (tx_ts=88353734377302, rx_ts=88353734993561) request_id=784297 zil_blk_id=307996 ccf_commit_seqno=784299 nstreams_done_=77000 config.nstreams=400000 avg_latency=0.9304 ms avg throuhgput (requests/sec) = 2246.9303 res=false
*==== INFO ====*  stream_id=309996 latency=0.865057 ms (tx_ts=88353942083096, rx_ts=88353942948153) request_id=788610 zil_blk_id=309996 ccf_commit_seqno=788610 nstreams_done_=77501 config.nstreams=400000 avg_latency=0.9301 ms avg throuhgput (requests/sec) = 2247.8799 res=false
*==== INFO ====*  stream_id=311996 latency=1.028113 ms (tx_ts=88354196057397, rx_ts=88354197085510) request_id=792976 zil_blk_id=311996 ccf_commit_seqno=792977 nstreams_done_=78000 config.nstreams=400000 avg_latency=0.9308 ms avg throuhgput (requests/sec) = 2245.8279 res=false
*==== INFO ====*  stream_id=313996 latency=0.863925 ms (tx_ts=88354431771903, rx_ts=88354432635828) request_id=797487 zil_blk_id=313996 ccf_commit_seqno=797492 nstreams_done_=78502 config.nstreams=400000 avg_latency=0.9309 ms avg throuhgput (requests/sec) = 2244.9984 res=false
*==== INFO ====*  stream_id=315996 latency=1.367143 ms (tx_ts=88354678571771, rx_ts=88354679938914) request_id=801559 zil_blk_id=315996 ccf_commit_seqno=801568 nstreams_done_=79002 config.nstreams=400000 avg_latency=0.9321 ms avg throuhgput (requests/sec) = 2243.4309 res=false
*==== INFO ====*  stream_id=317996 latency=0.827543 ms (tx_ts=88354894594718, rx_ts=88354895422261) request_id=806358 zil_blk_id=317996 ccf_commit_seqno=806358 nstreams_done_=79501 config.nstreams=400000 avg_latency=0.9316 ms avg throuhgput (requests/sec) = 2243.8989 res=false
*==== INFO ====*  stream_id=319996 latency=0.533697 ms (tx_ts=88355109939938, rx_ts=88355110473635) request_id=810834 zil_blk_id=319996 ccf_commit_seqno=810836 nstreams_done_=80001 config.nstreams=400000 avg_latency=0.9313 ms avg throuhgput (requests/sec) = 2244.3883 res=false
*==== INFO ====*  stream_id=321996 latency=0.819933 ms (tx_ts=88355312293456, rx_ts=88355313113389) request_id=815049 zil_blk_id=321996 ccf_commit_seqno=815051 nstreams_done_=80502 config.nstreams=400000 avg_latency=0.9310 ms avg throuhgput (requests/sec) = 2245.6492 res=false
*==== INFO ====*  stream_id=323996 latency=1.109932 ms (tx_ts=88355535073563, rx_ts=88355536183495) request_id=819652 zil_blk_id=323996 ccf_commit_seqno=819654 nstreams_done_=81000 config.nstreams=400000 avg_latency=0.9310 ms avg throuhgput (requests/sec) = 2245.6232 res=false
*==== INFO ====*  stream_id=325996 latency=0.955226 ms (tx_ts=88355756666098, rx_ts=88355757621324) request_id=823885 zil_blk_id=325996 ccf_commit_seqno=823885 nstreams_done_=81502 config.nstreams=400000 avg_latency=0.9320 ms avg throuhgput (requests/sec) = 2245.6985 res=false
*==== INFO ====*  stream_id=327996 latency=0.475406 ms (tx_ts=88355982893490, rx_ts=88355983368896) request_id=828026 zil_blk_id=327996 ccf_commit_seqno=828026 nstreams_done_=82001 config.nstreams=400000 avg_latency=0.9326 ms avg throuhgput (requests/sec) = 2245.5079 res=false
*==== INFO ====*  stream_id=329996 latency=0.755707 ms (tx_ts=88356206140806, rx_ts=88356206896513) request_id=832321 zil_blk_id=329996 ccf_commit_seqno=832322 nstreams_done_=82501 config.nstreams=400000 avg_latency=0.9326 ms avg throuhgput (requests/sec) = 2245.4553 res=false
*==== INFO ====*  stream_id=331996 latency=0.628342 ms (tx_ts=88356433748844, rx_ts=88356434377186) request_id=836628 zil_blk_id=331996 ccf_commit_seqno=836629 nstreams_done_=83002 config.nstreams=400000 avg_latency=0.9326 ms avg throuhgput (requests/sec) = 2245.1632 res=false
*==== INFO ====*  stream_id=333996 latency=0.692565 ms (tx_ts=88356645295925, rx_ts=88356645988490) request_id=841408 zil_blk_id=333996 ccf_commit_seqno=841409 nstreams_done_=83500 config.nstreams=400000 avg_latency=0.9316 ms avg throuhgput (requests/sec) = 2245.8329 res=false
*==== INFO ====*  stream_id=335996 latency=0.738240 ms (tx_ts=88356877719203, rx_ts=88356878457443) request_id=846485 zil_blk_id=335996 ccf_commit_seqno=846489 nstreams_done_=84002 config.nstreams=400000 avg_latency=0.9310 ms avg throuhgput (requests/sec) = 2245.2425 res=false
*==== INFO ====*  stream_id=337996 latency=0.622291 ms (tx_ts=88357106074757, rx_ts=88357106697048) request_id=851294 zil_blk_id=337996 ccf_commit_seqno=851297 nstreams_done_=84501 config.nstreams=400000 avg_latency=0.9307 ms avg throuhgput (requests/sec) = 2244.9117 res=false
*==== INFO ====*  stream_id=339996 latency=0.657761 ms (tx_ts=88357328901227, rx_ts=88357329558988) request_id=856112 zil_blk_id=339996 ccf_commit_seqno=856114 nstreams_done_=85003 config.nstreams=400000 avg_latency=0.9302 ms avg throuhgput (requests/sec) = 2244.9036 res=false
*==== INFO ====*  stream_id=341996 latency=1.157851 ms (tx_ts=88357533543076, rx_ts=88357534700927) request_id=860700 zil_blk_id=341996 ccf_commit_seqno=860705 nstreams_done_=85501 config.nstreams=400000 avg_latency=0.9297 ms avg throuhgput (requests/sec) = 2245.9406 res=false
*==== INFO ====*  stream_id=343996 latency=0.756595 ms (tx_ts=88357747784148, rx_ts=88357748540743) request_id=865554 zil_blk_id=343996 ccf_commit_seqno=865558 nstreams_done_=86002 config.nstreams=400000 avg_latency=0.9290 ms avg throuhgput (requests/sec) = 2246.4559 res=false
*==== INFO ====*  stream_id=345996 latency=0.736457 ms (tx_ts=88357962869208, rx_ts=88357963605665) request_id=870064 zil_blk_id=345996 ccf_commit_seqno=870065 nstreams_done_=86501 config.nstreams=400000 avg_latency=0.9290 ms avg throuhgput (requests/sec) = 2246.8940 res=false
*==== INFO ====*  stream_id=347996 latency=0.643594 ms (tx_ts=88358185907595, rx_ts=88358186551189) request_id=874806 zil_blk_id=347996 ccf_commit_seqno=874809 nstreams_done_=87001 config.nstreams=400000 avg_latency=0.9283 ms avg throuhgput (requests/sec) = 2246.8699 res=false
*==== INFO ====*  stream_id=349996 latency=1.136076 ms (tx_ts=88358418398996, rx_ts=88358419535072) request_id=879687 zil_blk_id=349996 ccf_commit_seqno=879693 nstreams_done_=87502 config.nstreams=400000 avg_latency=0.9279 ms avg throuhgput (requests/sec) = 2246.2670 res=false
*==== INFO ====*  stream_id=351996 latency=1.110413 ms (tx_ts=88358644265502, rx_ts=88358645375915) request_id=884236 zil_blk_id=351996 ccf_commit_seqno=884239 nstreams_done_=88002 config.nstreams=400000 avg_latency=0.9279 ms avg throuhgput (requests/sec) = 2246.0807 res=false
*==== INFO ====*  stream_id=353996 latency=0.588991 ms (tx_ts=88358865540089, rx_ts=88358866129080) request_id=888829 zil_blk_id=353996 ccf_commit_seqno=888830 nstreams_done_=88500 config.nstreams=400000 avg_latency=0.9277 ms avg throuhgput (requests/sec) = 2246.1865 res=false
*==== INFO ====*  stream_id=355996 latency=0.506130 ms (tx_ts=88359101036564, rx_ts=88359101542694) request_id=893602 zil_blk_id=355996 ccf_commit_seqno=893603 nstreams_done_=89002 config.nstreams=400000 avg_latency=0.9276 ms avg throuhgput (requests/sec) = 2245.4604 res=false
*==== INFO ====*  stream_id=357996 latency=1.595054 ms (tx_ts=88359328100603, rx_ts=88359329695657) request_id=897952 zil_blk_id=357996 ccf_commit_seqno=897971 nstreams_done_=89503 config.nstreams=400000 avg_latency=0.9284 ms avg throuhgput (requests/sec) = 2245.1516 res=false
*==== INFO ====*  stream_id=359996 latency=0.722842 ms (tx_ts=88359560019636, rx_ts=88359560742478) request_id=902342 zil_blk_id=359996 ccf_commit_seqno=902342 nstreams_done_=90000 config.nstreams=400000 avg_latency=0.9288 ms avg throuhgput (requests/sec) = 2244.6843 res=false
*==== INFO ====*  stream_id=361996 latency=0.746643 ms (tx_ts=88359773713758, rx_ts=88359774460401) request_id=906800 zil_blk_id=361996 ccf_commit_seqno=906804 nstreams_done_=90501 config.nstreams=400000 avg_latency=0.9282 ms avg throuhgput (requests/sec) = 2245.1872 res=false
*==== INFO ====*  stream_id=363996 latency=0.537739 ms (tx_ts=88359994833229, rx_ts=88359995370968) request_id=911080 zil_blk_id=363996 ccf_commit_seqno=911081 nstreams_done_=91001 config.nstreams=400000 avg_latency=0.9283 ms avg throuhgput (requests/sec) = 2245.2863 res=false
*==== INFO ====*  stream_id=365996 latency=1.288990 ms (tx_ts=88360223065188, rx_ts=88360224354178) request_id=915471 zil_blk_id=365996 ccf_commit_seqno=915478 nstreams_done_=91503 config.nstreams=400000 avg_latency=0.9283 ms avg throuhgput (requests/sec) = 2244.9395 res=false
*==== INFO ====*  stream_id=367996 latency=0.971870 ms (tx_ts=88360444437781, rx_ts=88360445409651) request_id=919938 zil_blk_id=367996 ccf_commit_seqno=919942 nstreams_done_=92002 config.nstreams=400000 avg_latency=0.9285 ms avg throuhgput (requests/sec) = 2245.0309 res=false
*==== INFO ====*  stream_id=369996 latency=0.958197 ms (tx_ts=88360659311545, rx_ts=88360660269742) request_id=924627 zil_blk_id=369996 ccf_commit_seqno=924632 nstreams_done_=92502 config.nstreams=400000 avg_latency=0.9281 ms avg throuhgput (requests/sec) = 2245.4589 res=false
*==== INFO ====*  stream_id=371996 latency=0.640568 ms (tx_ts=88360883974804, rx_ts=88360884615372) request_id=929046 zil_blk_id=371996 ccf_commit_seqno=929046 nstreams_done_=93001 config.nstreams=400000 avg_latency=0.9284 ms avg throuhgput (requests/sec) = 2245.3682 res=false
*==== INFO ====*  stream_id=373996 latency=0.736106 ms (tx_ts=88361109519823, rx_ts=88361110255929) request_id=933474 zil_blk_id=373996 ccf_commit_seqno=933474 nstreams_done_=93502 config.nstreams=400000 avg_latency=0.9287 ms avg throuhgput (requests/sec) = 2245.2086 res=false
*==== INFO ====*  stream_id=375996 latency=0.830046 ms (tx_ts=88361317274461, rx_ts=88361318104507) request_id=937822 zil_blk_id=375996 ccf_commit_seqno=937823 nstreams_done_=94000 config.nstreams=400000 avg_latency=0.9286 ms avg throuhgput (requests/sec) = 2246.0051 res=false
*==== INFO ====*  stream_id=377996 latency=0.462615 ms (tx_ts=88361546523737, rx_ts=88361546986352) request_id=942078 zil_blk_id=377996 ccf_commit_seqno=942078 nstreams_done_=94500 config.nstreams=400000 avg_latency=0.9288 ms avg throuhgput (requests/sec) = 2245.6707 res=false
*==== INFO ====*  stream_id=379996 latency=0.587900 ms (tx_ts=88361760792781, rx_ts=88361761380681) request_id=946276 zil_blk_id=379996 ccf_commit_seqno=946277 nstreams_done_=95001 config.nstreams=400000 avg_latency=0.9287 ms avg throuhgput (requests/sec) = 2246.1091 res=false
*==== INFO ====*  stream_id=381996 latency=0.681369 ms (tx_ts=88362004965593, rx_ts=88362005646962) request_id=950306 zil_blk_id=381996 ccf_commit_seqno=950310 nstreams_done_=95502 config.nstreams=400000 avg_latency=0.9297 ms avg throuhgput (requests/sec) = 2244.9655 res=false
*==== INFO ====*  stream_id=383996 latency=0.482382 ms (tx_ts=88362229375409, rx_ts=88362229857791) request_id=955000 zil_blk_id=383996 ccf_commit_seqno=955000 nstreams_done_=96000 config.nstreams=400000 avg_latency=0.9293 ms avg throuhgput (requests/sec) = 2244.8873 res=false
*==== INFO ====*  stream_id=385996 latency=0.650065 ms (tx_ts=88362469285342, rx_ts=88362469935407) request_id=959247 zil_blk_id=385996 ccf_commit_seqno=959250 nstreams_done_=96500 config.nstreams=400000 avg_latency=0.9296 ms avg throuhgput (requests/sec) = 2243.9816 res=false
*==== INFO ====*  stream_id=387996 latency=0.747478 ms (tx_ts=88362706860644, rx_ts=88362707608122) request_id=963906 zil_blk_id=387996 ccf_commit_seqno=963907 nstreams_done_=97001 config.nstreams=400000 avg_latency=0.9298 ms avg throuhgput (requests/sec) = 2243.2107 res=false
*==== INFO ====*  stream_id=389996 latency=0.920535 ms (tx_ts=88362942600753, rx_ts=88362943521288) request_id=968129 zil_blk_id=389996 ccf_commit_seqno=968136 nstreams_done_=97503 config.nstreams=400000 avg_latency=0.9304 ms avg throuhgput (requests/sec) = 2242.5391 res=false
*==== INFO ====*  stream_id=391996 latency=0.709359 ms (tx_ts=88363147884335, rx_ts=88363148593694) request_id=972386 zil_blk_id=391996 ccf_commit_seqno=972390 nstreams_done_=98002 config.nstreams=400000 avg_latency=0.9303 ms avg throuhgput (requests/sec) = 2243.4574 res=false
*==== INFO ====*  stream_id=393996 latency=0.734360 ms (tx_ts=88363372816082, rx_ts=88363373550442) request_id=976876 zil_blk_id=393996 ccf_commit_seqno=976878 nstreams_done_=98501 config.nstreams=400000 avg_latency=0.9304 ms avg throuhgput (requests/sec) = 2243.3508 res=false
*==== INFO ====*  stream_id=395996 latency=0.969964 ms (tx_ts=88363594135684, rx_ts=88363595105648) request_id=980932 zil_blk_id=395996 ccf_commit_seqno=980935 nstreams_done_=99002 config.nstreams=400000 avg_latency=0.9306 ms avg throuhgput (requests/sec) = 2243.4182 res=false
*==== INFO ====*  stream_id=397996 latency=0.779437 ms (tx_ts=88363816073792, rx_ts=88363816853229) request_id=985517 zil_blk_id=397996 ccf_commit_seqno=985518 nstreams_done_=99500 config.nstreams=400000 avg_latency=0.9302 ms avg throuhgput (requests/sec) = 2243.4752 res=false
*==== INFO ====*  stream_id=399996 latency=1.056102 ms (tx_ts=88364043971523, rx_ts=88364045027625) request_id=990124 zil_blk_id=399996 ccf_commit_seqno=990126 nstreams_done_=100001 config.nstreams=400000 avg_latency=0.9299 ms avg throuhgput (requests/sec) = 2243.2082 res=false
*==== INFO ====*  stream_id=401996 latency=0.725449 ms (tx_ts=88364251904051, rx_ts=88364252629500) request_id=994726 zil_blk_id=401996 ccf_commit_seqno=994730 nstreams_done_=100500 config.nstreams=400000 avg_latency=0.9290 ms avg throuhgput (requests/sec) = 2243.9742 res=false
*==== INFO ====*  stream_id=403996 latency=0.746385 ms (tx_ts=88364471585240, rx_ts=88364472331625) request_id=999817 zil_blk_id=403996 ccf_commit_seqno=999817 nstreams_done_=101000 config.nstreams=400000 avg_latency=0.9284 ms avg throuhgput (requests/sec) = 2244.1296 res=false
*==== INFO ====*  stream_id=405996 latency=0.463034 ms (tx_ts=88364689061449, rx_ts=88364689524483) request_id=1004559 zil_blk_id=405996 ccf_commit_seqno=1004559 nstreams_done_=101501 config.nstreams=400000 avg_latency=0.9281 ms avg throuhgput (requests/sec) = 2244.4080 res=false
*==== INFO ====*  stream_id=407996 latency=0.527637 ms (tx_ts=88364940981913, rx_ts=88364941509550) request_id=1008866 zil_blk_id=407996 ccf_commit_seqno=1008867 nstreams_done_=102003 config.nstreams=400000 avg_latency=0.9287 ms avg throuhgput (requests/sec) = 2242.9664 res=false
*==== INFO ====*  stream_id=409996 latency=0.871600 ms (tx_ts=88365147676309, rx_ts=88365148547909) request_id=1013089 zil_blk_id=409996 ccf_commit_seqno=1013091 nstreams_done_=102502 config.nstreams=400000 avg_latency=0.9292 ms avg throuhgput (requests/sec) = 2243.7461 res=false
*==== INFO ====*  stream_id=411996 latency=0.604627 ms (tx_ts=88365347796670, rx_ts=88365348401297) request_id=1017344 zil_blk_id=411996 ccf_commit_seqno=1017344 nstreams_done_=103002 config.nstreams=400000 avg_latency=0.9290 ms avg throuhgput (requests/sec) = 2244.8703 res=false
*==== INFO ====*  stream_id=413996 latency=0.686771 ms (tx_ts=88365569721116, rx_ts=88365570407887) request_id=1022247 zil_blk_id=413996 ccf_commit_seqno=1022247 nstreams_done_=103500 config.nstreams=400000 avg_latency=0.9285 ms avg throuhgput (requests/sec) = 2244.9055 res=false
*==== INFO ====*  stream_id=415996 latency=0.807803 ms (tx_ts=88365794079134, rx_ts=88365794886937) request_id=1027304 zil_blk_id=415996 ccf_commit_seqno=1027308 nstreams_done_=104003 config.nstreams=400000 avg_latency=0.9278 ms avg throuhgput (requests/sec) = 2244.8206 res=false
*==== INFO ====*  stream_id=417996 latency=1.119532 ms (tx_ts=88366004688204, rx_ts=88366005807736) request_id=1031481 zil_blk_id=417996 ccf_commit_seqno=1031483 nstreams_done_=104503 config.nstreams=400000 avg_latency=0.9277 ms avg throuhgput (requests/sec) = 2245.3905 res=false
*==== INFO ====*  stream_id=419996 latency=1.061536 ms (tx_ts=88366220150785, rx_ts=88366221212321) request_id=1035850 zil_blk_id=419996 ccf_commit_seqno=1035850 nstreams_done_=105001 config.nstreams=400000 avg_latency=0.9278 ms avg throuhgput (requests/sec) = 2245.7398 res=false
*==== INFO ====*  stream_id=421996 latency=0.966187 ms (tx_ts=88366442794418, rx_ts=88366443760605) request_id=1040145 zil_blk_id=421996 ccf_commit_seqno=1040147 nstreams_done_=105503 config.nstreams=400000 avg_latency=0.9278 ms avg throuhgput (requests/sec) = 2245.7443 res=false
*==== INFO ====*  stream_id=423996 latency=0.752107 ms (tx_ts=88366654824006, rx_ts=88366655576113) request_id=1044529 zil_blk_id=423996 ccf_commit_seqno=1044530 nstreams_done_=106001 config.nstreams=400000 avg_latency=0.9280 ms avg throuhgput (requests/sec) = 2246.2596 res=false
*==== INFO ====*  stream_id=425996 latency=0.558941 ms (tx_ts=88366898463652, rx_ts=88366899022593) request_id=1049427 zil_blk_id=425996 ccf_commit_seqno=1049428 nstreams_done_=106501 config.nstreams=400000 avg_latency=0.9306 ms avg throuhgput (requests/sec) = 2245.2721 res=false
*==== INFO ====*  stream_id=427996 latency=0.790010 ms (tx_ts=88367126022379, rx_ts=88367126812389) request_id=1053679 zil_blk_id=427996 ccf_commit_seqno=1053681 nstreams_done_=107001 config.nstreams=400000 avg_latency=0.9309 ms avg throuhgput (requests/sec) = 2245.0318 res=false
*==== INFO ====*  stream_id=429996 latency=1.728994 ms (tx_ts=88367344813371, rx_ts=88367346542365) request_id=1058685 zil_blk_id=429996 ccf_commit_seqno=1058685 nstreams_done_=107501 config.nstreams=400000 avg_latency=0.9319 ms avg throuhgput (requests/sec) = 2245.1717 res=false
*==== INFO ====*  stream_id=431996 latency=0.466102 ms (tx_ts=88367554745845, rx_ts=88367555211947) request_id=1063431 zil_blk_id=431996 ccf_commit_seqno=1063431 nstreams_done_=108000 config.nstreams=400000 avg_latency=0.9316 ms avg throuhgput (requests/sec) = 2245.8268 res=false
*==== INFO ====*  stream_id=433996 latency=0.695246 ms (tx_ts=88367775543067, rx_ts=88367776238313) request_id=1067764 zil_blk_id=433996 ccf_commit_seqno=1067767 nstreams_done_=108502 config.nstreams=400000 avg_latency=0.9314 ms avg throuhgput (requests/sec) = 2245.9016 res=false
*==== INFO ====*  stream_id=435996 latency=0.668598 ms (tx_ts=88367989642609, rx_ts=88367990311207) request_id=1072026 zil_blk_id=435996 ccf_commit_seqno=1072031 nstreams_done_=109001 config.nstreams=400000 avg_latency=0.9313 ms avg throuhgput (requests/sec) = 2246.2975 res=false
*==== INFO ====*  stream_id=437996 latency=0.574644 ms (tx_ts=88368209740088, rx_ts=88368210314732) request_id=1076278 zil_blk_id=437996 ccf_commit_seqno=1076281 nstreams_done_=109501 config.nstreams=400000 avg_latency=0.9315 ms avg throuhgput (requests/sec) = 2246.4166 res=false
*==== INFO ====*  stream_id=439996 latency=0.667820 ms (tx_ts=88368424895365, rx_ts=88368425563185) request_id=1080558 zil_blk_id=439996 ccf_commit_seqno=1080560 nstreams_done_=110002 config.nstreams=400000 avg_latency=0.9316 ms avg throuhgput (requests/sec) = 2246.7529 res=false
*==== INFO ====*  stream_id=441996 latency=0.948793 ms (tx_ts=88368643592648, rx_ts=88368644541441) request_id=1085037 zil_blk_id=441996 ccf_commit_seqno=1085044 nstreams_done_=110500 config.nstreams=400000 avg_latency=0.9315 ms avg throuhgput (requests/sec) = 2246.9158 res=false
*==== INFO ====*  stream_id=443996 latency=1.104309 ms (tx_ts=88368869673047, rx_ts=88368870777356) request_id=1089592 zil_blk_id=443996 ccf_commit_seqno=1089596 nstreams_done_=111001 config.nstreams=400000 avg_latency=0.9316 ms avg throuhgput (requests/sec) = 2246.7471 res=false
*==== INFO ====*  stream_id=445996 latency=0.733091 ms (tx_ts=88369089289188, rx_ts=88369090022279) request_id=1094063 zil_blk_id=445996 ccf_commit_seqno=1094064 nstreams_done_=111501 config.nstreams=400000 avg_latency=0.9315 ms avg throuhgput (requests/sec) = 2246.8965 res=false
*==== INFO ====*  stream_id=447996 latency=0.736627 ms (tx_ts=88369320824164, rx_ts=88369321560791) request_id=1098824 zil_blk_id=447996 ccf_commit_seqno=1098827 nstreams_done_=112000 config.nstreams=400000 avg_latency=0.9342 ms avg throuhgput (requests/sec) = 2246.4904 res=false
*==== INFO ====*  stream_id=449996 latency=0.844118 ms (tx_ts=88369542903286, rx_ts=88369543747404) request_id=1103766 zil_blk_id=449996 ccf_commit_seqno=1103769 nstreams_done_=112503 config.nstreams=400000 avg_latency=0.9338 ms avg throuhgput (requests/sec) = 2246.5076 res=false
*==== INFO ====*  stream_id=451996 latency=0.587098 ms (tx_ts=88369763317229, rx_ts=88369763904327) request_id=1108377 zil_blk_id=451996 ccf_commit_seqno=1108379 nstreams_done_=113000 config.nstreams=400000 avg_latency=0.9341 ms avg throuhgput (requests/sec) = 2246.6153 res=false
*==== INFO ====*  stream_id=453996 latency=1.241481 ms (tx_ts=88370002063335, rx_ts=88370003304816) request_id=1112872 zil_blk_id=453996 ccf_commit_seqno=1112875 nstreams_done_=113502 config.nstreams=400000 avg_latency=0.9345 ms avg throuhgput (requests/sec) = 2245.8665 res=false
*==== INFO ====*  stream_id=455996 latency=1.070602 ms (tx_ts=88370230880644, rx_ts=88370231951246) request_id=1117408 zil_blk_id=455996 ccf_commit_seqno=1117410 nstreams_done_=114003 config.nstreams=400000 avg_latency=0.9344 ms avg throuhgput (requests/sec) = 2245.6004 res=false
*==== INFO ====*  stream_id=457996 latency=0.627014 ms (tx_ts=88370449448973, rx_ts=88370450075987) request_id=1122118 zil_blk_id=457996 ccf_commit_seqno=1122121 nstreams_done_=114501 config.nstreams=400000 avg_latency=0.9351 ms avg throuhgput (requests/sec) = 2245.8000 res=false
*==== INFO ====*  stream_id=459996 latency=1.257488 ms (tx_ts=88370661027102, rx_ts=88370662284590) request_id=1126465 zil_blk_id=459996 ccf_commit_seqno=1126467 nstreams_done_=115002 config.nstreams=400000 avg_latency=0.9354 ms avg throuhgput (requests/sec) = 2246.2575 res=false
*==== INFO ====*  stream_id=461996 latency=0.727910 ms (tx_ts=88370885450430, rx_ts=88370886178340) request_id=1130721 zil_blk_id=461996 ccf_commit_seqno=1130722 nstreams_done_=115501 config.nstreams=400000 avg_latency=0.9355 ms avg throuhgput (requests/sec) = 2246.2007 res=false
*==== INFO ====*  stream_id=463996 latency=0.777922 ms (tx_ts=88371105766560, rx_ts=88371106544482) request_id=1135066 zil_blk_id=463996 ccf_commit_seqno=1135068 nstreams_done_=116002 config.nstreams=400000 avg_latency=0.9354 ms avg throuhgput (requests/sec) = 2246.2978 res=false
*==== INFO ====*  stream_id=465996 latency=0.587004 ms (tx_ts=88371322273528, rx_ts=88371322860532) request_id=1139664 zil_blk_id=465996 ccf_commit_seqno=1139666 nstreams_done_=116500 config.nstreams=400000 avg_latency=0.9352 ms avg throuhgput (requests/sec) = 2246.5695 res=false
*==== INFO ====*  stream_id=467996 latency=0.829731 ms (tx_ts=88371538922202, rx_ts=88371539751933) request_id=1144172 zil_blk_id=467996 ccf_commit_seqno=1144175 nstreams_done_=117003 config.nstreams=400000 avg_latency=0.9349 ms avg throuhgput (requests/sec) = 2246.8141 res=false
*==== INFO ====*  stream_id=469996 latency=0.962426 ms (tx_ts=88371759227789, rx_ts=88371760190215) request_id=1148755 zil_blk_id=469996 ccf_commit_seqno=1148762 nstreams_done_=117502 config.nstreams=400000 avg_latency=0.9350 ms avg throuhgput (requests/sec) = 2246.9043 res=false
*==== INFO ====*  stream_id=471996 latency=0.843607 ms (tx_ts=88371990649212, rx_ts=88371991492819) request_id=1153192 zil_blk_id=471996 ccf_commit_seqno=1153199 nstreams_done_=118000 config.nstreams=400000 avg_latency=0.9355 ms avg throuhgput (requests/sec) = 2246.5289 res=false
*==== INFO ====*  stream_id=473996 latency=0.670000 ms (tx_ts=88372201739393, rx_ts=88372202409393) request_id=1157456 zil_blk_id=473996 ccf_commit_seqno=1157457 nstreams_done_=118500 config.nstreams=400000 avg_latency=0.9353 ms avg throuhgput (requests/sec) = 2247.0252 res=false
*==== INFO ====*  stream_id=475996 latency=0.636598 ms (tx_ts=88372417996539, rx_ts=88372418633137) request_id=1161883 zil_blk_id=475996 ccf_commit_seqno=1161885 nstreams_done_=119001 config.nstreams=400000 avg_latency=0.9351 ms avg throuhgput (requests/sec) = 2247.2922 res=false
*==== INFO ====*  stream_id=477996 latency=0.997247 ms (tx_ts=88372632978917, rx_ts=88372633976164) request_id=1166343 zil_blk_id=477996 ccf_commit_seqno=1166346 nstreams_done_=119501 config.nstreams=400000 avg_latency=0.9349 ms avg throuhgput (requests/sec) = 2247.5943 res=false
*==== INFO ====*  stream_id=479996 latency=0.735684 ms (tx_ts=88372835668891, rx_ts=88372836404575) request_id=1170649 zil_blk_id=479996 ccf_commit_seqno=1170651 nstreams_done_=120002 config.nstreams=400000 avg_latency=0.9348 ms avg throuhgput (requests/sec) = 2248.4379 res=false
*==== INFO ====*  stream_id=481996 latency=0.903946 ms (tx_ts=88373050968282, rx_ts=88373051872228) request_id=1174976 zil_blk_id=481996 ccf_commit_seqno=1174978 nstreams_done_=120502 config.nstreams=400000 avg_latency=0.9350 ms avg throuhgput (requests/sec) = 2248.7278 res=false
*==== INFO ====*  stream_id=483996 latency=1.061935 ms (tx_ts=88373278980678, rx_ts=88373280042613) request_id=1179020 zil_blk_id=483996 ccf_commit_seqno=1179021 nstreams_done_=121001 config.nstreams=400000 avg_latency=0.9355 ms avg throuhgput (requests/sec) = 2248.4845 res=false
*==== INFO ====*  stream_id=485996 latency=0.613741 ms (tx_ts=88373485847085, rx_ts=88373486460826) request_id=1182983 zil_blk_id=485996 ccf_commit_seqno=1182984 nstreams_done_=121500 config.nstreams=400000 avg_latency=0.9356 ms avg throuhgput (requests/sec) = 2249.1485 res=false
*==== INFO ====*  stream_id=487996 latency=0.820749 ms (tx_ts=88373690672162, rx_ts=88373691492911) request_id=1187138 zil_blk_id=487996 ccf_commit_seqno=1187144 nstreams_done_=122002 config.nstreams=400000 avg_latency=0.9354 ms avg throuhgput (requests/sec) = 2249.8650 res=false
*==== INFO ====*  stream_id=489996 latency=0.692003 ms (tx_ts=88373907961379, rx_ts=88373908653382) request_id=1191867 zil_blk_id=489996 ccf_commit_seqno=1191868 nstreams_done_=122501 config.nstreams=400000 avg_latency=0.9351 ms avg throuhgput (requests/sec) = 2250.0748 res=false
*==== INFO ====*  stream_id=491996 latency=0.720267 ms (tx_ts=88374127329781, rx_ts=88374128050048) request_id=1196404 zil_blk_id=491996 ccf_commit_seqno=1196408 nstreams_done_=123001 config.nstreams=400000 avg_latency=0.9347 ms avg throuhgput (requests/sec) = 2250.1908 res=false
*==== INFO ====*  stream_id=493996 latency=1.717100 ms (tx_ts=88374358662370, rx_ts=88374360379470) request_id=1201125 zil_blk_id=493996 ccf_commit_seqno=1201131 nstreams_done_=123502 config.nstreams=400000 avg_latency=0.9346 ms avg throuhgput (requests/sec) = 2249.7757 res=false
*==== INFO ====*  stream_id=495996 latency=0.692132 ms (tx_ts=88374565265135, rx_ts=88374565957267) request_id=1205779 zil_blk_id=495996 ccf_commit_seqno=1205782 nstreams_done_=124000 config.nstreams=400000 avg_latency=0.9339 ms avg throuhgput (requests/sec) = 2250.4562 res=false
*==== INFO ====*  stream_id=497996 latency=0.958022 ms (tx_ts=88374776108346, rx_ts=88374777066368) request_id=1210296 zil_blk_id=497996 ccf_commit_seqno=1210298 nstreams_done_=124502 config.nstreams=400000 avg_latency=0.9336 ms avg throuhgput (requests/sec) = 2250.9065 res=false
*==== INFO ====*  stream_id=499996 latency=0.837035 ms (tx_ts=88374992065869, rx_ts=88374992902904) request_id=1214821 zil_blk_id=499996 ccf_commit_seqno=1214823 nstreams_done_=125003 config.nstreams=400000 avg_latency=0.9336 ms avg throuhgput (requests/sec) = 2251.1618 res=false
*==== INFO ====*  stream_id=501996 latency=0.650251 ms (tx_ts=88375216400907, rx_ts=88375217051158) request_id=1219435 zil_blk_id=501996 ccf_commit_seqno=1219441 nstreams_done_=125500 config.nstreams=400000 avg_latency=0.9335 ms avg throuhgput (requests/sec) = 2251.0794 res=false
*==== INFO ====*  stream_id=503996 latency=0.929080 ms (tx_ts=88375420799533, rx_ts=88375421728613) request_id=1224032 zil_blk_id=503996 ccf_commit_seqno=1224035 nstreams_done_=126001 config.nstreams=400000 avg_latency=0.9327 ms avg throuhgput (requests/sec) = 2251.7809 res=false
*==== INFO ====*  stream_id=505996 latency=0.967945 ms (tx_ts=88375636074218, rx_ts=88375637042163) request_id=1228483 zil_blk_id=505996 ccf_commit_seqno=1228486 nstreams_done_=126501 config.nstreams=400000 avg_latency=0.9323 ms avg throuhgput (requests/sec) = 2252.0508 res=false
*==== INFO ====*  stream_id=507996 latency=0.660562 ms (tx_ts=88375854779677, rx_ts=88375855440239) request_id=1233444 zil_blk_id=507996 ccf_commit_seqno=1233447 nstreams_done_=127000 config.nstreams=400000 avg_latency=0.9318 ms avg throuhgput (requests/sec) = 2252.1954 res=false
*==== INFO ====*  stream_id=509996 latency=0.926014 ms (tx_ts=88376082736483, rx_ts=88376083662497) request_id=1238288 zil_blk_id=509996 ccf_commit_seqno=1238288 nstreams_done_=127501 config.nstreams=400000 avg_latency=0.9315 ms avg throuhgput (requests/sec) = 2251.9481 res=false
*==== INFO ====*  stream_id=511996 latency=0.729664 ms (tx_ts=88376296803320, rx_ts=88376297532984) request_id=1242804 zil_blk_id=511996 ccf_commit_seqno=1242804 nstreams_done_=128000 config.nstreams=400000 avg_latency=0.9311 ms avg throuhgput (requests/sec) = 2252.2715 res=false
*==== INFO ====*  stream_id=513996 latency=0.979415 ms (tx_ts=88376503321033, rx_ts=88376504300448) request_id=1247271 zil_blk_id=513996 ccf_commit_seqno=1247275 nstreams_done_=128502 config.nstreams=400000 avg_latency=0.9306 ms avg throuhgput (requests/sec) = 2252.8729 res=false
*==== INFO ====*  stream_id=515996 latency=0.949306 ms (tx_ts=88376726089441, rx_ts=88376727038747) request_id=1252178 zil_blk_id=515996 ccf_commit_seqno=1252181 nstreams_done_=129002 config.nstreams=400000 avg_latency=0.9304 ms avg throuhgput (requests/sec) = 2252.8414 res=false
*==== INFO ====*  stream_id=517996 latency=0.895392 ms (tx_ts=88376952083253, rx_ts=88376952978645) request_id=1257001 zil_blk_id=517996 ccf_commit_seqno=1257005 nstreams_done_=129501 config.nstreams=400000 avg_latency=0.9325 ms avg throuhgput (requests/sec) = 2252.6847 res=false
*==== INFO ====*  stream_id=519996 latency=0.578151 ms (tx_ts=88377177414066, rx_ts=88377177992217) request_id=1261520 zil_blk_id=519996 ccf_commit_seqno=1261521 nstreams_done_=130000 config.nstreams=400000 avg_latency=0.9324 ms avg throuhgput (requests/sec) = 2252.5655 res=false
*==== INFO ====*  stream_id=521996 latency=0.747013 ms (tx_ts=88377407285817, rx_ts=88377408032830) request_id=1266458 zil_blk_id=521996 ccf_commit_seqno=1266461 nstreams_done_=130502 config.nstreams=400000 avg_latency=0.9319 ms avg throuhgput (requests/sec) = 2252.2517 res=false
*==== INFO ====*  stream_id=523996 latency=1.217352 ms (tx_ts=88377616041393, rx_ts=88377617258745) request_id=1270986 zil_blk_id=523996 ccf_commit_seqno=1270986 nstreams_done_=131003 config.nstreams=400000 avg_latency=0.9316 ms avg throuhgput (requests/sec) = 2252.7464 res=false
*==== INFO ====*  stream_id=525996 latency=0.787032 ms (tx_ts=88377827971596, rx_ts=88377828758628) request_id=1275601 zil_blk_id=525996 ccf_commit_seqno=1275604 nstreams_done_=131501 config.nstreams=400000 avg_latency=0.9313 ms avg throuhgput (requests/sec) = 2253.1498 res=false
*==== INFO ====*  stream_id=527996 latency=0.891718 ms (tx_ts=88378055124699, rx_ts=88378056016417) request_id=1279711 zil_blk_id=527996 ccf_commit_seqno=1279714 nstreams_done_=132001 config.nstreams=400000 avg_latency=0.9314 ms avg throuhgput (requests/sec) = 2252.9442 res=false
*==== INFO ====*  stream_id=529996 latency=1.314780 ms (tx_ts=88378287223098, rx_ts=88378288537878) request_id=1284358 zil_blk_id=529996 ccf_commit_seqno=1284360 nstreams_done_=132502 config.nstreams=400000 avg_latency=0.9313 ms avg throuhgput (requests/sec) = 2252.5387 res=false
*==== INFO ====*  stream_id=531996 latency=0.919520 ms (tx_ts=88378518020118, rx_ts=88378518939638) request_id=1288782 zil_blk_id=531996 ccf_commit_seqno=1288788 nstreams_done_=133000 config.nstreams=400000 avg_latency=0.9314 ms avg throuhgput (requests/sec) = 2252.2171 res=false
*==== INFO ====*  stream_id=533996 latency=0.517467 ms (tx_ts=88378743774534, rx_ts=88378744292001) request_id=1293064 zil_blk_id=533996 ccf_commit_seqno=1293065 nstreams_done_=133501 config.nstreams=400000 avg_latency=0.9315 ms avg throuhgput (requests/sec) = 2252.0899 res=false
*==== INFO ====*  stream_id=535996 latency=1.331516 ms (tx_ts=88378961978869, rx_ts=88378963310385) request_id=1297461 zil_blk_id=535996 ccf_commit_seqno=1297464 nstreams_done_=134002 config.nstreams=400000 avg_latency=0.9314 ms avg throuhgput (requests/sec) = 2252.2033 res=false
*==== INFO ====*  stream_id=537996 latency=0.899983 ms (tx_ts=88379190778315, rx_ts=88379191678298) request_id=1301686 zil_blk_id=537996 ccf_commit_seqno=1301689 nstreams_done_=134500 config.nstreams=400000 avg_latency=0.9319 ms avg throuhgput (requests/sec) = 2251.9634 res=false
*==== INFO ====*  stream_id=539996 latency=0.767012 ms (tx_ts=88379421106175, rx_ts=88379421873187) request_id=1306011 zil_blk_id=539996 ccf_commit_seqno=1306015 nstreams_done_=135001 config.nstreams=400000 avg_latency=0.9321 ms avg throuhgput (requests/sec) = 2251.6566 res=false
*==== INFO ====*  stream_id=541996 latency=0.697424 ms (tx_ts=88379644552383, rx_ts=88379645249807) request_id=1310394 zil_blk_id=541996 ccf_commit_seqno=1310397 nstreams_done_=135502 config.nstreams=400000 avg_latency=0.9322 ms avg throuhgput (requests/sec) = 2251.6073 res=false
*==== INFO ====*  stream_id=543996 latency=0.459309 ms (tx_ts=88379850923233, rx_ts=88379851382542) request_id=1314693 zil_blk_id=543996 ccf_commit_seqno=1314693 nstreams_done_=136000 config.nstreams=400000 avg_latency=0.9321 ms avg throuhgput (requests/sec) = 2252.2014 res=false
*==== INFO ====*  stream_id=545996 latency=0.591546 ms (tx_ts=88380066205441, rx_ts=88380066796987) request_id=1318952 zil_blk_id=545996 ccf_commit_seqno=1318953 nstreams_done_=136500 config.nstreams=400000 avg_latency=0.9322 ms avg throuhgput (requests/sec) = 2252.4463 res=false
*==== INFO ====*  stream_id=547996 latency=0.734347 ms (tx_ts=88380286858820, rx_ts=88380287593167) request_id=1323395 zil_blk_id=547996 ccf_commit_seqno=1323398 nstreams_done_=137001 config.nstreams=400000 avg_latency=0.9322 ms avg throuhgput (requests/sec) = 2252.4902 res=false
*==== INFO ====*  stream_id=549996 latency=0.766374 ms (tx_ts=88380509882277, rx_ts=88380510648651) request_id=1327845 zil_blk_id=549996 ccf_commit_seqno=1327847 nstreams_done_=137501 config.nstreams=400000 avg_latency=0.9325 ms avg throuhgput (requests/sec) = 2252.4503 res=false
*==== INFO ====*  stream_id=551996 latency=0.531620 ms (tx_ts=88380730420764, rx_ts=88380730952384) request_id=1332583 zil_blk_id=551996 ccf_commit_seqno=1332584 nstreams_done_=138000 config.nstreams=400000 avg_latency=0.9322 ms avg throuhgput (requests/sec) = 2252.5120 res=false
*==== INFO ====*  stream_id=553996 latency=0.695815 ms (tx_ts=88380954238199, rx_ts=88380954934014) request_id=1337502 zil_blk_id=553996 ccf_commit_seqno=1337503 nstreams_done_=138500 config.nstreams=400000 avg_latency=0.9316 ms avg throuhgput (requests/sec) = 2252.4385 res=false
*==== INFO ====*  stream_id=555996 latency=0.642992 ms (tx_ts=88381183861209, rx_ts=88381184504201) request_id=1342467 zil_blk_id=555996 ccf_commit_seqno=1342470 nstreams_done_=139000 config.nstreams=400000 avg_latency=0.9313 ms avg throuhgput (requests/sec) = 2252.1615 res=false
*==== INFO ====*  stream_id=557996 latency=0.860538 ms (tx_ts=88381410752231, rx_ts=88381411612769) request_id=1347221 zil_blk_id=557996 ccf_commit_seqno=1347221 nstreams_done_=139501 config.nstreams=400000 avg_latency=0.9311 ms avg throuhgput (requests/sec) = 2251.9761 res=false
*==== INFO ====*  stream_id=559996 latency=0.619782 ms (tx_ts=88381628232378, rx_ts=88381628852160) request_id=1351868 zil_blk_id=559996 ccf_commit_seqno=1351871 nstreams_done_=140001 config.nstreams=400000 avg_latency=0.9307 ms avg throuhgput (requests/sec) = 2252.1496 res=false
*==== INFO ====*  stream_id=561996 latency=1.178505 ms (tx_ts=88381845148063, rx_ts=88381846326568) request_id=1356120 zil_blk_id=561996 ccf_commit_seqno=1356125 nstreams_done_=140503 config.nstreams=400000 avg_latency=0.9308 ms avg throuhgput (requests/sec) = 2252.3133 res=false
*==== INFO ====*  stream_id=563996 latency=0.981776 ms (tx_ts=88382057336846, rx_ts=88382058318622) request_id=1360394 zil_blk_id=563996 ccf_commit_seqno=1360396 nstreams_done_=141001 config.nstreams=400000 avg_latency=0.9308 ms avg throuhgput (requests/sec) = 2252.6732 res=false
*==== INFO ====*  stream_id=565996 latency=0.648363 ms (tx_ts=88382284909171, rx_ts=88382285557534) request_id=1365179 zil_blk_id=565996 ccf_commit_seqno=1365179 nstreams_done_=141500 config.nstreams=400000 avg_latency=0.9306 ms avg throuhgput (requests/sec) = 2252.4839 res=false
*==== INFO ====*  stream_id=567996 latency=0.634412 ms (tx_ts=88382499248549, rx_ts=88382499882961) request_id=1370128 zil_blk_id=567996 ccf_commit_seqno=1370130 nstreams_done_=142000 config.nstreams=400000 avg_latency=0.9300 ms avg throuhgput (requests/sec) = 2252.7573 res=false
*==== INFO ====*  stream_id=569996 latency=0.913579 ms (tx_ts=88382745900708, rx_ts=88382746814287) request_id=1374338 zil_blk_id=569996 ccf_commit_seqno=1374338 nstreams_done_=142501 config.nstreams=400000 avg_latency=0.9303 ms avg throuhgput (requests/sec) = 2251.8680 res=false
*==== INFO ====*  stream_id=571996 latency=1.240961 ms (tx_ts=88382963635614, rx_ts=88382964876575) request_id=1378563 zil_blk_id=571996 ccf_commit_seqno=1378579 nstreams_done_=143002 config.nstreams=400000 avg_latency=0.9302 ms avg throuhgput (requests/sec) = 2252.0090 res=false
*==== INFO ====*  stream_id=573996 latency=0.614900 ms (tx_ts=88383186936603, rx_ts=88383187551503) request_id=1382973 zil_blk_id=573996 ccf_commit_seqno=1382974 nstreams_done_=143500 config.nstreams=400000 avg_latency=0.9303 ms avg throuhgput (requests/sec) = 2251.9860 res=false
*==== INFO ====*  stream_id=575996 latency=0.751325 ms (tx_ts=88383414161927, rx_ts=88383414913252) request_id=1387668 zil_blk_id=575996 ccf_commit_seqno=1387673 nstreams_done_=144001 config.nstreams=400000 avg_latency=0.9302 ms avg throuhgput (requests/sec) = 2251.7981 res=false
*==== INFO ====*  stream_id=577996 latency=0.693229 ms (tx_ts=88383631237246, rx_ts=88383631930475) request_id=1392195 zil_blk_id=577996 ccf_commit_seqno=1392199 nstreams_done_=144501 config.nstreams=400000 avg_latency=0.9302 ms avg throuhgput (requests/sec) = 2251.9745 res=false
*==== INFO ====*  stream_id=579996 latency=0.598750 ms (tx_ts=88383832334605, rx_ts=88383832933355) request_id=1396552 zil_blk_id=579996 ccf_commit_seqno=1396553 nstreams_done_=145000 config.nstreams=400000 avg_latency=0.9300 ms avg throuhgput (requests/sec) = 2252.7101 res=false
*==== INFO ====*  stream_id=581996 latency=1.128606 ms (tx_ts=88384059700009, rx_ts=88384060828615) request_id=1401301 zil_blk_id=581996 ccf_commit_seqno=1401303 nstreams_done_=145503 config.nstreams=400000 avg_latency=0.9299 ms avg throuhgput (requests/sec) = 2252.5029 res=false
*==== INFO ====*  stream_id=583996 latency=0.577140 ms (tx_ts=88384278605498, rx_ts=88384279182638) request_id=1405886 zil_blk_id=583996 ccf_commit_seqno=1405888 nstreams_done_=146000 config.nstreams=400000 avg_latency=0.9298 ms avg throuhgput (requests/sec) = 2252.6288 res=false
*==== INFO ====*  stream_id=585996 latency=0.698997 ms (tx_ts=88384516504089, rx_ts=88384517203086) request_id=1410853 zil_blk_id=585996 ccf_commit_seqno=1410853 nstreams_done_=146501 config.nstreams=400000 avg_latency=0.9300 ms avg throuhgput (requests/sec) = 2252.0727 res=false
*==== INFO ====*  stream_id=587996 latency=1.330671 ms (tx_ts=88384745028924, rx_ts=88384746359595) request_id=1415757 zil_blk_id=587996 ccf_commit_seqno=1415763 nstreams_done_=147003 config.nstreams=400000 avg_latency=0.9297 ms avg throuhgput (requests/sec) = 2251.8264 res=false
*==== INFO ====*  stream_id=589996 latency=0.767405 ms (tx_ts=88384961908676, rx_ts=88384962676081) request_id=1420211 zil_blk_id=589996 ccf_commit_seqno=1420212 nstreams_done_=147500 config.nstreams=400000 avg_latency=0.9297 ms avg throuhgput (requests/sec) = 2252.0233 res=false
*==== INFO ====*  stream_id=591996 latency=1.895540 ms (tx_ts=88385181598105, rx_ts=88385183493645) request_id=1424600 zil_blk_id=591996 ccf_commit_seqno=1424602 nstreams_done_=148003 config.nstreams=400000 avg_latency=0.9296 ms avg throuhgput (requests/sec) = 2252.0646 res=false
*==== INFO ====*  stream_id=593996 latency=0.586998 ms (tx_ts=88385401086442, rx_ts=88385401673440) request_id=1428958 zil_blk_id=593996 ccf_commit_seqno=1428959 nstreams_done_=148501 config.nstreams=400000 avg_latency=0.9295 ms avg throuhgput (requests/sec) = 2252.1957 res=false
*==== INFO ====*  stream_id=595996 latency=0.664656 ms (tx_ts=88385640455098, rx_ts=88385641119754) request_id=1433146 zil_blk_id=595996 ccf_commit_seqno=1433146 nstreams_done_=149001 config.nstreams=400000 avg_latency=0.9298 ms avg throuhgput (requests/sec) = 2251.6021 res=false
*==== INFO ====*  stream_id=597996 latency=0.621883 ms (tx_ts=88385859284856, rx_ts=88385859906739) request_id=1437649 zil_blk_id=597996 ccf_commit_seqno=1437649 nstreams_done_=149501 config.nstreams=400000 avg_latency=0.9296 ms avg throuhgput (requests/sec) = 2251.7133 res=false
*==== INFO ====*  stream_id=599996 latency=1.718735 ms (tx_ts=88386094256026, rx_ts=88386095974761) request_id=1441747 zil_blk_id=599996 ccf_commit_seqno=1441763 nstreams_done_=150002 config.nstreams=400000 avg_latency=0.9297 ms avg throuhgput (requests/sec) = 2251.2396 res=false
*==== INFO ====*  stream_id=601996 latency=0.632804 ms (tx_ts=88386325711550, rx_ts=88386326344354) request_id=1446080 zil_blk_id=601996 ccf_commit_seqno=1446081 nstreams_done_=150502 config.nstreams=400000 avg_latency=0.9298 ms avg throuhgput (requests/sec) = 2250.9612 res=false
*==== INFO ====*  stream_id=603996 latency=1.482483 ms (tx_ts=88386554822927, rx_ts=88386556305410) request_id=1450306 zil_blk_id=603996 ccf_commit_seqno=1450308 nstreams_done_=151004 config.nstreams=400000 avg_latency=0.9302 ms avg throuhgput (requests/sec) = 2250.6984 res=false
*==== INFO ====*  stream_id=605996 latency=0.878152 ms (tx_ts=88386778422700, rx_ts=88386779300852) request_id=1454620 zil_blk_id=605996 ccf_commit_seqno=1454626 nstreams_done_=151504 config.nstreams=400000 avg_latency=0.9302 ms avg throuhgput (requests/sec) = 2250.6702 res=false
*==== INFO ====*  stream_id=607996 latency=0.608218 ms (tx_ts=88387006477761, rx_ts=88387007085979) request_id=1458716 zil_blk_id=607996 ccf_commit_seqno=1458717 nstreams_done_=152001 config.nstreams=400000 avg_latency=0.9309 ms avg throuhgput (requests/sec) = 2250.4826 res=false
*==== INFO ====*  stream_id=609996 latency=0.649815 ms (tx_ts=88387213986013, rx_ts=88387214635828) request_id=1462832 zil_blk_id=609996 ccf_commit_seqno=1462833 nstreams_done_=152501 config.nstreams=400000 avg_latency=0.9310 ms avg throuhgput (requests/sec) = 2250.9684 res=false
*==== INFO ====*  stream_id=611996 latency=0.951985 ms (tx_ts=88387431967647, rx_ts=88387432919632) request_id=1467421 zil_blk_id=611996 ccf_commit_seqno=1467427 nstreams_done_=153001 config.nstreams=400000 avg_latency=0.9309 ms avg throuhgput (requests/sec) = 2251.0957 res=false
*==== INFO ====*  stream_id=613996 latency=0.607386 ms (tx_ts=88387662032480, rx_ts=88387662639866) request_id=1472121 zil_blk_id=613996 ccf_commit_seqno=1472121 nstreams_done_=153500 config.nstreams=400000 avg_latency=0.9308 ms avg throuhgput (requests/sec) = 2250.8446 res=false
*==== INFO ====*  stream_id=615996 latency=0.866275 ms (tx_ts=88387883750119, rx_ts=88387884616394) request_id=1476607 zil_blk_id=615996 ccf_commit_seqno=1476610 nstreams_done_=154001 config.nstreams=400000 avg_latency=0.9306 ms avg throuhgput (requests/sec) = 2250.8500 res=false
*==== INFO ====*  stream_id=617996 latency=1.297393 ms (tx_ts=88388104371452, rx_ts=88388105668845) request_id=1481236 zil_blk_id=617996 ccf_commit_seqno=1481249 nstreams_done_=154502 config.nstreams=400000 avg_latency=0.9302 ms avg throuhgput (requests/sec) = 2250.8856 res=false
*==== INFO ====*  stream_id=619996 latency=0.740743 ms (tx_ts=88388340289695, rx_ts=88388341030438) request_id=1485591 zil_blk_id=619996 ccf_commit_seqno=1485596 nstreams_done_=155001 config.nstreams=400000 avg_latency=0.9305 ms avg throuhgput (requests/sec) = 2250.4533 res=false
*==== INFO ====*  stream_id=621996 latency=0.588210 ms (tx_ts=88388565490705, rx_ts=88388566078915) request_id=1490346 zil_blk_id=621996 ccf_commit_seqno=1490347 nstreams_done_=155500 config.nstreams=400000 avg_latency=0.9302 ms avg throuhgput (requests/sec) = 2250.3598 res=false
*==== INFO ====*  stream_id=623996 latency=0.542315 ms (tx_ts=88388779101749, rx_ts=88388779644064) request_id=1494860 zil_blk_id=623996 ccf_commit_seqno=1494863 nstreams_done_=156002 config.nstreams=400000 avg_latency=0.9299 ms avg throuhgput (requests/sec) = 2250.6397 res=false
*==== INFO ====*  stream_id=625996 latency=0.497113 ms (tx_ts=88388990023769, rx_ts=88388990520882) request_id=1499122 zil_blk_id=625996 ccf_commit_seqno=1499122 nstreams_done_=156501 config.nstreams=400000 avg_latency=0.9299 ms avg throuhgput (requests/sec) = 2251.0049 res=false
*==== INFO ====*  stream_id=627996 latency=0.696092 ms (tx_ts=88389216130668, rx_ts=88389216826760) request_id=1503304 zil_blk_id=627996 ccf_commit_seqno=1503305 nstreams_done_=157002 config.nstreams=400000 avg_latency=0.9301 ms avg throuhgput (requests/sec) = 2250.8700 res=false
*==== INFO ====*  stream_id=629996 latency=0.622271 ms (tx_ts=88389430738229, rx_ts=88389431360500) request_id=1507733 zil_blk_id=629996 ccf_commit_seqno=1507733 nstreams_done_=157501 config.nstreams=400000 avg_latency=0.9298 ms avg throuhgput (requests/sec) = 2251.1145 res=false
*==== INFO ====*  stream_id=631996 latency=1.087758 ms (tx_ts=88389652094676, rx_ts=88389653182434) request_id=1512334 zil_blk_id=631996 ccf_commit_seqno=1512339 nstreams_done_=158002 config.nstreams=400000 avg_latency=0.9297 ms avg throuhgput (requests/sec) = 2251.1238 res=false
*==== INFO ====*  stream_id=633996 latency=0.664452 ms (tx_ts=88389876584794, rx_ts=88389877249246) request_id=1516527 zil_blk_id=633996 ccf_commit_seqno=1516530 nstreams_done_=158500 config.nstreams=400000 avg_latency=0.9298 ms avg throuhgput (requests/sec) = 2251.0613 res=false
*==== INFO ====*  stream_id=635996 latency=0.739483 ms (tx_ts=88390112992780, rx_ts=88390113732263) request_id=1521038 zil_blk_id=635996 ccf_commit_seqno=1521042 nstreams_done_=159002 config.nstreams=400000 avg_latency=0.9300 ms avg throuhgput (requests/sec) = 2250.6036 res=false
*==== INFO ====*  stream_id=637996 latency=0.643749 ms (tx_ts=88390337723908, rx_ts=88390338367657) request_id=1525447 zil_blk_id=637996 ccf_commit_seqno=1525447 nstreams_done_=159501 config.nstreams=400000 avg_latency=0.9300 ms avg throuhgput (requests/sec) = 2250.5251 res=false
*==== INFO ====*  stream_id=639996 latency=0.721094 ms (tx_ts=88390557731331, rx_ts=88390558452425) request_id=1530040 zil_blk_id=639996 ccf_commit_seqno=1530042 nstreams_done_=160001 config.nstreams=400000 avg_latency=0.9299 ms avg throuhgput (requests/sec) = 2250.5911 res=false
*==== INFO ====*  stream_id=641996 latency=0.626259 ms (tx_ts=88390787254263, rx_ts=88390787880522) request_id=1533998 zil_blk_id=641996 ccf_commit_seqno=1533998 nstreams_done_=160501 config.nstreams=400000 avg_latency=0.9303 ms avg throuhgput (requests/sec) = 2250.3619 res=false
*==== INFO ====*  stream_id=643996 latency=0.644676 ms (tx_ts=88391010913064, rx_ts=88391011557740) request_id=1538425 zil_blk_id=643996 ccf_commit_seqno=1538427 nstreams_done_=161002 config.nstreams=400000 avg_latency=0.9302 ms avg throuhgput (requests/sec) = 2250.3150 res=false
*==== INFO ====*  stream_id=645996 latency=0.493964 ms (tx_ts=88391231277612, rx_ts=88391231771576) request_id=1543351 zil_blk_id=645996 ccf_commit_seqno=1543352 nstreams_done_=161500 config.nstreams=400000 avg_latency=0.9298 ms avg throuhgput (requests/sec) = 2250.3770 res=false
*==== INFO ====*  stream_id=647996 latency=0.654696 ms (tx_ts=88391444217166, rx_ts=88391444871862) request_id=1548255 zil_blk_id=647996 ccf_commit_seqno=1548259 nstreams_done_=162001 config.nstreams=400000 avg_latency=0.9293 ms avg throuhgput (requests/sec) = 2250.6610 res=false
*==== INFO ====*  stream_id=649996 latency=0.701422 ms (tx_ts=88391664655603, rx_ts=88391665357025) request_id=1553125 zil_blk_id=649996 ccf_commit_seqno=1553132 nstreams_done_=162501 config.nstreams=400000 avg_latency=0.9291 ms avg throuhgput (requests/sec) = 2250.7131 res=false
*==== INFO ====*  stream_id=651996 latency=0.498488 ms (tx_ts=88391879339633, rx_ts=88391879838121) request_id=1557916 zil_blk_id=651996 ccf_commit_seqno=1557918 nstreams_done_=163000 config.nstreams=400000 avg_latency=0.9296 ms avg throuhgput (requests/sec) = 2250.9515 res=false
*==== INFO ====*  stream_id=653996 latency=0.578300 ms (tx_ts=88392104488346, rx_ts=88392105066646) request_id=1562820 zil_blk_id=653996 ccf_commit_seqno=1562822 nstreams_done_=163501 config.nstreams=400000 avg_latency=0.9293 ms avg throuhgput (requests/sec) = 2250.8555 res=false
*==== INFO ====*  stream_id=655996 latency=0.765532 ms (tx_ts=88392325673497, rx_ts=88392326439029) request_id=1567427 zil_blk_id=655996 ccf_commit_seqno=1567430 nstreams_done_=164000 config.nstreams=400000 avg_latency=0.9294 ms avg throuhgput (requests/sec) = 2250.8791 res=false
*==== INFO ====*  stream_id=657996 latency=0.765313 ms (tx_ts=88392552642019, rx_ts=88392553407332) request_id=1571781 zil_blk_id=657996 ccf_commit_seqno=1571781 nstreams_done_=164501 config.nstreams=400000 avg_latency=0.9293 ms avg throuhgput (requests/sec) = 2250.7303 res=false
*==== INFO ====*  stream_id=659996 latency=0.627184 ms (tx_ts=88392777420646, rx_ts=88392778047830) request_id=1576053 zil_blk_id=659996 ccf_commit_seqno=1576056 nstreams_done_=165002 config.nstreams=400000 avg_latency=0.9296 ms avg throuhgput (requests/sec) = 2250.6538 res=false
*==== INFO ====*  stream_id=661996 latency=0.760494 ms (tx_ts=88392984802005, rx_ts=88392985562499) request_id=1580560 zil_blk_id=661996 ccf_commit_seqno=1580562 nstreams_done_=165501 config.nstreams=400000 avg_latency=0.9295 ms avg throuhgput (requests/sec) = 2251.1021 res=false
*==== INFO ====*  stream_id=663996 latency=0.756696 ms (tx_ts=88393221822040, rx_ts=88393222578736) request_id=1585114 zil_blk_id=663996 ccf_commit_seqno=1585116 nstreams_done_=166002 config.nstreams=400000 avg_latency=0.9296 ms avg throuhgput (requests/sec) = 2250.6472 res=false
*==== INFO ====*  stream_id=665996 latency=0.723124 ms (tx_ts=88393441743439, rx_ts=88393442466563) request_id=1589660 zil_blk_id=665996 ccf_commit_seqno=1589664 nstreams_done_=166502 config.nstreams=400000 avg_latency=0.9295 ms avg throuhgput (requests/sec) = 2250.7163 res=false
*==== INFO ====*  stream_id=667996 latency=1.195690 ms (tx_ts=88393657030086, rx_ts=88393658225776) request_id=1593617 zil_blk_id=667996 ccf_commit_seqno=1593620 nstreams_done_=167002 config.nstreams=400000 avg_latency=0.9296 ms avg throuhgput (requests/sec) = 2250.9102 res=false
*==== INFO ====*  stream_id=669996 latency=0.513251 ms (tx_ts=88393895747832, rx_ts=88393896261083) request_id=1598541 zil_blk_id=669996 ccf_commit_seqno=1598541 nstreams_done_=167501 config.nstreams=400000 avg_latency=0.9300 ms avg throuhgput (requests/sec) = 2250.4293 res=false
*==== INFO ====*  stream_id=671996 latency=0.866172 ms (tx_ts=88394113429646, rx_ts=88394114295818) request_id=1602972 zil_blk_id=671996 ccf_commit_seqno=1602975 nstreams_done_=168001 config.nstreams=400000 avg_latency=0.9301 ms avg throuhgput (requests/sec) = 2250.5543 res=false
*==== INFO ====*  stream_id=673996 latency=0.526698 ms (tx_ts=88394336445932, rx_ts=88394336972630) request_id=1607837 zil_blk_id=673996 ccf_commit_seqno=1607839 nstreams_done_=168501 config.nstreams=400000 avg_latency=0.9298 ms avg throuhgput (requests/sec) = 2250.5389 res=false
*==== INFO ====*  stream_id=675996 latency=0.711509 ms (tx_ts=88394537878679, rx_ts=88394538590188) request_id=1612086 zil_blk_id=675996 ccf_commit_seqno=1612086 nstreams_done_=169001 config.nstreams=400000 avg_latency=0.9294 ms avg throuhgput (requests/sec) = 2251.1550 res=false
*==== INFO ====*  stream_id=677996 latency=0.726871 ms (tx_ts=88394772171862, rx_ts=88394772898733) request_id=1616849 zil_blk_id=677996 ccf_commit_seqno=1616853 nstreams_done_=169502 config.nstreams=400000 avg_latency=0.9294 ms avg throuhgput (requests/sec) = 2250.7903 res=false
*==== INFO ====*  stream_id=679996 latency=0.794751 ms (tx_ts=88394991414438, rx_ts=88394992209189) request_id=1621701 zil_blk_id=679996 ccf_commit_seqno=1621701 nstreams_done_=170000 config.nstreams=400000 avg_latency=0.9292 ms avg throuhgput (requests/sec) = 2250.8748 res=false
*==== INFO ====*  stream_id=681996 latency=0.584021 ms (tx_ts=88395236906460, rx_ts=88395237490481) request_id=1625898 zil_blk_id=681996 ccf_commit_seqno=1625898 nstreams_done_=170501 config.nstreams=400000 avg_latency=0.9295 ms avg throuhgput (requests/sec) = 2250.1872 res=false
*==== INFO ====*  stream_id=683996 latency=0.522422 ms (tx_ts=88395456632171, rx_ts=88395457154593) request_id=1630181 zil_blk_id=683996 ccf_commit_seqno=1630181 nstreams_done_=171000 config.nstreams=400000 avg_latency=0.9296 ms avg throuhgput (requests/sec) = 2250.2624 res=false
*==== INFO ====*  stream_id=685996 latency=1.056097 ms (tx_ts=88395669825137, rx_ts=88395670881234) request_id=1635063 zil_blk_id=685996 ccf_commit_seqno=1635066 nstreams_done_=171501 config.nstreams=400000 avg_latency=0.9292 ms avg throuhgput (requests/sec) = 2250.5125 res=false
*==== INFO ====*  stream_id=687996 latency=0.715077 ms (tx_ts=88395899343795, rx_ts=88395900058872) request_id=1639194 zil_blk_id=687996 ccf_commit_seqno=1639196 nstreams_done_=172000 config.nstreams=400000 avg_latency=0.9293 ms avg throuhgput (requests/sec) = 2250.3062 res=false
*==== INFO ====*  stream_id=689996 latency=3.239526 ms (tx_ts=88396120980384, rx_ts=88396124219910) request_id=1643715 zil_blk_id=689996 ccf_commit_seqno=1643724 nstreams_done_=172504 config.nstreams=400000 avg_latency=0.9293 ms avg throuhgput (requests/sec) = 2250.2484 res=false
*==== INFO ====*  stream_id=691996 latency=0.697456 ms (tx_ts=88396339932209, rx_ts=88396340629665) request_id=1648283 zil_blk_id=691996 ccf_commit_seqno=1648286 nstreams_done_=173001 config.nstreams=400000 avg_latency=0.9293 ms avg throuhgput (requests/sec) = 2250.4179 res=false
*==== INFO ====*  stream_id=693996 latency=1.240593 ms (tx_ts=88396568073854, rx_ts=88396569314447) request_id=1652691 zil_blk_id=693996 ccf_commit_seqno=1652696 nstreams_done_=173501 config.nstreams=400000 avg_latency=0.9294 ms avg throuhgput (requests/sec) = 2250.2280 res=false
*==== INFO ====*  stream_id=695996 latency=0.758308 ms (tx_ts=88396785526058, rx_ts=88396786284366) request_id=1656916 zil_blk_id=695996 ccf_commit_seqno=1656916 nstreams_done_=174002 config.nstreams=400000 avg_latency=0.9294 ms avg throuhgput (requests/sec) = 2250.3802 res=false
*==== INFO ====*  stream_id=697996 latency=1.003870 ms (tx_ts=88396991749165, rx_ts=88396992753035) request_id=1661071 zil_blk_id=697996 ccf_commit_seqno=1661072 nstreams_done_=174500 config.nstreams=400000 avg_latency=0.9295 ms avg throuhgput (requests/sec) = 2250.8364 res=false
*==== INFO ====*  stream_id=699996 latency=0.683951 ms (tx_ts=88397216750542, rx_ts=88397217434493) request_id=1665610 zil_blk_id=699996 ccf_commit_seqno=1665614 nstreams_done_=175002 config.nstreams=400000 avg_latency=0.9293 ms avg throuhgput (requests/sec) = 2250.7628 res=false
*==== INFO ====*  stream_id=701996 latency=0.796120 ms (tx_ts=88397444157953, rx_ts=88397444954073) request_id=1669996 zil_blk_id=701996 ccf_commit_seqno=1670000 nstreams_done_=175500 config.nstreams=400000 avg_latency=0.9293 ms avg throuhgput (requests/sec) = 2250.6078 res=false
*==== INFO ====*  stream_id=703996 latency=3.760261 ms (tx_ts=88397651784743, rx_ts=88397655545004) request_id=1674409 zil_blk_id=703996 ccf_commit_seqno=1674428 nstreams_done_=176003 config.nstreams=400000 avg_latency=0.9291 ms avg throuhgput (requests/sec) = 2250.9408 res=false
*==== INFO ====*  stream_id=705996 latency=0.788997 ms (tx_ts=88397865922425, rx_ts=88397866711422) request_id=1679038 zil_blk_id=705996 ccf_commit_seqno=1679038 nstreams_done_=176501 config.nstreams=400000 avg_latency=0.9292 ms avg throuhgput (requests/sec) = 2251.2556 res=false
*==== INFO ====*  stream_id=707996 latency=0.938807 ms (tx_ts=88398097198631, rx_ts=88398098137438) request_id=1683817 zil_blk_id=707996 ccf_commit_seqno=1683818 nstreams_done_=177001 config.nstreams=400000 avg_latency=0.9292 ms avg throuhgput (requests/sec) = 2250.9885 res=false
*==== INFO ====*  stream_id=709996 latency=0.629574 ms (tx_ts=88398327690309, rx_ts=88398328319883) request_id=1688936 zil_blk_id=709996 ccf_commit_seqno=1688940 nstreams_done_=177502 config.nstreams=400000 avg_latency=0.9289 ms avg throuhgput (requests/sec) = 2250.7585 res=false
*==== INFO ====*  stream_id=711996 latency=0.921383 ms (tx_ts=88398549782707, rx_ts=88398550704090) request_id=1693877 zil_blk_id=711996 ccf_commit_seqno=1693881 nstreams_done_=178001 config.nstreams=400000 avg_latency=0.9287 ms avg throuhgput (requests/sec) = 2250.7518 res=false
*==== INFO ====*  stream_id=713996 latency=0.622875 ms (tx_ts=88398786096824, rx_ts=88398786719699) request_id=1698809 zil_blk_id=713996 ccf_commit_seqno=1698811 nstreams_done_=178500 config.nstreams=400000 avg_latency=0.9286 ms avg throuhgput (requests/sec) = 2250.3583 res=false
*==== INFO ====*  stream_id=715996 latency=1.162907 ms (tx_ts=88399011766463, rx_ts=88399012929370) request_id=1703310 zil_blk_id=715996 ccf_commit_seqno=1703313 nstreams_done_=179002 config.nstreams=400000 avg_latency=0.9286 ms avg throuhgput (requests/sec) = 2250.2445 res=false
*==== INFO ====*  stream_id=717996 latency=1.189512 ms (tx_ts=88399233981580, rx_ts=88399235171092) request_id=1707606 zil_blk_id=717996 ccf_commit_seqno=1707611 nstreams_done_=179502 config.nstreams=400000 avg_latency=0.9288 ms avg throuhgput (requests/sec) = 2250.2433 res=false
*==== INFO ====*  stream_id=719996 latency=0.637590 ms (tx_ts=88399450496221, rx_ts=88399451133811) request_id=1711765 zil_blk_id=719996 ccf_commit_seqno=1711766 nstreams_done_=180000 config.nstreams=400000 avg_latency=0.9289 ms avg throuhgput (requests/sec) = 2250.4187 res=false
*==== INFO ====*  stream_id=721996 latency=0.939659 ms (tx_ts=88399665530866, rx_ts=88399666470525) request_id=1716558 zil_blk_id=721996 ccf_commit_seqno=1716559 nstreams_done_=180503 config.nstreams=400000 avg_latency=0.9284 ms avg throuhgput (requests/sec) = 2250.6107 res=false
*==== INFO ====*  stream_id=723996 latency=0.813862 ms (tx_ts=88399891697602, rx_ts=88399892511464) request_id=1720979 zil_blk_id=723996 ccf_commit_seqno=1720983 nstreams_done_=181000 config.nstreams=400000 avg_latency=0.9287 ms avg throuhgput (requests/sec) = 2250.5022 res=false
*==== INFO ====*  stream_id=725996 latency=1.112254 ms (tx_ts=88400119944512, rx_ts=88400121056766) request_id=1725236 zil_blk_id=725996 ccf_commit_seqno=1725238 nstreams_done_=181502 config.nstreams=400000 avg_latency=0.9288 ms avg throuhgput (requests/sec) = 2250.3244 res=false
*==== INFO ====*  stream_id=727996 latency=0.951650 ms (tx_ts=88400350336326, rx_ts=88400351287976) request_id=1729513 zil_blk_id=727996 ccf_commit_seqno=1729515 nstreams_done_=182001 config.nstreams=400000 avg_latency=0.9290 ms avg throuhgput (requests/sec) = 2250.1007 res=false
*==== INFO ====*  stream_id=729996 latency=0.824090 ms (tx_ts=88400565680653, rx_ts=88400566504743) request_id=1734140 zil_blk_id=729996 ccf_commit_seqno=1734142 nstreams_done_=182501 config.nstreams=400000 avg_latency=0.9289 ms avg throuhgput (requests/sec) = 2250.2948 res=false
*==== INFO ====*  stream_id=731996 latency=0.599959 ms (tx_ts=88400783134717, rx_ts=88400783734676) request_id=1738516 zil_blk_id=731996 ccf_commit_seqno=1738518 nstreams_done_=183001 config.nstreams=400000 avg_latency=0.9288 ms avg throuhgput (requests/sec) = 2250.4321 res=false
*==== INFO ====*  stream_id=733996 latency=0.727519 ms (tx_ts=88400997455446, rx_ts=88400998182965) request_id=1743193 zil_blk_id=733996 ccf_commit_seqno=1743193 nstreams_done_=183501 config.nstreams=400000 avg_latency=0.9284 ms avg throuhgput (requests/sec) = 2250.6455 res=false
*==== INFO ====*  stream_id=735996 latency=0.831605 ms (tx_ts=88401209598367, rx_ts=88401210429972) request_id=1747368 zil_blk_id=735996 ccf_commit_seqno=1747368 nstreams_done_=184003 config.nstreams=400000 avg_latency=0.9284 ms avg throuhgput (requests/sec) = 2250.9184 res=false
*==== INFO ====*  stream_id=737996 latency=0.578239 ms (tx_ts=88401440050428, rx_ts=88401440628667) request_id=1752078 zil_blk_id=737996 ccf_commit_seqno=1752078 nstreams_done_=184501 config.nstreams=400000 avg_latency=0.9285 ms avg throuhgput (requests/sec) = 2250.6969 res=false
*==== INFO ====*  stream_id=739996 latency=0.572390 ms (tx_ts=88401642725324, rx_ts=88401643297714) request_id=1756612 zil_blk_id=739996 ccf_commit_seqno=1756615 nstreams_done_=185001 config.nstreams=400000 avg_latency=0.9281 ms avg throuhgput (requests/sec) = 2251.2305 res=false
*==== INFO ====*  stream_id=741996 latency=0.808201 ms (tx_ts=88401870235658, rx_ts=88401871043859) request_id=1760939 zil_blk_id=741996 ccf_commit_seqno=1760944 nstreams_done_=185502 config.nstreams=400000 avg_latency=0.9281 ms avg throuhgput (requests/sec) = 2251.0763 res=false
*==== INFO ====*  stream_id=743996 latency=0.566951 ms (tx_ts=88402098197644, rx_ts=88402098764595) request_id=1765382 zil_blk_id=743996 ccf_commit_seqno=1765384 nstreams_done_=186000 config.nstreams=400000 avg_latency=0.9282 ms avg throuhgput (requests/sec) = 2250.9236 res=false
*==== INFO ====*  stream_id=745996 latency=0.943525 ms (tx_ts=88402349736804, rx_ts=88402350680329) request_id=1769590 zil_blk_id=745996 ccf_commit_seqno=1769595 nstreams_done_=186501 config.nstreams=400000 avg_latency=0.9284 ms avg throuhgput (requests/sec) = 2250.1147 res=false
*==== INFO ====*  stream_id=747996 latency=0.703827 ms (tx_ts=88402562814828, rx_ts=88402563518655) request_id=1774484 zil_blk_id=747996 ccf_commit_seqno=1774490 nstreams_done_=187001 config.nstreams=400000 avg_latency=0.9281 ms avg throuhgput (requests/sec) = 2250.3685 res=false
*==== INFO ====*  stream_id=749996 latency=0.938826 ms (tx_ts=88402779228021, rx_ts=88402780166847) request_id=1779034 zil_blk_id=749996 ccf_commit_seqno=1779034 nstreams_done_=187501 config.nstreams=400000 avg_latency=0.9280 ms avg throuhgput (requests/sec) = 2250.5181 res=false
*==== INFO ====*  stream_id=751996 latency=0.730286 ms (tx_ts=88403009557142, rx_ts=88403010287428) request_id=1783315 zil_blk_id=751996 ccf_commit_seqno=1783315 nstreams_done_=188001 config.nstreams=400000 avg_latency=0.9284 ms avg throuhgput (requests/sec) = 2250.3040 res=false
*==== INFO ====*  stream_id=753996 latency=0.958296 ms (tx_ts=88403229386941, rx_ts=88403230345237) request_id=1787678 zil_blk_id=753996 ccf_commit_seqno=1787678 nstreams_done_=188502 config.nstreams=400000 avg_latency=0.9284 ms avg throuhgput (requests/sec) = 2250.3613 res=false
*==== INFO ====*  stream_id=755996 latency=0.626141 ms (tx_ts=88403432575470, rx_ts=88403433201611) request_id=1791939 zil_blk_id=755996 ccf_commit_seqno=1791940 nstreams_done_=189000 config.nstreams=400000 avg_latency=0.9283 ms avg throuhgput (requests/sec) = 2250.8793 res=false
*==== INFO ====*  stream_id=757996 latency=0.618227 ms (tx_ts=88403664589394, rx_ts=88403665207621) request_id=1796620 zil_blk_id=757996 ccf_commit_seqno=1796621 nstreams_done_=189502 config.nstreams=400000 avg_latency=0.9283 ms avg throuhgput (requests/sec) = 2250.6155 res=false
*==== INFO ====*  stream_id=759996 latency=0.664179 ms (tx_ts=88403906321510, rx_ts=88403906985689) request_id=1800664 zil_blk_id=759996 ccf_commit_seqno=1800667 nstreams_done_=190002 config.nstreams=400000 avg_latency=0.9291 ms avg throuhgput (requests/sec) = 2250.0926 res=false
*==== INFO ====*  stream_id=761996 latency=0.584083 ms (tx_ts=88404130459845, rx_ts=88404131043928) request_id=1805301 zil_blk_id=761996 ccf_commit_seqno=1805301 nstreams_done_=190501 config.nstreams=400000 avg_latency=0.9290 ms avg throuhgput (requests/sec) = 2250.0436 res=false
*==== INFO ====*  stream_id=763996 latency=0.644475 ms (tx_ts=88404350057685, rx_ts=88404350702160) request_id=1809741 zil_blk_id=763996 ccf_commit_seqno=1809742 nstreams_done_=191000 config.nstreams=400000 avg_latency=0.9290 ms avg throuhgput (requests/sec) = 2250.1114 res=false
*==== INFO ====*  stream_id=765996 latency=0.495935 ms (tx_ts=88404575069391, rx_ts=88404575565326) request_id=1814045 zil_blk_id=765996 ccf_commit_seqno=1814045 nstreams_done_=191501 config.nstreams=400000 avg_latency=0.9289 ms avg throuhgput (requests/sec) = 2250.0413 res=false
*==== INFO ====*  stream_id=767996 latency=1.278496 ms (tx_ts=88404780220065, rx_ts=88404781498561) request_id=1818427 zil_blk_id=767996 ccf_commit_seqno=1818430 nstreams_done_=192003 config.nstreams=400000 avg_latency=0.9286 ms avg throuhgput (requests/sec) = 2250.4708 res=false
*==== INFO ====*  stream_id=769996 latency=0.851779 ms (tx_ts=88404998517494, rx_ts=88404999369273) request_id=1822889 zil_blk_id=769996 ccf_commit_seqno=1822889 nstreams_done_=192502 config.nstreams=400000 avg_latency=0.9286 ms avg throuhgput (requests/sec) = 2250.5841 res=false
*==== INFO ====*  stream_id=771996 latency=0.832638 ms (tx_ts=88405207201560, rx_ts=88405208034198) request_id=1827266 zil_blk_id=771996 ccf_commit_seqno=1827266 nstreams_done_=193000 config.nstreams=400000 avg_latency=0.9285 ms avg throuhgput (requests/sec) = 2250.9384 res=false
*==== INFO ====*  stream_id=773996 latency=0.808668 ms (tx_ts=88405426672702, rx_ts=88405427481370) request_id=1831799 zil_blk_id=773996 ccf_commit_seqno=1831799 nstreams_done_=193500 config.nstreams=400000 avg_latency=0.9284 ms avg throuhgput (requests/sec) = 2251.0087 res=false
*==== INFO ====*  stream_id=775996 latency=0.808392 ms (tx_ts=88405647493436, rx_ts=88405648301828) request_id=1836402 zil_blk_id=775996 ccf_commit_seqno=1836406 nstreams_done_=194001 config.nstreams=400000 avg_latency=0.9281 ms avg throuhgput (requests/sec) = 2251.0427 res=false
*==== INFO ====*  stream_id=777996 latency=0.574705 ms (tx_ts=88405869308004, rx_ts=88405869882709) request_id=1840914 zil_blk_id=777996 ccf_commit_seqno=1840915 nstreams_done_=194500 config.nstreams=400000 avg_latency=0.9282 ms avg throuhgput (requests/sec) = 2251.0567 res=false
*==== INFO ====*  stream_id=779996 latency=0.450984 ms (tx_ts=88406085594870, rx_ts=88406086045854) request_id=1845346 zil_blk_id=779996 ccf_commit_seqno=1845346 nstreams_done_=195000 config.nstreams=400000 avg_latency=0.9279 ms avg throuhgput (requests/sec) = 2251.2115 res=false
*==== INFO ====*  stream_id=781996 latency=0.608735 ms (tx_ts=88406301984248, rx_ts=88406302592983) request_id=1849999 zil_blk_id=781996 ccf_commit_seqno=1850000 nstreams_done_=195500 config.nstreams=400000 avg_latency=0.9275 ms avg throuhgput (requests/sec) = 2251.3555 res=false
*==== INFO ====*  stream_id=783996 latency=0.692997 ms (tx_ts=88406522704727, rx_ts=88406523397724) request_id=1854281 zil_blk_id=783996 ccf_commit_seqno=1854283 nstreams_done_=196000 config.nstreams=400000 avg_latency=0.9276 ms avg throuhgput (requests/sec) = 2251.3887 res=false
*==== INFO ====*  stream_id=785996 latency=0.535609 ms (tx_ts=88406738956180, rx_ts=88406739491789) request_id=1858574 zil_blk_id=785996 ccf_commit_seqno=1858575 nstreams_done_=196501 config.nstreams=400000 avg_latency=0.9273 ms avg throuhgput (requests/sec) = 2251.5432 res=false
*==== INFO ====*  stream_id=787996 latency=1.022593 ms (tx_ts=88406952234180, rx_ts=88406953256773) request_id=1863219 zil_blk_id=787996 ccf_commit_seqno=1863221 nstreams_done_=197001 config.nstreams=400000 avg_latency=0.9271 ms avg throuhgput (requests/sec) = 2251.7570 res=false
*==== INFO ====*  stream_id=789996 latency=0.596776 ms (tx_ts=88407172935564, rx_ts=88407173532340) request_id=1868116 zil_blk_id=789996 ccf_commit_seqno=1868119 nstreams_done_=197500 config.nstreams=400000 avg_latency=0.9270 ms avg throuhgput (requests/sec) = 2251.8025 res=false
*==== INFO ====*  stream_id=791996 latency=0.756763 ms (tx_ts=88407392610798, rx_ts=88407393367561) request_id=1872761 zil_blk_id=791996 ccf_commit_seqno=1872764 nstreams_done_=198001 config.nstreams=400000 avg_latency=0.9269 ms avg throuhgput (requests/sec) = 2251.8591 res=false
*==== INFO ====*  stream_id=793996 latency=0.567059 ms (tx_ts=88407602616946, rx_ts=88407603184005) request_id=1877060 zil_blk_id=793996 ccf_commit_seqno=1877062 nstreams_done_=198500 config.nstreams=400000 avg_latency=0.9267 ms avg throuhgput (requests/sec) = 2252.1713 res=false
*==== INFO ====*  stream_id=795996 latency=0.980674 ms (tx_ts=88407815688409, rx_ts=88407816669083) request_id=1881320 zil_blk_id=795996 ccf_commit_seqno=1881327 nstreams_done_=199001 config.nstreams=400000 avg_latency=0.9266 ms avg throuhgput (requests/sec) = 2252.3886 res=false
*==== INFO ====*  stream_id=797996 latency=0.982075 ms (tx_ts=88408045530849, rx_ts=88408046512924) request_id=1885401 zil_blk_id=797996 ccf_commit_seqno=1885406 nstreams_done_=199503 config.nstreams=400000 avg_latency=0.9267 ms avg throuhgput (requests/sec) = 2252.1888 res=false
*==== INFO ====*  stream_id=799996 latency=1.161122 ms (tx_ts=88408249600339, rx_ts=88408250761461) request_id=1889644 zil_blk_id=799996 ccf_commit_seqno=1889648 nstreams_done_=200002 config.nstreams=400000 avg_latency=0.9266 ms avg throuhgput (requests/sec) = 2252.6393 res=false
*==== INFO ====*  stream_id=801996 latency=0.518049 ms (tx_ts=88408462739689, rx_ts=88408463257738) request_id=1894036 zil_blk_id=801996 ccf_commit_seqno=1894036 nstreams_done_=200501 config.nstreams=400000 avg_latency=0.9265 ms avg throuhgput (requests/sec) = 2252.8789 res=false
*==== INFO ====*  stream_id=803996 latency=0.755834 ms (tx_ts=88408678018329, rx_ts=88408678774163) request_id=1898414 zil_blk_id=803996 ccf_commit_seqno=1898417 nstreams_done_=201000 config.nstreams=400000 avg_latency=0.9266 ms avg throuhgput (requests/sec) = 2253.0410 res=false
*==== INFO ====*  stream_id=805996 latency=1.443144 ms (tx_ts=88408906052427, rx_ts=88408907495571) request_id=1902566 zil_blk_id=805996 ccf_commit_seqno=1902574 nstreams_done_=201502 config.nstreams=400000 avg_latency=0.9267 ms avg throuhgput (requests/sec) = 2252.8698 res=false
*==== INFO ====*  stream_id=807996 latency=1.096971 ms (tx_ts=88409114401232, rx_ts=88409115498203) request_id=1906826 zil_blk_id=807996 ccf_commit_seqno=1906837 nstreams_done_=202002 config.nstreams=400000 avg_latency=0.9266 ms avg throuhgput (requests/sec) = 2253.2200 res=false
*==== INFO ====*  stream_id=809996 latency=1.002190 ms (tx_ts=88409345394203, rx_ts=88409346396393) request_id=1911332 zil_blk_id=809996 ccf_commit_seqno=1911334 nstreams_done_=202501 config.nstreams=400000 avg_latency=0.9266 ms avg throuhgput (requests/sec) = 2252.9945 res=false
*==== INFO ====*  stream_id=811996 latency=0.896502 ms (tx_ts=88409574346308, rx_ts=88409575242810) request_id=1915827 zil_blk_id=811996 ccf_commit_seqno=1915833 nstreams_done_=203002 config.nstreams=400000 avg_latency=0.9265 ms avg throuhgput (requests/sec) = 2252.8215 res=false
*==== INFO ====*  stream_id=813996 latency=0.565651 ms (tx_ts=88409772923342, rx_ts=88409773488993) request_id=1920054 zil_blk_id=813996 ccf_commit_seqno=1920054 nstreams_done_=203503 config.nstreams=400000 avg_latency=0.9262 ms avg throuhgput (requests/sec) = 2253.4127 res=false
*==== INFO ====*  stream_id=815996 latency=0.726503 ms (tx_ts=88410005372669, rx_ts=88410006099172) request_id=1924395 zil_blk_id=815996 ccf_commit_seqno=1924398 nstreams_done_=204002 config.nstreams=400000 avg_latency=0.9266 ms avg throuhgput (requests/sec) = 2253.1458 res=false
*==== INFO ====*  stream_id=817996 latency=0.683169 ms (tx_ts=88410206851633, rx_ts=88410207534802) request_id=1928598 zil_blk_id=817996 ccf_commit_seqno=1928598 nstreams_done_=204502 config.nstreams=400000 avg_latency=0.9267 ms avg throuhgput (requests/sec) = 2253.6542 res=false
*==== INFO ====*  stream_id=819996 latency=1.384083 ms (tx_ts=88410427433364, rx_ts=88410428817447) request_id=1933107 zil_blk_id=819996 ccf_commit_seqno=1933109 nstreams_done_=205003 config.nstreams=400000 avg_latency=0.9267 ms avg throuhgput (requests/sec) = 2253.6685 res=false
*==== INFO ====*  stream_id=821996 latency=0.688993 ms (tx_ts=88410644150581, rx_ts=88410644839574) request_id=1937588 zil_blk_id=821996 ccf_commit_seqno=1937590 nstreams_done_=205500 config.nstreams=400000 avg_latency=0.9269 ms avg throuhgput (requests/sec) = 2253.8128 res=false
*==== INFO ====*  stream_id=823996 latency=0.982012 ms (tx_ts=88410872467780, rx_ts=88410873449792) request_id=1942229 zil_blk_id=823996 ccf_commit_seqno=1942230 nstreams_done_=206002 config.nstreams=400000 avg_latency=0.9267 ms avg throuhgput (requests/sec) = 2253.6461 res=false
*==== INFO ====*  stream_id=825996 latency=0.861046 ms (tx_ts=88411097318083, rx_ts=88411098179129) request_id=1946597 zil_blk_id=825996 ccf_commit_seqno=1946598 nstreams_done_=206502 config.nstreams=400000 avg_latency=0.9267 ms avg throuhgput (requests/sec) = 2253.5756 res=false
*==== INFO ====*  stream_id=827996 latency=0.908224 ms (tx_ts=88411328826853, rx_ts=88411329735077) request_id=1951163 zil_blk_id=827996 ccf_commit_seqno=1951166 nstreams_done_=207002 config.nstreams=400000 avg_latency=0.9269 ms avg throuhgput (requests/sec) = 2253.3379 res=false
*==== INFO ====*  stream_id=829996 latency=0.840953 ms (tx_ts=88411557384492, rx_ts=88411558225445) request_id=1956098 zil_blk_id=829996 ccf_commit_seqno=1956099 nstreams_done_=207501 config.nstreams=400000 avg_latency=0.9268 ms avg throuhgput (requests/sec) = 2253.1765 res=false
*==== INFO ====*  stream_id=831996 latency=1.104596 ms (tx_ts=88411774717130, rx_ts=88411775821726) request_id=1960587 zil_blk_id=831996 ccf_commit_seqno=1960588 nstreams_done_=208002 config.nstreams=400000 avg_latency=0.9266 ms avg throuhgput (requests/sec) = 2253.2818 res=false
*==== INFO ====*  stream_id=833996 latency=0.522588 ms (tx_ts=88412007810402, rx_ts=88412008332990) request_id=1965171 zil_blk_id=833996 ccf_commit_seqno=1965171 nstreams_done_=208500 config.nstreams=400000 avg_latency=0.9266 ms avg throuhgput (requests/sec) = 2253.0234 res=false
*==== INFO ====*  stream_id=835996 latency=0.664373 ms (tx_ts=88412238979481, rx_ts=88412239643854) request_id=1969376 zil_blk_id=835996 ccf_commit_seqno=1969376 nstreams_done_=209001 config.nstreams=400000 avg_latency=0.9268 ms avg throuhgput (requests/sec) = 2252.7954 res=false
*==== INFO ====*  stream_id=837996 latency=1.187780 ms (tx_ts=88412475752111, rx_ts=88412476939891) request_id=1973752 zil_blk_id=837996 ccf_commit_seqno=1973753 nstreams_done_=209502 config.nstreams=400000 avg_latency=0.9268 ms avg throuhgput (requests/sec) = 2252.4236 res=false
*==== INFO ====*  stream_id=839996 latency=0.685553 ms (tx_ts=88412694463448, rx_ts=88412695149001) request_id=1977914 zil_blk_id=839996 ccf_commit_seqno=1977914 nstreams_done_=210001 config.nstreams=400000 avg_latency=0.9269 ms avg throuhgput (requests/sec) = 2252.5148 res=false
*==== INFO ====*  stream_id=841996 latency=1.617766 ms (tx_ts=88412935838195, rx_ts=88412937455961) request_id=1982249 zil_blk_id=841996 ccf_commit_seqno=1982251 nstreams_done_=210502 config.nstreams=400000 avg_latency=0.9273 ms avg throuhgput (requests/sec) = 2252.0248 res=false
*==== INFO ====*  stream_id=843996 latency=1.032630 ms (tx_ts=88413154111122, rx_ts=88413155143752) request_id=1986755 zil_blk_id=843996 ccf_commit_seqno=1986755 nstreams_done_=211002 config.nstreams=400000 avg_latency=0.9274 ms avg throuhgput (requests/sec) = 2252.1290 res=false
*==== INFO ====*  stream_id=845996 latency=0.549303 ms (tx_ts=88413389946363, rx_ts=88413390495666) request_id=1990933 zil_blk_id=845996 ccf_commit_seqno=1990933 nstreams_done_=211502 config.nstreams=400000 avg_latency=0.9276 ms avg throuhgput (requests/sec) = 2251.8092 res=false
*==== INFO ====*  stream_id=847996 latency=1.743141 ms (tx_ts=88413614279961, rx_ts=88413616023102) request_id=1995203 zil_blk_id=847996 ccf_commit_seqno=1995203 nstreams_done_=212003 config.nstreams=400000 avg_latency=0.9278 ms avg throuhgput (requests/sec) = 2251.7258 res=false
*==== INFO ====*  stream_id=849996 latency=0.629764 ms (tx_ts=88413839047527, rx_ts=88413839677291) request_id=1999663 zil_blk_id=849996 ccf_commit_seqno=1999664 nstreams_done_=212503 config.nstreams=400000 avg_latency=0.9282 ms avg throuhgput (requests/sec) = 2251.6876 res=false
*==== INFO ====*  stream_id=851996 latency=0.623790 ms (tx_ts=88414061062470, rx_ts=88414061686260) request_id=2004247 zil_blk_id=851996 ccf_commit_seqno=2004250 nstreams_done_=213002 config.nstreams=400000 avg_latency=0.9283 ms avg throuhgput (requests/sec) = 2251.6887 res=false
*==== INFO ====*  stream_id=853996 latency=0.777385 ms (tx_ts=88414284736506, rx_ts=88414285513891) request_id=2009254 zil_blk_id=853996 ccf_commit_seqno=2009256 nstreams_done_=213501 config.nstreams=400000 avg_latency=0.9280 ms avg throuhgput (requests/sec) = 2251.6466 res=false
*==== INFO ====*  stream_id=855996 latency=0.471835 ms (tx_ts=88414507973606, rx_ts=88414508445441) request_id=2013831 zil_blk_id=855996 ccf_commit_seqno=2013831 nstreams_done_=214001 config.nstreams=400000 avg_latency=0.9291 ms avg throuhgput (requests/sec) = 2251.6260 res=false
*==== INFO ====*  stream_id=857996 latency=1.279273 ms (tx_ts=88414734491121, rx_ts=88414735770394) request_id=2018274 zil_blk_id=857996 ccf_commit_seqno=2018288 nstreams_done_=214503 config.nstreams=400000 avg_latency=0.9290 ms avg throuhgput (requests/sec) = 2251.5016 res=false
*==== INFO ====*  stream_id=859996 latency=0.558757 ms (tx_ts=88414960649906, rx_ts=88414961208663) request_id=2023118 zil_blk_id=859996 ccf_commit_seqno=2023118 nstreams_done_=215000 config.nstreams=400000 avg_latency=0.9292 ms avg throuhgput (requests/sec) = 2251.4223 res=false
*==== INFO ====*  stream_id=861996 latency=0.782424 ms (tx_ts=88415178064495, rx_ts=88415178846919) request_id=2027368 zil_blk_id=861996 ccf_commit_seqno=2027368 nstreams_done_=215501 config.nstreams=400000 avg_latency=0.9293 ms avg throuhgput (requests/sec) = 2251.5268 res=false
*==== INFO ====*  stream_id=863996 latency=0.927906 ms (tx_ts=88415384645444, rx_ts=88415385573350) request_id=2031545 zil_blk_id=863996 ccf_commit_seqno=2031546 nstreams_done_=216001 config.nstreams=400000 avg_latency=0.9292 ms avg throuhgput (requests/sec) = 2251.8870 res=false
*==== INFO ====*  stream_id=865996 latency=0.825013 ms (tx_ts=88415611913721, rx_ts=88415612738734) request_id=2036201 zil_blk_id=865996 ccf_commit_seqno=2036203 nstreams_done_=216501 config.nstreams=400000 avg_latency=0.9293 ms avg throuhgput (requests/sec) = 2251.7669 res=false
*==== INFO ====*  stream_id=867996 latency=0.964171 ms (tx_ts=88415813171342, rx_ts=88415814135513) request_id=2040678 zil_blk_id=867996 ccf_commit_seqno=2040681 nstreams_done_=217003 config.nstreams=400000 avg_latency=0.9290 ms avg throuhgput (requests/sec) = 2252.2495 res=false
*==== INFO ====*  stream_id=869996 latency=0.509570 ms (tx_ts=88416016273635, rx_ts=88416016783205) request_id=2045313 zil_blk_id=869996 ccf_commit_seqno=2045315 nstreams_done_=217501 config.nstreams=400000 avg_latency=0.9288 ms avg throuhgput (requests/sec) = 2252.7009 res=false
*==== INFO ====*  stream_id=871996 latency=0.790945 ms (tx_ts=88416252278838, rx_ts=88416253069783) request_id=2050387 zil_blk_id=871996 ccf_commit_seqno=2050387 nstreams_done_=218002 config.nstreams=400000 avg_latency=0.9289 ms avg throuhgput (requests/sec) = 2252.3674 res=false
*==== INFO ====*  stream_id=873996 latency=0.582959 ms (tx_ts=88416465375552, rx_ts=88416465958511) request_id=2055170 zil_blk_id=873996 ccf_commit_seqno=2055172 nstreams_done_=218501 config.nstreams=400000 avg_latency=0.9287 ms avg throuhgput (requests/sec) = 2252.5787 res=false
*==== INFO ====*  stream_id=875996 latency=0.833679 ms (tx_ts=88416678877702, rx_ts=88416679711381) request_id=2059942 zil_blk_id=875996 ccf_commit_seqno=2059948 nstreams_done_=219002 config.nstreams=400000 avg_latency=0.9284 ms avg throuhgput (requests/sec) = 2252.7690 res=false
*==== INFO ====*  stream_id=877996 latency=0.818216 ms (tx_ts=88416892685763, rx_ts=88416893503979) request_id=2064801 zil_blk_id=877996 ccf_commit_seqno=2064804 nstreams_done_=219501 config.nstreams=400000 avg_latency=0.9281 ms avg throuhgput (requests/sec) = 2252.9576 res=false
*==== INFO ====*  stream_id=879996 latency=1.649015 ms (tx_ts=88417114963583, rx_ts=88417116612598) request_id=2069371 zil_blk_id=879996 ccf_commit_seqno=2069371 nstreams_done_=220003 config.nstreams=400000 avg_latency=0.9280 ms avg throuhgput (requests/sec) = 2252.9305 res=false
*==== INFO ====*  stream_id=881996 latency=0.709286 ms (tx_ts=88417337588063, rx_ts=88417338297349) request_id=2073852 zil_blk_id=881996 ccf_commit_seqno=2073853 nstreams_done_=220502 config.nstreams=400000 avg_latency=0.9281 ms avg throuhgput (requests/sec) = 2252.9362 res=false
*==== INFO ====*  stream_id=883996 latency=0.911893 ms (tx_ts=88417557924586, rx_ts=88417558836479) request_id=2078697 zil_blk_id=883996 ccf_commit_seqno=2078702 nstreams_done_=221000 config.nstreams=400000 avg_latency=0.9280 ms avg throuhgput (requests/sec) = 2252.9682 res=false
*==== INFO ====*  stream_id=885996 latency=0.870690 ms (tx_ts=88417758178890, rx_ts=88417759049580) request_id=2082799 zil_blk_id=885996 ccf_commit_seqno=2082802 nstreams_done_=221501 config.nstreams=400000 avg_latency=0.9278 ms avg throuhgput (requests/sec) = 2253.4659 res=false
*==== INFO ====*  stream_id=887996 latency=1.008987 ms (tx_ts=88417980569526, rx_ts=88417981578513) request_id=2086903 zil_blk_id=887996 ccf_commit_seqno=2086903 nstreams_done_=222004 config.nstreams=400000 avg_latency=0.9280 ms avg throuhgput (requests/sec) = 2253.4511 res=false
*==== INFO ====*  stream_id=889996 latency=0.882640 ms (tx_ts=88418191980826, rx_ts=88418192863466) request_id=2091136 zil_blk_id=889996 ccf_commit_seqno=2091138 nstreams_done_=222500 config.nstreams=400000 avg_latency=0.9282 ms avg throuhgput (requests/sec) = 2253.6930 res=false
*==== INFO ====*  stream_id=891996 latency=0.620876 ms (tx_ts=88418411654744, rx_ts=88418412275620) request_id=2095770 zil_blk_id=891996 ccf_commit_seqno=2095771 nstreams_done_=223001 config.nstreams=400000 avg_latency=0.9280 ms avg throuhgput (requests/sec) = 2253.7487 res=false
*==== INFO ====*  stream_id=893996 latency=1.208465 ms (tx_ts=88418654040828, rx_ts=88418655249293) request_id=2099707 zil_blk_id=893996 ccf_commit_seqno=2099707 nstreams_done_=223501 config.nstreams=400000 avg_latency=0.9346 ms avg throuhgput (requests/sec) = 2253.2688 res=false
*==== INFO ====*  stream_id=895996 latency=1.537515 ms (tx_ts=88418882217712, rx_ts=88418883755227) request_id=2104039 zil_blk_id=895996 ccf_commit_seqno=2104043 nstreams_done_=224002 config.nstreams=400000 avg_latency=0.9349 ms avg throuhgput (requests/sec) = 2253.1191 res=false
*==== INFO ====*  stream_id=897996 latency=0.562326 ms (tx_ts=88419113021739, rx_ts=88419113584065) request_id=2108249 zil_blk_id=897996 ccf_commit_seqno=2108250 nstreams_done_=224500 config.nstreams=400000 avg_latency=0.9350 ms avg throuhgput (requests/sec) = 2252.9401 res=false
*==== INFO ====*  stream_id=899996 latency=0.520961 ms (tx_ts=88419333068304, rx_ts=88419333589265) request_id=2113136 zil_blk_id=899996 ccf_commit_seqno=2113136 nstreams_done_=225001 config.nstreams=400000 avg_latency=0.9346 ms avg throuhgput (requests/sec) = 2252.9836 res=false
*==== INFO ====*  stream_id=901996 latency=0.627283 ms (tx_ts=88419558436001, rx_ts=88419559063284) request_id=2117932 zil_blk_id=901996 ccf_commit_seqno=2117934 nstreams_done_=225500 config.nstreams=400000 avg_latency=0.9344 ms avg throuhgput (requests/sec) = 2252.9038 res=false
*==== INFO ====*  stream_id=903996 latency=1.150343 ms (tx_ts=88419763940732, rx_ts=88419765091075) request_id=2122195 zil_blk_id=903996 ccf_commit_seqno=2122199 nstreams_done_=226003 config.nstreams=400000 avg_latency=0.9342 ms avg throuhgput (requests/sec) = 2253.2611 res=false
*==== INFO ====*  stream_id=905996 latency=0.694405 ms (tx_ts=88419963137875, rx_ts=88419963832280) request_id=2126267 zil_blk_id=905996 ccf_commit_seqno=2126270 nstreams_done_=226502 config.nstreams=400000 avg_latency=0.9342 ms avg throuhgput (requests/sec) = 2253.7804 res=false
*==== INFO ====*  stream_id=907996 latency=0.827116 ms (tx_ts=88420182869920, rx_ts=88420183697036) request_id=2130705 zil_blk_id=907996 ccf_commit_seqno=2130708 nstreams_done_=227004 config.nstreams=400000 avg_latency=0.9347 ms avg throuhgput (requests/sec) = 2253.8248 res=false
*==== INFO ====*  stream_id=909996 latency=0.757727 ms (tx_ts=88420399913268, rx_ts=88420400670995) request_id=2135284 zil_blk_id=909996 ccf_commit_seqno=2135284 nstreams_done_=227501 config.nstreams=400000 avg_latency=0.9346 ms avg throuhgput (requests/sec) = 2253.9335 res=false
*==== INFO ====*  stream_id=911996 latency=0.645632 ms (tx_ts=88420604587593, rx_ts=88420605233225) request_id=2139626 zil_blk_id=911996 ccf_commit_seqno=2139626 nstreams_done_=228001 config.nstreams=400000 avg_latency=0.9343 ms avg throuhgput (requests/sec) = 2254.3185 res=false
*==== INFO ====*  stream_id=913996 latency=0.682649 ms (tx_ts=88420806089487, rx_ts=88420806772136) request_id=2144065 zil_blk_id=913996 ccf_commit_seqno=2144066 nstreams_done_=228500 config.nstreams=400000 avg_latency=0.9341 ms avg throuhgput (requests/sec) = 2254.7691 res=false
*==== INFO ====*  stream_id=915996 latency=1.010049 ms (tx_ts=88421023720838, rx_ts=88421024730887) request_id=2148685 zil_blk_id=915996 ccf_commit_seqno=2148686 nstreams_done_=229001 config.nstreams=400000 avg_latency=0.9339 ms avg throuhgput (requests/sec) = 2254.8533 res=false
*==== INFO ====*  stream_id=917996 latency=0.588824 ms (tx_ts=88421247670638, rx_ts=88421248259462) request_id=2153404 zil_blk_id=917996 ccf_commit_seqno=2153404 nstreams_done_=229502 config.nstreams=400000 avg_latency=0.9338 ms avg throuhgput (requests/sec) = 2254.8138 res=false
*==== INFO ====*  stream_id=919996 latency=0.468431 ms (tx_ts=88421478759523, rx_ts=88421479227954) request_id=2157313 zil_blk_id=919996 ccf_commit_seqno=2157313 nstreams_done_=230002 config.nstreams=400000 avg_latency=0.9341 ms avg throuhgput (requests/sec) = 2254.6100 res=false
*==== INFO ====*  stream_id=921996 latency=0.619382 ms (tx_ts=88421702220031, rx_ts=88421702839413) request_id=2161749 zil_blk_id=921996 ccf_commit_seqno=2161750 nstreams_done_=230501 config.nstreams=400000 avg_latency=0.9341 ms avg throuhgput (requests/sec) = 2254.5693 res=false
*==== INFO ====*  stream_id=923996 latency=0.714845 ms (tx_ts=88421924261812, rx_ts=88421924976657) request_id=2166078 zil_blk_id=923996 ccf_commit_seqno=2166080 nstreams_done_=231001 config.nstreams=400000 avg_latency=0.9340 ms avg throuhgput (requests/sec) = 2254.5613 res=false
*==== INFO ====*  stream_id=925996 latency=0.635198 ms (tx_ts=88422129750914, rx_ts=88422130386112) request_id=2170351 zil_blk_id=925996 ccf_commit_seqno=2170357 nstreams_done_=231501 config.nstreams=400000 avg_latency=0.9339 ms avg throuhgput (requests/sec) = 2254.9206 res=false
*==== INFO ====*  stream_id=927996 latency=0.905968 ms (tx_ts=88422347565538, rx_ts=88422348471506) request_id=2174884 zil_blk_id=927996 ccf_commit_seqno=2174887 nstreams_done_=232001 config.nstreams=400000 avg_latency=0.9338 ms avg throuhgput (requests/sec) = 2255.0007 res=false
*==== INFO ====*  stream_id=929996 latency=0.889266 ms (tx_ts=88422570365863, rx_ts=88422571255129) request_id=2179584 zil_blk_id=929996 ccf_commit_seqno=2179590 nstreams_done_=232500 config.nstreams=400000 avg_latency=0.9336 ms avg throuhgput (requests/sec) = 2254.9776 res=false
*==== INFO ====*  stream_id=931996 latency=1.034916 ms (tx_ts=88422803386426, rx_ts=88422804421342) request_id=2183825 zil_blk_id=931996 ccf_commit_seqno=2183826 nstreams_done_=233003 config.nstreams=400000 avg_latency=0.9337 ms avg throuhgput (requests/sec) = 2254.7281 res=false
*==== INFO ====*  stream_id=933996 latency=0.482863 ms (tx_ts=88423024957565, rx_ts=88423025440428) request_id=2188062 zil_blk_id=933996 ccf_commit_seqno=2188062 nstreams_done_=233501 config.nstreams=400000 avg_latency=0.9337 ms avg throuhgput (requests/sec) = 2254.7441 res=false
*==== INFO ====*  stream_id=935996 latency=1.643150 ms (tx_ts=88423239650580, rx_ts=88423241293730) request_id=2192404 zil_blk_id=935996 ccf_commit_seqno=2192405 nstreams_done_=234005 config.nstreams=400000 avg_latency=0.9336 ms avg throuhgput (requests/sec) = 2254.8723 res=false
*==== INFO ====*  stream_id=937996 latency=0.471252 ms (tx_ts=88423472081880, rx_ts=88423472553132) request_id=2196940 zil_blk_id=937996 ccf_commit_seqno=2196941 nstreams_done_=234502 config.nstreams=400000 avg_latency=0.9339 ms avg throuhgput (requests/sec) = 2254.6660 res=false
*==== INFO ====*  stream_id=939996 latency=0.872262 ms (tx_ts=88423684474794, rx_ts=88423685347056) request_id=2201408 zil_blk_id=939996 ccf_commit_seqno=2201409 nstreams_done_=235000 config.nstreams=400000 avg_latency=0.9338 ms avg throuhgput (requests/sec) = 2254.8600 res=false
*==== INFO ====*  stream_id=941996 latency=1.600964 ms (tx_ts=88423913650807, rx_ts=88423915251771) request_id=2205794 zil_blk_id=941996 ccf_commit_seqno=2205800 nstreams_done_=235503 config.nstreams=400000 avg_latency=0.9338 ms avg throuhgput (requests/sec) = 2254.6838 res=false
*==== INFO ====*  stream_id=943996 latency=0.652991 ms (tx_ts=88424135388036, rx_ts=88424136041027) request_id=2210135 zil_blk_id=943996 ccf_commit_seqno=2210135 nstreams_done_=236000 config.nstreams=400000 avg_latency=0.9337 ms avg throuhgput (requests/sec) = 2254.7048 res=false
*==== INFO ====*  stream_id=945996 latency=0.670121 ms (tx_ts=88424332395214, rx_ts=88424333065335) request_id=2214291 zil_blk_id=945996 ccf_commit_seqno=2214297 nstreams_done_=236502 config.nstreams=400000 avg_latency=0.9335 ms avg throuhgput (requests/sec) = 2255.2366 res=false
*==== INFO ====*  stream_id=947996 latency=1.455041 ms (tx_ts=88424544985769, rx_ts=88424546440810) request_id=2218722 zil_blk_id=947996 ccf_commit_seqno=2218723 nstreams_done_=237002 config.nstreams=400000 avg_latency=0.9335 ms avg throuhgput (requests/sec) = 2255.4154 res=false
*==== INFO ====*  stream_id=949996 latency=0.834893 ms (tx_ts=88424768288143, rx_ts=88424769123036) request_id=2222981 zil_blk_id=949996 ccf_commit_seqno=2222984 nstreams_done_=237502 config.nstreams=400000 avg_latency=0.9335 ms avg throuhgput (requests/sec) = 2255.3941 res=false
*==== INFO ====*  stream_id=951996 latency=0.569475 ms (tx_ts=88424987796524, rx_ts=88424988365999) request_id=2227834 zil_blk_id=951996 ccf_commit_seqno=2227835 nstreams_done_=238001 config.nstreams=400000 avg_latency=0.9333 ms avg throuhgput (requests/sec) = 2255.4464 res=false
*==== INFO ====*  stream_id=953996 latency=0.877091 ms (tx_ts=88425201349000, rx_ts=88425202226091) request_id=2232437 zil_blk_id=953996 ccf_commit_seqno=2232438 nstreams_done_=238502 config.nstreams=400000 avg_latency=0.9331 ms avg throuhgput (requests/sec) = 2255.6133 res=false
*==== INFO ====*  stream_id=955996 latency=0.572801 ms (tx_ts=88425414795716, rx_ts=88425415368517) request_id=2237259 zil_blk_id=955996 ccf_commit_seqno=2237259 nstreams_done_=239003 config.nstreams=400000 avg_latency=0.9329 ms avg throuhgput (requests/sec) = 2255.7949 res=false
*==== INFO ====*  stream_id=957996 latency=0.506312 ms (tx_ts=88425637207096, rx_ts=88425637713408) request_id=2241795 zil_blk_id=957996 ccf_commit_seqno=2241795 nstreams_done_=239500 config.nstreams=400000 avg_latency=0.9329 ms avg throuhgput (requests/sec) = 2255.7801 res=false
*==== INFO ====*  stream_id=959996 latency=0.819387 ms (tx_ts=88425865970004, rx_ts=88425866789391) request_id=2246247 zil_blk_id=959996 ccf_commit_seqno=2246249 nstreams_done_=240001 config.nstreams=400000 avg_latency=0.9328 ms avg throuhgput (requests/sec) = 2255.6227 res=false
*==== INFO ====*  stream_id=961996 latency=0.781357 ms (tx_ts=88426098607169, rx_ts=88426099388526) request_id=2250768 zil_blk_id=961996 ccf_commit_seqno=2250772 nstreams_done_=240502 config.nstreams=400000 avg_latency=0.9329 ms avg throuhgput (requests/sec) = 2255.3915 res=false
*==== INFO ====*  stream_id=963996 latency=0.690976 ms (tx_ts=88426317409084, rx_ts=88426318100060) request_id=2255337 zil_blk_id=963996 ccf_commit_seqno=2255340 nstreams_done_=241000 config.nstreams=400000 avg_latency=0.9329 ms avg throuhgput (requests/sec) = 2255.4544 res=false
*==== INFO ====*  stream_id=965996 latency=0.543597 ms (tx_ts=88426519587876, rx_ts=88426520131473) request_id=2259784 zil_blk_id=965996 ccf_commit_seqno=2259786 nstreams_done_=241501 config.nstreams=400000 avg_latency=0.9326 ms avg throuhgput (requests/sec) = 2255.8685 res=false
*==== INFO ====*  stream_id=967996 latency=0.696303 ms (tx_ts=88426737062739, rx_ts=88426737759042) request_id=2264453 zil_blk_id=967996 ccf_commit_seqno=2264453 nstreams_done_=242001 config.nstreams=400000 avg_latency=0.9324 ms avg throuhgput (requests/sec) = 2255.9529 res=false
*==== INFO ====*  stream_id=969996 latency=0.634084 ms (tx_ts=88426966399448, rx_ts=88426967033532) request_id=2269270 zil_blk_id=969996 ccf_commit_seqno=2269272 nstreams_done_=242500 config.nstreams=400000 avg_latency=0.9326 ms avg throuhgput (requests/sec) = 2255.7926 res=false
*==== INFO ====*  stream_id=971996 latency=0.668412 ms (tx_ts=88427184799768, rx_ts=88427185468180) request_id=2274136 zil_blk_id=971996 ccf_commit_seqno=2274138 nstreams_done_=243001 config.nstreams=400000 avg_latency=0.9323 ms avg throuhgput (requests/sec) = 2255.8600 res=false
*==== INFO ====*  stream_id=973996 latency=1.251499 ms (tx_ts=88427412160718, rx_ts=88427413412217) request_id=2278533 zil_blk_id=973996 ccf_commit_seqno=2278538 nstreams_done_=243502 config.nstreams=400000 avg_latency=0.9324 ms avg throuhgput (requests/sec) = 2255.7284 res=false
*==== INFO ====*  stream_id=975996 latency=1.341771 ms (tx_ts=88427641265784, rx_ts=88427642607555) request_id=2282770 zil_blk_id=975996 ccf_commit_seqno=2282774 nstreams_done_=244002 config.nstreams=400000 avg_latency=0.9325 ms avg throuhgput (requests/sec) = 2255.5712 res=false
*==== INFO ====*  stream_id=977996 latency=1.112701 ms (tx_ts=88427862170898, rx_ts=88427863283599) request_id=2287371 zil_blk_id=977996 ccf_commit_seqno=2287375 nstreams_done_=244500 config.nstreams=400000 avg_latency=0.9325 ms avg throuhgput (requests/sec) = 2255.5919 res=false
*==== INFO ====*  stream_id=979996 latency=0.736817 ms (tx_ts=88428077352355, rx_ts=88428078089172) request_id=2292180 zil_blk_id=979996 ccf_commit_seqno=2292183 nstreams_done_=245001 config.nstreams=400000 avg_latency=0.9323 ms avg throuhgput (requests/sec) = 2255.7345 res=false
*==== INFO ====*  stream_id=981996 latency=0.707247 ms (tx_ts=88428275335064, rx_ts=88428276042311) request_id=2296348 zil_blk_id=981996 ccf_commit_seqno=2296352 nstreams_done_=245501 config.nstreams=400000 avg_latency=0.9322 ms avg throuhgput (requests/sec) = 2256.2259 res=false
*==== INFO ====*  stream_id=983996 latency=1.965086 ms (tx_ts=88428507020295, rx_ts=88428508985381) request_id=2300979 zil_blk_id=983996 ccf_commit_seqno=2300981 nstreams_done_=246002 config.nstreams=400000 avg_latency=0.9324 ms avg throuhgput (requests/sec) = 2255.9914 res=false
*==== INFO ====*  stream_id=985996 latency=0.604020 ms (tx_ts=88428739712642, rx_ts=88428740316662) request_id=2305161 zil_blk_id=985996 ccf_commit_seqno=2305162 nstreams_done_=246500 config.nstreams=400000 avg_latency=0.9325 ms avg throuhgput (requests/sec) = 2255.7912 res=false
*==== INFO ====*  stream_id=987996 latency=0.601966 ms (tx_ts=88428983883227, rx_ts=88428984485193) request_id=2309398 zil_blk_id=987996 ccf_commit_seqno=2309399 nstreams_done_=247001 config.nstreams=400000 avg_latency=0.9328 ms avg throuhgput (requests/sec) = 2255.3274 res=false
*==== INFO ====*  stream_id=989996 latency=1.116559 ms (tx_ts=88429205616215, rx_ts=88429206732774) request_id=2313975 zil_blk_id=989996 ccf_commit_seqno=2313978 nstreams_done_=247502 config.nstreams=400000 avg_latency=0.9328 ms avg throuhgput (requests/sec) = 2255.3161 res=false
*==== INFO ====*  stream_id=991996 latency=0.899473 ms (tx_ts=88429422271165, rx_ts=88429423170638) request_id=2318603 zil_blk_id=991996 ccf_commit_seqno=2318610 nstreams_done_=248000 config.nstreams=400000 avg_latency=0.9327 ms avg throuhgput (requests/sec) = 2255.4240 res=false
*==== INFO ====*  stream_id=993996 latency=0.535099 ms (tx_ts=88429646124364, rx_ts=88429646659463) request_id=2323448 zil_blk_id=993996 ccf_commit_seqno=2323448 nstreams_done_=248501 config.nstreams=400000 avg_latency=0.9326 ms avg throuhgput (requests/sec) = 2255.3871 res=false
*==== INFO ====*  stream_id=995996 latency=0.906997 ms (tx_ts=88429872190598, rx_ts=88429873097595) request_id=2328021 zil_blk_id=995996 ccf_commit_seqno=2328026 nstreams_done_=249001 config.nstreams=400000 avg_latency=0.9326 ms avg throuhgput (requests/sec) = 2255.2902 res=false
*==== INFO ====*  stream_id=997996 latency=0.635870 ms (tx_ts=88430091338961, rx_ts=88430091974831) request_id=2332200 zil_blk_id=997996 ccf_commit_seqno=2332203 nstreams_done_=249501 config.nstreams=400000 avg_latency=0.9326 ms avg throuhgput (requests/sec) = 2255.3477 res=false
*==== INFO ====*  stream_id=999996 latency=0.843878 ms (tx_ts=88430324488321, rx_ts=88430325332199) request_id=2336800 zil_blk_id=999996 ccf_commit_seqno=2336803 nstreams_done_=250001 config.nstreams=400000 avg_latency=0.9327 ms avg throuhgput (requests/sec) = 2255.1105 res=false
*==== INFO ====*  stream_id=1001996 latency=0.572869 ms (tx_ts=88430554306529, rx_ts=88430554879398) request_id=2341390 zil_blk_id=1001996 ccf_commit_seqno=2341391 nstreams_done_=250501 config.nstreams=400000 avg_latency=0.9327 ms avg throuhgput (requests/sec) = 2254.9515 res=false
*==== INFO ====*  stream_id=1003996 latency=1.334560 ms (tx_ts=88430765754472, rx_ts=88430767089032) request_id=2345677 zil_blk_id=1003996 ccf_commit_seqno=2345689 nstreams_done_=251002 config.nstreams=400000 avg_latency=0.9327 ms avg throuhgput (requests/sec) = 2255.1445 res=false
*==== INFO ====*  stream_id=1005996 latency=1.378045 ms (tx_ts=88430989975907, rx_ts=88430991353952) request_id=2350099 zil_blk_id=1005996 ccf_commit_seqno=2350100 nstreams_done_=251504 config.nstreams=400000 avg_latency=0.9327 ms avg throuhgput (requests/sec) = 2255.0930 res=false
*==== INFO ====*  stream_id=1007996 latency=0.930190 ms (tx_ts=88431208464959, rx_ts=88431209395149) request_id=2354816 zil_blk_id=1007996 ccf_commit_seqno=2354817 nstreams_done_=252001 config.nstreams=400000 avg_latency=0.9328 ms avg throuhgput (requests/sec) = 2255.1672 res=false
*==== INFO ====*  stream_id=1009996 latency=0.880054 ms (tx_ts=88431438901911, rx_ts=88431439781965) request_id=2359618 zil_blk_id=1009996 ccf_commit_seqno=2359619 nstreams_done_=252501 config.nstreams=400000 avg_latency=0.9327 ms avg throuhgput (requests/sec) = 2254.9925 res=false
*==== INFO ====*  stream_id=1011996 latency=0.551671 ms (tx_ts=88431671652642, rx_ts=88431672204313) request_id=2363872 zil_blk_id=1011996 ccf_commit_seqno=2363872 nstreams_done_=253001 config.nstreams=400000 avg_latency=0.9330 ms avg throuhgput (requests/sec) = 2254.7776 res=false
*==== INFO ====*  stream_id=1013996 latency=0.779608 ms (tx_ts=88431902158835, rx_ts=88431902938443) request_id=2368442 zil_blk_id=1013996 ccf_commit_seqno=2368443 nstreams_done_=253501 config.nstreams=400000 avg_latency=0.9329 ms avg throuhgput (requests/sec) = 2254.5975 res=false
*==== INFO ====*  stream_id=1015996 latency=0.777744 ms (tx_ts=88432123918864, rx_ts=88432124696608) request_id=2373322 zil_blk_id=1015996 ccf_commit_seqno=2373322 nstreams_done_=254000 config.nstreams=400000 avg_latency=0.9328 ms avg throuhgput (requests/sec) = 2254.5977 res=false
*==== INFO ====*  stream_id=1017996 latency=0.579627 ms (tx_ts=88432342571964, rx_ts=88432343151591) request_id=2378262 zil_blk_id=1017996 ccf_commit_seqno=2378266 nstreams_done_=254501 config.nstreams=400000 avg_latency=0.9324 ms avg throuhgput (requests/sec) = 2254.6639 res=false
*==== INFO ====*  stream_id=1019996 latency=1.330598 ms (tx_ts=88432548237728, rx_ts=88432549568326) request_id=2382780 zil_blk_id=1019996 ccf_commit_seqno=2382780 nstreams_done_=255001 config.nstreams=400000 avg_latency=0.9322 ms avg throuhgput (requests/sec) = 2254.9699 res=false
*==== INFO ====*  stream_id=1021996 latency=0.571635 ms (tx_ts=88432770734212, rx_ts=88432771305847) request_id=2387262 zil_blk_id=1021996 ccf_commit_seqno=2387263 nstreams_done_=255502 config.nstreams=400000 avg_latency=0.9321 ms avg throuhgput (requests/sec) = 2254.9698 res=false
*==== INFO ====*  stream_id=1023996 latency=1.023544 ms (tx_ts=88432986322731, rx_ts=88432987346275) request_id=2392090 zil_blk_id=1023996 ccf_commit_seqno=2392090 nstreams_done_=256001 config.nstreams=400000 avg_latency=0.9319 ms avg throuhgput (requests/sec) = 2255.0828 res=false
*==== INFO ====*  stream_id=1025996 latency=0.592567 ms (tx_ts=88433206072268, rx_ts=88433206664835) request_id=2396531 zil_blk_id=1025996 ccf_commit_seqno=2396532 nstreams_done_=256502 config.nstreams=400000 avg_latency=0.9317 ms avg throuhgput (requests/sec) = 2255.1305 res=false
*==== INFO ====*  stream_id=1027996 latency=0.572230 ms (tx_ts=88433429067818, rx_ts=88433429640048) request_id=2401329 zil_blk_id=1027996 ccf_commit_seqno=2401331 nstreams_done_=257001 config.nstreams=400000 avg_latency=0.9318 ms avg throuhgput (requests/sec) = 2255.1056 res=false
*==== INFO ====*  stream_id=1029996 latency=0.572659 ms (tx_ts=88433646906226, rx_ts=88433647478885) request_id=2405952 zil_blk_id=1029996 ccf_commit_seqno=2405954 nstreams_done_=257501 config.nstreams=400000 avg_latency=0.9316 ms avg throuhgput (requests/sec) = 2255.1822 res=false
*==== INFO ====*  stream_id=1031996 latency=0.585388 ms (tx_ts=88433861298007, rx_ts=88433861883395) request_id=2410516 zil_blk_id=1031996 ccf_commit_seqno=2410518 nstreams_done_=258001 config.nstreams=400000 avg_latency=0.9315 ms avg throuhgput (requests/sec) = 2255.3263 res=false
*==== INFO ====*  stream_id=1033996 latency=2.074284 ms (tx_ts=88434064867266, rx_ts=88434066941550) request_id=2415108 zil_blk_id=1033996 ccf_commit_seqno=2415126 nstreams_done_=258502 config.nstreams=400000 avg_latency=0.9313 ms avg throuhgput (requests/sec) = 2255.6537 res=false
*==== INFO ====*  stream_id=1035996 latency=0.539880 ms (tx_ts=88434304276771, rx_ts=88434304816651) request_id=2419369 zil_blk_id=1035996 ccf_commit_seqno=2419369 nstreams_done_=259000 config.nstreams=400000 avg_latency=0.9316 ms avg throuhgput (requests/sec) = 2255.3353 res=false
*==== INFO ====*  stream_id=1037996 latency=0.659506 ms (tx_ts=88434519766751, rx_ts=88434520426257) request_id=2424014 zil_blk_id=1037996 ccf_commit_seqno=2424014 nstreams_done_=259501 config.nstreams=400000 avg_latency=0.9314 ms avg throuhgput (requests/sec) = 2255.4546 res=false
*==== INFO ====*  stream_id=1039996 latency=0.962551 ms (tx_ts=88434722145025, rx_ts=88434723107576) request_id=2428375 zil_blk_id=1039996 ccf_commit_seqno=2428383 nstreams_done_=260001 config.nstreams=400000 avg_latency=0.9313 ms avg throuhgput (requests/sec) = 2255.8265 res=false
*==== INFO ====*  stream_id=1041996 latency=1.585316 ms (tx_ts=88434941460186, rx_ts=88434943045502) request_id=2432889 zil_blk_id=1041996 ccf_commit_seqno=2432896 nstreams_done_=260502 config.nstreams=400000 avg_latency=0.9312 ms avg throuhgput (requests/sec) = 2255.8599 res=false
*==== INFO ====*  stream_id=1043996 latency=0.720802 ms (tx_ts=88435176832148, rx_ts=88435177552950) request_id=2437256 zil_blk_id=1043996 ccf_commit_seqno=2437257 nstreams_done_=261001 config.nstreams=400000 avg_latency=0.9313 ms avg throuhgput (requests/sec) = 2255.6092 res=false
*==== INFO ====*  stream_id=1045996 latency=0.994561 ms (tx_ts=88435396384427, rx_ts=88435397378988) request_id=2441634 zil_blk_id=1045996 ccf_commit_seqno=2441638 nstreams_done_=261501 config.nstreams=400000 avg_latency=0.9312 ms avg throuhgput (requests/sec) = 2255.6450 res=false
*==== INFO ====*  stream_id=1047996 latency=0.651850 ms (tx_ts=88435623079183, rx_ts=88435623731033) request_id=2446729 zil_blk_id=1047996 ccf_commit_seqno=2446732 nstreams_done_=262001 config.nstreams=400000 avg_latency=0.9310 ms avg throuhgput (requests/sec) = 2255.5540 res=false
*==== INFO ====*  stream_id=1049996 latency=0.883139 ms (tx_ts=88435847142957, rx_ts=88435848026096) request_id=2451256 zil_blk_id=1049996 ccf_commit_seqno=2451261 nstreams_done_=262502 config.nstreams=400000 avg_latency=0.9310 ms avg throuhgput (requests/sec) = 2255.5033 res=false
*==== INFO ====*  stream_id=1051996 latency=0.693237 ms (tx_ts=88436071300615, rx_ts=88436071993852) request_id=2455733 zil_blk_id=1051996 ccf_commit_seqno=2455734 nstreams_done_=263002 config.nstreams=400000 avg_latency=0.9310 ms avg throuhgput (requests/sec) = 2255.4590 res=false
*==== INFO ====*  stream_id=1053996 latency=0.584623 ms (tx_ts=88436300653366, rx_ts=88436301237989) request_id=2460455 zil_blk_id=1053996 ccf_commit_seqno=2460456 nstreams_done_=263502 config.nstreams=400000 avg_latency=0.9310 ms avg throuhgput (requests/sec) = 2255.3131 res=false
*==== INFO ====*  stream_id=1055996 latency=0.886663 ms (tx_ts=88436520363385, rx_ts=88436521250048) request_id=2465232 zil_blk_id=1055996 ccf_commit_seqno=2465235 nstreams_done_=264002 config.nstreams=400000 avg_latency=0.9309 ms avg throuhgput (requests/sec) = 2255.3456 res=false
*==== INFO ====*  stream_id=1057996 latency=1.014466 ms (tx_ts=88436757295411, rx_ts=88436758309877) request_id=2469415 zil_blk_id=1057996 ccf_commit_seqno=2469418 nstreams_done_=264501 config.nstreams=400000 avg_latency=0.9311 ms avg throuhgput (requests/sec) = 2255.0501 res=false
*==== INFO ====*  stream_id=1059996 latency=0.676846 ms (tx_ts=88436975105050, rx_ts=88436975781896) request_id=2473907 zil_blk_id=1059996 ccf_commit_seqno=2473910 nstreams_done_=265002 config.nstreams=400000 avg_latency=0.9310 ms avg throuhgput (requests/sec) = 2255.1318 res=false
*==== INFO ====*  stream_id=1061996 latency=1.303429 ms (tx_ts=88437190387291, rx_ts=88437191690720) request_id=2478161 zil_blk_id=1061996 ccf_commit_seqno=2478163 nstreams_done_=265502 config.nstreams=400000 avg_latency=0.9311 ms avg throuhgput (requests/sec) = 2255.2430 res=false
*==== INFO ====*  stream_id=1063996 latency=0.551148 ms (tx_ts=88437424317113, rx_ts=88437424868261) request_id=2483094 zil_blk_id=1063996 ccf_commit_seqno=2483094 nstreams_done_=266001 config.nstreams=400000 avg_latency=0.9310 ms avg throuhgput (requests/sec) = 2255.0237 res=false
*==== INFO ====*  stream_id=1065996 latency=0.632383 ms (tx_ts=88437662147264, rx_ts=88437662779647) request_id=2487315 zil_blk_id=1065996 ccf_commit_seqno=2487316 nstreams_done_=266501 config.nstreams=400000 avg_latency=0.9311 ms avg throuhgput (requests/sec) = 2254.7149 res=false
*==== INFO ====*  stream_id=1067996 latency=0.671610 ms (tx_ts=88437877233835, rx_ts=88437877905445) request_id=2491947 zil_blk_id=1067996 ccf_commit_seqno=2491948 nstreams_done_=267003 config.nstreams=400000 avg_latency=0.9309 ms avg throuhgput (requests/sec) = 2254.8412 res=false
*==== INFO ====*  stream_id=1069996 latency=0.801800 ms (tx_ts=88438098252619, rx_ts=88438099054419) request_id=2496954 zil_blk_id=1069996 ccf_commit_seqno=2496956 nstreams_done_=267501 config.nstreams=400000 avg_latency=0.9307 ms avg throuhgput (requests/sec) = 2254.8525 res=false
*==== INFO ====*  stream_id=1071996 latency=0.614530 ms (tx_ts=88438322570342, rx_ts=88438323184872) request_id=2501871 zil_blk_id=1071996 ccf_commit_seqno=2501875 nstreams_done_=268001 config.nstreams=400000 avg_latency=0.9307 ms avg throuhgput (requests/sec) = 2254.8072 res=false
*==== INFO ====*  stream_id=1073996 latency=0.754040 ms (tx_ts=88438538852136, rx_ts=88438539606176) request_id=2506576 zil_blk_id=1073996 ccf_commit_seqno=2506578 nstreams_done_=268501 config.nstreams=400000 avg_latency=0.9305 ms avg throuhgput (requests/sec) = 2254.9081 res=false
*==== INFO ====*  stream_id=1075996 latency=0.488689 ms (tx_ts=88438763867606, rx_ts=88438764356295) request_id=2511211 zil_blk_id=1075996 ccf_commit_seqno=2511211 nstreams_done_=269000 config.nstreams=400000 avg_latency=0.9305 ms avg throuhgput (requests/sec) = 2254.8512 res=false
*==== INFO ====*  stream_id=1077996 latency=0.651609 ms (tx_ts=88438983649445, rx_ts=88438984301054) request_id=2515961 zil_blk_id=1077996 ccf_commit_seqno=2515965 nstreams_done_=269500 config.nstreams=400000 avg_latency=0.9303 ms avg throuhgput (requests/sec) = 2254.8851 res=false
*==== INFO ====*  stream_id=1079996 latency=0.931841 ms (tx_ts=88439196594008, rx_ts=88439197525849) request_id=2520412 zil_blk_id=1079996 ccf_commit_seqno=2520413 nstreams_done_=270002 config.nstreams=400000 avg_latency=0.9302 ms avg throuhgput (requests/sec) = 2255.0455 res=false
*==== INFO ====*  stream_id=1081996 latency=1.057959 ms (tx_ts=88439422739766, rx_ts=88439423797725) request_id=2524985 zil_blk_id=1081996 ccf_commit_seqno=2524988 nstreams_done_=270500 config.nstreams=400000 avg_latency=0.9301 ms avg throuhgput (requests/sec) = 2254.9600 res=false
*==== INFO ====*  stream_id=1083996 latency=0.703256 ms (tx_ts=88439649144999, rx_ts=88439649848255) request_id=2529412 zil_blk_id=1083996 ccf_commit_seqno=2529416 nstreams_done_=271001 config.nstreams=400000 avg_latency=0.9301 ms avg throuhgput (requests/sec) = 2254.8790 res=false
*==== INFO ====*  stream_id=1085996 latency=0.914363 ms (tx_ts=88439854250394, rx_ts=88439855164757) request_id=2533981 zil_blk_id=1085996 ccf_commit_seqno=2533984 nstreams_done_=271501 config.nstreams=400000 avg_latency=0.9298 ms avg throuhgput (requests/sec) = 2255.1867 res=false
*==== INFO ====*  stream_id=1087996 latency=0.509904 ms (tx_ts=88440074258107, rx_ts=88440074768011) request_id=2538836 zil_blk_id=1087996 ccf_commit_seqno=2538837 nstreams_done_=272000 config.nstreams=400000 avg_latency=0.9296 ms avg throuhgput (requests/sec) = 2255.2261 res=false
*==== INFO ====*  stream_id=1089996 latency=1.652924 ms (tx_ts=88440295384227, rx_ts=88440297037151) request_id=2543224 zil_blk_id=1089996 ccf_commit_seqno=2543225 nstreams_done_=272503 config.nstreams=400000 avg_latency=0.9294 ms avg throuhgput (requests/sec) = 2255.2156 res=false
*==== INFO ====*  stream_id=1091996 latency=1.344268 ms (tx_ts=88440534027287, rx_ts=88440535371555) request_id=2547544 zil_blk_id=1091996 ccf_commit_seqno=2547544 nstreams_done_=273002 config.nstreams=400000 avg_latency=0.9298 ms avg throuhgput (requests/sec) = 2254.9059 res=false
*==== INFO ====*  stream_id=1093996 latency=0.871288 ms (tx_ts=88440761285615, rx_ts=88440762156903) request_id=2552112 zil_blk_id=1093996 ccf_commit_seqno=2552112 nstreams_done_=273501 config.nstreams=400000 avg_latency=0.9299 ms avg throuhgput (requests/sec) = 2254.8121 res=false
*==== INFO ====*  stream_id=1095996 latency=0.803903 ms (tx_ts=88440983655445, rx_ts=88440984459348) request_id=2556739 zil_blk_id=1095996 ccf_commit_seqno=2556740 nstreams_done_=274001 config.nstreams=400000 avg_latency=0.9298 ms avg throuhgput (requests/sec) = 2254.8018 res=false
*==== INFO ====*  stream_id=1097996 latency=0.422741 ms (tx_ts=88441202898652, rx_ts=88441203321393) request_id=2561185 zil_blk_id=1097996 ccf_commit_seqno=2561185 nstreams_done_=274502 config.nstreams=400000 avg_latency=0.9297 ms avg throuhgput (requests/sec) = 2254.8553 res=false
*==== INFO ====*  stream_id=1099996 latency=0.640468 ms (tx_ts=88441418732667, rx_ts=88441419373135) request_id=2565790 zil_blk_id=1099996 ccf_commit_seqno=2565790 nstreams_done_=275000 config.nstreams=400000 avg_latency=0.9296 ms avg throuhgput (requests/sec) = 2254.9605 res=false
*==== INFO ====*  stream_id=1101996 latency=0.741607 ms (tx_ts=88441645938014, rx_ts=88441646679621) request_id=2570229 zil_blk_id=1101996 ccf_commit_seqno=2570229 nstreams_done_=275501 config.nstreams=400000 avg_latency=0.9297 ms avg throuhgput (requests/sec) = 2254.8577 res=false
*==== INFO ====*  stream_id=1103996 latency=0.806773 ms (tx_ts=88441863321136, rx_ts=88441864127909) request_id=2574633 zil_blk_id=1103996 ccf_commit_seqno=2574636 nstreams_done_=276001 config.nstreams=400000 avg_latency=0.9296 ms avg throuhgput (requests/sec) = 2254.9368 res=false
*==== INFO ====*  stream_id=1105996 latency=0.958412 ms (tx_ts=88442090208871, rx_ts=88442091167283) request_id=2579413 zil_blk_id=1105996 ccf_commit_seqno=2579415 nstreams_done_=276502 config.nstreams=400000 avg_latency=0.9295 ms avg throuhgput (requests/sec) = 2254.8392 res=false
*==== INFO ====*  stream_id=1107996 latency=0.690471 ms (tx_ts=88442297117602, rx_ts=88442297808073) request_id=2583876 zil_blk_id=1107996 ccf_commit_seqno=2583882 nstreams_done_=277000 config.nstreams=400000 avg_latency=0.9293 ms avg throuhgput (requests/sec) = 2255.1165 res=false
*==== INFO ====*  stream_id=1109996 latency=0.745220 ms (tx_ts=88442519204191, rx_ts=88442519949411) request_id=2588905 zil_blk_id=1109996 ccf_commit_seqno=2588905 nstreams_done_=277501 config.nstreams=400000 avg_latency=0.9291 ms avg throuhgput (requests/sec) = 2255.1088 res=false
*==== INFO ====*  stream_id=1111996 latency=1.033436 ms (tx_ts=88442737925263, rx_ts=88442738958699) request_id=2593561 zil_blk_id=1111996 ccf_commit_seqno=2593563 nstreams_done_=278002 config.nstreams=400000 avg_latency=0.9291 ms avg throuhgput (requests/sec) = 2255.1583 res=false
*==== INFO ====*  stream_id=1113996 latency=0.667886 ms (tx_ts=88442955384620, rx_ts=88442956052506) request_id=2598061 zil_blk_id=1113996 ccf_commit_seqno=2598062 nstreams_done_=278502 config.nstreams=400000 avg_latency=0.9292 ms avg throuhgput (requests/sec) = 2255.2427 res=false
*==== INFO ====*  stream_id=1115996 latency=0.987787 ms (tx_ts=88443179303791, rx_ts=88443180291578) request_id=2602292 zil_blk_id=1115996 ccf_commit_seqno=2602295 nstreams_done_=279001 config.nstreams=400000 avg_latency=0.9294 ms avg throuhgput (requests/sec) = 2255.1965 res=false
*==== INFO ====*  stream_id=1117996 latency=0.958282 ms (tx_ts=88443394262159, rx_ts=88443395220441) request_id=2606598 zil_blk_id=1117996 ccf_commit_seqno=2606600 nstreams_done_=279502 config.nstreams=400000 avg_latency=0.9294 ms avg throuhgput (requests/sec) = 2255.3199 res=false
*==== INFO ====*  stream_id=1119996 latency=0.820925 ms (tx_ts=88443601307549, rx_ts=88443602128474) request_id=2611350 zil_blk_id=1119996 ccf_commit_seqno=2611350 nstreams_done_=280001 config.nstreams=400000 avg_latency=0.9294 ms avg throuhgput (requests/sec) = 2255.5886 res=false
*==== INFO ====*  stream_id=1121996 latency=0.663043 ms (tx_ts=88443812466601, rx_ts=88443813129644) request_id=2616039 zil_blk_id=1121996 ccf_commit_seqno=2616039 nstreams_done_=280500 config.nstreams=400000 avg_latency=0.9292 ms avg throuhgput (requests/sec) = 2255.7822 res=false
*==== INFO ====*  stream_id=1123996 latency=0.758710 ms (tx_ts=88444020216917, rx_ts=88444020975627) request_id=2620117 zil_blk_id=1123996 ccf_commit_seqno=2620117 nstreams_done_=281000 config.nstreams=400000 avg_latency=0.9292 ms avg throuhgput (requests/sec) = 2256.0322 res=false
*==== INFO ====*  stream_id=1125996 latency=0.508047 ms (tx_ts=88444245204471, rx_ts=88444245712518) request_id=2624768 zil_blk_id=1125996 ccf_commit_seqno=2624768 nstreams_done_=281500 config.nstreams=400000 avg_latency=0.9292 ms avg throuhgput (requests/sec) = 2255.9760 res=false
*==== INFO ====*  stream_id=1127996 latency=0.785104 ms (tx_ts=88444451733176, rx_ts=88444452518280) request_id=2629273 zil_blk_id=1127996 ccf_commit_seqno=2629276 nstreams_done_=282002 config.nstreams=400000 avg_latency=0.9291 ms avg throuhgput (requests/sec) = 2256.2437 res=false
*==== INFO ====*  stream_id=1129996 latency=0.576930 ms (tx_ts=88444677127653, rx_ts=88444677704583) request_id=2634139 zil_blk_id=1129996 ccf_commit_seqno=2634139 nstreams_done_=282500 config.nstreams=400000 avg_latency=0.9292 ms avg throuhgput (requests/sec) = 2256.1792 res=false
*==== INFO ====*  stream_id=1131996 latency=1.030718 ms (tx_ts=88444891362513, rx_ts=88444892393231) request_id=2638437 zil_blk_id=1131996 ccf_commit_seqno=2638445 nstreams_done_=283001 config.nstreams=400000 avg_latency=0.9292 ms avg throuhgput (requests/sec) = 2256.3037 res=false
*==== INFO ====*  stream_id=1133996 latency=0.701733 ms (tx_ts=88445113233179, rx_ts=88445113934912) request_id=2642809 zil_blk_id=1133996 ccf_commit_seqno=2642812 nstreams_done_=283501 config.nstreams=400000 avg_latency=0.9292 ms avg throuhgput (requests/sec) = 2256.3048 res=false
*==== INFO ====*  stream_id=1135996 latency=0.647877 ms (tx_ts=88445322918274, rx_ts=88445323566151) request_id=2647030 zil_blk_id=1135996 ccf_commit_seqno=2647033 nstreams_done_=284002 config.nstreams=400000 avg_latency=0.9291 ms avg throuhgput (requests/sec) = 2256.5194 res=false
*==== INFO ====*  stream_id=1137996 latency=0.576413 ms (tx_ts=88445549128657, rx_ts=88445549705070) request_id=2651506 zil_blk_id=1137996 ccf_commit_seqno=2651508 nstreams_done_=284500 config.nstreams=400000 avg_latency=0.9292 ms avg throuhgput (requests/sec) = 2256.4378 res=false
*==== INFO ====*  stream_id=1139996 latency=0.717080 ms (tx_ts=88445747200565, rx_ts=88445747917645) request_id=2655879 zil_blk_id=1139996 ccf_commit_seqno=2655882 nstreams_done_=285001 config.nstreams=400000 avg_latency=0.9289 ms avg throuhgput (requests/sec) = 2256.8555 res=false
*==== INFO ====*  stream_id=1141996 latency=0.605730 ms (tx_ts=88445962546860, rx_ts=88445963152590) request_id=2660362 zil_blk_id=1141996 ccf_commit_seqno=2660362 nstreams_done_=285501 config.nstreams=400000 avg_latency=0.9288 ms avg throuhgput (requests/sec) = 2256.9681 res=false
*==== INFO ====*  stream_id=1143996 latency=1.258629 ms (tx_ts=88446188695217, rx_ts=88446189953846) request_id=2665311 zil_blk_id=1143996 ccf_commit_seqno=2665313 nstreams_done_=286002 config.nstreams=400000 avg_latency=0.9286 ms avg throuhgput (requests/sec) = 2256.8743 res=false
*==== INFO ====*  stream_id=1145996 latency=1.567018 ms (tx_ts=88446418117042, rx_ts=88446419684060) request_id=2670213 zil_blk_id=1145996 ccf_commit_seqno=2670214 nstreams_done_=286504 config.nstreams=400000 avg_latency=0.9285 ms avg throuhgput (requests/sec) = 2256.7288 res=false
*==== INFO ====*  stream_id=1147996 latency=0.657542 ms (tx_ts=88446631288851, rx_ts=88446631946393) request_id=2674572 zil_blk_id=1147996 ccf_commit_seqno=2674573 nstreams_done_=287000 config.nstreams=400000 avg_latency=0.9286 ms avg throuhgput (requests/sec) = 2256.8938 res=false
*==== INFO ====*  stream_id=1149996 latency=0.595559 ms (tx_ts=88446858475227, rx_ts=88446859070786) request_id=2678894 zil_blk_id=1149996 ccf_commit_seqno=2678895 nstreams_done_=287501 config.nstreams=400000 avg_latency=0.9287 ms avg throuhgput (requests/sec) = 2256.7950 res=false
*==== INFO ====*  stream_id=1151996 latency=0.807511 ms (tx_ts=88447091584173, rx_ts=88447092391684) request_id=2683557 zil_blk_id=1151996 ccf_commit_seqno=2683561 nstreams_done_=288002 config.nstreams=400000 avg_latency=0.9287 ms avg throuhgput (requests/sec) = 2256.5869 res=false
*==== INFO ====*  stream_id=1153996 latency=1.233798 ms (tx_ts=88447317982426, rx_ts=88447319216224) request_id=2688311 zil_blk_id=1153996 ccf_commit_seqno=2688312 nstreams_done_=288502 config.nstreams=400000 avg_latency=0.9287 ms avg throuhgput (requests/sec) = 2256.4942 res=false
*==== INFO ====*  stream_id=1155996 latency=0.655401 ms (tx_ts=88447561773047, rx_ts=88447562428448) request_id=2693039 zil_blk_id=1155996 ccf_commit_seqno=2693040 nstreams_done_=289001 config.nstreams=400000 avg_latency=0.9289 ms avg throuhgput (requests/sec) = 2256.1132 res=false
*==== INFO ====*  stream_id=1157996 latency=0.840519 ms (tx_ts=88447785579023, rx_ts=88447786419542) request_id=2697496 zil_blk_id=1157996 ccf_commit_seqno=2697498 nstreams_done_=289501 config.nstreams=400000 avg_latency=0.9290 ms avg throuhgput (requests/sec) = 2256.0715 res=false
*==== INFO ====*  stream_id=1159996 latency=0.497060 ms (tx_ts=88448015585754, rx_ts=88448016082814) request_id=2702200 zil_blk_id=1159996 ccf_commit_seqno=2702200 nstreams_done_=290001 config.nstreams=400000 avg_latency=0.9290 ms avg throuhgput (requests/sec) = 2255.9304 res=false
*==== INFO ====*  stream_id=1161996 latency=0.504574 ms (tx_ts=88448228734156, rx_ts=88448229238730) request_id=2706181 zil_blk_id=1161996 ccf_commit_seqno=2706181 nstreams_done_=290501 config.nstreams=400000 avg_latency=0.9290 ms avg throuhgput (requests/sec) = 2256.0790 res=false
*==== INFO ====*  stream_id=1163996 latency=0.549613 ms (tx_ts=88448445099673, rx_ts=88448445649286) request_id=2710288 zil_blk_id=1163996 ccf_commit_seqno=2710288 nstreams_done_=291000 config.nstreams=400000 avg_latency=0.9291 ms avg throuhgput (requests/sec) = 2256.1702 res=false
*==== INFO ====*  stream_id=1165996 latency=2.484736 ms (tx_ts=88448667662646, rx_ts=88448670147382) request_id=2714557 zil_blk_id=1165996 ccf_commit_seqno=2714574 nstreams_done_=291503 config.nstreams=400000 avg_latency=0.9292 ms avg throuhgput (requests/sec) = 2256.1198 res=false
*==== INFO ====*  stream_id=1167996 latency=0.673851 ms (tx_ts=88448888940135, rx_ts=88448889613986) request_id=2719055 zil_blk_id=1167996 ccf_commit_seqno=2719057 nstreams_done_=292002 config.nstreams=400000 avg_latency=0.9292 ms avg throuhgput (requests/sec) = 2256.1574 res=false
*==== INFO ====*  stream_id=1169996 latency=0.731148 ms (tx_ts=88449098333283, rx_ts=88449099064431) request_id=2723374 zil_blk_id=1169996 ccf_commit_seqno=2723374 nstreams_done_=292501 config.nstreams=400000 avg_latency=0.9292 ms avg throuhgput (requests/sec) = 2256.3691 res=false
*==== INFO ====*  stream_id=1171996 latency=0.730655 ms (tx_ts=88449333362045, rx_ts=88449334092700) request_id=2727989 zil_blk_id=1171996 ccf_commit_seqno=2727992 nstreams_done_=293001 config.nstreams=400000 avg_latency=0.9292 ms avg throuhgput (requests/sec) = 2256.1357 res=false
*==== INFO ====*  stream_id=1173996 latency=1.226862 ms (tx_ts=88449560023472, rx_ts=88449561250334) request_id=2732394 zil_blk_id=1173996 ccf_commit_seqno=2732408 nstreams_done_=293503 config.nstreams=400000 avg_latency=0.9293 ms avg throuhgput (requests/sec) = 2256.0396 res=false
*==== INFO ====*  stream_id=1175996 latency=0.713114 ms (tx_ts=88449788464982, rx_ts=88449789178096) request_id=2736979 zil_blk_id=1175996 ccf_commit_seqno=2736979 nstreams_done_=294001 config.nstreams=400000 avg_latency=0.9293 ms avg throuhgput (requests/sec) = 2255.9306 res=false
*==== INFO ====*  stream_id=1177996 latency=0.850078 ms (tx_ts=88450003723371, rx_ts=88450004573449) request_id=2741586 zil_blk_id=1177996 ccf_commit_seqno=2741588 nstreams_done_=294502 config.nstreams=400000 avg_latency=0.9291 ms avg throuhgput (requests/sec) = 2256.0384 res=false
*==== INFO ====*  stream_id=1179996 latency=0.774078 ms (tx_ts=88450222463281, rx_ts=88450223237359) request_id=2746026 zil_blk_id=1179996 ccf_commit_seqno=2746032 nstreams_done_=295000 config.nstreams=400000 avg_latency=0.9291 ms avg throuhgput (requests/sec) = 2256.0896 res=false
*==== INFO ====*  stream_id=1181996 latency=0.899964 ms (tx_ts=88450449979980, rx_ts=88450450879944) request_id=2750366 zil_blk_id=1181996 ccf_commit_seqno=2750369 nstreams_done_=295502 config.nstreams=400000 avg_latency=0.9293 ms avg throuhgput (requests/sec) = 2255.9859 res=false
*==== INFO ====*  stream_id=1183996 latency=0.981048 ms (tx_ts=88450673478200, rx_ts=88450674459248) request_id=2754925 zil_blk_id=1183996 ccf_commit_seqno=2754926 nstreams_done_=296001 config.nstreams=400000 avg_latency=0.9293 ms avg throuhgput (requests/sec) = 2255.9524 res=false
*==== INFO ====*  stream_id=1185996 latency=1.485669 ms (tx_ts=88450894678180, rx_ts=88450896163849) request_id=2759564 zil_blk_id=1185996 ccf_commit_seqno=2759566 nstreams_done_=296503 config.nstreams=400000 avg_latency=0.9292 ms avg throuhgput (requests/sec) = 2255.9512 res=false
*==== INFO ====*  stream_id=1187996 latency=0.459579 ms (tx_ts=88451119605443, rx_ts=88451120065022) request_id=2763947 zil_blk_id=1187996 ccf_commit_seqno=2763947 nstreams_done_=297001 config.nstreams=400000 avg_latency=0.9293 ms avg throuhgput (requests/sec) = 2255.9124 res=false
*==== INFO ====*  stream_id=1189996 latency=1.258631 ms (tx_ts=88451352690113, rx_ts=88451353948744) request_id=2768520 zil_blk_id=1189996 ccf_commit_seqno=2768528 nstreams_done_=297503 config.nstreams=400000 avg_latency=0.9293 ms avg throuhgput (requests/sec) = 2255.7030 res=false
*==== INFO ====*  stream_id=1191996 latency=0.761654 ms (tx_ts=88451563567332, rx_ts=88451564328986) request_id=2772703 zil_blk_id=1191996 ccf_commit_seqno=2772703 nstreams_done_=298002 config.nstreams=400000 avg_latency=0.9294 ms avg throuhgput (requests/sec) = 2255.8956 res=false
*==== INFO ====*  stream_id=1193996 latency=0.703706 ms (tx_ts=88451783469917, rx_ts=88451784173623) request_id=2777277 zil_blk_id=1193996 ccf_commit_seqno=2777279 nstreams_done_=298502 config.nstreams=400000 avg_latency=0.9292 ms avg throuhgput (requests/sec) = 2255.9262 res=false
*==== INFO ====*  stream_id=1195996 latency=0.508119 ms (tx_ts=88452012184504, rx_ts=88452012692623) request_id=2782168 zil_blk_id=1195996 ccf_commit_seqno=2782168 nstreams_done_=299001 config.nstreams=400000 avg_latency=0.9292 ms avg throuhgput (requests/sec) = 2255.8091 res=false
*==== INFO ====*  stream_id=1197996 latency=0.819674 ms (tx_ts=88452236801286, rx_ts=88452237620960) request_id=2787167 zil_blk_id=1197996 ccf_commit_seqno=2787171 nstreams_done_=299501 config.nstreams=400000 avg_latency=0.9289 ms avg throuhgput (requests/sec) = 2255.7534 res=false
*==== INFO ====*  stream_id=1199996 latency=0.669213 ms (tx_ts=88452449718078, rx_ts=88452450387291) request_id=2791589 zil_blk_id=1199996 ccf_commit_seqno=2791589 nstreams_done_=300000 config.nstreams=400000 avg_latency=0.9289 ms avg throuhgput (requests/sec) = 2255.9042 res=false
*==== INFO ====*  stream_id=1201996 latency=1.649499 ms (tx_ts=88452699513839, rx_ts=88452701163338) request_id=2796602 zil_blk_id=1201996 ccf_commit_seqno=2796618 nstreams_done_=300505 config.nstreams=400000 avg_latency=0.9329 ms avg throuhgput (requests/sec) = 2255.4109 res=false
*==== INFO ====*  stream_id=1203996 latency=0.801349 ms (tx_ts=88452952904053, rx_ts=88452953705402) request_id=2800724 zil_blk_id=1203996 ccf_commit_seqno=2800731 nstreams_done_=301001 config.nstreams=400000 avg_latency=0.9335 ms avg throuhgput (requests/sec) = 2254.8896 res=false
*==== INFO ====*  stream_id=1205996 latency=0.691747 ms (tx_ts=88453191884248, rx_ts=88453192575995) request_id=2805218 zil_blk_id=1205996 ccf_commit_seqno=2805220 nstreams_done_=301502 config.nstreams=400000 avg_latency=0.9337 ms avg throuhgput (requests/sec) = 2254.6008 res=false
*==== INFO ====*  stream_id=1207996 latency=0.614700 ms (tx_ts=88453424932924, rx_ts=88453425547624) request_id=2810037 zil_blk_id=1207996 ccf_commit_seqno=2810038 nstreams_done_=302000 config.nstreams=400000 avg_latency=0.9338 ms avg throuhgput (requests/sec) = 2254.4122 res=false
*==== INFO ====*  stream_id=1209996 latency=0.697931 ms (tx_ts=88453653262549, rx_ts=88453653960480) request_id=2814568 zil_blk_id=1209996 ccf_commit_seqno=2814568 nstreams_done_=302502 config.nstreams=400000 avg_latency=0.9338 ms avg throuhgput (requests/sec) = 2254.3009 res=false
*==== INFO ====*  stream_id=1211996 latency=0.577988 ms (tx_ts=88453871872219, rx_ts=88453872450207) request_id=2819017 zil_blk_id=1211996 ccf_commit_seqno=2819017 nstreams_done_=303002 config.nstreams=400000 avg_latency=0.9339 ms avg throuhgput (requests/sec) = 2254.3564 res=false
*==== INFO ====*  stream_id=1213996 latency=1.831587 ms (tx_ts=88454106780447, rx_ts=88454108612034) request_id=2823632 zil_blk_id=1213996 ccf_commit_seqno=2823642 nstreams_done_=303501 config.nstreams=400000 avg_latency=0.9339 ms avg throuhgput (requests/sec) = 2254.1158 res=false
*==== INFO ====*  stream_id=1215996 latency=1.318261 ms (tx_ts=88454346641010, rx_ts=88454347959271) request_id=2827969 zil_blk_id=1215996 ccf_commit_seqno=2827982 nstreams_done_=304003 config.nstreams=400000 avg_latency=0.9341 ms avg throuhgput (requests/sec) = 2253.8228 res=false
*==== INFO ====*  stream_id=1217996 latency=0.903239 ms (tx_ts=88454560988642, rx_ts=88454561891881) request_id=2832281 zil_blk_id=1217996 ccf_commit_seqno=2832281 nstreams_done_=304501 config.nstreams=400000 avg_latency=0.9341 ms avg throuhgput (requests/sec) = 2253.9548 res=false
*==== INFO ====*  stream_id=1219996 latency=1.376294 ms (tx_ts=88454788041143, rx_ts=88454789417437) request_id=2836927 zil_blk_id=1219996 ccf_commit_seqno=2836927 nstreams_done_=305004 config.nstreams=400000 avg_latency=0.9341 ms avg throuhgput (requests/sec) = 2253.8600 res=false
*==== INFO ====*  stream_id=1221996 latency=0.779568 ms (tx_ts=88455008729327, rx_ts=88455009508895) request_id=2841284 zil_blk_id=1221996 ccf_commit_seqno=2841286 nstreams_done_=305501 config.nstreams=400000 avg_latency=0.9341 ms avg throuhgput (requests/sec) = 2253.8891 res=false
*==== INFO ====*  stream_id=1223996 latency=0.538394 ms (tx_ts=88455235919327, rx_ts=88455236457721) request_id=2845847 zil_blk_id=1223996 ccf_commit_seqno=2845847 nstreams_done_=306001 config.nstreams=400000 avg_latency=0.9341 ms avg throuhgput (requests/sec) = 2253.8043 res=false
*==== INFO ====*  stream_id=1225996 latency=0.510250 ms (tx_ts=88455453368115, rx_ts=88455453878365) request_id=2850615 zil_blk_id=1225996 ccf_commit_seqno=2850615 nstreams_done_=306501 config.nstreams=400000 avg_latency=0.9340 ms avg throuhgput (requests/sec) = 2253.8777 res=false
*==== INFO ====*  stream_id=1227996 latency=0.455112 ms (tx_ts=88455663941483, rx_ts=88455664396595) request_id=2855095 zil_blk_id=1227996 ccf_commit_seqno=2855095 nstreams_done_=307001 config.nstreams=400000 avg_latency=0.9338 ms avg throuhgput (requests/sec) = 2254.0650 res=false
*==== INFO ====*  stream_id=1229996 latency=0.772084 ms (tx_ts=88455887677603, rx_ts=88455888449687) request_id=2859630 zil_blk_id=1229996 ccf_commit_seqno=2859631 nstreams_done_=307502 config.nstreams=400000 avg_latency=0.9337 ms avg throuhgput (requests/sec) = 2254.0281 res=false
*==== INFO ====*  stream_id=1231996 latency=1.001763 ms (tx_ts=88456108860078, rx_ts=88456109861841) request_id=2864178 zil_blk_id=1231996 ccf_commit_seqno=2864178 nstreams_done_=308001 config.nstreams=400000 avg_latency=0.9338 ms avg throuhgput (requests/sec) = 2254.0349 res=false
*==== INFO ====*  stream_id=1233996 latency=0.976496 ms (tx_ts=88456334791196, rx_ts=88456335767692) request_id=2868539 zil_blk_id=1233996 ccf_commit_seqno=2868541 nstreams_done_=308502 config.nstreams=400000 avg_latency=0.9339 ms avg throuhgput (requests/sec) = 2253.9677 res=false
*==== INFO ====*  stream_id=1235996 latency=0.607276 ms (tx_ts=88456570440588, rx_ts=88456571047864) request_id=2873056 zil_blk_id=1235996 ccf_commit_seqno=2873056 nstreams_done_=309002 config.nstreams=400000 avg_latency=0.9340 ms avg throuhgput (requests/sec) = 2253.7466 res=false
*==== INFO ====*  stream_id=1237996 latency=0.836089 ms (tx_ts=88456789253732, rx_ts=88456790089821) request_id=2877599 zil_blk_id=1237996 ccf_commit_seqno=2877601 nstreams_done_=309501 config.nstreams=400000 avg_latency=0.9340 ms avg throuhgput (requests/sec) = 2253.7928 res=false
*==== INFO ====*  stream_id=1239996 latency=0.701282 ms (tx_ts=88457019137981, rx_ts=88457019839263) request_id=2882234 zil_blk_id=1239996 ccf_commit_seqno=2882238 nstreams_done_=310001 config.nstreams=400000 avg_latency=0.9341 ms avg throuhgput (requests/sec) = 2253.6633 res=false
*==== INFO ====*  stream_id=1241996 latency=1.434826 ms (tx_ts=88457248385716, rx_ts=88457249820542) request_id=2886505 zil_blk_id=1241996 ccf_commit_seqno=2886506 nstreams_done_=310502 config.nstreams=400000 avg_latency=0.9341 ms avg throuhgput (requests/sec) = 2253.5305 res=false
*==== INFO ====*  stream_id=1243996 latency=1.207322 ms (tx_ts=88457468885829, rx_ts=88457470093151) request_id=2890632 zil_blk_id=1243996 ccf_commit_seqno=2890635 nstreams_done_=311003 config.nstreams=400000 avg_latency=0.9342 ms avg throuhgput (requests/sec) = 2253.5566 res=false
*==== INFO ====*  stream_id=1245996 latency=1.539099 ms (tx_ts=88457690638516, rx_ts=88457692177615) request_id=2894945 zil_blk_id=1245996 ccf_commit_seqno=2894963 nstreams_done_=311502 config.nstreams=400000 avg_latency=0.9343 ms avg throuhgput (requests/sec) = 2253.5532 res=false
*==== INFO ====*  stream_id=1247996 latency=0.710068 ms (tx_ts=88457915126077, rx_ts=88457915836145) request_id=2899310 zil_blk_id=1247996 ccf_commit_seqno=2899313 nstreams_done_=312002 config.nstreams=400000 avg_latency=0.9345 ms avg throuhgput (requests/sec) = 2253.5241 res=false
*==== INFO ====*  stream_id=1249996 latency=1.159178 ms (tx_ts=88458139902960, rx_ts=88458141062138) request_id=2903833 zil_blk_id=1249996 ccf_commit_seqno=2903835 nstreams_done_=312502 config.nstreams=400000 avg_latency=0.9345 ms avg throuhgput (requests/sec) = 2253.4696 res=false
*==== INFO ====*  stream_id=1251996 latency=1.031859 ms (tx_ts=88458363651012, rx_ts=88458364682871) request_id=2908119 zil_blk_id=1251996 ccf_commit_seqno=2908121 nstreams_done_=313002 config.nstreams=400000 avg_latency=0.9347 ms avg throuhgput (requests/sec) = 2253.4414 res=false
*==== INFO ====*  stream_id=1253996 latency=0.506838 ms (tx_ts=88458608607306, rx_ts=88458609114144) request_id=2912431 zil_blk_id=1253996 ccf_commit_seqno=2912431 nstreams_done_=313501 config.nstreams=400000 avg_latency=0.9348 ms avg throuhgput (requests/sec) = 2253.0762 res=false
*==== INFO ====*  stream_id=1255996 latency=0.686547 ms (tx_ts=88458816611747, rx_ts=88458817298294) request_id=2916770 zil_blk_id=1255996 ccf_commit_seqno=2916776 nstreams_done_=314002 config.nstreams=400000 avg_latency=0.9347 ms avg throuhgput (requests/sec) = 2253.2983 res=false
*==== INFO ====*  stream_id=1257996 latency=0.576699 ms (tx_ts=88459044915285, rx_ts=88459045491984) request_id=2921718 zil_blk_id=1257996 ccf_commit_seqno=2921720 nstreams_done_=314501 config.nstreams=400000 avg_latency=0.9350 ms avg throuhgput (requests/sec) = 2253.1966 res=false
*==== INFO ====*  stream_id=1259996 latency=0.989621 ms (tx_ts=88459249634648, rx_ts=88459250624269) request_id=2926381 zil_blk_id=1259996 ccf_commit_seqno=2926387 nstreams_done_=315001 config.nstreams=400000 avg_latency=0.9348 ms avg throuhgput (requests/sec) = 2253.4670 res=false
*==== INFO ====*  stream_id=1261996 latency=1.089748 ms (tx_ts=88459468432246, rx_ts=88459469521994) request_id=2931031 zil_blk_id=1261996 ccf_commit_seqno=2931037 nstreams_done_=315503 config.nstreams=400000 avg_latency=0.9347 ms avg throuhgput (requests/sec) = 2253.5150 res=false
*==== INFO ====*  stream_id=1263996 latency=0.513245 ms (tx_ts=88459702082414, rx_ts=88459702595659) request_id=2935545 zil_blk_id=1263996 ccf_commit_seqno=2935545 nstreams_done_=316000 config.nstreams=400000 avg_latency=0.9349 ms avg throuhgput (requests/sec) = 2253.3351 res=false
*==== INFO ====*  stream_id=1265996 latency=0.902789 ms (tx_ts=88459919270216, rx_ts=88459920173005) request_id=2940341 zil_blk_id=1265996 ccf_commit_seqno=2940346 nstreams_done_=316501 config.nstreams=400000 avg_latency=0.9348 ms avg throuhgput (requests/sec) = 2253.4043 res=false
*==== INFO ====*  stream_id=1267996 latency=0.877190 ms (tx_ts=88460149229094, rx_ts=88460150106284) request_id=2945047 zil_blk_id=1267996 ccf_commit_seqno=2945048 nstreams_done_=317003 config.nstreams=400000 avg_latency=0.9349 ms avg throuhgput (requests/sec) = 2253.2754 res=false
*==== INFO ====*  stream_id=1269996 latency=0.540808 ms (tx_ts=88460380261507, rx_ts=88460380802315) request_id=2950099 zil_blk_id=1269996 ccf_commit_seqno=2950100 nstreams_done_=317501 config.nstreams=400000 avg_latency=0.9349 ms avg throuhgput (requests/sec) = 2253.1348 res=false
*==== INFO ====*  stream_id=1271996 latency=1.287102 ms (tx_ts=88460594884751, rx_ts=88460596171853) request_id=2954418 zil_blk_id=1271996 ccf_commit_seqno=2954421 nstreams_done_=318003 config.nstreams=400000 avg_latency=0.9349 ms avg throuhgput (requests/sec) = 2253.2392 res=false
*==== INFO ====*  stream_id=1273996 latency=0.611107 ms (tx_ts=88460829118956, rx_ts=88460829730063) request_id=2959065 zil_blk_id=1273996 ccf_commit_seqno=2959065 nstreams_done_=318502 config.nstreams=400000 avg_latency=0.9350 ms avg throuhgput (requests/sec) = 2253.0535 res=false
*==== INFO ====*  stream_id=1275996 latency=0.882457 ms (tx_ts=88461054287545, rx_ts=88461055170002) request_id=2963147 zil_blk_id=1275996 ccf_commit_seqno=2963149 nstreams_done_=319001 config.nstreams=400000 avg_latency=0.9352 ms avg throuhgput (requests/sec) = 2252.9975 res=false
*==== INFO ====*  stream_id=1277996 latency=0.772013 ms (tx_ts=88461295644431, rx_ts=88461296416444) request_id=2967341 zil_blk_id=1277996 ccf_commit_seqno=2967343 nstreams_done_=319501 config.nstreams=400000 avg_latency=0.9353 ms avg throuhgput (requests/sec) = 2252.6906 res=false
*==== INFO ====*  stream_id=1279996 latency=1.174918 ms (tx_ts=88461526656338, rx_ts=88461527831256) request_id=2972003 zil_blk_id=1279996 ccf_commit_seqno=2972003 nstreams_done_=320001 config.nstreams=400000 avg_latency=0.9353 ms avg throuhgput (requests/sec) = 2252.5406 res=false
*==== INFO ====*  stream_id=1281996 latency=5.657564 ms (tx_ts=88461750667366, rx_ts=88461756324930) request_id=2976611 zil_blk_id=1281996 ccf_commit_seqno=2976612 nstreams_done_=320506 config.nstreams=400000 avg_latency=0.9352 ms avg throuhgput (requests/sec) = 2252.4373 res=false
*==== INFO ====*  stream_id=1283996 latency=0.857463 ms (tx_ts=88461981118598, rx_ts=88461981976061) request_id=2980840 zil_blk_id=1283996 ccf_commit_seqno=2980842 nstreams_done_=321001 config.nstreams=400000 avg_latency=0.9354 ms avg throuhgput (requests/sec) = 2252.3793 res=false
*==== INFO ====*  stream_id=1285996 latency=0.519802 ms (tx_ts=88462190980488, rx_ts=88462191500290) request_id=2984881 zil_blk_id=1285996 ccf_commit_seqno=2984882 nstreams_done_=321501 config.nstreams=400000 avg_latency=0.9354 ms avg throuhgput (requests/sec) = 2252.5760 res=false
*==== INFO ====*  stream_id=1287996 latency=0.555900 ms (tx_ts=88462411258770, rx_ts=88462411814670) request_id=2989674 zil_blk_id=1287996 ccf_commit_seqno=2989675 nstreams_done_=322001 config.nstreams=400000 avg_latency=0.9352 ms avg throuhgput (requests/sec) = 2252.6021 res=false
*==== INFO ====*  stream_id=1289996 latency=0.706010 ms (tx_ts=88462634367351, rx_ts=88462635073361) request_id=2994256 zil_blk_id=1289996 ccf_commit_seqno=2994257 nstreams_done_=322501 config.nstreams=400000 avg_latency=0.9352 ms avg throuhgput (requests/sec) = 2252.5817 res=false
*==== INFO ====*  stream_id=1291996 latency=1.069811 ms (tx_ts=88462868913370, rx_ts=88462869983181) request_id=2999371 zil_blk_id=1291996 ccf_commit_seqno=2999371 nstreams_done_=323003 config.nstreams=400000 avg_latency=0.9352 ms avg throuhgput (requests/sec) = 2252.3784 res=false
*==== INFO ====*  stream_id=1293996 latency=0.793300 ms (tx_ts=88463091414943, rx_ts=88463092208243) request_id=3003911 zil_blk_id=1293996 ccf_commit_seqno=3003911 nstreams_done_=323503 config.nstreams=400000 avg_latency=0.9354 ms avg throuhgput (requests/sec) = 2252.3747 res=false
*==== INFO ====*  stream_id=1295996 latency=0.712685 ms (tx_ts=88463328365151, rx_ts=88463329077836) request_id=3008619 zil_blk_id=1295996 ccf_commit_seqno=3008619 nstreams_done_=324000 config.nstreams=400000 avg_latency=0.9358 ms avg throuhgput (requests/sec) = 2252.1417 res=false
*==== INFO ====*  stream_id=1297996 latency=0.970054 ms (tx_ts=88463566993106, rx_ts=88463567963160) request_id=3013450 zil_blk_id=1297996 ccf_commit_seqno=3013451 nstreams_done_=324501 config.nstreams=400000 avg_latency=0.9359 ms avg throuhgput (requests/sec) = 2251.8780 res=false
*==== INFO ====*  stream_id=1299996 latency=0.642231 ms (tx_ts=88463805106038, rx_ts=88463805748269) request_id=3018131 zil_blk_id=1299996 ccf_commit_seqno=3018135 nstreams_done_=325000 config.nstreams=400000 avg_latency=0.9360 ms avg throuhgput (requests/sec) = 2251.6323 res=false
*==== INFO ====*  stream_id=1301996 latency=0.766052 ms (tx_ts=88464028748336, rx_ts=88464029514388) request_id=3022733 zil_blk_id=1301996 ccf_commit_seqno=3022738 nstreams_done_=325501 config.nstreams=400000 avg_latency=0.9359 ms avg throuhgput (requests/sec) = 2251.6057 res=false
*==== INFO ====*  stream_id=1303996 latency=0.526566 ms (tx_ts=88464246211866, rx_ts=88464246738432) request_id=3027238 zil_blk_id=1303996 ccf_commit_seqno=3027238 nstreams_done_=326000 config.nstreams=400000 avg_latency=0.9358 ms avg throuhgput (requests/sec) = 2251.6810 res=false
*==== INFO ====*  stream_id=1305996 latency=0.834882 ms (tx_ts=88464484187406, rx_ts=88464485022288) request_id=3031623 zil_blk_id=1305996 ccf_commit_seqno=3031629 nstreams_done_=326502 config.nstreams=400000 avg_latency=0.9360 ms avg throuhgput (requests/sec) = 2251.4291 res=false
*==== INFO ====*  stream_id=1307996 latency=0.646168 ms (tx_ts=88464709206889, rx_ts=88464709853057) request_id=3036125 zil_blk_id=1307996 ccf_commit_seqno=3036128 nstreams_done_=327001 config.nstreams=400000 avg_latency=0.9361 ms avg throuhgput (requests/sec) = 2251.3864 res=false
*==== INFO ====*  stream_id=1309996 latency=0.661547 ms (tx_ts=88464924264117, rx_ts=88464924925664) request_id=3040802 zil_blk_id=1309996 ccf_commit_seqno=3040803 nstreams_done_=327501 config.nstreams=400000 avg_latency=0.9360 ms avg throuhgput (requests/sec) = 2251.4950 res=false
*==== INFO ====*  stream_id=1311996 latency=0.647366 ms (tx_ts=88465150557502, rx_ts=88465151204868) request_id=3045771 zil_blk_id=1311996 ccf_commit_seqno=3045775 nstreams_done_=328000 config.nstreams=400000 avg_latency=0.9358 ms avg throuhgput (requests/sec) = 2251.4300 res=false
*==== INFO ====*  stream_id=1313996 latency=0.588400 ms (tx_ts=88465366941174, rx_ts=88465367529574) request_id=3050285 zil_blk_id=1313996 ccf_commit_seqno=3050286 nstreams_done_=328500 config.nstreams=400000 avg_latency=0.9358 ms avg throuhgput (requests/sec) = 2251.5188 res=false
*==== INFO ====*  stream_id=1315996 latency=0.641558 ms (tx_ts=88465596202283, rx_ts=88465596843841) request_id=3055050 zil_blk_id=1315996 ccf_commit_seqno=3055053 nstreams_done_=329000 config.nstreams=400000 avg_latency=0.9364 ms avg throuhgput (requests/sec) = 2251.4072 res=false
*==== INFO ====*  stream_id=1317996 latency=0.703476 ms (tx_ts=88465810759404, rx_ts=88465811462880) request_id=3059222 zil_blk_id=1317996 ccf_commit_seqno=3059225 nstreams_done_=329501 config.nstreams=400000 avg_latency=0.9364 ms avg throuhgput (requests/sec) = 2251.5221 res=false
*==== INFO ====*  stream_id=1319996 latency=0.527927 ms (tx_ts=88466039984437, rx_ts=88466040512364) request_id=3063672 zil_blk_id=1319996 ccf_commit_seqno=3063673 nstreams_done_=330001 config.nstreams=400000 avg_latency=0.9366 ms avg throuhgput (requests/sec) = 2251.4149 res=false
*==== INFO ====*  stream_id=1321996 latency=1.146113 ms (tx_ts=88466272098486, rx_ts=88466273244599) request_id=3068402 zil_blk_id=1321996 ccf_commit_seqno=3068404 nstreams_done_=330501 config.nstreams=400000 avg_latency=0.9365 ms avg throuhgput (requests/sec) = 2251.2516 res=false
*==== INFO ====*  stream_id=1323996 latency=1.036929 ms (tx_ts=88466491933197, rx_ts=88466492970126) request_id=3072944 zil_blk_id=1323996 ccf_commit_seqno=3072947 nstreams_done_=331001 config.nstreams=400000 avg_latency=0.9364 ms avg throuhgput (requests/sec) = 2251.2879 res=false
*==== INFO ====*  stream_id=1325996 latency=1.277054 ms (tx_ts=88466727293849, rx_ts=88466728570903) request_id=3077475 zil_blk_id=1325996 ccf_commit_seqno=3077476 nstreams_done_=331502 config.nstreams=400000 avg_latency=0.9365 ms avg throuhgput (requests/sec) = 2251.0814 res=false
*==== INFO ====*  stream_id=1327996 latency=0.597408 ms (tx_ts=88466962049626, rx_ts=88466962647034) request_id=3082088 zil_blk_id=1327996 ccf_commit_seqno=3082089 nstreams_done_=332002 config.nstreams=400000 avg_latency=0.9366 ms avg throuhgput (requests/sec) = 2250.8989 res=false
*==== INFO ====*  stream_id=1329996 latency=1.208146 ms (tx_ts=88467177568169, rx_ts=88467178776315) request_id=3086488 zil_blk_id=1329996 ccf_commit_seqno=3086495 nstreams_done_=332502 config.nstreams=400000 avg_latency=0.9366 ms avg throuhgput (requests/sec) = 2250.9904 res=false
*==== INFO ====*  stream_id=1331996 latency=1.061851 ms (tx_ts=88467408215377, rx_ts=88467409277228) request_id=3091613 zil_blk_id=1331996 ccf_commit_seqno=3091616 nstreams_done_=333002 config.nstreams=400000 avg_latency=0.9364 ms avg throuhgput (requests/sec) = 2250.8629 res=false
*==== INFO ====*  stream_id=1333996 latency=0.543416 ms (tx_ts=88467611247567, rx_ts=88467611790983) request_id=3096203 zil_blk_id=1333996 ccf_commit_seqno=3096203 nstreams_done_=333502 config.nstreams=400000 avg_latency=0.9362 ms avg throuhgput (requests/sec) = 2251.1611 res=false
*==== INFO ====*  stream_id=1335996 latency=0.715118 ms (tx_ts=88467854407362, rx_ts=88467855122480) request_id=3100841 zil_blk_id=1335996 ccf_commit_seqno=3100842 nstreams_done_=334000 config.nstreams=400000 avg_latency=0.9365 ms avg throuhgput (requests/sec) = 2250.8391 res=false
*==== INFO ====*  stream_id=1337996 latency=1.155631 ms (tx_ts=88468065917879, rx_ts=88468067073510) request_id=3105313 zil_blk_id=1337996 ccf_commit_seqno=3105323 nstreams_done_=334502 config.nstreams=400000 avg_latency=0.9365 ms avg throuhgput (requests/sec) = 2250.9934 res=false
*==== INFO ====*  stream_id=1339996 latency=0.912296 ms (tx_ts=88468291848720, rx_ts=88468292761016) request_id=3109909 zil_blk_id=1339996 ccf_commit_seqno=3109912 nstreams_done_=335003 config.nstreams=400000 avg_latency=0.9365 ms avg throuhgput (requests/sec) = 2250.9395 res=false
*==== INFO ====*  stream_id=1341996 latency=0.725605 ms (tx_ts=88468514620322, rx_ts=88468515345927) request_id=3114677 zil_blk_id=1341996 ccf_commit_seqno=3114677 nstreams_done_=335501 config.nstreams=400000 avg_latency=0.9364 ms avg throuhgput (requests/sec) = 2250.9327 res=false
*==== INFO ====*  stream_id=1343996 latency=0.439432 ms (tx_ts=88468744269838, rx_ts=88468744709270) request_id=3119299 zil_blk_id=1343996 ccf_commit_seqno=3119299 nstreams_done_=336000 config.nstreams=400000 avg_latency=0.9364 ms avg throuhgput (requests/sec) = 2250.8236 res=false
*==== INFO ====*  stream_id=1345996 latency=0.616684 ms (tx_ts=88468983235820, rx_ts=88468983852504) request_id=3123904 zil_blk_id=1345996 ccf_commit_seqno=3123904 nstreams_done_=336500 config.nstreams=400000 avg_latency=0.9365 ms avg throuhgput (requests/sec) = 2250.5676 res=false
*==== INFO ====*  stream_id=1347996 latency=0.648801 ms (tx_ts=88469207014107, rx_ts=88469207662908) request_id=3128276 zil_blk_id=1347996 ccf_commit_seqno=3128276 nstreams_done_=337000 config.nstreams=400000 avg_latency=0.9365 ms avg throuhgput (requests/sec) = 2250.5429 res=false
*==== INFO ====*  stream_id=1349996 latency=0.678730 ms (tx_ts=88469436281378, rx_ts=88469436960108) request_id=3132771 zil_blk_id=1349996 ccf_commit_seqno=3132773 nstreams_done_=337500 config.nstreams=400000 avg_latency=0.9365 ms avg throuhgput (requests/sec) = 2250.4359 res=false
*==== INFO ====*  stream_id=1351996 latency=1.005974 ms (tx_ts=88469664546192, rx_ts=88469665552166) request_id=3136996 zil_blk_id=1351996 ccf_commit_seqno=3137004 nstreams_done_=338001 config.nstreams=400000 avg_latency=0.9368 ms avg throuhgput (requests/sec) = 2250.3399 res=false
*==== INFO ====*  stream_id=1353996 latency=1.211950 ms (tx_ts=88469883242975, rx_ts=88469884454925) request_id=3141238 zil_blk_id=1353996 ccf_commit_seqno=3141240 nstreams_done_=338502 config.nstreams=400000 avg_latency=0.9367 ms avg throuhgput (requests/sec) = 2250.3890 res=false
*==== INFO ====*  stream_id=1355996 latency=0.842500 ms (tx_ts=88470123376760, rx_ts=88470124219260) request_id=3145535 zil_blk_id=1355996 ccf_commit_seqno=3145535 nstreams_done_=339000 config.nstreams=400000 avg_latency=0.9368 ms avg throuhgput (requests/sec) = 2250.1264 res=false
*==== INFO ====*  stream_id=1357996 latency=0.706511 ms (tx_ts=88470334689508, rx_ts=88470335396019) request_id=3150201 zil_blk_id=1357996 ccf_commit_seqno=3150202 nstreams_done_=339501 config.nstreams=400000 avg_latency=0.9367 ms avg throuhgput (requests/sec) = 2250.2910 res=false
*==== INFO ====*  stream_id=1359996 latency=0.644939 ms (tx_ts=88470560321423, rx_ts=88470560966362) request_id=3154930 zil_blk_id=1359996 ccf_commit_seqno=3154931 nstreams_done_=340001 config.nstreams=400000 avg_latency=0.9367 ms avg throuhgput (requests/sec) = 2250.2407 res=false
*==== INFO ====*  stream_id=1361996 latency=0.707954 ms (tx_ts=88470788859545, rx_ts=88470789567499) request_id=3159531 zil_blk_id=1361996 ccf_commit_seqno=3159533 nstreams_done_=340502 config.nstreams=400000 avg_latency=0.9367 ms avg throuhgput (requests/sec) = 2250.1455 res=false
*==== INFO ====*  stream_id=1363996 latency=0.756755 ms (tx_ts=88471018959855, rx_ts=88471019716610) request_id=3164121 zil_blk_id=1363996 ccf_commit_seqno=3164126 nstreams_done_=341000 config.nstreams=400000 avg_latency=0.9366 ms avg throuhgput (requests/sec) = 2250.0276 res=false
*==== INFO ====*  stream_id=1365996 latency=0.506567 ms (tx_ts=88471251761431, rx_ts=88471252267998) request_id=3168398 zil_blk_id=1365996 ccf_commit_seqno=3168399 nstreams_done_=341501 config.nstreams=400000 avg_latency=0.9370 ms avg throuhgput (requests/sec) = 2249.8744 res=false
*==== INFO ====*  stream_id=1367996 latency=0.534480 ms (tx_ts=88471482835198, rx_ts=88471483369678) request_id=3173503 zil_blk_id=1367996 ccf_commit_seqno=3173503 nstreams_done_=342001 config.nstreams=400000 avg_latency=0.9369 ms avg throuhgput (requests/sec) = 2249.7432 res=false
*==== INFO ====*  stream_id=1369996 latency=0.614029 ms (tx_ts=88471698320384, rx_ts=88471698934413) request_id=3178229 zil_blk_id=1369996 ccf_commit_seqno=3178231 nstreams_done_=342500 config.nstreams=400000 avg_latency=0.9368 ms avg throuhgput (requests/sec) = 2249.8419 res=false
*==== INFO ====*  stream_id=1371996 latency=0.777664 ms (tx_ts=88471911870860, rx_ts=88471912648524) request_id=3182785 zil_blk_id=1371996 ccf_commit_seqno=3182787 nstreams_done_=343001 config.nstreams=400000 avg_latency=0.9367 ms avg throuhgput (requests/sec) = 2249.9677 res=false
*==== INFO ====*  stream_id=1373996 latency=1.380562 ms (tx_ts=88472147195756, rx_ts=88472148576318) request_id=3187111 zil_blk_id=1373996 ccf_commit_seqno=3187117 nstreams_done_=343503 config.nstreams=400000 avg_latency=0.9368 ms avg throuhgput (requests/sec) = 2249.7658 res=false
*==== INFO ====*  stream_id=1375996 latency=0.797139 ms (tx_ts=88472367994050, rx_ts=88472368791189) request_id=3191722 zil_blk_id=1375996 ccf_commit_seqno=3191726 nstreams_done_=344001 config.nstreams=400000 avg_latency=0.9368 ms avg throuhgput (requests/sec) = 2249.7957 res=false
*==== INFO ====*  stream_id=1377996 latency=0.509683 ms (tx_ts=88472592741353, rx_ts=88472593251036) request_id=3196130 zil_blk_id=1377996 ccf_commit_seqno=3196130 nstreams_done_=344501 config.nstreams=400000 avg_latency=0.9368 ms avg throuhgput (requests/sec) = 2249.7631 res=false
*==== INFO ====*  stream_id=1379996 latency=0.726469 ms (tx_ts=88472839136321, rx_ts=88472839862790) request_id=3200282 zil_blk_id=1379996 ccf_commit_seqno=3200282 nstreams_done_=345001 config.nstreams=400000 avg_latency=0.9372 ms avg throuhgput (requests/sec) = 2249.4057 res=false
*==== INFO ====*  stream_id=1381996 latency=0.943929 ms (tx_ts=88473064531206, rx_ts=88473065475135) request_id=3204665 zil_blk_id=1381996 ccf_commit_seqno=3204668 nstreams_done_=345503 config.nstreams=400000 avg_latency=0.9371 ms avg throuhgput (requests/sec) = 2249.3569 res=false
*==== INFO ====*  stream_id=1383996 latency=0.620260 ms (tx_ts=88473275635234, rx_ts=88473276255494) request_id=3209089 zil_blk_id=1383996 ccf_commit_seqno=3209091 nstreams_done_=346001 config.nstreams=400000 avg_latency=0.9370 ms avg throuhgput (requests/sec) = 2249.5252 res=false
*==== INFO ====*  stream_id=1385996 latency=1.840636 ms (tx_ts=88473497834227, rx_ts=88473499674863) request_id=3213761 zil_blk_id=1385996 ccf_commit_seqno=3213761 nstreams_done_=346501 config.nstreams=400000 avg_latency=0.9371 ms avg throuhgput (requests/sec) = 2249.5084 res=false
*==== INFO ====*  stream_id=1387996 latency=1.938590 ms (tx_ts=88473721740652, rx_ts=88473723679242) request_id=3218430 zil_blk_id=1387996 ccf_commit_seqno=3218436 nstreams_done_=347004 config.nstreams=400000 avg_latency=0.9370 ms avg throuhgput (requests/sec) = 2249.4831 res=false
*==== INFO ====*  stream_id=1389996 latency=0.844744 ms (tx_ts=88473950917971, rx_ts=88473951762715) request_id=3223065 zil_blk_id=1389996 ccf_commit_seqno=3223068 nstreams_done_=347503 config.nstreams=400000 avg_latency=0.9372 ms avg throuhgput (requests/sec) = 2249.3985 res=false
*==== INFO ====*  stream_id=1391996 latency=0.971270 ms (tx_ts=88474186459033, rx_ts=88474187430303) request_id=3227527 zil_blk_id=1391996 ccf_commit_seqno=3227534 nstreams_done_=348002 config.nstreams=400000 avg_latency=0.9373 ms avg throuhgput (requests/sec) = 2249.2039 res=false
*==== INFO ====*  stream_id=1393996 latency=0.652740 ms (tx_ts=88474398394666, rx_ts=88474399047406) request_id=3231708 zil_blk_id=1393996 ccf_commit_seqno=3231709 nstreams_done_=348502 config.nstreams=400000 avg_latency=0.9373 ms avg throuhgput (requests/sec) = 2249.3590 res=false
*==== INFO ====*  stream_id=1395996 latency=1.080271 ms (tx_ts=88474635974807, rx_ts=88474637055078) request_id=3236250 zil_blk_id=1395996 ccf_commit_seqno=3236252 nstreams_done_=349001 config.nstreams=400000 avg_latency=0.9376 ms avg throuhgput (requests/sec) = 2249.1311 res=false
*==== INFO ====*  stream_id=1397996 latency=0.389548 ms (tx_ts=88474858130960, rx_ts=88474858520508) request_id=3240732 zil_blk_id=1397996 ccf_commit_seqno=3240732 nstreams_done_=349502 config.nstreams=400000 avg_latency=0.9375 ms avg throuhgput (requests/sec) = 2249.1433 res=false
*==== INFO ====*  stream_id=1399996 latency=0.607787 ms (tx_ts=88475077973485, rx_ts=88475078581272) request_id=3245632 zil_blk_id=1399996 ccf_commit_seqno=3245633 nstreams_done_=350002 config.nstreams=400000 avg_latency=0.9374 ms avg throuhgput (requests/sec) = 2249.1757 res=false
*==== INFO ====*  stream_id=1401996 latency=0.827455 ms (tx_ts=88475296340631, rx_ts=88475297168086) request_id=3250181 zil_blk_id=1401996 ccf_commit_seqno=3250185 nstreams_done_=350502 config.nstreams=400000 avg_latency=0.9374 ms avg throuhgput (requests/sec) = 2249.2294 res=false
*==== INFO ====*  stream_id=1403996 latency=0.932602 ms (tx_ts=88475523052695, rx_ts=88475523985297) request_id=3255017 zil_blk_id=1403996 ccf_commit_seqno=3255017 nstreams_done_=351002 config.nstreams=400000 avg_latency=0.9373 ms avg throuhgput (requests/sec) = 2249.1642 res=false
*==== INFO ====*  stream_id=1405996 latency=0.718112 ms (tx_ts=88475735220762, rx_ts=88475735938874) request_id=3259742 zil_blk_id=1405996 ccf_commit_seqno=3259748 nstreams_done_=351503 config.nstreams=400000 avg_latency=0.9373 ms avg throuhgput (requests/sec) = 2249.3132 res=false
*==== INFO ====*  stream_id=1407996 latency=1.584844 ms (tx_ts=88475945685432, rx_ts=88475947270276) request_id=3264371 zil_blk_id=1407996 ccf_commit_seqno=3264371 nstreams_done_=352001 config.nstreams=400000 avg_latency=0.9371 ms avg throuhgput (requests/sec) = 2249.4707 res=false
*==== INFO ====*  stream_id=1409996 latency=0.506848 ms (tx_ts=88476169883264, rx_ts=88476170390112) request_id=3268866 zil_blk_id=1409996 ccf_commit_seqno=3268866 nstreams_done_=352500 config.nstreams=400000 avg_latency=0.9371 ms avg throuhgput (requests/sec) = 2249.4586 res=false
*==== INFO ====*  stream_id=1411996 latency=0.675472 ms (tx_ts=88476400785575, rx_ts=88476401461047) request_id=3273250 zil_blk_id=1411996 ccf_commit_seqno=3273254 nstreams_done_=353001 config.nstreams=400000 avg_latency=0.9371 ms avg throuhgput (requests/sec) = 2249.3325 res=false
*==== INFO ====*  stream_id=1413996 latency=0.873031 ms (tx_ts=88476614345059, rx_ts=88476615218090) request_id=3277691 zil_blk_id=1413996 ccf_commit_seqno=3277694 nstreams_done_=353503 config.nstreams=400000 avg_latency=0.9370 ms avg throuhgput (requests/sec) = 2249.4547 res=false
*==== INFO ====*  stream_id=1415996 latency=0.576173 ms (tx_ts=88476839408252, rx_ts=88476839984425) request_id=3282180 zil_blk_id=1415996 ccf_commit_seqno=3282180 nstreams_done_=354001 config.nstreams=400000 avg_latency=0.9370 ms avg throuhgput (requests/sec) = 2249.4191 res=false
*==== INFO ====*  stream_id=1417996 latency=0.625861 ms (tx_ts=88477074594142, rx_ts=88477075220003) request_id=3286883 zil_blk_id=1417996 ccf_commit_seqno=3286885 nstreams_done_=354500 config.nstreams=400000 avg_latency=0.9370 ms avg throuhgput (requests/sec) = 2249.2342 res=false
*==== INFO ====*  stream_id=1419996 latency=0.832242 ms (tx_ts=88477291238976, rx_ts=88477292071218) request_id=3291445 zil_blk_id=1419996 ccf_commit_seqno=3291447 nstreams_done_=355000 config.nstreams=400000 avg_latency=0.9369 ms avg throuhgput (requests/sec) = 2249.3118 res=false
*==== INFO ====*  stream_id=1421996 latency=1.105828 ms (tx_ts=88477514609551, rx_ts=88477515715379) request_id=3295801 zil_blk_id=1421996 ccf_commit_seqno=3295806 nstreams_done_=355501 config.nstreams=400000 avg_latency=0.9369 ms avg throuhgput (requests/sec) = 2249.2925 res=false
*==== INFO ====*  stream_id=1423996 latency=0.797061 ms (tx_ts=88477733604516, rx_ts=88477734401577) request_id=3300360 zil_blk_id=1423996 ccf_commit_seqno=3300360 nstreams_done_=356001 config.nstreams=400000 avg_latency=0.9370 ms avg throuhgput (requests/sec) = 2249.3438 res=false
*==== INFO ====*  stream_id=1425996 latency=0.623668 ms (tx_ts=88477959251381, rx_ts=88477959875049) request_id=3304734 zil_blk_id=1425996 ccf_commit_seqno=3304735 nstreams_done_=356500 config.nstreams=400000 avg_latency=0.9371 ms avg throuhgput (requests/sec) = 2249.2985 res=false
*==== INFO ====*  stream_id=1427996 latency=0.669515 ms (tx_ts=88478172713437, rx_ts=88478173382952) request_id=3308881 zil_blk_id=1427996 ccf_commit_seqno=3308883 nstreams_done_=357001 config.nstreams=400000 avg_latency=0.9371 ms avg throuhgput (requests/sec) = 2249.4230 res=false
*==== INFO ====*  stream_id=1429996 latency=1.125615 ms (tx_ts=88478400144604, rx_ts=88478401270219) request_id=3313400 zil_blk_id=1429996 ccf_commit_seqno=3313402 nstreams_done_=357502 config.nstreams=400000 avg_latency=0.9370 ms avg throuhgput (requests/sec) = 2249.3436 res=false
*==== INFO ====*  stream_id=1431996 latency=0.686211 ms (tx_ts=88478628900750, rx_ts=88478629586961) request_id=3317831 zil_blk_id=1431996 ccf_commit_seqno=3317832 nstreams_done_=358001 config.nstreams=400000 avg_latency=0.9371 ms avg throuhgput (requests/sec) = 2249.2584 res=false
*==== INFO ====*  stream_id=1433996 latency=0.463277 ms (tx_ts=88478859174221, rx_ts=88478859637498) request_id=3322391 zil_blk_id=1433996 ccf_commit_seqno=3322391 nstreams_done_=358501 config.nstreams=400000 avg_latency=0.9371 ms avg throuhgput (requests/sec) = 2249.1490 res=false
*==== INFO ====*  stream_id=1435996 latency=0.819122 ms (tx_ts=88479075850061, rx_ts=88479076669183) request_id=3326716 zil_blk_id=1435996 ccf_commit_seqno=3326716 nstreams_done_=359003 config.nstreams=400000 avg_latency=0.9371 ms avg throuhgput (requests/sec) = 2249.2233 res=false
*==== INFO ====*  stream_id=1437996 latency=0.738080 ms (tx_ts=88479297912566, rx_ts=88479298650646) request_id=3331576 zil_blk_id=1437996 ccf_commit_seqno=3331579 nstreams_done_=359503 config.nstreams=400000 avg_latency=0.9370 ms avg throuhgput (requests/sec) = 2249.2278 res=false
*==== INFO ====*  stream_id=1439996 latency=0.580977 ms (tx_ts=88479516859884, rx_ts=88479517440861) request_id=3336449 zil_blk_id=1439996 ccf_commit_seqno=3336451 nstreams_done_=360001 config.nstreams=400000 avg_latency=0.9369 ms avg throuhgput (requests/sec) = 2249.2771 res=false
*==== INFO ====*  stream_id=1441996 latency=1.122091 ms (tx_ts=88479748310522, rx_ts=88479749432613) request_id=3340940 zil_blk_id=1441996 ccf_commit_seqno=3340949 nstreams_done_=360502 config.nstreams=400000 avg_latency=0.9370 ms avg throuhgput (requests/sec) = 2249.1410 res=false
*==== INFO ====*  stream_id=1443996 latency=0.742654 ms (tx_ts=88479978055323, rx_ts=88479978797977) request_id=3345459 zil_blk_id=1443996 ccf_commit_seqno=3345460 nstreams_done_=361000 config.nstreams=400000 avg_latency=0.9371 ms avg throuhgput (requests/sec) = 2249.0421 res=false
*==== INFO ====*  stream_id=1445996 latency=0.488598 ms (tx_ts=88480199544936, rx_ts=88480200033534) request_id=3350227 zil_blk_id=1445996 ccf_commit_seqno=3350227 nstreams_done_=361500 config.nstreams=400000 avg_latency=0.9369 ms avg throuhgput (requests/sec) = 2249.0572 res=false
*==== INFO ====*  stream_id=1447996 latency=0.669718 ms (tx_ts=88480413680758, rx_ts=88480414350476) request_id=3354914 zil_blk_id=1447996 ccf_commit_seqno=3354915 nstreams_done_=362001 config.nstreams=400000 avg_latency=0.9368 ms avg throuhgput (requests/sec) = 2249.1690 res=false
*==== INFO ====*  stream_id=1449996 latency=0.574675 ms (tx_ts=88480636704436, rx_ts=88480637279111) request_id=3359619 zil_blk_id=1449996 ccf_commit_seqno=3359621 nstreams_done_=362502 config.nstreams=400000 avg_latency=0.9367 ms avg throuhgput (requests/sec) = 2249.1603 res=false
*==== INFO ====*  stream_id=1451996 latency=1.291506 ms (tx_ts=88480854337754, rx_ts=88480855629260) request_id=3363874 zil_blk_id=1451996 ccf_commit_seqno=3363874 nstreams_done_=363002 config.nstreams=400000 avg_latency=0.9368 ms avg throuhgput (requests/sec) = 2249.2154 res=false
*==== INFO ====*  stream_id=1453996 latency=0.949175 ms (tx_ts=88481074469786, rx_ts=88481075418961) request_id=3368338 zil_blk_id=1453996 ccf_commit_seqno=3368338 nstreams_done_=363503 config.nstreams=400000 avg_latency=0.9368 ms avg throuhgput (requests/sec) = 2249.2503 res=false
*==== INFO ====*  stream_id=1455996 latency=1.765623 ms (tx_ts=88481278630335, rx_ts=88481280395958) request_id=3372666 zil_blk_id=1455996 ccf_commit_seqno=3372669 nstreams_done_=364002 config.nstreams=400000 avg_latency=0.9366 ms avg throuhgput (requests/sec) = 2249.4911 res=false
*==== INFO ====*  stream_id=1457996 latency=0.646319 ms (tx_ts=88481488617710, rx_ts=88481489264029) request_id=3376954 zil_blk_id=1457996 ccf_commit_seqno=3376958 nstreams_done_=364500 config.nstreams=400000 avg_latency=0.9366 ms avg throuhgput (requests/sec) = 2249.6772 res=false
*==== INFO ====*  stream_id=1459996 latency=2.582440 ms (tx_ts=88481697514433, rx_ts=88481700096873) request_id=3381398 zil_blk_id=1459996 ccf_commit_seqno=3381402 nstreams_done_=365004 config.nstreams=400000 avg_latency=0.9366 ms avg throuhgput (requests/sec) = 2249.8356 res=false
*==== INFO ====*  stream_id=1461996 latency=3.785890 ms (tx_ts=88481919382125, rx_ts=88481923168015) request_id=3385759 zil_blk_id=1461996 ccf_commit_seqno=3385763 nstreams_done_=365503 config.nstreams=400000 avg_latency=0.9366 ms avg throuhgput (requests/sec) = 2249.8240 res=false
*==== INFO ====*  stream_id=1463996 latency=0.694937 ms (tx_ts=88482155947837, rx_ts=88482156642774) request_id=3390194 zil_blk_id=1463996 ccf_commit_seqno=3390194 nstreams_done_=366002 config.nstreams=400000 avg_latency=0.9367 ms avg throuhgput (requests/sec) = 2249.6687 res=false
*==== INFO ====*  stream_id=1465996 latency=0.506391 ms (tx_ts=88482364111506, rx_ts=88482364617897) request_id=3394857 zil_blk_id=1465996 ccf_commit_seqno=3394858 nstreams_done_=366501 config.nstreams=400000 avg_latency=0.9365 ms avg throuhgput (requests/sec) = 2249.8659 res=false
*==== INFO ====*  stream_id=1467996 latency=0.781311 ms (tx_ts=88482579474302, rx_ts=88482580255613) request_id=3399600 zil_blk_id=1467996 ccf_commit_seqno=3399607 nstreams_done_=367001 config.nstreams=400000 avg_latency=0.9364 ms avg throuhgput (requests/sec) = 2249.9569 res=false
*==== INFO ====*  stream_id=1469996 latency=0.614700 ms (tx_ts=88482792616667, rx_ts=88482793231367) request_id=3404095 zil_blk_id=1469996 ccf_commit_seqno=3404096 nstreams_done_=367500 config.nstreams=400000 avg_latency=0.9363 ms avg throuhgput (requests/sec) = 2250.0843 res=false
*==== INFO ====*  stream_id=1471996 latency=0.774609 ms (tx_ts=88483009119667, rx_ts=88483009894276) request_id=3408459 zil_blk_id=1471996 ccf_commit_seqno=3408461 nstreams_done_=368001 config.nstreams=400000 avg_latency=0.9362 ms avg throuhgput (requests/sec) = 2250.1607 res=false
*==== INFO ====*  stream_id=1473996 latency=0.651217 ms (tx_ts=88483231951203, rx_ts=88483232602420) request_id=3413109 zil_blk_id=1473996 ccf_commit_seqno=3413113 nstreams_done_=368500 config.nstreams=400000 avg_latency=0.9361 ms avg throuhgput (requests/sec) = 2250.1538 res=false
*==== INFO ====*  stream_id=1475996 latency=0.753443 ms (tx_ts=88483455307685, rx_ts=88483456061128) request_id=3417667 zil_blk_id=1475996 ccf_commit_seqno=3417669 nstreams_done_=369001 config.nstreams=400000 avg_latency=0.9360 ms avg throuhgput (requests/sec) = 2250.1366 res=false
*==== INFO ====*  stream_id=1477996 latency=1.373238 ms (tx_ts=88483687414115, rx_ts=88483688787353) request_id=3422162 zil_blk_id=1477996 ccf_commit_seqno=3422183 nstreams_done_=369503 config.nstreams=400000 avg_latency=0.9360 ms avg throuhgput (requests/sec) = 2249.9925 res=false
*==== INFO ====*  stream_id=1479996 latency=0.841870 ms (tx_ts=88483925762598, rx_ts=88483926604468) request_id=3426551 zil_blk_id=1479996 ccf_commit_seqno=3426553 nstreams_done_=370001 config.nstreams=400000 avg_latency=0.9365 ms avg throuhgput (requests/sec) = 2249.7792 res=false
*==== INFO ====*  stream_id=1481996 latency=0.495076 ms (tx_ts=88484141548626, rx_ts=88484142043702) request_id=3431097 zil_blk_id=1481996 ccf_commit_seqno=3431099 nstreams_done_=370502 config.nstreams=400000 avg_latency=0.9364 ms avg throuhgput (requests/sec) = 2249.8721 res=false
*==== INFO ====*  stream_id=1483996 latency=0.848841 ms (tx_ts=88484376959647, rx_ts=88484377808488) request_id=3435255 zil_blk_id=1483996 ccf_commit_seqno=3435265 nstreams_done_=371000 config.nstreams=400000 avg_latency=0.9368 ms avg throuhgput (requests/sec) = 2249.6875 res=false
*==== INFO ====*  stream_id=1485996 latency=0.921283 ms (tx_ts=88484594166675, rx_ts=88484595087958) request_id=3439762 zil_blk_id=1485996 ccf_commit_seqno=3439771 nstreams_done_=371501 config.nstreams=400000 avg_latency=0.9366 ms avg throuhgput (requests/sec) = 2249.7553 res=false
*==== INFO ====*  stream_id=1487996 latency=0.586317 ms (tx_ts=88484812757248, rx_ts=88484813343565) request_id=3444309 zil_blk_id=1487996 ccf_commit_seqno=3444310 nstreams_done_=372001 config.nstreams=400000 avg_latency=0.9366 ms avg throuhgput (requests/sec) = 2249.8096 res=false
*==== INFO ====*  stream_id=1489996 latency=0.806084 ms (tx_ts=88485034316963, rx_ts=88485035123047) request_id=3448753 zil_blk_id=1489996 ccf_commit_seqno=3448757 nstreams_done_=372502 config.nstreams=400000 avg_latency=0.9365 ms avg throuhgput (requests/sec) = 2249.8159 res=false
*==== INFO ====*  stream_id=1491996 latency=0.929215 ms (tx_ts=88485265830740, rx_ts=88485266759955) request_id=3453682 zil_blk_id=1491996 ccf_commit_seqno=3453689 nstreams_done_=373002 config.nstreams=400000 avg_latency=0.9365 ms avg throuhgput (requests/sec) = 2249.6884 res=false
*==== INFO ====*  stream_id=1493996 latency=0.720487 ms (tx_ts=88485477627183, rx_ts=88485478347670) request_id=3458236 zil_blk_id=1493996 ccf_commit_seqno=3458238 nstreams_done_=373502 config.nstreams=400000 avg_latency=0.9364 ms avg throuhgput (requests/sec) = 2249.8329 res=false
*==== INFO ====*  stream_id=1495996 latency=0.490828 ms (tx_ts=88485701266320, rx_ts=88485701757148) request_id=3463059 zil_blk_id=1495996 ccf_commit_seqno=3463059 nstreams_done_=374001 config.nstreams=400000 avg_latency=0.9363 ms avg throuhgput (requests/sec) = 2249.8170 res=false
*==== INFO ====*  stream_id=1497996 latency=0.516050 ms (tx_ts=88485918957547, rx_ts=88485919473597) request_id=3467452 zil_blk_id=1497996 ccf_commit_seqno=3467452 nstreams_done_=374500 config.nstreams=400000 avg_latency=0.9363 ms avg throuhgput (requests/sec) = 2249.8782 res=false
*==== INFO ====*  stream_id=1499996 latency=0.878441 ms (tx_ts=88486128370004, rx_ts=88486129248445) request_id=3471652 zil_blk_id=1499996 ccf_commit_seqno=3471657 nstreams_done_=375002 config.nstreams=400000 avg_latency=0.9362 ms avg throuhgput (requests/sec) = 2250.0464 res=false
*==== INFO ====*  stream_id=1501996 latency=1.613432 ms (tx_ts=88486343906029, rx_ts=88486345519461) request_id=3476074 zil_blk_id=1501996 ccf_commit_seqno=3476079 nstreams_done_=375502 config.nstreams=400000 avg_latency=0.9362 ms avg throuhgput (requests/sec) = 2250.1266 res=false
*==== INFO ====*  stream_id=1503996 latency=0.811718 ms (tx_ts=88486560880471, rx_ts=88486561692189) request_id=3480518 zil_blk_id=1503996 ccf_commit_seqno=3480521 nstreams_done_=376000 config.nstreams=400000 avg_latency=0.9362 ms avg throuhgput (requests/sec) = 2250.2079 res=false
*==== INFO ====*  stream_id=1505996 latency=0.901746 ms (tx_ts=88486769969085, rx_ts=88486770870831) request_id=3484943 zil_blk_id=1505996 ccf_commit_seqno=3484945 nstreams_done_=376502 config.nstreams=400000 avg_latency=0.9361 ms avg throuhgput (requests/sec) = 2250.3830 res=false
*==== INFO ====*  stream_id=1507996 latency=0.709547 ms (tx_ts=88486984733557, rx_ts=88486985443104) request_id=3489470 zil_blk_id=1507996 ccf_commit_seqno=3489473 nstreams_done_=377002 config.nstreams=400000 avg_latency=0.9361 ms avg throuhgput (requests/sec) = 2250.4853 res=false
*==== INFO ====*  stream_id=1509996 latency=1.032922 ms (tx_ts=88487208987212, rx_ts=88487210020134) request_id=3493848 zil_blk_id=1509996 ccf_commit_seqno=3493855 nstreams_done_=377502 config.nstreams=400000 avg_latency=0.9362 ms avg throuhgput (requests/sec) = 2250.4530 res=false
*==== INFO ====*  stream_id=1511996 latency=0.517979 ms (tx_ts=88487427532726, rx_ts=88487428050705) request_id=3498809 zil_blk_id=1511996 ccf_commit_seqno=3498809 nstreams_done_=378001 config.nstreams=400000 avg_latency=0.9360 ms avg throuhgput (requests/sec) = 2250.5086 res=false
*==== INFO ====*  stream_id=1513996 latency=0.844957 ms (tx_ts=88487635407773, rx_ts=88487636252730) request_id=3503094 zil_blk_id=1513996 ccf_commit_seqno=3503096 nstreams_done_=378502 config.nstreams=400000 avg_latency=0.9362 ms avg throuhgput (requests/sec) = 2250.6956 res=false
*==== INFO ====*  stream_id=1515996 latency=0.595702 ms (tx_ts=88487858850930, rx_ts=88487859446632) request_id=3507762 zil_blk_id=1515996 ccf_commit_seqno=3507763 nstreams_done_=379000 config.nstreams=400000 avg_latency=0.9361 ms avg throuhgput (requests/sec) = 2250.6816 res=false
*==== INFO ====*  stream_id=1517996 latency=0.802981 ms (tx_ts=88488074182438, rx_ts=88488074985419) request_id=3512467 zil_blk_id=1517996 ccf_commit_seqno=3512475 nstreams_done_=379502 config.nstreams=400000 avg_latency=0.9359 ms avg throuhgput (requests/sec) = 2250.7700 res=false
*==== INFO ====*  stream_id=1519996 latency=0.860159 ms (tx_ts=88488294134739, rx_ts=88488294994898) request_id=3516690 zil_blk_id=1519996 ccf_commit_seqno=3516693 nstreams_done_=380002 config.nstreams=400000 avg_latency=0.9359 ms avg throuhgput (requests/sec) = 2250.7985 res=false
*==== INFO ====*  stream_id=1521996 latency=1.667960 ms (tx_ts=88488511898722, rx_ts=88488513566682) request_id=3520838 zil_blk_id=1521996 ccf_commit_seqno=3520840 nstreams_done_=380502 config.nstreams=400000 avg_latency=0.9360 ms avg throuhgput (requests/sec) = 2250.8460 res=false
*==== INFO ====*  stream_id=1523996 latency=0.885045 ms (tx_ts=88488743882673, rx_ts=88488744767718) request_id=3525138 zil_blk_id=1523996 ccf_commit_seqno=3525145 nstreams_done_=381000 config.nstreams=400000 avg_latency=0.9362 ms avg throuhgput (requests/sec) = 2250.7255 res=false
*==== INFO ====*  stream_id=1525996 latency=1.255548 ms (tx_ts=88488957319897, rx_ts=88488958575445) request_id=3529374 zil_blk_id=1525996 ccf_commit_seqno=3529378 nstreams_done_=381501 config.nstreams=400000 avg_latency=0.9360 ms avg throuhgput (requests/sec) = 2250.8363 res=false
*==== INFO ====*  stream_id=1527996 latency=1.392705 ms (tx_ts=88489195498278, rx_ts=88489196890983) request_id=3533412 zil_blk_id=1527996 ccf_commit_seqno=3533415 nstreams_done_=382002 config.nstreams=400000 avg_latency=0.9362 ms avg throuhgput (requests/sec) = 2250.6218 res=false
*==== INFO ====*  stream_id=1529996 latency=0.599000 ms (tx_ts=88489419827658, rx_ts=88489420426658) request_id=3538192 zil_blk_id=1529996 ccf_commit_seqno=3538193 nstreams_done_=382501 config.nstreams=400000 avg_latency=0.9362 ms avg throuhgput (requests/sec) = 2250.6036 res=false
*==== INFO ====*  stream_id=1531996 latency=0.718634 ms (tx_ts=88489648620216, rx_ts=88489649338850) request_id=3542983 zil_blk_id=1531996 ccf_commit_seqno=3542984 nstreams_done_=383002 config.nstreams=400000 avg_latency=0.9361 ms avg throuhgput (requests/sec) = 2250.5143 res=false
*==== INFO ====*  stream_id=1533996 latency=0.788069 ms (tx_ts=88489865633139, rx_ts=88489866421208) request_id=3547309 zil_blk_id=1533996 ccf_commit_seqno=3547312 nstreams_done_=383500 config.nstreams=400000 avg_latency=0.9361 ms avg throuhgput (requests/sec) = 2250.5815 res=false
*==== INFO ====*  stream_id=1535996 latency=1.014532 ms (tx_ts=88490083544193, rx_ts=88490084558725) request_id=3551677 zil_blk_id=1535996 ccf_commit_seqno=3551678 nstreams_done_=384002 config.nstreams=400000 avg_latency=0.9361 ms avg throuhgput (requests/sec) = 2250.6346 res=false
*==== INFO ====*  stream_id=1537996 latency=0.761665 ms (tx_ts=88490279596026, rx_ts=88490280357691) request_id=3556162 zil_blk_id=1537996 ccf_commit_seqno=3556165 nstreams_done_=384501 config.nstreams=400000 avg_latency=0.9359 ms avg throuhgput (requests/sec) = 2250.9820 res=false
*==== INFO ====*  stream_id=1539996 latency=0.793101 ms (tx_ts=88490496970715, rx_ts=88490497763816) request_id=3560591 zil_blk_id=1539996 ccf_commit_seqno=3560591 nstreams_done_=385000 config.nstreams=400000 avg_latency=0.9358 ms avg throuhgput (requests/sec) = 2251.0441 res=false
*==== INFO ====*  stream_id=1541996 latency=0.734740 ms (tx_ts=88490717243403, rx_ts=88490717978143) request_id=3565127 zil_blk_id=1541996 ccf_commit_seqno=3565131 nstreams_done_=385502 config.nstreams=400000 avg_latency=0.9357 ms avg throuhgput (requests/sec) = 2251.0691 res=false
*==== INFO ====*  stream_id=1543996 latency=0.661988 ms (tx_ts=88490945392566, rx_ts=88490946054554) request_id=3569513 zil_blk_id=1543996 ccf_commit_seqno=3569516 nstreams_done_=386001 config.nstreams=400000 avg_latency=0.9357 ms avg throuhgput (requests/sec) = 2250.9909 res=false
*==== INFO ====*  stream_id=1545996 latency=0.977421 ms (tx_ts=88491164345308, rx_ts=88491165322729) request_id=3573984 zil_blk_id=1545996 ccf_commit_seqno=3573989 nstreams_done_=386502 config.nstreams=400000 avg_latency=0.9357 ms avg throuhgput (requests/sec) = 2251.0283 res=false
*==== INFO ====*  stream_id=1547996 latency=1.105390 ms (tx_ts=88491396707799, rx_ts=88491397813189) request_id=3578575 zil_blk_id=1547996 ccf_commit_seqno=3578577 nstreams_done_=387002 config.nstreams=400000 avg_latency=0.9358 ms avg throuhgput (requests/sec) = 2250.8926 res=false
*==== INFO ====*  stream_id=1549996 latency=0.767375 ms (tx_ts=88491617990059, rx_ts=88491618757434) request_id=3582950 zil_blk_id=1549996 ccf_commit_seqno=3582952 nstreams_done_=387501 config.nstreams=400000 avg_latency=0.9358 ms avg throuhgput (requests/sec) = 2250.9081 res=false
*==== INFO ====*  stream_id=1551996 latency=0.608593 ms (tx_ts=88491843901645, rx_ts=88491844510238) request_id=3587456 zil_blk_id=1551996 ccf_commit_seqno=3587457 nstreams_done_=388001 config.nstreams=400000 avg_latency=0.9358 ms avg throuhgput (requests/sec) = 2250.8608 res=false
*==== INFO ====*  stream_id=1553996 latency=0.508816 ms (tx_ts=88492066920915, rx_ts=88492067429731) request_id=3592175 zil_blk_id=1553996 ccf_commit_seqno=3592175 nstreams_done_=388500 config.nstreams=400000 avg_latency=0.9357 ms avg throuhgput (requests/sec) = 2250.8506 res=false
*==== INFO ====*  stream_id=1555996 latency=0.609141 ms (tx_ts=88492290776749, rx_ts=88492291385890) request_id=3596648 zil_blk_id=1555996 ccf_commit_seqno=3596648 nstreams_done_=389001 config.nstreams=400000 avg_latency=0.9356 ms avg throuhgput (requests/sec) = 2250.8270 res=false
*==== INFO ====*  stream_id=1557996 latency=0.651723 ms (tx_ts=88492512468392, rx_ts=88492513120115) request_id=3600860 zil_blk_id=1557996 ccf_commit_seqno=3600860 nstreams_done_=389501 config.nstreams=400000 avg_latency=0.9357 ms avg throuhgput (requests/sec) = 2250.8323 res=false
*==== INFO ====*  stream_id=1559996 latency=1.066795 ms (tx_ts=88492744646012, rx_ts=88492745712807) request_id=3604906 zil_blk_id=1559996 ccf_commit_seqno=3604909 nstreams_done_=390001 config.nstreams=400000 avg_latency=0.9358 ms avg throuhgput (requests/sec) = 2250.6965 res=false
*==== INFO ====*  stream_id=1561996 latency=0.687579 ms (tx_ts=88492975572382, rx_ts=88492976259961) request_id=3609272 zil_blk_id=1561996 ccf_commit_seqno=3609274 nstreams_done_=390503 config.nstreams=400000 avg_latency=0.9358 ms avg throuhgput (requests/sec) = 2250.5876 res=false
*==== INFO ====*  stream_id=1563996 latency=0.894843 ms (tx_ts=88493186133973, rx_ts=88493187028816) request_id=3613556 zil_blk_id=1563996 ccf_commit_seqno=3613560 nstreams_done_=391004 config.nstreams=400000 avg_latency=0.9358 ms avg throuhgput (requests/sec) = 2250.7352 res=false
*==== INFO ====*  stream_id=1565996 latency=0.558835 ms (tx_ts=88493420868916, rx_ts=88493421427751) request_id=3618177 zil_blk_id=1565996 ccf_commit_seqno=3618177 nstreams_done_=391501 config.nstreams=400000 avg_latency=0.9360 ms avg throuhgput (requests/sec) = 2250.5767 res=false
*==== INFO ====*  stream_id=1567996 latency=0.783337 ms (tx_ts=88493636834240, rx_ts=88493637617577) request_id=3623001 zil_blk_id=1567996 ccf_commit_seqno=3623007 nstreams_done_=392002 config.nstreams=400000 avg_latency=0.9359 ms avg throuhgput (requests/sec) = 2250.6540 res=false
*==== INFO ====*  stream_id=1569996 latency=0.759701 ms (tx_ts=88493855623832, rx_ts=88493856383533) request_id=3627729 zil_blk_id=1569996 ccf_commit_seqno=3627729 nstreams_done_=392502 config.nstreams=400000 avg_latency=0.9357 ms avg throuhgput (requests/sec) = 2250.6977 res=false
*==== INFO ====*  stream_id=1571996 latency=1.243586 ms (tx_ts=88494065963796, rx_ts=88494067207382) request_id=3631850 zil_blk_id=1571996 ccf_commit_seqno=3631853 nstreams_done_=393001 config.nstreams=400000 avg_latency=0.9357 ms avg throuhgput (requests/sec) = 2250.8438 res=false
*==== INFO ====*  stream_id=1573996 latency=0.658662 ms (tx_ts=88494282900536, rx_ts=88494283559198) request_id=3636211 zil_blk_id=1573996 ccf_commit_seqno=3636213 nstreams_done_=393500 config.nstreams=400000 avg_latency=0.9357 ms avg throuhgput (requests/sec) = 2250.9183 res=false
*==== INFO ====*  stream_id=1575996 latency=0.530642 ms (tx_ts=88494518648301, rx_ts=88494519178943) request_id=3641368 zil_blk_id=1575996 ccf_commit_seqno=3641370 nstreams_done_=394003 config.nstreams=400000 avg_latency=0.9374 ms avg throuhgput (requests/sec) = 2250.7448 res=false
*==== INFO ====*  stream_id=1577996 latency=0.543106 ms (tx_ts=88494733209717, rx_ts=88494733752823) request_id=3645673 zil_blk_id=1577996 ccf_commit_seqno=3645673 nstreams_done_=394500 config.nstreams=400000 avg_latency=0.9375 ms avg throuhgput (requests/sec) = 2250.8421 res=false
*==== INFO ====*  stream_id=1579996 latency=1.768198 ms (tx_ts=88494975988742, rx_ts=88494977756940) request_id=3650132 zil_blk_id=1579996 ccf_commit_seqno=3650136 nstreams_done_=395003 config.nstreams=400000 avg_latency=0.9376 ms avg throuhgput (requests/sec) = 2250.5617 res=false
*==== INFO ====*  stream_id=1581996 latency=0.891321 ms (tx_ts=88495210705255, rx_ts=88495211596576) request_id=3654474 zil_blk_id=1581996 ccf_commit_seqno=3654485 nstreams_done_=395502 config.nstreams=400000 avg_latency=0.9377 ms avg throuhgput (requests/sec) = 2250.4122 res=false
*==== INFO ====*  stream_id=1583996 latency=0.602704 ms (tx_ts=88495421470308, rx_ts=88495422073012) request_id=3658965 zil_blk_id=1583996 ccf_commit_seqno=3658966 nstreams_done_=396002 config.nstreams=400000 avg_latency=0.9377 ms avg throuhgput (requests/sec) = 2250.5619 res=false
*==== INFO ====*  stream_id=1585996 latency=0.634216 ms (tx_ts=88495647238575, rx_ts=88495647872791) request_id=3663788 zil_blk_id=1585996 ccf_commit_seqno=3663792 nstreams_done_=396501 config.nstreams=400000 avg_latency=0.9376 ms avg throuhgput (requests/sec) = 2250.5155 res=false
*==== INFO ====*  stream_id=1587996 latency=0.946811 ms (tx_ts=88495869040386, rx_ts=88495869987197) request_id=3668477 zil_blk_id=1587996 ccf_commit_seqno=3668482 nstreams_done_=397002 config.nstreams=400000 avg_latency=0.9375 ms avg throuhgput (requests/sec) = 2250.5163 res=false
*==== INFO ====*  stream_id=1589996 latency=0.662549 ms (tx_ts=88496101231780, rx_ts=88496101894329) request_id=3673254 zil_blk_id=1589996 ccf_commit_seqno=3673254 nstreams_done_=397500 config.nstreams=400000 avg_latency=0.9374 ms avg throuhgput (requests/sec) = 2250.3922 res=false
*==== INFO ====*  stream_id=1591996 latency=0.506888 ms (tx_ts=88496317260544, rx_ts=88496317767432) request_id=3677794 zil_blk_id=1591996 ccf_commit_seqno=3677795 nstreams_done_=398000 config.nstreams=400000 avg_latency=0.9373 ms avg throuhgput (requests/sec) = 2250.4725 res=false
*==== INFO ====*  stream_id=1593996 latency=0.870437 ms (tx_ts=88496529350220, rx_ts=88496530220657) request_id=3682654 zil_blk_id=1593996 ccf_commit_seqno=3682654 nstreams_done_=398502 config.nstreams=400000 avg_latency=0.9371 ms avg throuhgput (requests/sec) = 2250.5961 res=false
*==== INFO ====*  stream_id=1595996 latency=0.646359 ms (tx_ts=88496748838906, rx_ts=88496749485265) request_id=3687179 zil_blk_id=1595996 ccf_commit_seqno=3687180 nstreams_done_=399000 config.nstreams=400000 avg_latency=0.9371 ms avg throuhgput (requests/sec) = 2250.6329 res=false
*==== INFO ====*  stream_id=1597996 latency=0.781643 ms (tx_ts=88496991335877, rx_ts=88496992117520) request_id=3691584 zil_blk_id=1597996 ccf_commit_seqno=3691591 nstreams_done_=399501 config.nstreams=400000 avg_latency=0.9371 ms avg throuhgput (requests/sec) = 2250.3733 res=false
*==== INFO ====* http_end_stream ALL streams done! nstreams_done_=400000 avg_latency=0.9371 ms
*==== INFO ====*  stream_id=1599996 latency=0.638584 ms (tx_ts=88497207230819, rx_ts=88497207869403) request_id=3695934 zil_blk_id=1599996 ccf_commit_seqno=3695935 nstreams_done_=400000 config.nstreams=400000 avg_latency=0.9371 ms avg throuhgput (requests/sec) = 2250.4548 res=false
ngtcp2_conn_read_pkt: ERR_DRAINING
ngtcp2_conn_write_stream: ERR_DRAINING
