Uniform: 1834 869 253 437 1643 
Exponential: -2147483648 -2147483648 -2147483648 -2147483648 -2147483648 
Truncated Normal: 852 1730 1331 198 339 
*==== INFO ====*  stream_id=1996 latency=0.734083 ms (tx_ts=88315089726401, rx_ts=88315090460484) request_id=11180 zil_blk_id=1996 ccf_commit_seqno=11180 nstreams_done_=500 config.nstreams=400000 avg_latency=0.8180 ms avg throuhgput (requests/sec) = 807.3979 res=false
*==== INFO ====*  stream_id=3996 latency=0.999736 ms (tx_ts=88315724812843, rx_ts=88315725812579) request_id=22324 zil_blk_id=3996 ccf_commit_seqno=22331 nstreams_done_=1000 config.nstreams=400000 avg_latency=0.8372 ms avg throuhgput (requests/sec) = 797.0506 res=false
*==== INFO ====*  stream_id=5996 latency=0.486580 ms (tx_ts=88316292389146, rx_ts=88316292875726) request_id=33448 zil_blk_id=5996 ccf_commit_seqno=33448 nstreams_done_=1500 config.nstreams=400000 avg_latency=0.8034 ms avg throuhgput (requests/sec) = 823.4119 res=false
*==== INFO ====*  stream_id=7996 latency=0.497841 ms (tx_ts=88316900020643, rx_ts=88316900518484) request_id=44756 zil_blk_id=7996 ccf_commit_seqno=44756 nstreams_done_=2000 config.nstreams=400000 avg_latency=0.7977 ms avg throuhgput (requests/sec) = 823.2718 res=false
*==== INFO ====*  stream_id=9996 latency=0.784490 ms (tx_ts=88317498961927, rx_ts=88317499746417) request_id=56202 zil_blk_id=9996 ccf_commit_seqno=56206 nstreams_done_=2500 config.nstreams=400000 avg_latency=0.7942 ms avg throuhgput (requests/sec) = 825.4750 res=false
*==== INFO ====*  stream_id=11996 latency=0.579633 ms (tx_ts=88318084248687, rx_ts=88318084828320) request_id=67448 zil_blk_id=11996 ccf_commit_seqno=67449 nstreams_done_=3000 config.nstreams=400000 avg_latency=0.7884 ms avg throuhgput (requests/sec) = 830.1876 res=false
*==== INFO ====*  stream_id=13996 latency=0.664493 ms (tx_ts=88318683389498, rx_ts=88318684053991) request_id=78644 zil_blk_id=13996 ccf_commit_seqno=78646 nstreams_done_=3500 config.nstreams=400000 avg_latency=0.7859 ms avg throuhgput (requests/sec) = 830.7882 res=false
*==== INFO ====*  stream_id=15996 latency=1.030467 ms (tx_ts=88319312429035, rx_ts=88319313459502) request_id=89828 zil_blk_id=15996 ccf_commit_seqno=89831 nstreams_done_=4000 config.nstreams=400000 avg_latency=0.7934 ms avg throuhgput (requests/sec) = 826.0584 res=false
*==== INFO ====*  stream_id=17996 latency=1.430565 ms (tx_ts=88319946370832, rx_ts=88319947801397) request_id=101789 zil_blk_id=17996 ccf_commit_seqno=101795 nstreams_done_=4500 config.nstreams=400000 avg_latency=0.8029 ms avg throuhgput (requests/sec) = 821.6755 res=false
*==== INFO ====*  stream_id=19996 latency=0.595520 ms (tx_ts=88320541827650, rx_ts=88320542423170) request_id=114130 zil_blk_id=19996 ccf_commit_seqno=114130 nstreams_done_=5000 config.nstreams=400000 avg_latency=0.8017 ms avg throuhgput (requests/sec) = 823.5555 res=false
*==== INFO ====*  stream_id=21996 latency=0.686554 ms (tx_ts=88321125706166, rx_ts=88321126392720) request_id=126710 zil_blk_id=21996 ccf_commit_seqno=126710 nstreams_done_=5500 config.nstreams=400000 avg_latency=0.7964 ms avg throuhgput (requests/sec) = 826.4207 res=false
*==== INFO ====*  stream_id=23996 latency=0.768668 ms (tx_ts=88321823812412, rx_ts=88321824581080) request_id=139478 zil_blk_id=23996 ccf_commit_seqno=139483 nstreams_done_=6000 config.nstreams=400000 avg_latency=0.8119 ms avg throuhgput (requests/sec) = 815.9498 res=false
*==== INFO ====*  stream_id=25996 latency=0.875300 ms (tx_ts=88322430143717, rx_ts=88322431019017) request_id=151979 zil_blk_id=25996 ccf_commit_seqno=151984 nstreams_done_=6500 config.nstreams=400000 avg_latency=0.8114 ms avg throuhgput (requests/sec) = 816.6002 res=false
*==== INFO ====*  stream_id=27996 latency=0.533618 ms (tx_ts=88323071076463, rx_ts=88323071610081) request_id=164225 zil_blk_id=27996 ccf_commit_seqno=164227 nstreams_done_=7000 config.nstreams=400000 avg_latency=0.8157 ms avg throuhgput (requests/sec) = 813.9135 res=false
*==== INFO ====*  stream_id=29996 latency=0.684259 ms (tx_ts=88323649566694, rx_ts=88323650250953) request_id=176363 zil_blk_id=29996 ccf_commit_seqno=176369 nstreams_done_=7500 config.nstreams=400000 avg_latency=0.8118 ms avg throuhgput (requests/sec) = 817.0768 res=false
*==== INFO ====*  stream_id=31996 latency=2.376951 ms (tx_ts=88324231153293, rx_ts=88324233530244) request_id=188771 zil_blk_id=31996 ccf_commit_seqno=188777 nstreams_done_=8000 config.nstreams=400000 avg_latency=0.8087 ms avg throuhgput (requests/sec) = 819.4754 res=false
*==== INFO ====*  stream_id=33996 latency=0.647481 ms (tx_ts=88324806527900, rx_ts=88324807175381) request_id=200814 zil_blk_id=33996 ccf_commit_seqno=200817 nstreams_done_=8500 config.nstreams=400000 avg_latency=0.8060 ms avg throuhgput (requests/sec) = 822.3694 res=false
*==== INFO ====*  stream_id=35996 latency=0.743691 ms (tx_ts=88325421615268, rx_ts=88325422358959) request_id=213426 zil_blk_id=35996 ccf_commit_seqno=213429 nstreams_done_=9000 config.nstreams=400000 avg_latency=0.8062 ms avg throuhgput (requests/sec) = 821.8299 res=false
*==== INFO ====*  stream_id=37996 latency=0.786060 ms (tx_ts=88326054591620, rx_ts=88326055377680) request_id=226245 zil_blk_id=37996 ccf_commit_seqno=226250 nstreams_done_=9500 config.nstreams=400000 avg_latency=0.8081 ms avg throuhgput (requests/sec) = 820.0832 res=false
*==== INFO ====*  stream_id=39996 latency=0.683566 ms (tx_ts=88326687254817, rx_ts=88326687938383) request_id=238920 zil_blk_id=39996 ccf_commit_seqno=238923 nstreams_done_=10000 config.nstreams=400000 avg_latency=0.8095 ms avg throuhgput (requests/sec) = 818.5482 res=false
*==== INFO ====*  stream_id=41996 latency=1.018760 ms (tx_ts=88327266894714, rx_ts=88327267913474) request_id=251240 zil_blk_id=41996 ccf_commit_seqno=251246 nstreams_done_=10500 config.nstreams=400000 avg_latency=0.8069 ms avg throuhgput (requests/sec) = 820.5224 res=false
*==== INFO ====*  stream_id=43996 latency=0.746897 ms (tx_ts=88327885359639, rx_ts=88327886106536) request_id=263906 zil_blk_id=43996 ccf_commit_seqno=263908 nstreams_done_=11000 config.nstreams=400000 avg_latency=0.8078 ms avg throuhgput (requests/sec) = 819.9826 res=false
*==== INFO ====*  stream_id=45996 latency=1.413604 ms (tx_ts=88328532954117, rx_ts=88328534367721) request_id=276693 zil_blk_id=45996 ccf_commit_seqno=276700 nstreams_done_=11500 config.nstreams=400000 avg_latency=0.8105 ms avg throuhgput (requests/sec) = 817.7382 res=false
*==== INFO ====*  stream_id=47996 latency=1.278757 ms (tx_ts=88329175091056, rx_ts=88329176369813) request_id=289404 zil_blk_id=47996 ccf_commit_seqno=289418 nstreams_done_=12000 config.nstreams=400000 avg_latency=0.8133 ms avg throuhgput (requests/sec) = 816.0388 res=false
*==== INFO ====*  stream_id=49996 latency=0.680987 ms (tx_ts=88329747936091, rx_ts=88329748617078) request_id=301550 zil_blk_id=49996 ccf_commit_seqno=301552 nstreams_done_=12500 config.nstreams=400000 avg_latency=0.8112 ms avg throuhgput (requests/sec) = 818.2004 res=false
*==== INFO ====*  stream_id=51996 latency=0.636633 ms (tx_ts=88330323427194, rx_ts=88330324063827) request_id=314161 zil_blk_id=51996 ccf_commit_seqno=314161 nstreams_done_=13000 config.nstreams=400000 avg_latency=0.8084 ms avg throuhgput (requests/sec) = 820.0404 res=false
*==== INFO ====*  stream_id=53996 latency=1.034331 ms (tx_ts=88330941399682, rx_ts=88330942434013) request_id=326770 zil_blk_id=53996 ccf_commit_seqno=326770 nstreams_done_=13500 config.nstreams=400000 avg_latency=0.8083 ms avg throuhgput (requests/sec) = 819.6101 res=false
*==== INFO ====*  stream_id=55996 latency=0.632625 ms (tx_ts=88331581789870, rx_ts=88331582422495) request_id=339228 zil_blk_id=55996 ccf_commit_seqno=339229 nstreams_done_=14000 config.nstreams=400000 avg_latency=0.8105 ms avg throuhgput (requests/sec) = 818.1759 res=false
*==== INFO ====*  stream_id=57996 latency=0.872959 ms (tx_ts=88332205193264, rx_ts=88332206066223) request_id=351580 zil_blk_id=57996 ccf_commit_seqno=351581 nstreams_done_=14500 config.nstreams=400000 avg_latency=0.8122 ms avg throuhgput (requests/sec) = 817.5979 res=false
*==== INFO ====*  stream_id=59996 latency=0.875798 ms (tx_ts=88332812239938, rx_ts=88332813115736) request_id=363674 zil_blk_id=59996 ccf_commit_seqno=363675 nstreams_done_=15000 config.nstreams=400000 avg_latency=0.8136 ms avg throuhgput (requests/sec) = 817.7984 res=false
*==== INFO ====*  stream_id=61996 latency=0.590555 ms (tx_ts=88333470918682, rx_ts=88333471509237) request_id=376254 zil_blk_id=61996 ccf_commit_seqno=376254 nstreams_done_=15500 config.nstreams=400000 avg_latency=0.8171 ms avg throuhgput (requests/sec) = 815.7756 res=false
*==== INFO ====*  stream_id=63996 latency=1.344647 ms (tx_ts=88334093025151, rx_ts=88334094369798) request_id=388772 zil_blk_id=63996 ccf_commit_seqno=388792 nstreams_done_=16000 config.nstreams=400000 avg_latency=0.8175 ms avg throuhgput (requests/sec) = 815.3621 res=false
*==== INFO ====*  stream_id=65996 latency=0.667533 ms (tx_ts=88334697569779, rx_ts=88334698237312) request_id=400931 zil_blk_id=65996 ccf_commit_seqno=400934 nstreams_done_=16500 config.nstreams=400000 avg_latency=0.8178 ms avg throuhgput (requests/sec) = 815.7393 res=false
*==== INFO ====*  stream_id=67996 latency=0.955957 ms (tx_ts=88335297645465, rx_ts=88335298601422) request_id=413255 zil_blk_id=67996 ccf_commit_seqno=413257 nstreams_done_=17000 config.nstreams=400000 avg_latency=0.8172 ms avg throuhgput (requests/sec) = 816.2319 res=false
*==== INFO ====*  stream_id=69996 latency=0.595544 ms (tx_ts=88335960929683, rx_ts=88335961525227) request_id=426038 zil_blk_id=69996 ccf_commit_seqno=426039 nstreams_done_=17500 config.nstreams=400000 avg_latency=0.8199 ms avg throuhgput (requests/sec) = 814.3194 res=false
*==== INFO ====*  stream_id=71996 latency=0.847948 ms (tx_ts=88336586897796, rx_ts=88336587745744) request_id=438928 zil_blk_id=71996 ccf_commit_seqno=438932 nstreams_done_=18000 config.nstreams=400000 avg_latency=0.8196 ms avg throuhgput (requests/sec) = 813.8698 res=false
*==== INFO ====*  stream_id=73996 latency=0.496860 ms (tx_ts=88337188173464, rx_ts=88337188670324) request_id=451599 zil_blk_id=73996 ccf_commit_seqno=451599 nstreams_done_=18500 config.nstreams=400000 avg_latency=0.8188 ms avg throuhgput (requests/sec) = 814.3508 res=false
*==== INFO ====*  stream_id=75996 latency=1.438313 ms (tx_ts=88337799145418, rx_ts=88337800583731) request_id=464141 zil_blk_id=75996 ccf_commit_seqno=464149 nstreams_done_=19000 config.nstreams=400000 avg_latency=0.8186 ms avg throuhgput (requests/sec) = 814.4231 res=false
*==== INFO ====*  stream_id=77996 latency=0.754242 ms (tx_ts=88338423045051, rx_ts=88338423799293) request_id=476667 zil_blk_id=77996 ccf_commit_seqno=476668 nstreams_done_=19500 config.nstreams=400000 avg_latency=0.8190 ms avg throuhgput (requests/sec) = 814.1074 res=false
*==== INFO ====*  stream_id=79996 latency=0.586258 ms (tx_ts=88339061724811, rx_ts=88339062311069) request_id=489208 zil_blk_id=79996 ccf_commit_seqno=489208 nstreams_done_=20000 config.nstreams=400000 avg_latency=0.8206 ms avg throuhgput (requests/sec) = 813.3016 res=false
*==== INFO ====*  stream_id=81996 latency=0.592149 ms (tx_ts=88339621060167, rx_ts=88339621652316) request_id=501503 zil_blk_id=81996 ccf_commit_seqno=501506 nstreams_done_=20500 config.nstreams=400000 avg_latency=0.8182 ms avg throuhgput (requests/sec) = 815.0943 res=false
*==== INFO ====*  stream_id=83996 latency=0.969495 ms (tx_ts=88340239307867, rx_ts=88340240277362) request_id=514350 zil_blk_id=83996 ccf_commit_seqno=514356 nstreams_done_=21000 config.nstreams=400000 avg_latency=0.8180 ms avg throuhgput (requests/sec) = 814.9298 res=false
*==== INFO ====*  stream_id=85996 latency=1.560950 ms (tx_ts=88340905539382, rx_ts=88340907100332) request_id=527077 zil_blk_id=85996 ccf_commit_seqno=527087 nstreams_done_=21500 config.nstreams=400000 avg_latency=0.8200 ms avg throuhgput (requests/sec) = 813.2876 res=false
*==== INFO ====*  stream_id=87996 latency=1.597587 ms (tx_ts=88341519177152, rx_ts=88341520774739) request_id=539267 zil_blk_id=87996 ccf_commit_seqno=539276 nstreams_done_=22000 config.nstreams=400000 avg_latency=0.8201 ms avg throuhgput (requests/sec) = 813.3211 res=false
*==== INFO ====*  stream_id=89996 latency=0.599952 ms (tx_ts=88342168316138, rx_ts=88342168916090) request_id=552060 zil_blk_id=89996 ccf_commit_seqno=552061 nstreams_done_=22500 config.nstreams=400000 avg_latency=0.8209 ms avg throuhgput (requests/sec) = 812.3410 res=false
*==== INFO ====*  stream_id=91996 latency=0.816885 ms (tx_ts=88342755171409, rx_ts=88342755988294) request_id=564240 zil_blk_id=91996 ccf_commit_seqno=564245 nstreams_done_=23000 config.nstreams=400000 avg_latency=0.8201 ms avg throuhgput (requests/sec) = 813.1576 res=false
*==== INFO ====*  stream_id=93996 latency=0.713877 ms (tx_ts=88343387072418, rx_ts=88343387786295) request_id=576636 zil_blk_id=93996 ccf_commit_seqno=576640 nstreams_done_=23500 config.nstreams=400000 avg_latency=0.8209 ms avg throuhgput (requests/sec) = 812.6820 res=false
*==== INFO ====*  stream_id=95996 latency=0.689880 ms (tx_ts=88344057508282, rx_ts=88344058198162) request_id=589046 zil_blk_id=95996 ccf_commit_seqno=589048 nstreams_done_=24000 config.nstreams=400000 avg_latency=0.8233 ms avg throuhgput (requests/sec) = 811.1668 res=false
*==== INFO ====*  stream_id=97996 latency=0.564305 ms (tx_ts=88344734121306, rx_ts=88344734685611) request_id=602193 zil_blk_id=97996 ccf_commit_seqno=602194 nstreams_done_=24500 config.nstreams=400000 avg_latency=0.8245 ms avg throuhgput (requests/sec) = 809.5561 res=false
*==== INFO ====*  stream_id=99996 latency=0.665214 ms (tx_ts=88345315682474, rx_ts=88345316347688) request_id=614712 zil_blk_id=99996 ccf_commit_seqno=614712 nstreams_done_=25000 config.nstreams=400000 avg_latency=0.8230 ms avg throuhgput (requests/sec) = 810.4999 res=false
*==== INFO ====*  stream_id=101996 latency=0.638254 ms (tx_ts=88345916507141, rx_ts=88345917145395) request_id=626852 zil_blk_id=101996 ccf_commit_seqno=626853 nstreams_done_=25500 config.nstreams=400000 avg_latency=0.8227 ms avg throuhgput (requests/sec) = 810.9150 res=false
*==== INFO ====*  stream_id=103996 latency=0.749482 ms (tx_ts=88346574454410, rx_ts=88346575203892) request_id=639498 zil_blk_id=103996 ccf_commit_seqno=639502 nstreams_done_=26000 config.nstreams=400000 avg_latency=0.8243 ms avg throuhgput (requests/sec) = 809.8675 res=false
*==== INFO ====*  stream_id=105996 latency=0.662860 ms (tx_ts=88347200959038, rx_ts=88347201621898) request_id=652012 zil_blk_id=105996 ccf_commit_seqno=652016 nstreams_done_=26500 config.nstreams=400000 avg_latency=0.8248 ms avg throuhgput (requests/sec) = 809.6440 res=false
*==== INFO ====*  stream_id=107996 latency=0.673480 ms (tx_ts=88347745636677, rx_ts=88347746310157) request_id=664315 zil_blk_id=107996 ccf_commit_seqno=664320 nstreams_done_=27000 config.nstreams=400000 avg_latency=0.8224 ms avg throuhgput (requests/sec) = 811.4170 res=false
*==== INFO ====*  stream_id=109996 latency=0.722306 ms (tx_ts=88348354357954, rx_ts=88348355080260) request_id=676439 zil_blk_id=109996 ccf_commit_seqno=676442 nstreams_done_=27500 config.nstreams=400000 avg_latency=0.8224 ms avg throuhgput (requests/sec) = 811.5951 res=false
*==== INFO ====*  stream_id=111996 latency=0.545592 ms (tx_ts=88348919914276, rx_ts=88348920459868) request_id=688542 zil_blk_id=111996 ccf_commit_seqno=688542 nstreams_done_=28000 config.nstreams=400000 avg_latency=0.8210 ms avg throuhgput (requests/sec) = 812.7893 res=false
*==== INFO ====*  stream_id=113996 latency=0.706114 ms (tx_ts=88349535741780, rx_ts=88349536447894) request_id=700747 zil_blk_id=113996 ccf_commit_seqno=700748 nstreams_done_=28500 config.nstreams=400000 avg_latency=0.8209 ms avg throuhgput (requests/sec) = 812.7702 res=false
*==== INFO ====*  stream_id=115996 latency=1.491830 ms (tx_ts=88350188565042, rx_ts=88350190056872) request_id=713499 zil_blk_id=115996 ccf_commit_seqno=713520 nstreams_done_=29000 config.nstreams=400000 avg_latency=0.8218 ms avg throuhgput (requests/sec) = 811.8958 res=false
*==== INFO ====*  stream_id=117996 latency=0.872956 ms (tx_ts=88350811344496, rx_ts=88350812217452) request_id=725733 zil_blk_id=117996 ccf_commit_seqno=725740 nstreams_done_=29500 config.nstreams=400000 avg_latency=0.8220 ms avg throuhgput (requests/sec) = 811.7546 res=false
*==== INFO ====*  stream_id=119996 latency=0.719115 ms (tx_ts=88351445743002, rx_ts=88351446462117) request_id=738385 zil_blk_id=119996 ccf_commit_seqno=738387 nstreams_done_=30000 config.nstreams=400000 avg_latency=0.8226 ms avg throuhgput (requests/sec) = 811.3530 res=false
*==== INFO ====*  stream_id=121996 latency=0.605489 ms (tx_ts=88352076156012, rx_ts=88352076761501) request_id=751006 zil_blk_id=121996 ccf_commit_seqno=751006 nstreams_done_=30500 config.nstreams=400000 avg_latency=0.8230 ms avg throuhgput (requests/sec) = 811.0500 res=false
*==== INFO ====*  stream_id=123996 latency=1.119394 ms (tx_ts=88352645381651, rx_ts=88352646501045) request_id=763116 zil_blk_id=123996 ccf_commit_seqno=763122 nstreams_done_=31000 config.nstreams=400000 avg_latency=0.8219 ms avg throuhgput (requests/sec) = 812.0431 res=false
*==== INFO ====*  stream_id=125996 latency=0.663282 ms (tx_ts=88353282177649, rx_ts=88353282840931) request_id=775872 zil_blk_id=125996 ccf_commit_seqno=775874 nstreams_done_=31500 config.nstreams=400000 avg_latency=0.8222 ms avg throuhgput (requests/sec) = 811.6119 res=false
*==== INFO ====*  stream_id=127996 latency=0.786932 ms (tx_ts=88353926532454, rx_ts=88353927319386) request_id=788302 zil_blk_id=127996 ccf_commit_seqno=788302 nstreams_done_=32000 config.nstreams=400000 avg_latency=0.8233 ms avg throuhgput (requests/sec) = 811.0273 res=false
*==== INFO ====*  stream_id=129996 latency=1.394958 ms (tx_ts=88354659427499, rx_ts=88354660822457) request_id=801252 zil_blk_id=129996 ccf_commit_seqno=801265 nstreams_done_=32500 config.nstreams=400000 avg_latency=0.8265 ms avg throuhgput (requests/sec) = 808.6662 res=false
*==== INFO ====*  stream_id=131996 latency=0.523379 ms (tx_ts=88355235769156, rx_ts=88355236292535) request_id=813387 zil_blk_id=131996 ccf_commit_seqno=813387 nstreams_done_=33000 config.nstreams=400000 avg_latency=0.8255 ms avg throuhgput (requests/sec) = 809.5159 res=false
*==== INFO ====*  stream_id=133996 latency=1.335597 ms (tx_ts=88355858352190, rx_ts=88355859687787) request_id=825574 zil_blk_id=133996 ccf_commit_seqno=825589 nstreams_done_=33500 config.nstreams=400000 avg_latency=0.8258 ms avg throuhgput (requests/sec) = 809.4036 res=false
*==== INFO ====*  stream_id=135996 latency=0.815114 ms (tx_ts=88356493407699, rx_ts=88356494222813) request_id=837930 zil_blk_id=135996 ccf_commit_seqno=837935 nstreams_done_=34000 config.nstreams=400000 avg_latency=0.8265 ms avg throuhgput (requests/sec) = 809.0801 res=false
*==== INFO ====*  stream_id=137996 latency=0.683222 ms (tx_ts=88357071144948, rx_ts=88357071828170) request_id=850529 zil_blk_id=137996 ccf_commit_seqno=850533 nstreams_done_=34500 config.nstreams=400000 avg_latency=0.8251 ms avg throuhgput (requests/sec) = 809.8470 res=false
*==== INFO ====*  stream_id=139996 latency=0.582129 ms (tx_ts=88357638259981, rx_ts=88357638842110) request_id=863032 zil_blk_id=139996 ccf_commit_seqno=863034 nstreams_done_=35000 config.nstreams=400000 avg_latency=0.8235 ms avg throuhgput (requests/sec) = 810.7922 res=false
*==== INFO ====*  stream_id=141996 latency=0.638775 ms (tx_ts=88358240704869, rx_ts=88358241343644) request_id=875947 zil_blk_id=141996 ccf_commit_seqno=875948 nstreams_done_=35500 config.nstreams=400000 avg_latency=0.8225 ms avg throuhgput (requests/sec) = 811.0549 res=false
*==== INFO ====*  stream_id=143996 latency=0.647090 ms (tx_ts=88358866562097, rx_ts=88358867209187) request_id=888853 zil_blk_id=143996 ccf_commit_seqno=888853 nstreams_done_=36000 config.nstreams=400000 avg_latency=0.8225 ms avg throuhgput (requests/sec) = 810.8835 res=false
*==== INFO ====*  stream_id=145996 latency=1.173545 ms (tx_ts=88359513932670, rx_ts=88359515106215) request_id=901382 zil_blk_id=145996 ccf_commit_seqno=901388 nstreams_done_=36500 config.nstreams=400000 avg_latency=0.8234 ms avg throuhgput (requests/sec) = 810.3203 res=false
*==== INFO ====*  stream_id=147996 latency=0.818070 ms (tx_ts=88360139578597, rx_ts=88360140396667) request_id=913851 zil_blk_id=147996 ccf_commit_seqno=913856 nstreams_done_=37000 config.nstreams=400000 avg_latency=0.8237 ms avg throuhgput (requests/sec) = 810.1739 res=false
*==== INFO ====*  stream_id=149996 latency=1.539209 ms (tx_ts=88360754339098, rx_ts=88360755878307) request_id=926534 zil_blk_id=149996 ccf_commit_seqno=926547 nstreams_done_=37500 config.nstreams=400000 avg_latency=0.8237 ms avg throuhgput (requests/sec) = 810.2031 res=false
*==== INFO ====*  stream_id=151996 latency=0.734894 ms (tx_ts=88361370305085, rx_ts=88361371039979) request_id=938958 zil_blk_id=151996 ccf_commit_seqno=938958 nstreams_done_=38000 config.nstreams=400000 avg_latency=0.8239 ms avg throuhgput (requests/sec) = 810.2371 res=false
*==== INFO ====*  stream_id=153996 latency=1.288936 ms (tx_ts=88362080613839, rx_ts=88362081902775) request_id=951988 zil_blk_id=153996 ccf_commit_seqno=952008 nstreams_done_=38500 config.nstreams=400000 avg_latency=0.8259 ms avg throuhgput (requests/sec) = 808.6415 res=false
*==== INFO ====*  stream_id=155996 latency=1.581728 ms (tx_ts=88362740682930, rx_ts=88362742264658) request_id=964614 zil_blk_id=155996 ccf_commit_seqno=964615 nstreams_done_=39000 config.nstreams=400000 avg_latency=0.8270 ms avg throuhgput (requests/sec) = 807.9372 res=false
*==== INFO ====*  stream_id=157996 latency=0.770330 ms (tx_ts=88363390782196, rx_ts=88363391552526) request_id=977185 zil_blk_id=157996 ccf_commit_seqno=977185 nstreams_done_=39500 config.nstreams=400000 avg_latency=0.8277 ms avg throuhgput (requests/sec) = 807.4347 res=false
*==== INFO ====*  stream_id=159996 latency=0.668140 ms (tx_ts=88364021018341, rx_ts=88364021686481) request_id=989616 zil_blk_id=159996 ccf_commit_seqno=989617 nstreams_done_=40000 config.nstreams=400000 avg_latency=0.8283 ms avg throuhgput (requests/sec) = 807.2573 res=false
*==== INFO ====*  stream_id=161996 latency=0.675764 ms (tx_ts=88364580069378, rx_ts=88364580745142) request_id=1002134 zil_blk_id=161996 ccf_commit_seqno=1002136 nstreams_done_=40500 config.nstreams=400000 avg_latency=0.8268 ms avg throuhgput (requests/sec) = 808.2290 res=false
*==== INFO ====*  stream_id=163996 latency=0.949886 ms (tx_ts=88365246785211, rx_ts=88365247735097) request_id=1015166 zil_blk_id=163996 ccf_commit_seqno=1015167 nstreams_done_=41000 config.nstreams=400000 avg_latency=0.8276 ms avg throuhgput (requests/sec) = 807.4594 res=false
*==== INFO ====*  stream_id=165996 latency=1.002003 ms (tx_ts=88365790059863, rx_ts=88365791061866) request_id=1027230 zil_blk_id=165996 ccf_commit_seqno=1027231 nstreams_done_=41500 config.nstreams=400000 avg_latency=0.8260 ms avg throuhgput (requests/sec) = 808.6536 res=false
*==== INFO ====*  stream_id=167996 latency=0.529200 ms (tx_ts=88366425262387, rx_ts=88366425791587) request_id=1039776 zil_blk_id=167996 ccf_commit_seqno=1039776 nstreams_done_=42000 config.nstreams=400000 avg_latency=0.8263 ms avg throuhgput (requests/sec) = 808.3980 res=false
*==== INFO ====*  stream_id=169996 latency=1.005323 ms (tx_ts=88367047049502, rx_ts=88367048054825) request_id=1052175 zil_blk_id=169996 ccf_commit_seqno=1052176 nstreams_done_=42500 config.nstreams=400000 avg_latency=0.8263 ms avg throuhgput (requests/sec) = 808.3403 res=false
*==== INFO ====*  stream_id=171996 latency=0.595384 ms (tx_ts=88367636543184, rx_ts=88367637138568) request_id=1064892 zil_blk_id=171996 ccf_commit_seqno=1064894 nstreams_done_=43000 config.nstreams=400000 avg_latency=0.8257 ms avg throuhgput (requests/sec) = 808.7883 res=false
*==== INFO ====*  stream_id=173996 latency=0.828469 ms (tx_ts=88368268274587, rx_ts=88368269103056) request_id=1077512 zil_blk_id=173996 ccf_commit_seqno=1077517 nstreams_done_=43500 config.nstreams=400000 avg_latency=0.8259 ms avg throuhgput (requests/sec) = 808.5815 res=false
*==== INFO ====*  stream_id=175996 latency=0.850230 ms (tx_ts=88368901334634, rx_ts=88368902184864) request_id=1090231 zil_blk_id=175996 ccf_commit_seqno=1090232 nstreams_done_=44000 config.nstreams=400000 avg_latency=0.8261 ms avg throuhgput (requests/sec) = 808.3629 res=false
*==== INFO ====*  stream_id=177996 latency=0.651658 ms (tx_ts=88369491088960, rx_ts=88369491740618) request_id=1102598 zil_blk_id=177996 ccf_commit_seqno=1102598 nstreams_done_=44500 config.nstreams=400000 avg_latency=0.8255 ms avg throuhgput (requests/sec) = 808.7887 res=false
*==== INFO ====*  stream_id=179996 latency=0.690010 ms (tx_ts=88370104730930, rx_ts=88370105420940) request_id=1114807 zil_blk_id=179996 ccf_commit_seqno=1114807 nstreams_done_=45000 config.nstreams=400000 avg_latency=0.8256 ms avg throuhgput (requests/sec) = 808.8545 res=false
*==== INFO ====*  stream_id=181996 latency=0.547704 ms (tx_ts=88370696994021, rx_ts=88370697541725) request_id=1127112 zil_blk_id=181996 ccf_commit_seqno=1127112 nstreams_done_=45500 config.nstreams=400000 avg_latency=0.8252 ms avg throuhgput (requests/sec) = 809.2291 res=false
*==== INFO ====*  stream_id=183996 latency=0.652753 ms (tx_ts=88371322950179, rx_ts=88371323602932) request_id=1139680 zil_blk_id=183996 ccf_commit_seqno=1139681 nstreams_done_=46000 config.nstreams=400000 avg_latency=0.8253 ms avg throuhgput (requests/sec) = 809.1125 res=false
*==== INFO ====*  stream_id=185996 latency=0.767005 ms (tx_ts=88371947382711, rx_ts=88371948149716) request_id=1152278 zil_blk_id=185996 ccf_commit_seqno=1152281 nstreams_done_=46500 config.nstreams=400000 avg_latency=0.8253 ms avg throuhgput (requests/sec) = 809.0198 res=false
*==== INFO ====*  stream_id=187996 latency=0.715558 ms (tx_ts=88372551028139, rx_ts=88372551743697) request_id=1164670 zil_blk_id=187996 ccf_commit_seqno=1164670 nstreams_done_=47000 config.nstreams=400000 avg_latency=0.8250 ms avg throuhgput (requests/sec) = 809.2209 res=false
*==== INFO ====*  stream_id=189996 latency=0.973310 ms (tx_ts=88373151117383, rx_ts=88373152090693) request_id=1176912 zil_blk_id=189996 ccf_commit_seqno=1176915 nstreams_done_=47500 config.nstreams=400000 avg_latency=0.8248 ms avg throuhgput (requests/sec) = 809.4627 res=false
*==== INFO ====*  stream_id=191996 latency=0.570410 ms (tx_ts=88373781909979, rx_ts=88373782480389) request_id=1189108 zil_blk_id=191996 ccf_commit_seqno=1189108 nstreams_done_=48000 config.nstreams=400000 avg_latency=0.8252 ms avg throuhgput (requests/sec) = 809.2894 res=false
*==== INFO ====*  stream_id=193996 latency=0.649885 ms (tx_ts=88374383371078, rx_ts=88374384020963) request_id=1201669 zil_blk_id=193996 ccf_commit_seqno=1201670 nstreams_done_=48500 config.nstreams=400000 avg_latency=0.8249 ms avg throuhgput (requests/sec) = 809.5094 res=false
*==== INFO ====*  stream_id=195996 latency=0.814276 ms (tx_ts=88374966644007, rx_ts=88374967458283) request_id=1214236 zil_blk_id=195996 ccf_commit_seqno=1214241 nstreams_done_=49000 config.nstreams=400000 avg_latency=0.8241 ms avg throuhgput (requests/sec) = 809.9673 res=false
*==== INFO ====*  stream_id=197996 latency=0.827945 ms (tx_ts=88375572463649, rx_ts=88375573291594) request_id=1227083 zil_blk_id=197996 ccf_commit_seqno=1227085 nstreams_done_=49500 config.nstreams=400000 avg_latency=0.8236 ms avg throuhgput (requests/sec) = 810.1194 res=false
*==== INFO ====*  stream_id=199996 latency=0.913050 ms (tx_ts=88376155437211, rx_ts=88376156350261) request_id=1239818 zil_blk_id=199996 ccf_commit_seqno=1239823 nstreams_done_=50000 config.nstreams=400000 avg_latency=0.8227 ms avg throuhgput (requests/sec) = 810.5677 res=false
*==== INFO ====*  stream_id=201996 latency=0.495517 ms (tx_ts=88376734452328, rx_ts=88376734947845) request_id=1252358 zil_blk_id=201996 ccf_commit_seqno=1252358 nstreams_done_=50500 config.nstreams=400000 avg_latency=0.8220 ms avg throuhgput (requests/sec) = 811.0657 res=false
*==== INFO ====*  stream_id=203996 latency=0.756054 ms (tx_ts=88377329663168, rx_ts=88377330419222) request_id=1264735 zil_blk_id=203996 ccf_commit_seqno=1264743 nstreams_done_=51000 config.nstreams=400000 avg_latency=0.8217 ms avg throuhgput (requests/sec) = 811.3367 res=false
*==== INFO ====*  stream_id=205996 latency=0.571900 ms (tx_ts=88377918717587, rx_ts=88377919289487) request_id=1277384 zil_blk_id=205996 ccf_commit_seqno=1277384 nstreams_done_=51500 config.nstreams=400000 avg_latency=0.8210 ms avg throuhgput (requests/sec) = 811.6870 res=false
*==== INFO ====*  stream_id=207996 latency=0.923898 ms (tx_ts=88378595810496, rx_ts=88378596734394) request_id=1290176 zil_blk_id=207996 ccf_commit_seqno=1290178 nstreams_done_=52000 config.nstreams=400000 avg_latency=0.8220 ms avg throuhgput (requests/sec) = 810.9093 res=false
*==== INFO ====*  stream_id=209996 latency=0.602442 ms (tx_ts=88379247470884, rx_ts=88379248073326) request_id=1302711 zil_blk_id=209996 ccf_commit_seqno=1302711 nstreams_done_=52500 config.nstreams=400000 avg_latency=0.8228 ms avg throuhgput (requests/sec) = 810.4743 res=false
*==== INFO ====*  stream_id=211996 latency=0.647141 ms (tx_ts=88379891718051, rx_ts=88379892365192) request_id=1315487 zil_blk_id=211996 ccf_commit_seqno=1315489 nstreams_done_=53000 config.nstreams=400000 avg_latency=0.8231 ms avg throuhgput (requests/sec) = 810.1352 res=false
*==== INFO ====*  stream_id=213996 latency=1.560990 ms (tx_ts=88380521171984, rx_ts=88380522732974) request_id=1328060 zil_blk_id=213996 ccf_commit_seqno=1328077 nstreams_done_=53500 config.nstreams=400000 avg_latency=0.8234 ms avg throuhgput (requests/sec) = 809.9735 res=false
*==== INFO ====*  stream_id=215996 latency=0.716019 ms (tx_ts=88381089084125, rx_ts=88381089800144) request_id=1340529 zil_blk_id=215996 ccf_commit_seqno=1340535 nstreams_done_=54000 config.nstreams=400000 avg_latency=0.8225 ms avg throuhgput (requests/sec) = 810.5843 res=false
*==== INFO ====*  stream_id=217996 latency=0.725213 ms (tx_ts=88381688839027, rx_ts=88381689564240) request_id=1353032 zil_blk_id=217996 ccf_commit_seqno=1353033 nstreams_done_=54500 config.nstreams=400000 avg_latency=0.8221 ms avg throuhgput (requests/sec) = 810.7902 res=false
*==== INFO ====*  stream_id=219996 latency=0.683278 ms (tx_ts=88382303935263, rx_ts=88382304618541) request_id=1365610 zil_blk_id=219996 ccf_commit_seqno=1365613 nstreams_done_=55000 config.nstreams=400000 avg_latency=0.8220 ms avg throuhgput (requests/sec) = 810.8096 res=false
*==== INFO ====*  stream_id=221996 latency=1.555509 ms (tx_ts=88382922683344, rx_ts=88382924238853) request_id=1377747 zil_blk_id=221996 ccf_commit_seqno=1377769 nstreams_done_=55500 config.nstreams=400000 avg_latency=0.8224 ms avg throuhgput (requests/sec) = 810.7747 res=false
*==== INFO ====*  stream_id=223996 latency=1.179698 ms (tx_ts=88383510164978, rx_ts=88383511344676) request_id=1389679 zil_blk_id=223996 ccf_commit_seqno=1389690 nstreams_done_=56000 config.nstreams=400000 avg_latency=0.8221 ms avg throuhgput (requests/sec) = 811.1221 res=false
*==== INFO ====*  stream_id=225996 latency=0.687747 ms (tx_ts=88384110506042, rx_ts=88384111193789) request_id=1402280 zil_blk_id=225996 ccf_commit_seqno=1402283 nstreams_done_=56500 config.nstreams=400000 avg_latency=0.8218 ms avg throuhgput (requests/sec) = 811.3153 res=false
*==== INFO ====*  stream_id=227996 latency=0.579544 ms (tx_ts=88384701942937, rx_ts=88384702522481) request_id=1414812 zil_blk_id=227996 ccf_commit_seqno=1414814 nstreams_done_=57000 config.nstreams=400000 avg_latency=0.8215 ms avg throuhgput (requests/sec) = 811.6035 res=false
*==== INFO ====*  stream_id=229996 latency=0.789216 ms (tx_ts=88385343397900, rx_ts=88385344187116) request_id=1427825 zil_blk_id=229996 ccf_commit_seqno=1427826 nstreams_done_=57500 config.nstreams=400000 avg_latency=0.8216 ms avg throuhgput (requests/sec) = 811.3104 res=false
*==== INFO ====*  stream_id=231996 latency=1.039634 ms (tx_ts=88385992327981, rx_ts=88385993367615) request_id=1440101 zil_blk_id=231996 ccf_commit_seqno=1440102 nstreams_done_=58000 config.nstreams=400000 avg_latency=0.8223 ms avg throuhgput (requests/sec) = 810.9372 res=false
*==== INFO ====*  stream_id=233996 latency=1.577308 ms (tx_ts=88386672211969, rx_ts=88386673789277) request_id=1452562 zil_blk_id=233996 ccf_commit_seqno=1452575 nstreams_done_=58500 config.nstreams=400000 avg_latency=0.8231 ms avg throuhgput (requests/sec) = 810.2201 res=false
*==== INFO ====*  stream_id=235996 latency=0.833025 ms (tx_ts=88387304038250, rx_ts=88387304871275) request_id=1464849 zil_blk_id=235996 ccf_commit_seqno=1464851 nstreams_done_=59000 config.nstreams=400000 avg_latency=0.8234 ms avg throuhgput (requests/sec) = 810.0647 res=false
*==== INFO ====*  stream_id=237996 latency=1.712342 ms (tx_ts=88387931423205, rx_ts=88387933135547) request_id=1477637 zil_blk_id=237996 ccf_commit_seqno=1477659 nstreams_done_=59500 config.nstreams=400000 avg_latency=0.8234 ms avg throuhgput (requests/sec) = 809.9431 res=false
*==== INFO ====*  stream_id=239996 latency=0.728222 ms (tx_ts=88388547523315, rx_ts=88388548251537) request_id=1489966 zil_blk_id=239996 ccf_commit_seqno=1489966 nstreams_done_=60000 config.nstreams=400000 avg_latency=0.8236 ms avg throuhgput (requests/sec) = 809.9673 res=false
*==== INFO ====*  stream_id=241996 latency=0.759674 ms (tx_ts=88389162024277, rx_ts=88389162783951) request_id=1502264 zil_blk_id=241996 ccf_commit_seqno=1502264 nstreams_done_=60500 config.nstreams=400000 avg_latency=0.8237 ms avg throuhgput (requests/sec) = 809.9974 res=false
*==== INFO ====*  stream_id=243996 latency=1.130525 ms (tx_ts=88389792867411, rx_ts=88389793997936) request_id=1514859 zil_blk_id=243996 ccf_commit_seqno=1514864 nstreams_done_=61000 config.nstreams=400000 avg_latency=0.8237 ms avg throuhgput (requests/sec) = 809.8476 res=false
*==== INFO ====*  stream_id=245996 latency=0.601458 ms (tx_ts=88390434880373, rx_ts=88390435481831) request_id=1527369 zil_blk_id=245996 ccf_commit_seqno=1527370 nstreams_done_=61500 config.nstreams=400000 avg_latency=0.8241 ms avg throuhgput (requests/sec) = 809.5909 res=false
*==== INFO ====*  stream_id=247996 latency=0.550039 ms (tx_ts=88391085754819, rx_ts=88391086304858) request_id=1540074 zil_blk_id=247996 ccf_commit_seqno=1540075 nstreams_done_=62000 config.nstreams=400000 avg_latency=0.8247 ms avg throuhgput (requests/sec) = 809.2398 res=false
*==== INFO ====*  stream_id=249996 latency=0.666417 ms (tx_ts=88391638645458, rx_ts=88391639311875) request_id=1552539 zil_blk_id=249996 ccf_commit_seqno=1552540 nstreams_done_=62500 config.nstreams=400000 avg_latency=0.8237 ms avg throuhgput (requests/sec) = 809.9199 res=false
*==== INFO ====*  stream_id=251996 latency=0.845434 ms (tx_ts=88392196270202, rx_ts=88392197115636) request_id=1564702 zil_blk_id=251996 ccf_commit_seqno=1564705 nstreams_done_=63000 config.nstreams=400000 avg_latency=0.8230 ms avg throuhgput (requests/sec) = 810.5403 res=false
*==== INFO ====*  stream_id=253996 latency=0.884289 ms (tx_ts=88392844404390, rx_ts=88392845288679) request_id=1577526 zil_blk_id=253996 ccf_commit_seqno=1577532 nstreams_done_=63500 config.nstreams=400000 avg_latency=0.8234 ms avg throuhgput (requests/sec) = 810.2166 res=false
*==== INFO ====*  stream_id=255996 latency=1.243088 ms (tx_ts=88393449016102, rx_ts=88393450259190) request_id=1589805 zil_blk_id=255996 ccf_commit_seqno=1589814 nstreams_done_=64000 config.nstreams=400000 avg_latency=0.8233 ms avg throuhgput (requests/sec) = 810.3413 res=false
*==== INFO ====*  stream_id=257996 latency=0.840690 ms (tx_ts=88394072650190, rx_ts=88394073490880) request_id=1602184 zil_blk_id=257996 ccf_commit_seqno=1602190 nstreams_done_=64500 config.nstreams=400000 avg_latency=0.8236 ms avg throuhgput (requests/sec) = 810.2781 res=false
*==== INFO ====*  stream_id=259996 latency=0.798986 ms (tx_ts=88394643677209, rx_ts=88394644476195) request_id=1614387 zil_blk_id=259996 ccf_commit_seqno=1614390 nstreams_done_=65000 config.nstreams=400000 avg_latency=0.8229 ms avg throuhgput (requests/sec) = 810.7438 res=false
*==== INFO ====*  stream_id=261996 latency=0.814395 ms (tx_ts=88395273300664, rx_ts=88395274115059) request_id=1626641 zil_blk_id=261996 ccf_commit_seqno=1626646 nstreams_done_=65500 config.nstreams=400000 avg_latency=0.8233 ms avg throuhgput (requests/sec) = 810.6142 res=false
*==== INFO ====*  stream_id=263996 latency=0.855893 ms (tx_ts=88395906794665, rx_ts=88395907650558) request_id=1639336 zil_blk_id=263996 ccf_commit_seqno=1639340 nstreams_done_=66000 config.nstreams=400000 avg_latency=0.8234 ms avg throuhgput (requests/sec) = 810.4478 res=false
*==== INFO ====*  stream_id=265996 latency=0.534280 ms (tx_ts=88396521244243, rx_ts=88396521778523) request_id=1651730 zil_blk_id=265996 ccf_commit_seqno=1651730 nstreams_done_=66500 config.nstreams=400000 avg_latency=0.8235 ms avg throuhgput (requests/sec) = 810.4756 res=false
*==== INFO ====*  stream_id=267996 latency=0.601226 ms (tx_ts=88397133204999, rx_ts=88397133806225) request_id=1664061 zil_blk_id=267996 ccf_commit_seqno=1664061 nstreams_done_=67000 config.nstreams=400000 avg_latency=0.8236 ms avg throuhgput (requests/sec) = 810.5236 res=false
*==== INFO ====*  stream_id=269996 latency=0.691725 ms (tx_ts=88397753153531, rx_ts=88397753845256) request_id=1676648 zil_blk_id=269996 ccf_commit_seqno=1676650 nstreams_done_=67500 config.nstreams=400000 avg_latency=0.8237 ms avg throuhgput (requests/sec) = 810.4929 res=false
*==== INFO ====*  stream_id=271996 latency=0.595538 ms (tx_ts=88398334024937, rx_ts=88398334620475) request_id=1689074 zil_blk_id=271996 ccf_commit_seqno=1689074 nstreams_done_=68000 config.nstreams=400000 avg_latency=0.8233 ms avg throuhgput (requests/sec) = 810.8421 res=false
*==== INFO ====*  stream_id=273996 latency=0.897809 ms (tx_ts=88398923149664, rx_ts=88398924047473) request_id=1701602 zil_blk_id=273996 ccf_commit_seqno=1701604 nstreams_done_=68500 config.nstreams=400000 avg_latency=0.8228 ms avg throuhgput (requests/sec) = 811.1034 res=false
*==== INFO ====*  stream_id=275996 latency=0.761324 ms (tx_ts=88399550880067, rx_ts=88399551641391) request_id=1713931 zil_blk_id=275996 ccf_commit_seqno=1713934 nstreams_done_=69000 config.nstreams=400000 avg_latency=0.8231 ms avg throuhgput (requests/sec) = 810.9971 res=false
*==== INFO ====*  stream_id=277996 latency=1.425647 ms (tx_ts=88400216394379, rx_ts=88400217820026) request_id=1726843 zil_blk_id=277996 ccf_commit_seqno=1726856 nstreams_done_=69500 config.nstreams=400000 avg_latency=0.8237 ms avg throuhgput (requests/sec) = 810.5275 res=false
*==== INFO ====*  stream_id=279996 latency=0.644515 ms (tx_ts=88400837647977, rx_ts=88400838292492) request_id=1739642 zil_blk_id=279996 ccf_commit_seqno=1739642 nstreams_done_=70000 config.nstreams=400000 avg_latency=0.8236 ms avg throuhgput (requests/sec) = 810.4938 res=false
*==== INFO ====*  stream_id=281996 latency=0.633625 ms (tx_ts=88401443822636, rx_ts=88401444456261) request_id=1752154 zil_blk_id=281996 ccf_commit_seqno=1752156 nstreams_done_=70500 config.nstreams=400000 avg_latency=0.8233 ms avg throuhgput (requests/sec) = 810.5939 res=false
*==== INFO ====*  stream_id=283996 latency=0.610095 ms (tx_ts=88402071648175, rx_ts=88402072258270) request_id=1764821 zil_blk_id=283996 ccf_commit_seqno=1764821 nstreams_done_=71000 config.nstreams=400000 avg_latency=0.8233 ms avg throuhgput (requests/sec) = 810.4924 res=false
*==== INFO ====*  stream_id=285996 latency=0.925909 ms (tx_ts=88402707623429, rx_ts=88402708549338) request_id=1777478 zil_blk_id=285996 ccf_commit_seqno=1777481 nstreams_done_=71500 config.nstreams=400000 avg_latency=0.8235 ms avg throuhgput (requests/sec) = 810.3143 res=false
*==== INFO ====*  stream_id=287996 latency=0.589316 ms (tx_ts=88403346742962, rx_ts=88403347332278) request_id=1790112 zil_blk_id=287996 ccf_commit_seqno=1790112 nstreams_done_=72000 config.nstreams=400000 avg_latency=0.8236 ms avg throuhgput (requests/sec) = 810.1161 res=false
*==== INFO ====*  stream_id=289996 latency=0.671709 ms (tx_ts=88403984649042, rx_ts=88403985320751) request_id=1802287 zil_blk_id=289996 ccf_commit_seqno=1802289 nstreams_done_=72500 config.nstreams=400000 avg_latency=0.8239 ms avg throuhgput (requests/sec) = 809.9280 res=false
*==== INFO ====*  stream_id=291996 latency=0.823508 ms (tx_ts=88404633248775, rx_ts=88404634072283) request_id=1815120 zil_blk_id=291996 ccf_commit_seqno=1815125 nstreams_done_=73000 config.nstreams=400000 avg_latency=0.8241 ms avg throuhgput (requests/sec) = 809.6458 res=false
*==== INFO ====*  stream_id=293996 latency=0.618657 ms (tx_ts=88405235588744, rx_ts=88405236207401) request_id=1827845 zil_blk_id=293996 ccf_commit_seqno=1827848 nstreams_done_=73500 config.nstreams=400000 avg_latency=0.8239 ms avg throuhgput (requests/sec) = 809.7833 res=false
*==== INFO ====*  stream_id=295996 latency=0.676137 ms (tx_ts=88405848209166, rx_ts=88405848885303) request_id=1840506 zil_blk_id=295996 ccf_commit_seqno=1840506 nstreams_done_=74000 config.nstreams=400000 avg_latency=0.8236 ms avg throuhgput (requests/sec) = 809.8256 res=false
*==== INFO ====*  stream_id=297996 latency=0.811358 ms (tx_ts=88406451257477, rx_ts=88406452068835) request_id=1852777 zil_blk_id=297996 ccf_commit_seqno=1852780 nstreams_done_=74500 config.nstreams=400000 avg_latency=0.8235 ms avg throuhgput (requests/sec) = 809.9509 res=false
*==== INFO ====*  stream_id=299996 latency=1.639617 ms (tx_ts=88407066795435, rx_ts=88407068435052) request_id=1865794 zil_blk_id=299996 ccf_commit_seqno=1865807 nstreams_done_=75000 config.nstreams=400000 avg_latency=0.8233 ms avg throuhgput (requests/sec) = 809.9593 res=false
*==== INFO ====*  stream_id=301996 latency=0.880888 ms (tx_ts=88407671550273, rx_ts=88407672431161) request_id=1878575 zil_blk_id=301996 ccf_commit_seqno=1878577 nstreams_done_=75500 config.nstreams=400000 avg_latency=0.8228 ms avg throuhgput (requests/sec) = 810.0750 res=false
*==== INFO ====*  stream_id=303996 latency=0.828751 ms (tx_ts=88408308249464, rx_ts=88408309078215) request_id=1890834 zil_blk_id=303996 ccf_commit_seqno=1890837 nstreams_done_=76000 config.nstreams=400000 avg_latency=0.8231 ms avg throuhgput (requests/sec) = 809.9074 res=false
*==== INFO ====*  stream_id=305996 latency=0.979818 ms (tx_ts=88408943078648, rx_ts=88408944058466) request_id=1903291 zil_blk_id=305996 ccf_commit_seqno=1903291 nstreams_done_=76500 config.nstreams=400000 avg_latency=0.8234 ms avg throuhgput (requests/sec) = 809.7563 res=false
*==== INFO ====*  stream_id=307996 latency=0.681157 ms (tx_ts=88409575511190, rx_ts=88409576192347) request_id=1915845 zil_blk_id=307996 ccf_commit_seqno=1915849 nstreams_done_=77000 config.nstreams=400000 avg_latency=0.8235 ms avg throuhgput (requests/sec) = 809.6314 res=false
*==== INFO ====*  stream_id=309996 latency=0.941597 ms (tx_ts=88410184332641, rx_ts=88410185274238) request_id=1928119 zil_blk_id=309996 ccf_commit_seqno=1928120 nstreams_done_=77500 config.nstreams=400000 avg_latency=0.8235 ms avg throuhgput (requests/sec) = 809.7032 res=false
*==== INFO ====*  stream_id=311996 latency=0.745797 ms (tx_ts=88410782902145, rx_ts=88410783647942) request_id=1940405 zil_blk_id=311996 ccf_commit_seqno=1940406 nstreams_done_=78000 config.nstreams=400000 avg_latency=0.8234 ms avg throuhgput (requests/sec) = 809.8641 res=false
*==== INFO ====*  stream_id=313996 latency=0.596025 ms (tx_ts=88411411452157, rx_ts=88411412048182) request_id=1952980 zil_blk_id=313996 ccf_commit_seqno=1952981 nstreams_done_=78500 config.nstreams=400000 avg_latency=0.8235 ms avg throuhgput (requests/sec) = 809.7721 res=false
*==== INFO ====*  stream_id=315996 latency=0.730035 ms (tx_ts=88412019140650, rx_ts=88412019870685) request_id=1965412 zil_blk_id=315996 ccf_commit_seqno=1965418 nstreams_done_=79000 config.nstreams=400000 avg_latency=0.8234 ms avg throuhgput (requests/sec) = 809.8520 res=false
*==== INFO ====*  stream_id=317996 latency=1.771810 ms (tx_ts=88412720037850, rx_ts=88412721809660) request_id=1978333 zil_blk_id=317996 ccf_commit_seqno=1978336 nstreams_done_=79500 config.nstreams=400000 avg_latency=0.8243 ms avg throuhgput (requests/sec) = 809.1552 res=false
*==== INFO ====*  stream_id=319996 latency=0.898050 ms (tx_ts=88413368158646, rx_ts=88413369056696) request_id=1990552 zil_blk_id=319996 ccf_commit_seqno=1990555 nstreams_done_=80000 config.nstreams=400000 avg_latency=0.8247 ms avg throuhgput (requests/sec) = 808.9153 res=false
*==== INFO ====*  stream_id=321996 latency=1.102534 ms (tx_ts=88414011343659, rx_ts=88414012446193) request_id=2003117 zil_blk_id=321996 ccf_commit_seqno=2003123 nstreams_done_=80500 config.nstreams=400000 avg_latency=0.8249 ms avg throuhgput (requests/sec) = 808.7099 res=false
*==== INFO ====*  stream_id=323996 latency=0.819633 ms (tx_ts=88414601962408, rx_ts=88414602782041) request_id=2015723 zil_blk_id=323996 ccf_commit_seqno=2015725 nstreams_done_=81000 config.nstreams=400000 avg_latency=0.8244 ms avg throuhgput (requests/sec) = 808.9355 res=false
*==== INFO ====*  stream_id=325996 latency=0.653993 ms (tx_ts=88415217226272, rx_ts=88415217880265) request_id=2028152 zil_blk_id=325996 ccf_commit_seqno=2028153 nstreams_done_=81500 config.nstreams=400000 avg_latency=0.8245 ms avg throuhgput (requests/sec) = 808.9596 res=false
*==== INFO ====*  stream_id=327996 latency=0.709107 ms (tx_ts=88415817402742, rx_ts=88415818111849) request_id=2040761 zil_blk_id=327996 ccf_commit_seqno=2040765 nstreams_done_=82000 config.nstreams=400000 avg_latency=0.8242 ms avg throuhgput (requests/sec) = 809.1020 res=false
*==== INFO ====*  stream_id=329996 latency=0.652971 ms (tx_ts=88416387136278, rx_ts=88416387789249) request_id=2053390 zil_blk_id=329996 ccf_commit_seqno=2053392 nstreams_done_=82500 config.nstreams=400000 avg_latency=0.8236 ms avg throuhgput (requests/sec) = 809.4854 res=false
*==== INFO ====*  stream_id=331996 latency=0.752602 ms (tx_ts=88416930970579, rx_ts=88416931723181) request_id=2065674 zil_blk_id=331996 ccf_commit_seqno=2065679 nstreams_done_=83000 config.nstreams=400000 avg_latency=0.8228 ms avg throuhgput (requests/sec) = 810.0680 res=false
*==== INFO ====*  stream_id=333996 latency=1.305081 ms (tx_ts=88417538963566, rx_ts=88417540268647) request_id=2078314 zil_blk_id=333996 ccf_commit_seqno=2078332 nstreams_done_=83500 config.nstreams=400000 avg_latency=0.8227 ms avg throuhgput (requests/sec) = 810.1363 res=false
*==== INFO ====*  stream_id=335996 latency=0.958453 ms (tx_ts=88418176555255, rx_ts=88418177513708) request_id=2090842 zil_blk_id=335996 ccf_commit_seqno=2090849 nstreams_done_=84000 config.nstreams=400000 avg_latency=0.8229 ms avg throuhgput (requests/sec) = 809.9795 res=false
*==== INFO ====*  stream_id=337996 latency=1.489660 ms (tx_ts=88418848338128, rx_ts=88418849827788) request_id=2103380 zil_blk_id=337996 ccf_commit_seqno=2103402 nstreams_done_=84500 config.nstreams=400000 avg_latency=0.8236 ms avg throuhgput (requests/sec) = 809.5526 res=false
*==== INFO ====*  stream_id=339996 latency=0.814851 ms (tx_ts=88419447776255, rx_ts=88419448591106) request_id=2115618 zil_blk_id=339996 ccf_commit_seqno=2115619 nstreams_done_=85000 config.nstreams=400000 avg_latency=0.8234 ms avg throuhgput (requests/sec) = 809.6981 res=false
*==== INFO ====*  stream_id=341996 latency=0.712982 ms (tx_ts=88420040972114, rx_ts=88420041685096) request_id=2127951 zil_blk_id=341996 ccf_commit_seqno=2127956 nstreams_done_=85500 config.nstreams=400000 avg_latency=0.8233 ms avg throuhgput (requests/sec) = 809.8854 res=false
*==== INFO ====*  stream_id=343996 latency=0.684889 ms (tx_ts=88420645746810, rx_ts=88420646431699) request_id=2140514 zil_blk_id=343996 ccf_commit_seqno=2140514 nstreams_done_=86000 config.nstreams=400000 avg_latency=0.8231 ms avg throuhgput (requests/sec) = 809.9817 res=false
*==== INFO ====*  stream_id=345996 latency=0.762426 ms (tx_ts=88421222138015, rx_ts=88421222900441) request_id=2152880 zil_blk_id=345996 ccf_commit_seqno=2152883 nstreams_done_=86500 config.nstreams=400000 avg_latency=0.8226 ms avg throuhgput (requests/sec) = 810.2914 res=false
*==== INFO ====*  stream_id=347996 latency=1.373438 ms (tx_ts=88421890995489, rx_ts=88421892368927) request_id=2165415 zil_blk_id=347996 ccf_commit_seqno=2165417 nstreams_done_=87000 config.nstreams=400000 avg_latency=0.8232 ms avg throuhgput (requests/sec) = 809.8961 res=false
*==== INFO ====*  stream_id=349996 latency=0.562474 ms (tx_ts=88422468676349, rx_ts=88422469238823) request_id=2177522 zil_blk_id=349996 ccf_commit_seqno=2177523 nstreams_done_=87500 config.nstreams=400000 avg_latency=0.8229 ms avg throuhgput (requests/sec) = 810.1998 res=false
*==== INFO ====*  stream_id=351996 latency=1.011141 ms (tx_ts=88423098660735, rx_ts=88423099671876) request_id=2189678 zil_blk_id=351996 ccf_commit_seqno=2189678 nstreams_done_=88000 config.nstreams=400000 avg_latency=0.8230 ms avg throuhgput (requests/sec) = 810.1006 res=false
*==== INFO ====*  stream_id=353996 latency=0.835422 ms (tx_ts=88423731637712, rx_ts=88423732473134) request_id=2202414 zil_blk_id=353996 ccf_commit_seqno=2202416 nstreams_done_=88500 config.nstreams=400000 avg_latency=0.8231 ms avg throuhgput (requests/sec) = 809.9850 res=false
*==== INFO ====*  stream_id=355996 latency=0.597297 ms (tx_ts=88424367999968, rx_ts=88424368597265) request_id=2215078 zil_blk_id=355996 ccf_commit_seqno=2215080 nstreams_done_=89000 config.nstreams=400000 avg_latency=0.8233 ms avg throuhgput (requests/sec) = 809.8462 res=false
*==== INFO ====*  stream_id=357996 latency=0.682437 ms (tx_ts=88424972178763, rx_ts=88424972861200) request_id=2227487 zil_blk_id=357996 ccf_commit_seqno=2227490 nstreams_done_=89500 config.nstreams=400000 avg_latency=0.8231 ms avg throuhgput (requests/sec) = 809.9425 res=false
*==== INFO ====*  stream_id=359996 latency=0.646870 ms (tx_ts=88425541941091, rx_ts=88425542587961) request_id=2239928 zil_blk_id=359996 ccf_commit_seqno=2239928 nstreams_done_=90000 config.nstreams=400000 avg_latency=0.8225 ms avg throuhgput (requests/sec) = 810.2896 res=false
*==== INFO ====*  stream_id=361996 latency=0.623113 ms (tx_ts=88426183254910, rx_ts=88426183878023) request_id=2252622 zil_blk_id=361996 ccf_commit_seqno=2252623 nstreams_done_=90500 config.nstreams=400000 avg_latency=0.8227 ms avg throuhgput (requests/sec) = 810.1139 res=false
*==== INFO ====*  stream_id=363996 latency=0.578566 ms (tx_ts=88426772730883, rx_ts=88426773309449) request_id=2265176 zil_blk_id=363996 ccf_commit_seqno=2265177 nstreams_done_=91000 config.nstreams=400000 avg_latency=0.8224 ms avg throuhgput (requests/sec) = 810.3142 res=false
*==== INFO ====*  stream_id=365996 latency=1.362709 ms (tx_ts=88427370615914, rx_ts=88427371978623) request_id=2277863 zil_blk_id=365996 ccf_commit_seqno=2277874 nstreams_done_=91500 config.nstreams=400000 avg_latency=0.8221 ms avg throuhgput (requests/sec) = 810.4460 res=false
*==== INFO ====*  stream_id=367996 latency=0.652137 ms (tx_ts=88427974143143, rx_ts=88427974795280) request_id=2289928 zil_blk_id=367996 ccf_commit_seqno=2289931 nstreams_done_=92000 config.nstreams=400000 avg_latency=0.8221 ms avg throuhgput (requests/sec) = 810.5469 res=false
*==== INFO ====*  stream_id=369996 latency=1.239619 ms (tx_ts=88428555654113, rx_ts=88428556893732) request_id=2302025 zil_blk_id=369996 ccf_commit_seqno=2302031 nstreams_done_=92500 config.nstreams=400000 avg_latency=0.8219 ms avg throuhgput (requests/sec) = 810.7939 res=false
*==== INFO ====*  stream_id=371996 latency=0.710593 ms (tx_ts=88429234096987, rx_ts=88429234807580) request_id=2314544 zil_blk_id=371996 ccf_commit_seqno=2314548 nstreams_done_=93000 config.nstreams=400000 avg_latency=0.8226 ms avg throuhgput (requests/sec) = 810.3613 res=false
*==== INFO ====*  stream_id=373996 latency=0.527597 ms (tx_ts=88429822847716, rx_ts=88429823375313) request_id=2326965 zil_blk_id=373996 ccf_commit_seqno=2326965 nstreams_done_=93500 config.nstreams=400000 avg_latency=0.8223 ms avg throuhgput (requests/sec) = 810.5611 res=false
*==== INFO ====*  stream_id=375996 latency=0.853396 ms (tx_ts=88430462972744, rx_ts=88430463826140) request_id=2339448 zil_blk_id=375996 ccf_commit_seqno=2339455 nstreams_done_=94000 config.nstreams=400000 avg_latency=0.8226 ms avg throuhgput (requests/sec) = 810.3963 res=false
*==== INFO ====*  stream_id=377996 latency=0.571339 ms (tx_ts=88431078855066, rx_ts=88431079426405) request_id=2352007 zil_blk_id=377996 ccf_commit_seqno=2352008 nstreams_done_=94500 config.nstreams=400000 avg_latency=0.8225 ms avg throuhgput (requests/sec) = 810.4059 res=false
*==== INFO ====*  stream_id=379996 latency=0.576261 ms (tx_ts=88431683835249, rx_ts=88431684411510) request_id=2364126 zil_blk_id=379996 ccf_commit_seqno=2364127 nstreams_done_=95000 config.nstreams=400000 avg_latency=0.8225 ms avg throuhgput (requests/sec) = 810.4888 res=false
*==== INFO ====*  stream_id=381996 latency=0.721019 ms (tx_ts=88432281446226, rx_ts=88432282167245) request_id=2376888 zil_blk_id=381996 ccf_commit_seqno=2376890 nstreams_done_=95500 config.nstreams=400000 avg_latency=0.8222 ms avg throuhgput (requests/sec) = 810.6205 res=false
*==== INFO ====*  stream_id=383996 latency=0.695207 ms (tx_ts=88432853980743, rx_ts=88432854675950) request_id=2389145 zil_blk_id=383996 ccf_commit_seqno=2389148 nstreams_done_=96000 config.nstreams=400000 avg_latency=0.8217 ms avg throuhgput (requests/sec) = 810.9239 res=false
*==== INFO ====*  stream_id=385996 latency=0.769960 ms (tx_ts=88433450249623, rx_ts=88433451019583) request_id=2401778 zil_blk_id=385996 ccf_commit_seqno=2401782 nstreams_done_=96500 config.nstreams=400000 avg_latency=0.8214 ms avg throuhgput (requests/sec) = 811.0618 res=false
*==== INFO ====*  stream_id=387996 latency=0.667519 ms (tx_ts=88434014282911, rx_ts=88434014950430) request_id=2413969 zil_blk_id=387996 ccf_commit_seqno=2413971 nstreams_done_=97000 config.nstreams=400000 avg_latency=0.8210 ms avg throuhgput (requests/sec) = 811.4183 res=false
*==== INFO ====*  stream_id=389996 latency=1.259760 ms (tx_ts=88434635400316, rx_ts=88434636660076) request_id=2426640 zil_blk_id=389996 ccf_commit_seqno=2426657 nstreams_done_=97500 config.nstreams=400000 avg_latency=0.8210 ms avg throuhgput (requests/sec) = 811.3812 res=false
*==== INFO ====*  stream_id=391996 latency=0.766624 ms (tx_ts=88435294279566, rx_ts=88435295046190) request_id=2439476 zil_blk_id=391996 ccf_commit_seqno=2439476 nstreams_done_=98000 config.nstreams=400000 avg_latency=0.8213 ms avg throuhgput (requests/sec) = 811.0981 res=false
*==== INFO ====*  stream_id=393996 latency=0.667639 ms (tx_ts=88435886309489, rx_ts=88435886977128) request_id=2451937 zil_blk_id=393996 ccf_commit_seqno=2451938 nstreams_done_=98500 config.nstreams=400000 avg_latency=0.8211 ms avg throuhgput (requests/sec) = 811.2619 res=false
*==== INFO ====*  stream_id=395996 latency=0.725848 ms (tx_ts=88436471669456, rx_ts=88436472395304) request_id=2464256 zil_blk_id=395996 ccf_commit_seqno=2464259 nstreams_done_=99000 config.nstreams=400000 avg_latency=0.8209 ms avg throuhgput (requests/sec) = 811.4674 res=false
*==== INFO ====*  stream_id=397996 latency=0.578644 ms (tx_ts=88437116563915, rx_ts=88437117142559) request_id=2476674 zil_blk_id=397996 ccf_commit_seqno=2476674 nstreams_done_=99500 config.nstreams=400000 avg_latency=0.8213 ms avg throuhgput (requests/sec) = 811.2783 res=false
*==== INFO ====*  stream_id=399996 latency=0.717412 ms (tx_ts=88437746461303, rx_ts=88437747178715) request_id=2489020 zil_blk_id=399996 ccf_commit_seqno=2489021 nstreams_done_=100000 config.nstreams=400000 avg_latency=0.8215 ms avg throuhgput (requests/sec) = 811.1880 res=false
*==== INFO ====*  stream_id=401996 latency=0.877161 ms (tx_ts=88438284948108, rx_ts=88438285825269) request_id=2501075 zil_blk_id=401996 ccf_commit_seqno=2501077 nstreams_done_=100500 config.nstreams=400000 avg_latency=0.8209 ms avg throuhgput (requests/sec) = 811.6972 res=false
*==== INFO ====*  stream_id=403996 latency=0.588421 ms (tx_ts=88438860315093, rx_ts=88438860903514) request_id=2513265 zil_blk_id=403996 ccf_commit_seqno=2513265 nstreams_done_=101000 config.nstreams=400000 avg_latency=0.8205 ms avg throuhgput (requests/sec) = 811.9642 res=false
*==== INFO ====*  stream_id=405996 latency=0.841253 ms (tx_ts=88439454849477, rx_ts=88439455690730) request_id=2525582 zil_blk_id=405996 ccf_commit_seqno=2525585 nstreams_done_=101500 config.nstreams=400000 avg_latency=0.8204 ms avg throuhgput (requests/sec) = 812.1007 res=false
*==== INFO ====*  stream_id=407996 latency=1.047069 ms (tx_ts=88440047972306, rx_ts=88440049019375) request_id=2538268 zil_blk_id=407996 ccf_commit_seqno=2538269 nstreams_done_=102000 config.nstreams=400000 avg_latency=0.8200 ms avg throuhgput (requests/sec) = 812.2453 res=false
*==== INFO ====*  stream_id=409996 latency=0.848046 ms (tx_ts=88440702699952, rx_ts=88440703547998) request_id=2550843 zil_blk_id=409996 ccf_commit_seqno=2550845 nstreams_done_=102500 config.nstreams=400000 avg_latency=0.8204 ms avg throuhgput (requests/sec) = 811.9946 res=false
*==== INFO ====*  stream_id=411996 latency=0.729565 ms (tx_ts=88441322084658, rx_ts=88441322814223) request_id=2563729 zil_blk_id=411996 ccf_commit_seqno=2563732 nstreams_done_=103000 config.nstreams=400000 avg_latency=0.8203 ms avg throuhgput (requests/sec) = 811.9722 res=false
*==== INFO ====*  stream_id=413996 latency=0.689583 ms (tx_ts=88441934485311, rx_ts=88441935174894) request_id=2576198 zil_blk_id=413996 ccf_commit_seqno=2576200 nstreams_done_=103500 config.nstreams=400000 avg_latency=0.8202 ms avg throuhgput (requests/sec) = 811.9941 res=false
*==== INFO ====*  stream_id=415996 latency=0.617295 ms (tx_ts=88442498656312, rx_ts=88442499273607) request_id=2588468 zil_blk_id=415996 ccf_commit_seqno=2588469 nstreams_done_=104000 config.nstreams=400000 avg_latency=0.8198 ms avg throuhgput (requests/sec) = 812.3218 res=false
*==== INFO ====*  stream_id=417996 latency=0.713379 ms (tx_ts=88443095387118, rx_ts=88443096100497) request_id=2600617 zil_blk_id=417996 ccf_commit_seqno=2600617 nstreams_done_=104500 config.nstreams=400000 avg_latency=0.8196 ms avg throuhgput (requests/sec) = 812.4398 res=false
*==== INFO ====*  stream_id=419996 latency=0.792172 ms (tx_ts=88443682595011, rx_ts=88443683387183) request_id=2613141 zil_blk_id=419996 ccf_commit_seqno=2613144 nstreams_done_=105000 config.nstreams=400000 avg_latency=0.8194 ms avg throuhgput (requests/sec) = 812.6168 res=false
*==== INFO ====*  stream_id=421996 latency=0.690922 ms (tx_ts=88444284383281, rx_ts=88444285074203) request_id=2625637 zil_blk_id=421996 ccf_commit_seqno=2625639 nstreams_done_=105500 config.nstreams=400000 avg_latency=0.8194 ms avg throuhgput (requests/sec) = 812.7020 res=false
*==== INFO ====*  stream_id=423996 latency=0.679374 ms (tx_ts=88444877821024, rx_ts=88444878500398) request_id=2638152 zil_blk_id=423996 ccf_commit_seqno=2638156 nstreams_done_=106000 config.nstreams=400000 avg_latency=0.8191 ms avg throuhgput (requests/sec) = 812.8378 res=false
*==== INFO ====*  stream_id=425996 latency=0.923427 ms (tx_ts=88445509824612, rx_ts=88445510748039) request_id=2650675 zil_blk_id=425996 ccf_commit_seqno=2650679 nstreams_done_=106500 config.nstreams=400000 avg_latency=0.8193 ms avg throuhgput (requests/sec) = 812.7317 res=false
*==== INFO ====*  stream_id=427996 latency=0.685572 ms (tx_ts=88446083023907, rx_ts=88446083709479) request_id=2662970 zil_blk_id=427996 ccf_commit_seqno=2662974 nstreams_done_=107000 config.nstreams=400000 avg_latency=0.8190 ms avg throuhgput (requests/sec) = 812.9925 res=false
*==== INFO ====*  stream_id=429996 latency=1.031573 ms (tx_ts=88446658099875, rx_ts=88446659131448) request_id=2675141 zil_blk_id=429996 ccf_commit_seqno=2675146 nstreams_done_=107500 config.nstreams=400000 avg_latency=0.8187 ms avg throuhgput (requests/sec) = 813.2360 res=false
*==== INFO ====*  stream_id=431996 latency=1.010030 ms (tx_ts=88447288423731, rx_ts=88447289433761) request_id=2687742 zil_blk_id=431996 ccf_commit_seqno=2687745 nstreams_done_=108000 config.nstreams=400000 avg_latency=0.8189 ms avg throuhgput (requests/sec) = 813.1413 res=false
*==== INFO ====*  stream_id=433996 latency=0.595948 ms (tx_ts=88447936103009, rx_ts=88447936698957) request_id=2700454 zil_blk_id=433996 ccf_commit_seqno=2700455 nstreams_done_=108500 config.nstreams=400000 avg_latency=0.8192 ms avg throuhgput (requests/sec) = 812.9441 res=false
*==== INFO ====*  stream_id=435996 latency=1.533328 ms (tx_ts=88448572755830, rx_ts=88448574289158) request_id=2712686 zil_blk_id=435996 ccf_commit_seqno=2712697 nstreams_done_=109000 config.nstreams=400000 avg_latency=0.8195 ms avg throuhgput (requests/sec) = 812.8074 res=false
*==== INFO ====*  stream_id=437996 latency=0.603097 ms (tx_ts=88449177087687, rx_ts=88449177690784) request_id=2724956 zil_blk_id=437996 ccf_commit_seqno=2724958 nstreams_done_=109500 config.nstreams=400000 avg_latency=0.8195 ms avg throuhgput (requests/sec) = 812.8783 res=false
*==== INFO ====*  stream_id=439996 latency=0.476150 ms (tx_ts=88449796391064, rx_ts=88449796867214) request_id=2737151 zil_blk_id=439996 ccf_commit_seqno=2737151 nstreams_done_=110000 config.nstreams=400000 avg_latency=0.8196 ms avg throuhgput (requests/sec) = 812.8538 res=false
*==== INFO ====*  stream_id=441996 latency=0.723603 ms (tx_ts=88450415024112, rx_ts=88450415747715) request_id=2749730 zil_blk_id=441996 ccf_commit_seqno=2749734 nstreams_done_=110500 config.nstreams=400000 avg_latency=0.8196 ms avg throuhgput (requests/sec) = 812.8313 res=false
*==== INFO ====*  stream_id=443996 latency=1.258324 ms (tx_ts=88451001785230, rx_ts=88451003043554) request_id=2761783 zil_blk_id=443996 ccf_commit_seqno=2761784 nstreams_done_=111000 config.nstreams=400000 avg_latency=0.8195 ms avg throuhgput (requests/sec) = 812.9971 res=false
*==== INFO ====*  stream_id=445996 latency=0.740297 ms (tx_ts=88451625083392, rx_ts=88451625823689) request_id=2773986 zil_blk_id=445996 ccf_commit_seqno=2773990 nstreams_done_=111500 config.nstreams=400000 avg_latency=0.8196 ms avg throuhgput (requests/sec) = 812.9510 res=false
*==== INFO ====*  stream_id=447996 latency=0.621345 ms (tx_ts=88452198876279, rx_ts=88452199497624) request_id=2786308 zil_blk_id=447996 ccf_commit_seqno=2786310 nstreams_done_=112000 config.nstreams=400000 avg_latency=0.8192 ms avg throuhgput (requests/sec) = 813.1952 res=false
*==== INFO ====*  stream_id=449996 latency=0.905884 ms (tx_ts=88452822117219, rx_ts=88452823023103) request_id=2798544 zil_blk_id=449996 ccf_commit_seqno=2798550 nstreams_done_=112500 config.nstreams=400000 avg_latency=0.8194 ms avg throuhgput (requests/sec) = 813.1443 res=false
*==== INFO ====*  stream_id=451996 latency=0.517671 ms (tx_ts=88453467698686, rx_ts=88453468216357) request_id=2810948 zil_blk_id=451996 ccf_commit_seqno=2810948 nstreams_done_=113000 config.nstreams=400000 avg_latency=0.8196 ms avg throuhgput (requests/sec) = 812.9670 res=false
*==== INFO ====*  stream_id=453996 latency=0.788766 ms (tx_ts=88454101024537, rx_ts=88454101813303) request_id=2823518 zil_blk_id=453996 ccf_commit_seqno=2823521 nstreams_done_=113500 config.nstreams=400000 avg_latency=0.8197 ms avg throuhgput (requests/sec) = 812.8589 res=false
*==== INFO ====*  stream_id=455996 latency=1.198228 ms (tx_ts=88454728993468, rx_ts=88454730191696) request_id=2835866 zil_blk_id=455996 ccf_commit_seqno=2835874 nstreams_done_=114000 config.nstreams=400000 avg_latency=0.8198 ms avg throuhgput (requests/sec) = 812.7820 res=false
*==== INFO ====*  stream_id=457996 latency=0.626071 ms (tx_ts=88455332744189, rx_ts=88455333370260) request_id=2848057 zil_blk_id=457996 ccf_commit_seqno=2848061 nstreams_done_=114500 config.nstreams=400000 avg_latency=0.8197 ms avg throuhgput (requests/sec) = 812.8512 res=false
*==== INFO ====*  stream_id=459996 latency=0.727300 ms (tx_ts=88455925789700, rx_ts=88455926517000) request_id=2860434 zil_blk_id=459996 ccf_commit_seqno=2860437 nstreams_done_=115000 config.nstreams=400000 avg_latency=0.8194 ms avg throuhgput (requests/sec) = 812.9775 res=false
*==== INFO ====*  stream_id=461996 latency=1.344178 ms (tx_ts=88456555355973, rx_ts=88456556700151) request_id=2872746 zil_blk_id=461996 ccf_commit_seqno=2872747 nstreams_done_=115500 config.nstreams=400000 avg_latency=0.8196 ms avg throuhgput (requests/sec) = 812.8908 res=false
*==== INFO ====*  stream_id=463996 latency=0.897188 ms (tx_ts=88457175477456, rx_ts=88457176374644) request_id=2885093 zil_blk_id=463996 ccf_commit_seqno=2885095 nstreams_done_=116000 config.nstreams=400000 avg_latency=0.8196 ms avg throuhgput (requests/sec) = 812.8646 res=false
*==== INFO ====*  stream_id=465996 latency=1.261560 ms (tx_ts=88457835260284, rx_ts=88457836521844) request_id=2897710 zil_blk_id=465996 ccf_commit_seqno=2897716 nstreams_done_=116500 config.nstreams=400000 avg_latency=0.8199 ms avg throuhgput (requests/sec) = 812.6093 res=false
*==== INFO ====*  stream_id=467996 latency=1.639326 ms (tx_ts=88458466237751, rx_ts=88458467877077) request_id=2909849 zil_blk_id=467996 ccf_commit_seqno=2909860 nstreams_done_=117000 config.nstreams=400000 avg_latency=0.8201 ms avg throuhgput (requests/sec) = 812.5187 res=false
*==== INFO ====*  stream_id=469996 latency=0.701311 ms (tx_ts=88459056510127, rx_ts=88459057211438) request_id=2921972 zil_blk_id=469996 ccf_commit_seqno=2921976 nstreams_done_=117500 config.nstreams=400000 avg_latency=0.8199 ms avg throuhgput (requests/sec) = 812.6650 res=false
*==== INFO ====*  stream_id=471996 latency=1.729625 ms (tx_ts=88459634984782, rx_ts=88459636714407) request_id=2934253 zil_blk_id=471996 ccf_commit_seqno=2934268 nstreams_done_=118000 config.nstreams=400000 avg_latency=0.8197 ms avg throuhgput (requests/sec) = 812.8652 res=false
*==== INFO ====*  stream_id=473996 latency=0.559968 ms (tx_ts=88460217549533, rx_ts=88460218109501) request_id=2946534 zil_blk_id=473996 ccf_commit_seqno=2946535 nstreams_done_=118500 config.nstreams=400000 avg_latency=0.8195 ms avg throuhgput (requests/sec) = 813.0532 res=false
*==== INFO ====*  stream_id=475996 latency=0.973451 ms (tx_ts=88460814519814, rx_ts=88460815493265) request_id=2958871 zil_blk_id=475996 ccf_commit_seqno=2958874 nstreams_done_=119000 config.nstreams=400000 avg_latency=0.8193 ms avg throuhgput (requests/sec) = 813.1509 res=false
*==== INFO ====*  stream_id=477996 latency=0.657930 ms (tx_ts=88461502834684, rx_ts=88461503492614) request_id=2971520 zil_blk_id=477996 ccf_commit_seqno=2971524 nstreams_done_=119500 config.nstreams=400000 avg_latency=0.8198 ms avg throuhgput (requests/sec) = 812.7466 res=false
*==== INFO ====*  stream_id=479996 latency=0.622925 ms (tx_ts=88462162569596, rx_ts=88462163192521) request_id=2984243 zil_blk_id=479996 ccf_commit_seqno=2984245 nstreams_done_=120000 config.nstreams=400000 avg_latency=0.8200 ms avg throuhgput (requests/sec) = 812.5017 res=false
*==== INFO ====*  stream_id=481996 latency=0.795337 ms (tx_ts=88462739386016, rx_ts=88462740181353) request_id=2996561 zil_blk_id=481996 ccf_commit_seqno=2996564 nstreams_done_=120500 config.nstreams=400000 avg_latency=0.8197 ms avg throuhgput (requests/sec) = 812.7121 res=false
*==== INFO ====*  stream_id=483996 latency=0.751655 ms (tx_ts=88463343591640, rx_ts=88463344343295) request_id=3008852 zil_blk_id=483996 ccf_commit_seqno=3008854 nstreams_done_=121000 config.nstreams=400000 avg_latency=0.8196 ms avg throuhgput (requests/sec) = 812.7725 res=false
*==== INFO ====*  stream_id=485996 latency=0.555339 ms (tx_ts=88463960840846, rx_ts=88463961396185) request_id=3021383 zil_blk_id=485996 ccf_commit_seqno=3021384 nstreams_done_=121500 config.nstreams=400000 avg_latency=0.8196 ms avg throuhgput (requests/sec) = 812.7623 res=false
*==== INFO ====*  stream_id=487996 latency=1.524932 ms (tx_ts=88464600668281, rx_ts=88464602193213) request_id=3033859 zil_blk_id=487996 ccf_commit_seqno=3033864 nstreams_done_=122000 config.nstreams=400000 avg_latency=0.8198 ms avg throuhgput (requests/sec) = 812.6236 res=false
*==== INFO ====*  stream_id=489996 latency=0.570517 ms (tx_ts=88465173184515, rx_ts=88465173755032) request_id=3046269 zil_blk_id=489996 ccf_commit_seqno=3046270 nstreams_done_=122500 config.nstreams=400000 avg_latency=0.8194 ms avg throuhgput (requests/sec) = 812.8594 res=false
*==== INFO ====*  stream_id=491996 latency=0.859358 ms (tx_ts=88465778262086, rx_ts=88465779121444) request_id=3058563 zil_blk_id=491996 ccf_commit_seqno=3058567 nstreams_done_=123000 config.nstreams=400000 avg_latency=0.8194 ms avg throuhgput (requests/sec) = 812.9118 res=false
*==== INFO ====*  stream_id=493996 latency=1.525305 ms (tx_ts=88466425568782, rx_ts=88466427094087) request_id=3071502 zil_blk_id=493996 ccf_commit_seqno=3071502 nstreams_done_=123500 config.nstreams=400000 avg_latency=0.8195 ms avg throuhgput (requests/sec) = 812.7358 res=false
*==== INFO ====*  stream_id=495996 latency=0.652382 ms (tx_ts=88467042270591, rx_ts=88467042922973) request_id=3083776 zil_blk_id=495996 ccf_commit_seqno=3083777 nstreams_done_=124000 config.nstreams=400000 avg_latency=0.8196 ms avg throuhgput (requests/sec) = 812.7324 res=false
*==== INFO ====*  stream_id=497996 latency=1.902128 ms (tx_ts=88467622699513, rx_ts=88467624601641) request_id=3096457 zil_blk_id=497996 ccf_commit_seqno=3096457 nstreams_done_=124500 config.nstreams=400000 avg_latency=0.8193 ms avg throuhgput (requests/sec) = 812.9104 res=false
*==== INFO ====*  stream_id=499996 latency=0.648115 ms (tx_ts=88468270180530, rx_ts=88468270828645) request_id=3109471 zil_blk_id=499996 ccf_commit_seqno=3109472 nstreams_done_=125000 config.nstreams=400000 avg_latency=0.8193 ms avg throuhgput (requests/sec) = 812.7457 res=false
*==== INFO ====*  stream_id=501996 latency=0.917446 ms (tx_ts=88468856293680, rx_ts=88468857211126) request_id=3121465 zil_blk_id=501996 ccf_commit_seqno=3121470 nstreams_done_=125500 config.nstreams=400000 avg_latency=0.8192 ms avg throuhgput (requests/sec) = 812.8974 res=false
*==== INFO ====*  stream_id=503996 latency=1.409396 ms (tx_ts=88469476914310, rx_ts=88469478323706) request_id=3133506 zil_blk_id=503996 ccf_commit_seqno=3133514 nstreams_done_=126000 config.nstreams=400000 avg_latency=0.8193 ms avg throuhgput (requests/sec) = 812.8658 res=false
*==== INFO ====*  stream_id=505996 latency=0.560559 ms (tx_ts=88470132636900, rx_ts=88470133197459) request_id=3145710 zil_blk_id=505996 ccf_commit_seqno=3145710 nstreams_done_=126500 config.nstreams=400000 avg_latency=0.8196 ms avg throuhgput (requests/sec) = 812.6581 res=false
*==== INFO ====*  stream_id=507996 latency=0.849466 ms (tx_ts=88470730112960, rx_ts=88470730962426) request_id=3158378 zil_blk_id=507996 ccf_commit_seqno=3158383 nstreams_done_=127000 config.nstreams=400000 avg_latency=0.8195 ms avg throuhgput (requests/sec) = 812.7492 res=false
*==== INFO ====*  stream_id=509996 latency=0.767305 ms (tx_ts=88471367912800, rx_ts=88471368680105) request_id=3170956 zil_blk_id=509996 ccf_commit_seqno=3170958 nstreams_done_=127500 config.nstreams=400000 avg_latency=0.8197 ms avg throuhgput (requests/sec) = 812.6325 res=false
*==== INFO ====*  stream_id=511996 latency=2.058140 ms (tx_ts=88471936141960, rx_ts=88471938200100) request_id=3183266 zil_blk_id=511996 ccf_commit_seqno=3183269 nstreams_done_=128000 config.nstreams=400000 avg_latency=0.8194 ms avg throuhgput (requests/sec) = 812.8687 res=false
*==== INFO ====*  stream_id=513996 latency=0.621042 ms (tx_ts=88472549335122, rx_ts=88472549956164) request_id=3195245 zil_blk_id=513996 ccf_commit_seqno=3195248 nstreams_done_=128500 config.nstreams=400000 avg_latency=0.8195 ms avg throuhgput (requests/sec) = 812.8859 res=false
*==== INFO ====*  stream_id=515996 latency=0.692257 ms (tx_ts=88473209236192, rx_ts=88473209928449) request_id=3207749 zil_blk_id=515996 ccf_commit_seqno=3207750 nstreams_done_=129000 config.nstreams=400000 avg_latency=0.8198 ms avg throuhgput (requests/sec) = 812.6561 res=false
*==== INFO ====*  stream_id=517996 latency=0.705218 ms (tx_ts=88473794656150, rx_ts=88473795361368) request_id=3219929 zil_blk_id=517996 ccf_commit_seqno=3219932 nstreams_done_=129500 config.nstreams=400000 avg_latency=0.8196 ms avg throuhgput (requests/sec) = 812.8082 res=false
*==== INFO ====*  stream_id=519996 latency=0.708786 ms (tx_ts=88474438941909, rx_ts=88474439650695) request_id=3232566 zil_blk_id=519996 ccf_commit_seqno=3232568 nstreams_done_=130000 config.nstreams=400000 avg_latency=0.8198 ms avg throuhgput (requests/sec) = 812.6602 res=false
*==== INFO ====*  stream_id=521996 latency=0.951049 ms (tx_ts=88475056523890, rx_ts=88475057474939) request_id=3245245 zil_blk_id=521996 ccf_commit_seqno=3245254 nstreams_done_=130500 config.nstreams=400000 avg_latency=0.8198 ms avg throuhgput (requests/sec) = 812.6472 res=false
*==== INFO ====*  stream_id=523996 latency=0.682760 ms (tx_ts=88475645399869, rx_ts=88475646082629) request_id=3257684 zil_blk_id=523996 ccf_commit_seqno=3257686 nstreams_done_=131000 config.nstreams=400000 avg_latency=0.8196 ms avg throuhgput (requests/sec) = 812.7817 res=false
*==== INFO ====*  stream_id=525996 latency=0.510334 ms (tx_ts=88476260235921, rx_ts=88476260746255) request_id=3270330 zil_blk_id=525996 ccf_commit_seqno=3270330 nstreams_done_=131500 config.nstreams=400000 avg_latency=0.8196 ms avg throuhgput (requests/sec) = 812.7842 res=false
*==== INFO ====*  stream_id=527996 latency=0.995141 ms (tx_ts=88476851619717, rx_ts=88476852614858) request_id=3282423 zil_blk_id=527996 ccf_commit_seqno=3282425 nstreams_done_=132000 config.nstreams=400000 avg_latency=0.8195 ms avg throuhgput (requests/sec) = 812.9008 res=false
*==== INFO ====*  stream_id=529996 latency=0.625931 ms (tx_ts=88477454067911, rx_ts=88477454693842) request_id=3294593 zil_blk_id=529996 ccf_commit_seqno=3294595 nstreams_done_=132500 config.nstreams=400000 avg_latency=0.8195 ms avg throuhgput (requests/sec) = 812.9657 res=false
*==== INFO ====*  stream_id=531996 latency=1.440975 ms (tx_ts=88478087079598, rx_ts=88478088520573) request_id=3307258 zil_blk_id=531996 ccf_commit_seqno=3307278 nstreams_done_=133000 config.nstreams=400000 avg_latency=0.8195 ms avg throuhgput (requests/sec) = 812.8723 res=false
*==== INFO ====*  stream_id=533996 latency=1.469428 ms (tx_ts=88478728622986, rx_ts=88478730092414) request_id=3319808 zil_blk_id=533996 ccf_commit_seqno=3319816 nstreams_done_=133500 config.nstreams=400000 avg_latency=0.8197 ms avg throuhgput (requests/sec) = 812.7413 res=false
*==== INFO ====*  stream_id=535996 latency=1.609540 ms (tx_ts=88479314465119, rx_ts=88479316074659) request_id=3331924 zil_blk_id=535996 ccf_commit_seqno=3331925 nstreams_done_=134000 config.nstreams=400000 avg_latency=0.8196 ms avg throuhgput (requests/sec) = 812.8854 res=false
*==== INFO ====*  stream_id=537996 latency=0.796910 ms (tx_ts=88479930557387, rx_ts=88479931354297) request_id=3344450 zil_blk_id=537996 ccf_commit_seqno=3344451 nstreams_done_=134500 config.nstreams=400000 avg_latency=0.8196 ms avg throuhgput (requests/sec) = 812.8845 res=false
*==== INFO ====*  stream_id=539996 latency=0.589232 ms (tx_ts=88480501536055, rx_ts=88480502125287) request_id=3356631 zil_blk_id=539996 ccf_commit_seqno=3356631 nstreams_done_=135000 config.nstreams=400000 avg_latency=0.8193 ms avg throuhgput (requests/sec) = 813.1015 res=false
*==== INFO ====*  stream_id=541996 latency=0.860309 ms (tx_ts=88481105789859, rx_ts=88481106650168) request_id=3369034 zil_blk_id=541996 ccf_commit_seqno=3369039 nstreams_done_=135500 config.nstreams=400000 avg_latency=0.8192 ms avg throuhgput (requests/sec) = 813.1522 res=false
*==== INFO ====*  stream_id=543996 latency=0.837446 ms (tx_ts=88481701515229, rx_ts=88481702352675) request_id=3381449 zil_blk_id=543996 ccf_commit_seqno=3381452 nstreams_done_=136000 config.nstreams=400000 avg_latency=0.8192 ms avg throuhgput (requests/sec) = 813.2455 res=false
*==== INFO ====*  stream_id=545996 latency=0.716372 ms (tx_ts=88482336063610, rx_ts=88482336779982) request_id=3394255 zil_blk_id=545996 ccf_commit_seqno=3394257 nstreams_done_=136500 config.nstreams=400000 avg_latency=0.8192 ms avg throuhgput (requests/sec) = 813.1506 res=false
*==== INFO ====*  stream_id=547996 latency=0.637252 ms (tx_ts=88482916601977, rx_ts=88482917239229) request_id=3406575 zil_blk_id=547996 ccf_commit_seqno=3406576 nstreams_done_=137000 config.nstreams=400000 avg_latency=0.8190 ms avg throuhgput (requests/sec) = 813.3168 res=false
*==== INFO ====*  stream_id=549996 latency=0.970656 ms (tx_ts=88483503916315, rx_ts=88483504886971) request_id=3418649 zil_blk_id=549996 ccf_commit_seqno=3418650 nstreams_done_=137500 config.nstreams=400000 avg_latency=0.8189 ms avg throuhgput (requests/sec) = 813.4473 res=false
*==== INFO ====*  stream_id=551996 latency=1.177760 ms (tx_ts=88484163817696, rx_ts=88484164995456) request_id=3431545 zil_blk_id=551996 ccf_commit_seqno=3431549 nstreams_done_=138000 config.nstreams=400000 avg_latency=0.8190 ms avg throuhgput (requests/sec) = 813.2294 res=false
*==== INFO ====*  stream_id=553996 latency=0.630102 ms (tx_ts=88484805026241, rx_ts=88484805656343) request_id=3444156 zil_blk_id=553996 ccf_commit_seqno=3444157 nstreams_done_=138500 config.nstreams=400000 avg_latency=0.8192 ms avg throuhgput (requests/sec) = 813.1061 res=false
*==== INFO ====*  stream_id=555996 latency=0.608236 ms (tx_ts=88485394866527, rx_ts=88485395474763) request_id=3456520 zil_blk_id=555996 ccf_commit_seqno=3456520 nstreams_done_=139000 config.nstreams=400000 avg_latency=0.8191 ms avg throuhgput (requests/sec) = 813.2256 res=false
*==== INFO ====*  stream_id=557996 latency=1.052118 ms (tx_ts=88486011506799, rx_ts=88486012558917) request_id=3469181 zil_blk_id=557996 ccf_commit_seqno=3469188 nstreams_done_=139500 config.nstreams=400000 avg_latency=0.8191 ms avg throuhgput (requests/sec) = 813.2149 res=false
*==== INFO ====*  stream_id=559996 latency=0.536331 ms (tx_ts=88486606566173, rx_ts=88486607102504) request_id=3481410 zil_blk_id=559996 ccf_commit_seqno=3481410 nstreams_done_=140000 config.nstreams=400000 avg_latency=0.8189 ms avg throuhgput (requests/sec) = 813.3108 res=false
*==== INFO ====*  stream_id=561996 latency=0.815063 ms (tx_ts=88487229508339, rx_ts=88487230323402) request_id=3494261 zil_blk_id=561996 ccf_commit_seqno=3494265 nstreams_done_=140500 config.nstreams=400000 avg_latency=0.8189 ms avg throuhgput (requests/sec) = 813.2710 res=false
*==== INFO ====*  stream_id=563996 latency=0.667761 ms (tx_ts=88487811525306, rx_ts=88487812193067) request_id=3506718 zil_blk_id=563996 ccf_commit_seqno=3506721 nstreams_done_=141000 config.nstreams=400000 avg_latency=0.8187 ms avg throuhgput (requests/sec) = 813.4255 res=false
*==== INFO ====*  stream_id=565996 latency=1.112714 ms (tx_ts=88488442126987, rx_ts=88488443239701) request_id=3519604 zil_blk_id=565996 ccf_commit_seqno=3519604 nstreams_done_=141500 config.nstreams=400000 avg_latency=0.8187 ms avg throuhgput (requests/sec) = 813.3490 res=false
*==== INFO ====*  stream_id=567996 latency=0.987780 ms (tx_ts=88489121175155, rx_ts=88489122162935) request_id=3532027 zil_blk_id=567996 ccf_commit_seqno=3532028 nstreams_done_=142000 config.nstreams=400000 avg_latency=0.8192 ms avg throuhgput (requests/sec) = 813.0501 res=false
*==== INFO ====*  stream_id=569996 latency=0.638279 ms (tx_ts=88489739553716, rx_ts=88489740191995) request_id=3544824 zil_blk_id=569996 ccf_commit_seqno=3544826 nstreams_done_=142500 config.nstreams=400000 avg_latency=0.8191 ms avg throuhgput (requests/sec) = 813.0359 res=false
*==== INFO ====*  stream_id=571996 latency=0.810676 ms (tx_ts=88490327985033, rx_ts=88490328795709) request_id=3557247 zil_blk_id=571996 ccf_commit_seqno=3557250 nstreams_done_=143000 config.nstreams=400000 avg_latency=0.8190 ms avg throuhgput (requests/sec) = 813.1579 res=false
*==== INFO ====*  stream_id=573996 latency=1.283250 ms (tx_ts=88490967050460, rx_ts=88490968333710) request_id=3569961 zil_blk_id=573996 ccf_commit_seqno=3569978 nstreams_done_=143500 config.nstreams=400000 avg_latency=0.8191 ms avg throuhgput (requests/sec) = 813.0443 res=false
*==== INFO ====*  stream_id=575996 latency=0.768387 ms (tx_ts=88491574148534, rx_ts=88491574916921) request_id=3582095 zil_blk_id=575996 ccf_commit_seqno=3582098 nstreams_done_=144000 config.nstreams=400000 avg_latency=0.8191 ms avg throuhgput (requests/sec) = 813.0828 res=false
*==== INFO ====*  stream_id=577996 latency=1.383657 ms (tx_ts=88492201073618, rx_ts=88492202457275) request_id=3594901 zil_blk_id=577996 ccf_commit_seqno=3594915 nstreams_done_=144500 config.nstreams=400000 avg_latency=0.8192 ms avg throuhgput (requests/sec) = 813.0252 res=false
*==== INFO ====*  stream_id=579996 latency=0.669272 ms (tx_ts=88492856938055, rx_ts=88492857607327) request_id=3606928 zil_blk_id=579996 ccf_commit_seqno=3606929 nstreams_done_=145000 config.nstreams=400000 avg_latency=0.8196 ms avg throuhgput (requests/sec) = 812.8421 res=false
*==== INFO ====*  stream_id=581996 latency=0.565267 ms (tx_ts=88493475276284, rx_ts=88493475841551) request_id=3619387 zil_blk_id=581996 ccf_commit_seqno=3619389 nstreams_done_=145500 config.nstreams=400000 avg_latency=0.8195 ms avg throuhgput (requests/sec) = 812.8280 res=false
*==== INFO ====*  stream_id=583996 latency=0.784408 ms (tx_ts=88494057888673, rx_ts=88494058673081) request_id=3631707 zil_blk_id=583996 ccf_commit_seqno=3631710 nstreams_done_=146000 config.nstreams=400000 avg_latency=0.8193 ms avg throuhgput (requests/sec) = 812.9742 res=false
*==== INFO ====*  stream_id=585996 latency=0.915827 ms (tx_ts=88494650981229, rx_ts=88494651897056) request_id=3644028 zil_blk_id=585996 ccf_commit_seqno=3644030 nstreams_done_=146500 config.nstreams=400000 avg_latency=0.8192 ms avg throuhgput (requests/sec) = 813.0726 res=false
*==== INFO ====*  stream_id=587996 latency=1.383798 ms (tx_ts=88495305447962, rx_ts=88495306831760) request_id=3656553 zil_blk_id=587996 ccf_commit_seqno=3656564 nstreams_done_=147000 config.nstreams=400000 avg_latency=0.8194 ms avg throuhgput (requests/sec) = 812.8928 res=false
*==== INFO ====*  stream_id=589996 latency=0.682527 ms (tx_ts=88495890564433, rx_ts=88495891246960) request_id=3668982 zil_blk_id=589996 ccf_commit_seqno=3668982 nstreams_done_=147500 config.nstreams=400000 avg_latency=0.8192 ms avg throuhgput (requests/sec) = 813.0303 res=false
*==== INFO ====*  stream_id=591996 latency=0.664199 ms (tx_ts=88496476107813, rx_ts=88496476772012) request_id=3681474 zil_blk_id=591996 ccf_commit_seqno=3681476 nstreams_done_=148000 config.nstreams=400000 avg_latency=0.8191 ms avg throuhgput (requests/sec) = 813.1619 res=false
*==== INFO ====*  stream_id=593996 latency=0.824294 ms (tx_ts=88497132647501, rx_ts=88497133471795) request_id=3694419 zil_blk_id=593996 ccf_commit_seqno=3694421 nstreams_done_=148500 config.nstreams=400000 avg_latency=0.8193 ms avg throuhgput (requests/sec) = 812.9757 res=false
*==== INFO ====*  stream_id=595996 latency=0.707883 ms (tx_ts=88497726030797, rx_ts=88497726738680) request_id=3705531 zil_blk_id=595996 ccf_commit_seqno=3705532 nstreams_done_=149000 config.nstreams=400000 avg_latency=0.8192 ms avg throuhgput (requests/sec) = 813.0722 res=false
*==== INFO ====*  stream_id=597996 latency=0.662027 ms (tx_ts=88498322661978, rx_ts=88498323324005) request_id=3716512 zil_blk_id=597996 ccf_commit_seqno=3716514 nstreams_done_=149500 config.nstreams=400000 avg_latency=0.8191 ms avg throuhgput (requests/sec) = 813.1535 res=false
*==== INFO ====*  stream_id=599996 latency=0.824691 ms (tx_ts=88498915282385, rx_ts=88498916107076) request_id=3727525 zil_blk_id=599996 ccf_commit_seqno=3727529 nstreams_done_=150000 config.nstreams=400000 avg_latency=0.8190 ms avg throuhgput (requests/sec) = 813.2509 res=false
*==== INFO ====*  stream_id=601996 latency=0.651768 ms (tx_ts=88499505776933, rx_ts=88499506428701) request_id=3738900 zil_blk_id=601996 ccf_commit_seqno=3738903 nstreams_done_=150500 config.nstreams=400000 avg_latency=0.8188 ms avg throuhgput (requests/sec) = 813.3586 res=false
*==== INFO ====*  stream_id=603996 latency=0.763854 ms (tx_ts=88500054716690, rx_ts=88500055480544) request_id=3749812 zil_blk_id=603996 ccf_commit_seqno=3749815 nstreams_done_=151000 config.nstreams=400000 avg_latency=0.8184 ms avg throuhgput (requests/sec) = 813.6464 res=false
*==== INFO ====*  stream_id=605996 latency=1.363661 ms (tx_ts=88500654787106, rx_ts=88500656150767) request_id=3760665 zil_blk_id=605996 ccf_commit_seqno=3760681 nstreams_done_=151500 config.nstreams=400000 avg_latency=0.8184 ms avg throuhgput (requests/sec) = 813.7070 res=false
*==== INFO ====*  stream_id=607996 latency=0.702721 ms (tx_ts=88501241856932, rx_ts=88501242559653) request_id=3771963 zil_blk_id=607996 ccf_commit_seqno=3771966 nstreams_done_=152000 config.nstreams=400000 avg_latency=0.8181 ms avg throuhgput (requests/sec) = 813.8292 res=false
*==== INFO ====*  stream_id=609996 latency=0.620170 ms (tx_ts=88501823605033, rx_ts=88501824225203) request_id=3783526 zil_blk_id=609996 ccf_commit_seqno=3783529 nstreams_done_=152500 config.nstreams=400000 avg_latency=0.8179 ms avg throuhgput (requests/sec) = 813.9713 res=false
*==== INFO ====*  stream_id=611996 latency=0.718105 ms (tx_ts=88502456524275, rx_ts=88502457242380) request_id=3794675 zil_blk_id=611996 ccf_commit_seqno=3794677 nstreams_done_=153000 config.nstreams=400000 avg_latency=0.8180 ms avg throuhgput (requests/sec) = 813.8902 res=false
*==== INFO ====*  stream_id=613996 latency=0.618957 ms (tx_ts=88503047287974, rx_ts=88503047906931) request_id=3805471 zil_blk_id=613996 ccf_commit_seqno=3805471 nstreams_done_=153500 config.nstreams=400000 avg_latency=0.8179 ms avg throuhgput (requests/sec) = 813.9923 res=false
*==== INFO ====*  stream_id=615996 latency=0.801891 ms (tx_ts=88503663779378, rx_ts=88503664581269) request_id=3816208 zil_blk_id=615996 ccf_commit_seqno=3816210 nstreams_done_=154000 config.nstreams=400000 avg_latency=0.8180 ms avg throuhgput (requests/sec) = 813.9819 res=false
*==== INFO ====*  stream_id=617996 latency=0.709508 ms (tx_ts=88504248395823, rx_ts=88504249105331) request_id=3827224 zil_blk_id=617996 ccf_commit_seqno=3827225 nstreams_done_=154500 config.nstreams=400000 avg_latency=0.8179 ms avg throuhgput (requests/sec) = 814.1095 res=false
*==== INFO ====*  stream_id=619996 latency=0.485999 ms (tx_ts=88504814974569, rx_ts=88504815460568) request_id=3838467 zil_blk_id=619996 ccf_commit_seqno=3838467 nstreams_done_=155000 config.nstreams=400000 avg_latency=0.8176 ms avg throuhgput (requests/sec) = 814.3140 res=false
*==== INFO ====*  stream_id=621996 latency=0.578375 ms (tx_ts=88505387199155, rx_ts=88505387777530) request_id=3849915 zil_blk_id=621996 ccf_commit_seqno=3849915 nstreams_done_=155500 config.nstreams=400000 avg_latency=0.8171 ms avg throuhgput (requests/sec) = 814.4918 res=false
*==== INFO ====*  stream_id=623996 latency=0.695729 ms (tx_ts=88505947665218, rx_ts=88505948360947) request_id=3860688 zil_blk_id=623996 ccf_commit_seqno=3860689 nstreams_done_=156000 config.nstreams=400000 avg_latency=0.8169 ms avg throuhgput (requests/sec) = 814.7185 res=false
*==== INFO ====*  stream_id=625996 latency=0.606855 ms (tx_ts=88506526536123, rx_ts=88506527142978) request_id=3871460 zil_blk_id=625996 ccf_commit_seqno=3871461 nstreams_done_=156500 config.nstreams=400000 avg_latency=0.8167 ms avg throuhgput (requests/sec) = 814.8667 res=false
*==== INFO ====*  stream_id=627996 latency=1.020608 ms (tx_ts=88507138876540, rx_ts=88507139897148) request_id=3882474 zil_blk_id=627996 ccf_commit_seqno=3882482 nstreams_done_=157000 config.nstreams=400000 avg_latency=0.8166 ms avg throuhgput (requests/sec) = 814.8703 res=false
*==== INFO ====*  stream_id=629996 latency=0.637502 ms (tx_ts=88507678448576, rx_ts=88507679086078) request_id=3893200 zil_blk_id=629996 ccf_commit_seqno=3893201 nstreams_done_=157500 config.nstreams=400000 avg_latency=0.8163 ms avg throuhgput (requests/sec) = 815.1841 res=false
*==== INFO ====*  stream_id=631996 latency=0.814904 ms (tx_ts=88508227326443, rx_ts=88508228141347) request_id=3904458 zil_blk_id=631996 ccf_commit_seqno=3904459 nstreams_done_=158000 config.nstreams=400000 avg_latency=0.8158 ms avg throuhgput (requests/sec) = 815.4546 res=false
*==== INFO ====*  stream_id=633996 latency=0.575305 ms (tx_ts=88508802155748, rx_ts=88508802731053) request_id=3915373 zil_blk_id=633996 ccf_commit_seqno=3915375 nstreams_done_=158500 config.nstreams=400000 avg_latency=0.8156 ms avg throuhgput (requests/sec) = 815.6164 res=false
*==== INFO ====*  stream_id=635996 latency=0.781707 ms (tx_ts=88509389702624, rx_ts=88509390484331) request_id=3926419 zil_blk_id=635996 ccf_commit_seqno=3926419 nstreams_done_=159000 config.nstreams=400000 avg_latency=0.8154 ms avg throuhgput (requests/sec) = 815.7222 res=false
*==== INFO ====*  stream_id=637996 latency=0.618176 ms (tx_ts=88509990563741, rx_ts=88509991181917) request_id=3937591 zil_blk_id=637996 ccf_commit_seqno=3937592 nstreams_done_=159500 config.nstreams=400000 avg_latency=0.8153 ms avg throuhgput (requests/sec) = 815.7733 res=false
*==== INFO ====*  stream_id=639996 latency=1.368491 ms (tx_ts=88510579590154, rx_ts=88510580958645) request_id=3948828 zil_blk_id=639996 ccf_commit_seqno=3948843 nstreams_done_=160000 config.nstreams=400000 avg_latency=0.8151 ms avg throuhgput (requests/sec) = 815.8696 res=false
*==== INFO ====*  stream_id=641996 latency=0.984842 ms (tx_ts=88511162314583, rx_ts=88511163299425) request_id=3959558 zil_blk_id=641996 ccf_commit_seqno=3959562 nstreams_done_=160500 config.nstreams=400000 avg_latency=0.8150 ms avg throuhgput (requests/sec) = 815.9961 res=false
*==== INFO ====*  stream_id=643996 latency=0.968181 ms (tx_ts=88511786030307, rx_ts=88511786998488) request_id=3970551 zil_blk_id=643996 ccf_commit_seqno=3970554 nstreams_done_=161000 config.nstreams=400000 avg_latency=0.8151 ms avg throuhgput (requests/sec) = 815.9508 res=false
*==== INFO ====*  stream_id=645996 latency=0.633711 ms (tx_ts=88512392291233, rx_ts=88512392924944) request_id=3981749 zil_blk_id=645996 ccf_commit_seqno=3981749 nstreams_done_=161500 config.nstreams=400000 avg_latency=0.8151 ms avg throuhgput (requests/sec) = 815.9791 res=false
*==== INFO ====*  stream_id=647996 latency=0.551422 ms (tx_ts=88512944235885, rx_ts=88512944787307) request_id=3992966 zil_blk_id=647996 ccf_commit_seqno=3992967 nstreams_done_=162000 config.nstreams=400000 avg_latency=0.8147 ms avg throuhgput (requests/sec) = 816.2295 res=false
*==== INFO ====*  stream_id=649996 latency=0.774178 ms (tx_ts=88513533350907, rx_ts=88513534125085) request_id=4004157 zil_blk_id=649996 ccf_commit_seqno=4004159 nstreams_done_=162500 config.nstreams=400000 avg_latency=0.8145 ms avg throuhgput (requests/sec) = 816.3247 res=false
*==== INFO ====*  stream_id=651996 latency=0.785329 ms (tx_ts=88514111643954, rx_ts=88514112429283) request_id=4015449 zil_blk_id=651996 ccf_commit_seqno=4015453 nstreams_done_=163000 config.nstreams=400000 avg_latency=0.8143 ms avg throuhgput (requests/sec) = 816.4646 res=false
*==== INFO ====*  stream_id=653996 latency=0.596526 ms (tx_ts=88514694853033, rx_ts=88514695449559) request_id=4026611 zil_blk_id=653996 ccf_commit_seqno=4026611 nstreams_done_=163500 config.nstreams=400000 avg_latency=0.8141 ms avg throuhgput (requests/sec) = 816.5844 res=false
*==== INFO ====*  stream_id=655996 latency=0.675212 ms (tx_ts=88515305639062, rx_ts=88515306314274) request_id=4037834 zil_blk_id=655996 ccf_commit_seqno=4037836 nstreams_done_=164000 config.nstreams=400000 avg_latency=0.8140 ms avg throuhgput (requests/sec) = 816.5902 res=false
*==== INFO ====*  stream_id=657996 latency=0.766795 ms (tx_ts=88515932301381, rx_ts=88515933068176) request_id=4048740 zil_blk_id=657996 ccf_commit_seqno=4048740 nstreams_done_=164500 config.nstreams=400000 avg_latency=0.8142 ms avg throuhgput (requests/sec) = 816.5316 res=false
*==== INFO ====*  stream_id=659996 latency=0.710942 ms (tx_ts=88516580459972, rx_ts=88516581170914) request_id=4060270 zil_blk_id=659996 ccf_commit_seqno=4060272 nstreams_done_=165000 config.nstreams=400000 avg_latency=0.8143 ms avg throuhgput (requests/sec) = 816.3872 res=false
*==== INFO ====*  stream_id=661996 latency=0.633147 ms (tx_ts=88517146189470, rx_ts=88517146822617) request_id=4071328 zil_blk_id=661996 ccf_commit_seqno=4071329 nstreams_done_=165500 config.nstreams=400000 avg_latency=0.8140 ms avg throuhgput (requests/sec) = 816.5757 res=false
*==== INFO ====*  stream_id=663996 latency=0.758829 ms (tx_ts=88517715015698, rx_ts=88517715774527) request_id=4082581 zil_blk_id=663996 ccf_commit_seqno=4082584 nstreams_done_=166000 config.nstreams=400000 avg_latency=0.8137 ms avg throuhgput (requests/sec) = 816.7499 res=false
*==== INFO ====*  stream_id=665996 latency=0.724155 ms (tx_ts=88518263143996, rx_ts=88518263868151) request_id=4093425 zil_blk_id=665996 ccf_commit_seqno=4093431 nstreams_done_=166500 config.nstreams=400000 avg_latency=0.8133 ms avg throuhgput (requests/sec) = 817.0068 res=false
*==== INFO ====*  stream_id=667996 latency=0.519498 ms (tx_ts=88518876850621, rx_ts=88518877370119) request_id=4104547 zil_blk_id=667996 ccf_commit_seqno=4104547 nstreams_done_=167000 config.nstreams=400000 avg_latency=0.8134 ms avg throuhgput (requests/sec) = 817.0007 res=false
*==== INFO ====*  stream_id=669996 latency=0.678940 ms (tx_ts=88519481985221, rx_ts=88519482664161) request_id=4116004 zil_blk_id=669996 ccf_commit_seqno=4116005 nstreams_done_=167500 config.nstreams=400000 avg_latency=0.8132 ms avg throuhgput (requests/sec) = 817.0274 res=false
*==== INFO ====*  stream_id=671996 latency=1.257249 ms (tx_ts=88520120815530, rx_ts=88520122072779) request_id=4127537 zil_blk_id=671996 ccf_commit_seqno=4127549 nstreams_done_=168000 config.nstreams=400000 avg_latency=0.8133 ms avg throuhgput (requests/sec) = 816.9184 res=false
*==== INFO ====*  stream_id=673996 latency=1.175890 ms (tx_ts=88520728615314, rx_ts=88520729791204) request_id=4138795 zil_blk_id=673996 ccf_commit_seqno=4138798 nstreams_done_=168500 config.nstreams=400000 avg_latency=0.8133 ms avg throuhgput (requests/sec) = 816.9356 res=false
*==== INFO ====*  stream_id=675996 latency=0.698803 ms (tx_ts=88521361301190, rx_ts=88521361999993) request_id=4149712 zil_blk_id=675996 ccf_commit_seqno=4149712 nstreams_done_=169000 config.nstreams=400000 avg_latency=0.8135 ms avg throuhgput (requests/sec) = 816.8560 res=false
*==== INFO ====*  stream_id=677996 latency=0.637332 ms (tx_ts=88521939087565, rx_ts=88521939724897) request_id=4160721 zil_blk_id=677996 ccf_commit_seqno=4160722 nstreams_done_=169500 config.nstreams=400000 avg_latency=0.8132 ms avg throuhgput (requests/sec) = 816.9913 res=false
*==== INFO ====*  stream_id=679996 latency=0.638434 ms (tx_ts=88522537462238, rx_ts=88522538100672) request_id=4172099 zil_blk_id=679996 ccf_commit_seqno=4172101 nstreams_done_=170000 config.nstreams=400000 avg_latency=0.8131 ms avg throuhgput (requests/sec) = 817.0448 res=false
*==== INFO ====*  stream_id=681996 latency=0.609587 ms (tx_ts=88523126846738, rx_ts=88523127456325) request_id=4183032 zil_blk_id=681996 ccf_commit_seqno=4183032 nstreams_done_=170500 config.nstreams=400000 avg_latency=0.8130 ms avg throuhgput (requests/sec) = 817.1334 res=false
*==== INFO ====*  stream_id=683996 latency=0.583541 ms (tx_ts=88523805952107, rx_ts=88523806535648) request_id=4194492 zil_blk_id=683996 ccf_commit_seqno=4194493 nstreams_done_=171000 config.nstreams=400000 avg_latency=0.8134 ms avg throuhgput (requests/sec) = 816.8711 res=false
*==== INFO ====*  stream_id=685996 latency=0.590866 ms (tx_ts=88524433563337, rx_ts=88524434154203) request_id=4205959 zil_blk_id=685996 ccf_commit_seqno=4205959 nstreams_done_=171500 config.nstreams=400000 avg_latency=0.8133 ms avg throuhgput (requests/sec) = 816.8107 res=false
*==== INFO ====*  stream_id=687996 latency=0.600713 ms (tx_ts=88524997030820, rx_ts=88524997631533) request_id=4216937 zil_blk_id=687996 ccf_commit_seqno=4216939 nstreams_done_=172000 config.nstreams=400000 avg_latency=0.8130 ms avg throuhgput (requests/sec) = 816.9995 res=false
*==== INFO ====*  stream_id=689996 latency=0.707403 ms (tx_ts=88525588692279, rx_ts=88525589399682) request_id=4228307 zil_blk_id=689996 ccf_commit_seqno=4228308 nstreams_done_=172500 config.nstreams=400000 avg_latency=0.8128 ms avg throuhgput (requests/sec) = 817.0778 res=false
*==== INFO ====*  stream_id=691996 latency=0.552196 ms (tx_ts=88526239296579, rx_ts=88526239848775) request_id=4239177 zil_blk_id=691996 ccf_commit_seqno=4239177 nstreams_done_=173000 config.nstreams=400000 avg_latency=0.8131 ms avg throuhgput (requests/sec) = 816.9292 res=false
*==== INFO ====*  stream_id=693996 latency=1.503342 ms (tx_ts=88526864266740, rx_ts=88526865770082) request_id=4250394 zil_blk_id=693996 ccf_commit_seqno=4250396 nstreams_done_=173500 config.nstreams=400000 avg_latency=0.8132 ms avg throuhgput (requests/sec) = 816.8758 res=false
*==== INFO ====*  stream_id=695996 latency=0.734699 ms (tx_ts=88527483130413, rx_ts=88527483865112) request_id=4262070 zil_blk_id=695996 ccf_commit_seqno=4262075 nstreams_done_=174000 config.nstreams=400000 avg_latency=0.8131 ms avg throuhgput (requests/sec) = 816.8528 res=false
*==== INFO ====*  stream_id=697996 latency=0.644926 ms (tx_ts=88528043539183, rx_ts=88528044184109) request_id=4273284 zil_blk_id=697996 ccf_commit_seqno=4273284 nstreams_done_=174500 config.nstreams=400000 avg_latency=0.8128 ms avg throuhgput (requests/sec) = 817.0509 res=false
*==== INFO ====*  stream_id=699996 latency=0.673173 ms (tx_ts=88528611346813, rx_ts=88528612019986) request_id=4284381 zil_blk_id=699996 ccf_commit_seqno=4284383 nstreams_done_=175000 config.nstreams=400000 avg_latency=0.8125 ms avg throuhgput (requests/sec) = 817.2192 res=false
*==== INFO ====*  stream_id=701996 latency=0.671004 ms (tx_ts=88529219371453, rx_ts=88529220042457) request_id=4295456 zil_blk_id=701996 ccf_commit_seqno=4295458 nstreams_done_=175500 config.nstreams=400000 avg_latency=0.8125 ms avg throuhgput (requests/sec) = 817.2337 res=false
*==== INFO ====*  stream_id=703996 latency=0.640658 ms (tx_ts=88529858668443, rx_ts=88529859309101) request_id=4306445 zil_blk_id=703996 ccf_commit_seqno=4306446 nstreams_done_=176000 config.nstreams=400000 avg_latency=0.8127 ms avg throuhgput (requests/sec) = 817.1296 res=false
*==== INFO ====*  stream_id=705996 latency=0.541690 ms (tx_ts=88530490584826, rx_ts=88530491126516) request_id=4317414 zil_blk_id=705996 ccf_commit_seqno=4317414 nstreams_done_=176500 config.nstreams=400000 avg_latency=0.8129 ms avg throuhgput (requests/sec) = 817.0542 res=false
*==== INFO ====*  stream_id=707996 latency=0.587469 ms (tx_ts=88531104837206, rx_ts=88531105424675) request_id=4328370 zil_blk_id=707996 ccf_commit_seqno=4328370 nstreams_done_=177000 config.nstreams=400000 avg_latency=0.8129 ms avg throuhgput (requests/sec) = 817.0454 res=false
*==== INFO ====*  stream_id=709996 latency=0.646238 ms (tx_ts=88531758507002, rx_ts=88531759153240) request_id=4339501 zil_blk_id=709996 ccf_commit_seqno=4339503 nstreams_done_=177500 config.nstreams=400000 avg_latency=0.8131 ms avg throuhgput (requests/sec) = 816.8883 res=false
*==== INFO ====*  stream_id=711996 latency=0.487231 ms (tx_ts=88532312159381, rx_ts=88532312646612) request_id=4350344 zil_blk_id=711996 ccf_commit_seqno=4350344 nstreams_done_=178000 config.nstreams=400000 avg_latency=0.8129 ms avg throuhgput (requests/sec) = 817.1080 res=false
*==== INFO ====*  stream_id=713996 latency=0.826225 ms (tx_ts=88532879935514, rx_ts=88532880761739) request_id=4361441 zil_blk_id=713996 ccf_commit_seqno=4361443 nstreams_done_=178500 config.nstreams=400000 avg_latency=0.8126 ms avg throuhgput (requests/sec) = 817.2719 res=false
*==== INFO ====*  stream_id=715996 latency=0.988088 ms (tx_ts=88533468537414, rx_ts=88533469525502) request_id=4372701 zil_blk_id=715996 ccf_commit_seqno=4372706 nstreams_done_=179000 config.nstreams=400000 avg_latency=0.8124 ms avg throuhgput (requests/sec) = 817.3578 res=false
*==== INFO ====*  stream_id=717996 latency=0.558294 ms (tx_ts=88534090345500, rx_ts=88534090903794) request_id=4383958 zil_blk_id=717996 ccf_commit_seqno=4383959 nstreams_done_=179500 config.nstreams=400000 avg_latency=0.8124 ms avg throuhgput (requests/sec) = 817.3219 res=false
*==== INFO ====*  stream_id=719996 latency=0.643306 ms (tx_ts=88534642154181, rx_ts=88534642797487) request_id=4394891 zil_blk_id=719996 ccf_commit_seqno=4394893 nstreams_done_=180000 config.nstreams=400000 avg_latency=0.8121 ms avg throuhgput (requests/sec) = 817.5441 res=false
*==== INFO ====*  stream_id=721996 latency=1.309419 ms (tx_ts=88535246309461, rx_ts=88535247618880) request_id=4406114 zil_blk_id=721996 ccf_commit_seqno=4406122 nstreams_done_=180500 config.nstreams=400000 avg_latency=0.8121 ms avg throuhgput (requests/sec) = 817.5692 res=false
*==== INFO ====*  stream_id=723996 latency=0.846345 ms (tx_ts=88535828570560, rx_ts=88535829416905) request_id=4417307 zil_blk_id=723996 ccf_commit_seqno=4417308 nstreams_done_=181000 config.nstreams=400000 avg_latency=0.8119 ms avg throuhgput (requests/sec) = 817.6791 res=false
*==== INFO ====*  stream_id=725996 latency=0.612505 ms (tx_ts=88536419441665, rx_ts=88536420054170) request_id=4428300 zil_blk_id=725996 ccf_commit_seqno=4428301 nstreams_done_=181500 config.nstreams=400000 avg_latency=0.8118 ms avg throuhgput (requests/sec) = 817.7559 res=false
*==== INFO ====*  stream_id=727996 latency=0.763849 ms (tx_ts=88536995833982, rx_ts=88536996597831) request_id=4439400 zil_blk_id=727996 ccf_commit_seqno=4439404 nstreams_done_=182000 config.nstreams=400000 avg_latency=0.8116 ms avg throuhgput (requests/sec) = 817.8841 res=false
*==== INFO ====*  stream_id=729996 latency=0.706160 ms (tx_ts=88537618609432, rx_ts=88537619315592) request_id=4450530 zil_blk_id=729996 ccf_commit_seqno=4450530 nstreams_done_=182500 config.nstreams=400000 avg_latency=0.8117 ms avg throuhgput (requests/sec) = 817.8424 res=false
*==== INFO ====*  stream_id=731996 latency=0.588930 ms (tx_ts=88538172562835, rx_ts=88538173151765) request_id=4461800 zil_blk_id=731996 ccf_commit_seqno=4461800 nstreams_done_=183000 config.nstreams=400000 avg_latency=0.8113 ms avg throuhgput (requests/sec) = 818.0527 res=false
*==== INFO ====*  stream_id=733996 latency=0.688511 ms (tx_ts=88538750498040, rx_ts=88538751186551) request_id=4472961 zil_blk_id=733996 ccf_commit_seqno=4472966 nstreams_done_=183500 config.nstreams=400000 avg_latency=0.8112 ms avg throuhgput (requests/sec) = 818.1737 res=false
*==== INFO ====*  stream_id=735996 latency=0.630850 ms (tx_ts=88539332294487, rx_ts=88539332925337) request_id=4484381 zil_blk_id=735996 ccf_commit_seqno=4484384 nstreams_done_=184000 config.nstreams=400000 avg_latency=0.8110 ms avg throuhgput (requests/sec) = 818.2806 res=false
*==== INFO ====*  stream_id=737996 latency=0.747354 ms (tx_ts=88539947674954, rx_ts=88539948422308) request_id=4495540 zil_blk_id=737996 ccf_commit_seqno=4495542 nstreams_done_=184500 config.nstreams=400000 avg_latency=0.8110 ms avg throuhgput (requests/sec) = 818.2644 res=false
*==== INFO ====*  stream_id=739996 latency=0.628546 ms (tx_ts=88540535768801, rx_ts=88540536397347) request_id=4506365 zil_blk_id=739996 ccf_commit_seqno=4506366 nstreams_done_=185000 config.nstreams=400000 avg_latency=0.8109 ms avg throuhgput (requests/sec) = 818.3479 res=false
*==== INFO ====*  stream_id=741996 latency=0.677634 ms (tx_ts=88541098179292, rx_ts=88541098856926) request_id=4517507 zil_blk_id=741996 ccf_commit_seqno=4517509 nstreams_done_=185500 config.nstreams=400000 avg_latency=0.8106 ms avg throuhgput (requests/sec) = 818.5232 res=false
*==== INFO ====*  stream_id=743996 latency=1.065643 ms (tx_ts=88541712358537, rx_ts=88541713424180) request_id=4528860 zil_blk_id=743996 ccf_commit_seqno=4528867 nstreams_done_=186000 config.nstreams=400000 avg_latency=0.8106 ms avg throuhgput (requests/sec) = 818.5098 res=false
*==== INFO ====*  stream_id=745996 latency=0.508030 ms (tx_ts=88542305737131, rx_ts=88542306245161) request_id=4540207 zil_blk_id=745996 ccf_commit_seqno=4540207 nstreams_done_=186500 config.nstreams=400000 avg_latency=0.8104 ms avg throuhgput (requests/sec) = 818.5746 res=false
*==== INFO ====*  stream_id=747996 latency=0.718153 ms (tx_ts=88542877446857, rx_ts=88542878165010) request_id=4550846 zil_blk_id=747996 ccf_commit_seqno=4550849 nstreams_done_=187000 config.nstreams=400000 avg_latency=0.8103 ms avg throuhgput (requests/sec) = 818.7140 res=false
*==== INFO ====*  stream_id=749996 latency=0.893341 ms (tx_ts=88543463906941, rx_ts=88543464800282) request_id=4561567 zil_blk_id=749996 ccf_commit_seqno=4561569 nstreams_done_=187500 config.nstreams=400000 avg_latency=0.8103 ms avg throuhgput (requests/sec) = 818.8001 res=false
*==== INFO ====*  stream_id=751996 latency=1.026611 ms (tx_ts=88544051019176, rx_ts=88544052045787) request_id=4572694 zil_blk_id=751996 ccf_commit_seqno=4572697 nstreams_done_=188000 config.nstreams=400000 avg_latency=0.8102 ms avg throuhgput (requests/sec) = 818.8836 res=false
*==== INFO ====*  stream_id=753996 latency=0.632091 ms (tx_ts=88544688145285, rx_ts=88544688777376) request_id=4584082 zil_blk_id=753996 ccf_commit_seqno=4584084 nstreams_done_=188500 config.nstreams=400000 avg_latency=0.8102 ms avg throuhgput (requests/sec) = 818.7906 res=false
*==== INFO ====*  stream_id=755996 latency=0.724355 ms (tx_ts=88545298441053, rx_ts=88545299165408) request_id=4595298 zil_blk_id=755996 ccf_commit_seqno=4595299 nstreams_done_=189000 config.nstreams=400000 avg_latency=0.8102 ms avg throuhgput (requests/sec) = 818.7916 res=false
*==== INFO ====*  stream_id=757996 latency=0.639741 ms (tx_ts=88545926064387, rx_ts=88545926704128) request_id=4606364 zil_blk_id=757996 ccf_commit_seqno=4606367 nstreams_done_=189500 config.nstreams=400000 avg_latency=0.8103 ms avg throuhgput (requests/sec) = 818.7318 res=false
*==== INFO ====*  stream_id=759996 latency=0.800527 ms (tx_ts=88546559767449, rx_ts=88546560567976) request_id=4617475 zil_blk_id=759996 ccf_commit_seqno=4617475 nstreams_done_=190000 config.nstreams=400000 avg_latency=0.8105 ms avg throuhgput (requests/sec) = 818.6501 res=false
*==== INFO ====*  stream_id=761996 latency=0.770130 ms (tx_ts=88547153874067, rx_ts=88547154644197) request_id=4628486 zil_blk_id=761996 ccf_commit_seqno=4628488 nstreams_done_=190500 config.nstreams=400000 avg_latency=0.8104 ms avg throuhgput (requests/sec) = 818.7088 res=false
*==== INFO ====*  stream_id=763996 latency=0.566660 ms (tx_ts=88547794770550, rx_ts=88547795337210) request_id=4639562 zil_blk_id=763996 ccf_commit_seqno=4639564 nstreams_done_=191000 config.nstreams=400000 avg_latency=0.8105 ms avg throuhgput (requests/sec) = 818.6036 res=false
*==== INFO ====*  stream_id=765996 latency=0.612665 ms (tx_ts=88548371274761, rx_ts=88548371887426) request_id=4650753 zil_blk_id=765996 ccf_commit_seqno=4650755 nstreams_done_=191500 config.nstreams=400000 avg_latency=0.8103 ms avg throuhgput (requests/sec) = 818.7235 res=false
*==== INFO ====*  stream_id=767996 latency=0.534990 ms (tx_ts=88548993797687, rx_ts=88548994332677) request_id=4661711 zil_blk_id=767996 ccf_commit_seqno=4661711 nstreams_done_=192000 config.nstreams=400000 avg_latency=0.8104 ms avg throuhgput (requests/sec) = 818.6825 res=false
*==== INFO ====*  stream_id=769996 latency=0.625159 ms (tx_ts=88549538273110, rx_ts=88549538898269) request_id=4672562 zil_blk_id=769996 ccf_commit_seqno=4672562 nstreams_done_=192500 config.nstreams=400000 avg_latency=0.8102 ms avg throuhgput (requests/sec) = 818.9130 res=false
*==== INFO ====*  stream_id=771996 latency=0.576024 ms (tx_ts=88550146707652, rx_ts=88550147283676) request_id=4684006 zil_blk_id=771996 ccf_commit_seqno=4684006 nstreams_done_=193000 config.nstreams=400000 avg_latency=0.8101 ms avg throuhgput (requests/sec) = 818.9206 res=false
*==== INFO ====*  stream_id=773996 latency=0.539529 ms (tx_ts=88550730795924, rx_ts=88550731335453) request_id=4695278 zil_blk_id=773996 ccf_commit_seqno=4695278 nstreams_done_=193500 config.nstreams=400000 avg_latency=0.8099 ms avg throuhgput (requests/sec) = 819.0124 res=false
*==== INFO ====*  stream_id=775996 latency=0.769319 ms (tx_ts=88551332068019, rx_ts=88551332837338) request_id=4706220 zil_blk_id=775996 ccf_commit_seqno=4706225 nstreams_done_=194000 config.nstreams=400000 avg_latency=0.8099 ms avg throuhgput (requests/sec) = 819.0435 res=false
*==== INFO ====*  stream_id=777996 latency=0.558939 ms (tx_ts=88551916362034, rx_ts=88551916920973) request_id=4717175 zil_blk_id=777996 ccf_commit_seqno=4717177 nstreams_done_=194500 config.nstreams=400000 avg_latency=0.8098 ms avg throuhgput (requests/sec) = 819.1345 res=false
*==== INFO ====*  stream_id=779996 latency=1.478284 ms (tx_ts=88552499358513, rx_ts=88552500836797) request_id=4728368 zil_blk_id=779996 ccf_commit_seqno=4728382 nstreams_done_=195000 config.nstreams=400000 avg_latency=0.8097 ms avg throuhgput (requests/sec) = 819.2257 res=false
*==== INFO ====*  stream_id=781996 latency=1.051005 ms (tx_ts=88553074602007, rx_ts=88553075653012) request_id=4739340 zil_blk_id=781996 ccf_commit_seqno=4739342 nstreams_done_=195500 config.nstreams=400000 avg_latency=0.8095 ms avg throuhgput (requests/sec) = 819.3476 res=false
*==== INFO ====*  stream_id=783996 latency=0.912446 ms (tx_ts=88553679036540, rx_ts=88553679948986) request_id=4750851 zil_blk_id=783996 ccf_commit_seqno=4750855 nstreams_done_=196000 config.nstreams=400000 avg_latency=0.8094 ms avg throuhgput (requests/sec) = 819.3680 res=false
*==== INFO ====*  stream_id=785996 latency=0.645779 ms (tx_ts=88554267859818, rx_ts=88554268505597) request_id=4761812 zil_blk_id=785996 ccf_commit_seqno=4761814 nstreams_done_=196500 config.nstreams=400000 avg_latency=0.8093 ms avg throuhgput (requests/sec) = 819.4420 res=false
*==== INFO ====*  stream_id=787996 latency=0.608017 ms (tx_ts=88554830602466, rx_ts=88554831210483) request_id=4772720 zil_blk_id=787996 ccf_commit_seqno=4772721 nstreams_done_=197000 config.nstreams=400000 avg_latency=0.8091 ms avg throuhgput (requests/sec) = 819.6038 res=false
*==== INFO ====*  stream_id=789996 latency=0.808797 ms (tx_ts=88555402351696, rx_ts=88555403160493) request_id=4783857 zil_blk_id=789996 ccf_commit_seqno=4783858 nstreams_done_=197500 config.nstreams=400000 avg_latency=0.8089 ms avg throuhgput (requests/sec) = 819.7335 res=false
*==== INFO ====*  stream_id=791996 latency=1.185486 ms (tx_ts=88556093586081, rx_ts=88556094771567) request_id=4795192 zil_blk_id=791996 ccf_commit_seqno=4795204 nstreams_done_=198000 config.nstreams=400000 avg_latency=0.8093 ms avg throuhgput (requests/sec) = 819.4564 res=false
*==== INFO ====*  stream_id=793996 latency=0.701646 ms (tx_ts=88556744515255, rx_ts=88556745216901) request_id=4806163 zil_blk_id=793996 ccf_commit_seqno=4806165 nstreams_done_=198500 config.nstreams=400000 avg_latency=0.8095 ms avg throuhgput (requests/sec) = 819.3202 res=false
*==== INFO ====*  stream_id=795996 latency=1.417616 ms (tx_ts=88557347778881, rx_ts=88557349196497) request_id=4817557 zil_blk_id=795996 ccf_commit_seqno=4817568 nstreams_done_=199000 config.nstreams=400000 avg_latency=0.8094 ms avg throuhgput (requests/sec) = 819.3414 res=false
*==== INFO ====*  stream_id=797996 latency=0.575456 ms (tx_ts=88557917466649, rx_ts=88557918042105) request_id=4828722 zil_blk_id=797996 ccf_commit_seqno=4828723 nstreams_done_=199500 config.nstreams=400000 avg_latency=0.8092 ms avg throuhgput (requests/sec) = 819.4807 res=false
*==== INFO ====*  stream_id=799996 latency=0.581865 ms (tx_ts=88558477613912, rx_ts=88558478195777) request_id=4839479 zil_blk_id=799996 ccf_commit_seqno=4839480 nstreams_done_=200000 config.nstreams=400000 avg_latency=0.8091 ms avg throuhgput (requests/sec) = 819.6486 res=false
*==== INFO ====*  stream_id=801996 latency=0.641821 ms (tx_ts=88559064623181, rx_ts=88559065265002) request_id=4850174 zil_blk_id=801996 ccf_commit_seqno=4850175 nstreams_done_=200500 config.nstreams=400000 avg_latency=0.8090 ms avg throuhgput (requests/sec) = 819.7255 res=false
*==== INFO ====*  stream_id=803996 latency=1.991176 ms (tx_ts=88559689213539, rx_ts=88559691204715) request_id=4861447 zil_blk_id=803996 ccf_commit_seqno=4861457 nstreams_done_=201000 config.nstreams=400000 avg_latency=0.8090 ms avg throuhgput (requests/sec) = 819.6721 res=false
*==== INFO ====*  stream_id=805996 latency=0.803483 ms (tx_ts=88560331995404, rx_ts=88560332798887) request_id=4872778 zil_blk_id=805996 ccf_commit_seqno=4872783 nstreams_done_=201500 config.nstreams=400000 avg_latency=0.8092 ms avg throuhgput (requests/sec) = 819.5667 res=false
*==== INFO ====*  stream_id=807996 latency=0.647511 ms (tx_ts=88560942334198, rx_ts=88560942981709) request_id=4883513 zil_blk_id=807996 ccf_commit_seqno=4883513 nstreams_done_=202000 config.nstreams=400000 avg_latency=0.8092 ms avg throuhgput (requests/sec) = 819.5664 res=false
*==== INFO ====*  stream_id=809996 latency=0.920080 ms (tx_ts=88561526706539, rx_ts=88561527626619) request_id=4894391 zil_blk_id=809996 ccf_commit_seqno=4894394 nstreams_done_=202500 config.nstreams=400000 avg_latency=0.8091 ms avg throuhgput (requests/sec) = 819.6508 res=false
*==== INFO ====*  stream_id=811996 latency=0.700380 ms (tx_ts=88562089943524, rx_ts=88562090643904) request_id=4905376 zil_blk_id=811996 ccf_commit_seqno=4905376 nstreams_done_=203000 config.nstreams=400000 avg_latency=0.8089 ms avg throuhgput (requests/sec) = 819.8063 res=false
*==== INFO ====*  stream_id=813996 latency=0.631930 ms (tx_ts=88562625846226, rx_ts=88562626478156) request_id=4916459 zil_blk_id=813996 ccf_commit_seqno=4916459 nstreams_done_=203500 config.nstreams=400000 avg_latency=0.8085 ms avg throuhgput (requests/sec) = 820.0510 res=false
*==== INFO ====*  stream_id=815996 latency=0.667478 ms (tx_ts=88563247596070, rx_ts=88563248263548) request_id=4927672 zil_blk_id=815996 ccf_commit_seqno=4927675 nstreams_done_=204000 config.nstreams=400000 avg_latency=0.8085 ms avg throuhgput (requests/sec) = 820.0112 res=false
*==== INFO ====*  stream_id=817996 latency=0.740325 ms (tx_ts=88563819974827, rx_ts=88563820715152) request_id=4938996 zil_blk_id=817996 ccf_commit_seqno=4938999 nstreams_done_=204500 config.nstreams=400000 avg_latency=0.8082 ms avg throuhgput (requests/sec) = 820.1339 res=false
*==== INFO ====*  stream_id=819996 latency=0.751004 ms (tx_ts=88564430633778, rx_ts=88564431384782) request_id=4949873 zil_blk_id=819996 ccf_commit_seqno=4949873 nstreams_done_=205000 config.nstreams=400000 avg_latency=0.8083 ms avg throuhgput (requests/sec) = 820.1306 res=false
*==== INFO ====*  stream_id=821996 latency=0.772735 ms (tx_ts=88565049014735, rx_ts=88565049787470) request_id=4961056 zil_blk_id=821996 ccf_commit_seqno=4961062 nstreams_done_=205500 config.nstreams=400000 avg_latency=0.8083 ms avg throuhgput (requests/sec) = 820.1020 res=false
*==== INFO ====*  stream_id=823996 latency=0.572110 ms (tx_ts=88565629993663, rx_ts=88565630565773) request_id=4972035 zil_blk_id=823996 ccf_commit_seqno=4972036 nstreams_done_=206000 config.nstreams=400000 avg_latency=0.8082 ms avg throuhgput (requests/sec) = 820.1963 res=false
*==== INFO ====*  stream_id=825996 latency=0.745125 ms (tx_ts=88566218680477, rx_ts=88566219425602) request_id=4983085 zil_blk_id=825996 ccf_commit_seqno=4983087 nstreams_done_=206500 config.nstreams=400000 avg_latency=0.8080 ms avg throuhgput (requests/sec) = 820.2639 res=false
*==== INFO ====*  stream_id=827996 latency=0.763120 ms (tx_ts=88566792141057, rx_ts=88566792904177) request_id=4994516 zil_blk_id=827996 ccf_commit_seqno=4994517 nstreams_done_=207000 config.nstreams=400000 avg_latency=0.8078 ms avg throuhgput (requests/sec) = 820.3812 res=false
*==== INFO ====*  stream_id=829996 latency=0.585545 ms (tx_ts=88567370806692, rx_ts=88567371392237) request_id=5005549 zil_blk_id=829996 ccf_commit_seqno=5005550 nstreams_done_=207500 config.nstreams=400000 avg_latency=0.8076 ms avg throuhgput (requests/sec) = 820.4817 res=false
*==== INFO ====*  stream_id=831996 latency=0.646179 ms (tx_ts=88567972828071, rx_ts=88567973474250) request_id=5016505 zil_blk_id=831996 ccf_commit_seqno=5016505 nstreams_done_=208000 config.nstreams=400000 avg_latency=0.8076 ms avg throuhgput (requests/sec) = 820.5054 res=false
*==== INFO ====*  stream_id=833996 latency=0.583340 ms (tx_ts=88568597802988, rx_ts=88568598386328) request_id=5027360 zil_blk_id=833996 ccf_commit_seqno=5027360 nstreams_done_=208500 config.nstreams=400000 avg_latency=0.8077 ms avg throuhgput (requests/sec) = 820.4553 res=false
*==== INFO ====*  stream_id=835996 latency=1.520263 ms (tx_ts=88569202365896, rx_ts=88569203886159) request_id=5038792 zil_blk_id=835996 ccf_commit_seqno=5038792 nstreams_done_=209000 config.nstreams=400000 avg_latency=0.8077 ms avg throuhgput (requests/sec) = 820.4679 res=false
*==== INFO ====*  stream_id=837996 latency=0.805427 ms (tx_ts=88569785622656, rx_ts=88569786428083) request_id=5049841 zil_blk_id=837996 ccf_commit_seqno=5049844 nstreams_done_=209500 config.nstreams=400000 avg_latency=0.8076 ms avg throuhgput (requests/sec) = 820.5542 res=false
*==== INFO ====*  stream_id=839996 latency=0.544047 ms (tx_ts=88570434430485, rx_ts=88570434974532) request_id=5061445 zil_blk_id=839996 ccf_commit_seqno=5061446 nstreams_done_=210000 config.nstreams=400000 avg_latency=0.8077 ms avg throuhgput (requests/sec) = 820.4286 res=false
*==== INFO ====*  stream_id=841996 latency=0.748650 ms (tx_ts=88570986945678, rx_ts=88570987694328) request_id=5072738 zil_blk_id=841996 ccf_commit_seqno=5072741 nstreams_done_=210500 config.nstreams=400000 avg_latency=0.8074 ms avg throuhgput (requests/sec) = 820.6100 res=false
*==== INFO ====*  stream_id=843996 latency=0.674791 ms (tx_ts=88571582032773, rx_ts=88571582707564) request_id=5084371 zil_blk_id=843996 ccf_commit_seqno=5084371 nstreams_done_=211000 config.nstreams=400000 avg_latency=0.8072 ms avg throuhgput (requests/sec) = 820.6556 res=false
*==== INFO ====*  stream_id=845996 latency=0.630489 ms (tx_ts=88572202596365, rx_ts=88572203226854) request_id=5095544 zil_blk_id=845996 ccf_commit_seqno=5095548 nstreams_done_=211500 config.nstreams=400000 avg_latency=0.8072 ms avg throuhgput (requests/sec) = 820.6197 res=false
*==== INFO ====*  stream_id=847996 latency=0.747409 ms (tx_ts=88572762817821, rx_ts=88572763565230) request_id=5106482 zil_blk_id=847996 ccf_commit_seqno=5106487 nstreams_done_=212000 config.nstreams=400000 avg_latency=0.8070 ms avg throuhgput (requests/sec) = 820.7753 res=false
*==== INFO ====*  stream_id=849996 latency=0.768547 ms (tx_ts=88573373544864, rx_ts=88573374313411) request_id=5117648 zil_blk_id=849996 ccf_commit_seqno=5117650 nstreams_done_=212500 config.nstreams=400000 avg_latency=0.8070 ms avg throuhgput (requests/sec) = 820.7703 res=false
*==== INFO ====*  stream_id=851996 latency=0.812830 ms (tx_ts=88573939031406, rx_ts=88573939844236) request_id=5128412 zil_blk_id=851996 ccf_commit_seqno=5128417 nstreams_done_=213000 config.nstreams=400000 avg_latency=0.8069 ms avg throuhgput (requests/sec) = 820.9084 res=false
*==== INFO ====*  stream_id=853996 latency=0.587809 ms (tx_ts=88574509202641, rx_ts=88574509790450) request_id=5139613 zil_blk_id=853996 ccf_commit_seqno=5139614 nstreams_done_=213500 config.nstreams=400000 avg_latency=0.8067 ms avg throuhgput (requests/sec) = 821.0319 res=false
*==== INFO ====*  stream_id=855996 latency=0.811758 ms (tx_ts=88575131170071, rx_ts=88575131981829) request_id=5151025 zil_blk_id=855996 ccf_commit_seqno=5151027 nstreams_done_=214000 config.nstreams=400000 avg_latency=0.8067 ms avg throuhgput (requests/sec) = 820.9904 res=false
*==== INFO ====*  stream_id=857996 latency=1.484085 ms (tx_ts=88575725070961, rx_ts=88575726555046) request_id=5162361 zil_blk_id=857996 ccf_commit_seqno=5162373 nstreams_done_=214500 config.nstreams=400000 avg_latency=0.8066 ms avg throuhgput (requests/sec) = 821.0358 res=false
*==== INFO ====*  stream_id=859996 latency=0.658511 ms (tx_ts=88576284568428, rx_ts=88576285226939) request_id=5173142 zil_blk_id=859996 ccf_commit_seqno=5173144 nstreams_done_=215000 config.nstreams=400000 avg_latency=0.8065 ms avg throuhgput (requests/sec) = 821.1935 res=false
*==== INFO ====*  stream_id=861996 latency=0.706180 ms (tx_ts=88576889528642, rx_ts=88576890234822) request_id=5184116 zil_blk_id=861996 ccf_commit_seqno=5184117 nstreams_done_=215500 config.nstreams=400000 avg_latency=0.8065 ms avg throuhgput (requests/sec) = 821.2056 res=false
*==== INFO ====*  stream_id=863996 latency=0.575166 ms (tx_ts=88577447782207, rx_ts=88577448357373) request_id=5195016 zil_blk_id=863996 ccf_commit_seqno=5195017 nstreams_done_=216000 config.nstreams=400000 avg_latency=0.8063 ms avg throuhgput (requests/sec) = 821.3641 res=false
*==== INFO ====*  stream_id=865996 latency=0.718273 ms (tx_ts=88578054429144, rx_ts=88578055147417) request_id=5206155 zil_blk_id=865996 ccf_commit_seqno=5206160 nstreams_done_=216500 config.nstreams=400000 avg_latency=0.8063 ms avg throuhgput (requests/sec) = 821.3702 res=false
*==== INFO ====*  stream_id=867996 latency=0.656628 ms (tx_ts=88578632027920, rx_ts=88578632684548) request_id=5217260 zil_blk_id=867996 ccf_commit_seqno=5217260 nstreams_done_=217000 config.nstreams=400000 avg_latency=0.8061 ms avg throuhgput (requests/sec) = 821.4672 res=false
*==== INFO ====*  stream_id=869996 latency=0.653496 ms (tx_ts=88579187259146, rx_ts=88579187912642) request_id=5228178 zil_blk_id=869996 ccf_commit_seqno=5228181 nstreams_done_=217500 config.nstreams=400000 avg_latency=0.8058 ms avg throuhgput (requests/sec) = 821.6330 res=false
*==== INFO ====*  stream_id=871996 latency=0.637080 ms (tx_ts=88579752927144, rx_ts=88579753564224) request_id=5239263 zil_blk_id=871996 ccf_commit_seqno=5239266 nstreams_done_=218000 config.nstreams=400000 avg_latency=0.8057 ms avg throuhgput (requests/sec) = 821.7659 res=false
*==== INFO ====*  stream_id=873996 latency=0.554136 ms (tx_ts=88580359709849, rx_ts=88580360263985) request_id=5250546 zil_blk_id=873996 ccf_commit_seqno=5250546 nstreams_done_=218500 config.nstreams=400000 avg_latency=0.8056 ms avg throuhgput (requests/sec) = 821.7713 res=false
*==== INFO ====*  stream_id=875996 latency=0.770100 ms (tx_ts=88580920523071, rx_ts=88580921293171) request_id=5261941 zil_blk_id=875996 ccf_commit_seqno=5261943 nstreams_done_=219000 config.nstreams=400000 avg_latency=0.8054 ms avg throuhgput (requests/sec) = 821.9175 res=false
*==== INFO ====*  stream_id=877996 latency=0.643533 ms (tx_ts=88581515517570, rx_ts=88581516161103) request_id=5273316 zil_blk_id=877996 ccf_commit_seqno=5273318 nstreams_done_=219500 config.nstreams=400000 avg_latency=0.8052 ms avg throuhgput (requests/sec) = 821.9589 res=false
*==== INFO ====*  stream_id=879996 latency=0.984350 ms (tx_ts=88582120754800, rx_ts=88582121739150) request_id=5284567 zil_blk_id=879996 ccf_commit_seqno=5284571 nstreams_done_=220000 config.nstreams=400000 avg_latency=0.8052 ms avg throuhgput (requests/sec) = 821.9673 res=false
*==== INFO ====*  stream_id=881996 latency=0.722151 ms (tx_ts=88582732982327, rx_ts=88582733704478) request_id=5296334 zil_blk_id=881996 ccf_commit_seqno=5296337 nstreams_done_=220500 config.nstreams=400000 avg_latency=0.8051 ms avg throuhgput (requests/sec) = 821.9561 res=false
*==== INFO ====*  stream_id=883996 latency=0.704763 ms (tx_ts=88583308791488, rx_ts=88583309496251) request_id=5307475 zil_blk_id=883996 ccf_commit_seqno=5307478 nstreams_done_=221000 config.nstreams=400000 avg_latency=0.8049 ms avg throuhgput (requests/sec) = 822.0555 res=false
*==== INFO ====*  stream_id=885996 latency=0.995113 ms (tx_ts=88583874232238, rx_ts=88583875227351) request_id=5318555 zil_blk_id=885996 ccf_commit_seqno=5318563 nstreams_done_=221500 config.nstreams=400000 avg_latency=0.8048 ms avg throuhgput (requests/sec) = 822.1851 res=false
*==== INFO ====*  stream_id=887996 latency=0.737795 ms (tx_ts=88584445673413, rx_ts=88584446411208) request_id=5329084 zil_blk_id=887996 ccf_commit_seqno=5329087 nstreams_done_=222000 config.nstreams=400000 avg_latency=0.8046 ms avg throuhgput (requests/sec) = 822.2977 res=false
*==== INFO ====*  stream_id=889996 latency=0.886548 ms (tx_ts=88585084162721, rx_ts=88585085049269) request_id=5340300 zil_blk_id=889996 ccf_commit_seqno=5340302 nstreams_done_=222500 config.nstreams=400000 avg_latency=0.8047 ms avg throuhgput (requests/sec) = 822.2047 res=false
*==== INFO ====*  stream_id=891996 latency=0.585275 ms (tx_ts=88585665140215, rx_ts=88585665725490) request_id=5351725 zil_blk_id=891996 ccf_commit_seqno=5351728 nstreams_done_=223000 config.nstreams=400000 avg_latency=0.8045 ms avg throuhgput (requests/sec) = 822.2879 res=false
*==== INFO ====*  stream_id=893996 latency=0.923567 ms (tx_ts=88586313910257, rx_ts=88586314833824) request_id=5363059 zil_blk_id=893996 ccf_commit_seqno=5363064 nstreams_done_=223500 config.nstreams=400000 avg_latency=0.8047 ms avg throuhgput (requests/sec) = 822.1638 res=false
*==== INFO ====*  stream_id=895996 latency=0.712832 ms (tx_ts=88586897989614, rx_ts=88586898702446) request_id=5374460 zil_blk_id=895996 ccf_commit_seqno=5374463 nstreams_done_=224000 config.nstreams=400000 avg_latency=0.8045 ms avg throuhgput (requests/sec) = 822.2371 res=false
*==== INFO ====*  stream_id=897996 latency=0.705723 ms (tx_ts=88587507142408, rx_ts=88587507848131) request_id=5385537 zil_blk_id=897996 ccf_commit_seqno=5385540 nstreams_done_=224500 config.nstreams=400000 avg_latency=0.8045 ms avg throuhgput (requests/sec) = 822.2339 res=false
*==== INFO ====*  stream_id=899996 latency=1.044614 ms (tx_ts=88588144786223, rx_ts=88588145830837) request_id=5396796 zil_blk_id=899996 ccf_commit_seqno=5396797 nstreams_done_=225000 config.nstreams=400000 avg_latency=0.8047 ms avg throuhgput (requests/sec) = 822.1441 res=false
*==== INFO ====*  stream_id=901996 latency=0.525817 ms (tx_ts=88588746282277, rx_ts=88588746808094) request_id=5408078 zil_blk_id=901996 ccf_commit_seqno=5408078 nstreams_done_=225500 config.nstreams=400000 avg_latency=0.8046 ms avg throuhgput (requests/sec) = 822.1657 res=false
*==== INFO ====*  stream_id=903996 latency=0.509664 ms (tx_ts=88589315376167, rx_ts=88589315885831) request_id=5419092 zil_blk_id=903996 ccf_commit_seqno=5419092 nstreams_done_=226000 config.nstreams=400000 avg_latency=0.8045 ms avg throuhgput (requests/sec) = 822.2826 res=false
*==== INFO ====*  stream_id=905996 latency=0.612661 ms (tx_ts=88589895237983, rx_ts=88589895850644) request_id=5430156 zil_blk_id=905996 ccf_commit_seqno=5430158 nstreams_done_=226500 config.nstreams=400000 avg_latency=0.8043 ms avg throuhgput (requests/sec) = 822.3664 res=false
*==== INFO ====*  stream_id=907996 latency=0.618636 ms (tx_ts=88590491568785, rx_ts=88590492187421) request_id=5441551 zil_blk_id=907996 ccf_commit_seqno=5441551 nstreams_done_=227000 config.nstreams=400000 avg_latency=0.8043 ms avg throuhgput (requests/sec) = 822.4012 res=false
*==== INFO ====*  stream_id=909996 latency=0.618016 ms (tx_ts=88591070988828, rx_ts=88591071606844) request_id=5452740 zil_blk_id=909996 ccf_commit_seqno=5452742 nstreams_done_=227500 config.nstreams=400000 avg_latency=0.8041 ms avg throuhgput (requests/sec) = 822.4861 res=false
*==== INFO ====*  stream_id=911996 latency=0.840201 ms (tx_ts=88591634068335, rx_ts=88591634908536) request_id=5463244 zil_blk_id=911996 ccf_commit_seqno=5463249 nstreams_done_=228000 config.nstreams=400000 avg_latency=0.8040 ms avg throuhgput (requests/sec) = 822.6185 res=false
*==== INFO ====*  stream_id=913996 latency=0.785850 ms (tx_ts=88592254385227, rx_ts=88592255171077) request_id=5474406 zil_blk_id=913996 ccf_commit_seqno=5474406 nstreams_done_=228500 config.nstreams=400000 avg_latency=0.8040 ms avg throuhgput (requests/sec) = 822.5816 res=false
*==== INFO ====*  stream_id=915996 latency=0.902027 ms (tx_ts=88592845954088, rx_ts=88592846856115) request_id=5485669 zil_blk_id=915996 ccf_commit_seqno=5485670 nstreams_done_=229000 config.nstreams=400000 avg_latency=0.8039 ms avg throuhgput (requests/sec) = 822.6294 res=false
*==== INFO ====*  stream_id=917996 latency=0.538287 ms (tx_ts=88593420065489, rx_ts=88593420603776) request_id=5496707 zil_blk_id=917996 ccf_commit_seqno=5496707 nstreams_done_=229500 config.nstreams=400000 avg_latency=0.8038 ms avg throuhgput (requests/sec) = 822.7298 res=false
*==== INFO ====*  stream_id=919996 latency=0.753379 ms (tx_ts=88594004028526, rx_ts=88594004781905) request_id=5507787 zil_blk_id=919996 ccf_commit_seqno=5507792 nstreams_done_=230000 config.nstreams=400000 avg_latency=0.8037 ms avg throuhgput (requests/sec) = 822.7991 res=false
*==== INFO ====*  stream_id=921996 latency=0.601975 ms (tx_ts=88594638060054, rx_ts=88594638662029) request_id=5519037 zil_blk_id=921996 ccf_commit_seqno=5519037 nstreams_done_=230500 config.nstreams=400000 avg_latency=0.8037 ms avg throuhgput (requests/sec) = 822.7222 res=false
*==== INFO ====*  stream_id=923996 latency=0.645577 ms (tx_ts=88595231972078, rx_ts=88595232617655) request_id=5530398 zil_blk_id=923996 ccf_commit_seqno=5530400 nstreams_done_=231000 config.nstreams=400000 avg_latency=0.8036 ms avg throuhgput (requests/sec) = 822.7626 res=false
*==== INFO ====*  stream_id=925996 latency=0.699141 ms (tx_ts=88595803072807, rx_ts=88595803771948) request_id=5541899 zil_blk_id=925996 ccf_commit_seqno=5541899 nstreams_done_=231500 config.nstreams=400000 avg_latency=0.8035 ms avg throuhgput (requests/sec) = 822.8695 res=false
*==== INFO ====*  stream_id=927996 latency=0.799060 ms (tx_ts=88596363371531, rx_ts=88596364170591) request_id=5552774 zil_blk_id=927996 ccf_commit_seqno=5552781 nstreams_done_=232000 config.nstreams=400000 avg_latency=0.8033 ms avg throuhgput (requests/sec) = 823.0074 res=false
*==== INFO ====*  stream_id=929996 latency=0.656848 ms (tx_ts=88596917914135, rx_ts=88596918570983) request_id=5563898 zil_blk_id=929996 ccf_commit_seqno=5563901 nstreams_done_=232500 config.nstreams=400000 avg_latency=0.8031 ms avg throuhgput (requests/sec) = 823.1622 res=false
*==== INFO ====*  stream_id=931996 latency=0.542294 ms (tx_ts=88597529801069, rx_ts=88597530343363) request_id=5575372 zil_blk_id=931996 ccf_commit_seqno=5575372 nstreams_done_=233000 config.nstreams=400000 avg_latency=0.8031 ms avg throuhgput (requests/sec) = 823.1495 res=false
*==== INFO ====*  stream_id=933996 latency=0.648172 ms (tx_ts=88598086139728, rx_ts=88598086787900) request_id=5586423 zil_blk_id=933996 ccf_commit_seqno=5586425 nstreams_done_=233500 config.nstreams=400000 avg_latency=0.8029 ms avg throuhgput (requests/sec) = 823.2974 res=false
*==== INFO ====*  stream_id=935996 latency=0.500326 ms (tx_ts=88598687111093, rx_ts=88598687611419) request_id=5597413 zil_blk_id=935996 ccf_commit_seqno=5597413 nstreams_done_=234000 config.nstreams=400000 avg_latency=0.8029 ms avg throuhgput (requests/sec) = 823.3162 res=false
*==== INFO ====*  stream_id=937996 latency=0.685622 ms (tx_ts=88599299244263, rx_ts=88599299929885) request_id=5608544 zil_blk_id=937996 ccf_commit_seqno=5608546 nstreams_done_=234500 config.nstreams=400000 avg_latency=0.8029 ms avg throuhgput (requests/sec) = 823.3017 res=false
*==== INFO ====*  stream_id=939996 latency=0.703054 ms (tx_ts=88599840111736, rx_ts=88599840814790) request_id=5619584 zil_blk_id=939996 ccf_commit_seqno=5619588 nstreams_done_=235000 config.nstreams=400000 avg_latency=0.8027 ms avg throuhgput (requests/sec) = 823.4934 res=false
*==== INFO ====*  stream_id=941996 latency=0.685161 ms (tx_ts=88600379314172, rx_ts=88600379999333) request_id=5630398 zil_blk_id=941996 ccf_commit_seqno=5630398 nstreams_done_=235500 config.nstreams=400000 avg_latency=0.8024 ms avg throuhgput (requests/sec) = 823.6892 res=false
*==== INFO ====*  stream_id=943996 latency=0.737328 ms (tx_ts=88600943617845, rx_ts=88600944355173) request_id=5641645 zil_blk_id=943996 ccf_commit_seqno=5641651 nstreams_done_=236000 config.nstreams=400000 avg_latency=0.8022 ms avg throuhgput (requests/sec) = 823.8119 res=false
*==== INFO ====*  stream_id=945996 latency=0.632834 ms (tx_ts=88601500883956, rx_ts=88601501516790) request_id=5652743 zil_blk_id=945996 ccf_commit_seqno=5652746 nstreams_done_=236500 config.nstreams=400000 avg_latency=0.8021 ms avg throuhgput (requests/sec) = 823.9547 res=false
*==== INFO ====*  stream_id=947996 latency=0.657359 ms (tx_ts=88602046893326, rx_ts=88602047550685) request_id=5663733 zil_blk_id=947996 ccf_commit_seqno=5663737 nstreams_done_=237000 config.nstreams=400000 avg_latency=0.8019 ms avg throuhgput (requests/sec) = 824.1289 res=false
*==== INFO ====*  stream_id=949996 latency=0.840793 ms (tx_ts=88602631598961, rx_ts=88602632439754) request_id=5675007 zil_blk_id=949996 ccf_commit_seqno=5675009 nstreams_done_=237500 config.nstreams=400000 avg_latency=0.8017 ms avg throuhgput (requests/sec) = 824.1913 res=false
*==== INFO ====*  stream_id=951996 latency=0.592759 ms (tx_ts=88603214942790, rx_ts=88603215535549) request_id=5686151 zil_blk_id=951996 ccf_commit_seqno=5686154 nstreams_done_=238000 config.nstreams=400000 avg_latency=0.8016 ms avg throuhgput (requests/sec) = 824.2586 res=false
*==== INFO ====*  stream_id=953996 latency=0.608478 ms (tx_ts=88603788063940, rx_ts=88603788672418) request_id=5696939 zil_blk_id=953996 ccf_commit_seqno=5696940 nstreams_done_=238500 config.nstreams=400000 avg_latency=0.8015 ms avg throuhgput (requests/sec) = 824.3539 res=false
*==== INFO ====*  stream_id=955996 latency=0.571569 ms (tx_ts=88604338749497, rx_ts=88604339321066) request_id=5708148 zil_blk_id=955996 ccf_commit_seqno=5708148 nstreams_done_=239000 config.nstreams=400000 avg_latency=0.8013 ms avg throuhgput (requests/sec) = 824.5128 res=false
*==== INFO ====*  stream_id=957996 latency=0.783275 ms (tx_ts=88604934606016, rx_ts=88604935389291) request_id=5719110 zil_blk_id=957996 ccf_commit_seqno=5719115 nstreams_done_=239500 config.nstreams=400000 avg_latency=0.8012 ms avg throuhgput (requests/sec) = 824.5422 res=false
*==== INFO ====*  stream_id=959996 latency=0.619841 ms (tx_ts=88605524616703, rx_ts=88605525236544) request_id=5730178 zil_blk_id=959996 ccf_commit_seqno=5730178 nstreams_done_=240000 config.nstreams=400000 avg_latency=0.8011 ms avg throuhgput (requests/sec) = 824.5891 res=false
*==== INFO ====*  stream_id=961996 latency=0.606305 ms (tx_ts=88606137579530, rx_ts=88606138185835) request_id=5741310 zil_blk_id=961996 ccf_commit_seqno=5741311 nstreams_done_=240500 config.nstreams=400000 avg_latency=0.8011 ms avg throuhgput (requests/sec) = 824.5705 res=false
*==== INFO ====*  stream_id=963996 latency=0.784832 ms (tx_ts=88606710555717, rx_ts=88606711340549) request_id=5752414 zil_blk_id=963996 ccf_commit_seqno=5752414 nstreams_done_=241000 config.nstreams=400000 avg_latency=0.8010 ms avg throuhgput (requests/sec) = 824.6642 res=false
*==== INFO ====*  stream_id=965996 latency=1.150962 ms (tx_ts=88607288948122, rx_ts=88607290099084) request_id=5763424 zil_blk_id=965996 ccf_commit_seqno=5763429 nstreams_done_=241500 config.nstreams=400000 avg_latency=0.8009 ms avg throuhgput (requests/sec) = 824.7418 res=false
*==== INFO ====*  stream_id=967996 latency=1.452660 ms (tx_ts=88607913919110, rx_ts=88607915371770) request_id=5774615 zil_blk_id=967996 ccf_commit_seqno=5774633 nstreams_done_=242000 config.nstreams=400000 avg_latency=0.8009 ms avg throuhgput (requests/sec) = 824.6883 res=false
*==== INFO ====*  stream_id=969996 latency=0.521329 ms (tx_ts=88608510729078, rx_ts=88608511250407) request_id=5785844 zil_blk_id=969996 ccf_commit_seqno=5785844 nstreams_done_=242500 config.nstreams=400000 avg_latency=0.8008 ms avg throuhgput (requests/sec) = 824.7175 res=false
*==== INFO ====*  stream_id=971996 latency=0.638474 ms (tx_ts=88609131472670, rx_ts=88609132111144) request_id=5797002 zil_blk_id=971996 ccf_commit_seqno=5797002 nstreams_done_=243000 config.nstreams=400000 avg_latency=0.8009 ms avg throuhgput (requests/sec) = 824.6767 res=false
*==== INFO ====*  stream_id=973996 latency=0.803272 ms (tx_ts=88609749810866, rx_ts=88609750614138) request_id=5808277 zil_blk_id=973996 ccf_commit_seqno=5808282 nstreams_done_=243500 config.nstreams=400000 avg_latency=0.8009 ms avg throuhgput (requests/sec) = 824.6426 res=false
*==== INFO ====*  stream_id=975996 latency=0.735746 ms (tx_ts=88610323909799, rx_ts=88610324645545) request_id=5819267 zil_blk_id=975996 ccf_commit_seqno=5819269 nstreams_done_=244000 config.nstreams=400000 avg_latency=0.8008 ms avg throuhgput (requests/sec) = 824.7326 res=false
*==== INFO ====*  stream_id=977996 latency=2.033974 ms (tx_ts=88610956692491, rx_ts=88610958726465) request_id=5830729 zil_blk_id=977996 ccf_commit_seqno=5830732 nstreams_done_=244500 config.nstreams=400000 avg_latency=0.8008 ms avg throuhgput (requests/sec) = 824.6552 res=false
*==== INFO ====*  stream_id=979996 latency=0.589262 ms (tx_ts=88611550026082, rx_ts=88611550615344) request_id=5842019 zil_blk_id=979996 ccf_commit_seqno=5842021 nstreams_done_=245000 config.nstreams=400000 avg_latency=0.8008 ms avg throuhgput (requests/sec) = 824.6953 res=false
*==== INFO ====*  stream_id=981996 latency=0.763397 ms (tx_ts=88612120926203, rx_ts=88612121689600) request_id=5853437 zil_blk_id=981996 ccf_commit_seqno=5853438 nstreams_done_=245500 config.nstreams=400000 avg_latency=0.8006 ms avg throuhgput (requests/sec) = 824.7928 res=false
*==== INFO ====*  stream_id=983996 latency=1.271909 ms (tx_ts=88612688951355, rx_ts=88612690223264) request_id=5864628 zil_blk_id=983996 ccf_commit_seqno=5864632 nstreams_done_=246000 config.nstreams=400000 avg_latency=0.8005 ms avg throuhgput (requests/sec) = 824.8970 res=false
*==== INFO ====*  stream_id=985996 latency=0.797692 ms (tx_ts=88613273739825, rx_ts=88613274537517) request_id=5875607 zil_blk_id=985996 ccf_commit_seqno=5875609 nstreams_done_=246500 config.nstreams=400000 avg_latency=0.8004 ms avg throuhgput (requests/sec) = 824.9573 res=false
*==== INFO ====*  stream_id=987996 latency=0.661016 ms (tx_ts=88613863882072, rx_ts=88613864543088) request_id=5886213 zil_blk_id=987996 ccf_commit_seqno=5886213 nstreams_done_=247000 config.nstreams=400000 avg_latency=0.8003 ms avg throuhgput (requests/sec) = 825.0016 res=false
*==== INFO ====*  stream_id=989996 latency=0.772594 ms (tx_ts=88614436978515, rx_ts=88614437751109) request_id=5897412 zil_blk_id=989996 ccf_commit_seqno=5897416 nstreams_done_=247500 config.nstreams=400000 avg_latency=0.8002 ms avg throuhgput (requests/sec) = 825.0920 res=false
*==== INFO ====*  stream_id=991996 latency=0.766073 ms (tx_ts=88615058955865, rx_ts=88615059721938) request_id=5908541 zil_blk_id=991996 ccf_commit_seqno=5908546 nstreams_done_=248000 config.nstreams=400000 avg_latency=0.8002 ms avg throuhgput (requests/sec) = 825.0481 res=false
*==== INFO ====*  stream_id=993996 latency=0.494605 ms (tx_ts=88615657235508, rx_ts=88615657730113) request_id=5919894 zil_blk_id=993996 ccf_commit_seqno=5919894 nstreams_done_=248500 config.nstreams=400000 avg_latency=0.8001 ms avg throuhgput (requests/sec) = 825.0701 res=false
*==== INFO ====*  stream_id=995996 latency=0.650276 ms (tx_ts=88616275809043, rx_ts=88616276459319) request_id=5930787 zil_blk_id=995996 ccf_commit_seqno=5930787 nstreams_done_=249000 config.nstreams=400000 avg_latency=0.8002 ms avg throuhgput (requests/sec) = 825.0353 res=false
*==== INFO ====*  stream_id=997996 latency=0.718865 ms (tx_ts=88616902828208, rx_ts=88616903547073) request_id=5941969 zil_blk_id=997996 ccf_commit_seqno=5941973 nstreams_done_=249500 config.nstreams=400000 avg_latency=0.8003 ms avg throuhgput (requests/sec) = 824.9779 res=false
*==== INFO ====*  stream_id=999996 latency=0.629320 ms (tx_ts=88617464691048, rx_ts=88617465320368) request_id=5953321 zil_blk_id=999996 ccf_commit_seqno=5953321 nstreams_done_=250000 config.nstreams=400000 avg_latency=0.8001 ms avg throuhgput (requests/sec) = 825.0985 res=false
*==== INFO ====*  stream_id=1001996 latency=0.773647 ms (tx_ts=88618056075282, rx_ts=88618056848929) request_id=5964320 zil_blk_id=1001996 ccf_commit_seqno=5964321 nstreams_done_=250500 config.nstreams=400000 avg_latency=0.8001 ms avg throuhgput (requests/sec) = 825.1378 res=false
*==== INFO ====*  stream_id=1003996 latency=0.620009 ms (tx_ts=88618619123887, rx_ts=88618619743896) request_id=5975051 zil_blk_id=1003996 ccf_commit_seqno=5975053 nstreams_done_=251000 config.nstreams=400000 avg_latency=0.8000 ms avg throuhgput (requests/sec) = 825.2546 res=false
*==== INFO ====*  stream_id=1005996 latency=0.725577 ms (tx_ts=88619174865371, rx_ts=88619175590948) request_id=5986459 zil_blk_id=1005996 ccf_commit_seqno=5986460 nstreams_done_=251500 config.nstreams=400000 avg_latency=0.7997 ms avg throuhgput (requests/sec) = 825.3901 res=false
*==== INFO ====*  stream_id=1007996 latency=0.523111 ms (tx_ts=88619793835898, rx_ts=88619794359009) request_id=5997661 zil_blk_id=1007996 ccf_commit_seqno=5997661 nstreams_done_=252000 config.nstreams=400000 avg_latency=0.7997 ms avg throuhgput (requests/sec) = 825.3550 res=false
*==== INFO ====*  stream_id=1009996 latency=0.660305 ms (tx_ts=88620381094708, rx_ts=88620381755013) request_id=6008496 zil_blk_id=1009996 ccf_commit_seqno=6008497 nstreams_done_=252500 config.nstreams=400000 avg_latency=0.7997 ms avg throuhgput (requests/sec) = 825.4046 res=false
*==== INFO ====*  stream_id=1011996 latency=0.620330 ms (tx_ts=88620957072184, rx_ts=88620957692514) request_id=6019510 zil_blk_id=1011996 ccf_commit_seqno=6019512 nstreams_done_=253000 config.nstreams=400000 avg_latency=0.7996 ms avg throuhgput (requests/sec) = 825.4850 res=false
*==== INFO ====*  stream_id=1013996 latency=1.357512 ms (tx_ts=88621555851001, rx_ts=88621557208513) request_id=6030825 zil_blk_id=1013996 ccf_commit_seqno=6030842 nstreams_done_=253500 config.nstreams=400000 avg_latency=0.7995 ms avg throuhgput (requests/sec) = 825.5016 res=false
*==== INFO ====*  stream_id=1015996 latency=0.854791 ms (tx_ts=88622157183971, rx_ts=88622158038762) request_id=6041990 zil_blk_id=1015996 ccf_commit_seqno=6041993 nstreams_done_=254000 config.nstreams=400000 avg_latency=0.7995 ms avg throuhgput (requests/sec) = 825.5146 res=false
*==== INFO ====*  stream_id=1017996 latency=0.537492 ms (tx_ts=88622766380807, rx_ts=88622766918299) request_id=6053217 zil_blk_id=1017996 ccf_commit_seqno=6053218 nstreams_done_=254500 config.nstreams=400000 avg_latency=0.7995 ms avg throuhgput (requests/sec) = 825.5061 res=false
*==== INFO ====*  stream_id=1019996 latency=1.407111 ms (tx_ts=88623348760443, rx_ts=88623350167554) request_id=6064073 zil_blk_id=1019996 ccf_commit_seqno=6064093 nstreams_done_=255000 config.nstreams=400000 avg_latency=0.7994 ms avg throuhgput (requests/sec) = 825.5661 res=false
*==== INFO ====*  stream_id=1021996 latency=0.779577 ms (tx_ts=88623953873491, rx_ts=88623954653068) request_id=6075164 zil_blk_id=1021996 ccf_commit_seqno=6075165 nstreams_done_=255500 config.nstreams=400000 avg_latency=0.7994 ms avg throuhgput (requests/sec) = 825.5691 res=false
*==== INFO ====*  stream_id=1023996 latency=1.019206 ms (tx_ts=88624509024749, rx_ts=88624510043955) request_id=6085953 zil_blk_id=1023996 ccf_commit_seqno=6085955 nstreams_done_=256000 config.nstreams=400000 avg_latency=0.7993 ms avg throuhgput (requests/sec) = 825.7030 res=false
*==== INFO ====*  stream_id=1025996 latency=0.643221 ms (tx_ts=88625098861183, rx_ts=88625099504404) request_id=6097281 zil_blk_id=1025996 ccf_commit_seqno=6097283 nstreams_done_=256500 config.nstreams=400000 avg_latency=0.7992 ms avg throuhgput (requests/sec) = 825.7457 res=false
*==== INFO ====*  stream_id=1027996 latency=1.323921 ms (tx_ts=88625724776746, rx_ts=88625726100667) request_id=6108562 zil_blk_id=1027996 ccf_commit_seqno=6108568 nstreams_done_=257000 config.nstreams=400000 avg_latency=0.7992 ms avg throuhgput (requests/sec) = 825.6898 res=false
*==== INFO ====*  stream_id=1029996 latency=0.786921 ms (tx_ts=88626297029165, rx_ts=88626297816086) request_id=6119778 zil_blk_id=1029996 ccf_commit_seqno=6119781 nstreams_done_=257500 config.nstreams=400000 avg_latency=0.7991 ms avg throuhgput (requests/sec) = 825.7794 res=false
*==== INFO ====*  stream_id=1031996 latency=0.788143 ms (tx_ts=88626876852461, rx_ts=88626877640604) request_id=6130888 zil_blk_id=1031996 ccf_commit_seqno=6130889 nstreams_done_=258000 config.nstreams=400000 avg_latency=0.7990 ms avg throuhgput (requests/sec) = 825.8472 res=false
*==== INFO ====*  stream_id=1033996 latency=0.802349 ms (tx_ts=88627422238544, rx_ts=88627423040893) request_id=6141743 zil_blk_id=1033996 ccf_commit_seqno=6141747 nstreams_done_=258500 config.nstreams=400000 avg_latency=0.7988 ms avg throuhgput (requests/sec) = 826.0057 res=false
*==== INFO ====*  stream_id=1035996 latency=1.230436 ms (tx_ts=88628015054320, rx_ts=88628016284756) request_id=6153072 zil_blk_id=1035996 ccf_commit_seqno=6153087 nstreams_done_=259000 config.nstreams=400000 avg_latency=0.7987 ms avg throuhgput (requests/sec) = 826.0375 res=false
*==== INFO ====*  stream_id=1037996 latency=0.634616 ms (tx_ts=88628610214116, rx_ts=88628610848732) request_id=6164245 zil_blk_id=1037996 ccf_commit_seqno=6164246 nstreams_done_=259500 config.nstreams=400000 avg_latency=0.7987 ms avg throuhgput (requests/sec) = 826.0657 res=false
*==== INFO ====*  stream_id=1039996 latency=0.545396 ms (tx_ts=88629167103693, rx_ts=88629167649089) request_id=6175250 zil_blk_id=1039996 ccf_commit_seqno=6175251 nstreams_done_=260000 config.nstreams=400000 avg_latency=0.7985 ms avg throuhgput (requests/sec) = 826.1930 res=false
*==== INFO ====*  stream_id=1041996 latency=0.677506 ms (tx_ts=88629727704819, rx_ts=88629728382325) request_id=6186032 zil_blk_id=1041996 ccf_commit_seqno=6186034 nstreams_done_=260500 config.nstreams=400000 avg_latency=0.7984 ms avg throuhgput (requests/sec) = 826.3095 res=false
*==== INFO ====*  stream_id=1043996 latency=0.661256 ms (tx_ts=88630312381205, rx_ts=88630313042461) request_id=6196880 zil_blk_id=1043996 ccf_commit_seqno=6196884 nstreams_done_=261000 config.nstreams=400000 avg_latency=0.7983 ms avg throuhgput (requests/sec) = 826.3629 res=false
*==== INFO ====*  stream_id=1045996 latency=0.558336 ms (tx_ts=88630914035975, rx_ts=88630914594311) request_id=6207671 zil_blk_id=1045996 ccf_commit_seqno=6207673 nstreams_done_=261500 config.nstreams=400000 avg_latency=0.7984 ms avg throuhgput (requests/sec) = 826.3721 res=false
*==== INFO ====*  stream_id=1047996 latency=1.712162 ms (tx_ts=88631510319064, rx_ts=88631512031226) request_id=6218493 zil_blk_id=1047996 ccf_commit_seqno=6218495 nstreams_done_=262000 config.nstreams=400000 avg_latency=0.7984 ms avg throuhgput (requests/sec) = 826.3919 res=false
*==== INFO ====*  stream_id=1049996 latency=0.629587 ms (tx_ts=88632146491550, rx_ts=88632147121137) request_id=6229291 zil_blk_id=1049996 ccf_commit_seqno=6229292 nstreams_done_=262500 config.nstreams=400000 avg_latency=0.7985 ms avg throuhgput (requests/sec) = 826.3138 res=false
*==== INFO ====*  stream_id=1051996 latency=0.771190 ms (tx_ts=88632738825753, rx_ts=88632739596943) request_id=6240324 zil_blk_id=1051996 ccf_commit_seqno=6240332 nstreams_done_=263000 config.nstreams=400000 avg_latency=0.7985 ms avg throuhgput (requests/sec) = 826.3465 res=false
*==== INFO ====*  stream_id=1053996 latency=0.628986 ms (tx_ts=88633345186635, rx_ts=88633345815621) request_id=6251566 zil_blk_id=1053996 ccf_commit_seqno=6251568 nstreams_done_=263500 config.nstreams=400000 avg_latency=0.7985 ms avg throuhgput (requests/sec) = 826.3436 res=false
*==== INFO ====*  stream_id=1055996 latency=0.749732 ms (tx_ts=88633891923113, rx_ts=88633892672845) request_id=6262664 zil_blk_id=1055996 ccf_commit_seqno=6262667 nstreams_done_=264000 config.nstreams=400000 avg_latency=0.7983 ms avg throuhgput (requests/sec) = 826.4942 res=false
*==== INFO ====*  stream_id=1057996 latency=0.654674 ms (tx_ts=88634492776266, rx_ts=88634493430940) request_id=6273760 zil_blk_id=1057996 ccf_commit_seqno=6273763 nstreams_done_=264500 config.nstreams=400000 avg_latency=0.7982 ms avg throuhgput (requests/sec) = 826.5050 res=false
*==== INFO ====*  stream_id=1059996 latency=0.681885 ms (tx_ts=88635062571553, rx_ts=88635063253438) request_id=6285064 zil_blk_id=1059996 ccf_commit_seqno=6285065 nstreams_done_=265000 config.nstreams=400000 avg_latency=0.7981 ms avg throuhgput (requests/sec) = 826.5956 res=false
*==== INFO ====*  stream_id=1061996 latency=0.687418 ms (tx_ts=88635627491444, rx_ts=88635628178862) request_id=6295872 zil_blk_id=1061996 ccf_commit_seqno=6295872 nstreams_done_=265500 config.nstreams=400000 avg_latency=0.7980 ms avg throuhgput (requests/sec) = 826.6985 res=false
*==== INFO ====*  stream_id=1063996 latency=0.995642 ms (tx_ts=88636251840989, rx_ts=88636252836631) request_id=6306947 zil_blk_id=1063996 ccf_commit_seqno=6306955 nstreams_done_=266000 config.nstreams=400000 avg_latency=0.7981 ms avg throuhgput (requests/sec) = 826.6475 res=false
*==== INFO ====*  stream_id=1065996 latency=1.546352 ms (tx_ts=88636841158528, rx_ts=88636842704880) request_id=6317954 zil_blk_id=1065996 ccf_commit_seqno=6317954 nstreams_done_=266500 config.nstreams=400000 avg_latency=0.7981 ms avg throuhgput (requests/sec) = 826.6859 res=false
*==== INFO ====*  stream_id=1067996 latency=0.783606 ms (tx_ts=88637434031321, rx_ts=88637434814927) request_id=6329007 zil_blk_id=1067996 ccf_commit_seqno=6329010 nstreams_done_=267000 config.nstreams=400000 avg_latency=0.7980 ms avg throuhgput (requests/sec) = 826.7185 res=false
*==== INFO ====*  stream_id=1069996 latency=0.624849 ms (tx_ts=88637973412239, rx_ts=88637974037088) request_id=6340158 zil_blk_id=1069996 ccf_commit_seqno=6340161 nstreams_done_=267500 config.nstreams=400000 avg_latency=0.7978 ms avg throuhgput (requests/sec) = 826.8861 res=false
*==== INFO ====*  stream_id=1071996 latency=0.708794 ms (tx_ts=88638564981243, rx_ts=88638565690037) request_id=6351513 zil_blk_id=1071996 ccf_commit_seqno=6351516 nstreams_done_=268000 config.nstreams=400000 avg_latency=0.7977 ms avg throuhgput (requests/sec) = 826.9193 res=false
*==== INFO ====*  stream_id=1073996 latency=1.023745 ms (tx_ts=88639235245036, rx_ts=88639236268781) request_id=6362574 zil_blk_id=1073996 ccf_commit_seqno=6362585 nstreams_done_=268500 config.nstreams=400000 avg_latency=0.7979 ms avg throuhgput (requests/sec) = 826.7514 res=false
*==== INFO ====*  stream_id=1075996 latency=0.790498 ms (tx_ts=88639810023185, rx_ts=88639810813683) request_id=6373628 zil_blk_id=1075996 ccf_commit_seqno=6373628 nstreams_done_=269000 config.nstreams=400000 avg_latency=0.7978 ms avg throuhgput (requests/sec) = 826.8283 res=false
*==== INFO ====*  stream_id=1077996 latency=0.584513 ms (tx_ts=88640452234572, rx_ts=88640452819085) request_id=6384702 zil_blk_id=1077996 ccf_commit_seqno=6384703 nstreams_done_=269500 config.nstreams=400000 avg_latency=0.7980 ms avg throuhgput (requests/sec) = 826.7337 res=false
*==== INFO ====*  stream_id=1079996 latency=0.875129 ms (tx_ts=88641036424540, rx_ts=88641037299669) request_id=6395766 zil_blk_id=1079996 ccf_commit_seqno=6395766 nstreams_done_=270000 config.nstreams=400000 avg_latency=0.7979 ms avg throuhgput (requests/sec) = 826.7851 res=false
*==== INFO ====*  stream_id=1081996 latency=0.572650 ms (tx_ts=88641639916502, rx_ts=88641640489152) request_id=6407140 zil_blk_id=1081996 ccf_commit_seqno=6407141 nstreams_done_=270500 config.nstreams=400000 avg_latency=0.7978 ms avg throuhgput (requests/sec) = 826.7891 res=false
*==== INFO ====*  stream_id=1083996 latency=1.359571 ms (tx_ts=88642273689294, rx_ts=88642275048865) request_id=6418473 zil_blk_id=1083996 ccf_commit_seqno=6418488 nstreams_done_=271000 config.nstreams=400000 avg_latency=0.7979 ms avg throuhgput (requests/sec) = 826.7139 res=false
*==== INFO ====*  stream_id=1085996 latency=1.282788 ms (tx_ts=88642852501002, rx_ts=88642853783790) request_id=6429495 zil_blk_id=1085996 ccf_commit_seqno=6429510 nstreams_done_=271500 config.nstreams=400000 avg_latency=0.7977 ms avg throuhgput (requests/sec) = 826.7795 res=false
*==== INFO ====*  stream_id=1087996 latency=1.062296 ms (tx_ts=88643466855588, rx_ts=88643467917884) request_id=6440276 zil_blk_id=1087996 ccf_commit_seqno=6440285 nstreams_done_=272000 config.nstreams=400000 avg_latency=0.7978 ms avg throuhgput (requests/sec) = 826.7559 res=false
*==== INFO ====*  stream_id=1089996 latency=0.509913 ms (tx_ts=88644065082677, rx_ts=88644065592590) request_id=6451406 zil_blk_id=1089996 ccf_commit_seqno=6451406 nstreams_done_=272500 config.nstreams=400000 avg_latency=0.7977 ms avg throuhgput (requests/sec) = 826.7737 res=false
*==== INFO ====*  stream_id=1091996 latency=0.582449 ms (tx_ts=88644668767979, rx_ts=88644669350428) request_id=6462339 zil_blk_id=1091996 ccf_commit_seqno=6462339 nstreams_done_=273000 config.nstreams=400000 avg_latency=0.7978 ms avg throuhgput (requests/sec) = 826.7763 res=false
*==== INFO ====*  stream_id=1093996 latency=0.847956 ms (tx_ts=88645279443392, rx_ts=88645280291348) request_id=6473481 zil_blk_id=1093996 ccf_commit_seqno=6473485 nstreams_done_=273500 config.nstreams=400000 avg_latency=0.7978 ms avg throuhgput (requests/sec) = 826.7608 res=false
*==== INFO ====*  stream_id=1095996 latency=0.727427 ms (tx_ts=88645857356684, rx_ts=88645858084111) request_id=6484680 zil_blk_id=1095996 ccf_commit_seqno=6484685 nstreams_done_=274000 config.nstreams=400000 avg_latency=0.7977 ms avg throuhgput (requests/sec) = 826.8281 res=false
*==== INFO ====*  stream_id=1097996 latency=0.742448 ms (tx_ts=88646424892899, rx_ts=88646425635347) request_id=6495695 zil_blk_id=1097996 ccf_commit_seqno=6495696 nstreams_done_=274500 config.nstreams=400000 avg_latency=0.7976 ms avg throuhgput (requests/sec) = 826.9207 res=false
*==== INFO ====*  stream_id=1099996 latency=0.587288 ms (tx_ts=88646988280371, rx_ts=88646988867659) request_id=6506710 zil_blk_id=1099996 ccf_commit_seqno=6506710 nstreams_done_=275000 config.nstreams=400000 avg_latency=0.7974 ms avg throuhgput (requests/sec) = 827.0237 res=false
*==== INFO ====*  stream_id=1101996 latency=0.771075 ms (tx_ts=88647522559436, rx_ts=88647523330511) request_id=6517691 zil_blk_id=1101996 ccf_commit_seqno=6517696 nstreams_done_=275500 config.nstreams=400000 avg_latency=0.7972 ms avg throuhgput (requests/sec) = 827.1978 res=false
*==== INFO ====*  stream_id=1103996 latency=0.843297 ms (tx_ts=88648117831367, rx_ts=88648118674664) request_id=6528760 zil_blk_id=1103996 ccf_commit_seqno=6528762 nstreams_done_=276000 config.nstreams=400000 avg_latency=0.7972 ms avg throuhgput (requests/sec) = 827.2204 res=false
*==== INFO ====*  stream_id=1105996 latency=0.604791 ms (tx_ts=88648699435340, rx_ts=88648700040131) request_id=6539653 zil_blk_id=1105996 ccf_commit_seqno=6539653 nstreams_done_=276500 config.nstreams=400000 avg_latency=0.7971 ms avg throuhgput (requests/sec) = 827.2775 res=false
*==== INFO ====*  stream_id=1107996 latency=0.753519 ms (tx_ts=88649280053340, rx_ts=88649280806859) request_id=6550924 zil_blk_id=1107996 ccf_commit_seqno=6550930 nstreams_done_=277000 config.nstreams=400000 avg_latency=0.7970 ms avg throuhgput (requests/sec) = 827.3358 res=false
*==== INFO ====*  stream_id=1109996 latency=0.789386 ms (tx_ts=88649952472149, rx_ts=88649953261535) request_id=6561916 zil_blk_id=1109996 ccf_commit_seqno=6561916 nstreams_done_=277500 config.nstreams=400000 avg_latency=0.7973 ms avg throuhgput (requests/sec) = 827.1679 res=false
*==== INFO ====*  stream_id=1111996 latency=0.603713 ms (tx_ts=88650525477682, rx_ts=88650526081395) request_id=6572967 zil_blk_id=1111996 ccf_commit_seqno=6572969 nstreams_done_=278000 config.nstreams=400000 avg_latency=0.7972 ms avg throuhgput (requests/sec) = 827.2458 res=false
*==== INFO ====*  stream_id=1113996 latency=0.918588 ms (tx_ts=88651130959576, rx_ts=88651131878164) request_id=6584426 zil_blk_id=1113996 ccf_commit_seqno=6584426 nstreams_done_=278500 config.nstreams=400000 avg_latency=0.7971 ms avg throuhgput (requests/sec) = 827.2424 res=false
*==== INFO ====*  stream_id=1115996 latency=0.830442 ms (tx_ts=88651725703378, rx_ts=88651726533820) request_id=6595524 zil_blk_id=1115996 ccf_commit_seqno=6595527 nstreams_done_=279000 config.nstreams=400000 avg_latency=0.7971 ms avg throuhgput (requests/sec) = 827.2664 res=false
*==== INFO ====*  stream_id=1117996 latency=0.571351 ms (tx_ts=88652287101680, rx_ts=88652287673031) request_id=6606730 zil_blk_id=1117996 ccf_commit_seqno=6606731 nstreams_done_=279500 config.nstreams=400000 avg_latency=0.7970 ms avg throuhgput (requests/sec) = 827.3723 res=false
*==== INFO ====*  stream_id=1119996 latency=0.638012 ms (tx_ts=88652875749666, rx_ts=88652876387678) request_id=6617819 zil_blk_id=1119996 ccf_commit_seqno=6617823 nstreams_done_=280000 config.nstreams=400000 avg_latency=0.7969 ms avg throuhgput (requests/sec) = 827.4105 res=false
*==== INFO ====*  stream_id=1121996 latency=0.691102 ms (tx_ts=88653429297245, rx_ts=88653429988347) request_id=6628884 zil_blk_id=1121996 ccf_commit_seqno=6628886 nstreams_done_=280500 config.nstreams=400000 avg_latency=0.7968 ms avg throuhgput (requests/sec) = 827.5342 res=false
*==== INFO ====*  stream_id=1123996 latency=0.937863 ms (tx_ts=88653988214431, rx_ts=88653989152294) request_id=6639820 zil_blk_id=1123996 ccf_commit_seqno=6639823 nstreams_done_=281000 config.nstreams=400000 avg_latency=0.7966 ms avg throuhgput (requests/sec) = 827.6440 res=false
*==== INFO ====*  stream_id=1125996 latency=0.575906 ms (tx_ts=88654561865249, rx_ts=88654562441155) request_id=6650758 zil_blk_id=1125996 ccf_commit_seqno=6650760 nstreams_done_=281500 config.nstreams=400000 avg_latency=0.7965 ms avg throuhgput (requests/sec) = 827.7190 res=false
*==== INFO ====*  stream_id=1127996 latency=0.494325 ms (tx_ts=88655192173078, rx_ts=88655192667403) request_id=6661639 zil_blk_id=1127996 ccf_commit_seqno=6661639 nstreams_done_=282000 config.nstreams=400000 avg_latency=0.7966 ms avg throuhgput (requests/sec) = 827.6555 res=false
*==== INFO ====*  stream_id=1129996 latency=0.651922 ms (tx_ts=88655804817797, rx_ts=88655805469719) request_id=6672565 zil_blk_id=1129996 ccf_commit_seqno=6672566 nstreams_done_=282500 config.nstreams=400000 avg_latency=0.7967 ms avg throuhgput (requests/sec) = 827.6344 res=false
*==== INFO ====*  stream_id=1131996 latency=0.843571 ms (tx_ts=88656405707089, rx_ts=88656406550660) request_id=6683361 zil_blk_id=1131996 ccf_commit_seqno=6683363 nstreams_done_=283000 config.nstreams=400000 avg_latency=0.7967 ms avg throuhgput (requests/sec) = 827.6418 res=false
*==== INFO ====*  stream_id=1133996 latency=0.809223 ms (tx_ts=88657002256784, rx_ts=88657003066007) request_id=6694478 zil_blk_id=1133996 ccf_commit_seqno=6694481 nstreams_done_=283500 config.nstreams=400000 avg_latency=0.7967 ms avg throuhgput (requests/sec) = 827.6602 res=false
*==== INFO ====*  stream_id=1135996 latency=1.216955 ms (tx_ts=88657617102710, rx_ts=88657618319665) request_id=6705985 zil_blk_id=1135996 ccf_commit_seqno=6705999 nstreams_done_=284000 config.nstreams=400000 avg_latency=0.7967 ms avg throuhgput (requests/sec) = 827.6333 res=false
*==== INFO ====*  stream_id=1137996 latency=1.269062 ms (tx_ts=88658215242709, rx_ts=88658216511771) request_id=6717031 zil_blk_id=1137996 ccf_commit_seqno=6717040 nstreams_done_=284500 config.nstreams=400000 avg_latency=0.7967 ms avg throuhgput (requests/sec) = 827.6476 res=false
*==== INFO ====*  stream_id=1139996 latency=0.665644 ms (tx_ts=88658807772724, rx_ts=88658808438368) request_id=6728049 zil_blk_id=1139996 ccf_commit_seqno=6728049 nstreams_done_=285000 config.nstreams=400000 avg_latency=0.7966 ms avg throuhgput (requests/sec) = 827.6769 res=false
*==== INFO ====*  stream_id=1141996 latency=0.550378 ms (tx_ts=88659356986366, rx_ts=88659357536744) request_id=6739063 zil_blk_id=1141996 ccf_commit_seqno=6739064 nstreams_done_=285500 config.nstreams=400000 avg_latency=0.7964 ms avg throuhgput (requests/sec) = 827.8089 res=false
*==== INFO ====*  stream_id=1143996 latency=0.781381 ms (tx_ts=88659934109476, rx_ts=88659934890857) request_id=6749899 zil_blk_id=1143996 ccf_commit_seqno=6749905 nstreams_done_=286000 config.nstreams=400000 avg_latency=0.7963 ms avg throuhgput (requests/sec) = 827.8728 res=false
*==== INFO ====*  stream_id=1145996 latency=0.694052 ms (tx_ts=88660503112072, rx_ts=88660503806124) request_id=6761001 zil_blk_id=1145996 ccf_commit_seqno=6761002 nstreams_done_=286500 config.nstreams=400000 avg_latency=0.7962 ms avg throuhgput (requests/sec) = 827.9566 res=false
*==== INFO ====*  stream_id=1147996 latency=0.766142 ms (tx_ts=88661106787643, rx_ts=88661107553785) request_id=6772218 zil_blk_id=1147996 ccf_commit_seqno=6772220 nstreams_done_=287000 config.nstreams=400000 avg_latency=0.7962 ms avg throuhgput (requests/sec) = 827.9570 res=false
*==== INFO ====*  stream_id=1149996 latency=0.604530 ms (tx_ts=88661676678605, rx_ts=88661677283135) request_id=6783311 zil_blk_id=1149996 ccf_commit_seqno=6783311 nstreams_done_=287500 config.nstreams=400000 avg_latency=0.7961 ms avg throuhgput (requests/sec) = 828.0385 res=false
*==== INFO ====*  stream_id=1151996 latency=0.564806 ms (tx_ts=88662241728430, rx_ts=88662242293236) request_id=6794540 zil_blk_id=1151996 ccf_commit_seqno=6794541 nstreams_done_=288000 config.nstreams=400000 avg_latency=0.7959 ms avg throuhgput (requests/sec) = 828.1309 res=false
*==== INFO ====*  stream_id=1153996 latency=0.967058 ms (tx_ts=88662840485875, rx_ts=88662841452933) request_id=6805494 zil_blk_id=1153996 ccf_commit_seqno=6805500 nstreams_done_=288500 config.nstreams=400000 avg_latency=0.7959 ms avg throuhgput (requests/sec) = 828.1419 res=false
*==== INFO ====*  stream_id=1155996 latency=0.593299 ms (tx_ts=88663401967913, rx_ts=88663402561212) request_id=6816217 zil_blk_id=1155996 ccf_commit_seqno=6816217 nstreams_done_=289000 config.nstreams=400000 avg_latency=0.7958 ms avg throuhgput (requests/sec) = 828.2431 res=false
*==== INFO ====*  stream_id=1157996 latency=1.269854 ms (tx_ts=88663982165996, rx_ts=88663983435850) request_id=6827061 zil_blk_id=1157996 ccf_commit_seqno=6827075 nstreams_done_=289500 config.nstreams=400000 avg_latency=0.7958 ms avg throuhgput (requests/sec) = 828.2972 res=false
*==== INFO ====*  stream_id=1159996 latency=1.082027 ms (tx_ts=88664624224401, rx_ts=88664625306428) request_id=6838417 zil_blk_id=1159996 ccf_commit_seqno=6838419 nstreams_done_=290000 config.nstreams=400000 avg_latency=0.7958 ms avg throuhgput (requests/sec) = 828.2067 res=false
*==== INFO ====*  stream_id=1161996 latency=0.539589 ms (tx_ts=88665218403762, rx_ts=88665218943351) request_id=6849073 zil_blk_id=1161996 ccf_commit_seqno=6849074 nstreams_done_=290500 config.nstreams=400000 avg_latency=0.7959 ms avg throuhgput (requests/sec) = 828.2305 res=false
*==== INFO ====*  stream_id=1163996 latency=0.634787 ms (tx_ts=88665798731620, rx_ts=88665799366407) request_id=6859962 zil_blk_id=1163996 ccf_commit_seqno=6859963 nstreams_done_=291000 config.nstreams=400000 avg_latency=0.7958 ms avg throuhgput (requests/sec) = 828.2854 res=false
*==== INFO ====*  stream_id=1165996 latency=1.187129 ms (tx_ts=88666361856118, rx_ts=88666363043247) request_id=6870851 zil_blk_id=1165996 ccf_commit_seqno=6870859 nstreams_done_=291500 config.nstreams=400000 avg_latency=0.7956 ms avg throuhgput (requests/sec) = 828.3795 res=false
*==== INFO ====*  stream_id=1167996 latency=0.616402 ms (tx_ts=88666971842967, rx_ts=88666972459369) request_id=6881943 zil_blk_id=1167996 ccf_commit_seqno=6881944 nstreams_done_=292000 config.nstreams=400000 avg_latency=0.7957 ms avg throuhgput (requests/sec) = 828.3658 res=false
*==== INFO ====*  stream_id=1169996 latency=0.681995 ms (tx_ts=88667628035289, rx_ts=88667628717284) request_id=6893515 zil_blk_id=1169996 ccf_commit_seqno=6893517 nstreams_done_=292500 config.nstreams=400000 avg_latency=0.7958 ms avg throuhgput (requests/sec) = 828.2423 res=false
*==== INFO ====*  stream_id=1171996 latency=0.711233 ms (tx_ts=88668204861743, rx_ts=88668205572976) request_id=6905192 zil_blk_id=1171996 ccf_commit_seqno=6905192 nstreams_done_=293000 config.nstreams=400000 avg_latency=0.7956 ms avg throuhgput (requests/sec) = 828.3051 res=false
*==== INFO ====*  stream_id=1173996 latency=1.150081 ms (tx_ts=88668771893962, rx_ts=88668773044043) request_id=6916519 zil_blk_id=1173996 ccf_commit_seqno=6916522 nstreams_done_=293500 config.nstreams=400000 avg_latency=0.7954 ms avg throuhgput (requests/sec) = 828.3897 res=false
*==== INFO ====*  stream_id=1175996 latency=0.616934 ms (tx_ts=88669323949605, rx_ts=88669324566539) request_id=6927582 zil_blk_id=1175996 ccf_commit_seqno=6927582 nstreams_done_=294000 config.nstreams=400000 avg_latency=0.7953 ms avg throuhgput (requests/sec) = 828.5112 res=false
*==== INFO ====*  stream_id=1177996 latency=0.693059 ms (tx_ts=88669927260502, rx_ts=88669927953561) request_id=6938684 zil_blk_id=1177996 ccf_commit_seqno=6938686 nstreams_done_=294500 config.nstreams=400000 avg_latency=0.7953 ms avg throuhgput (requests/sec) = 828.5114 res=false
*==== INFO ====*  stream_id=1179996 latency=1.070296 ms (tx_ts=88670504090657, rx_ts=88670505160953) request_id=6949847 zil_blk_id=1179996 ccf_commit_seqno=6949857 nstreams_done_=295000 config.nstreams=400000 avg_latency=0.7952 ms avg throuhgput (requests/sec) = 828.5726 res=false
*==== INFO ====*  stream_id=1181996 latency=1.273662 ms (tx_ts=88671096908031, rx_ts=88671098181693) request_id=6961034 zil_blk_id=1181996 ccf_commit_seqno=6961043 nstreams_done_=295500 config.nstreams=400000 avg_latency=0.7951 ms avg throuhgput (requests/sec) = 828.5968 res=false
*==== INFO ====*  stream_id=1183996 latency=0.642632 ms (tx_ts=88671725502114, rx_ts=88671726144746) request_id=6972117 zil_blk_id=1183996 ccf_commit_seqno=6972118 nstreams_done_=296000 config.nstreams=400000 avg_latency=0.7951 ms avg throuhgput (requests/sec) = 828.5399 res=false
*==== INFO ====*  stream_id=1185996 latency=1.416320 ms (tx_ts=88672318027662, rx_ts=88672319443982) request_id=6982902 zil_blk_id=1185996 ccf_commit_seqno=6982904 nstreams_done_=296500 config.nstreams=400000 avg_latency=0.7952 ms avg throuhgput (requests/sec) = 828.5635 res=false
*==== INFO ====*  stream_id=1187996 latency=0.678238 ms (tx_ts=88672886367810, rx_ts=88672887046048) request_id=6994199 zil_blk_id=1187996 ccf_commit_seqno=6994203 nstreams_done_=297000 config.nstreams=400000 avg_latency=0.7950 ms avg throuhgput (requests/sec) = 828.6464 res=false
*==== INFO ====*  stream_id=1189996 latency=0.619005 ms (tx_ts=88673472975449, rx_ts=88673473594454) request_id=7005471 zil_blk_id=1189996 ccf_commit_seqno=7005473 nstreams_done_=297500 config.nstreams=400000 avg_latency=0.7949 ms avg throuhgput (requests/sec) = 828.6853 res=false
*==== INFO ====*  stream_id=1191996 latency=0.636190 ms (tx_ts=88674077706197, rx_ts=88674078342387) request_id=7016496 zil_blk_id=1191996 ccf_commit_seqno=7016499 nstreams_done_=298000 config.nstreams=400000 avg_latency=0.7949 ms avg throuhgput (requests/sec) = 828.6821 res=false
*==== INFO ====*  stream_id=1193996 latency=0.665464 ms (tx_ts=88674705909088, rx_ts=88674706574552) request_id=7027424 zil_blk_id=1193996 ccf_commit_seqno=7027424 nstreams_done_=298500 config.nstreams=400000 avg_latency=0.7950 ms avg throuhgput (requests/sec) = 828.6249 res=false
*==== INFO ====*  stream_id=1195996 latency=0.524020 ms (tx_ts=88675277505259, rx_ts=88675278029279) request_id=7038328 zil_blk_id=1195996 ccf_commit_seqno=7038328 nstreams_done_=299000 config.nstreams=400000 avg_latency=0.7949 ms avg throuhgput (requests/sec) = 828.6983 res=false
*==== INFO ====*  stream_id=1197996 latency=0.647230 ms (tx_ts=88675899927912, rx_ts=88675900575142) request_id=7049508 zil_blk_id=1197996 ccf_commit_seqno=7049511 nstreams_done_=299500 config.nstreams=400000 avg_latency=0.7949 ms avg throuhgput (requests/sec) = 828.6543 res=false
*==== INFO ====*  stream_id=1199996 latency=0.680859 ms (tx_ts=88676477623325, rx_ts=88676478304184) request_id=7060741 zil_blk_id=1199996 ccf_commit_seqno=7060744 nstreams_done_=300000 config.nstreams=400000 avg_latency=0.7948 ms avg throuhgput (requests/sec) = 828.7130 res=false
*==== INFO ====*  stream_id=1201996 latency=1.254696 ms (tx_ts=88677054546431, rx_ts=88677055801127) request_id=7071768 zil_blk_id=1201996 ccf_commit_seqno=7071783 nstreams_done_=300500 config.nstreams=400000 avg_latency=0.7947 ms avg throuhgput (requests/sec) = 828.7721 res=false
*==== INFO ====*  stream_id=1203996 latency=0.704017 ms (tx_ts=88677613480836, rx_ts=88677614184853) request_id=7082577 zil_blk_id=1203996 ccf_commit_seqno=7082577 nstreams_done_=301000 config.nstreams=400000 avg_latency=0.7946 ms avg throuhgput (requests/sec) = 828.8746 res=false
*==== INFO ====*  stream_id=1205996 latency=1.330778 ms (tx_ts=88678231401601, rx_ts=88678232732379) request_id=7093687 zil_blk_id=1205996 ccf_commit_seqno=7093691 nstreams_done_=301500 config.nstreams=400000 avg_latency=0.7946 ms avg throuhgput (requests/sec) = 828.8397 res=false
*==== INFO ====*  stream_id=1207996 latency=0.736280 ms (tx_ts=88678869294950, rx_ts=88678870031230) request_id=7104707 zil_blk_id=1207996 ccf_commit_seqno=7104708 nstreams_done_=302000 config.nstreams=400000 avg_latency=0.7948 ms avg throuhgput (requests/sec) = 828.7622 res=false
*==== INFO ====*  stream_id=1209996 latency=0.686394 ms (tx_ts=88679494858190, rx_ts=88679495544584) request_id=7115811 zil_blk_id=1209996 ccf_commit_seqno=7115812 nstreams_done_=302500 config.nstreams=400000 avg_latency=0.7948 ms avg throuhgput (requests/sec) = 828.7118 res=false
*==== INFO ====*  stream_id=1211996 latency=1.043862 ms (tx_ts=88680089388146, rx_ts=88680090432008) request_id=7126887 zil_blk_id=1211996 ccf_commit_seqno=7126888 nstreams_done_=303000 config.nstreams=400000 avg_latency=0.7948 ms avg throuhgput (requests/sec) = 828.7310 res=false
*==== INFO ====*  stream_id=1213996 latency=0.764386 ms (tx_ts=88680661979184, rx_ts=88680662743570) request_id=7137920 zil_blk_id=1213996 ccf_commit_seqno=7137923 nstreams_done_=303500 config.nstreams=400000 avg_latency=0.7947 ms avg throuhgput (requests/sec) = 828.8012 res=false
*==== INFO ====*  stream_id=1215996 latency=0.639525 ms (tx_ts=88681206339651, rx_ts=88681206979176) request_id=7149087 zil_blk_id=1215996 ccf_commit_seqno=7149089 nstreams_done_=304000 config.nstreams=400000 avg_latency=0.7945 ms avg throuhgput (requests/sec) = 828.9346 res=false
*==== INFO ====*  stream_id=1217996 latency=1.510884 ms (tx_ts=88681818911325, rx_ts=88681820422209) request_id=7159921 zil_blk_id=1217996 ccf_commit_seqno=7159940 nstreams_done_=304500 config.nstreams=400000 avg_latency=0.7946 ms avg throuhgput (requests/sec) = 828.9115 res=false
*==== INFO ====*  stream_id=1219996 latency=0.715689 ms (tx_ts=88682424854540, rx_ts=88682425570229) request_id=7171482 zil_blk_id=1219996 ccf_commit_seqno=7171486 nstreams_done_=305000 config.nstreams=400000 avg_latency=0.7945 ms avg throuhgput (requests/sec) = 828.9071 res=false
*==== INFO ====*  stream_id=1221996 latency=0.617345 ms (tx_ts=88683035173231, rx_ts=88683035790576) request_id=7182444 zil_blk_id=1221996 ccf_commit_seqno=7182447 nstreams_done_=305500 config.nstreams=400000 avg_latency=0.7945 ms avg throuhgput (requests/sec) = 828.8913 res=false
*==== INFO ====*  stream_id=1223996 latency=0.612635 ms (tx_ts=88683591039912, rx_ts=88683591652547) request_id=7193418 zil_blk_id=1223996 ccf_commit_seqno=7193419 nstreams_done_=306000 config.nstreams=400000 avg_latency=0.7944 ms avg throuhgput (requests/sec) = 828.9977 res=false
*==== INFO ====*  stream_id=1225996 latency=1.412200 ms (tx_ts=88684218338473, rx_ts=88684219750673) request_id=7204696 zil_blk_id=1225996 ccf_commit_seqno=7204703 nstreams_done_=306500 config.nstreams=400000 avg_latency=0.7944 ms avg throuhgput (requests/sec) = 828.9417 res=false
*==== INFO ====*  stream_id=1227996 latency=0.693441 ms (tx_ts=88684843681189, rx_ts=88684844374630) request_id=7215948 zil_blk_id=1227996 ccf_commit_seqno=7215951 nstreams_done_=307000 config.nstreams=400000 avg_latency=0.7945 ms avg throuhgput (requests/sec) = 828.8937 res=false
*==== INFO ====*  stream_id=1229996 latency=0.694298 ms (tx_ts=88685384191048, rx_ts=88685384885346) request_id=7226786 zil_blk_id=1229996 ccf_commit_seqno=7226789 nstreams_done_=307500 config.nstreams=400000 avg_latency=0.7943 ms avg throuhgput (requests/sec) = 829.0338 res=false
*==== INFO ====*  stream_id=1231996 latency=0.609979 ms (tx_ts=88685945738181, rx_ts=88685946348160) request_id=7237751 zil_blk_id=1231996 ccf_commit_seqno=7237751 nstreams_done_=308000 config.nstreams=400000 avg_latency=0.7942 ms avg throuhgput (requests/sec) = 829.1268 res=false
*==== INFO ====*  stream_id=1233996 latency=0.636601 ms (tx_ts=88686582418411, rx_ts=88686583055012) request_id=7248974 zil_blk_id=1233996 ccf_commit_seqno=7248974 nstreams_done_=308500 config.nstreams=400000 avg_latency=0.7943 ms avg throuhgput (requests/sec) = 829.0518 res=false
*==== INFO ====*  stream_id=1235996 latency=0.591426 ms (tx_ts=88687164027355, rx_ts=88687164618781) request_id=7260112 zil_blk_id=1235996 ccf_commit_seqno=7260112 nstreams_done_=309000 config.nstreams=400000 avg_latency=0.7942 ms avg throuhgput (requests/sec) = 829.0997 res=false
*==== INFO ====*  stream_id=1237996 latency=0.805975 ms (tx_ts=88687768213966, rx_ts=88687769019941) request_id=7271302 zil_blk_id=1237996 ccf_commit_seqno=7271302 nstreams_done_=309500 config.nstreams=400000 avg_latency=0.7942 ms avg throuhgput (requests/sec) = 829.0967 res=false
*==== INFO ====*  stream_id=1239996 latency=0.753860 ms (tx_ts=88688394917796, rx_ts=88688395671656) request_id=7282711 zil_blk_id=1239996 ccf_commit_seqno=7282714 nstreams_done_=310000 config.nstreams=400000 avg_latency=0.7943 ms avg throuhgput (requests/sec) = 829.0444 res=false
*==== INFO ====*  stream_id=1241996 latency=0.787943 ms (tx_ts=88688993896572, rx_ts=88688994684515) request_id=7293881 zil_blk_id=1241996 ccf_commit_seqno=7293881 nstreams_done_=310500 config.nstreams=400000 avg_latency=0.7942 ms avg throuhgput (requests/sec) = 829.0535 res=false
*==== INFO ====*  stream_id=1243996 latency=0.748600 ms (tx_ts=88689598401096, rx_ts=88689599149696) request_id=7305250 zil_blk_id=1243996 ccf_commit_seqno=7305253 nstreams_done_=311000 config.nstreams=400000 avg_latency=0.7942 ms avg throuhgput (requests/sec) = 829.0504 res=false
*==== INFO ====*  stream_id=1245996 latency=0.797551 ms (tx_ts=88690201613533, rx_ts=88690202411084) request_id=7316489 zil_blk_id=1245996 ccf_commit_seqno=7316490 nstreams_done_=311500 config.nstreams=400000 avg_latency=0.7940 ms avg throuhgput (requests/sec) = 829.0501 res=false
*==== INFO ====*  stream_id=1247996 latency=1.264576 ms (tx_ts=88690834192326, rx_ts=88690835456902) request_id=7327613 zil_blk_id=1247996 ccf_commit_seqno=7327615 nstreams_done_=312000 config.nstreams=400000 avg_latency=0.7940 ms avg throuhgput (requests/sec) = 828.9841 res=false
*==== INFO ====*  stream_id=1249996 latency=0.744512 ms (tx_ts=88691462670253, rx_ts=88691463414765) request_id=7339092 zil_blk_id=1249996 ccf_commit_seqno=7339093 nstreams_done_=312500 config.nstreams=400000 avg_latency=0.7940 ms avg throuhgput (requests/sec) = 828.9296 res=false
*==== INFO ====*  stream_id=1251996 latency=0.729063 ms (tx_ts=88692074947828, rx_ts=88692075676891) request_id=7350184 zil_blk_id=1251996 ccf_commit_seqno=7350185 nstreams_done_=313000 config.nstreams=400000 avg_latency=0.7939 ms avg throuhgput (requests/sec) = 828.9096 res=false
*==== INFO ====*  stream_id=1253996 latency=0.694999 ms (tx_ts=88692700449578, rx_ts=88692701144577) request_id=7361106 zil_blk_id=1253996 ccf_commit_seqno=7361107 nstreams_done_=313500 config.nstreams=400000 avg_latency=0.7940 ms avg throuhgput (requests/sec) = 828.8608 res=false
*==== INFO ====*  stream_id=1255996 latency=0.760400 ms (tx_ts=88693266588691, rx_ts=88693267349091) request_id=7372116 zil_blk_id=1255996 ccf_commit_seqno=7372120 nstreams_done_=314000 config.nstreams=400000 avg_latency=0.7939 ms avg throuhgput (requests/sec) = 828.9419 res=false
*==== INFO ====*  stream_id=1257996 latency=1.107231 ms (tx_ts=88693849053774, rx_ts=88693850161005) request_id=7383322 zil_blk_id=1257996 ccf_commit_seqno=7383328 nstreams_done_=314500 config.nstreams=400000 avg_latency=0.7938 ms avg throuhgput (requests/sec) = 828.9864 res=false
*==== INFO ====*  stream_id=1259996 latency=0.730335 ms (tx_ts=88694490150788, rx_ts=88694490881123) request_id=7395210 zil_blk_id=1259996 ccf_commit_seqno=7395214 nstreams_done_=315000 config.nstreams=400000 avg_latency=0.7938 ms avg throuhgput (requests/sec) = 828.9044 res=false
*==== INFO ====*  stream_id=1261996 latency=0.630510 ms (tx_ts=88695105645771, rx_ts=88695106276281) request_id=7406844 zil_blk_id=1261996 ccf_commit_seqno=7406844 nstreams_done_=315500 config.nstreams=400000 avg_latency=0.7938 ms avg throuhgput (requests/sec) = 828.8779 res=false
*==== INFO ====*  stream_id=1263996 latency=1.569485 ms (tx_ts=88695673175600, rx_ts=88695674745085) request_id=7417786 zil_blk_id=1263996 ccf_commit_seqno=7417805 nstreams_done_=316000 config.nstreams=400000 avg_latency=0.7937 ms avg throuhgput (requests/sec) = 828.9534 res=false
*==== INFO ====*  stream_id=1265996 latency=1.509287 ms (tx_ts=88696277699003, rx_ts=88696279208290) request_id=7428951 zil_blk_id=1265996 ccf_commit_seqno=7428960 nstreams_done_=316500 config.nstreams=400000 avg_latency=0.7937 ms avg throuhgput (requests/sec) = 828.9506 res=false
*==== INFO ====*  stream_id=1267996 latency=0.566830 ms (tx_ts=88696860890404, rx_ts=88696861457234) request_id=7439700 zil_blk_id=1267996 ccf_commit_seqno=7439701 nstreams_done_=317000 config.nstreams=400000 avg_latency=0.7937 ms avg throuhgput (requests/sec) = 828.9960 res=false
*==== INFO ====*  stream_id=1269996 latency=0.747615 ms (tx_ts=88697479952583, rx_ts=88697480700198) request_id=7450987 zil_blk_id=1269996 ccf_commit_seqno=7450990 nstreams_done_=317500 config.nstreams=400000 avg_latency=0.7937 ms avg throuhgput (requests/sec) = 828.9611 res=false
*==== INFO ====*  stream_id=1271996 latency=0.577420 ms (tx_ts=88698076122197, rx_ts=88698076699617) request_id=7462136 zil_blk_id=1271996 ccf_commit_seqno=7462136 nstreams_done_=318000 config.nstreams=400000 avg_latency=0.7937 ms avg throuhgput (requests/sec) = 828.9766 res=false
*==== INFO ====*  stream_id=1273996 latency=1.820202 ms (tx_ts=88698667058069, rx_ts=88698668878271) request_id=7473145 zil_blk_id=1273996 ccf_commit_seqno=7473151 nstreams_done_=318500 config.nstreams=400000 avg_latency=0.7937 ms avg throuhgput (requests/sec) = 829.0003 res=false
*==== INFO ====*  stream_id=1275996 latency=1.273801 ms (tx_ts=88699302071291, rx_ts=88699303345092) request_id=7484215 zil_blk_id=1275996 ccf_commit_seqno=7484215 nstreams_done_=319000 config.nstreams=400000 avg_latency=0.7937 ms avg throuhgput (requests/sec) = 828.9328 res=false
*==== INFO ====*  stream_id=1277996 latency=0.773786 ms (tx_ts=88699882753295, rx_ts=88699883527081) request_id=7495520 zil_blk_id=1277996 ccf_commit_seqno=7495523 nstreams_done_=319500 config.nstreams=400000 avg_latency=0.7936 ms avg throuhgput (requests/sec) = 828.9823 res=false
*==== INFO ====*  stream_id=1279996 latency=0.715197 ms (tx_ts=88700463894574, rx_ts=88700464609771) request_id=7506836 zil_blk_id=1279996 ccf_commit_seqno=7506838 nstreams_done_=320000 config.nstreams=400000 avg_latency=0.7936 ms avg throuhgput (requests/sec) = 829.0297 res=false
*==== INFO ====*  stream_id=1281996 latency=0.790001 ms (tx_ts=88701037511688, rx_ts=88701038301689) request_id=7518065 zil_blk_id=1281996 ccf_commit_seqno=7518072 nstreams_done_=320500 config.nstreams=400000 avg_latency=0.7935 ms avg throuhgput (requests/sec) = 829.0928 res=false
*==== INFO ====*  stream_id=1283996 latency=1.382808 ms (tx_ts=88701598177988, rx_ts=88701599560796) request_id=7528914 zil_blk_id=1283996 ccf_commit_seqno=7528921 nstreams_done_=321000 config.nstreams=400000 avg_latency=0.7934 ms avg throuhgput (requests/sec) = 829.1823 res=false
*==== INFO ====*  stream_id=1285996 latency=0.683568 ms (tx_ts=88702231473032, rx_ts=88702232156600) request_id=7539905 zil_blk_id=1285996 ccf_commit_seqno=7539908 nstreams_done_=321500 config.nstreams=400000 avg_latency=0.7934 ms avg throuhgput (requests/sec) = 829.1190 res=false
*==== INFO ====*  stream_id=1287996 latency=1.452266 ms (tx_ts=88702804755558, rx_ts=88702806207824) request_id=7551102 zil_blk_id=1287996 ccf_commit_seqno=7551105 nstreams_done_=322000 config.nstreams=400000 avg_latency=0.7933 ms avg throuhgput (requests/sec) = 829.1809 res=false
*==== INFO ====*  stream_id=1289996 latency=0.629979 ms (tx_ts=88703428581965, rx_ts=88703429211944) request_id=7562160 zil_blk_id=1289996 ccf_commit_seqno=7562160 nstreams_done_=322500 config.nstreams=400000 avg_latency=0.7934 ms avg throuhgput (requests/sec) = 829.1383 res=false
*==== INFO ====*  stream_id=1291996 latency=0.637983 ms (tx_ts=88704040184408, rx_ts=88704040822391) request_id=7573243 zil_blk_id=1291996 ccf_commit_seqno=7573245 nstreams_done_=323000 config.nstreams=400000 avg_latency=0.7935 ms avg throuhgput (requests/sec) = 829.1201 res=false
*==== INFO ====*  stream_id=1293996 latency=0.809358 ms (tx_ts=88704659790620, rx_ts=88704660599978) request_id=7584225 zil_blk_id=1293996 ccf_commit_seqno=7584228 nstreams_done_=323500 config.nstreams=400000 avg_latency=0.7935 ms avg throuhgput (requests/sec) = 829.0845 res=false
*==== INFO ====*  stream_id=1295996 latency=0.547852 ms (tx_ts=88705249120007, rx_ts=88705249667859) request_id=7595142 zil_blk_id=1295996 ccf_commit_seqno=7595143 nstreams_done_=324000 config.nstreams=400000 avg_latency=0.7935 ms avg throuhgput (requests/sec) = 829.1142 res=false
*==== INFO ====*  stream_id=1297996 latency=1.168328 ms (tx_ts=88705805156742, rx_ts=88705806325070) request_id=7605869 zil_blk_id=1297996 ccf_commit_seqno=7605871 nstreams_done_=324500 config.nstreams=400000 avg_latency=0.7934 ms avg throuhgput (requests/sec) = 829.2125 res=false
*==== INFO ====*  stream_id=1299996 latency=0.753188 ms (tx_ts=88706428960044, rx_ts=88706429713232) request_id=7617617 zil_blk_id=1299996 ccf_commit_seqno=7617623 nstreams_done_=325000 config.nstreams=400000 avg_latency=0.7934 ms avg throuhgput (requests/sec) = 829.1694 res=false
*==== INFO ====*  stream_id=1301996 latency=0.687140 ms (tx_ts=88707037620701, rx_ts=88707038307841) request_id=7628727 zil_blk_id=1301996 ccf_commit_seqno=7628728 nstreams_done_=325500 config.nstreams=400000 avg_latency=0.7935 ms avg throuhgput (requests/sec) = 829.1576 res=false
*==== INFO ====*  stream_id=1303996 latency=0.633033 ms (tx_ts=88707660585079, rx_ts=88707661218112) request_id=7639821 zil_blk_id=1303996 ccf_commit_seqno=7639821 nstreams_done_=326000 config.nstreams=400000 avg_latency=0.7936 ms avg throuhgput (requests/sec) = 829.1156 res=false
*==== INFO ====*  stream_id=1305996 latency=0.682195 ms (tx_ts=88708265423862, rx_ts=88708266106057) request_id=7651121 zil_blk_id=1305996 ccf_commit_seqno=7651121 nstreams_done_=326500 config.nstreams=400000 avg_latency=0.7936 ms avg throuhgput (requests/sec) = 829.1118 res=false
*==== INFO ====*  stream_id=1307996 latency=0.829931 ms (tx_ts=88708883756342, rx_ts=88708884586273) request_id=7662341 zil_blk_id=1307996 ccf_commit_seqno=7662341 nstreams_done_=327000 config.nstreams=400000 avg_latency=0.7936 ms avg throuhgput (requests/sec) = 829.0793 res=false
*==== INFO ====*  stream_id=1309996 latency=0.579474 ms (tx_ts=88709447823747, rx_ts=88709448403221) request_id=7673358 zil_blk_id=1309996 ccf_commit_seqno=7673359 nstreams_done_=327500 config.nstreams=400000 avg_latency=0.7935 ms avg throuhgput (requests/sec) = 829.1618 res=false
*==== INFO ====*  stream_id=1311996 latency=0.574124 ms (tx_ts=88710031564054, rx_ts=88710032138178) request_id=7684823 zil_blk_id=1311996 ccf_commit_seqno=7684824 nstreams_done_=328000 config.nstreams=400000 avg_latency=0.7934 ms avg throuhgput (requests/sec) = 829.2022 res=false
*==== INFO ====*  stream_id=1313996 latency=0.855279 ms (tx_ts=88710635271384, rx_ts=88710636126663) request_id=7695800 zil_blk_id=1313996 ccf_commit_seqno=7695802 nstreams_done_=328500 config.nstreams=400000 avg_latency=0.7935 ms avg throuhgput (requests/sec) = 829.2001 res=false
*==== INFO ====*  stream_id=1315996 latency=0.576124 ms (tx_ts=88711224309355, rx_ts=88711224885479) request_id=7707207 zil_blk_id=1315996 ccf_commit_seqno=7707209 nstreams_done_=329000 config.nstreams=400000 avg_latency=0.7934 ms avg throuhgput (requests/sec) = 829.2298 res=false
*==== INFO ====*  stream_id=1317996 latency=0.718443 ms (tx_ts=88711830933720, rx_ts=88711831652163) request_id=7718514 zil_blk_id=1317996 ccf_commit_seqno=7718517 nstreams_done_=329500 config.nstreams=400000 avg_latency=0.7933 ms avg throuhgput (requests/sec) = 829.2219 res=false
*==== INFO ====*  stream_id=1319996 latency=0.733525 ms (tx_ts=88712464649716, rx_ts=88712465383241) request_id=7729546 zil_blk_id=1319996 ccf_commit_seqno=7729547 nstreams_done_=330000 config.nstreams=400000 avg_latency=0.7934 ms avg throuhgput (requests/sec) = 829.1578 res=false
*==== INFO ====*  stream_id=1321996 latency=0.679129 ms (tx_ts=88713061913644, rx_ts=88713062592773) request_id=7740670 zil_blk_id=1321996 ccf_commit_seqno=7740673 nstreams_done_=330500 config.nstreams=400000 avg_latency=0.7934 ms avg throuhgput (requests/sec) = 829.1699 res=false
*==== INFO ====*  stream_id=1323996 latency=0.718333 ms (tx_ts=88713649889047, rx_ts=88713650607380) request_id=7751628 zil_blk_id=1323996 ccf_commit_seqno=7751631 nstreams_done_=331000 config.nstreams=400000 avg_latency=0.7934 ms avg throuhgput (requests/sec) = 829.2011 res=false
*==== INFO ====*  stream_id=1325996 latency=0.606907 ms (tx_ts=88714301234552, rx_ts=88714301841459) request_id=7762898 zil_blk_id=1325996 ccf_commit_seqno=7762899 nstreams_done_=331500 config.nstreams=400000 avg_latency=0.7935 ms avg throuhgput (requests/sec) = 829.1010 res=false
*==== INFO ====*  stream_id=1327996 latency=0.633745 ms (tx_ts=88714891797041, rx_ts=88714892430786) request_id=7773645 zil_blk_id=1327996 ccf_commit_seqno=7773647 nstreams_done_=332000 config.nstreams=400000 avg_latency=0.7935 ms avg throuhgput (requests/sec) = 829.1268 res=false
*==== INFO ====*  stream_id=1329996 latency=0.793233 ms (tx_ts=88715436637989, rx_ts=88715437431222) request_id=7784860 zil_blk_id=1329996 ccf_commit_seqno=7784863 nstreams_done_=332500 config.nstreams=400000 avg_latency=0.7933 ms avg throuhgput (requests/sec) = 829.2469 res=false
*==== INFO ====*  stream_id=1331996 latency=0.673179 ms (tx_ts=88716010019529, rx_ts=88716010692708) request_id=7795530 zil_blk_id=1331996 ccf_commit_seqno=7795532 nstreams_done_=333000 config.nstreams=400000 avg_latency=0.7932 ms avg throuhgput (requests/sec) = 829.3082 res=false
*==== INFO ====*  stream_id=1333996 latency=0.753589 ms (tx_ts=88716588954885, rx_ts=88716589708474) request_id=7806556 zil_blk_id=1333996 ccf_commit_seqno=7806561 nstreams_done_=333500 config.nstreams=400000 avg_latency=0.7932 ms avg throuhgput (requests/sec) = 829.3575 res=false
*==== INFO ====*  stream_id=1335996 latency=1.306046 ms (tx_ts=88717171316985, rx_ts=88717172623031) request_id=7817490 zil_blk_id=1335996 ccf_commit_seqno=7817490 nstreams_done_=334000 config.nstreams=400000 avg_latency=0.7932 ms avg throuhgput (requests/sec) = 829.3986 res=false
*==== INFO ====*  stream_id=1337996 latency=0.862342 ms (tx_ts=88717744204518, rx_ts=88717745066860) request_id=7828858 zil_blk_id=1337996 ccf_commit_seqno=7828863 nstreams_done_=334500 config.nstreams=400000 avg_latency=0.7930 ms avg throuhgput (requests/sec) = 829.4611 res=false
*==== INFO ====*  stream_id=1339996 latency=0.571963 ms (tx_ts=88718355200822, rx_ts=88718355772785) request_id=7840112 zil_blk_id=1339996 ccf_commit_seqno=7840112 nstreams_done_=335000 config.nstreams=400000 avg_latency=0.7931 ms avg throuhgput (requests/sec) = 829.4449 res=false
*==== INFO ====*  stream_id=1341996 latency=0.571458 ms (tx_ts=88718997624104, rx_ts=88718998195562) request_id=7850908 zil_blk_id=1341996 ccf_commit_seqno=7850908 nstreams_done_=335500 config.nstreams=400000 avg_latency=0.7932 ms avg throuhgput (requests/sec) = 829.3637 res=false
*==== INFO ====*  stream_id=1343996 latency=0.574905 ms (tx_ts=88719549735269, rx_ts=88719550310174) request_id=7862180 zil_blk_id=1343996 ccf_commit_seqno=7862180 nstreams_done_=336000 config.nstreams=400000 avg_latency=0.7931 ms avg throuhgput (requests/sec) = 829.4676 res=false
*==== INFO ====*  stream_id=1345996 latency=1.343562 ms (tx_ts=88720149830909, rx_ts=88720151174471) request_id=7873099 zil_blk_id=1345996 ccf_commit_seqno=7873119 nstreams_done_=336500 config.nstreams=400000 avg_latency=0.7931 ms avg throuhgput (requests/sec) = 829.4715 res=false
*==== INFO ====*  stream_id=1347996 latency=0.516905 ms (tx_ts=88720769469721, rx_ts=88720769986626) request_id=7884088 zil_blk_id=1347996 ccf_commit_seqno=7884088 nstreams_done_=337000 config.nstreams=400000 avg_latency=0.7931 ms avg throuhgput (requests/sec) = 829.4388 res=false
*==== INFO ====*  stream_id=1349996 latency=1.104171 ms (tx_ts=88721397923962, rx_ts=88721399028133) request_id=7895349 zil_blk_id=1349996 ccf_commit_seqno=7895354 nstreams_done_=337500 config.nstreams=400000 avg_latency=0.7932 ms avg throuhgput (requests/sec) = 829.3854 res=false
*==== INFO ====*  stream_id=1351996 latency=0.627628 ms (tx_ts=88722001408030, rx_ts=88722002035658) request_id=7906988 zil_blk_id=1351996 ccf_commit_seqno=7906989 nstreams_done_=338000 config.nstreams=400000 avg_latency=0.7931 ms avg throuhgput (requests/sec) = 829.3851 res=false
*==== INFO ====*  stream_id=1353996 latency=0.656227 ms (tx_ts=88722591313125, rx_ts=88722591969352) request_id=7917751 zil_blk_id=1353996 ccf_commit_seqno=7917753 nstreams_done_=338500 config.nstreams=400000 avg_latency=0.7931 ms avg throuhgput (requests/sec) = 829.4113 res=false
*==== INFO ====*  stream_id=1355996 latency=0.630603 ms (tx_ts=88723214387333, rx_ts=88723215017936) request_id=7928747 zil_blk_id=1355996 ccf_commit_seqno=7928748 nstreams_done_=339000 config.nstreams=400000 avg_latency=0.7931 ms avg throuhgput (requests/sec) = 829.3703 res=false
*==== INFO ====*  stream_id=1357996 latency=0.740276 ms (tx_ts=88723794947786, rx_ts=88723795688062) request_id=7939742 zil_blk_id=1357996 ccf_commit_seqno=7939746 nstreams_done_=339500 config.nstreams=400000 avg_latency=0.7931 ms avg throuhgput (requests/sec) = 829.4153 res=false
*==== INFO ====*  stream_id=1359996 latency=0.894252 ms (tx_ts=88724399719543, rx_ts=88724400613795) request_id=7950996 zil_blk_id=1359996 ccf_commit_seqno=7950999 nstreams_done_=340000 config.nstreams=400000 avg_latency=0.7931 ms avg throuhgput (requests/sec) = 829.4111 res=false
*==== INFO ====*  stream_id=1361996 latency=0.664289 ms (tx_ts=88725011152463, rx_ts=88725011816752) request_id=7962398 zil_blk_id=1361996 ccf_commit_seqno=7962400 nstreams_done_=340500 config.nstreams=400000 avg_latency=0.7931 ms avg throuhgput (requests/sec) = 829.3942 res=false
*==== INFO ====*  stream_id=1363996 latency=1.673038 ms (tx_ts=88725655054517, rx_ts=88725656727555) request_id=7973667 zil_blk_id=1363996 ccf_commit_seqno=7973668 nstreams_done_=341000 config.nstreams=400000 avg_latency=0.7932 ms avg throuhgput (requests/sec) = 829.3093 res=false
*==== INFO ====*  stream_id=1365996 latency=0.591289 ms (tx_ts=88726265915344, rx_ts=88726266506633) request_id=7984806 zil_blk_id=1365996 ccf_commit_seqno=7984806 nstreams_done_=341500 config.nstreams=400000 avg_latency=0.7932 ms avg throuhgput (requests/sec) = 829.2955 res=false
*==== INFO ====*  stream_id=1367996 latency=0.618907 ms (tx_ts=88726882296437, rx_ts=88726882915344) request_id=7995822 zil_blk_id=1367996 ccf_commit_seqno=7995823 nstreams_done_=342000 config.nstreams=400000 avg_latency=0.7933 ms avg throuhgput (requests/sec) = 829.2684 res=false
*==== INFO ====*  stream_id=1369996 latency=0.617765 ms (tx_ts=88727457842593, rx_ts=88727458460358) request_id=8006622 zil_blk_id=1369996 ccf_commit_seqno=8006624 nstreams_done_=342500 config.nstreams=400000 avg_latency=0.7932 ms avg throuhgput (requests/sec) = 829.3234 res=false
*==== INFO ====*  stream_id=1371996 latency=0.646629 ms (tx_ts=88728045297397, rx_ts=88728045944026) request_id=8017853 zil_blk_id=1371996 ccf_commit_seqno=8017853 nstreams_done_=343000 config.nstreams=400000 avg_latency=0.7931 ms avg throuhgput (requests/sec) = 829.3543 res=false
*==== INFO ====*  stream_id=1373996 latency=0.654123 ms (tx_ts=88728664176706, rx_ts=88728664830829) request_id=8028524 zil_blk_id=1373996 ccf_commit_seqno=8028527 nstreams_done_=343500 config.nstreams=400000 avg_latency=0.7932 ms avg throuhgput (requests/sec) = 829.3222 res=false
*==== INFO ====*  stream_id=1375996 latency=0.587361 ms (tx_ts=88729272286132, rx_ts=88729272873493) request_id=8039318 zil_blk_id=1375996 ccf_commit_seqno=8039318 nstreams_done_=344000 config.nstreams=400000 avg_latency=0.7932 ms avg throuhgput (requests/sec) = 829.3120 res=false
*==== INFO ====*  stream_id=1377996 latency=0.709677 ms (tx_ts=88729852027444, rx_ts=88729852737121) request_id=8050437 zil_blk_id=1377996 ccf_commit_seqno=8050437 nstreams_done_=344500 config.nstreams=400000 avg_latency=0.7932 ms avg throuhgput (requests/sec) = 829.3580 res=false
*==== INFO ====*  stream_id=1379996 latency=0.496088 ms (tx_ts=88730431189168, rx_ts=88730431685256) request_id=8061473 zil_blk_id=1379996 ccf_commit_seqno=8061473 nstreams_done_=345000 config.nstreams=400000 avg_latency=0.7931 ms avg throuhgput (requests/sec) = 829.4057 res=false
*==== INFO ====*  stream_id=1381996 latency=0.615275 ms (tx_ts=88730996831659, rx_ts=88730997446934) request_id=8072833 zil_blk_id=1381996 ccf_commit_seqno=8072834 nstreams_done_=345500 config.nstreams=400000 avg_latency=0.7930 ms avg throuhgput (requests/sec) = 829.4795 res=false
*==== INFO ====*  stream_id=1383996 latency=0.622628 ms (tx_ts=88731551757086, rx_ts=88731552379714) request_id=8084055 zil_blk_id=1383996 ccf_commit_seqno=8084056 nstreams_done_=346000 config.nstreams=400000 avg_latency=0.7929 ms avg throuhgput (requests/sec) = 829.5747 res=false
*==== INFO ====*  stream_id=1385996 latency=1.113939 ms (tx_ts=88732146415110, rx_ts=88732147529049) request_id=8095269 zil_blk_id=1385996 ccf_commit_seqno=8095281 nstreams_done_=346500 config.nstreams=400000 avg_latency=0.7928 ms avg throuhgput (requests/sec) = 829.5897 res=false
*==== INFO ====*  stream_id=1387996 latency=1.403355 ms (tx_ts=88732776112673, rx_ts=88732777516028) request_id=8106568 zil_blk_id=1387996 ccf_commit_seqno=8106576 nstreams_done_=347000 config.nstreams=400000 avg_latency=0.7929 ms avg throuhgput (requests/sec) = 829.5356 res=false
*==== INFO ====*  stream_id=1389996 latency=0.615952 ms (tx_ts=88733373016870, rx_ts=88733373632822) request_id=8117483 zil_blk_id=1389996 ccf_commit_seqno=8117484 nstreams_done_=347500 config.nstreams=400000 avg_latency=0.7929 ms avg throuhgput (requests/sec) = 829.5487 res=false
*==== INFO ====*  stream_id=1391996 latency=0.651258 ms (tx_ts=88734002622332, rx_ts=88734003273590) request_id=8128470 zil_blk_id=1391996 ccf_commit_seqno=8128471 nstreams_done_=348000 config.nstreams=400000 avg_latency=0.7929 ms avg throuhgput (requests/sec) = 829.4956 res=false
*==== INFO ====*  stream_id=1393996 latency=0.707640 ms (tx_ts=88734717123461, rx_ts=88734717831101) request_id=8140535 zil_blk_id=1393996 ccf_commit_seqno=8140536 nstreams_done_=348500 config.nstreams=400000 avg_latency=0.7932 ms avg throuhgput (requests/sec) = 829.2749 res=false
*==== INFO ====*  stream_id=1395996 latency=0.660825 ms (tx_ts=88735345125307, rx_ts=88735345786132) request_id=8151879 zil_blk_id=1395996 ccf_commit_seqno=8151880 nstreams_done_=349000 config.nstreams=400000 avg_latency=0.7932 ms avg throuhgput (requests/sec) = 829.2256 res=false
*==== INFO ====*  stream_id=1397996 latency=0.719345 ms (tx_ts=88735935156995, rx_ts=88735935876340) request_id=8163047 zil_blk_id=1397996 ccf_commit_seqno=8163050 nstreams_done_=349500 config.nstreams=400000 avg_latency=0.7932 ms avg throuhgput (requests/sec) = 829.2510 res=false
*==== INFO ====*  stream_id=1399996 latency=0.552693 ms (tx_ts=88736585815815, rx_ts=88736586368508) request_id=8174254 zil_blk_id=1399996 ccf_commit_seqno=8174255 nstreams_done_=350000 config.nstreams=400000 avg_latency=0.7933 ms avg throuhgput (requests/sec) = 829.1576 res=false
*==== INFO ====*  stream_id=1401996 latency=0.537294 ms (tx_ts=88737195689815, rx_ts=88737196227109) request_id=8185560 zil_blk_id=1401996 ccf_commit_seqno=8185560 nstreams_done_=350500 config.nstreams=400000 avg_latency=0.7933 ms avg throuhgput (requests/sec) = 829.1442 res=false
*==== INFO ====*  stream_id=1403996 latency=0.581553 ms (tx_ts=88737842869913, rx_ts=88737843451466) request_id=8196427 zil_blk_id=1403996 ccf_commit_seqno=8196428 nstreams_done_=351000 config.nstreams=400000 avg_latency=0.7934 ms avg throuhgput (requests/sec) = 829.0576 res=false
*==== INFO ====*  stream_id=1405996 latency=0.799761 ms (tx_ts=88738473949202, rx_ts=88738474748963) request_id=8207944 zil_blk_id=1405996 ccf_commit_seqno=8207947 nstreams_done_=351500 config.nstreams=400000 avg_latency=0.7935 ms avg throuhgput (requests/sec) = 829.0025 res=false
*==== INFO ====*  stream_id=1407996 latency=0.624087 ms (tx_ts=88739045276928, rx_ts=88739045901015) request_id=8219076 zil_blk_id=1407996 ccf_commit_seqno=8219079 nstreams_done_=352000 config.nstreams=400000 avg_latency=0.7934 ms avg throuhgput (requests/sec) = 829.0649 res=false
*==== INFO ====*  stream_id=1409996 latency=0.752917 ms (tx_ts=88739631541117, rx_ts=88739632294034) request_id=8230074 zil_blk_id=1409996 ccf_commit_seqno=8230076 nstreams_done_=352500 config.nstreams=400000 avg_latency=0.7934 ms avg throuhgput (requests/sec) = 829.0975 res=false
*==== INFO ====*  stream_id=1411996 latency=0.576869 ms (tx_ts=88740202397704, rx_ts=88740202974573) request_id=8241336 zil_blk_id=1411996 ccf_commit_seqno=8241336 nstreams_done_=353000 config.nstreams=400000 avg_latency=0.7932 ms avg throuhgput (requests/sec) = 829.1605 res=false
*==== INFO ====*  stream_id=1413996 latency=0.895771 ms (tx_ts=88740843561129, rx_ts=88740844456900) request_id=8252731 zil_blk_id=1413996 ccf_commit_seqno=8252732 nstreams_done_=353500 config.nstreams=400000 avg_latency=0.7933 ms avg throuhgput (requests/sec) = 829.0857 res=false
*==== INFO ====*  stream_id=1415996 latency=0.504744 ms (tx_ts=88741468275107, rx_ts=88741468779851) request_id=8263826 zil_blk_id=1415996 ccf_commit_seqno=8263826 nstreams_done_=354000 config.nstreams=400000 avg_latency=0.7934 ms avg throuhgput (requests/sec) = 829.0445 res=false
*==== INFO ====*  stream_id=1417996 latency=0.604781 ms (tx_ts=88742020366930, rx_ts=88742020971711) request_id=8274741 zil_blk_id=1417996 ccf_commit_seqno=8274741 nstreams_done_=354500 config.nstreams=400000 avg_latency=0.7933 ms avg throuhgput (requests/sec) = 829.1432 res=false
*==== INFO ====*  stream_id=1419996 latency=0.848620 ms (tx_ts=88742619361539, rx_ts=88742620210159) request_id=8285839 zil_blk_id=1419996 ccf_commit_seqno=8285842 nstreams_done_=355000 config.nstreams=400000 avg_latency=0.7933 ms avg throuhgput (requests/sec) = 829.1506 res=false
*==== INFO ====*  stream_id=1421996 latency=0.902017 ms (tx_ts=88743265498443, rx_ts=88743266400460) request_id=8297032 zil_blk_id=1421996 ccf_commit_seqno=8297036 nstreams_done_=355500 config.nstreams=400000 avg_latency=0.7934 ms avg throuhgput (requests/sec) = 829.0671 res=false
*==== INFO ====*  stream_id=1423996 latency=0.908339 ms (tx_ts=88743873986123, rx_ts=88743874894462) request_id=8308121 zil_blk_id=1423996 ccf_commit_seqno=8308121 nstreams_done_=356000 config.nstreams=400000 avg_latency=0.7934 ms avg throuhgput (requests/sec) = 829.0567 res=false
*==== INFO ====*  stream_id=1425996 latency=0.702233 ms (tx_ts=88744476389321, rx_ts=88744477091554) request_id=8319240 zil_blk_id=1425996 ccf_commit_seqno=8319241 nstreams_done_=356500 config.nstreams=400000 avg_latency=0.7934 ms avg throuhgput (requests/sec) = 829.0584 res=false
*==== INFO ====*  stream_id=1427996 latency=1.382136 ms (tx_ts=88745051166540, rx_ts=88745052548676) request_id=8330185 zil_blk_id=1427996 ccf_commit_seqno=8330190 nstreams_done_=357000 config.nstreams=400000 avg_latency=0.7933 ms avg throuhgput (requests/sec) = 829.1116 res=false
*==== INFO ====*  stream_id=1429996 latency=0.757868 ms (tx_ts=88745620305757, rx_ts=88745621063625) request_id=8341650 zil_blk_id=1429996 ccf_commit_seqno=8341651 nstreams_done_=357500 config.nstreams=400000 avg_latency=0.7932 ms avg throuhgput (requests/sec) = 829.1780 res=false
*==== INFO ====*  stream_id=1431996 latency=0.546262 ms (tx_ts=88746206511426, rx_ts=88746207057688) request_id=8352858 zil_blk_id=1431996 ccf_commit_seqno=8352858 nstreams_done_=358000 config.nstreams=400000 avg_latency=0.7931 ms avg throuhgput (requests/sec) = 829.2107 res=false
*==== INFO ====*  stream_id=1433996 latency=0.765651 ms (tx_ts=88746852882823, rx_ts=88746853648474) request_id=8363859 zil_blk_id=1433996 ccf_commit_seqno=8363862 nstreams_done_=358500 config.nstreams=400000 avg_latency=0.7932 ms avg throuhgput (requests/sec) = 829.1271 res=false
*==== INFO ====*  stream_id=1435996 latency=0.616067 ms (tx_ts=88747443697782, rx_ts=88747444313849) request_id=8374891 zil_blk_id=1435996 ccf_commit_seqno=8374892 nstreams_done_=359000 config.nstreams=400000 avg_latency=0.7932 ms avg throuhgput (requests/sec) = 829.1508 res=false
*==== INFO ====*  stream_id=1437996 latency=0.864546 ms (tx_ts=88748012916798, rx_ts=88748013781344) request_id=8385980 zil_blk_id=1437996 ccf_commit_seqno=8385983 nstreams_done_=359500 config.nstreams=400000 avg_latency=0.7931 ms avg throuhgput (requests/sec) = 829.2149 res=false
*==== INFO ====*  stream_id=1439996 latency=0.572089 ms (tx_ts=88748778854510, rx_ts=88748779426599) request_id=8396846 zil_blk_id=1439996 ccf_commit_seqno=8396848 nstreams_done_=360000 config.nstreams=400000 avg_latency=0.7936 ms avg throuhgput (requests/sec) = 828.9044 res=false
*==== INFO ====*  stream_id=1441996 latency=0.606522 ms (tx_ts=88749364035825, rx_ts=88749364642347) request_id=8408182 zil_blk_id=1441996 ccf_commit_seqno=8408183 nstreams_done_=360500 config.nstreams=400000 avg_latency=0.7935 ms avg throuhgput (requests/sec) = 828.9387 res=false
*==== INFO ====*  stream_id=1443996 latency=0.624365 ms (tx_ts=88749940119398, rx_ts=88749940743763) request_id=8419403 zil_blk_id=1443996 ccf_commit_seqno=8419406 nstreams_done_=361000 config.nstreams=400000 avg_latency=0.7935 ms avg throuhgput (requests/sec) = 828.9902 res=false
*==== INFO ====*  stream_id=1445996 latency=0.658266 ms (tx_ts=88750535166872, rx_ts=88750535825138) request_id=8430334 zil_blk_id=1445996 ccf_commit_seqno=8430337 nstreams_done_=361500 config.nstreams=400000 avg_latency=0.7934 ms avg throuhgput (requests/sec) = 829.0055 res=false
*==== INFO ====*  stream_id=1447996 latency=0.680072 ms (tx_ts=88751169923861, rx_ts=88751170603933) request_id=8441749 zil_blk_id=1447996 ccf_commit_seqno=8441751 nstreams_done_=362000 config.nstreams=400000 avg_latency=0.7935 ms avg throuhgput (requests/sec) = 828.9455 res=false
*==== INFO ====*  stream_id=1449996 latency=0.634377 ms (tx_ts=88751738812200, rx_ts=88751739446577) request_id=8453104 zil_blk_id=1449996 ccf_commit_seqno=8453105 nstreams_done_=362500 config.nstreams=400000 avg_latency=0.7934 ms avg throuhgput (requests/sec) = 829.0105 res=false
*==== INFO ====*  stream_id=1451996 latency=0.691113 ms (tx_ts=88752290376817, rx_ts=88752291067930) request_id=8464227 zil_blk_id=1451996 ccf_commit_seqno=8464229 nstreams_done_=363000 config.nstreams=400000 avg_latency=0.7933 ms avg throuhgput (requests/sec) = 829.1081 res=false
*==== INFO ====*  stream_id=1453996 latency=0.833636 ms (tx_ts=88752846445198, rx_ts=88752847278834) request_id=8475199 zil_blk_id=1453996 ccf_commit_seqno=8475206 nstreams_done_=363500 config.nstreams=400000 avg_latency=0.7931 ms avg throuhgput (requests/sec) = 829.1967 res=false
*==== INFO ====*  stream_id=1455996 latency=0.537490 ms (tx_ts=88753466602023, rx_ts=88753467139513) request_id=8486541 zil_blk_id=1455996 ccf_commit_seqno=8486541 nstreams_done_=364000 config.nstreams=400000 avg_latency=0.7931 ms avg throuhgput (requests/sec) = 829.1648 res=false
*==== INFO ====*  stream_id=1457996 latency=0.614719 ms (tx_ts=88754018118241, rx_ts=88754018732960) request_id=8497275 zil_blk_id=1457996 ccf_commit_seqno=8497275 nstreams_done_=364500 config.nstreams=400000 avg_latency=0.7930 ms avg throuhgput (requests/sec) = 829.2618 res=false
*==== INFO ====*  stream_id=1459996 latency=1.408263 ms (tx_ts=88754601931329, rx_ts=88754603339592) request_id=8508075 zil_blk_id=1459996 ccf_commit_seqno=8508091 nstreams_done_=365000 config.nstreams=400000 avg_latency=0.7930 ms avg throuhgput (requests/sec) = 829.2964 res=false
*==== INFO ====*  stream_id=1461996 latency=1.000922 ms (tx_ts=88755230211783, rx_ts=88755231212705) request_id=8519778 zil_blk_id=1461996 ccf_commit_seqno=8519779 nstreams_done_=365500 config.nstreams=400000 avg_latency=0.7930 ms avg throuhgput (requests/sec) = 829.2494 res=false
*==== INFO ====*  stream_id=1463996 latency=0.802651 ms (tx_ts=88755789904769, rx_ts=88755790707420) request_id=8530267 zil_blk_id=1463996 ccf_commit_seqno=8530270 nstreams_done_=366000 config.nstreams=400000 avg_latency=0.7929 ms avg throuhgput (requests/sec) = 829.3311 res=false
*==== INFO ====*  stream_id=1465996 latency=0.873423 ms (tx_ts=88756387122589, rx_ts=88756387996012) request_id=8540894 zil_blk_id=1465996 ccf_commit_seqno=8540898 nstreams_done_=366500 config.nstreams=400000 avg_latency=0.7929 ms avg throuhgput (requests/sec) = 829.3416 res=false
*==== INFO ====*  stream_id=1467996 latency=0.705479 ms (tx_ts=88756954572771, rx_ts=88756955278250) request_id=8551355 zil_blk_id=1467996 ccf_commit_seqno=8551358 nstreams_done_=367000 config.nstreams=400000 avg_latency=0.7928 ms avg throuhgput (requests/sec) = 829.4084 res=false
*==== INFO ====*  stream_id=1469996 latency=0.715247 ms (tx_ts=88757539023984, rx_ts=88757539739231) request_id=8561705 zil_blk_id=1469996 ccf_commit_seqno=8561705 nstreams_done_=367500 config.nstreams=400000 avg_latency=0.7927 ms avg throuhgput (requests/sec) = 829.4428 res=false
*==== INFO ====*  stream_id=1471996 latency=0.587689 ms (tx_ts=88758138673998, rx_ts=88758139261687) request_id=8572262 zil_blk_id=1471996 ccf_commit_seqno=8572263 nstreams_done_=368000 config.nstreams=400000 avg_latency=0.7927 ms avg throuhgput (requests/sec) = 829.4489 res=false
*==== INFO ====*  stream_id=1473996 latency=0.602857 ms (tx_ts=88758682578170, rx_ts=88758683181027) request_id=8582540 zil_blk_id=1473996 ccf_commit_seqno=8582543 nstreams_done_=368500 config.nstreams=400000 avg_latency=0.7925 ms avg throuhgput (requests/sec) = 829.5589 res=false
*==== INFO ====*  stream_id=1475996 latency=0.532064 ms (tx_ts=88759253801940, rx_ts=88759254334004) request_id=8593059 zil_blk_id=1475996 ccf_commit_seqno=8593059 nstreams_done_=369000 config.nstreams=400000 avg_latency=0.7924 ms avg throuhgput (requests/sec) = 829.6178 res=false
*==== INFO ====*  stream_id=1477996 latency=0.639175 ms (tx_ts=88759779294977, rx_ts=88759779934152) request_id=8603267 zil_blk_id=1477996 ccf_commit_seqno=8603269 nstreams_done_=369500 config.nstreams=400000 avg_latency=0.7923 ms avg throuhgput (requests/sec) = 829.7614 res=false
*==== INFO ====*  stream_id=1479996 latency=0.560197 ms (tx_ts=88760341377563, rx_ts=88760341937760) request_id=8613971 zil_blk_id=1479996 ccf_commit_seqno=8613971 nstreams_done_=370000 config.nstreams=400000 avg_latency=0.7922 ms avg throuhgput (requests/sec) = 829.8369 res=false
*==== INFO ====*  stream_id=1481996 latency=0.558324 ms (tx_ts=88760933270112, rx_ts=88760933828436) request_id=8624577 zil_blk_id=1481996 ccf_commit_seqno=8624577 nstreams_done_=370500 config.nstreams=400000 avg_latency=0.7921 ms avg throuhgput (requests/sec) = 829.8567 res=false
*==== INFO ====*  stream_id=1483996 latency=0.956823 ms (tx_ts=88761537491071, rx_ts=88761538447894) request_id=8634899 zil_blk_id=1483996 ccf_commit_seqno=8634903 nstreams_done_=371000 config.nstreams=400000 avg_latency=0.7921 ms avg throuhgput (requests/sec) = 829.8528 res=false
*==== INFO ====*  stream_id=1485996 latency=0.795698 ms (tx_ts=88762197446900, rx_ts=88762198242598) request_id=8645441 zil_blk_id=1485996 ccf_commit_seqno=8645442 nstreams_done_=371500 config.nstreams=400000 avg_latency=0.7922 ms avg throuhgput (requests/sec) = 829.7466 res=false
*==== INFO ====*  stream_id=1487996 latency=0.724495 ms (tx_ts=88762789674703, rx_ts=88762790399198) request_id=8655406 zil_blk_id=1487996 ccf_commit_seqno=8655410 nstreams_done_=372000 config.nstreams=400000 avg_latency=0.7922 ms avg throuhgput (requests/sec) = 829.7659 res=false
*==== INFO ====*  stream_id=1489996 latency=0.933867 ms (tx_ts=88763406407955, rx_ts=88763407341822) request_id=8665798 zil_blk_id=1489996 ccf_commit_seqno=8665806 nstreams_done_=372500 config.nstreams=400000 avg_latency=0.7923 ms avg throuhgput (requests/sec) = 829.7394 res=false
*==== INFO ====*  stream_id=1491996 latency=0.637756 ms (tx_ts=88764014420932, rx_ts=88764015058688) request_id=8676207 zil_blk_id=1491996 ccf_commit_seqno=8676207 nstreams_done_=373000 config.nstreams=400000 avg_latency=0.7923 ms avg throuhgput (requests/sec) = 829.7299 res=false
*==== INFO ====*  stream_id=1493996 latency=0.562822 ms (tx_ts=88764613760642, rx_ts=88764614323464) request_id=8686509 zil_blk_id=1493996 ccf_commit_seqno=8686509 nstreams_done_=373500 config.nstreams=400000 avg_latency=0.7923 ms avg throuhgput (requests/sec) = 829.7361 res=false
*==== INFO ====*  stream_id=1495996 latency=0.783745 ms (tx_ts=88765182071168, rx_ts=88765182854913) request_id=8696857 zil_blk_id=1495996 ccf_commit_seqno=8696860 nstreams_done_=374000 config.nstreams=400000 avg_latency=0.7922 ms avg throuhgput (requests/sec) = 829.7988 res=false
*==== INFO ====*  stream_id=1497996 latency=0.691143 ms (tx_ts=88765770830829, rx_ts=88765771521972) request_id=8707511 zil_blk_id=1497996 ccf_commit_seqno=8707515 nstreams_done_=374500 config.nstreams=400000 avg_latency=0.7921 ms avg throuhgput (requests/sec) = 829.8243 res=false
*==== INFO ====*  stream_id=1499996 latency=0.601615 ms (tx_ts=88766319290938, rx_ts=88766319892553) request_id=8718026 zil_blk_id=1499996 ccf_commit_seqno=8718028 nstreams_done_=375000 config.nstreams=400000 avg_latency=0.7920 ms avg throuhgput (requests/sec) = 829.9238 res=false
*==== INFO ====*  stream_id=1501996 latency=0.651899 ms (tx_ts=88766948420360, rx_ts=88766949072259) request_id=8728644 zil_blk_id=1501996 ccf_commit_seqno=8728645 nstreams_done_=375500 config.nstreams=400000 avg_latency=0.7920 ms avg throuhgput (requests/sec) = 829.8748 res=false
*==== INFO ====*  stream_id=1503996 latency=0.669502 ms (tx_ts=88767479292166, rx_ts=88767479961668) request_id=8738950 zil_blk_id=1503996 ccf_commit_seqno=8738953 nstreams_done_=376000 config.nstreams=400000 avg_latency=0.7918 ms avg throuhgput (requests/sec) = 830.0060 res=false
*==== INFO ====*  stream_id=1505996 latency=0.630242 ms (tx_ts=88768108580742, rx_ts=88768109210984) request_id=8749769 zil_blk_id=1505996 ccf_commit_seqno=8749769 nstreams_done_=376500 config.nstreams=400000 avg_latency=0.7919 ms avg throuhgput (requests/sec) = 829.9569 res=false
*==== INFO ====*  stream_id=1507996 latency=0.637973 ms (tx_ts=88768653035194, rx_ts=88768653673167) request_id=8760170 zil_blk_id=1507996 ccf_commit_seqno=8760170 nstreams_done_=377000 config.nstreams=400000 avg_latency=0.7918 ms avg throuhgput (requests/sec) = 830.0628 res=false
*==== INFO ====*  stream_id=1509996 latency=0.589121 ms (tx_ts=88769228873329, rx_ts=88769229462450) request_id=8770406 zil_blk_id=1509996 ccf_commit_seqno=8770406 nstreams_done_=377500 config.nstreams=400000 avg_latency=0.7917 ms avg throuhgput (requests/sec) = 830.1113 res=false
*==== INFO ====*  stream_id=1511996 latency=0.619547 ms (tx_ts=88769825352819, rx_ts=88769825972366) request_id=8780533 zil_blk_id=1511996 ccf_commit_seqno=8780533 nstreams_done_=378000 config.nstreams=400000 avg_latency=0.7917 ms avg throuhgput (requests/sec) = 830.1219 res=false
*==== INFO ====*  stream_id=1513996 latency=0.587794 ms (tx_ts=88770401252121, rx_ts=88770401839915) request_id=8790377 zil_blk_id=1513996 ccf_commit_seqno=8790378 nstreams_done_=378500 config.nstreams=400000 avg_latency=0.7916 ms avg throuhgput (requests/sec) = 830.1701 res=false
*==== INFO ====*  stream_id=1515996 latency=0.598737 ms (tx_ts=88770985476423, rx_ts=88770986075160) request_id=8800187 zil_blk_id=1515996 ccf_commit_seqno=8800188 nstreams_done_=379000 config.nstreams=400000 avg_latency=0.7916 ms avg throuhgput (requests/sec) = 830.2029 res=false
*==== INFO ====*  stream_id=1517996 latency=0.641092 ms (tx_ts=88771595734111, rx_ts=88771596375203) request_id=8810217 zil_blk_id=1517996 ccf_commit_seqno=8810220 nstreams_done_=379500 config.nstreams=400000 avg_latency=0.7916 ms avg throuhgput (requests/sec) = 830.1883 res=false
*==== INFO ====*  stream_id=1519996 latency=0.821577 ms (tx_ts=88772158339266, rx_ts=88772159160843) request_id=8820236 zil_blk_id=1519996 ccf_commit_seqno=8820242 nstreams_done_=380000 config.nstreams=400000 avg_latency=0.7915 ms avg throuhgput (requests/sec) = 830.2600 res=false
*==== INFO ====*  stream_id=1521996 latency=0.608728 ms (tx_ts=88772745512212, rx_ts=88772746120940) request_id=8830209 zil_blk_id=1521996 ccf_commit_seqno=8830210 nstreams_done_=380500 config.nstreams=400000 avg_latency=0.7914 ms avg throuhgput (requests/sec) = 830.2876 res=false
*==== INFO ====*  stream_id=1523996 latency=0.442016 ms (tx_ts=88773294810493, rx_ts=88773295252509) request_id=8840330 zil_blk_id=1523996 ccf_commit_seqno=8840330 nstreams_done_=381000 config.nstreams=400000 avg_latency=0.7913 ms avg throuhgput (requests/sec) = 830.3836 res=false
*==== INFO ====*  stream_id=1525996 latency=0.686433 ms (tx_ts=88773908808778, rx_ts=88773909495211) request_id=8850474 zil_blk_id=1525996 ccf_commit_seqno=8850477 nstreams_done_=381500 config.nstreams=400000 avg_latency=0.7913 ms avg throuhgput (requests/sec) = 830.3618 res=false
*==== INFO ====*  stream_id=1527996 latency=0.602427 ms (tx_ts=88774483269571, rx_ts=88774483871998) request_id=8860481 zil_blk_id=1527996 ccf_commit_seqno=8860484 nstreams_done_=382000 config.nstreams=400000 avg_latency=0.7913 ms avg throuhgput (requests/sec) = 830.4119 res=false
*==== INFO ====*  stream_id=1529996 latency=0.586066 ms (tx_ts=88775042174107, rx_ts=88775042760173) request_id=8870416 zil_blk_id=1529996 ccf_commit_seqno=8870416 nstreams_done_=382500 config.nstreams=400000 avg_latency=0.7912 ms avg throuhgput (requests/sec) = 830.4898 res=false
*==== INFO ====*  stream_id=1531996 latency=1.075738 ms (tx_ts=88775621160008, rx_ts=88775622235746) request_id=8880437 zil_blk_id=1531996 ccf_commit_seqno=8880440 nstreams_done_=383000 config.nstreams=400000 avg_latency=0.7911 ms avg throuhgput (requests/sec) = 830.5305 res=false
*==== INFO ====*  stream_id=1533996 latency=1.314565 ms (tx_ts=88776209957689, rx_ts=88776211272254) request_id=8890524 zil_blk_id=1533996 ccf_commit_seqno=8890542 nstreams_done_=383500 config.nstreams=400000 avg_latency=0.7911 ms avg throuhgput (requests/sec) = 830.5538 res=false
*==== INFO ====*  stream_id=1535996 latency=0.586026 ms (tx_ts=88776828758345, rx_ts=88776829344371) request_id=8900626 zil_blk_id=1535996 ccf_commit_seqno=8900626 nstreams_done_=384000 config.nstreams=400000 avg_latency=0.7911 ms avg throuhgput (requests/sec) = 830.5250 res=false
*==== INFO ====*  stream_id=1537996 latency=0.708926 ms (tx_ts=88777399334763, rx_ts=88777400043689) request_id=8910906 zil_blk_id=1537996 ccf_commit_seqno=8910909 nstreams_done_=384500 config.nstreams=400000 avg_latency=0.7910 ms avg throuhgput (requests/sec) = 830.5812 res=false
*==== INFO ====*  stream_id=1539996 latency=0.456293 ms (tx_ts=88777962495631, rx_ts=88777962951924) request_id=8920937 zil_blk_id=1539996 ccf_commit_seqno=8920937 nstreams_done_=385000 config.nstreams=400000 avg_latency=0.7910 ms avg throuhgput (requests/sec) = 830.6512 res=false
*==== INFO ====*  stream_id=1541996 latency=0.715969 ms (tx_ts=88778545587932, rx_ts=88778546303901) request_id=8931185 zil_blk_id=1541996 ccf_commit_seqno=8931188 nstreams_done_=385500 config.nstreams=400000 avg_latency=0.7909 ms avg throuhgput (requests/sec) = 830.6845 res=false
*==== INFO ====*  stream_id=1543996 latency=0.452415 ms (tx_ts=88779140926079, rx_ts=88779141378494) request_id=8941258 zil_blk_id=1543996 ccf_commit_seqno=8941258 nstreams_done_=386000 config.nstreams=400000 avg_latency=0.7909 ms avg throuhgput (requests/sec) = 830.6967 res=false
*==== INFO ====*  stream_id=1545996 latency=1.039273 ms (tx_ts=88779723262670, rx_ts=88779724301943) request_id=8951175 zil_blk_id=1545996 ccf_commit_seqno=8951184 nstreams_done_=386500 config.nstreams=400000 avg_latency=0.7908 ms avg throuhgput (requests/sec) = 830.7306 res=false
*==== INFO ====*  stream_id=1547996 latency=0.520047 ms (tx_ts=88780285729500, rx_ts=88780286249547) request_id=8961337 zil_blk_id=1547996 ccf_commit_seqno=8961337 nstreams_done_=387000 config.nstreams=400000 avg_latency=0.7907 ms avg throuhgput (requests/sec) = 830.8018 res=false
*==== INFO ====*  stream_id=1549996 latency=0.643563 ms (tx_ts=88780860402698, rx_ts=88780861046261) request_id=8971584 zil_blk_id=1549996 ccf_commit_seqno=8971584 nstreams_done_=387500 config.nstreams=400000 avg_latency=0.7906 ms avg throuhgput (requests/sec) = 830.8500 res=false
*==== INFO ====*  stream_id=1551996 latency=0.537686 ms (tx_ts=88781469384482, rx_ts=88781469922168) request_id=8982396 zil_blk_id=1551996 ccf_commit_seqno=8982396 nstreams_done_=388000 config.nstreams=400000 avg_latency=0.7906 ms avg throuhgput (requests/sec) = 830.8374 res=false
*==== INFO ====*  stream_id=1553996 latency=0.705970 ms (tx_ts=88782006055841, rx_ts=88782006761811) request_id=8992416 zil_blk_id=1553996 ccf_commit_seqno=8992420 nstreams_done_=388500 config.nstreams=400000 avg_latency=0.7904 ms avg throuhgput (requests/sec) = 830.9528 res=false
*==== INFO ====*  stream_id=1555996 latency=0.686203 ms (tx_ts=88782655160189, rx_ts=88782655846392) request_id=9002670 zil_blk_id=1555996 ccf_commit_seqno=9002673 nstreams_done_=389000 config.nstreams=400000 avg_latency=0.7905 ms avg throuhgput (requests/sec) = 830.8687 res=false
*==== INFO ====*  stream_id=1557996 latency=0.542103 ms (tx_ts=88783196671548, rx_ts=88783197213651) request_id=9012396 zil_blk_id=1557996 ccf_commit_seqno=9012396 nstreams_done_=389500 config.nstreams=400000 avg_latency=0.7904 ms avg throuhgput (requests/sec) = 830.9758 res=false
*==== INFO ====*  stream_id=1559996 latency=0.554470 ms (tx_ts=88783770017581, rx_ts=88783770572051) request_id=9022388 zil_blk_id=1559996 ccf_commit_seqno=9022389 nstreams_done_=390000 config.nstreams=400000 avg_latency=0.7903 ms avg throuhgput (requests/sec) = 831.0260 res=false
*==== INFO ====*  stream_id=1561996 latency=0.759741 ms (tx_ts=88784339477307, rx_ts=88784340237048) request_id=9032554 zil_blk_id=1561996 ccf_commit_seqno=9032556 nstreams_done_=390500 config.nstreams=400000 avg_latency=0.7902 ms avg throuhgput (requests/sec) = 831.0826 res=false
*==== INFO ====*  stream_id=1563996 latency=0.697324 ms (tx_ts=88784912552909, rx_ts=88784913250233) request_id=9042703 zil_blk_id=1563996 ccf_commit_seqno=9042706 nstreams_done_=391000 config.nstreams=400000 avg_latency=0.7901 ms avg throuhgput (requests/sec) = 831.1332 res=false
*==== INFO ====*  stream_id=1565996 latency=0.549758 ms (tx_ts=88785493399960, rx_ts=88785493949718) request_id=9052702 zil_blk_id=1565996 ccf_commit_seqno=9052703 nstreams_done_=391500 config.nstreams=400000 avg_latency=0.7901 ms avg throuhgput (requests/sec) = 831.1700 res=false
*==== INFO ====*  stream_id=1567996 latency=0.561530 ms (tx_ts=88786060885926, rx_ts=88786061447456) request_id=9062472 zil_blk_id=1567996 ccf_commit_seqno=9062472 nstreams_done_=392000 config.nstreams=400000 avg_latency=0.7900 ms avg throuhgput (requests/sec) = 831.2301 res=false
*==== INFO ====*  stream_id=1569996 latency=0.578245 ms (tx_ts=88786638534803, rx_ts=88786639113048) request_id=9072463 zil_blk_id=1569996 ccf_commit_seqno=9072463 nstreams_done_=392500 config.nstreams=400000 avg_latency=0.7900 ms avg throuhgput (requests/sec) = 831.2721 res=false
*==== INFO ====*  stream_id=1571996 latency=1.108760 ms (tx_ts=88787214057616, rx_ts=88787215166376) request_id=9082080 zil_blk_id=1571996 ccf_commit_seqno=9082088 nstreams_done_=393000 config.nstreams=400000 avg_latency=0.7899 ms avg throuhgput (requests/sec) = 831.3168 res=false
*==== INFO ====*  stream_id=1573996 latency=0.541522 ms (tx_ts=88787757361798, rx_ts=88787757903320) request_id=9091411 zil_blk_id=1573996 ccf_commit_seqno=9091411 nstreams_done_=393500 config.nstreams=400000 avg_latency=0.7898 ms avg throuhgput (requests/sec) = 831.4199 res=false
*==== INFO ====*  stream_id=1575996 latency=0.642672 ms (tx_ts=88788327872006, rx_ts=88788328514678) request_id=9101218 zil_blk_id=1575996 ccf_commit_seqno=9101219 nstreams_done_=394000 config.nstreams=400000 avg_latency=0.7897 ms avg throuhgput (requests/sec) = 831.4739 res=false
*==== INFO ====*  stream_id=1577996 latency=1.196157 ms (tx_ts=88788885408619, rx_ts=88788886604776) request_id=9110711 zil_blk_id=1577996 ccf_commit_seqno=9110724 nstreams_done_=394500 config.nstreams=400000 avg_latency=0.7895 ms avg throuhgput (requests/sec) = 831.5497 res=false
*==== INFO ====*  stream_id=1579996 latency=1.252091 ms (tx_ts=88789479691758, rx_ts=88789480943849) request_id=9120426 zil_blk_id=1579996 ccf_commit_seqno=9120436 nstreams_done_=395000 config.nstreams=400000 avg_latency=0.7895 ms avg throuhgput (requests/sec) = 831.5619 res=false
*==== INFO ====*  stream_id=1581996 latency=0.618566 ms (tx_ts=88790092295170, rx_ts=88790092913736) request_id=9130565 zil_blk_id=1581996 ccf_commit_seqno=9130565 nstreams_done_=395500 config.nstreams=400000 avg_latency=0.7895 ms avg throuhgput (requests/sec) = 831.5432 res=false
*==== INFO ====*  stream_id=1583996 latency=0.666947 ms (tx_ts=88790658547657, rx_ts=88790659214604) request_id=9140112 zil_blk_id=1583996 ccf_commit_seqno=9140113 nstreams_done_=396000 config.nstreams=400000 avg_latency=0.7894 ms avg throuhgput (requests/sec) = 831.6043 res=false
*==== INFO ====*  stream_id=1585996 latency=0.757028 ms (tx_ts=88791219305966, rx_ts=88791220062994) request_id=9149785 zil_blk_id=1585996 ccf_commit_seqno=9149787 nstreams_done_=396500 config.nstreams=400000 avg_latency=0.7892 ms avg throuhgput (requests/sec) = 831.6747 res=false
*==== INFO ====*  stream_id=1587996 latency=0.700400 ms (tx_ts=88791868128937, rx_ts=88791868829337) request_id=9159206 zil_blk_id=1587996 ccf_commit_seqno=9159210 nstreams_done_=397000 config.nstreams=400000 avg_latency=0.7894 ms avg throuhgput (requests/sec) = 831.5919 res=false
*==== INFO ====*  stream_id=1589996 latency=0.646599 ms (tx_ts=88792426103449, rx_ts=88792426750048) request_id=9169037 zil_blk_id=1589996 ccf_commit_seqno=9169041 nstreams_done_=397500 config.nstreams=400000 avg_latency=0.7892 ms avg throuhgput (requests/sec) = 831.6673 res=false
*==== INFO ====*  stream_id=1591996 latency=0.851903 ms (tx_ts=88793029983638, rx_ts=88793030835541) request_id=9179020 zil_blk_id=1591996 ccf_commit_seqno=9179024 nstreams_done_=398000 config.nstreams=400000 avg_latency=0.7892 ms avg throuhgput (requests/sec) = 831.6623 res=false
*==== INFO ====*  stream_id=1593996 latency=0.667746 ms (tx_ts=88793596151841, rx_ts=88793596819587) request_id=9188283 zil_blk_id=1593996 ccf_commit_seqno=9188285 nstreams_done_=398500 config.nstreams=400000 avg_latency=0.7891 ms avg throuhgput (requests/sec) = 831.7234 res=false
*==== INFO ====*  stream_id=1595996 latency=0.744732 ms (tx_ts=88794162097480, rx_ts=88794162842212) request_id=9197356 zil_blk_id=1595996 ccf_commit_seqno=9197358 nstreams_done_=399000 config.nstreams=400000 avg_latency=0.7890 ms avg throuhgput (requests/sec) = 831.7843 res=false
*==== INFO ====*  stream_id=1597996 latency=0.638464 ms (tx_ts=88794729878944, rx_ts=88794730517408) request_id=9206444 zil_blk_id=1597996 ccf_commit_seqno=9206444 nstreams_done_=399500 config.nstreams=400000 avg_latency=0.7889 ms avg throuhgput (requests/sec) = 831.8422 res=false
*==== INFO ====* http_end_stream ALL streams done! nstreams_done_=400000 avg_latency=0.7888 ms
*==== INFO ====*  stream_id=1599996 latency=1.100959 ms (tx_ts=88795330396383, rx_ts=88795331497342) request_id=9215898 zil_blk_id=1599996 ccf_commit_seqno=9215908 nstreams_done_=400000 config.nstreams=400000 avg_latency=0.7888 ms avg throuhgput (requests/sec) = 831.8424 res=false
