Uniform: 1470 1268 1056 1965 1091 
Exponential: -2147483648 -2147483648 -2147483648 -2147483648 -2147483648 
Truncated Normal: 839 1899 1371 688 1863 
*==== INFO ====*  stream_id=1996 latency=0.867482 ms (tx_ts=88315154996842, rx_ts=88315155864324) request_id=12330 zil_blk_id=1996 ccf_commit_seqno=12332 nstreams_done_=500 config.nstreams=400000 avg_latency=0.9123 ms avg throuhgput (requests/sec) = 737.9208 res=false
*==== INFO ====*  stream_id=3996 latency=0.727333 ms (tx_ts=88315863310241, rx_ts=88315864037574) request_id=25058 zil_blk_id=3996 ccf_commit_seqno=25062 nstreams_done_=1000 config.nstreams=400000 avg_latency=0.9336 ms avg throuhgput (requests/sec) = 721.6294 res=false
*==== INFO ====*  stream_id=5996 latency=0.882941 ms (tx_ts=88316541517193, rx_ts=88316542400134) request_id=38090 zil_blk_id=5996 ccf_commit_seqno=38090 nstreams_done_=1500 config.nstreams=400000 avg_latency=0.9118 ms avg throuhgput (requests/sec) = 726.7036 res=false
*==== INFO ====*  stream_id=7996 latency=0.720733 ms (tx_ts=88317212160702, rx_ts=88317212881435) request_id=50778 zil_blk_id=7996 ccf_commit_seqno=50779 nstreams_done_=2000 config.nstreams=400000 avg_latency=0.9061 ms avg throuhgput (requests/sec) = 731.3693 res=false
*==== INFO ====*  stream_id=9996 latency=0.670414 ms (tx_ts=88317860166547, rx_ts=88317860836961) request_id=63327 zil_blk_id=9996 ccf_commit_seqno=63327 nstreams_done_=2500 config.nstreams=400000 avg_latency=0.8977 ms avg throuhgput (requests/sec) = 739.0869 res=false
*==== INFO ====*  stream_id=11996 latency=0.679801 ms (tx_ts=88318543522928, rx_ts=88318544202729) request_id=76039 zil_blk_id=11996 ccf_commit_seqno=76039 nstreams_done_=3000 config.nstreams=400000 avg_latency=0.8986 ms avg throuhgput (requests/sec) = 737.8408 res=false
*==== INFO ====*  stream_id=13996 latency=0.975454 ms (tx_ts=88319270749069, rx_ts=88319271724523) request_id=89103 zil_blk_id=13996 ccf_commit_seqno=89105 nstreams_done_=3500 config.nstreams=400000 avg_latency=0.9100 ms avg throuhgput (requests/sec) = 730.1646 res=false
*==== INFO ====*  stream_id=15996 latency=1.474163 ms (tx_ts=88319997050760, rx_ts=88319998524923) request_id=102854 zil_blk_id=15996 ccf_commit_seqno=102864 nstreams_done_=4000 config.nstreams=400000 avg_latency=0.9250 ms avg throuhgput (requests/sec) = 724.6062 res=false
*==== INFO ====*  stream_id=17996 latency=0.764566 ms (tx_ts=88320664971009, rx_ts=88320665735575) request_id=116876 zil_blk_id=17996 ccf_commit_seqno=116878 nstreams_done_=4500 config.nstreams=400000 avg_latency=0.9204 ms avg throuhgput (requests/sec) = 727.2785 res=false
*==== INFO ====*  stream_id=19996 latency=1.575927 ms (tx_ts=88321353807124, rx_ts=88321355383051) request_id=130818 zil_blk_id=19996 ccf_commit_seqno=130818 nstreams_done_=5000 config.nstreams=400000 avg_latency=0.9238 ms avg throuhgput (requests/sec) = 727.0508 res=false
*==== INFO ====*  stream_id=21996 latency=0.917455 ms (tx_ts=88322107788604, rx_ts=88322108706059) request_id=145173 zil_blk_id=21996 ccf_commit_seqno=145176 nstreams_done_=5500 config.nstreams=400000 avg_latency=0.9339 ms avg throuhgput (requests/sec) = 720.7990 res=false
*==== INFO ====*  stream_id=23996 latency=0.788547 ms (tx_ts=88322840570774, rx_ts=88322841359321) request_id=159790 zil_blk_id=23996 ccf_commit_seqno=159792 nstreams_done_=6000 config.nstreams=400000 avg_latency=0.9358 ms avg throuhgput (requests/sec) = 717.4395 res=false
*==== INFO ====*  stream_id=25996 latency=0.873668 ms (tx_ts=88323536820231, rx_ts=88323537693899) request_id=174075 zil_blk_id=25996 ccf_commit_seqno=174079 nstreams_done_=6500 config.nstreams=400000 avg_latency=0.9335 ms avg throuhgput (requests/sec) = 717.4861 res=false
*==== INFO ====*  stream_id=27996 latency=1.552924 ms (tx_ts=88324220313185, rx_ts=88324221866109) request_id=188593 zil_blk_id=27996 ccf_commit_seqno=188605 nstreams_done_=7000 config.nstreams=400000 avg_latency=0.9301 ms avg throuhgput (requests/sec) = 718.4217 res=false
*==== INFO ====*  stream_id=29996 latency=0.780412 ms (tx_ts=88324900680005, rx_ts=88324901460417) request_id=202976 zil_blk_id=29996 ccf_commit_seqno=202979 nstreams_done_=7500 config.nstreams=400000 avg_latency=0.9256 ms avg throuhgput (requests/sec) = 719.5504 res=false
*==== INFO ====*  stream_id=31996 latency=0.845261 ms (tx_ts=88325593989089, rx_ts=88325594834350) request_id=216964 zil_blk_id=31996 ccf_commit_seqno=216966 nstreams_done_=8000 config.nstreams=400000 avg_latency=0.9259 ms avg throuhgput (requests/sec) = 719.6478 res=false
*==== INFO ====*  stream_id=33996 latency=0.596178 ms (tx_ts=88326295936313, rx_ts=88326296532491) request_id=231238 zil_blk_id=33996 ccf_commit_seqno=231238 nstreams_done_=8500 config.nstreams=400000 avg_latency=0.9270 ms avg throuhgput (requests/sec) = 719.2268 res=false
*==== INFO ====*  stream_id=35996 latency=0.631180 ms (tx_ts=88326986284992, rx_ts=88326986916172) request_id=245692 zil_blk_id=35996 ccf_commit_seqno=245692 nstreams_done_=9000 config.nstreams=400000 avg_latency=0.9258 ms avg throuhgput (requests/sec) = 719.5032 res=false
*==== INFO ====*  stream_id=37996 latency=0.787523 ms (tx_ts=88327683844479, rx_ts=88327684632002) request_id=259933 zil_blk_id=37996 ccf_commit_seqno=259938 nstreams_done_=9500 config.nstreams=400000 avg_latency=0.9278 ms avg throuhgput (requests/sec) = 719.3511 res=false
*==== INFO ====*  stream_id=39996 latency=1.292056 ms (tx_ts=88328409730689, rx_ts=88328411022745) request_id=274182 zil_blk_id=39996 ccf_commit_seqno=274193 nstreams_done_=10000 config.nstreams=400000 avg_latency=0.9311 ms avg throuhgput (requests/sec) = 717.7340 res=false
*==== INFO ====*  stream_id=41996 latency=1.162118 ms (tx_ts=88329152334069, rx_ts=88329153496187) request_id=289026 zil_blk_id=41996 ccf_commit_seqno=289028 nstreams_done_=10500 config.nstreams=400000 avg_latency=0.9337 ms avg throuhgput (requests/sec) = 715.4922 res=false
*==== INFO ====*  stream_id=43996 latency=0.757272 ms (tx_ts=88329809018156, rx_ts=88329809775428) request_id=302976 zil_blk_id=43996 ccf_commit_seqno=302978 nstreams_done_=11000 config.nstreams=400000 avg_latency=0.9308 ms avg throuhgput (requests/sec) = 717.4775 res=false
*==== INFO ====*  stream_id=45996 latency=0.783432 ms (tx_ts=88330465728056, rx_ts=88330466511488) request_id=317163 zil_blk_id=45996 ccf_commit_seqno=317164 nstreams_done_=11500 config.nstreams=400000 avg_latency=0.9280 ms avg throuhgput (requests/sec) = 719.2793 res=false
*==== INFO ====*  stream_id=47996 latency=0.759025 ms (tx_ts=88331177670869, rx_ts=88331178429894) request_id=331602 zil_blk_id=47996 ccf_commit_seqno=331606 nstreams_done_=12000 config.nstreams=400000 avg_latency=0.9288 ms avg throuhgput (requests/sec) = 718.5566 res=false
*==== INFO ====*  stream_id=49996 latency=0.696325 ms (tx_ts=88331922666944, rx_ts=88331923363269) request_id=346070 zil_blk_id=49996 ccf_commit_seqno=346070 nstreams_done_=12500 config.nstreams=400000 avg_latency=0.9332 ms avg throuhgput (requests/sec) = 716.5345 res=false
*==== INFO ====*  stream_id=51996 latency=1.360514 ms (tx_ts=88332668296477, rx_ts=88332669656991) request_id=360968 zil_blk_id=51996 ccf_commit_seqno=360979 nstreams_done_=13000 config.nstreams=400000 avg_latency=0.9360 ms avg throuhgput (requests/sec) = 714.6245 res=false
*==== INFO ====*  stream_id=53996 latency=1.585224 ms (tx_ts=88333420987778, rx_ts=88333422573002) request_id=375278 zil_blk_id=53996 ccf_commit_seqno=375283 nstreams_done_=13500 config.nstreams=400000 avg_latency=0.9405 ms avg throuhgput (requests/sec) = 712.6158 res=false
*==== INFO ====*  stream_id=55996 latency=1.693469 ms (tx_ts=88334145247833, rx_ts=88334146941302) request_id=389637 zil_blk_id=55996 ccf_commit_seqno=389644 nstreams_done_=14000 config.nstreams=400000 avg_latency=0.9425 ms avg throuhgput (requests/sec) = 711.7924 res=false
*==== INFO ====*  stream_id=57996 latency=0.846353 ms (tx_ts=88334837923230, rx_ts=88334838769583) request_id=403727 zil_blk_id=57996 ccf_commit_seqno=403727 nstreams_done_=14500 config.nstreams=400000 avg_latency=0.9420 ms avg throuhgput (requests/sec) = 712.1638 res=false
*==== INFO ====*  stream_id=59996 latency=1.081622 ms (tx_ts=88335541668869, rx_ts=88335542750491) request_id=418140 zil_blk_id=59996 ccf_commit_seqno=418142 nstreams_done_=15000 config.nstreams=400000 avg_latency=0.9419 ms avg throuhgput (requests/sec) = 712.0997 res=false
*==== INFO ====*  stream_id=61996 latency=0.596505 ms (tx_ts=88336298018886, rx_ts=88336298615391) request_id=432463 zil_blk_id=61996 ccf_commit_seqno=432463 nstreams_done_=15500 config.nstreams=400000 avg_latency=0.9455 ms avg throuhgput (requests/sec) = 710.3467 res=false
*==== INFO ====*  stream_id=63996 latency=0.702916 ms (tx_ts=88336964034926, rx_ts=88336964737842) request_id=446736 zil_blk_id=63996 ccf_commit_seqno=446737 nstreams_done_=16000 config.nstreams=400000 avg_latency=0.9429 ms avg throuhgput (requests/sec) = 711.5395 res=false
*==== INFO ====*  stream_id=65996 latency=0.670916 ms (tx_ts=88337633032899, rx_ts=88337633703815) request_id=460880 zil_blk_id=65996 ccf_commit_seqno=460880 nstreams_done_=16500 config.nstreams=400000 avg_latency=0.9407 ms avg throuhgput (requests/sec) = 712.5762 res=false
*==== INFO ====*  stream_id=67996 latency=1.427513 ms (tx_ts=88338323766369, rx_ts=88338325193882) request_id=475016 zil_blk_id=67996 ccf_commit_seqno=475020 nstreams_done_=17000 config.nstreams=400000 avg_latency=0.9407 ms avg throuhgput (requests/sec) = 712.8806 res=false
*==== INFO ====*  stream_id=69996 latency=1.037382 ms (tx_ts=88339053798687, rx_ts=88339054836069) request_id=489077 zil_blk_id=69996 ccf_commit_seqno=489081 nstreams_done_=17500 config.nstreams=400000 avg_latency=0.9432 ms avg throuhgput (requests/sec) = 712.0609 res=false
*==== INFO ====*  stream_id=71996 latency=0.572547 ms (tx_ts=88339686916109, rx_ts=88339687488656) request_id=503050 zil_blk_id=71996 ccf_commit_seqno=503050 nstreams_done_=18000 config.nstreams=400000 avg_latency=0.9398 ms avg throuhgput (requests/sec) = 714.0249 res=false
*==== INFO ====*  stream_id=73996 latency=0.867695 ms (tx_ts=88340395625811, rx_ts=88340396493506) request_id=517646 zil_blk_id=73996 ccf_commit_seqno=517650 nstreams_done_=18500 config.nstreams=400000 avg_latency=0.9404 ms avg throuhgput (requests/sec) = 713.7839 res=false
*==== INFO ====*  stream_id=75996 latency=0.950620 ms (tx_ts=88341196555837, rx_ts=88341197506457) request_id=532482 zil_blk_id=75996 ccf_commit_seqno=532484 nstreams_done_=19000 config.nstreams=400000 avg_latency=0.9452 ms avg throuhgput (requests/sec) = 711.0986 res=false
*==== INFO ====*  stream_id=77996 latency=1.017672 ms (tx_ts=88341924401944, rx_ts=88341925419616) request_id=547445 zil_blk_id=77996 ccf_commit_seqno=547449 nstreams_done_=19500 config.nstreams=400000 avg_latency=0.9449 ms avg throuhgput (requests/sec) = 710.4567 res=false
*==== INFO ====*  stream_id=79996 latency=0.795708 ms (tx_ts=88342646791234, rx_ts=88342647586942) request_id=562080 zil_blk_id=79996 ccf_commit_seqno=562083 nstreams_done_=20000 config.nstreams=400000 avg_latency=0.9450 ms avg throuhgput (requests/sec) = 709.9927 res=false
*==== INFO ====*  stream_id=81996 latency=0.816898 ms (tx_ts=88343369523225, rx_ts=88343370340123) request_id=576263 zil_blk_id=81996 ccf_commit_seqno=576266 nstreams_done_=20500 config.nstreams=400000 avg_latency=0.9461 ms avg throuhgput (requests/sec) = 709.5376 res=false
*==== INFO ====*  stream_id=83996 latency=0.917902 ms (tx_ts=88344136024995, rx_ts=88344136942897) request_id=590599 zil_blk_id=83996 ccf_commit_seqno=590603 nstreams_done_=21000 config.nstreams=400000 avg_latency=0.9495 ms avg throuhgput (requests/sec) = 708.0563 res=false
*==== INFO ====*  stream_id=85996 latency=0.770972 ms (tx_ts=88344846387060, rx_ts=88344847158032) request_id=604672 zil_blk_id=85996 ccf_commit_seqno=604675 nstreams_done_=21500 config.nstreams=400000 avg_latency=0.9505 ms avg throuhgput (requests/sec) = 707.9617 res=false
*==== INFO ====*  stream_id=87996 latency=0.758739 ms (tx_ts=88345512983965, rx_ts=88345513742704) request_id=618775 zil_blk_id=87996 ccf_commit_seqno=618777 nstreams_done_=22000 config.nstreams=400000 avg_latency=0.9491 ms avg throuhgput (requests/sec) = 708.8666 res=false
*==== INFO ====*  stream_id=89996 latency=0.746676 ms (tx_ts=88346233304761, rx_ts=88346234051437) request_id=632910 zil_blk_id=89996 ccf_commit_seqno=632911 nstreams_done_=22500 config.nstreams=400000 avg_latency=0.9498 ms avg throuhgput (requests/sec) = 708.5327 res=false
*==== INFO ====*  stream_id=91996 latency=0.772825 ms (tx_ts=88346951083904, rx_ts=88346951856729) request_id=647020 zil_blk_id=91996 ccf_commit_seqno=647022 nstreams_done_=23000 config.nstreams=400000 avg_latency=0.9505 ms avg throuhgput (requests/sec) = 708.2683 res=false
*==== INFO ====*  stream_id=93996 latency=0.641219 ms (tx_ts=88347608287252, rx_ts=88347608928471) request_id=661198 zil_blk_id=93996 ccf_commit_seqno=661198 nstreams_done_=23500 config.nstreams=400000 avg_latency=0.9488 ms avg throuhgput (requests/sec) = 709.3131 res=false
*==== INFO ====*  stream_id=95996 latency=1.000808 ms (tx_ts=88348316531778, rx_ts=88348317532586) request_id=675615 zil_blk_id=95996 ccf_commit_seqno=675620 nstreams_done_=24000 config.nstreams=400000 avg_latency=0.9487 ms avg throuhgput (requests/sec) = 709.2356 res=false
*==== INFO ====*  stream_id=97996 latency=1.378526 ms (tx_ts=88348993880780, rx_ts=88348995259306) request_id=689974 zil_blk_id=97996 ccf_commit_seqno=689986 nstreams_done_=24500 config.nstreams=400000 avg_latency=0.9475 ms avg throuhgput (requests/sec) = 709.7957 res=false
*==== INFO ====*  stream_id=99996 latency=0.652921 ms (tx_ts=88349686256578, rx_ts=88349686909499) request_id=704092 zil_blk_id=99996 ccf_commit_seqno=704092 nstreams_done_=25000 config.nstreams=400000 avg_latency=0.9464 ms avg throuhgput (requests/sec) = 710.0533 res=false
*==== INFO ====*  stream_id=101996 latency=0.794316 ms (tx_ts=88350419832661, rx_ts=88350420626977) request_id=718446 zil_blk_id=101996 ccf_commit_seqno=718446 nstreams_done_=25500 config.nstreams=400000 avg_latency=0.9475 ms avg throuhgput (requests/sec) = 709.4696 res=false
*==== INFO ====*  stream_id=103996 latency=1.714065 ms (tx_ts=88351176932158, rx_ts=88351178646223) request_id=733074 zil_blk_id=103996 ccf_commit_seqno=733078 nstreams_done_=26000 config.nstreams=400000 avg_latency=0.9493 ms avg throuhgput (requests/sec) = 708.4399 res=false
*==== INFO ====*  stream_id=105996 latency=0.718276 ms (tx_ts=88351915707145, rx_ts=88351916425421) request_id=747808 zil_blk_id=105996 ccf_commit_seqno=747809 nstreams_done_=26500 config.nstreams=400000 avg_latency=0.9502 ms avg throuhgput (requests/sec) = 707.8343 res=false
*==== INFO ====*  stream_id=107996 latency=1.497652 ms (tx_ts=88352581026309, rx_ts=88352582523961) request_id=761925 zil_blk_id=107996 ccf_commit_seqno=761925 nstreams_done_=27000 config.nstreams=400000 avg_latency=0.9488 ms avg throuhgput (requests/sec) = 708.5826 res=false
*==== INFO ====*  stream_id=109996 latency=1.165680 ms (tx_ts=88353295896261, rx_ts=88353297061941) request_id=776181 zil_blk_id=109996 ccf_commit_seqno=776185 nstreams_done_=27500 config.nstreams=400000 avg_latency=0.9492 ms avg throuhgput (requests/sec) = 708.4200 res=false
*==== INFO ====*  stream_id=111996 latency=1.527376 ms (tx_ts=88354040024035, rx_ts=88354041551411) request_id=790604 zil_blk_id=111996 ccf_commit_seqno=790608 nstreams_done_=28000 config.nstreams=400000 avg_latency=0.9505 ms avg throuhgput (requests/sec) = 707.7272 res=false
*==== INFO ====*  stream_id=113996 latency=0.635935 ms (tx_ts=88354828949567, rx_ts=88354829585502) request_id=804926 zil_blk_id=113996 ccf_commit_seqno=804927 nstreams_done_=28500 config.nstreams=400000 avg_latency=0.9536 ms avg throuhgput (requests/sec) = 706.2969 res=false
*==== INFO ====*  stream_id=115996 latency=0.716119 ms (tx_ts=88355507710031, rx_ts=88355508426150) request_id=819029 zil_blk_id=115996 ccf_commit_seqno=819031 nstreams_done_=29000 config.nstreams=400000 avg_latency=0.9529 ms avg throuhgput (requests/sec) = 706.7975 res=false
*==== INFO ====*  stream_id=117996 latency=1.416659 ms (tx_ts=88356280810549, rx_ts=88356282227208) request_id=833689 zil_blk_id=117996 ccf_commit_seqno=833690 nstreams_done_=29500 config.nstreams=400000 avg_latency=0.9546 ms avg throuhgput (requests/sec) = 705.6751 res=false
*==== INFO ====*  stream_id=119996 latency=0.809149 ms (tx_ts=88356955924294, rx_ts=88356956733443) request_id=848072 zil_blk_id=119996 ccf_commit_seqno=848075 nstreams_done_=30000 config.nstreams=400000 avg_latency=0.9536 ms avg throuhgput (requests/sec) = 706.2405 res=false
*==== INFO ====*  stream_id=121996 latency=0.724856 ms (tx_ts=88357596533925, rx_ts=88357597258781) request_id=862092 zil_blk_id=121996 ccf_commit_seqno=862096 nstreams_done_=30500 config.nstreams=400000 avg_latency=0.9514 ms avg throuhgput (requests/sec) = 707.3452 res=false
*==== INFO ====*  stream_id=123996 latency=0.842987 ms (tx_ts=88358232796042, rx_ts=88358233639029) request_id=875781 zil_blk_id=123996 ccf_commit_seqno=875785 nstreams_done_=31000 config.nstreams=400000 avg_latency=0.9494 ms avg throuhgput (requests/sec) = 708.4847 res=false
*==== INFO ====*  stream_id=125996 latency=0.764560 ms (tx_ts=88358941823432, rx_ts=88358942587992) request_id=890514 zil_blk_id=125996 ccf_commit_seqno=890517 nstreams_done_=31500 config.nstreams=400000 avg_latency=0.9492 ms avg throuhgput (requests/sec) = 708.4335 res=false
*==== INFO ====*  stream_id=127996 latency=1.550139 ms (tx_ts=88359690213440, rx_ts=88359691763579) request_id=905053 zil_blk_id=127996 ccf_commit_seqno=905063 nstreams_done_=32000 config.nstreams=400000 avg_latency=0.9501 ms avg throuhgput (requests/sec) = 707.7535 res=false
*==== INFO ====*  stream_id=129996 latency=0.855821 ms (tx_ts=88360417294266, rx_ts=88360418150087) request_id=919341 zil_blk_id=129996 ccf_commit_seqno=919343 nstreams_done_=32500 config.nstreams=400000 avg_latency=0.9511 ms avg throuhgput (requests/sec) = 707.4466 res=false
*==== INFO ====*  stream_id=131996 latency=0.849699 ms (tx_ts=88361114445167, rx_ts=88361115294866) request_id=933574 zil_blk_id=131996 ccf_commit_seqno=933578 nstreams_done_=33000 config.nstreams=400000 avg_latency=0.9510 ms avg throuhgput (requests/sec) = 707.5925 res=false
*==== INFO ====*  stream_id=133996 latency=1.051095 ms (tx_ts=88361868697805, rx_ts=88361869748900) request_id=948066 zil_blk_id=133996 ccf_commit_seqno=948071 nstreams_done_=33500 config.nstreams=400000 avg_latency=0.9527 ms avg throuhgput (requests/sec) = 706.8784 res=false
*==== INFO ====*  stream_id=135996 latency=1.379373 ms (tx_ts=88362638313271, rx_ts=88362639692644) request_id=962515 zil_blk_id=135996 ccf_commit_seqno=962521 nstreams_done_=34000 config.nstreams=400000 avg_latency=0.9546 ms avg throuhgput (requests/sec) = 705.9594 res=false
*==== INFO ====*  stream_id=137996 latency=0.708885 ms (tx_ts=88363367572631, rx_ts=88363368281516) request_id=976768 zil_blk_id=137996 ccf_commit_seqno=976768 nstreams_done_=34500 config.nstreams=400000 avg_latency=0.9552 ms avg throuhgput (requests/sec) = 705.6658 res=false
*==== INFO ====*  stream_id=139996 latency=0.867973 ms (tx_ts=88364098593673, rx_ts=88364099461646) request_id=991238 zil_blk_id=139996 ccf_commit_seqno=991241 nstreams_done_=35000 config.nstreams=400000 avg_latency=0.9558 ms avg throuhgput (requests/sec) = 705.3440 res=false
*==== INFO ====*  stream_id=141996 latency=1.320870 ms (tx_ts=88364720474527, rx_ts=88364721795397) request_id=1005245 zil_blk_id=141996 ccf_commit_seqno=1005246 nstreams_done_=35500 config.nstreams=400000 avg_latency=0.9535 ms avg throuhgput (requests/sec) = 706.5589 res=false
*==== INFO ====*  stream_id=143996 latency=0.672613 ms (tx_ts=88365445696653, rx_ts=88365446369266) request_id=1019542 zil_blk_id=143996 ccf_commit_seqno=1019542 nstreams_done_=36000 config.nstreams=400000 avg_latency=0.9538 ms avg throuhgput (requests/sec) = 706.3244 res=false
*==== INFO ====*  stream_id=145996 latency=0.805764 ms (tx_ts=88366127640645, rx_ts=88366128446409) request_id=1033981 zil_blk_id=145996 ccf_commit_seqno=1033985 nstreams_done_=36500 config.nstreams=400000 avg_latency=0.9530 ms avg throuhgput (requests/sec) = 706.6774 res=false
*==== INFO ====*  stream_id=147996 latency=1.321471 ms (tx_ts=88366879176085, rx_ts=88366880497556) request_id=1049037 zil_blk_id=147996 ccf_commit_seqno=1049039 nstreams_done_=37000 config.nstreams=400000 avg_latency=0.9535 ms avg throuhgput (requests/sec) = 706.0771 res=false
*==== INFO ====*  stream_id=149996 latency=1.080772 ms (tx_ts=88367542398993, rx_ts=88367543479765) request_id=1063195 zil_blk_id=149996 ccf_commit_seqno=1063198 nstreams_done_=37500 config.nstreams=400000 avg_latency=0.9525 ms avg throuhgput (requests/sec) = 706.6779 res=false
*==== INFO ====*  stream_id=151996 latency=0.648082 ms (tx_ts=88368268584931, rx_ts=88368269233013) request_id=1077517 zil_blk_id=151996 ccf_commit_seqno=1077517 nstreams_done_=38000 config.nstreams=400000 avg_latency=0.9529 ms avg throuhgput (requests/sec) = 706.4386 res=false
*==== INFO ====*  stream_id=153996 latency=0.690401 ms (tx_ts=88368954399832, rx_ts=88368955090233) request_id=1091344 zil_blk_id=153996 ccf_commit_seqno=1091347 nstreams_done_=38500 config.nstreams=400000 avg_latency=0.9528 ms avg throuhgput (requests/sec) = 706.7228 res=false
*==== INFO ====*  stream_id=155996 latency=0.836616 ms (tx_ts=88369636889545, rx_ts=88369637726161) request_id=1105614 zil_blk_id=155996 ccf_commit_seqno=1105617 nstreams_done_=39000 config.nstreams=400000 avg_latency=0.9522 ms avg throuhgput (requests/sec) = 707.0412 res=false
*==== INFO ====*  stream_id=157996 latency=0.998429 ms (tx_ts=88370355064251, rx_ts=88370356062680) request_id=1120012 zil_blk_id=157996 ccf_commit_seqno=1120013 nstreams_done_=39500 config.nstreams=400000 avg_latency=0.9526 ms avg throuhgput (requests/sec) = 706.9000 res=false
*==== INFO ====*  stream_id=159996 latency=0.703264 ms (tx_ts=88371090339537, rx_ts=88371091042801) request_id=1134725 zil_blk_id=159996 ccf_commit_seqno=1134725 nstreams_done_=40000 config.nstreams=400000 avg_latency=0.9528 ms avg throuhgput (requests/sec) = 706.5545 res=false
*==== INFO ====*  stream_id=161996 latency=0.981258 ms (tx_ts=88371788096191, rx_ts=88371789077449) request_id=1149373 zil_blk_id=161996 ccf_commit_seqno=1149377 nstreams_done_=40500 config.nstreams=400000 avg_latency=0.9526 ms avg throuhgput (requests/sec) = 706.6732 res=false
*==== INFO ====*  stream_id=163996 latency=0.706344 ms (tx_ts=88372521014296, rx_ts=88372521720640) request_id=1164023 zil_blk_id=163996 ccf_commit_seqno=1164025 nstreams_done_=41000 config.nstreams=400000 avg_latency=0.9527 ms avg throuhgput (requests/sec) = 706.3676 res=false
*==== INFO ====*  stream_id=165996 latency=1.200903 ms (tx_ts=88373217688182, rx_ts=88373218889085) request_id=1178102 zil_blk_id=165996 ccf_commit_seqno=1178105 nstreams_done_=41500 config.nstreams=400000 avg_latency=0.9527 ms avg throuhgput (requests/sec) = 706.4960 res=false
*==== INFO ====*  stream_id=167996 latency=0.956648 ms (tx_ts=88373918698949, rx_ts=88373919655597) request_id=1192045 zil_blk_id=167996 ccf_commit_seqno=1192045 nstreams_done_=42000 config.nstreams=400000 avg_latency=0.9528 ms avg throuhgput (requests/sec) = 706.5786 res=false
*==== INFO ====*  stream_id=169996 latency=0.761400 ms (tx_ts=88374623107617, rx_ts=88374623869017) request_id=1206874 zil_blk_id=169996 ccf_commit_seqno=1206878 nstreams_done_=42500 config.nstreams=400000 avg_latency=0.9523 ms avg throuhgput (requests/sec) = 706.6188 res=false
*==== INFO ====*  stream_id=171996 latency=0.722611 ms (tx_ts=88375297337351, rx_ts=88375298059962) request_id=1221268 zil_blk_id=171996 ccf_commit_seqno=1221271 nstreams_done_=43000 config.nstreams=400000 avg_latency=0.9515 ms avg throuhgput (requests/sec) = 707.0069 res=false
*==== INFO ====*  stream_id=173996 latency=0.649655 ms (tx_ts=88375953881505, rx_ts=88375954531160) request_id=1235615 zil_blk_id=173996 ccf_commit_seqno=1235615 nstreams_done_=43500 config.nstreams=400000 avg_latency=0.9502 ms avg throuhgput (requests/sec) = 707.5904 res=false
*==== INFO ====*  stream_id=175996 latency=4.831186 ms (tx_ts=88376626819466, rx_ts=88376631650652) request_id=1250022 zil_blk_id=175996 ccf_commit_seqno=1250025 nstreams_done_=44000 config.nstreams=400000 avg_latency=0.9495 ms avg throuhgput (requests/sec) = 707.9263 res=false
*==== INFO ====*  stream_id=177996 latency=0.723236 ms (tx_ts=88377317339465, rx_ts=88377318062701) request_id=1264481 zil_blk_id=177996 ccf_commit_seqno=1264484 nstreams_done_=44500 config.nstreams=400000 avg_latency=0.9489 ms avg throuhgput (requests/sec) = 708.1502 res=false
*==== INFO ====*  stream_id=179996 latency=0.890215 ms (tx_ts=88378003031131, rx_ts=88378003921346) request_id=1278824 zil_blk_id=179996 ccf_commit_seqno=1278829 nstreams_done_=45000 config.nstreams=400000 avg_latency=0.9484 ms avg throuhgput (requests/sec) = 708.3754 res=false
*==== INFO ====*  stream_id=181996 latency=0.923136 ms (tx_ts=88378742415023, rx_ts=88378743338159) request_id=1293037 zil_blk_id=181996 ccf_commit_seqno=1293042 nstreams_done_=45500 config.nstreams=400000 avg_latency=0.9490 ms avg throuhgput (requests/sec) = 708.0053 res=false
*==== INFO ====*  stream_id=183996 latency=0.821907 ms (tx_ts=88379505084895, rx_ts=88379505906802) request_id=1307630 zil_blk_id=183996 ccf_commit_seqno=1307631 nstreams_done_=46000 config.nstreams=400000 avg_latency=0.9501 ms avg throuhgput (requests/sec) = 707.3917 res=false
*==== INFO ====*  stream_id=185996 latency=0.828675 ms (tx_ts=88380244203784, rx_ts=88380245032459) request_id=1322499 zil_blk_id=185996 ccf_commit_seqno=1322503 nstreams_done_=46500 config.nstreams=400000 avg_latency=0.9505 ms avg throuhgput (requests/sec) = 707.0442 res=false
*==== INFO ====*  stream_id=187996 latency=0.878994 ms (tx_ts=88380902429705, rx_ts=88380903308699) request_id=1336315 zil_blk_id=187996 ccf_commit_seqno=1336320 nstreams_done_=47000 config.nstreams=400000 avg_latency=0.9500 ms avg throuhgput (requests/sec) = 707.5647 res=false
*==== INFO ====*  stream_id=189996 latency=0.946961 ms (tx_ts=88381585897941, rx_ts=88381586844902) request_id=1350949 zil_blk_id=189996 ccf_commit_seqno=1350952 nstreams_done_=47500 config.nstreams=400000 avg_latency=0.9493 ms avg throuhgput (requests/sec) = 707.8084 res=false
*==== INFO ====*  stream_id=191996 latency=0.712124 ms (tx_ts=88382301385181, rx_ts=88382302097305) request_id=1365553 zil_blk_id=191996 ccf_commit_seqno=1365555 nstreams_done_=48000 config.nstreams=400000 avg_latency=0.9492 ms avg throuhgput (requests/sec) = 707.7160 res=false
*==== INFO ====*  stream_id=193996 latency=0.928085 ms (tx_ts=88383028607404, rx_ts=88383029535489) request_id=1379825 zil_blk_id=193996 ccf_commit_seqno=1379828 nstreams_done_=48500 config.nstreams=400000 avg_latency=0.9499 ms avg throuhgput (requests/sec) = 707.4999 res=false
*==== INFO ====*  stream_id=195996 latency=0.909867 ms (tx_ts=88383719398848, rx_ts=88383720308715) request_id=1394051 zil_blk_id=195996 ccf_commit_seqno=1394052 nstreams_done_=49000 config.nstreams=400000 avg_latency=0.9496 ms avg throuhgput (requests/sec) = 707.6627 res=false
*==== INFO ====*  stream_id=197996 latency=0.776011 ms (tx_ts=88384365472029, rx_ts=88384366248040) request_id=1407740 zil_blk_id=197996 ccf_commit_seqno=1407741 nstreams_done_=49500 config.nstreams=400000 avg_latency=0.9488 ms avg throuhgput (requests/sec) = 708.2765 res=false
*==== INFO ====*  stream_id=199996 latency=1.021110 ms (tx_ts=88385028187537, rx_ts=88385029208647) request_id=1421561 zil_blk_id=199996 ccf_commit_seqno=1421564 nstreams_done_=50000 config.nstreams=400000 avg_latency=0.9482 ms avg throuhgput (requests/sec) = 708.7079 res=false
*==== INFO ====*  stream_id=201996 latency=0.963783 ms (tx_ts=88385801069527, rx_ts=88385802033310) request_id=1436374 zil_blk_id=201996 ccf_commit_seqno=1436377 nstreams_done_=50500 config.nstreams=400000 avg_latency=0.9491 ms avg throuhgput (requests/sec) = 708.0391 res=false
*==== INFO ====*  stream_id=203996 latency=0.624849 ms (tx_ts=88386587230337, rx_ts=88386587855186) request_id=1450949 zil_blk_id=203996 ccf_commit_seqno=1450949 nstreams_done_=51000 config.nstreams=400000 avg_latency=0.9506 ms avg throuhgput (requests/sec) = 707.2570 res=false
*==== INFO ====*  stream_id=205996 latency=0.807240 ms (tx_ts=88387357795002, rx_ts=88387358602242) request_id=1465953 zil_blk_id=205996 ccf_commit_seqno=1465955 nstreams_done_=51500 config.nstreams=400000 avg_latency=0.9513 ms avg throuhgput (requests/sec) = 706.6380 res=false
*==== INFO ====*  stream_id=207996 latency=1.323943 ms (tx_ts=88388074739305, rx_ts=88388076063248) request_id=1480716 zil_blk_id=207996 ccf_commit_seqno=1480726 nstreams_done_=52000 config.nstreams=400000 avg_latency=0.9513 ms avg throuhgput (requests/sec) = 706.5431 res=false
*==== INFO ====*  stream_id=209996 latency=0.938535 ms (tx_ts=88388782550122, rx_ts=88388783488657) request_id=1494940 zil_blk_id=209996 ccf_commit_seqno=1494940 nstreams_done_=52500 config.nstreams=400000 avg_latency=0.9514 ms avg throuhgput (requests/sec) = 706.5454 res=false
*==== INFO ====*  stream_id=211996 latency=0.754729 ms (tx_ts=88389519588618, rx_ts=88389520343347) request_id=1509790 zil_blk_id=211996 ccf_commit_seqno=1509796 nstreams_done_=53000 config.nstreams=400000 avg_latency=0.9516 ms avg throuhgput (requests/sec) = 706.2706 res=false
*==== INFO ====*  stream_id=213996 latency=1.564510 ms (tx_ts=88390267147721, rx_ts=88390268712231) request_id=1524166 zil_blk_id=213996 ccf_commit_seqno=1524168 nstreams_done_=53500 config.nstreams=400000 avg_latency=0.9525 ms avg throuhgput (requests/sec) = 705.8939 res=false
*==== INFO ====*  stream_id=215996 latency=0.782090 ms (tx_ts=88391008959773, rx_ts=88391009741863) request_id=1538379 zil_blk_id=215996 ccf_commit_seqno=1538382 nstreams_done_=54000 config.nstreams=400000 avg_latency=0.9533 ms avg throuhgput (requests/sec) = 705.5922 res=false
*==== INFO ====*  stream_id=217996 latency=0.759651 ms (tx_ts=88391628128419, rx_ts=88391628888070) request_id=1552334 zil_blk_id=217996 ccf_commit_seqno=1552334 nstreams_done_=54500 config.nstreams=400000 avg_latency=0.9519 ms avg throuhgput (requests/sec) = 706.4105 res=false
*==== INFO ====*  stream_id=219996 latency=0.856451 ms (tx_ts=88392320575392, rx_ts=88392321431843) request_id=1567301 zil_blk_id=219996 ccf_commit_seqno=1567305 nstreams_done_=55000 config.nstreams=400000 avg_latency=0.9513 ms avg throuhgput (requests/sec) = 706.5490 res=false
*==== INFO ====*  stream_id=221996 latency=1.618358 ms (tx_ts=88393029586695, rx_ts=88393031205053) request_id=1581434 zil_blk_id=221996 ccf_commit_seqno=1581447 nstreams_done_=55500 config.nstreams=400000 avg_latency=0.9516 ms avg throuhgput (requests/sec) = 706.5301 res=false
*==== INFO ====*  stream_id=223996 latency=0.720870 ms (tx_ts=88393757295853, rx_ts=88393758016723) request_id=1595770 zil_blk_id=223996 ccf_commit_seqno=1595772 nstreams_done_=56000 config.nstreams=400000 avg_latency=0.9521 ms avg throuhgput (requests/sec) = 706.3596 res=false
*==== INFO ====*  stream_id=225996 latency=0.872413 ms (tx_ts=88394456422874, rx_ts=88394457295287) request_id=1610352 zil_blk_id=225996 ccf_commit_seqno=1610353 nstreams_done_=56500 config.nstreams=400000 avg_latency=0.9516 ms avg throuhgput (requests/sec) = 706.4353 res=false
*==== INFO ====*  stream_id=227996 latency=1.244162 ms (tx_ts=88395159848275, rx_ts=88395161092437) request_id=1624504 zil_blk_id=227996 ccf_commit_seqno=1624511 nstreams_done_=57000 config.nstreams=400000 avg_latency=0.9517 ms avg throuhgput (requests/sec) = 706.4702 res=false
*==== INFO ====*  stream_id=229996 latency=0.860571 ms (tx_ts=88395878375109, rx_ts=88395879235680) request_id=1638752 zil_blk_id=229996 ccf_commit_seqno=1638754 nstreams_done_=57500 config.nstreams=400000 avg_latency=0.9519 ms avg throuhgput (requests/sec) = 706.3800 res=false
*==== INFO ====*  stream_id=231996 latency=1.021062 ms (tx_ts=88396577811862, rx_ts=88396578832924) request_id=1652853 zil_blk_id=231996 ccf_commit_seqno=1652854 nstreams_done_=58000 config.nstreams=400000 avg_latency=0.9518 ms avg throuhgput (requests/sec) = 706.4508 res=false
*==== INFO ====*  stream_id=233996 latency=1.503827 ms (tx_ts=88397300596587, rx_ts=88397302100414) request_id=1667223 zil_blk_id=233996 ccf_commit_seqno=1667228 nstreams_done_=58500 config.nstreams=400000 avg_latency=0.9521 ms avg throuhgput (requests/sec) = 706.3186 res=false
*==== INFO ====*  stream_id=235996 latency=0.810788 ms (tx_ts=88397995073489, rx_ts=88397995884277) request_id=1681635 zil_blk_id=235996 ccf_commit_seqno=1681635 nstreams_done_=59000 config.nstreams=400000 avg_latency=0.9517 ms avg throuhgput (requests/sec) = 706.4379 res=false
*==== INFO ====*  stream_id=237996 latency=0.662178 ms (tx_ts=88398631219927, rx_ts=88398631882105) request_id=1695653 zil_blk_id=237996 ccf_commit_seqno=1695655 nstreams_done_=59500 config.nstreams=400000 avg_latency=0.9506 ms avg throuhgput (requests/sec) = 707.0405 res=false
*==== INFO ====*  stream_id=239996 latency=0.991394 ms (tx_ts=88399383274085, rx_ts=88399384265479) request_id=1710419 zil_blk_id=239996 ccf_commit_seqno=1710421 nstreams_done_=60000 config.nstreams=400000 avg_latency=0.9511 ms avg throuhgput (requests/sec) = 706.6640 res=false
*==== INFO ====*  stream_id=241996 latency=0.730619 ms (tx_ts=88400090666543, rx_ts=88400091397162) request_id=1724667 zil_blk_id=241996 ccf_commit_seqno=1724669 nstreams_done_=60500 config.nstreams=400000 avg_latency=0.9511 ms avg throuhgput (requests/sec) = 706.6675 res=false
*==== INFO ====*  stream_id=243996 latency=0.754174 ms (tx_ts=88400831811300, rx_ts=88400832565474) request_id=1739512 zil_blk_id=243996 ccf_commit_seqno=1739512 nstreams_done_=61000 config.nstreams=400000 avg_latency=0.9511 ms avg throuhgput (requests/sec) = 706.3923 res=false
*==== INFO ====*  stream_id=245996 latency=0.853777 ms (tx_ts=88401522678103, rx_ts=88401523531880) request_id=1753923 zil_blk_id=245996 ccf_commit_seqno=1753925 nstreams_done_=61500 config.nstreams=400000 avg_latency=0.9507 ms avg throuhgput (requests/sec) = 706.5291 res=false
*==== INFO ====*  stream_id=247996 latency=0.967987 ms (tx_ts=88402295166022, rx_ts=88402296134009) request_id=1768651 zil_blk_id=247996 ccf_commit_seqno=1768652 nstreams_done_=62000 config.nstreams=400000 avg_latency=0.9515 ms avg throuhgput (requests/sec) = 706.0068 res=false
*==== INFO ====*  stream_id=249996 latency=0.798514 ms (tx_ts=88403020018507, rx_ts=88403020817021) request_id=1783516 zil_blk_id=249996 ccf_commit_seqno=1783519 nstreams_done_=62500 config.nstreams=400000 avg_latency=0.9515 ms avg throuhgput (requests/sec) = 705.8755 res=false
*==== INFO ====*  stream_id=251996 latency=1.233350 ms (tx_ts=88403766323274, rx_ts=88403767556624) request_id=1798380 zil_blk_id=251996 ccf_commit_seqno=1798387 nstreams_done_=63000 config.nstreams=400000 avg_latency=0.9518 ms avg throuhgput (requests/sec) = 705.5719 res=false
*==== INFO ====*  stream_id=253996 latency=0.832297 ms (tx_ts=88404524302190, rx_ts=88404525134487) request_id=1813101 zil_blk_id=253996 ccf_commit_seqno=1813101 nstreams_done_=63500 config.nstreams=400000 avg_latency=0.9524 ms avg throuhgput (requests/sec) = 705.1885 res=false
*==== INFO ====*  stream_id=255996 latency=0.692145 ms (tx_ts=88405203598325, rx_ts=88405204290470) request_id=1827177 zil_blk_id=255996 ccf_commit_seqno=1827177 nstreams_done_=64000 config.nstreams=400000 avg_latency=0.9521 ms avg throuhgput (requests/sec) = 705.4207 res=false
*==== INFO ====*  stream_id=257996 latency=0.681654 ms (tx_ts=88405904813370, rx_ts=88405905495024) request_id=1841608 zil_blk_id=257996 ccf_commit_seqno=1841608 nstreams_done_=64500 config.nstreams=400000 avg_latency=0.9518 ms avg throuhgput (requests/sec) = 705.4793 res=false
*==== INFO ====*  stream_id=259996 latency=0.952001 ms (tx_ts=88406642445089, rx_ts=88406643397090) request_id=1856656 zil_blk_id=259996 ccf_commit_seqno=1856656 nstreams_done_=65000 config.nstreams=400000 avg_latency=0.9520 ms avg throuhgput (requests/sec) = 705.2560 res=false
*==== INFO ====*  stream_id=261996 latency=1.155945 ms (tx_ts=88407297986934, rx_ts=88407299142879) request_id=1870743 zil_blk_id=261996 ccf_commit_seqno=1870752 nstreams_done_=65500 config.nstreams=400000 avg_latency=0.9514 ms avg throuhgput (requests/sec) = 705.6604 res=false
*==== INFO ====*  stream_id=263996 latency=0.857944 ms (tx_ts=88408030066863, rx_ts=88408030924807) request_id=1885080 zil_blk_id=263996 ccf_commit_seqno=1885081 nstreams_done_=66000 config.nstreams=400000 avg_latency=0.9515 ms avg throuhgput (requests/sec) = 705.4852 res=false
*==== INFO ====*  stream_id=265996 latency=0.730958 ms (tx_ts=88408752698824, rx_ts=88408753429782) request_id=1899785 zil_blk_id=265996 ccf_commit_seqno=1899785 nstreams_done_=66500 config.nstreams=400000 avg_latency=0.9515 ms avg throuhgput (requests/sec) = 705.3821 res=false
*==== INFO ====*  stream_id=267996 latency=1.222661 ms (tx_ts=88409511479821, rx_ts=88409512702482) request_id=1914518 zil_blk_id=267996 ccf_commit_seqno=1914520 nstreams_done_=67000 config.nstreams=400000 avg_latency=0.9521 ms avg throuhgput (requests/sec) = 705.0077 res=false
*==== INFO ====*  stream_id=269996 latency=0.771295 ms (tx_ts=88410235417672, rx_ts=88410236188967) request_id=1929200 zil_blk_id=269996 ccf_commit_seqno=1929202 nstreams_done_=67500 config.nstreams=400000 avg_latency=0.9521 ms avg throuhgput (requests/sec) = 704.9026 res=false
*==== INFO ====*  stream_id=271996 latency=1.268222 ms (tx_ts=88410911044407, rx_ts=88410912312629) request_id=1943032 zil_blk_id=271996 ccf_commit_seqno=1943034 nstreams_done_=68000 config.nstreams=400000 avg_latency=0.9519 ms avg throuhgput (requests/sec) = 705.1453 res=false
*==== INFO ====*  stream_id=273996 latency=0.752682 ms (tx_ts=88411616043695, rx_ts=88411616796377) request_id=1957360 zil_blk_id=273996 ccf_commit_seqno=1957361 nstreams_done_=68500 config.nstreams=400000 avg_latency=0.9519 ms avg throuhgput (requests/sec) = 705.1786 res=false
*==== INFO ====*  stream_id=275996 latency=0.884502 ms (tx_ts=88412371268467, rx_ts=88412372152969) request_id=1971706 zil_blk_id=275996 ccf_commit_seqno=1971707 nstreams_done_=69000 config.nstreams=400000 avg_latency=0.9527 ms avg throuhgput (requests/sec) = 704.8450 res=false
*==== INFO ====*  stream_id=277996 latency=0.708515 ms (tx_ts=88413123028670, rx_ts=88413123737185) request_id=1986068 zil_blk_id=277996 ccf_commit_seqno=1986068 nstreams_done_=69500 config.nstreams=400000 avg_latency=0.9532 ms avg throuhgput (requests/sec) = 704.5434 res=false
*==== INFO ====*  stream_id=279996 latency=1.260208 ms (tx_ts=88413875183078, rx_ts=88413876443286) request_id=2000235 zil_blk_id=279996 ccf_commit_seqno=2000242 nstreams_done_=70000 config.nstreams=400000 avg_latency=0.9539 ms avg throuhgput (requests/sec) = 704.2384 res=false
*==== INFO ====*  stream_id=281996 latency=0.980043 ms (tx_ts=88414519282338, rx_ts=88414520262381) request_id=2014087 zil_blk_id=281996 ccf_commit_seqno=2014089 nstreams_done_=70500 config.nstreams=400000 avg_latency=0.9531 ms avg throuhgput (requests/sec) = 704.7042 res=false
*==== INFO ====*  stream_id=283996 latency=0.724037 ms (tx_ts=88415228312921, rx_ts=88415229036958) request_id=2028352 zil_blk_id=283996 ccf_commit_seqno=2028353 nstreams_done_=71000 config.nstreams=400000 avg_latency=0.9533 ms avg throuhgput (requests/sec) = 704.7094 res=false
*==== INFO ====*  stream_id=285996 latency=0.964446 ms (tx_ts=88415889846596, rx_ts=88415890811042) request_id=2042421 zil_blk_id=285996 ccf_commit_seqno=2042421 nstreams_done_=71500 config.nstreams=400000 avg_latency=0.9527 ms avg throuhgput (requests/sec) = 705.0411 res=false
*==== INFO ====*  stream_id=287996 latency=0.783325 ms (tx_ts=88416536043477, rx_ts=88416536826802) request_id=2056765 zil_blk_id=287996 ccf_commit_seqno=2056769 nstreams_done_=72000 config.nstreams=400000 avg_latency=0.9518 ms avg throuhgput (requests/sec) = 705.4775 res=false
*==== INFO ====*  stream_id=289996 latency=1.193292 ms (tx_ts=88417216435226, rx_ts=88417217628518) request_id=2071347 zil_blk_id=289996 ccf_commit_seqno=2071351 nstreams_done_=72500 config.nstreams=400000 avg_latency=0.9514 ms avg throuhgput (requests/sec) = 705.6693 res=false
*==== INFO ====*  stream_id=291996 latency=0.780990 ms (tx_ts=88417924667962, rx_ts=88417925448952) request_id=2085887 zil_blk_id=291996 ccf_commit_seqno=2085890 nstreams_done_=73000 config.nstreams=400000 avg_latency=0.9513 ms avg throuhgput (requests/sec) = 705.6743 res=false
*==== INFO ====*  stream_id=293996 latency=0.793418 ms (tx_ts=88418716744453, rx_ts=88418717537871) request_id=2100888 zil_blk_id=293996 ccf_commit_seqno=2100889 nstreams_done_=73500 config.nstreams=400000 avg_latency=0.9521 ms avg throuhgput (requests/sec) = 705.1087 res=false
*==== INFO ====*  stream_id=295996 latency=0.693597 ms (tx_ts=88419434881122, rx_ts=88419435574719) request_id=2115317 zil_blk_id=295996 ccf_commit_seqno=2115320 nstreams_done_=74000 config.nstreams=400000 avg_latency=0.9522 ms avg throuhgput (requests/sec) = 705.0487 res=false
*==== INFO ====*  stream_id=297996 latency=1.487263 ms (tx_ts=88420137667859, rx_ts=88420139155122) request_id=2129870 zil_blk_id=297996 ccf_commit_seqno=2129880 nstreams_done_=74500 config.nstreams=400000 avg_latency=0.9521 ms avg throuhgput (requests/sec) = 705.0860 res=false
*==== INFO ====*  stream_id=299996 latency=0.801659 ms (tx_ts=88420799303428, rx_ts=88420800105087) request_id=2143917 zil_blk_id=299996 ccf_commit_seqno=2143920 nstreams_done_=75000 config.nstreams=400000 avg_latency=0.9515 ms avg throuhgput (requests/sec) = 705.4055 res=false
*==== INFO ====*  stream_id=301996 latency=0.740212 ms (tx_ts=88421514834951, rx_ts=88421515575163) request_id=2158035 zil_blk_id=301996 ccf_commit_seqno=2158036 nstreams_done_=75500 config.nstreams=400000 avg_latency=0.9517 ms avg throuhgput (requests/sec) = 705.3617 res=false
*==== INFO ====*  stream_id=303996 latency=0.962477 ms (tx_ts=88422211309774, rx_ts=88422212272251) request_id=2171992 zil_blk_id=303996 ccf_commit_seqno=2171993 nstreams_done_=76000 config.nstreams=400000 avg_latency=0.9517 ms avg throuhgput (requests/sec) = 705.4413 res=false
*==== INFO ====*  stream_id=305996 latency=0.830373 ms (tx_ts=88422946432181, rx_ts=88422947262554) request_id=2186379 zil_blk_id=305996 ccf_commit_seqno=2186382 nstreams_done_=76500 config.nstreams=400000 avg_latency=0.9520 ms avg throuhgput (requests/sec) = 705.2708 res=false
*==== INFO ====*  stream_id=307996 latency=0.821434 ms (tx_ts=88423656738537, rx_ts=88423657559971) request_id=2200791 zil_blk_id=307996 ccf_commit_seqno=2200793 nstreams_done_=77000 config.nstreams=400000 avg_latency=0.9519 ms avg throuhgput (requests/sec) = 705.2621 res=false
*==== INFO ====*  stream_id=309996 latency=0.871013 ms (tx_ts=88424382160332, rx_ts=88424383031345) request_id=2215342 zil_blk_id=309996 ccf_commit_seqno=2215347 nstreams_done_=77500 config.nstreams=400000 avg_latency=0.9520 ms avg throuhgput (requests/sec) = 705.1561 res=false
*==== INFO ====*  stream_id=311996 latency=0.734543 ms (tx_ts=88425076752753, rx_ts=88425077487296) request_id=2229714 zil_blk_id=311996 ccf_commit_seqno=2229714 nstreams_done_=78000 config.nstreams=400000 avg_latency=0.9518 ms avg throuhgput (requests/sec) = 705.2492 res=false
*==== INFO ====*  stream_id=313996 latency=1.559007 ms (tx_ts=88425776818376, rx_ts=88425778377383) request_id=2244390 zil_blk_id=313996 ccf_commit_seqno=2244410 nstreams_done_=78500 config.nstreams=400000 avg_latency=0.9514 ms avg throuhgput (requests/sec) = 705.3004 res=false
*==== INFO ====*  stream_id=315996 latency=0.750283 ms (tx_ts=88426476029749, rx_ts=88426476780032) request_id=2258795 zil_blk_id=315996 ccf_commit_seqno=2258796 nstreams_done_=79000 config.nstreams=400000 avg_latency=0.9511 ms avg throuhgput (requests/sec) = 705.3666 res=false
*==== INFO ====*  stream_id=317996 latency=0.753108 ms (tx_ts=88427111339363, rx_ts=88427112092471) request_id=2272543 zil_blk_id=317996 ccf_commit_seqno=2272543 nstreams_done_=79500 config.nstreams=400000 avg_latency=0.9505 ms avg throuhgput (requests/sec) = 705.8272 res=false
*==== INFO ====*  stream_id=319996 latency=0.677633 ms (tx_ts=88427857639941, rx_ts=88427858317574) request_id=2287276 zil_blk_id=319996 ccf_commit_seqno=2287276 nstreams_done_=80000 config.nstreams=400000 avg_latency=0.9507 ms avg throuhgput (requests/sec) = 705.5916 res=false
*==== INFO ====*  stream_id=321996 latency=1.078741 ms (tx_ts=88428550779416, rx_ts=88428551858157) request_id=2301939 zil_blk_id=321996 ccf_commit_seqno=2301944 nstreams_done_=80500 config.nstreams=400000 avg_latency=0.9504 ms avg throuhgput (requests/sec) = 705.6849 res=false
*==== INFO ====*  stream_id=323996 latency=0.970331 ms (tx_ts=88429311750049, rx_ts=88429312720380) request_id=2316134 zil_blk_id=323996 ccf_commit_seqno=2316135 nstreams_done_=81000 config.nstreams=400000 avg_latency=0.9511 ms avg throuhgput (requests/sec) = 705.3633 res=false
*==== INFO ====*  stream_id=325996 latency=1.213600 ms (tx_ts=88430029903615, rx_ts=88430031117215) request_id=2330995 zil_blk_id=325996 ccf_commit_seqno=2330999 nstreams_done_=81500 config.nstreams=400000 avg_latency=0.9510 ms avg throuhgput (requests/sec) = 705.3051 res=false
*==== INFO ====*  stream_id=327996 latency=1.493083 ms (tx_ts=88430760179160, rx_ts=88430761672243) request_id=2345583 zil_blk_id=327996 ccf_commit_seqno=2345600 nstreams_done_=82000 config.nstreams=400000 avg_latency=0.9512 ms avg throuhgput (requests/sec) = 705.1738 res=false
*==== INFO ====*  stream_id=329996 latency=1.427087 ms (tx_ts=88431458607481, rx_ts=88431460034568) request_id=2359921 zil_blk_id=329996 ccf_commit_seqno=2359937 nstreams_done_=82500 config.nstreams=400000 avg_latency=0.9510 ms avg throuhgput (requests/sec) = 705.2382 res=false
*==== INFO ====*  stream_id=331996 latency=0.967202 ms (tx_ts=88432168214473, rx_ts=88432169181675) request_id=2374312 zil_blk_id=331996 ccf_commit_seqno=2374315 nstreams_done_=83000 config.nstreams=400000 avg_latency=0.9508 ms avg throuhgput (requests/sec) = 705.2372 res=false
*==== INFO ====*  stream_id=333996 latency=0.919615 ms (tx_ts=88432811637714, rx_ts=88432812557329) request_id=2388177 zil_blk_id=333996 ccf_commit_seqno=2388180 nstreams_done_=83500 config.nstreams=400000 avg_latency=0.9503 ms avg throuhgput (requests/sec) = 705.6282 res=false
*==== INFO ====*  stream_id=335996 latency=0.892469 ms (tx_ts=88433479995290, rx_ts=88433480887759) request_id=2402441 zil_blk_id=335996 ccf_commit_seqno=2402445 nstreams_done_=84000 config.nstreams=400000 avg_latency=0.9497 ms avg throuhgput (requests/sec) = 705.8669 res=false
*==== INFO ====*  stream_id=337996 latency=1.801279 ms (tx_ts=88434164186297, rx_ts=88434165987576) request_id=2416619 zil_blk_id=337996 ccf_commit_seqno=2416626 nstreams_done_=84500 config.nstreams=400000 avg_latency=0.9496 ms avg throuhgput (requests/sec) = 706.0040 res=false
*==== INFO ====*  stream_id=339996 latency=0.800748 ms (tx_ts=88434825605978, rx_ts=88434826406726) request_id=2430542 zil_blk_id=339996 ccf_commit_seqno=2430543 nstreams_done_=85000 config.nstreams=400000 avg_latency=0.9492 ms avg throuhgput (requests/sec) = 706.2844 res=false
*==== INFO ====*  stream_id=341996 latency=0.694750 ms (tx_ts=88435537723898, rx_ts=88435538418648) request_id=2444917 zil_blk_id=341996 ccf_commit_seqno=2444917 nstreams_done_=85500 config.nstreams=400000 avg_latency=0.9492 ms avg throuhgput (requests/sec) = 706.2606 res=false
*==== INFO ====*  stream_id=343996 latency=0.659900 ms (tx_ts=88436247651015, rx_ts=88436248310915) request_id=2459275 zil_blk_id=343996 ccf_commit_seqno=2459276 nstreams_done_=86000 config.nstreams=400000 avg_latency=0.9491 ms avg throuhgput (requests/sec) = 706.2493 res=false
*==== INFO ====*  stream_id=345996 latency=1.633975 ms (tx_ts=88436943590015, rx_ts=88436945223990) request_id=2473247 zil_blk_id=345996 ccf_commit_seqno=2473250 nstreams_done_=86500 config.nstreams=400000 avg_latency=0.9492 ms avg throuhgput (requests/sec) = 706.3131 res=false
*==== INFO ====*  stream_id=347996 latency=0.653171 ms (tx_ts=88437670102994, rx_ts=88437670756165) request_id=2487476 zil_blk_id=347996 ccf_commit_seqno=2487476 nstreams_done_=87000 config.nstreams=400000 avg_latency=0.9494 ms avg throuhgput (requests/sec) = 706.2120 res=false
*==== INFO ====*  stream_id=349996 latency=0.761704 ms (tx_ts=88438340476439, rx_ts=88438341238143) request_id=2502269 zil_blk_id=349996 ccf_commit_seqno=2502274 nstreams_done_=87500 config.nstreams=400000 avg_latency=0.9488 ms avg throuhgput (requests/sec) = 706.4259 res=false
*==== INFO ====*  stream_id=351996 latency=0.911017 ms (tx_ts=88439022438135, rx_ts=88439023349152) request_id=2516775 zil_blk_id=351996 ccf_commit_seqno=2516776 nstreams_done_=88000 config.nstreams=400000 avg_latency=0.9483 ms avg throuhgput (requests/sec) = 706.5716 res=false
*==== INFO ====*  stream_id=353996 latency=1.484166 ms (tx_ts=88439738019239, rx_ts=88439739503405) request_id=2531368 zil_blk_id=353996 ccf_commit_seqno=2531388 nstreams_done_=88500 config.nstreams=400000 avg_latency=0.9484 ms avg throuhgput (requests/sec) = 706.5235 res=false
*==== INFO ====*  stream_id=355996 latency=1.468933 ms (tx_ts=88440430900711, rx_ts=88440432369644) request_id=2545613 zil_blk_id=355996 ccf_commit_seqno=2545617 nstreams_done_=89000 config.nstreams=400000 avg_latency=0.9483 ms avg throuhgput (requests/sec) = 706.6067 res=false
*==== INFO ====*  stream_id=357996 latency=0.713735 ms (tx_ts=88441129821946, rx_ts=88441130535681) request_id=2559674 zil_blk_id=357996 ccf_commit_seqno=2559675 nstreams_done_=89500 config.nstreams=400000 avg_latency=0.9483 ms avg throuhgput (requests/sec) = 706.6594 res=false
*==== INFO ====*  stream_id=359996 latency=1.450361 ms (tx_ts=88441837081266, rx_ts=88441838531627) request_id=2574107 zil_blk_id=359996 ccf_commit_seqno=2574122 nstreams_done_=90000 config.nstreams=400000 avg_latency=0.9483 ms avg throuhgput (requests/sec) = 706.6569 res=false
*==== INFO ====*  stream_id=361996 latency=0.699899 ms (tx_ts=88442465781789, rx_ts=88442466481688) request_id=2587721 zil_blk_id=361996 ccf_commit_seqno=2587723 nstreams_done_=90500 config.nstreams=400000 avg_latency=0.9476 ms avg throuhgput (requests/sec) = 707.0965 res=false
*==== INFO ====*  stream_id=363996 latency=0.913582 ms (tx_ts=88443136234256, rx_ts=88443137147838) request_id=2601477 zil_blk_id=363996 ccf_commit_seqno=2601483 nstreams_done_=91000 config.nstreams=400000 avg_latency=0.9474 ms avg throuhgput (requests/sec) = 707.2968 res=false
*==== INFO ====*  stream_id=365996 latency=0.691364 ms (tx_ts=88443811925369, rx_ts=88443812616733) request_id=2616024 zil_blk_id=365996 ccf_commit_seqno=2616024 nstreams_done_=91500 config.nstreams=400000 avg_latency=0.9469 ms avg throuhgput (requests/sec) = 707.4688 res=false
*==== INFO ====*  stream_id=367996 latency=0.870416 ms (tx_ts=88444544372746, rx_ts=88444545243162) request_id=2631350 zil_blk_id=367996 ccf_commit_seqno=2631353 nstreams_done_=92000 config.nstreams=400000 avg_latency=0.9468 ms avg throuhgput (requests/sec) = 707.3280 res=false
*==== INFO ====*  stream_id=369996 latency=0.784387 ms (tx_ts=88445248253188, rx_ts=88445249037575) request_id=2645562 zil_blk_id=369996 ccf_commit_seqno=2645565 nstreams_done_=92500 config.nstreams=400000 avg_latency=0.9469 ms avg throuhgput (requests/sec) = 707.3447 res=false
*==== INFO ====*  stream_id=371996 latency=0.741166 ms (tx_ts=88445920334953, rx_ts=88445921076119) request_id=2659537 zil_blk_id=371996 ccf_commit_seqno=2659540 nstreams_done_=93000 config.nstreams=400000 avg_latency=0.9468 ms avg throuhgput (requests/sec) = 707.5321 res=false
*==== INFO ====*  stream_id=373996 latency=0.759301 ms (tx_ts=88446595297239, rx_ts=88446596056540) request_id=2673813 zil_blk_id=373996 ccf_commit_seqno=2673818 nstreams_done_=93500 config.nstreams=400000 avg_latency=0.9463 ms avg throuhgput (requests/sec) = 707.7019 res=false
*==== INFO ====*  stream_id=375996 latency=0.754005 ms (tx_ts=88447333681521, rx_ts=88447334435526) request_id=2688643 zil_blk_id=375996 ccf_commit_seqno=2688643 nstreams_done_=94000 config.nstreams=400000 avg_latency=0.9466 ms avg throuhgput (requests/sec) = 707.5322 res=false
*==== INFO ====*  stream_id=377996 latency=0.654113 ms (tx_ts=88448046793636, rx_ts=88448047447749) request_id=2702829 zil_blk_id=377996 ccf_commit_seqno=2702829 nstreams_done_=94500 config.nstreams=400000 avg_latency=0.9468 ms avg throuhgput (requests/sec) = 707.4986 res=false
*==== INFO ====*  stream_id=379996 latency=0.852835 ms (tx_ts=88448785715866, rx_ts=88448786568701) request_id=2716912 zil_blk_id=379996 ccf_commit_seqno=2716913 nstreams_done_=95000 config.nstreams=400000 avg_latency=0.9474 ms avg throuhgput (requests/sec) = 707.3279 res=false
*==== INFO ====*  stream_id=381996 latency=1.410917 ms (tx_ts=88449495715660, rx_ts=88449497126577) request_id=2731143 zil_blk_id=381996 ccf_commit_seqno=2731160 nstreams_done_=95500 config.nstreams=400000 avg_latency=0.9473 ms avg throuhgput (requests/sec) = 707.3087 res=false
*==== INFO ====*  stream_id=383996 latency=0.787182 ms (tx_ts=88450183956105, rx_ts=88450184743287) request_id=2745239 zil_blk_id=383996 ccf_commit_seqno=2745239 nstreams_done_=96000 config.nstreams=400000 avg_latency=0.9472 ms avg throuhgput (requests/sec) = 707.4092 res=false
*==== INFO ====*  stream_id=385996 latency=0.898243 ms (tx_ts=88450912764236, rx_ts=88450913662479) request_id=2759944 zil_blk_id=385996 ccf_commit_seqno=2759947 nstreams_done_=96500 config.nstreams=400000 avg_latency=0.9472 ms avg throuhgput (requests/sec) = 707.2946 res=false
*==== INFO ====*  stream_id=387996 latency=0.843919 ms (tx_ts=88451642373238, rx_ts=88451643217157) request_id=2774356 zil_blk_id=387996 ccf_commit_seqno=2774364 nstreams_done_=97000 config.nstreams=400000 avg_latency=0.9474 ms avg throuhgput (requests/sec) = 707.1778 res=false
*==== INFO ====*  stream_id=389996 latency=0.983560 ms (tx_ts=88452304916495, rx_ts=88452305900055) request_id=2788658 zil_blk_id=389996 ccf_commit_seqno=2788663 nstreams_done_=97500 config.nstreams=400000 avg_latency=0.9470 ms avg throuhgput (requests/sec) = 707.4054 res=false
*==== INFO ====*  stream_id=391996 latency=1.846638 ms (tx_ts=88453075825478, rx_ts=88453077672116) request_id=2802782 zil_blk_id=391996 ccf_commit_seqno=2802798 nstreams_done_=98000 config.nstreams=400000 avg_latency=0.9477 ms avg throuhgput (requests/sec) = 707.0738 res=false
*==== INFO ====*  stream_id=393996 latency=0.712720 ms (tx_ts=88453791953995, rx_ts=88453792666715) request_id=2817390 zil_blk_id=393996 ccf_commit_seqno=2817391 nstreams_done_=98500 config.nstreams=400000 avg_latency=0.9477 ms avg throuhgput (requests/sec) = 707.0340 res=false
*==== INFO ====*  stream_id=395996 latency=0.959955 ms (tx_ts=88454543360320, rx_ts=88454544320275) request_id=2831904 zil_blk_id=395996 ccf_commit_seqno=2831914 nstreams_done_=99000 config.nstreams=400000 avg_latency=0.9480 ms avg throuhgput (requests/sec) = 706.8095 res=false
*==== INFO ====*  stream_id=397996 latency=0.992546 ms (tx_ts=88455246998784, rx_ts=88455247991330) request_id=2846080 zil_blk_id=397996 ccf_commit_seqno=2846083 nstreams_done_=99500 config.nstreams=400000 avg_latency=0.9480 ms avg throuhgput (requests/sec) = 706.8282 res=false
*==== INFO ====*  stream_id=399996 latency=0.631602 ms (tx_ts=88455894216022, rx_ts=88455894847624) request_id=2859766 zil_blk_id=399996 ccf_commit_seqno=2859766 nstreams_done_=100000 config.nstreams=400000 avg_latency=0.9475 ms avg throuhgput (requests/sec) = 707.1307 res=false
*==== INFO ====*  stream_id=401996 latency=0.869122 ms (tx_ts=88456635872379, rx_ts=88456636741501) request_id=2874419 zil_blk_id=401996 ccf_commit_seqno=2874419 nstreams_done_=100500 config.nstreams=400000 avg_latency=0.9477 ms avg throuhgput (requests/sec) = 706.9576 res=false
*==== INFO ====*  stream_id=403996 latency=0.730216 ms (tx_ts=88457355880050, rx_ts=88457356610266) request_id=2888581 zil_blk_id=403996 ccf_commit_seqno=2888585 nstreams_done_=101000 config.nstreams=400000 avg_latency=0.9476 ms avg throuhgput (requests/sec) = 706.8952 res=false
*==== INFO ====*  stream_id=405996 latency=0.944728 ms (tx_ts=88458067830349, rx_ts=88458068775077) request_id=2902283 zil_blk_id=405996 ccf_commit_seqno=2902284 nstreams_done_=101500 config.nstreams=400000 avg_latency=0.9478 ms avg throuhgput (requests/sec) = 706.8713 res=false
*==== INFO ====*  stream_id=407996 latency=0.597146 ms (tx_ts=88458805909458, rx_ts=88458806506604) request_id=2916531 zil_blk_id=407996 ccf_commit_seqno=2916531 nstreams_done_=102000 config.nstreams=400000 avg_latency=0.9481 ms avg throuhgput (requests/sec) = 706.7225 res=false
*==== INFO ====*  stream_id=409996 latency=1.232455 ms (tx_ts=88459459421354, rx_ts=88459460653809) request_id=2930886 zil_blk_id=409996 ccf_commit_seqno=2930893 nstreams_done_=102500 config.nstreams=400000 avg_latency=0.9476 ms avg throuhgput (requests/sec) = 706.9825 res=false
*==== INFO ====*  stream_id=411996 latency=0.775581 ms (tx_ts=88460147848534, rx_ts=88460148624115) request_id=2945013 zil_blk_id=411996 ccf_commit_seqno=2945014 nstreams_done_=103000 config.nstreams=400000 avg_latency=0.9474 ms avg throuhgput (requests/sec) = 707.0760 res=false
*==== INFO ====*  stream_id=413996 latency=0.920565 ms (tx_ts=88460850607053, rx_ts=88460851527618) request_id=2959425 zil_blk_id=413996 ccf_commit_seqno=2959433 nstreams_done_=103500 config.nstreams=400000 avg_latency=0.9472 ms avg throuhgput (requests/sec) = 707.0964 res=false
*==== INFO ====*  stream_id=415996 latency=1.584889 ms (tx_ts=88461626746577, rx_ts=88461628331466) request_id=2973873 zil_blk_id=415996 ccf_commit_seqno=2973895 nstreams_done_=104000 config.nstreams=400000 avg_latency=0.9478 ms avg throuhgput (requests/sec) = 706.7616 res=false
*==== INFO ====*  stream_id=417996 latency=0.710220 ms (tx_ts=88462344738113, rx_ts=88462345448333) request_id=2988190 zil_blk_id=417996 ccf_commit_seqno=2988192 nstreams_done_=104500 config.nstreams=400000 avg_latency=0.9478 ms avg throuhgput (requests/sec) = 706.7154 res=false
*==== INFO ====*  stream_id=419996 latency=0.777855 ms (tx_ts=88463037274522, rx_ts=88463038052377) request_id=3002842 zil_blk_id=419996 ccf_commit_seqno=3002844 nstreams_done_=105000 config.nstreams=400000 avg_latency=0.9476 ms avg throuhgput (requests/sec) = 706.7862 res=false
*==== INFO ====*  stream_id=421996 latency=0.701863 ms (tx_ts=88463764482951, rx_ts=88463765184814) request_id=3017254 zil_blk_id=421996 ccf_commit_seqno=3017257 nstreams_done_=105500 config.nstreams=400000 avg_latency=0.9478 ms avg throuhgput (requests/sec) = 706.6930 res=false
*==== INFO ====*  stream_id=423996 latency=0.713214 ms (tx_ts=88464490580122, rx_ts=88464491293336) request_id=3031749 zil_blk_id=423996 ccf_commit_seqno=3031750 nstreams_done_=106000 config.nstreams=400000 avg_latency=0.9479 ms avg throuhgput (requests/sec) = 706.6054 res=false
*==== INFO ====*  stream_id=425996 latency=1.155452 ms (tx_ts=88465142667550, rx_ts=88465143823002) request_id=3045619 zil_blk_id=425996 ccf_commit_seqno=3045620 nstreams_done_=106500 config.nstreams=400000 avg_latency=0.9475 ms avg throuhgput (requests/sec) = 706.8637 res=false
*==== INFO ====*  stream_id=427996 latency=1.104385 ms (tx_ts=88465869990961, rx_ts=88465871095346) request_id=3060455 zil_blk_id=427996 ccf_commit_seqno=3060457 nstreams_done_=107000 config.nstreams=400000 avg_latency=0.9474 ms avg throuhgput (requests/sec) = 706.7707 res=false
*==== INFO ====*  stream_id=429996 latency=0.934882 ms (tx_ts=88466572052968, rx_ts=88466572987850) request_id=3074640 zil_blk_id=429996 ccf_commit_seqno=3074645 nstreams_done_=107500 config.nstreams=400000 avg_latency=0.9473 ms avg throuhgput (requests/sec) = 706.7965 res=false
*==== INFO ====*  stream_id=431996 latency=0.726374 ms (tx_ts=88467302568242, rx_ts=88467303294616) request_id=3089220 zil_blk_id=431996 ccf_commit_seqno=3089225 nstreams_done_=108000 config.nstreams=400000 avg_latency=0.9474 ms avg throuhgput (requests/sec) = 706.6906 res=false
*==== INFO ====*  stream_id=433996 latency=0.768788 ms (tx_ts=88467964749614, rx_ts=88467965518402) request_id=3103043 zil_blk_id=433996 ccf_commit_seqno=3103047 nstreams_done_=108500 config.nstreams=400000 avg_latency=0.9471 ms avg throuhgput (requests/sec) = 706.8992 res=false
*==== INFO ====*  stream_id=435996 latency=0.703887 ms (tx_ts=88468631164283, rx_ts=88468631868170) request_id=3117089 zil_blk_id=435996 ccf_commit_seqno=3117090 nstreams_done_=109000 config.nstreams=400000 avg_latency=0.9468 ms avg throuhgput (requests/sec) = 707.0870 res=false
*==== INFO ====*  stream_id=437996 latency=1.051968 ms (tx_ts=88469373148602, rx_ts=88469374200570) request_id=3131589 zil_blk_id=437996 ccf_commit_seqno=3131589 nstreams_done_=109500 config.nstreams=400000 avg_latency=0.9470 ms avg throuhgput (requests/sec) = 706.9263 res=false
*==== INFO ====*  stream_id=439996 latency=0.806098 ms (tx_ts=88470154613825, rx_ts=88470155419923) request_id=3146204 zil_blk_id=439996 ccf_commit_seqno=3146204 nstreams_done_=110000 config.nstreams=400000 avg_latency=0.9476 ms avg throuhgput (requests/sec) = 706.5906 res=false
*==== INFO ====*  stream_id=441996 latency=1.123511 ms (tx_ts=88470847606172, rx_ts=88470848729683) request_id=3160763 zil_blk_id=441996 ccf_commit_seqno=3160764 nstreams_done_=110500 config.nstreams=400000 avg_latency=0.9474 ms avg throuhgput (requests/sec) = 706.6553 res=false
*==== INFO ====*  stream_id=443996 latency=0.781394 ms (tx_ts=88471538290384, rx_ts=88471539071778) request_id=3174729 zil_blk_id=443996 ccf_commit_seqno=3174730 nstreams_done_=111000 config.nstreams=400000 avg_latency=0.9473 ms avg throuhgput (requests/sec) = 706.7327 res=false
*==== INFO ====*  stream_id=445996 latency=1.022232 ms (tx_ts=88472234364720, rx_ts=88472235386952) request_id=3188858 zil_blk_id=445996 ccf_commit_seqno=3188862 nstreams_done_=111500 config.nstreams=400000 avg_latency=0.9472 ms avg throuhgput (requests/sec) = 706.7828 res=false
*==== INFO ====*  stream_id=447996 latency=0.842155 ms (tx_ts=88472985630864, rx_ts=88472986473019) request_id=3203067 zil_blk_id=447996 ccf_commit_seqno=3203071 nstreams_done_=112000 config.nstreams=400000 avg_latency=0.9477 ms avg throuhgput (requests/sec) = 706.5881 res=false
*==== INFO ====*  stream_id=449996 latency=0.706181 ms (tx_ts=88473689191962, rx_ts=88473689898143) request_id=3217719 zil_blk_id=449996 ccf_commit_seqno=3217720 nstreams_done_=112500 config.nstreams=400000 avg_latency=0.9475 ms avg throuhgput (requests/sec) = 706.6067 res=false
*==== INFO ====*  stream_id=451996 latency=0.749441 ms (tx_ts=88474402289040, rx_ts=88474403038481) request_id=3231785 zil_blk_id=451996 ccf_commit_seqno=3231786 nstreams_done_=113000 config.nstreams=400000 avg_latency=0.9477 ms avg throuhgput (requests/sec) = 706.5823 res=false
*==== INFO ====*  stream_id=453996 latency=0.766815 ms (tx_ts=88475098319792, rx_ts=88475099086607) request_id=3246009 zil_blk_id=453996 ccf_commit_seqno=3246010 nstreams_done_=113500 config.nstreams=400000 avg_latency=0.9477 ms avg throuhgput (requests/sec) = 706.6333 res=false
*==== INFO ====*  stream_id=455996 latency=0.935029 ms (tx_ts=88475750029514, rx_ts=88475750964543) request_id=3260069 zil_blk_id=455996 ccf_commit_seqno=3260077 nstreams_done_=114000 config.nstreams=400000 avg_latency=0.9472 ms avg throuhgput (requests/sec) = 706.8773 res=false
*==== INFO ====*  stream_id=457996 latency=0.624288 ms (tx_ts=88476438556624, rx_ts=88476439180912) request_id=3274063 zil_blk_id=457996 ccf_commit_seqno=3274063 nstreams_done_=114500 config.nstreams=400000 avg_latency=0.9471 ms avg throuhgput (requests/sec) = 706.9608 res=false
*==== INFO ====*  stream_id=459996 latency=0.867973 ms (tx_ts=88477167470204, rx_ts=88477168338177) request_id=3288797 zil_blk_id=459996 ccf_commit_seqno=3288800 nstreams_done_=115000 config.nstreams=400000 avg_latency=0.9472 ms avg throuhgput (requests/sec) = 706.8656 res=false
*==== INFO ====*  stream_id=461996 latency=0.807358 ms (tx_ts=88477877460329, rx_ts=88477878267687) request_id=3303127 zil_blk_id=461996 ccf_commit_seqno=3303127 nstreams_done_=115500 config.nstreams=400000 avg_latency=0.9472 ms avg throuhgput (requests/sec) = 706.8544 res=false
*==== INFO ====*  stream_id=463996 latency=0.870999 ms (tx_ts=88478617492168, rx_ts=88478618363167) request_id=3317597 zil_blk_id=463996 ccf_commit_seqno=3317597 nstreams_done_=116000 config.nstreams=400000 avg_latency=0.9475 ms avg throuhgput (requests/sec) = 706.7134 res=false
*==== INFO ====*  stream_id=465996 latency=0.730449 ms (tx_ts=88479312952408, rx_ts=88479313682857) request_id=3331892 zil_blk_id=465996 ccf_commit_seqno=3331895 nstreams_done_=116500 config.nstreams=400000 avg_latency=0.9474 ms avg throuhgput (requests/sec) = 706.7657 res=false
*==== INFO ====*  stream_id=467996 latency=0.665274 ms (tx_ts=88480015637275, rx_ts=88480016302549) request_id=3346222 zil_blk_id=467996 ccf_commit_seqno=3346223 nstreams_done_=117000 config.nstreams=400000 avg_latency=0.9473 ms avg throuhgput (requests/sec) = 706.7863 res=false
*==== INFO ====*  stream_id=469996 latency=0.700601 ms (tx_ts=88480706513214, rx_ts=88480707213815) request_id=3360892 zil_blk_id=469996 ccf_commit_seqno=3360893 nstreams_done_=117500 config.nstreams=400000 avg_latency=0.9471 ms avg throuhgput (requests/sec) = 706.8565 res=false
*==== INFO ====*  stream_id=471996 latency=1.154431 ms (tx_ts=88481417948397, rx_ts=88481419102828) request_id=3375526 zil_blk_id=471996 ccf_commit_seqno=3375531 nstreams_done_=118000 config.nstreams=400000 avg_latency=0.9470 ms avg throuhgput (requests/sec) = 706.8373 res=false
*==== INFO ====*  stream_id=473996 latency=1.439502 ms (tx_ts=88482132807911, rx_ts=88482134247413) request_id=3389725 zil_blk_id=473996 ccf_commit_seqno=3389726 nstreams_done_=118500 config.nstreams=400000 avg_latency=0.9472 ms avg throuhgput (requests/sec) = 706.8046 res=false
*==== INFO ====*  stream_id=475996 latency=0.797674 ms (tx_ts=88482788122364, rx_ts=88482788920038) request_id=3403997 zil_blk_id=475996 ccf_commit_seqno=3404001 nstreams_done_=119000 config.nstreams=400000 avg_latency=0.9468 ms avg throuhgput (requests/sec) = 707.0260 res=false
*==== INFO ====*  stream_id=477996 latency=1.893441 ms (tx_ts=88483507483993, rx_ts=88483509377434) request_id=3418714 zil_blk_id=477996 ccf_commit_seqno=3418733 nstreams_done_=119500 config.nstreams=400000 avg_latency=0.9469 ms avg throuhgput (requests/sec) = 706.9705 res=false
*==== INFO ====*  stream_id=479996 latency=1.047429 ms (tx_ts=88484245725024, rx_ts=88484246772453) request_id=3433225 zil_blk_id=479996 ccf_commit_seqno=3433230 nstreams_done_=120000 config.nstreams=400000 avg_latency=0.9470 ms avg throuhgput (requests/sec) = 706.8450 res=false
*==== INFO ====*  stream_id=481996 latency=0.734724 ms (tx_ts=88484964906496, rx_ts=88484965641220) request_id=3447383 zil_blk_id=481996 ccf_commit_seqno=3447384 nstreams_done_=120500 config.nstreams=400000 avg_latency=0.9472 ms avg throuhgput (requests/sec) = 706.7973 res=false
*==== INFO ====*  stream_id=483996 latency=0.729585 ms (tx_ts=88485625977575, rx_ts=88485626707160) request_id=3461404 zil_blk_id=483996 ccf_commit_seqno=3461404 nstreams_done_=121000 config.nstreams=400000 avg_latency=0.9469 ms avg throuhgput (requests/sec) = 706.9887 res=false
*==== INFO ====*  stream_id=485996 latency=0.756763 ms (tx_ts=88486324745189, rx_ts=88486325501952) request_id=3475694 zil_blk_id=485996 ccf_commit_seqno=3475695 nstreams_done_=121500 config.nstreams=400000 avg_latency=0.9469 ms avg throuhgput (requests/sec) = 707.0234 res=false
*==== INFO ====*  stream_id=487996 latency=1.482673 ms (tx_ts=88487020621049, rx_ts=88487022103722) request_id=3490103 zil_blk_id=487996 ccf_commit_seqno=3490120 nstreams_done_=122000 config.nstreams=400000 avg_latency=0.9469 ms avg throuhgput (requests/sec) = 707.0668 res=false
*==== INFO ====*  stream_id=489996 latency=1.088625 ms (tx_ts=88487714983239, rx_ts=88487716071864) request_id=3504718 zil_blk_id=489996 ccf_commit_seqno=3504725 nstreams_done_=122500 config.nstreams=400000 avg_latency=0.9468 ms avg throuhgput (requests/sec) = 707.1206 res=false
*==== INFO ====*  stream_id=491996 latency=0.751476 ms (tx_ts=88488409935867, rx_ts=88488410687343) request_id=3518928 zil_blk_id=491996 ccf_commit_seqno=3518929 nstreams_done_=123000 config.nstreams=400000 avg_latency=0.9467 ms avg throuhgput (requests/sec) = 707.1713 res=false
*==== INFO ====*  stream_id=493996 latency=0.928624 ms (tx_ts=88489180127450, rx_ts=88489181056074) request_id=3533129 zil_blk_id=493996 ccf_commit_seqno=3533131 nstreams_done_=123500 config.nstreams=400000 avg_latency=0.9474 ms avg throuhgput (requests/sec) = 706.9149 res=false
*==== INFO ====*  stream_id=495996 latency=0.813718 ms (tx_ts=88489854586023, rx_ts=88489855399741) request_id=3547080 zil_blk_id=495996 ccf_commit_seqno=3547080 nstreams_done_=124000 config.nstreams=400000 avg_latency=0.9472 ms avg throuhgput (requests/sec) = 707.0478 res=false
*==== INFO ====*  stream_id=497996 latency=0.679261 ms (tx_ts=88490568848640, rx_ts=88490569527901) request_id=3561966 zil_blk_id=497996 ccf_commit_seqno=3561967 nstreams_done_=124500 config.nstreams=400000 avg_latency=0.9471 ms avg throuhgput (requests/sec) = 707.0198 res=false
*==== INFO ====*  stream_id=499996 latency=0.749438 ms (tx_ts=88491268722989, rx_ts=88491269472427) request_id=3576013 zil_blk_id=499996 ccf_commit_seqno=3576013 nstreams_done_=125000 config.nstreams=400000 avg_latency=0.9472 ms avg throuhgput (requests/sec) = 707.0488 res=false
*==== INFO ====*  stream_id=501996 latency=1.736568 ms (tx_ts=88491986298869, rx_ts=88491988035437) request_id=3590466 zil_blk_id=501996 ccf_commit_seqno=3590468 nstreams_done_=125500 config.nstreams=400000 avg_latency=0.9473 ms avg throuhgput (requests/sec) = 707.0034 res=false
*==== INFO ====*  stream_id=503996 latency=1.504284 ms (tx_ts=88492757811599, rx_ts=88492759315883) request_id=3605120 zil_blk_id=503996 ccf_commit_seqno=3605138 nstreams_done_=126000 config.nstreams=400000 avg_latency=0.9477 ms avg throuhgput (requests/sec) = 706.7493 res=false
*==== INFO ====*  stream_id=505996 latency=0.653663 ms (tx_ts=88493472973591, rx_ts=88493473627254) request_id=3619336 zil_blk_id=505996 ccf_commit_seqno=3619336 nstreams_done_=126500 config.nstreams=400000 avg_latency=0.9477 ms avg throuhgput (requests/sec) = 706.7223 res=false
*==== INFO ====*  stream_id=507996 latency=0.709858 ms (tx_ts=88494131451509, rx_ts=88494132161367) request_id=3633146 zil_blk_id=507996 ccf_commit_seqno=3633146 nstreams_done_=127000 config.nstreams=400000 avg_latency=0.9474 ms avg throuhgput (requests/sec) = 706.9149 res=false
*==== INFO ====*  stream_id=509996 latency=0.783867 ms (tx_ts=88494807534219, rx_ts=88494808318086) request_id=3647293 zil_blk_id=509996 ccf_commit_seqno=3647296 nstreams_done_=127500 config.nstreams=400000 avg_latency=0.9472 ms avg throuhgput (requests/sec) = 707.0370 res=false
*==== INFO ====*  stream_id=511996 latency=1.387025 ms (tx_ts=88495547726950, rx_ts=88495549113975) request_id=3661646 zil_blk_id=511996 ccf_commit_seqno=3661658 nstreams_done_=128000 config.nstreams=400000 avg_latency=0.9475 ms avg throuhgput (requests/sec) = 706.9057 res=false
*==== INFO ====*  stream_id=513996 latency=1.000602 ms (tx_ts=88496232517682, rx_ts=88496233518284) request_id=3675814 zil_blk_id=513996 ccf_commit_seqno=3675821 nstreams_done_=128500 config.nstreams=400000 avg_latency=0.9473 ms avg throuhgput (requests/sec) = 706.9948 res=false
*==== INFO ====*  stream_id=515996 latency=0.813843 ms (tx_ts=88496904569698, rx_ts=88496905383541) request_id=3689813 zil_blk_id=515996 ccf_commit_seqno=3689817 nstreams_done_=129000 config.nstreams=400000 avg_latency=0.9472 ms avg throuhgput (requests/sec) = 707.1318 res=false
*==== INFO ====*  stream_id=517996 latency=0.696511 ms (tx_ts=88497583026225, rx_ts=88497583722736) request_id=3702985 zil_blk_id=517996 ccf_commit_seqno=3702986 nstreams_done_=129500 config.nstreams=400000 avg_latency=0.9471 ms avg throuhgput (requests/sec) = 707.2428 res=false
*==== INFO ====*  stream_id=519996 latency=0.682736 ms (tx_ts=88498302646434, rx_ts=88498303329170) request_id=3716108 zil_blk_id=519996 ccf_commit_seqno=3716111 nstreams_done_=130000 config.nstreams=400000 avg_latency=0.9471 ms avg throuhgput (requests/sec) = 707.1942 res=false
*==== INFO ====*  stream_id=521996 latency=1.186077 ms (tx_ts=88499004087399, rx_ts=88499005273476) request_id=3729102 zil_blk_id=521996 ccf_commit_seqno=3729107 nstreams_done_=130500 config.nstreams=400000 avg_latency=0.9470 ms avg throuhgput (requests/sec) = 707.2136 res=false
*==== INFO ====*  stream_id=523996 latency=0.766854 ms (tx_ts=88499649013662, rx_ts=88499649780516) request_id=3741852 zil_blk_id=523996 ccf_commit_seqno=3741853 nstreams_done_=131000 config.nstreams=400000 avg_latency=0.9466 ms avg throuhgput (requests/sec) = 707.4523 res=false
*==== INFO ====*  stream_id=525996 latency=1.313846 ms (tx_ts=88500331923265, rx_ts=88500333237111) request_id=3754818 zil_blk_id=525996 ccf_commit_seqno=3754829 nstreams_done_=131500 config.nstreams=400000 avg_latency=0.9463 ms avg throuhgput (requests/sec) = 707.5410 res=false
*==== INFO ====*  stream_id=527996 latency=0.758659 ms (tx_ts=88501031705649, rx_ts=88501032464308) request_id=3767724 zil_blk_id=527996 ccf_commit_seqno=3767727 nstreams_done_=132000 config.nstreams=400000 avg_latency=0.9462 ms avg throuhgput (requests/sec) = 707.5692 res=false
*==== INFO ====*  stream_id=529996 latency=1.093756 ms (tx_ts=88501675669876, rx_ts=88501676763632) request_id=3780494 zil_blk_id=529996 ccf_commit_seqno=3780499 nstreams_done_=132500 config.nstreams=400000 avg_latency=0.9458 ms avg throuhgput (requests/sec) = 707.8049 res=false
*==== INFO ====*  stream_id=531996 latency=0.938556 ms (tx_ts=88502390488071, rx_ts=88502391426627) request_id=3793359 zil_blk_id=531996 ccf_commit_seqno=3793363 nstreams_done_=133000 config.nstreams=400000 avg_latency=0.9459 ms avg throuhgput (requests/sec) = 707.7738 res=false
*==== INFO ====*  stream_id=533996 latency=0.908277 ms (tx_ts=88503087814068, rx_ts=88503088722345) request_id=3806245 zil_blk_id=533996 ccf_commit_seqno=3806248 nstreams_done_=133500 config.nstreams=400000 avg_latency=0.9458 ms avg throuhgput (requests/sec) = 707.8081 res=false
*==== INFO ====*  stream_id=535996 latency=0.808025 ms (tx_ts=88503836075940, rx_ts=88503836883965) request_id=3819494 zil_blk_id=535996 ccf_commit_seqno=3819498 nstreams_done_=134000 config.nstreams=400000 avg_latency=0.9459 ms avg throuhgput (requests/sec) = 707.6520 res=false
*==== INFO ====*  stream_id=537996 latency=0.609964 ms (tx_ts=88504514469111, rx_ts=88504515079075) request_id=3832570 zil_blk_id=537996 ccf_commit_seqno=3832570 nstreams_done_=134500 config.nstreams=400000 avg_latency=0.9456 ms avg throuhgput (requests/sec) = 707.7577 res=false
*==== INFO ====*  stream_id=539996 latency=0.779805 ms (tx_ts=88505143256649, rx_ts=88505144036454) request_id=3845054 zil_blk_id=539996 ccf_commit_seqno=3845057 nstreams_done_=135000 config.nstreams=400000 avg_latency=0.9451 ms avg throuhgput (requests/sec) = 708.0454 res=false
*==== INFO ====*  stream_id=541996 latency=0.627504 ms (tx_ts=88505833624111, rx_ts=88505834251615) request_id=3858325 zil_blk_id=541996 ccf_commit_seqno=3858325 nstreams_done_=135500 config.nstreams=400000 avg_latency=0.9448 ms avg throuhgput (requests/sec) = 708.1044 res=false
*==== INFO ====*  stream_id=543996 latency=0.850312 ms (tx_ts=88506521671677, rx_ts=88506522521989) request_id=3871367 zil_blk_id=543996 ccf_commit_seqno=3871370 nstreams_done_=136000 config.nstreams=400000 avg_latency=0.9447 ms avg throuhgput (requests/sec) = 708.1702 res=false
*==== INFO ====*  stream_id=545996 latency=0.774080 ms (tx_ts=88507233455873, rx_ts=88507234229953) request_id=3884313 zil_blk_id=545996 ccf_commit_seqno=3884314 nstreams_done_=136500 config.nstreams=400000 avg_latency=0.9447 ms avg throuhgput (requests/sec) = 708.1494 res=false
*==== INFO ====*  stream_id=547996 latency=0.648582 ms (tx_ts=88507864739958, rx_ts=88507865388540) request_id=3897101 zil_blk_id=547996 ccf_commit_seqno=3897102 nstreams_done_=137000 config.nstreams=400000 avg_latency=0.9441 ms avg throuhgput (requests/sec) = 708.4237 res=false
*==== INFO ====*  stream_id=549996 latency=0.619138 ms (tx_ts=88508539207652, rx_ts=88508539826790) request_id=3910106 zil_blk_id=549996 ccf_commit_seqno=3910106 nstreams_done_=137500 config.nstreams=400000 avg_latency=0.9439 ms avg throuhgput (requests/sec) = 708.5381 res=false
*==== INFO ====*  stream_id=551996 latency=0.809935 ms (tx_ts=88509193514440, rx_ts=88509194324375) request_id=3922732 zil_blk_id=551996 ccf_commit_seqno=3922736 nstreams_done_=138000 config.nstreams=400000 avg_latency=0.9436 ms avg throuhgput (requests/sec) = 708.7244 res=false
*==== INFO ====*  stream_id=553996 latency=0.753319 ms (tx_ts=88509929611765, rx_ts=88509930365084) request_id=3936301 zil_blk_id=553996 ccf_commit_seqno=3936301 nstreams_done_=138500 config.nstreams=400000 avg_latency=0.9436 ms avg throuhgput (requests/sec) = 708.6136 res=false
*==== INFO ====*  stream_id=555996 latency=0.872211 ms (tx_ts=88510602706399, rx_ts=88510603578610) request_id=3949237 zil_blk_id=555996 ccf_commit_seqno=3949238 nstreams_done_=139000 config.nstreams=400000 avg_latency=0.9433 ms avg throuhgput (requests/sec) = 708.7306 res=false
*==== INFO ====*  stream_id=557996 latency=1.171260 ms (tx_ts=88511322318493, rx_ts=88511323489753) request_id=3962008 zil_blk_id=557996 ccf_commit_seqno=3962011 nstreams_done_=139500 config.nstreams=400000 avg_latency=0.9434 ms avg throuhgput (requests/sec) = 708.6787 res=false
*==== INFO ====*  stream_id=559996 latency=1.425652 ms (tx_ts=88512017634244, rx_ts=88512019059896) request_id=3974656 zil_blk_id=559996 ccf_commit_seqno=3974658 nstreams_done_=140000 config.nstreams=400000 avg_latency=0.9434 ms avg throuhgput (requests/sec) = 708.7144 res=false
*==== INFO ====*  stream_id=561996 latency=0.791470 ms (tx_ts=88512670930556, rx_ts=88512671722026) request_id=3987447 zil_blk_id=561996 ccf_commit_seqno=3987449 nstreams_done_=140500 config.nstreams=400000 avg_latency=0.9430 ms avg throuhgput (requests/sec) = 708.9034 res=false
*==== INFO ====*  stream_id=563996 latency=0.705726 ms (tx_ts=88513351473877, rx_ts=88513352179603) request_id=4000461 zil_blk_id=563996 ccf_commit_seqno=4000462 nstreams_done_=141000 config.nstreams=400000 avg_latency=0.9428 ms avg throuhgput (requests/sec) = 708.9920 res=false
*==== INFO ====*  stream_id=565996 latency=1.197460 ms (tx_ts=88513992618760, rx_ts=88513993816220) request_id=4013082 zil_blk_id=565996 ccf_commit_seqno=4013087 nstreams_done_=141500 config.nstreams=400000 avg_latency=0.9425 ms avg throuhgput (requests/sec) = 709.2180 res=false
*==== INFO ====*  stream_id=567996 latency=0.664623 ms (tx_ts=88514661368393, rx_ts=88514662033016) request_id=4025914 zil_blk_id=567996 ccf_commit_seqno=4025914 nstreams_done_=142000 config.nstreams=400000 avg_latency=0.9422 ms avg throuhgput (requests/sec) = 709.3483 res=false
*==== INFO ====*  stream_id=569996 latency=0.731618 ms (tx_ts=88515343875834, rx_ts=88515344607452) request_id=4038556 zil_blk_id=569996 ccf_commit_seqno=4038557 nstreams_done_=142500 config.nstreams=400000 avg_latency=0.9421 ms avg throuhgput (requests/sec) = 709.4270 res=false
*==== INFO ====*  stream_id=571996 latency=1.414458 ms (tx_ts=88516098869447, rx_ts=88516100283905) request_id=4051415 zil_blk_id=571996 ccf_commit_seqno=4051416 nstreams_done_=143000 config.nstreams=400000 avg_latency=0.9425 ms avg throuhgput (requests/sec) = 709.2480 res=false
*==== INFO ====*  stream_id=573996 latency=0.944339 ms (tx_ts=88516792838383, rx_ts=88516793782722) request_id=4064527 zil_blk_id=573996 ccf_commit_seqno=4064529 nstreams_done_=143500 config.nstreams=400000 avg_latency=0.9423 ms avg throuhgput (requests/sec) = 709.2882 res=false
*==== INFO ====*  stream_id=575996 latency=0.846513 ms (tx_ts=88517462111826, rx_ts=88517462958339) request_id=4077514 zil_blk_id=575996 ccf_commit_seqno=4077517 nstreams_done_=144000 config.nstreams=400000 avg_latency=0.9419 ms avg throuhgput (requests/sec) = 709.4132 res=false
*==== INFO ====*  stream_id=577996 latency=0.660235 ms (tx_ts=88518118938054, rx_ts=88518119598289) request_id=4090522 zil_blk_id=577996 ccf_commit_seqno=4090523 nstreams_done_=144500 config.nstreams=400000 avg_latency=0.9415 ms avg throuhgput (requests/sec) = 709.5810 res=false
*==== INFO ====*  stream_id=579996 latency=0.898741 ms (tx_ts=88518809993424, rx_ts=88518810892165) request_id=4103334 zil_blk_id=579996 ccf_commit_seqno=4103335 nstreams_done_=145000 config.nstreams=400000 avg_latency=0.9414 ms avg throuhgput (requests/sec) = 709.6273 res=false
*==== INFO ====*  stream_id=581996 latency=0.700451 ms (tx_ts=88519459603959, rx_ts=88519460304410) request_id=4115665 zil_blk_id=581996 ccf_commit_seqno=4115665 nstreams_done_=145500 config.nstreams=400000 avg_latency=0.9412 ms avg throuhgput (requests/sec) = 709.8184 res=false
*==== INFO ====*  stream_id=583996 latency=0.891067 ms (tx_ts=88520165657358, rx_ts=88520166548425) request_id=4128352 zil_blk_id=583996 ccf_commit_seqno=4128355 nstreams_done_=146000 config.nstreams=400000 avg_latency=0.9412 ms avg throuhgput (requests/sec) = 709.8120 res=false
*==== INFO ====*  stream_id=585996 latency=1.431257 ms (tx_ts=88520852149360, rx_ts=88520853580617) request_id=4141005 zil_blk_id=585996 ccf_commit_seqno=4141005 nstreams_done_=146500 config.nstreams=400000 avg_latency=0.9411 ms avg throuhgput (requests/sec) = 709.8718 res=false
*==== INFO ====*  stream_id=587996 latency=0.785780 ms (tx_ts=88521564556518, rx_ts=88521565342298) request_id=4153698 zil_blk_id=587996 ccf_commit_seqno=4153700 nstreams_done_=147000 config.nstreams=400000 avg_latency=0.9411 ms avg throuhgput (requests/sec) = 709.8464 res=false
*==== INFO ====*  stream_id=589996 latency=1.099667 ms (tx_ts=88522226151093, rx_ts=88522227250760) request_id=4166039 zil_blk_id=589996 ccf_commit_seqno=4166041 nstreams_done_=147500 config.nstreams=400000 avg_latency=0.9410 ms avg throuhgput (requests/sec) = 709.9915 res=false
*==== INFO ====*  stream_id=591996 latency=0.688231 ms (tx_ts=88522926804156, rx_ts=88522927492387) request_id=4179127 zil_blk_id=591996 ccf_commit_seqno=4179129 nstreams_done_=148000 config.nstreams=400000 avg_latency=0.9408 ms avg throuhgput (requests/sec) = 710.0051 res=false
*==== INFO ====*  stream_id=593996 latency=1.022112 ms (tx_ts=88523573301207, rx_ts=88523574323319) request_id=4191718 zil_blk_id=593996 ccf_commit_seqno=4191722 nstreams_done_=148500 config.nstreams=400000 avg_latency=0.9404 ms avg throuhgput (requests/sec) = 710.2000 res=false
*==== INFO ====*  stream_id=595996 latency=0.984869 ms (tx_ts=88524337945517, rx_ts=88524338930386) request_id=4204322 zil_blk_id=595996 ccf_commit_seqno=4204326 nstreams_done_=149000 config.nstreams=400000 avg_latency=0.9409 ms avg throuhgput (requests/sec) = 709.9950 res=false
*==== INFO ====*  stream_id=597996 latency=0.555328 ms (tx_ts=88525007349727, rx_ts=88525007905055) request_id=4217143 zil_blk_id=597996 ccf_commit_seqno=4217143 nstreams_done_=149500 config.nstreams=400000 avg_latency=0.9406 ms avg throuhgput (requests/sec) = 710.1139 res=false
*==== INFO ====*  stream_id=599996 latency=1.403077 ms (tx_ts=88525680021618, rx_ts=88525681424695) request_id=4229675 zil_blk_id=599996 ccf_commit_seqno=4229675 nstreams_done_=150000 config.nstreams=400000 avg_latency=0.9404 ms avg throuhgput (requests/sec) = 710.2167 res=false
*==== INFO ====*  stream_id=601996 latency=0.759406 ms (tx_ts=88526422939604, rx_ts=88526423699010) request_id=4242500 zil_blk_id=601996 ccf_commit_seqno=4242503 nstreams_done_=150500 config.nstreams=400000 avg_latency=0.9406 ms avg throuhgput (requests/sec) = 710.0885 res=false
*==== INFO ====*  stream_id=603996 latency=0.827387 ms (tx_ts=88527113076130, rx_ts=88527113903517) request_id=4255238 zil_blk_id=603996 ccf_commit_seqno=4255241 nstreams_done_=151000 config.nstreams=400000 avg_latency=0.9407 ms avg throuhgput (requests/sec) = 710.1350 res=false
*==== INFO ====*  stream_id=605996 latency=0.728689 ms (tx_ts=88527777870573, rx_ts=88527778599262) request_id=4268084 zil_blk_id=605996 ccf_commit_seqno=4268086 nstreams_done_=151500 config.nstreams=400000 avg_latency=0.9404 ms avg throuhgput (requests/sec) = 710.2662 res=false
*==== INFO ====*  stream_id=607996 latency=0.753179 ms (tx_ts=88528424042831, rx_ts=88528424796010) request_id=4280690 zil_blk_id=607996 ccf_commit_seqno=4280693 nstreams_done_=152000 config.nstreams=400000 avg_latency=0.9400 ms avg throuhgput (requests/sec) = 710.4580 res=false
*==== INFO ====*  stream_id=609996 latency=1.314888 ms (tx_ts=88529094948880, rx_ts=88529096263768) request_id=4293330 zil_blk_id=609996 ccf_commit_seqno=4293339 nstreams_done_=152500 config.nstreams=400000 avg_latency=0.9399 ms avg throuhgput (requests/sec) = 710.5649 res=false
*==== INFO ====*  stream_id=611996 latency=0.790742 ms (tx_ts=88529831608022, rx_ts=88529832398764) request_id=4305999 zil_blk_id=611996 ccf_commit_seqno=4306000 nstreams_done_=153000 config.nstreams=400000 avg_latency=0.9401 ms avg throuhgput (requests/sec) = 710.4578 res=false
*==== INFO ====*  stream_id=613996 latency=0.975938 ms (tx_ts=88530595366187, rx_ts=88530596342125) request_id=4319229 zil_blk_id=613996 ccf_commit_seqno=4319234 nstreams_done_=153500 config.nstreams=400000 avg_latency=0.9403 ms avg throuhgput (requests/sec) = 710.2599 res=false
*==== INFO ====*  stream_id=615996 latency=1.182051 ms (tx_ts=88531315359153, rx_ts=88531316541204) request_id=4332166 zil_blk_id=615996 ccf_commit_seqno=4332170 nstreams_done_=154000 config.nstreams=400000 avg_latency=0.9404 ms avg throuhgput (requests/sec) = 710.2068 res=false
*==== INFO ====*  stream_id=617996 latency=0.761323 ms (tx_ts=88532044565053, rx_ts=88532045326376) request_id=4345340 zil_blk_id=617996 ccf_commit_seqno=4345343 nstreams_done_=154500 config.nstreams=400000 avg_latency=0.9404 ms avg throuhgput (requests/sec) = 710.1259 res=false
*==== INFO ====*  stream_id=619996 latency=0.663731 ms (tx_ts=88532720544587, rx_ts=88532721208318) request_id=4358123 zil_blk_id=619996 ccf_commit_seqno=4358123 nstreams_done_=155000 config.nstreams=400000 avg_latency=0.9402 ms avg throuhgput (requests/sec) = 710.2178 res=false
*==== INFO ====*  stream_id=621996 latency=0.737078 ms (tx_ts=88533352669170, rx_ts=88533353406248) request_id=4370750 zil_blk_id=621996 ccf_commit_seqno=4370750 nstreams_done_=155500 config.nstreams=400000 avg_latency=0.9398 ms avg throuhgput (requests/sec) = 710.4508 res=false
*==== INFO ====*  stream_id=623996 latency=0.594803 ms (tx_ts=88534063171910, rx_ts=88534063766713) request_id=4383384 zil_blk_id=623996 ccf_commit_seqno=4383385 nstreams_done_=156000 config.nstreams=400000 avg_latency=0.9399 ms avg throuhgput (requests/sec) = 710.4295 res=false
*==== INFO ====*  stream_id=625996 latency=0.727000 ms (tx_ts=88534698050593, rx_ts=88534698777593) request_id=4396048 zil_blk_id=625996 ccf_commit_seqno=4396053 nstreams_done_=156500 config.nstreams=400000 avg_latency=0.9394 ms avg throuhgput (requests/sec) = 710.6514 res=false
*==== INFO ====*  stream_id=627996 latency=0.692516 ms (tx_ts=88535414628322, rx_ts=88535415320838) request_id=4409282 zil_blk_id=627996 ccf_commit_seqno=4409282 nstreams_done_=157000 config.nstreams=400000 avg_latency=0.9394 ms avg throuhgput (requests/sec) = 710.6097 res=false
*==== INFO ====*  stream_id=629996 latency=1.239723 ms (tx_ts=88536081597263, rx_ts=88536082836986) request_id=4421797 zil_blk_id=629996 ccf_commit_seqno=4421805 nstreams_done_=157500 config.nstreams=400000 avg_latency=0.9393 ms avg throuhgput (requests/sec) = 710.7255 res=false
*==== INFO ====*  stream_id=631996 latency=1.533856 ms (tx_ts=88536755224827, rx_ts=88536756758683) request_id=4434831 zil_blk_id=631996 ccf_commit_seqno=4434843 nstreams_done_=158000 config.nstreams=400000 avg_latency=0.9391 ms avg throuhgput (requests/sec) = 710.8201 res=false
*==== INFO ====*  stream_id=633996 latency=1.542037 ms (tx_ts=88537474347588, rx_ts=88537475889625) request_id=4448095 zil_blk_id=633996 ccf_commit_seqno=4448112 nstreams_done_=158500 config.nstreams=400000 avg_latency=0.9391 ms avg throuhgput (requests/sec) = 710.7700 res=false
*==== INFO ====*  stream_id=635996 latency=0.651970 ms (tx_ts=88538120283236, rx_ts=88538120935206) request_id=4460878 zil_blk_id=635996 ccf_commit_seqno=4460878 nstreams_done_=159000 config.nstreams=400000 avg_latency=0.9387 ms avg throuhgput (requests/sec) = 710.9556 res=false
*==== INFO ====*  stream_id=637996 latency=0.805446 ms (tx_ts=88538780580989, rx_ts=88538781386435) request_id=4473592 zil_blk_id=637996 ccf_commit_seqno=4473595 nstreams_done_=159500 config.nstreams=400000 avg_latency=0.9385 ms avg throuhgput (requests/sec) = 711.0914 res=false
*==== INFO ====*  stream_id=639996 latency=0.881058 ms (tx_ts=88539434902482, rx_ts=88539435783540) request_id=4486428 zil_blk_id=639996 ccf_commit_seqno=4486430 nstreams_done_=160000 config.nstreams=400000 avg_latency=0.9382 ms avg throuhgput (requests/sec) = 711.2455 res=false
*==== INFO ====*  stream_id=641996 latency=0.942018 ms (tx_ts=88540142858626, rx_ts=88540143800644) request_id=4499485 zil_blk_id=641996 ccf_commit_seqno=4499489 nstreams_done_=160500 config.nstreams=400000 avg_latency=0.9381 ms avg throuhgput (requests/sec) = 711.2296 res=false
*==== INFO ====*  stream_id=643996 latency=0.658915 ms (tx_ts=88540855400304, rx_ts=88540856059219) request_id=4512876 zil_blk_id=643996 ccf_commit_seqno=4512876 nstreams_done_=161000 config.nstreams=400000 avg_latency=0.9380 ms avg throuhgput (requests/sec) = 711.2006 res=false
*==== INFO ====*  stream_id=645996 latency=0.585341 ms (tx_ts=88541545867317, rx_ts=88541546452658) request_id=4525802 zil_blk_id=645996 ccf_commit_seqno=4525802 nstreams_done_=161500 config.nstreams=400000 avg_latency=0.9379 ms avg throuhgput (requests/sec) = 711.2402 res=false
*==== INFO ====*  stream_id=647996 latency=0.739373 ms (tx_ts=88542235361569, rx_ts=88542236100942) request_id=4538900 zil_blk_id=647996 ccf_commit_seqno=4538904 nstreams_done_=162000 config.nstreams=400000 avg_latency=0.9377 ms avg throuhgput (requests/sec) = 711.2818 res=false
*==== INFO ====*  stream_id=649996 latency=0.739250 ms (tx_ts=88542928354608, rx_ts=88542929093858) request_id=4551897 zil_blk_id=649996 ccf_commit_seqno=4551901 nstreams_done_=162500 config.nstreams=400000 avg_latency=0.9376 ms avg throuhgput (requests/sec) = 711.3129 res=false
*==== INFO ====*  stream_id=651996 latency=1.408483 ms (tx_ts=88543630235433, rx_ts=88543631643916) request_id=4564707 zil_blk_id=651996 ccf_commit_seqno=4564717 nstreams_done_=163000 config.nstreams=400000 avg_latency=0.9376 ms avg throuhgput (requests/sec) = 711.3140 res=false
*==== INFO ====*  stream_id=653996 latency=0.694130 ms (tx_ts=88544326194661, rx_ts=88544326888791) request_id=4577271 zil_blk_id=653996 ccf_commit_seqno=4577271 nstreams_done_=163500 config.nstreams=400000 avg_latency=0.9376 ms avg throuhgput (requests/sec) = 711.3378 res=false
*==== INFO ====*  stream_id=655996 latency=0.803152 ms (tx_ts=88544978396014, rx_ts=88544979199166) request_id=4590063 zil_blk_id=655996 ccf_commit_seqno=4590065 nstreams_done_=164000 config.nstreams=400000 avg_latency=0.9373 ms avg throuhgput (requests/sec) = 711.4939 res=false
*==== INFO ====*  stream_id=657996 latency=0.718774 ms (tx_ts=88545773456746, rx_ts=88545774175520) request_id=4603360 zil_blk_id=657996 ccf_commit_seqno=4603364 nstreams_done_=164500 config.nstreams=400000 avg_latency=0.9378 ms avg throuhgput (requests/sec) = 711.2102 res=false
*==== INFO ====*  stream_id=659996 latency=0.856572 ms (tx_ts=88546498804556, rx_ts=88546499661128) request_id=4616400 zil_blk_id=659996 ccf_commit_seqno=4616400 nstreams_done_=165000 config.nstreams=400000 avg_latency=0.9379 ms avg throuhgput (requests/sec) = 711.1414 res=false
*==== INFO ====*  stream_id=661996 latency=0.961840 ms (tx_ts=88547203868484, rx_ts=88547204830324) request_id=4629266 zil_blk_id=661996 ccf_commit_seqno=4629269 nstreams_done_=165500 config.nstreams=400000 avg_latency=0.9379 ms avg throuhgput (requests/sec) = 711.1350 res=false
*==== INFO ====*  stream_id=663996 latency=0.750754 ms (tx_ts=88547941992848, rx_ts=88547942743602) request_id=4642487 zil_blk_id=663996 ccf_commit_seqno=4642490 nstreams_done_=166000 config.nstreams=400000 avg_latency=0.9380 ms avg throuhgput (requests/sec) = 711.0290 res=false
*==== INFO ====*  stream_id=665996 latency=0.714856 ms (tx_ts=88548639651650, rx_ts=88548640366506) request_id=4655422 zil_blk_id=665996 ccf_commit_seqno=4655425 nstreams_done_=166500 config.nstreams=400000 avg_latency=0.9379 ms avg throuhgput (requests/sec) = 711.0460 res=false
*==== INFO ====*  stream_id=667996 latency=0.701515 ms (tx_ts=88549305755563, rx_ts=88549306457078) request_id=4668036 zil_blk_id=667996 ccf_commit_seqno=4668036 nstreams_done_=167000 config.nstreams=400000 avg_latency=0.9377 ms avg throuhgput (requests/sec) = 711.1583 res=false
*==== INFO ====*  stream_id=669996 latency=0.670216 ms (tx_ts=88549966489367, rx_ts=88549967159583) request_id=4680668 zil_blk_id=669996 ccf_commit_seqno=4680669 nstreams_done_=167500 config.nstreams=400000 avg_latency=0.9376 ms avg throuhgput (requests/sec) = 711.2863 res=false
*==== INFO ====*  stream_id=671996 latency=0.776893 ms (tx_ts=88550641347446, rx_ts=88550642124339) request_id=4693442 zil_blk_id=671996 ccf_commit_seqno=4693443 nstreams_done_=168000 config.nstreams=400000 avg_latency=0.9374 ms avg throuhgput (requests/sec) = 711.3705 res=false
*==== INFO ====*  stream_id=673996 latency=0.824409 ms (tx_ts=88551338767162, rx_ts=88551339591571) request_id=4706349 zil_blk_id=673996 ccf_commit_seqno=4706351 nstreams_done_=168500 config.nstreams=400000 avg_latency=0.9374 ms avg throuhgput (requests/sec) = 711.3868 res=false
*==== INFO ====*  stream_id=675996 latency=0.659553 ms (tx_ts=88551996049018, rx_ts=88551996708571) request_id=4718835 zil_blk_id=675996 ccf_commit_seqno=4718837 nstreams_done_=169000 config.nstreams=400000 avg_latency=0.9372 ms avg throuhgput (requests/sec) = 711.5238 res=false
*==== INFO ====*  stream_id=677996 latency=0.704657 ms (tx_ts=88552665740652, rx_ts=88552666445309) request_id=4731559 zil_blk_id=677996 ccf_commit_seqno=4731559 nstreams_done_=169500 config.nstreams=400000 avg_latency=0.9371 ms avg throuhgput (requests/sec) = 711.6223 res=false
*==== INFO ====*  stream_id=679996 latency=0.835452 ms (tx_ts=88553358133989, rx_ts=88553358969441) request_id=4745037 zil_blk_id=679996 ccf_commit_seqno=4745037 nstreams_done_=170000 config.nstreams=400000 avg_latency=0.9369 ms avg throuhgput (requests/sec) = 711.6523 res=false
*==== INFO ====*  stream_id=681996 latency=0.765471 ms (tx_ts=88554059050937, rx_ts=88554059816408) request_id=4758127 zil_blk_id=681996 ccf_commit_seqno=4758131 nstreams_done_=170500 config.nstreams=400000 avg_latency=0.9368 ms avg throuhgput (requests/sec) = 711.6575 res=false
*==== INFO ====*  stream_id=683996 latency=0.818541 ms (tx_ts=88554738307137, rx_ts=88554739125678) request_id=4770875 zil_blk_id=683996 ccf_commit_seqno=4770877 nstreams_done_=171000 config.nstreams=400000 avg_latency=0.9366 ms avg throuhgput (requests/sec) = 711.7265 res=false
*==== INFO ====*  stream_id=685996 latency=0.774187 ms (tx_ts=88555359975372, rx_ts=88555360749559) request_id=4783103 zil_blk_id=685996 ccf_commit_seqno=4783103 nstreams_done_=171500 config.nstreams=400000 avg_latency=0.9363 ms avg throuhgput (requests/sec) = 711.9655 res=false
*==== INFO ====*  stream_id=687996 latency=0.858896 ms (tx_ts=88556158679490, rx_ts=88556159538386) request_id=4796343 zil_blk_id=687996 ccf_commit_seqno=4796345 nstreams_done_=172000 config.nstreams=400000 avg_latency=0.9368 ms avg throuhgput (requests/sec) = 711.6812 res=false
*==== INFO ====*  stream_id=689996 latency=0.887369 ms (tx_ts=88556909768484, rx_ts=88556910655853) request_id=4809258 zil_blk_id=689996 ccf_commit_seqno=4809263 nstreams_done_=172500 config.nstreams=400000 avg_latency=0.9370 ms avg throuhgput (requests/sec) = 711.5386 res=false
*==== INFO ====*  stream_id=691996 latency=0.884614 ms (tx_ts=88557610590023, rx_ts=88557611474637) request_id=4822195 zil_blk_id=691996 ccf_commit_seqno=4822197 nstreams_done_=173000 config.nstreams=400000 avg_latency=0.9370 ms avg throuhgput (requests/sec) = 711.5442 res=false
*==== INFO ====*  stream_id=693996 latency=0.785863 ms (tx_ts=88558245552241, rx_ts=88558246338104) request_id=4835097 zil_blk_id=693996 ccf_commit_seqno=4835098 nstreams_done_=173500 config.nstreams=400000 avg_latency=0.9366 ms avg throuhgput (requests/sec) = 711.7422 res=false
*==== INFO ====*  stream_id=695996 latency=0.633972 ms (tx_ts=88558924524827, rx_ts=88558925158799) request_id=4847764 zil_blk_id=695996 ccf_commit_seqno=4847764 nstreams_done_=174000 config.nstreams=400000 avg_latency=0.9365 ms avg throuhgput (requests/sec) = 711.8111 res=false
*==== INFO ====*  stream_id=697996 latency=1.354902 ms (tx_ts=88559634085492, rx_ts=88559635440394) request_id=4860556 zil_blk_id=697996 ccf_commit_seqno=4860567 nstreams_done_=174500 config.nstreams=400000 avg_latency=0.9366 ms avg throuhgput (requests/sec) = 711.7883 res=false
*==== INFO ====*  stream_id=699996 latency=0.919911 ms (tx_ts=88560365615792, rx_ts=88560366535703) request_id=4873417 zil_blk_id=699996 ccf_commit_seqno=4873421 nstreams_done_=175000 config.nstreams=400000 avg_latency=0.9367 ms avg throuhgput (requests/sec) = 711.7054 res=false
*==== INFO ====*  stream_id=701996 latency=0.664325 ms (tx_ts=88561110792555, rx_ts=88561111456880) request_id=4886406 zil_blk_id=701996 ccf_commit_seqno=4886407 nstreams_done_=175500 config.nstreams=400000 avg_latency=0.9369 ms avg throuhgput (requests/sec) = 711.5831 res=false
*==== INFO ====*  stream_id=703996 latency=0.694249 ms (tx_ts=88561773285926, rx_ts=88561773980175) request_id=4899096 zil_blk_id=703996 ccf_commit_seqno=4899099 nstreams_done_=176000 config.nstreams=400000 avg_latency=0.9367 ms avg throuhgput (requests/sec) = 711.6986 res=false
*==== INFO ====*  stream_id=705996 latency=0.711521 ms (tx_ts=88562392865585, rx_ts=88562393577106) request_id=4911730 zil_blk_id=705996 ccf_commit_seqno=4911731 nstreams_done_=176500 config.nstreams=400000 avg_latency=0.9363 ms avg throuhgput (requests/sec) = 711.9367 res=false
*==== INFO ====*  stream_id=707996 latency=0.735204 ms (tx_ts=88563090152955, rx_ts=88563090888159) request_id=4924538 zil_blk_id=707996 ccf_commit_seqno=4924538 nstreams_done_=177000 config.nstreams=400000 avg_latency=0.9362 ms avg throuhgput (requests/sec) = 711.9510 res=false
*==== INFO ====*  stream_id=709996 latency=1.215539 ms (tx_ts=88563759213123, rx_ts=88563760428662) request_id=4937857 zil_blk_id=709996 ccf_commit_seqno=4937862 nstreams_done_=177500 config.nstreams=400000 avg_latency=0.9358 ms avg throuhgput (requests/sec) = 712.0446 res=false
*==== INFO ====*  stream_id=711996 latency=1.143936 ms (tx_ts=88564490968291, rx_ts=88564492112227) request_id=4950831 zil_blk_id=711996 ccf_commit_seqno=4950832 nstreams_done_=178000 config.nstreams=400000 avg_latency=0.9359 ms avg throuhgput (requests/sec) = 711.9606 res=false
*==== INFO ====*  stream_id=713996 latency=0.776960 ms (tx_ts=88565184109342, rx_ts=88565184886302) request_id=4963613 zil_blk_id=713996 ccf_commit_seqno=4963614 nstreams_done_=178500 config.nstreams=400000 avg_latency=0.9359 ms avg throuhgput (requests/sec) = 711.9876 res=false
*==== INFO ====*  stream_id=715996 latency=0.776820 ms (tx_ts=88565867461176, rx_ts=88565868237996) request_id=4976315 zil_blk_id=715996 ccf_commit_seqno=4976317 nstreams_done_=179000 config.nstreams=400000 avg_latency=0.9358 ms avg throuhgput (requests/sec) = 712.0412 res=false
*==== INFO ====*  stream_id=717996 latency=0.764840 ms (tx_ts=88566498451966, rx_ts=88566499216806) request_id=4988784 zil_blk_id=717996 ccf_commit_seqno=4988787 nstreams_done_=179500 config.nstreams=400000 avg_latency=0.9354 ms avg throuhgput (requests/sec) = 712.2424 res=false
*==== INFO ====*  stream_id=719996 latency=0.743714 ms (tx_ts=88567153850440, rx_ts=88567154594154) request_id=5001264 zil_blk_id=719996 ccf_commit_seqno=5001266 nstreams_done_=180000 config.nstreams=400000 avg_latency=0.9353 ms avg throuhgput (requests/sec) = 712.3739 res=false
*==== INFO ====*  stream_id=721996 latency=1.225131 ms (tx_ts=88567860034805, rx_ts=88567861259936) request_id=5014814 zil_blk_id=721996 ccf_commit_seqno=5014816 nstreams_done_=180500 config.nstreams=400000 avg_latency=0.9352 ms avg throuhgput (requests/sec) = 712.3604 res=false
*==== INFO ====*  stream_id=723996 latency=0.765725 ms (tx_ts=88568627099223, rx_ts=88568627864948) request_id=5027794 zil_blk_id=723996 ccf_commit_seqno=5027795 nstreams_done_=181000 config.nstreams=400000 avg_latency=0.9355 ms avg throuhgput (requests/sec) = 712.1790 res=false
*==== INFO ====*  stream_id=725996 latency=0.814974 ms (tx_ts=88569306177236, rx_ts=88569306992210) request_id=5040724 zil_blk_id=725996 ccf_commit_seqno=5040727 nstreams_done_=181500 config.nstreams=400000 avg_latency=0.9354 ms avg throuhgput (requests/sec) = 712.2431 res=false
*==== INFO ====*  stream_id=727996 latency=0.850681 ms (tx_ts=88570011459145, rx_ts=88570012309826) request_id=5053748 zil_blk_id=727996 ccf_commit_seqno=5053749 nstreams_done_=182000 config.nstreams=400000 avg_latency=0.9353 ms avg throuhgput (requests/sec) = 712.2339 res=false
*==== INFO ====*  stream_id=729996 latency=0.819726 ms (tx_ts=88570678596368, rx_ts=88570679416094) request_id=5066407 zil_blk_id=729996 ccf_commit_seqno=5066407 nstreams_done_=182500 config.nstreams=400000 avg_latency=0.9351 ms avg throuhgput (requests/sec) = 712.3310 res=false
*==== INFO ====*  stream_id=731996 latency=0.668991 ms (tx_ts=88571336358127, rx_ts=88571337027118) request_id=5079402 zil_blk_id=731996 ccf_commit_seqno=5079402 nstreams_done_=183000 config.nstreams=400000 avg_latency=0.9348 ms avg throuhgput (requests/sec) = 712.4539 res=false
*==== INFO ====*  stream_id=733996 latency=0.814386 ms (tx_ts=88572016162675, rx_ts=88572016977061) request_id=5092210 zil_blk_id=733996 ccf_commit_seqno=5092214 nstreams_done_=183500 config.nstreams=400000 avg_latency=0.9348 ms avg throuhgput (requests/sec) = 712.5143 res=false
*==== INFO ====*  stream_id=735996 latency=0.872531 ms (tx_ts=88572697280531, rx_ts=88572698153062) request_id=5105322 zil_blk_id=735996 ccf_commit_seqno=5105325 nstreams_done_=184000 config.nstreams=400000 avg_latency=0.9345 ms avg throuhgput (requests/sec) = 712.5710 res=false
*==== INFO ====*  stream_id=737996 latency=1.537219 ms (tx_ts=88573392275984, rx_ts=88573393813203) request_id=5117983 zil_blk_id=737996 ccf_commit_seqno=5117990 nstreams_done_=184500 config.nstreams=400000 avg_latency=0.9346 ms avg throuhgput (requests/sec) = 712.5876 res=false
*==== INFO ====*  stream_id=739996 latency=0.809154 ms (tx_ts=88574088897854, rx_ts=88574089707008) request_id=5131151 zil_blk_id=739996 ccf_commit_seqno=5131153 nstreams_done_=185000 config.nstreams=400000 avg_latency=0.9345 ms avg throuhgput (requests/sec) = 712.6035 res=false
*==== INFO ====*  stream_id=741996 latency=1.090874 ms (tx_ts=88574734081188, rx_ts=88574735172062) request_id=5143840 zil_blk_id=741996 ccf_commit_seqno=5143840 nstreams_done_=185500 config.nstreams=400000 avg_latency=0.9342 ms avg throuhgput (requests/sec) = 712.7573 res=false
*==== INFO ====*  stream_id=743996 latency=0.850301 ms (tx_ts=88575388259304, rx_ts=88575389109605) request_id=5156276 zil_blk_id=743996 ccf_commit_seqno=5156277 nstreams_done_=186000 config.nstreams=400000 avg_latency=0.9341 ms avg throuhgput (requests/sec) = 712.8872 res=false
*==== INFO ====*  stream_id=745996 latency=0.738261 ms (tx_ts=88576060331981, rx_ts=88576061070242) request_id=5168806 zil_blk_id=745996 ccf_commit_seqno=5168806 nstreams_done_=186500 config.nstreams=400000 avg_latency=0.9340 ms avg throuhgput (requests/sec) = 712.9674 res=false
*==== INFO ====*  stream_id=747996 latency=1.117480 ms (tx_ts=88576746283574, rx_ts=88576747401054) request_id=5181482 zil_blk_id=747996 ccf_commit_seqno=5181483 nstreams_done_=187000 config.nstreams=400000 avg_latency=0.9339 ms avg throuhgput (requests/sec) = 713.0081 res=false
*==== INFO ====*  stream_id=749996 latency=0.615919 ms (tx_ts=88577403086129, rx_ts=88577403702048) request_id=5194169 zil_blk_id=749996 ccf_commit_seqno=5194169 nstreams_done_=187500 config.nstreams=400000 avg_latency=0.9338 ms avg throuhgput (requests/sec) = 713.1300 res=false
*==== INFO ====*  stream_id=751996 latency=1.022936 ms (tx_ts=88578164847301, rx_ts=88578165870237) request_id=5208206 zil_blk_id=751996 ccf_commit_seqno=5208211 nstreams_done_=188000 config.nstreams=400000 avg_latency=0.9339 ms avg throuhgput (requests/sec) = 712.9649 res=false
*==== INFO ====*  stream_id=753996 latency=0.626171 ms (tx_ts=88578836592041, rx_ts=88578837218212) request_id=5221080 zil_blk_id=753996 ccf_commit_seqno=5221081 nstreams_done_=188500 config.nstreams=400000 avg_latency=0.9337 ms avg throuhgput (requests/sec) = 713.0457 res=false
*==== INFO ====*  stream_id=755996 latency=0.695107 ms (tx_ts=88579513927186, rx_ts=88579514622293) request_id=5234311 zil_blk_id=755996 ccf_commit_seqno=5234311 nstreams_done_=189000 config.nstreams=400000 avg_latency=0.9335 ms avg throuhgput (requests/sec) = 713.1098 res=false
*==== INFO ====*  stream_id=757996 latency=0.629813 ms (tx_ts=88580176771252, rx_ts=88580177401065) request_id=5247135 zil_blk_id=757996 ccf_commit_seqno=5247135 nstreams_done_=189500 config.nstreams=400000 avg_latency=0.9333 ms avg throuhgput (requests/sec) = 713.2128 res=false
*==== INFO ====*  stream_id=759996 latency=0.796230 ms (tx_ts=88580818331410, rx_ts=88580819127640) request_id=5259808 zil_blk_id=759996 ccf_commit_seqno=5259809 nstreams_done_=190000 config.nstreams=400000 avg_latency=0.9330 ms avg throuhgput (requests/sec) = 713.3716 res=false
*==== INFO ====*  stream_id=761996 latency=0.837576 ms (tx_ts=88581488023002, rx_ts=88581488860578) request_id=5272779 zil_blk_id=761996 ccf_commit_seqno=5272781 nstreams_done_=190500 config.nstreams=400000 avg_latency=0.9328 ms avg throuhgput (requests/sec) = 713.4549 res=false
*==== INFO ====*  stream_id=763996 latency=1.329742 ms (tx_ts=88582175633075, rx_ts=88582176962817) request_id=5285520 zil_blk_id=763996 ccf_commit_seqno=5285525 nstreams_done_=191000 config.nstreams=400000 avg_latency=0.9328 ms avg throuhgput (requests/sec) = 713.4888 res=false
*==== INFO ====*  stream_id=765996 latency=0.963680 ms (tx_ts=88582812374679, rx_ts=88582813338359) request_id=5297859 zil_blk_id=765996 ccf_commit_seqno=5297862 nstreams_done_=191500 config.nstreams=400000 avg_latency=0.9326 ms avg throuhgput (requests/sec) = 713.6600 res=false
*==== INFO ====*  stream_id=767996 latency=0.740353 ms (tx_ts=88583457044903, rx_ts=88583457785256) request_id=5310340 zil_blk_id=767996 ccf_commit_seqno=5310342 nstreams_done_=192000 config.nstreams=400000 avg_latency=0.9324 ms avg throuhgput (requests/sec) = 713.8090 res=false
*==== INFO ====*  stream_id=769996 latency=0.662309 ms (tx_ts=88584153124826, rx_ts=88584153787135) request_id=5323751 zil_blk_id=769996 ccf_commit_seqno=5323751 nstreams_done_=192500 config.nstreams=400000 avg_latency=0.9322 ms avg throuhgput (requests/sec) = 713.8209 res=false
*==== INFO ====*  stream_id=771996 latency=0.770092 ms (tx_ts=88584892956580, rx_ts=88584893726672) request_id=5336912 zil_blk_id=771996 ccf_commit_seqno=5336913 nstreams_done_=193000 config.nstreams=400000 avg_latency=0.9323 ms avg throuhgput (requests/sec) = 713.7166 res=false
*==== INFO ====*  stream_id=773996 latency=0.701832 ms (tx_ts=88585564544770, rx_ts=88585565246602) request_id=5349877 zil_blk_id=773996 ccf_commit_seqno=5349877 nstreams_done_=193500 config.nstreams=400000 avg_latency=0.9321 ms avg throuhgput (requests/sec) = 713.7931 res=false
*==== INFO ====*  stream_id=775996 latency=0.587375 ms (tx_ts=88586265564041, rx_ts=88586266151416) request_id=5362341 zil_blk_id=775996 ccf_commit_seqno=5362341 nstreams_done_=194000 config.nstreams=400000 avg_latency=0.9321 ms avg throuhgput (requests/sec) = 713.7920 res=false
*==== INFO ====*  stream_id=777996 latency=0.655759 ms (tx_ts=88586926570523, rx_ts=88586927226282) request_id=5375039 zil_blk_id=777996 ccf_commit_seqno=5375040 nstreams_done_=194500 config.nstreams=400000 avg_latency=0.9319 ms avg throuhgput (requests/sec) = 713.8952 res=false
*==== INFO ====*  stream_id=779996 latency=0.766703 ms (tx_ts=88587641487378, rx_ts=88587642254081) request_id=5388123 zil_blk_id=779996 ccf_commit_seqno=5388126 nstreams_done_=195000 config.nstreams=400000 avg_latency=0.9320 ms avg throuhgput (requests/sec) = 713.8570 res=false
*==== INFO ====*  stream_id=781996 latency=0.636343 ms (tx_ts=88588358913515, rx_ts=88588359549858) request_id=5401045 zil_blk_id=781996 ccf_commit_seqno=5401046 nstreams_done_=195500 config.nstreams=400000 avg_latency=0.9321 ms avg throuhgput (requests/sec) = 713.8130 res=false
*==== INFO ====*  stream_id=783996 latency=1.054011 ms (tx_ts=88589064203188, rx_ts=88589065257199) request_id=5414286 zil_blk_id=783996 ccf_commit_seqno=5414289 nstreams_done_=196000 config.nstreams=400000 avg_latency=0.9321 ms avg throuhgput (requests/sec) = 713.7993 res=false
*==== INFO ====*  stream_id=785996 latency=0.769958 ms (tx_ts=88589767224421, rx_ts=88589767994379) request_id=5427598 zil_blk_id=785996 ccf_commit_seqno=5427599 nstreams_done_=196500 config.nstreams=400000 avg_latency=0.9319 ms avg throuhgput (requests/sec) = 713.7935 res=false
*==== INFO ====*  stream_id=787996 latency=0.738992 ms (tx_ts=88590411477684, rx_ts=88590412216676) request_id=5440102 zil_blk_id=787996 ccf_commit_seqno=5440105 nstreams_done_=197000 config.nstreams=400000 avg_latency=0.9318 ms avg throuhgput (requests/sec) = 713.9390 res=false
*==== INFO ====*  stream_id=789996 latency=0.827916 ms (tx_ts=88591073576367, rx_ts=88591074404283) request_id=5452789 zil_blk_id=789996 ccf_commit_seqno=5452789 nstreams_done_=197500 config.nstreams=400000 avg_latency=0.9316 ms avg throuhgput (requests/sec) = 714.0375 res=false
*==== INFO ====*  stream_id=791996 latency=0.690531 ms (tx_ts=88591753943119, rx_ts=88591754633650) request_id=5465674 zil_blk_id=791996 ccf_commit_seqno=5465675 nstreams_done_=198000 config.nstreams=400000 avg_latency=0.9315 ms avg throuhgput (requests/sec) = 714.0890 res=false
*==== INFO ====*  stream_id=793996 latency=0.644195 ms (tx_ts=88592456928666, rx_ts=88592457572861) request_id=5478384 zil_blk_id=793996 ccf_commit_seqno=5478386 nstreams_done_=198500 config.nstreams=400000 avg_latency=0.9315 ms avg throuhgput (requests/sec) = 714.0820 res=false
*==== INFO ====*  stream_id=795996 latency=0.647144 ms (tx_ts=88593148098602, rx_ts=88593148745746) request_id=5491359 zil_blk_id=795996 ccf_commit_seqno=5491359 nstreams_done_=199000 config.nstreams=400000 avg_latency=0.9314 ms avg throuhgput (requests/sec) = 714.1051 res=false
*==== INFO ====*  stream_id=797996 latency=1.079415 ms (tx_ts=88593811304430, rx_ts=88593812383845) request_id=5504186 zil_blk_id=797996 ccf_commit_seqno=5504191 nstreams_done_=199500 config.nstreams=400000 avg_latency=0.9312 ms avg throuhgput (requests/sec) = 714.1985 res=false
*==== INFO ====*  stream_id=799996 latency=1.648149 ms (tx_ts=88594538881346, rx_ts=88594540529495) request_id=5517088 zil_blk_id=799996 ccf_commit_seqno=5517088 nstreams_done_=200000 config.nstreams=400000 avg_latency=0.9313 ms avg throuhgput (requests/sec) = 714.1270 res=false
*==== INFO ====*  stream_id=801996 latency=0.693450 ms (tx_ts=88595232587346, rx_ts=88595233280796) request_id=5530407 zil_blk_id=801996 ccf_commit_seqno=5530410 nstreams_done_=200500 config.nstreams=400000 avg_latency=0.9312 ms avg throuhgput (requests/sec) = 714.1458 res=false
*==== INFO ====*  stream_id=803996 latency=0.846433 ms (tx_ts=88595874042680, rx_ts=88595874889113) request_id=5543256 zil_blk_id=803996 ccf_commit_seqno=5543258 nstreams_done_=201000 config.nstreams=400000 avg_latency=0.9309 ms avg throuhgput (requests/sec) = 714.2943 res=false
*==== INFO ====*  stream_id=805996 latency=0.800900 ms (tx_ts=88596556742728, rx_ts=88596557543628) request_id=5556412 zil_blk_id=805996 ccf_commit_seqno=5556416 nstreams_done_=201500 config.nstreams=400000 avg_latency=0.9308 ms avg throuhgput (requests/sec) = 714.3382 res=false
*==== INFO ====*  stream_id=807996 latency=1.243746 ms (tx_ts=88597200857027, rx_ts=88597202100773) request_id=5569206 zil_blk_id=807996 ccf_commit_seqno=5569211 nstreams_done_=202000 config.nstreams=400000 avg_latency=0.9305 ms avg throuhgput (requests/sec) = 714.4782 res=false
*==== INFO ====*  stream_id=809996 latency=1.010529 ms (tx_ts=88597884323651, rx_ts=88597885334180) request_id=5582529 zil_blk_id=809996 ccf_commit_seqno=5582534 nstreams_done_=202500 config.nstreams=400000 avg_latency=0.9303 ms avg throuhgput (requests/sec) = 714.5200 res=false
*==== INFO ====*  stream_id=811996 latency=0.837597 ms (tx_ts=88598559917048, rx_ts=88598560754645) request_id=5595043 zil_blk_id=811996 ccf_commit_seqno=5595044 nstreams_done_=203000 config.nstreams=400000 avg_latency=0.9303 ms avg throuhgput (requests/sec) = 714.5812 res=false
*==== INFO ====*  stream_id=813996 latency=1.367898 ms (tx_ts=88599277379335, rx_ts=88599278747233) request_id=5608176 zil_blk_id=813996 ccf_commit_seqno=5608178 nstreams_done_=203500 config.nstreams=400000 avg_latency=0.9303 ms avg throuhgput (requests/sec) = 714.5354 res=false
*==== INFO ====*  stream_id=815996 latency=0.923407 ms (tx_ts=88599944210093, rx_ts=88599945133500) request_id=5621399 zil_blk_id=815996 ccf_commit_seqno=5621402 nstreams_done_=204000 config.nstreams=400000 avg_latency=0.9301 ms avg throuhgput (requests/sec) = 714.6189 res=false
*==== INFO ====*  stream_id=817996 latency=0.957381 ms (tx_ts=88600573084978, rx_ts=88600574042359) request_id=5634349 zil_blk_id=817996 ccf_commit_seqno=5634350 nstreams_done_=204500 config.nstreams=400000 avg_latency=0.9297 ms avg throuhgput (requests/sec) = 714.7956 res=false
*==== INFO ====*  stream_id=819996 latency=0.773309 ms (tx_ts=88601212944029, rx_ts=88601213717338) request_id=5647079 zil_blk_id=819996 ccf_commit_seqno=5647080 nstreams_done_=205000 config.nstreams=400000 avg_latency=0.9294 ms avg throuhgput (requests/sec) = 714.9448 res=false
*==== INFO ====*  stream_id=821996 latency=0.780596 ms (tx_ts=88601853146866, rx_ts=88601853927462) request_id=5659573 zil_blk_id=821996 ccf_commit_seqno=5659576 nstreams_done_=205500 config.nstreams=400000 avg_latency=0.9292 ms avg throuhgput (requests/sec) = 715.0919 res=false
*==== INFO ====*  stream_id=823996 latency=0.710779 ms (tx_ts=88602483379322, rx_ts=88602484090101) request_id=5672254 zil_blk_id=823996 ccf_commit_seqno=5672255 nstreams_done_=206000 config.nstreams=400000 avg_latency=0.9289 ms avg throuhgput (requests/sec) = 715.2634 res=false
*==== INFO ====*  stream_id=825996 latency=0.668132 ms (tx_ts=88603163165848, rx_ts=88603163833980) request_id=5685163 zil_blk_id=825996 ccf_commit_seqno=5685163 nstreams_done_=206500 config.nstreams=400000 avg_latency=0.9287 ms avg throuhgput (requests/sec) = 715.3112 res=false
*==== INFO ====*  stream_id=827996 latency=0.668526 ms (tx_ts=88603867212853, rx_ts=88603867881379) request_id=5698579 zil_blk_id=827996 ccf_commit_seqno=5698579 nstreams_done_=207000 config.nstreams=400000 avg_latency=0.9286 ms avg throuhgput (requests/sec) = 715.2987 res=false
*==== INFO ====*  stream_id=829996 latency=0.826215 ms (tx_ts=88604518714367, rx_ts=88604519540582) request_id=5711323 zil_blk_id=829996 ccf_commit_seqno=5711326 nstreams_done_=207500 config.nstreams=400000 avg_latency=0.9284 ms avg throuhgput (requests/sec) = 715.4155 res=false
*==== INFO ====*  stream_id=831996 latency=0.767746 ms (tx_ts=88605195273415, rx_ts=88605196041161) request_id=5723875 zil_blk_id=831996 ccf_commit_seqno=5723877 nstreams_done_=208000 config.nstreams=400000 avg_latency=0.9283 ms avg throuhgput (requests/sec) = 715.4706 res=false
*==== INFO ====*  stream_id=833996 latency=0.927986 ms (tx_ts=88605907804786, rx_ts=88605908732772) request_id=5736949 zil_blk_id=833996 ccf_commit_seqno=5736951 nstreams_done_=208500 config.nstreams=400000 avg_latency=0.9283 ms avg throuhgput (requests/sec) = 715.4366 res=false
*==== INFO ====*  stream_id=835996 latency=0.875308 ms (tx_ts=88606558026306, rx_ts=88606558901614) request_id=5749585 zil_blk_id=835996 ccf_commit_seqno=5749589 nstreams_done_=209000 config.nstreams=400000 avg_latency=0.9281 ms avg throuhgput (requests/sec) = 715.5559 res=false
*==== INFO ====*  stream_id=837996 latency=0.634397 ms (tx_ts=88607209876575, rx_ts=88607210510972) request_id=5762196 zil_blk_id=837996 ccf_commit_seqno=5762196 nstreams_done_=209500 config.nstreams=400000 avg_latency=0.9279 ms avg throuhgput (requests/sec) = 715.6711 res=false
*==== INFO ====*  stream_id=839996 latency=1.212290 ms (tx_ts=88607940930732, rx_ts=88607942143022) request_id=5775029 zil_blk_id=839996 ccf_commit_seqno=5775034 nstreams_done_=210000 config.nstreams=400000 avg_latency=0.9281 ms avg throuhgput (requests/sec) = 715.5907 res=false
*==== INFO ====*  stream_id=841996 latency=0.743580 ms (tx_ts=88608623305980, rx_ts=88608624049560) request_id=5787985 zil_blk_id=841996 ccf_commit_seqno=5787989 nstreams_done_=210500 config.nstreams=400000 avg_latency=0.9280 ms avg throuhgput (requests/sec) = 715.6316 res=false
*==== INFO ====*  stream_id=843996 latency=0.716202 ms (tx_ts=88609342184535, rx_ts=88609342900737) request_id=5800705 zil_blk_id=843996 ccf_commit_seqno=5800707 nstreams_done_=211000 config.nstreams=400000 avg_latency=0.9281 ms avg throuhgput (requests/sec) = 715.5826 res=false
*==== INFO ====*  stream_id=845996 latency=0.679618 ms (tx_ts=88610036702482, rx_ts=88610037382100) request_id=5814061 zil_blk_id=845996 ccf_commit_seqno=5814061 nstreams_done_=211500 config.nstreams=400000 avg_latency=0.9280 ms avg throuhgput (requests/sec) = 715.5929 res=false
*==== INFO ====*  stream_id=847996 latency=0.715325 ms (tx_ts=88610776748113, rx_ts=88610777463438) request_id=5827389 zil_blk_id=847996 ccf_commit_seqno=5827392 nstreams_done_=212000 config.nstreams=400000 avg_latency=0.9280 ms avg throuhgput (requests/sec) = 715.4930 res=false
*==== INFO ====*  stream_id=849996 latency=0.716400 ms (tx_ts=88611458498121, rx_ts=88611459214521) request_id=5840174 zil_blk_id=849996 ccf_commit_seqno=5840174 nstreams_done_=212500 config.nstreams=400000 avg_latency=0.9280 ms avg throuhgput (requests/sec) = 715.5342 res=false
*==== INFO ====*  stream_id=851996 latency=0.644205 ms (tx_ts=88612077144492, rx_ts=88612077788697) request_id=5852612 zil_blk_id=851996 ccf_commit_seqno=5852612 nstreams_done_=213000 config.nstreams=400000 avg_latency=0.9277 ms avg throuhgput (requests/sec) = 715.7270 res=false
*==== INFO ====*  stream_id=853996 latency=0.608258 ms (tx_ts=88612750076290, rx_ts=88612750684548) request_id=5865705 zil_blk_id=853996 ccf_commit_seqno=5865705 nstreams_done_=213500 config.nstreams=400000 avg_latency=0.9275 ms avg throuhgput (requests/sec) = 715.7887 res=false
*==== INFO ====*  stream_id=855996 latency=0.748237 ms (tx_ts=88613434405200, rx_ts=88613435153437) request_id=5878494 zil_blk_id=855996 ccf_commit_seqno=5878494 nstreams_done_=214000 config.nstreams=400000 avg_latency=0.9274 ms avg throuhgput (requests/sec) = 715.8223 res=false
*==== INFO ====*  stream_id=857996 latency=0.860429 ms (tx_ts=88614108926636, rx_ts=88614109787065) request_id=5891010 zil_blk_id=857996 ccf_commit_seqno=5891012 nstreams_done_=214500 config.nstreams=400000 avg_latency=0.9273 ms avg throuhgput (requests/sec) = 715.8793 res=false
*==== INFO ====*  stream_id=859996 latency=0.803593 ms (tx_ts=88614801679128, rx_ts=88614802482721) request_id=5903626 zil_blk_id=859996 ccf_commit_seqno=5903630 nstreams_done_=215000 config.nstreams=400000 avg_latency=0.9273 ms avg throuhgput (requests/sec) = 715.8930 res=false
*==== INFO ====*  stream_id=861996 latency=0.697354 ms (tx_ts=88615461451325, rx_ts=88615462148679) request_id=5916560 zil_blk_id=861996 ccf_commit_seqno=5916560 nstreams_done_=215500 config.nstreams=400000 avg_latency=0.9272 ms avg throuhgput (requests/sec) = 715.9852 res=false
*==== INFO ====*  stream_id=863996 latency=1.310027 ms (tx_ts=88616190026660, rx_ts=88616191336687) request_id=5929278 zil_blk_id=863996 ccf_commit_seqno=5929286 nstreams_done_=216000 config.nstreams=400000 avg_latency=0.9274 ms avg throuhgput (requests/sec) = 715.9120 res=false
*==== INFO ====*  stream_id=865996 latency=0.839149 ms (tx_ts=88616912020080, rx_ts=88616912859229) request_id=5942155 zil_blk_id=865996 ccf_commit_seqno=5942156 nstreams_done_=216500 config.nstreams=400000 avg_latency=0.9275 ms avg throuhgput (requests/sec) = 715.8573 res=false
*==== INFO ====*  stream_id=867996 latency=0.868734 ms (tx_ts=88617541742585, rx_ts=88617542611319) request_id=5954990 zil_blk_id=867996 ccf_commit_seqno=5954991 nstreams_done_=217000 config.nstreams=400000 avg_latency=0.9271 ms avg throuhgput (requests/sec) = 716.0196 res=false
*==== INFO ====*  stream_id=869996 latency=1.460811 ms (tx_ts=88618253228449, rx_ts=88618254689260) request_id=5967959 zil_blk_id=869996 ccf_commit_seqno=5967960 nstreams_done_=217500 config.nstreams=400000 avg_latency=0.9272 ms avg throuhgput (requests/sec) = 715.9871 res=false
*==== INFO ====*  stream_id=871996 latency=0.848026 ms (tx_ts=88618911998917, rx_ts=88618912846943) request_id=5981104 zil_blk_id=871996 ccf_commit_seqno=5981105 nstreams_done_=218000 config.nstreams=400000 avg_latency=0.9269 ms avg throuhgput (requests/sec) = 716.0816 res=false
*==== INFO ====*  stream_id=873996 latency=0.740304 ms (tx_ts=88619569433793, rx_ts=88619570174097) request_id=5994043 zil_blk_id=873996 ccf_commit_seqno=5994044 nstreams_done_=218500 config.nstreams=400000 avg_latency=0.9267 ms avg throuhgput (requests/sec) = 716.1777 res=false
*==== INFO ====*  stream_id=875996 latency=0.784216 ms (tx_ts=88620328313900, rx_ts=88620329098116) request_id=6007567 zil_blk_id=875996 ccf_commit_seqno=6007567 nstreams_done_=219000 config.nstreams=400000 avg_latency=0.9269 ms avg throuhgput (requests/sec) = 716.0354 res=false
*==== INFO ====*  stream_id=877996 latency=0.628205 ms (tx_ts=88621012031379, rx_ts=88621012659584) request_id=6020492 zil_blk_id=877996 ccf_commit_seqno=6020492 nstreams_done_=219500 config.nstreams=400000 avg_latency=0.9268 ms avg throuhgput (requests/sec) = 716.0698 res=false
*==== INFO ====*  stream_id=879996 latency=1.512809 ms (tx_ts=88621744334594, rx_ts=88621745847403) request_id=6034000 zil_blk_id=879996 ccf_commit_seqno=6034003 nstreams_done_=220000 config.nstreams=400000 avg_latency=0.9268 ms avg throuhgput (requests/sec) = 715.9884 res=false
*==== INFO ====*  stream_id=881996 latency=0.879645 ms (tx_ts=88622431554242, rx_ts=88622432433887) request_id=6047076 zil_blk_id=881996 ccf_commit_seqno=6047080 nstreams_done_=220500 config.nstreams=400000 avg_latency=0.9268 ms avg throuhgput (requests/sec) = 716.0157 res=false
*==== INFO ====*  stream_id=883996 latency=0.665925 ms (tx_ts=88623141369644, rx_ts=88623142035569) request_id=6060497 zil_blk_id=883996 ccf_commit_seqno=6060498 nstreams_done_=221000 config.nstreams=400000 avg_latency=0.9267 ms avg throuhgput (requests/sec) = 715.9895 res=false
*==== INFO ====*  stream_id=885996 latency=0.918987 ms (tx_ts=88623857596755, rx_ts=88623858515742) request_id=6073261 zil_blk_id=885996 ccf_commit_seqno=6073265 nstreams_done_=221500 config.nstreams=400000 avg_latency=0.9268 ms avg throuhgput (requests/sec) = 715.9475 res=false
*==== INFO ====*  stream_id=887996 latency=1.078146 ms (tx_ts=88624518970840, rx_ts=88624520048986) request_id=6086116 zil_blk_id=887996 ccf_commit_seqno=6086120 nstreams_done_=222000 config.nstreams=400000 avg_latency=0.9265 ms avg throuhgput (requests/sec) = 716.0326 res=false
*==== INFO ====*  stream_id=889996 latency=0.939426 ms (tx_ts=88625178320458, rx_ts=88625179259884) request_id=6098966 zil_blk_id=889996 ccf_commit_seqno=6098969 nstreams_done_=222500 config.nstreams=400000 avg_latency=0.9263 ms avg throuhgput (requests/sec) = 716.1226 res=false
*==== INFO ====*  stream_id=891996 latency=0.662475 ms (tx_ts=88625902556790, rx_ts=88625903219265) request_id=6111813 zil_blk_id=891996 ccf_commit_seqno=6111815 nstreams_done_=223000 config.nstreams=400000 avg_latency=0.9264 ms avg throuhgput (requests/sec) = 716.0634 res=false
*==== INFO ====*  stream_id=893996 latency=0.891526 ms (tx_ts=88626587820123, rx_ts=88626588711649) request_id=6125281 zil_blk_id=893996 ccf_commit_seqno=6125285 nstreams_done_=223500 config.nstreams=400000 avg_latency=0.9262 ms avg throuhgput (requests/sec) = 716.0927 res=false
*==== INFO ====*  stream_id=895996 latency=0.901926 ms (tx_ts=88627256521796, rx_ts=88627257423722) request_id=6138338 zil_blk_id=895996 ccf_commit_seqno=6138343 nstreams_done_=224000 config.nstreams=400000 avg_latency=0.9260 ms avg throuhgput (requests/sec) = 716.1603 res=false
*==== INFO ====*  stream_id=897996 latency=1.051477 ms (tx_ts=88627910526083, rx_ts=88627911577560) request_id=6151213 zil_blk_id=897996 ccf_commit_seqno=6151215 nstreams_done_=224500 config.nstreams=400000 avg_latency=0.9258 ms avg throuhgput (requests/sec) = 716.2609 res=false
*==== INFO ====*  stream_id=899996 latency=0.765020 ms (tx_ts=88628583030397, rx_ts=88628583795417) request_id=6163789 zil_blk_id=899996 ccf_commit_seqno=6163789 nstreams_done_=225000 config.nstreams=400000 avg_latency=0.9258 ms avg throuhgput (requests/sec) = 716.3198 res=false
*==== INFO ====*  stream_id=901996 latency=1.564825 ms (tx_ts=88629271804987, rx_ts=88629273369812) request_id=6177002 zil_blk_id=901996 ccf_commit_seqno=6177017 nstreams_done_=225500 config.nstreams=400000 avg_latency=0.9257 ms avg throuhgput (requests/sec) = 716.3390 res=false
*==== INFO ====*  stream_id=903996 latency=0.631758 ms (tx_ts=88629948560145, rx_ts=88629949191903) request_id=6189989 zil_blk_id=903996 ccf_commit_seqno=6189989 nstreams_done_=226000 config.nstreams=400000 avg_latency=0.9256 ms avg throuhgput (requests/sec) = 716.3894 res=false
*==== INFO ====*  stream_id=905996 latency=0.963774 ms (tx_ts=88630602913734, rx_ts=88630603877508) request_id=6202595 zil_blk_id=905996 ccf_commit_seqno=6202600 nstreams_done_=226500 config.nstreams=400000 avg_latency=0.9254 ms avg throuhgput (requests/sec) = 716.4874 res=false
*==== INFO ====*  stream_id=907996 latency=0.865658 ms (tx_ts=88631307485543, rx_ts=88631308351201) request_id=6215305 zil_blk_id=907996 ccf_commit_seqno=6215307 nstreams_done_=227000 config.nstreams=400000 avg_latency=0.9255 ms avg throuhgput (requests/sec) = 716.4724 res=false
*==== INFO ====*  stream_id=909996 latency=0.625309 ms (tx_ts=88632111795967, rx_ts=88632112421276) request_id=6228648 zil_blk_id=909996 ccf_commit_seqno=6228648 nstreams_done_=227500 config.nstreams=400000 avg_latency=0.9259 ms avg throuhgput (requests/sec) = 716.2328 res=false
*==== INFO ====*  stream_id=911996 latency=1.205945 ms (tx_ts=88632780689471, rx_ts=88632781895416) request_id=6241131 zil_blk_id=911996 ccf_commit_seqno=6241140 nstreams_done_=228000 config.nstreams=400000 avg_latency=0.9258 ms avg throuhgput (requests/sec) = 716.2972 res=false
*==== INFO ====*  stream_id=913996 latency=0.726649 ms (tx_ts=88633458060557, rx_ts=88633458787206) request_id=6253952 zil_blk_id=913996 ccf_commit_seqno=6253953 nstreams_done_=228500 config.nstreams=400000 avg_latency=0.9257 ms avg throuhgput (requests/sec) = 716.3447 res=false
*==== INFO ====*  stream_id=915996 latency=0.968812 ms (tx_ts=88634151263395, rx_ts=88634152232207) request_id=6267208 zil_blk_id=915996 ccf_commit_seqno=6267208 nstreams_done_=229000 config.nstreams=400000 avg_latency=0.9256 ms avg throuhgput (requests/sec) = 716.3549 res=false
*==== INFO ====*  stream_id=917996 latency=0.644486 ms (tx_ts=88634812253988, rx_ts=88634812898474) request_id=6280124 zil_blk_id=917996 ccf_commit_seqno=6280124 nstreams_done_=229500 config.nstreams=400000 avg_latency=0.9255 ms avg throuhgput (requests/sec) = 716.4383 res=false
*==== INFO ====*  stream_id=919996 latency=0.965185 ms (tx_ts=88635496254143, rx_ts=88635497219328) request_id=6293596 zil_blk_id=919996 ccf_commit_seqno=6293596 nstreams_done_=230000 config.nstreams=400000 avg_latency=0.9253 ms avg throuhgput (requests/sec) = 716.4686 res=false
*==== INFO ====*  stream_id=921996 latency=1.170499 ms (tx_ts=88636219136868, rx_ts=88636220307367) request_id=6306427 zil_blk_id=921996 ccf_commit_seqno=6306429 nstreams_done_=230500 config.nstreams=400000 avg_latency=0.9254 ms avg throuhgput (requests/sec) = 716.4125 res=false
*==== INFO ====*  stream_id=923996 latency=1.505265 ms (tx_ts=88636905750354, rx_ts=88636907255619) request_id=6319099 zil_blk_id=923996 ccf_commit_seqno=6319112 nstreams_done_=231000 config.nstreams=400000 avg_latency=0.9254 ms avg throuhgput (requests/sec) = 716.4369 res=false
*==== INFO ====*  stream_id=925996 latency=0.810045 ms (tx_ts=88637560557001, rx_ts=88637561367046) request_id=6331632 zil_blk_id=925996 ccf_commit_seqno=6331634 nstreams_done_=231500 config.nstreams=400000 avg_latency=0.9253 ms avg throuhgput (requests/sec) = 716.5340 res=false
*==== INFO ====*  stream_id=927996 latency=0.810686 ms (tx_ts=88638170160360, rx_ts=88638170971046) request_id=6344265 zil_blk_id=927996 ccf_commit_seqno=6344268 nstreams_done_=232000 config.nstreams=400000 avg_latency=0.9249 ms avg throuhgput (requests/sec) = 716.7292 res=false
*==== INFO ====*  stream_id=929996 latency=0.756003 ms (tx_ts=88638916462272, rx_ts=88638917218275) request_id=6357061 zil_blk_id=929996 ccf_commit_seqno=6357062 nstreams_done_=232500 config.nstreams=400000 avg_latency=0.9251 ms avg throuhgput (requests/sec) = 716.6218 res=false
*==== INFO ====*  stream_id=931996 latency=0.768627 ms (tx_ts=88639632294857, rx_ts=88639633063484) request_id=6370060 zil_blk_id=931996 ccf_commit_seqno=6370062 nstreams_done_=233000 config.nstreams=400000 avg_latency=0.9252 ms avg throuhgput (requests/sec) = 716.5818 res=false
*==== INFO ====*  stream_id=933996 latency=0.774491 ms (tx_ts=88640355584237, rx_ts=88640356358728) request_id=6382928 zil_blk_id=933996 ccf_commit_seqno=6382932 nstreams_done_=233500 config.nstreams=400000 avg_latency=0.9254 ms avg throuhgput (requests/sec) = 716.5257 res=false
*==== INFO ====*  stream_id=935996 latency=0.800696 ms (tx_ts=88641078817702, rx_ts=88641079618398) request_id=6396552 zil_blk_id=935996 ccf_commit_seqno=6396553 nstreams_done_=234000 config.nstreams=400000 avg_latency=0.9253 ms avg throuhgput (requests/sec) = 716.4698 res=false
*==== INFO ====*  stream_id=937996 latency=0.642930 ms (tx_ts=88641768837223, rx_ts=88641769480153) request_id=6409772 zil_blk_id=937996 ccf_commit_seqno=6409772 nstreams_done_=234500 config.nstreams=400000 avg_latency=0.9251 ms avg throuhgput (requests/sec) = 716.4873 res=false
*==== INFO ====*  stream_id=939996 latency=0.858863 ms (tx_ts=88642499690411, rx_ts=88642500549274) request_id=6422692 zil_blk_id=939996 ccf_commit_seqno=6422694 nstreams_done_=235000 config.nstreams=400000 avg_latency=0.9252 ms avg throuhgput (requests/sec) = 716.4148 res=false
*==== INFO ====*  stream_id=941996 latency=0.644565 ms (tx_ts=88643195673314, rx_ts=88643196317879) request_id=6435575 zil_blk_id=941996 ccf_commit_seqno=6435576 nstreams_done_=235500 config.nstreams=400000 avg_latency=0.9252 ms avg throuhgput (requests/sec) = 716.4195 res=false
*==== INFO ====*  stream_id=943996 latency=0.831606 ms (tx_ts=88643858162441, rx_ts=88643858994047) request_id=6447967 zil_blk_id=943996 ccf_commit_seqno=6447969 nstreams_done_=236000 config.nstreams=400000 avg_latency=0.9251 ms avg throuhgput (requests/sec) = 716.4961 res=false
*==== INFO ====*  stream_id=945996 latency=0.835405 ms (tx_ts=88644612989610, rx_ts=88644613825015) request_id=6461346 zil_blk_id=945996 ccf_commit_seqno=6461346 nstreams_done_=236500 config.nstreams=400000 avg_latency=0.9252 ms avg throuhgput (requests/sec) = 716.3724 res=false
*==== INFO ====*  stream_id=947996 latency=0.851188 ms (tx_ts=88645329336079, rx_ts=88645330187267) request_id=6474415 zil_blk_id=947996 ccf_commit_seqno=6474419 nstreams_done_=237000 config.nstreams=400000 avg_latency=0.9253 ms avg throuhgput (requests/sec) = 716.3326 res=false
*==== INFO ====*  stream_id=949996 latency=0.630479 ms (tx_ts=88645990998704, rx_ts=88645991629183) request_id=6487022 zil_blk_id=949996 ccf_commit_seqno=6487022 nstreams_done_=237500 config.nstreams=400000 avg_latency=0.9252 ms avg throuhgput (requests/sec) = 716.4116 res=false
*==== INFO ====*  stream_id=951996 latency=0.625128 ms (tx_ts=88646643589219, rx_ts=88646644214347) request_id=6499534 zil_blk_id=951996 ccf_commit_seqno=6499534 nstreams_done_=238000 config.nstreams=400000 avg_latency=0.9251 ms avg throuhgput (requests/sec) = 716.5094 res=false
*==== INFO ====*  stream_id=953996 latency=0.844775 ms (tx_ts=88647268708407, rx_ts=88647269553182) request_id=6512410 zil_blk_id=953996 ccf_commit_seqno=6512411 nstreams_done_=238500 config.nstreams=400000 avg_latency=0.9248 ms avg throuhgput (requests/sec) = 716.6654 res=false
*==== INFO ====*  stream_id=955996 latency=0.635072 ms (tx_ts=88647909487671, rx_ts=88647910122743) request_id=6524830 zil_blk_id=955996 ccf_commit_seqno=6524830 nstreams_done_=239000 config.nstreams=400000 avg_latency=0.9246 ms avg throuhgput (requests/sec) = 716.7882 res=false
*==== INFO ====*  stream_id=957996 latency=0.960363 ms (tx_ts=88648600120561, rx_ts=88648601080924) request_id=6537829 zil_blk_id=957996 ccf_commit_seqno=6537834 nstreams_done_=239500 config.nstreams=400000 avg_latency=0.9245 ms avg throuhgput (requests/sec) = 716.8023 res=false
*==== INFO ====*  stream_id=959996 latency=0.628011 ms (tx_ts=88649258292150, rx_ts=88649258920161) request_id=6550482 zil_blk_id=959996 ccf_commit_seqno=6550482 nstreams_done_=240000 config.nstreams=400000 avg_latency=0.9244 ms avg throuhgput (requests/sec) = 716.8873 res=false
*==== INFO ====*  stream_id=961996 latency=0.940351 ms (tx_ts=88650040864598, rx_ts=88650041804949) request_id=6563542 zil_blk_id=961996 ccf_commit_seqno=6563545 nstreams_done_=240500 config.nstreams=400000 avg_latency=0.9247 ms avg throuhgput (requests/sec) = 716.7048 res=false
*==== INFO ====*  stream_id=963996 latency=0.848356 ms (tx_ts=88650713047406, rx_ts=88650713895762) request_id=6576789 zil_blk_id=963996 ccf_commit_seqno=6576794 nstreams_done_=241000 config.nstreams=400000 avg_latency=0.9245 ms avg throuhgput (requests/sec) = 716.7593 res=false
*==== INFO ====*  stream_id=965996 latency=0.719084 ms (tx_ts=88651422964502, rx_ts=88651423683586) request_id=6589720 zil_blk_id=965996 ccf_commit_seqno=6589723 nstreams_done_=241500 config.nstreams=400000 avg_latency=0.9246 ms avg throuhgput (requests/sec) = 716.7333 res=false
*==== INFO ====*  stream_id=967996 latency=0.738719 ms (tx_ts=88652088835460, rx_ts=88652089574179) request_id=6602685 zil_blk_id=967996 ccf_commit_seqno=6602686 nstreams_done_=242000 config.nstreams=400000 avg_latency=0.9245 ms avg throuhgput (requests/sec) = 716.8007 res=false
*==== INFO ====*  stream_id=969996 latency=0.996303 ms (tx_ts=88652752837964, rx_ts=88652753834267) request_id=6615347 zil_blk_id=969996 ccf_commit_seqno=6615350 nstreams_done_=242500 config.nstreams=400000 avg_latency=0.9244 ms avg throuhgput (requests/sec) = 716.8712 res=false
*==== INFO ====*  stream_id=971996 latency=0.735792 ms (tx_ts=88653381738892, rx_ts=88653382474684) request_id=6627918 zil_blk_id=971996 ccf_commit_seqno=6627922 nstreams_done_=243000 config.nstreams=400000 avg_latency=0.9242 ms avg throuhgput (requests/sec) = 717.0168 res=false
*==== INFO ====*  stream_id=973996 latency=0.763548 ms (tx_ts=88654044070372, rx_ts=88654044833920) request_id=6640964 zil_blk_id=973996 ccf_commit_seqno=6640966 nstreams_done_=243500 config.nstreams=400000 avg_latency=0.9240 ms avg throuhgput (requests/sec) = 717.0907 res=false
*==== INFO ====*  stream_id=975996 latency=0.694849 ms (tx_ts=88654708470255, rx_ts=88654709165104) request_id=6653413 zil_blk_id=975996 ccf_commit_seqno=6653414 nstreams_done_=244000 config.nstreams=400000 avg_latency=0.9239 ms avg throuhgput (requests/sec) = 717.1601 res=false
*==== INFO ====*  stream_id=977996 latency=1.332484 ms (tx_ts=88655423097074, rx_ts=88655424429558) request_id=6665811 zil_blk_id=977996 ccf_commit_seqno=6665813 nstreams_done_=244500 config.nstreams=400000 avg_latency=0.9241 ms avg throuhgput (requests/sec) = 717.1221 res=false
*==== INFO ====*  stream_id=979996 latency=0.559626 ms (tx_ts=88656108322757, rx_ts=88656108882383) request_id=6678515 zil_blk_id=979996 ccf_commit_seqno=6678515 nstreams_done_=245000 config.nstreams=400000 avg_latency=0.9240 ms avg throuhgput (requests/sec) = 717.1489 res=false
*==== INFO ====*  stream_id=981996 latency=0.593980 ms (tx_ts=88656841357767, rx_ts=88656841951747) request_id=6691284 zil_blk_id=981996 ccf_commit_seqno=6691284 nstreams_done_=245500 config.nstreams=400000 avg_latency=0.9242 ms avg throuhgput (requests/sec) = 717.0738 res=false
*==== INFO ====*  stream_id=983996 latency=0.697805 ms (tx_ts=88657507114864, rx_ts=88657507812669) request_id=6703767 zil_blk_id=983996 ccf_commit_seqno=6703768 nstreams_done_=246000 config.nstreams=400000 avg_latency=0.9242 ms avg throuhgput (requests/sec) = 717.1394 res=false
*==== INFO ====*  stream_id=985996 latency=1.422200 ms (tx_ts=88658201454090, rx_ts=88658202876290) request_id=6716824 zil_blk_id=985996 ccf_commit_seqno=6716836 nstreams_done_=246500 config.nstreams=400000 avg_latency=0.9241 ms avg throuhgput (requests/sec) = 717.1439 res=false
*==== INFO ====*  stream_id=987996 latency=0.726064 ms (tx_ts=88658892948354, rx_ts=88658893674418) request_id=6729645 zil_blk_id=987996 ccf_commit_seqno=6729645 nstreams_done_=247000 config.nstreams=400000 avg_latency=0.9241 ms avg throuhgput (requests/sec) = 717.1573 res=false
*==== INFO ====*  stream_id=989996 latency=0.988929 ms (tx_ts=88659521182422, rx_ts=88659522171351) request_id=6742117 zil_blk_id=989996 ccf_commit_seqno=6742118 nstreams_done_=247500 config.nstreams=400000 avg_latency=0.9239 ms avg throuhgput (requests/sec) = 717.3001 res=false
*==== INFO ====*  stream_id=991996 latency=0.756915 ms (tx_ts=88660208645408, rx_ts=88660209402323) request_id=6755212 zil_blk_id=991996 ccf_commit_seqno=6755213 nstreams_done_=248000 config.nstreams=400000 avg_latency=0.9237 ms avg throuhgput (requests/sec) = 717.3204 res=false
*==== INFO ====*  stream_id=993996 latency=0.762506 ms (tx_ts=88660887229097, rx_ts=88660887991603) request_id=6768685 zil_blk_id=993996 ccf_commit_seqno=6768686 nstreams_done_=248500 config.nstreams=400000 avg_latency=0.9235 ms avg throuhgput (requests/sec) = 717.3587 res=false
*==== INFO ====*  stream_id=995996 latency=0.912996 ms (tx_ts=88661582278392, rx_ts=88661583191388) request_id=6781393 zil_blk_id=995996 ccf_commit_seqno=6781397 nstreams_done_=249000 config.nstreams=400000 avg_latency=0.9235 ms avg throuhgput (requests/sec) = 717.3624 res=false
*==== INFO ====*  stream_id=997996 latency=0.742378 ms (tx_ts=88662241110997, rx_ts=88662241853375) request_id=6794524 zil_blk_id=997996 ccf_commit_seqno=6794528 nstreams_done_=249500 config.nstreams=400000 avg_latency=0.9233 ms avg throuhgput (requests/sec) = 717.4415 res=false
*==== INFO ====*  stream_id=999996 latency=0.852123 ms (tx_ts=88662956711141, rx_ts=88662957563264) request_id=6807844 zil_blk_id=999996 ccf_commit_seqno=6807849 nstreams_done_=250000 config.nstreams=400000 avg_latency=0.9233 ms avg throuhgput (requests/sec) = 717.4028 res=false
*==== INFO ====*  stream_id=1001996 latency=0.842455 ms (tx_ts=88663729234216, rx_ts=88663730076671) request_id=6822804 zil_blk_id=1001996 ccf_commit_seqno=6822808 nstreams_done_=250500 config.nstreams=400000 avg_latency=0.9235 ms avg throuhgput (requests/sec) = 717.2476 res=false
*==== INFO ====*  stream_id=1003996 latency=0.842592 ms (tx_ts=88664440203445, rx_ts=88664441046037) request_id=6835549 zil_blk_id=1003996 ccf_commit_seqno=6835553 nstreams_done_=251000 config.nstreams=400000 avg_latency=0.9235 ms avg throuhgput (requests/sec) = 717.2192 res=false
*==== INFO ====*  stream_id=1005996 latency=0.689910 ms (tx_ts=88665183211279, rx_ts=88665183901189) request_id=6848352 zil_blk_id=1005996 ccf_commit_seqno=6848352 nstreams_done_=251500 config.nstreams=400000 avg_latency=0.9236 ms avg throuhgput (requests/sec) = 717.1257 res=false
*==== INFO ====*  stream_id=1007996 latency=0.853166 ms (tx_ts=88665883275835, rx_ts=88665884129001) request_id=6861636 zil_blk_id=1007996 ccf_commit_seqno=6861638 nstreams_done_=252000 config.nstreams=400000 avg_latency=0.9235 ms avg throuhgput (requests/sec) = 717.1195 res=false
*==== INFO ====*  stream_id=1009996 latency=0.622350 ms (tx_ts=88666603971814, rx_ts=88666604594164) request_id=6874804 zil_blk_id=1009996 ccf_commit_seqno=6874805 nstreams_done_=252500 config.nstreams=400000 avg_latency=0.9236 ms avg throuhgput (requests/sec) = 717.0722 res=false
*==== INFO ====*  stream_id=1011996 latency=0.915081 ms (tx_ts=88667333940875, rx_ts=88667334855956) request_id=6888167 zil_blk_id=1011996 ccf_commit_seqno=6888169 nstreams_done_=253000 config.nstreams=400000 avg_latency=0.9237 ms avg throuhgput (requests/sec) = 717.0052 res=false
*==== INFO ====*  stream_id=1013996 latency=0.725126 ms (tx_ts=88667997529632, rx_ts=88667998254758) request_id=6900994 zil_blk_id=1013996 ccf_commit_seqno=6900994 nstreams_done_=253500 config.nstreams=400000 avg_latency=0.9235 ms avg throuhgput (requests/sec) = 717.0741 res=false
*==== INFO ====*  stream_id=1015996 latency=0.764569 ms (tx_ts=88668645026291, rx_ts=88668645790860) request_id=6914138 zil_blk_id=1015996 ccf_commit_seqno=6914140 nstreams_done_=254000 config.nstreams=400000 avg_latency=0.9233 ms avg throuhgput (requests/sec) = 717.1748 res=false
*==== INFO ====*  stream_id=1017996 latency=0.746483 ms (tx_ts=88669298358237, rx_ts=88669299104720) request_id=6927037 zil_blk_id=1017996 ccf_commit_seqno=6927041 nstreams_done_=254500 config.nstreams=400000 avg_latency=0.9231 ms avg throuhgput (requests/sec) = 717.2634 res=false
*==== INFO ====*  stream_id=1019996 latency=0.779227 ms (tx_ts=88669975549641, rx_ts=88669976328868) request_id=6939700 zil_blk_id=1019996 ccf_commit_seqno=6939705 nstreams_done_=255000 config.nstreams=400000 avg_latency=0.9230 ms avg throuhgput (requests/sec) = 717.3035 res=false
*==== INFO ====*  stream_id=1021996 latency=0.760371 ms (tx_ts=88670671194697, rx_ts=88670671955068) request_id=6952878 zil_blk_id=1021996 ccf_commit_seqno=6952881 nstreams_done_=255500 config.nstreams=400000 avg_latency=0.9229 ms avg throuhgput (requests/sec) = 717.3064 res=false
*==== INFO ====*  stream_id=1023996 latency=0.890576 ms (tx_ts=88671384819515, rx_ts=88671385710091) request_id=6966163 zil_blk_id=1023996 ccf_commit_seqno=6966164 nstreams_done_=256000 config.nstreams=400000 avg_latency=0.9229 ms avg throuhgput (requests/sec) = 717.2728 res=false
*==== INFO ====*  stream_id=1025996 latency=0.819492 ms (tx_ts=88672121760967, rx_ts=88672122580459) request_id=6979223 zil_blk_id=1025996 ccf_commit_seqno=6979224 nstreams_done_=256500 config.nstreams=400000 avg_latency=0.9230 ms avg throuhgput (requests/sec) = 717.1930 res=false
*==== INFO ====*  stream_id=1027996 latency=0.666349 ms (tx_ts=88672781783486, rx_ts=88672782449835) request_id=6992029 zil_blk_id=1027996 ccf_commit_seqno=6992029 nstreams_done_=257000 config.nstreams=400000 avg_latency=0.9229 ms avg throuhgput (requests/sec) = 717.2677 res=false
*==== INFO ====*  stream_id=1029996 latency=0.593600 ms (tx_ts=88673469126791, rx_ts=88673469720391) request_id=7005398 zil_blk_id=1029996 ccf_commit_seqno=7005398 nstreams_done_=257500 config.nstreams=400000 avg_latency=0.9227 ms avg throuhgput (requests/sec) = 717.2873 res=false
*==== INFO ====*  stream_id=1031996 latency=1.250938 ms (tx_ts=88674190170534, rx_ts=88674191421472) request_id=7018535 zil_blk_id=1031996 ccf_commit_seqno=7018547 nstreams_done_=258000 config.nstreams=400000 avg_latency=0.9228 ms avg throuhgput (requests/sec) = 717.2382 res=false
*==== INFO ====*  stream_id=1033996 latency=0.705202 ms (tx_ts=88674912388196, rx_ts=88674913093398) request_id=7031535 zil_blk_id=1033996 ccf_commit_seqno=7031538 nstreams_done_=258500 config.nstreams=400000 avg_latency=0.9228 ms avg throuhgput (requests/sec) = 717.1893 res=false
*==== INFO ====*  stream_id=1035996 latency=0.631146 ms (tx_ts=88675600364038, rx_ts=88675600995184) request_id=7044385 zil_blk_id=1035996 ccf_commit_seqno=7044385 nstreams_done_=259000 config.nstreams=400000 avg_latency=0.9227 ms avg throuhgput (requests/sec) = 717.2077 res=false
*==== INFO ====*  stream_id=1037996 latency=0.863960 ms (tx_ts=88676289486040, rx_ts=88676290350000) request_id=7057164 zil_blk_id=1037996 ccf_commit_seqno=7057166 nstreams_done_=259500 config.nstreams=400000 avg_latency=0.9227 ms avg throuhgput (requests/sec) = 717.2232 res=false
*==== INFO ====*  stream_id=1039996 latency=0.602968 ms (tx_ts=88676949847259, rx_ts=88676950450227) request_id=7069846 zil_blk_id=1039996 ccf_commit_seqno=7069846 nstreams_done_=260000 config.nstreams=400000 avg_latency=0.9226 ms avg throuhgput (requests/sec) = 717.2965 res=false
*==== INFO ====*  stream_id=1041996 latency=1.155731 ms (tx_ts=88677603281423, rx_ts=88677604437154) request_id=7082400 zil_blk_id=1041996 ccf_commit_seqno=7082409 nstreams_done_=260500 config.nstreams=400000 avg_latency=0.9225 ms avg throuhgput (requests/sec) = 717.3815 res=false
*==== INFO ====*  stream_id=1043996 latency=0.964693 ms (tx_ts=88678313203149, rx_ts=88678314167842) request_id=7095104 zil_blk_id=1043996 ccf_commit_seqno=7095106 nstreams_done_=261000 config.nstreams=400000 avg_latency=0.9226 ms avg throuhgput (requests/sec) = 717.3564 res=false
*==== INFO ====*  stream_id=1045996 latency=0.725727 ms (tx_ts=88679101783272, rx_ts=88679102508999) request_id=7108160 zil_blk_id=1045996 ccf_commit_seqno=7108161 nstreams_done_=261500 config.nstreams=400000 avg_latency=0.9228 ms avg throuhgput (requests/sec) = 717.1767 res=false
*==== INFO ====*  stream_id=1047996 latency=0.619781 ms (tx_ts=88679784905834, rx_ts=88679785525615) request_id=7120995 zil_blk_id=1047996 ccf_commit_seqno=7120995 nstreams_done_=262000 config.nstreams=400000 avg_latency=0.9227 ms avg throuhgput (requests/sec) = 717.2045 res=false
*==== INFO ====*  stream_id=1049996 latency=0.611183 ms (tx_ts=88680455613308, rx_ts=88680456224491) request_id=7133979 zil_blk_id=1049996 ccf_commit_seqno=7133979 nstreams_done_=262500 config.nstreams=400000 avg_latency=0.9226 ms avg throuhgput (requests/sec) = 717.2563 res=false
*==== INFO ====*  stream_id=1051996 latency=0.650586 ms (tx_ts=88681094284825, rx_ts=88681094935411) request_id=7146717 zil_blk_id=1051996 ccf_commit_seqno=7146719 nstreams_done_=263000 config.nstreams=400000 avg_latency=0.9224 ms avg throuhgput (requests/sec) = 717.3706 res=false
*==== INFO ====*  stream_id=1053996 latency=1.377917 ms (tx_ts=88681783258384, rx_ts=88681784636301) request_id=7159339 zil_blk_id=1053996 ccf_commit_seqno=7159353 nstreams_done_=263500 config.nstreams=400000 avg_latency=0.9224 ms avg throuhgput (requests/sec) = 717.3848 res=false
*==== INFO ====*  stream_id=1055996 latency=0.764767 ms (tx_ts=88682480317715, rx_ts=88682481082482) request_id=7172622 zil_blk_id=1055996 ccf_commit_seqno=7172626 nstreams_done_=264000 config.nstreams=400000 avg_latency=0.9223 ms avg throuhgput (requests/sec) = 717.3859 res=false
*==== INFO ====*  stream_id=1057996 latency=1.377295 ms (tx_ts=88683196437155, rx_ts=88683197814450) request_id=7185471 zil_blk_id=1057996 ccf_commit_seqno=7185483 nstreams_done_=264500 config.nstreams=400000 avg_latency=0.9224 ms avg throuhgput (requests/sec) = 717.3474 res=false
*==== INFO ====*  stream_id=1059996 latency=0.645722 ms (tx_ts=88683875911250, rx_ts=88683876556972) request_id=7198442 zil_blk_id=1059996 ccf_commit_seqno=7198442 nstreams_done_=265000 config.nstreams=400000 avg_latency=0.9223 ms avg throuhgput (requests/sec) = 717.3829 res=false
*==== INFO ====*  stream_id=1061996 latency=0.612225 ms (tx_ts=88684582989673, rx_ts=88684583601898) request_id=7211766 zil_blk_id=1061996 ccf_commit_seqno=7211766 nstreams_done_=265500 config.nstreams=400000 avg_latency=0.9222 ms avg throuhgput (requests/sec) = 717.3634 res=false
*==== INFO ====*  stream_id=1063996 latency=0.723728 ms (tx_ts=88685254432910, rx_ts=88685255156638) request_id=7224143 zil_blk_id=1063996 ccf_commit_seqno=7224146 nstreams_done_=266000 config.nstreams=400000 avg_latency=0.9222 ms avg throuhgput (requests/sec) = 717.4126 res=false
*==== INFO ====*  stream_id=1065996 latency=0.872271 ms (tx_ts=88685902174185, rx_ts=88685903046456) request_id=7236890 zil_blk_id=1065996 ccf_commit_seqno=7236894 nstreams_done_=266500 config.nstreams=400000 avg_latency=0.9219 ms avg throuhgput (requests/sec) = 717.5074 res=false
*==== INFO ====*  stream_id=1067996 latency=0.879214 ms (tx_ts=88686650866889, rx_ts=88686651746103) request_id=7250077 zil_blk_id=1067996 ccf_commit_seqno=7250083 nstreams_done_=267000 config.nstreams=400000 avg_latency=0.9221 ms avg throuhgput (requests/sec) = 717.4074 res=false
*==== INFO ====*  stream_id=1069996 latency=0.699538 ms (tx_ts=88687339578617, rx_ts=88687340278155) request_id=7263239 zil_blk_id=1069996 ccf_commit_seqno=7263239 nstreams_done_=267500 config.nstreams=400000 avg_latency=0.9221 ms avg throuhgput (requests/sec) = 717.4236 res=false
*==== INFO ====*  stream_id=1071996 latency=0.894592 ms (tx_ts=88688080287442, rx_ts=88688081182034) request_id=7276538 zil_blk_id=1071996 ccf_commit_seqno=7276538 nstreams_done_=268000 config.nstreams=400000 avg_latency=0.9222 ms avg throuhgput (requests/sec) = 717.3392 res=false
*==== INFO ====*  stream_id=1073996 latency=0.654758 ms (tx_ts=88688773904090, rx_ts=88688774558848) request_id=7289621 zil_blk_id=1073996 ccf_commit_seqno=7289622 nstreams_done_=268500 config.nstreams=400000 avg_latency=0.9221 ms avg throuhgput (requests/sec) = 717.3462 res=false
*==== INFO ====*  stream_id=1075996 latency=0.650954 ms (tx_ts=88689447026432, rx_ts=88689447677386) request_id=7302460 zil_blk_id=1075996 ccf_commit_seqno=7302460 nstreams_done_=269000 config.nstreams=400000 avg_latency=0.9220 ms avg throuhgput (requests/sec) = 717.3919 res=false
*==== INFO ====*  stream_id=1077996 latency=0.655065 ms (tx_ts=88690124664258, rx_ts=88690125319323) request_id=7315103 zil_blk_id=1077996 ccf_commit_seqno=7315104 nstreams_done_=269500 config.nstreams=400000 avg_latency=0.9218 ms avg throuhgput (requests/sec) = 717.4288 res=false
*==== INFO ====*  stream_id=1079996 latency=1.320268 ms (tx_ts=88690834433077, rx_ts=88690835753345) request_id=7327625 zil_blk_id=1079996 ccf_commit_seqno=7327628 nstreams_done_=270000 config.nstreams=400000 avg_latency=0.9217 ms avg throuhgput (requests/sec) = 717.4031 res=false
*==== INFO ====*  stream_id=1081996 latency=0.751352 ms (tx_ts=88691524641254, rx_ts=88691525392606) request_id=7340140 zil_blk_id=1081996 ccf_commit_seqno=7340143 nstreams_done_=270500 config.nstreams=400000 avg_latency=0.9216 ms avg throuhgput (requests/sec) = 717.4170 res=false
*==== INFO ====*  stream_id=1083996 latency=0.828609 ms (tx_ts=88692236600018, rx_ts=88692237428627) request_id=7353151 zil_blk_id=1083996 ccf_commit_seqno=7353155 nstreams_done_=271000 config.nstreams=400000 avg_latency=0.9216 ms avg throuhgput (requests/sec) = 717.3883 res=false
*==== INFO ====*  stream_id=1085996 latency=0.762966 ms (tx_ts=88692971748987, rx_ts=88692972511953) request_id=7366335 zil_blk_id=1085996 ccf_commit_seqno=7366339 nstreams_done_=271500 config.nstreams=400000 avg_latency=0.9217 ms avg throuhgput (requests/sec) = 717.3161 res=false
*==== INFO ====*  stream_id=1087996 latency=0.747758 ms (tx_ts=88693605794325, rx_ts=88693606542083) request_id=7378949 zil_blk_id=1087996 ccf_commit_seqno=7378949 nstreams_done_=272000 config.nstreams=400000 avg_latency=0.9215 ms avg throuhgput (requests/sec) = 717.4353 res=false
*==== INFO ====*  stream_id=1089996 latency=0.916197 ms (tx_ts=88694330679949, rx_ts=88694331596146) request_id=7391992 zil_blk_id=1089996 ccf_commit_seqno=7391993 nstreams_done_=272500 config.nstreams=400000 avg_latency=0.9215 ms avg throuhgput (requests/sec) = 717.3822 res=false
*==== INFO ====*  stream_id=1091996 latency=0.835953 ms (tx_ts=88694971449404, rx_ts=88694972285357) request_id=7404418 zil_blk_id=1091996 ccf_commit_seqno=7404421 nstreams_done_=273000 config.nstreams=400000 avg_latency=0.9214 ms avg throuhgput (requests/sec) = 717.4883 res=false
*==== INFO ====*  stream_id=1093996 latency=0.910232 ms (tx_ts=88695646541559, rx_ts=88695647451791) request_id=7417270 zil_blk_id=1093996 ccf_commit_seqno=7417276 nstreams_done_=273500 config.nstreams=400000 avg_latency=0.9213 ms avg throuhgput (requests/sec) = 717.5292 res=false
*==== INFO ====*  stream_id=1095996 latency=1.261509 ms (tx_ts=88696375348458, rx_ts=88696376609967) request_id=7430426 zil_blk_id=1095996 ccf_commit_seqno=7430428 nstreams_done_=274000 config.nstreams=400000 avg_latency=0.9214 ms avg throuhgput (requests/sec) = 717.4685 res=false
*==== INFO ====*  stream_id=1097996 latency=0.686251 ms (tx_ts=88697085436804, rx_ts=88697086123055) request_id=7443632 zil_blk_id=1097996 ccf_commit_seqno=7443633 nstreams_done_=274500 config.nstreams=400000 avg_latency=0.9214 ms avg throuhgput (requests/sec) = 717.4448 res=false
*==== INFO ====*  stream_id=1099996 latency=0.804244 ms (tx_ts=88697778123115, rx_ts=88697778927359) request_id=7456596 zil_blk_id=1099996 ccf_commit_seqno=7456597 nstreams_done_=275000 config.nstreams=400000 avg_latency=0.9214 ms avg throuhgput (requests/sec) = 717.4525 res=false
*==== INFO ====*  stream_id=1101996 latency=0.801479 ms (tx_ts=88698459215612, rx_ts=88698460017091) request_id=7469531 zil_blk_id=1101996 ccf_commit_seqno=7469532 nstreams_done_=275500 config.nstreams=400000 avg_latency=0.9213 ms avg throuhgput (requests/sec) = 717.4820 res=false
*==== INFO ====*  stream_id=1103996 latency=1.389935 ms (tx_ts=88699175087918, rx_ts=88699176477853) request_id=7482338 zil_blk_id=1103996 ccf_commit_seqno=7482346 nstreams_done_=276000 config.nstreams=400000 avg_latency=0.9214 ms avg throuhgput (requests/sec) = 717.4455 res=false
*==== INFO ====*  stream_id=1105996 latency=1.172993 ms (tx_ts=88699873179742, rx_ts=88699874352735) request_id=7495369 zil_blk_id=1105996 ccf_commit_seqno=7495377 nstreams_done_=276500 config.nstreams=400000 avg_latency=0.9214 ms avg throuhgput (requests/sec) = 717.4437 res=false
*==== INFO ====*  stream_id=1107996 latency=0.838883 ms (tx_ts=88700557434307, rx_ts=88700558273190) request_id=7508569 zil_blk_id=1107996 ccf_commit_seqno=7508570 nstreams_done_=277000 config.nstreams=400000 avg_latency=0.9213 ms avg throuhgput (requests/sec) = 717.4679 res=false
*==== INFO ====*  stream_id=1109996 latency=0.970401 ms (tx_ts=88701226342340, rx_ts=88701227312741) request_id=7521646 zil_blk_id=1109996 ccf_commit_seqno=7521650 nstreams_done_=277500 config.nstreams=400000 avg_latency=0.9211 ms avg throuhgput (requests/sec) = 717.5196 res=false
*==== INFO ====*  stream_id=1111996 latency=1.271307 ms (tx_ts=88701954206663, rx_ts=88701955477970) request_id=7535041 zil_blk_id=1111996 ccf_commit_seqno=7535046 nstreams_done_=278000 config.nstreams=400000 avg_latency=0.9211 ms avg throuhgput (requests/sec) = 717.4616 res=false
*==== INFO ====*  stream_id=1113996 latency=0.693297 ms (tx_ts=88702645734775, rx_ts=88702646428072) request_id=7548193 zil_blk_id=1113996 ccf_commit_seqno=7548193 nstreams_done_=278500 config.nstreams=400000 avg_latency=0.9210 ms avg throuhgput (requests/sec) = 717.4726 res=false
*==== INFO ====*  stream_id=1115996 latency=0.751130 ms (tx_ts=88703365566724, rx_ts=88703366317854) request_id=7561044 zil_blk_id=1115996 ccf_commit_seqno=7561044 nstreams_done_=279000 config.nstreams=400000 avg_latency=0.9211 ms avg throuhgput (requests/sec) = 717.4302 res=false
*==== INFO ====*  stream_id=1117996 latency=0.984917 ms (tx_ts=88704073065248, rx_ts=88704074050165) request_id=7573872 zil_blk_id=1117996 ccf_commit_seqno=7573875 nstreams_done_=279500 config.nstreams=400000 avg_latency=0.9212 ms avg throuhgput (requests/sec) = 717.4103 res=false
*==== INFO ====*  stream_id=1119996 latency=2.229779 ms (tx_ts=88704833414973, rx_ts=88704835644752) request_id=7587302 zil_blk_id=1119996 ccf_commit_seqno=7587315 nstreams_done_=280000 config.nstreams=400000 avg_latency=0.9213 ms avg throuhgput (requests/sec) = 717.2915 res=false
*==== INFO ====*  stream_id=1121996 latency=0.657048 ms (tx_ts=88705514144722, rx_ts=88705514801770) request_id=7600221 zil_blk_id=1121996 ccf_commit_seqno=7600222 nstreams_done_=280500 config.nstreams=400000 avg_latency=0.9212 ms avg throuhgput (requests/sec) = 717.3243 res=false
*==== INFO ====*  stream_id=1123996 latency=0.786162 ms (tx_ts=88706173512867, rx_ts=88706174299029) request_id=7613056 zil_blk_id=1123996 ccf_commit_seqno=7613060 nstreams_done_=281000 config.nstreams=400000 avg_latency=0.9211 ms avg throuhgput (requests/sec) = 717.3931 res=false
*==== INFO ====*  stream_id=1125996 latency=0.872541 ms (tx_ts=88706877797861, rx_ts=88706878670402) request_id=7625900 zil_blk_id=1125996 ccf_commit_seqno=7625903 nstreams_done_=281500 config.nstreams=400000 avg_latency=0.9211 ms avg throuhgput (requests/sec) = 717.3795 res=false
*==== INFO ====*  stream_id=1127996 latency=0.703004 ms (tx_ts=88707588705795, rx_ts=88707589408799) request_id=7638563 zil_blk_id=1127996 ccf_commit_seqno=7638563 nstreams_done_=282000 config.nstreams=400000 avg_latency=0.9212 ms avg throuhgput (requests/sec) = 717.3544 res=false
*==== INFO ====*  stream_id=1129996 latency=0.826048 ms (tx_ts=88708265589714, rx_ts=88708266415762) request_id=7651126 zil_blk_id=1129996 ccf_commit_seqno=7651128 nstreams_done_=282500 config.nstreams=400000 avg_latency=0.9212 ms avg throuhgput (requests/sec) = 717.3908 res=false
*==== INFO ====*  stream_id=1131996 latency=0.823379 ms (tx_ts=88708960774256, rx_ts=88708961597635) request_id=7663885 zil_blk_id=1131996 ccf_commit_seqno=7663889 nstreams_done_=283000 config.nstreams=400000 avg_latency=0.9212 ms avg throuhgput (requests/sec) = 717.3941 res=false
*==== INFO ====*  stream_id=1133996 latency=0.775613 ms (tx_ts=88709611267358, rx_ts=88709612042971) request_id=7676761 zil_blk_id=1133996 ccf_commit_seqno=7676763 nstreams_done_=283500 config.nstreams=400000 avg_latency=0.9210 ms avg throuhgput (requests/sec) = 717.4786 res=false
*==== INFO ====*  stream_id=1135996 latency=0.789619 ms (tx_ts=88710287159027, rx_ts=88710287948646) request_id=7689694 zil_blk_id=1135996 ccf_commit_seqno=7689700 nstreams_done_=284000 config.nstreams=400000 avg_latency=0.9210 ms avg throuhgput (requests/sec) = 717.5166 res=false
*==== INFO ====*  stream_id=1137996 latency=1.284613 ms (tx_ts=88711029807520, rx_ts=88711031092133) request_id=7703232 zil_blk_id=1137996 ccf_commit_seqno=7703237 nstreams_done_=284500 config.nstreams=400000 avg_latency=0.9211 ms avg throuhgput (requests/sec) = 717.4328 res=false
*==== INFO ====*  stream_id=1139996 latency=0.758584 ms (tx_ts=88711728669237, rx_ts=88711729427821) request_id=7716547 zil_blk_id=1139996 ccf_commit_seqno=7716549 nstreams_done_=285000 config.nstreams=400000 avg_latency=0.9210 ms avg throuhgput (requests/sec) = 717.4303 res=false
*==== INFO ====*  stream_id=1141996 latency=0.775693 ms (tx_ts=88712463326319, rx_ts=88712464102012) request_id=7729516 zil_blk_id=1141996 ccf_commit_seqno=7729519 nstreams_done_=285500 config.nstreams=400000 avg_latency=0.9211 ms avg throuhgput (requests/sec) = 717.3622 res=false
*==== INFO ====*  stream_id=1143996 latency=0.624202 ms (tx_ts=88713134562710, rx_ts=88713135186912) request_id=7742107 zil_blk_id=1143996 ccf_commit_seqno=7742109 nstreams_done_=286000 config.nstreams=400000 avg_latency=0.9210 ms avg throuhgput (requests/sec) = 717.4089 res=false
*==== INFO ====*  stream_id=1145996 latency=0.614826 ms (tx_ts=88713866973146, rx_ts=88713867587972) request_id=7755163 zil_blk_id=1145996 ccf_commit_seqno=7755163 nstreams_done_=286500 config.nstreams=400000 avg_latency=0.9211 ms avg throuhgput (requests/sec) = 717.3452 res=false
*==== INFO ====*  stream_id=1147996 latency=0.746205 ms (tx_ts=88714591424657, rx_ts=88714592170862) request_id=7768019 zil_blk_id=1147996 ccf_commit_seqno=7768021 nstreams_done_=287000 config.nstreams=400000 avg_latency=0.9212 ms avg throuhgput (requests/sec) = 717.2958 res=false
*==== INFO ====*  stream_id=1149996 latency=0.771803 ms (tx_ts=88715221434259, rx_ts=88715222206062) request_id=7780586 zil_blk_id=1149996 ccf_commit_seqno=7780587 nstreams_done_=287500 config.nstreams=400000 avg_latency=0.9210 ms avg throuhgput (requests/sec) = 717.4157 res=false
*==== INFO ====*  stream_id=1151996 latency=0.847996 ms (tx_ts=88715909204065, rx_ts=88715910052061) request_id=7793444 zil_blk_id=1151996 ccf_commit_seqno=7793449 nstreams_done_=288000 config.nstreams=400000 avg_latency=0.9209 ms avg throuhgput (requests/sec) = 717.4320 res=false
*==== INFO ====*  stream_id=1153996 latency=1.965164 ms (tx_ts=88716592817316, rx_ts=88716594782480) request_id=7806645 zil_blk_id=1153996 ccf_commit_seqno=7806649 nstreams_done_=288500 config.nstreams=400000 avg_latency=0.9208 ms avg throuhgput (requests/sec) = 717.4538 res=false
*==== INFO ====*  stream_id=1155996 latency=0.715518 ms (tx_ts=88717278459147, rx_ts=88717279174665) request_id=7819502 zil_blk_id=1155996 ccf_commit_seqno=7819504 nstreams_done_=289000 config.nstreams=400000 avg_latency=0.9208 ms avg throuhgput (requests/sec) = 717.4761 res=false
*==== INFO ====*  stream_id=1157996 latency=1.091420 ms (tx_ts=88717919630919, rx_ts=88717920722339) request_id=7831981 zil_blk_id=1157996 ccf_commit_seqno=7831983 nstreams_done_=289500 config.nstreams=400000 avg_latency=0.9207 ms avg throuhgput (requests/sec) = 717.5745 res=false
*==== INFO ====*  stream_id=1159996 latency=0.624368 ms (tx_ts=88718621851498, rx_ts=88718622475866) request_id=7844643 zil_blk_id=1159996 ccf_commit_seqno=7844643 nstreams_done_=290000 config.nstreams=400000 avg_latency=0.9208 ms avg throuhgput (requests/sec) = 717.5657 res=false
*==== INFO ====*  stream_id=1161996 latency=0.750082 ms (tx_ts=88719295635570, rx_ts=88719296385652) request_id=7857189 zil_blk_id=1161996 ccf_commit_seqno=7857189 nstreams_done_=290500 config.nstreams=400000 avg_latency=0.9208 ms avg throuhgput (requests/sec) = 717.6063 res=false
*==== INFO ====*  stream_id=1163996 latency=0.830760 ms (tx_ts=88719979282822, rx_ts=88719980113582) request_id=7869827 zil_blk_id=1163996 ccf_commit_seqno=7869829 nstreams_done_=291000 config.nstreams=400000 avg_latency=0.9208 ms avg throuhgput (requests/sec) = 717.6293 res=false
*==== INFO ====*  stream_id=1165996 latency=0.733185 ms (tx_ts=88720709515485, rx_ts=88720710248670) request_id=7882852 zil_blk_id=1165996 ccf_commit_seqno=7882853 nstreams_done_=291500 config.nstreams=400000 avg_latency=0.9209 ms avg throuhgput (requests/sec) = 717.5703 res=false
*==== INFO ====*  stream_id=1167996 latency=0.940711 ms (tx_ts=88721430754299, rx_ts=88721431695010) request_id=7895941 zil_blk_id=1167996 ccf_commit_seqno=7895944 nstreams_done_=292000 config.nstreams=400000 avg_latency=0.9209 ms avg throuhgput (requests/sec) = 717.5269 res=false
*==== INFO ====*  stream_id=1169996 latency=0.775190 ms (tx_ts=88722097331380, rx_ts=88722098106570) request_id=7908919 zil_blk_id=1169996 ccf_commit_seqno=7908921 nstreams_done_=292500 config.nstreams=400000 avg_latency=0.9208 ms avg throuhgput (requests/sec) = 717.5804 res=false
*==== INFO ====*  stream_id=1171996 latency=0.798974 ms (tx_ts=88722846938453, rx_ts=88722847737427) request_id=7922121 zil_blk_id=1171996 ccf_commit_seqno=7922123 nstreams_done_=293000 config.nstreams=400000 avg_latency=0.9208 ms avg throuhgput (requests/sec) = 717.4876 res=false
*==== INFO ====*  stream_id=1173996 latency=0.811683 ms (tx_ts=88723580969853, rx_ts=88723581781536) request_id=7935302 zil_blk_id=1173996 ccf_commit_seqno=7935305 nstreams_done_=293500 config.nstreams=400000 avg_latency=0.9209 ms avg throuhgput (requests/sec) = 717.4224 res=false
*==== INFO ====*  stream_id=1175996 latency=1.062424 ms (tx_ts=88724267098952, rx_ts=88724268161376) request_id=7948715 zil_blk_id=1175996 ccf_commit_seqno=7948716 nstreams_done_=294000 config.nstreams=400000 avg_latency=0.9207 ms avg throuhgput (requests/sec) = 717.4409 res=false
*==== INFO ====*  stream_id=1177996 latency=0.843061 ms (tx_ts=88724963272319, rx_ts=88724964115380) request_id=7961474 zil_blk_id=1177996 ccf_commit_seqno=7961474 nstreams_done_=294500 config.nstreams=400000 avg_latency=0.9207 ms avg throuhgput (requests/sec) = 717.4425 res=false
*==== INFO ====*  stream_id=1179996 latency=0.788637 ms (tx_ts=88725717750819, rx_ts=88725718539456) request_id=7974614 zil_blk_id=1179996 ccf_commit_seqno=7974615 nstreams_done_=295000 config.nstreams=400000 avg_latency=0.9209 ms avg throuhgput (requests/sec) = 717.3422 res=false
*==== INFO ====*  stream_id=1181996 latency=0.735273 ms (tx_ts=88726399917305, rx_ts=88726400652578) request_id=7987228 zil_blk_id=1181996 ccf_commit_seqno=7987229 nstreams_done_=295500 config.nstreams=400000 avg_latency=0.9208 ms avg throuhgput (requests/sec) = 717.3682 res=false
*==== INFO ====*  stream_id=1183996 latency=0.642121 ms (tx_ts=88727140258103, rx_ts=88727140900224) request_id=8000546 zil_blk_id=1183996 ccf_commit_seqno=8000546 nstreams_done_=296000 config.nstreams=400000 avg_latency=0.9209 ms avg throuhgput (requests/sec) = 717.2930 res=false
*==== INFO ====*  stream_id=1185996 latency=0.822448 ms (tx_ts=88727800819386, rx_ts=88727801641834) request_id=8013303 zil_blk_id=1185996 ccf_commit_seqno=8013306 nstreams_done_=296500 config.nstreams=400000 avg_latency=0.9208 ms avg throuhgput (requests/sec) = 717.3560 res=false
*==== INFO ====*  stream_id=1187996 latency=0.681371 ms (tx_ts=88728544120475, rx_ts=88728544801846) request_id=8026273 zil_blk_id=1187996 ccf_commit_seqno=8026273 nstreams_done_=297000 config.nstreams=400000 avg_latency=0.9209 ms avg throuhgput (requests/sec) = 717.2761 res=false
*==== INFO ====*  stream_id=1189996 latency=0.815745 ms (tx_ts=88729286425302, rx_ts=88729287241047) request_id=8039565 zil_blk_id=1189996 ccf_commit_seqno=8039567 nstreams_done_=297500 config.nstreams=400000 avg_latency=0.9210 ms avg throuhgput (requests/sec) = 717.1976 res=false
*==== INFO ====*  stream_id=1191996 latency=0.870172 ms (tx_ts=88729974223730, rx_ts=88729975093902) request_id=8052916 zil_blk_id=1191996 ccf_commit_seqno=8052920 nstreams_done_=298000 config.nstreams=400000 avg_latency=0.9209 ms avg throuhgput (requests/sec) = 717.2137 res=false
*==== INFO ====*  stream_id=1193996 latency=0.912576 ms (tx_ts=88730666716815, rx_ts=88730667629391) request_id=8066219 zil_blk_id=1193996 ccf_commit_seqno=8066220 nstreams_done_=298500 config.nstreams=400000 avg_latency=0.9209 ms avg throuhgput (requests/sec) = 717.2216 res=false
*==== INFO ====*  stream_id=1195996 latency=0.742829 ms (tx_ts=88731301348390, rx_ts=88731302091219) request_id=8079050 zil_blk_id=1195996 ccf_commit_seqno=8079053 nstreams_done_=299000 config.nstreams=400000 avg_latency=0.9207 ms avg throuhgput (requests/sec) = 717.3295 res=false
*==== INFO ====*  stream_id=1197996 latency=0.730553 ms (tx_ts=88731964628906, rx_ts=88731965359459) request_id=8092007 zil_blk_id=1197996 ccf_commit_seqno=8092007 nstreams_done_=299500 config.nstreams=400000 avg_latency=0.9206 ms avg throuhgput (requests/sec) = 717.3875 res=false
*==== INFO ====*  stream_id=1199996 latency=1.069059 ms (tx_ts=88732701057836, rx_ts=88732702126895) request_id=8105163 zil_blk_id=1199996 ccf_commit_seqno=8105166 nstreams_done_=300000 config.nstreams=400000 avg_latency=0.9206 ms avg throuhgput (requests/sec) = 717.3192 res=false
*==== INFO ====*  stream_id=1201996 latency=1.184755 ms (tx_ts=88733412538387, rx_ts=88733413723142) request_id=8118164 zil_blk_id=1201996 ccf_commit_seqno=8118165 nstreams_done_=300500 config.nstreams=400000 avg_latency=0.9206 ms avg throuhgput (requests/sec) = 717.2943 res=false
*==== INFO ====*  stream_id=1203996 latency=1.365562 ms (tx_ts=88734152091086, rx_ts=88734153456648) request_id=8131296 zil_blk_id=1203996 ccf_commit_seqno=8131303 nstreams_done_=301000 config.nstreams=400000 avg_latency=0.9207 ms avg throuhgput (requests/sec) = 717.2214 res=false
*==== INFO ====*  stream_id=1205996 latency=0.614479 ms (tx_ts=88734925581280, rx_ts=88734926195759) request_id=8144319 zil_blk_id=1205996 ccf_commit_seqno=8144319 nstreams_done_=301500 config.nstreams=400000 avg_latency=0.9209 ms avg throuhgput (requests/sec) = 717.0924 res=false
*==== INFO ====*  stream_id=1207996 latency=0.673489 ms (tx_ts=88735614530574, rx_ts=88735615204063) request_id=8157167 zil_blk_id=1207996 ccf_commit_seqno=8157168 nstreams_done_=302000 config.nstreams=400000 avg_latency=0.9209 ms avg throuhgput (requests/sec) = 717.1064 res=false
*==== INFO ====*  stream_id=1209996 latency=1.420797 ms (tx_ts=88736322214416, rx_ts=88736323635213) request_id=8169667 zil_blk_id=1209996 ccf_commit_seqno=8169678 nstreams_done_=302500 config.nstreams=400000 avg_latency=0.9210 ms avg throuhgput (requests/sec) = 717.0874 res=false
*==== INFO ====*  stream_id=1211996 latency=0.805967 ms (tx_ts=88737026889211, rx_ts=88737027695178) request_id=8182748 zil_blk_id=1211996 ccf_commit_seqno=8182750 nstreams_done_=303000 config.nstreams=400000 avg_latency=0.9210 ms avg throuhgput (requests/sec) = 717.0759 res=false
*==== INFO ====*  stream_id=1213996 latency=1.322990 ms (tx_ts=88737802703108, rx_ts=88737804026098) request_id=8195715 zil_blk_id=1213996 ccf_commit_seqno=8195718 nstreams_done_=303500 config.nstreams=400000 avg_latency=0.9212 ms avg throuhgput (requests/sec) = 716.9420 res=false
*==== INFO ====*  stream_id=1215996 latency=0.852952 ms (tx_ts=88738483174406, rx_ts=88738484027358) request_id=8208122 zil_blk_id=1215996 ccf_commit_seqno=8208124 nstreams_done_=304000 config.nstreams=400000 avg_latency=0.9212 ms avg throuhgput (requests/sec) = 716.9714 res=false
*==== INFO ====*  stream_id=1217996 latency=0.729274 ms (tx_ts=88739140812133, rx_ts=88739141541407) request_id=8221069 zil_blk_id=1217996 ccf_commit_seqno=8221069 nstreams_done_=304500 config.nstreams=400000 avg_latency=0.9210 ms avg throuhgput (requests/sec) = 717.0387 res=false
*==== INFO ====*  stream_id=1219996 latency=0.957613 ms (tx_ts=88739836671246, rx_ts=88739837628859) request_id=8234077 zil_blk_id=1219996 ccf_commit_seqno=8234080 nstreams_done_=305000 config.nstreams=400000 avg_latency=0.9210 ms avg throuhgput (requests/sec) = 717.0408 res=false
*==== INFO ====*  stream_id=1221996 latency=0.761945 ms (tx_ts=88740540134192, rx_ts=88740540896137) request_id=8246906 zil_blk_id=1221996 ccf_commit_seqno=8246911 nstreams_done_=305500 config.nstreams=400000 avg_latency=0.9210 ms avg throuhgput (requests/sec) = 717.0308 res=false
*==== INFO ====*  stream_id=1223996 latency=1.200896 ms (tx_ts=88741240281781, rx_ts=88741241482677) request_id=8259848 zil_blk_id=1223996 ccf_commit_seqno=8259849 nstreams_done_=306000 config.nstreams=400000 avg_latency=0.9210 ms avg throuhgput (requests/sec) = 717.0253 res=false
*==== INFO ====*  stream_id=1225996 latency=1.568005 ms (tx_ts=88741908277434, rx_ts=88741909845439) request_id=8272824 zil_blk_id=1225996 ccf_commit_seqno=8272826 nstreams_done_=306500 config.nstreams=400000 avg_latency=0.9209 ms avg throuhgput (requests/sec) = 717.0739 res=false
*==== INFO ====*  stream_id=1227996 latency=0.717263 ms (tx_ts=88742618126793, rx_ts=88742618844056) request_id=8285813 zil_blk_id=1227996 ccf_commit_seqno=8285813 nstreams_done_=307000 config.nstreams=400000 avg_latency=0.9209 ms avg throuhgput (requests/sec) = 717.0542 res=false
*==== INFO ====*  stream_id=1229996 latency=1.199563 ms (tx_ts=88743352551843, rx_ts=88743353751406) request_id=8298599 zil_blk_id=1229996 ccf_commit_seqno=8298609 nstreams_done_=307500 config.nstreams=400000 avg_latency=0.9210 ms avg throuhgput (requests/sec) = 716.9914 res=false
*==== INFO ====*  stream_id=1231996 latency=0.839990 ms (tx_ts=88744059131553, rx_ts=88744059971543) request_id=8311822 zil_blk_id=1231996 ccf_commit_seqno=8311826 nstreams_done_=308000 config.nstreams=400000 avg_latency=0.9210 ms avg throuhgput (requests/sec) = 716.9766 res=false
*==== INFO ====*  stream_id=1233996 latency=0.656066 ms (tx_ts=88744770154950, rx_ts=88744770811016) request_id=8324779 zil_blk_id=1233996 ccf_commit_seqno=8324779 nstreams_done_=308500 config.nstreams=400000 avg_latency=0.9210 ms avg throuhgput (requests/sec) = 716.9541 res=false
*==== INFO ====*  stream_id=1235996 latency=0.751074 ms (tx_ts=88745416981922, rx_ts=88745417732996) request_id=8337555 zil_blk_id=1235996 ccf_commit_seqno=8337556 nstreams_done_=309000 config.nstreams=400000 avg_latency=0.9209 ms avg throuhgput (requests/sec) = 717.0381 res=false
*==== INFO ====*  stream_id=1237996 latency=0.751345 ms (tx_ts=88746096837155, rx_ts=88746097588500) request_id=8350597 zil_blk_id=1237996 ccf_commit_seqno=8350601 nstreams_done_=309500 config.nstreams=400000 avg_latency=0.9208 ms avg throuhgput (requests/sec) = 717.0671 res=false
*==== INFO ====*  stream_id=1239996 latency=0.926273 ms (tx_ts=88746835592477, rx_ts=88746836518750) request_id=8363587 zil_blk_id=1239996 ccf_commit_seqno=8363589 nstreams_done_=310000 config.nstreams=400000 avg_latency=0.9209 ms avg throuhgput (requests/sec) = 716.9980 res=false
*==== INFO ====*  stream_id=1241996 latency=0.707139 ms (tx_ts=88747508491339, rx_ts=88747509198478) request_id=8375954 zil_blk_id=1241996 ccf_commit_seqno=8375955 nstreams_done_=310500 config.nstreams=400000 avg_latency=0.9209 ms avg throuhgput (requests/sec) = 717.0389 res=false
*==== INFO ====*  stream_id=1243996 latency=0.662223 ms (tx_ts=88748128175416, rx_ts=88748128837639) request_id=8388405 zil_blk_id=1243996 ccf_commit_seqno=8388406 nstreams_done_=311000 config.nstreams=400000 avg_latency=0.9207 ms avg throuhgput (requests/sec) = 717.1673 res=false
*==== INFO ====*  stream_id=1245996 latency=0.692444 ms (tx_ts=88748996095783, rx_ts=88748996788227) request_id=8401005 zil_blk_id=1245996 ccf_commit_seqno=8401007 nstreams_done_=311500 config.nstreams=400000 avg_latency=0.9212 ms avg throuhgput (requests/sec) = 716.8855 res=false
*==== INFO ====*  stream_id=1247996 latency=0.746646 ms (tx_ts=88749633741935, rx_ts=88749634488581) request_id=8413673 zil_blk_id=1247996 ccf_commit_seqno=8413675 nstreams_done_=312000 config.nstreams=400000 avg_latency=0.9210 ms avg throuhgput (requests/sec) = 716.9839 res=false
*==== INFO ====*  stream_id=1249996 latency=0.786550 ms (tx_ts=88750354901635, rx_ts=88750355688185) request_id=8426641 zil_blk_id=1249996 ccf_commit_seqno=8426645 nstreams_done_=312500 config.nstreams=400000 avg_latency=0.9211 ms avg throuhgput (requests/sec) = 716.9447 res=false
*==== INFO ====*  stream_id=1251996 latency=0.644679 ms (tx_ts=88751038670257, rx_ts=88751039314936) request_id=8439282 zil_blk_id=1251996 ccf_commit_seqno=8439282 nstreams_done_=313000 config.nstreams=400000 avg_latency=0.9211 ms avg throuhgput (requests/sec) = 716.9673 res=false
*==== INFO ====*  stream_id=1253996 latency=0.937143 ms (tx_ts=88751700720610, rx_ts=88751701657753) request_id=8452294 zil_blk_id=1253996 ccf_commit_seqno=8452300 nstreams_done_=313500 config.nstreams=400000 avg_latency=0.9209 ms avg throuhgput (requests/sec) = 717.0248 res=false
*==== INFO ====*  stream_id=1255996 latency=0.839803 ms (tx_ts=88752323548442, rx_ts=88752324388245) request_id=8464923 zil_blk_id=1255996 ccf_commit_seqno=8464925 nstreams_done_=314000 config.nstreams=400000 avg_latency=0.9208 ms avg throuhgput (requests/sec) = 717.1470 res=false
*==== INFO ====*  stream_id=1257996 latency=0.710518 ms (tx_ts=88752987884599, rx_ts=88752988595117) request_id=8477788 zil_blk_id=1257996 ccf_commit_seqno=8477789 nstreams_done_=314500 config.nstreams=400000 avg_latency=0.9207 ms avg throuhgput (requests/sec) = 717.2009 res=false
*==== INFO ====*  stream_id=1259996 latency=0.829827 ms (tx_ts=88753683756964, rx_ts=88753684586791) request_id=8490711 zil_blk_id=1259996 ccf_commit_seqno=8490715 nstreams_done_=315000 config.nstreams=400000 avg_latency=0.9207 ms avg throuhgput (requests/sec) = 717.2028 res=false
*==== INFO ====*  stream_id=1261996 latency=0.713532 ms (tx_ts=88754351467555, rx_ts=88754352181087) request_id=8503679 zil_blk_id=1261996 ccf_commit_seqno=8503681 nstreams_done_=315500 config.nstreams=400000 avg_latency=0.9205 ms avg throuhgput (requests/sec) = 717.2510 res=false
*==== INFO ====*  stream_id=1263996 latency=0.836344 ms (tx_ts=88755032111246, rx_ts=88755032947590) request_id=8516628 zil_blk_id=1263996 ccf_commit_seqno=8516632 nstreams_done_=316000 config.nstreams=400000 avg_latency=0.9204 ms avg throuhgput (requests/sec) = 717.2776 res=false
*==== INFO ====*  stream_id=1265996 latency=0.644257 ms (tx_ts=88755723592029, rx_ts=88755724236286) request_id=8528957 zil_blk_id=1265996 ccf_commit_seqno=8528957 nstreams_done_=316500 config.nstreams=400000 avg_latency=0.9204 ms avg throuhgput (requests/sec) = 717.2870 res=false
*==== INFO ====*  stream_id=1267996 latency=1.156652 ms (tx_ts=88756399328036, rx_ts=88756400484688) request_id=8541092 zil_blk_id=1267996 ccf_commit_seqno=8541092 nstreams_done_=317000 config.nstreams=400000 avg_latency=0.9203 ms avg throuhgput (requests/sec) = 717.3208 res=false
*==== INFO ====*  stream_id=1269996 latency=1.430996 ms (tx_ts=88757046124147, rx_ts=88757047555143) request_id=8553004 zil_blk_id=1269996 ccf_commit_seqno=8553011 nstreams_done_=317500 config.nstreams=400000 avg_latency=0.9202 ms avg throuhgput (requests/sec) = 717.4018 res=false
*==== INFO ====*  stream_id=1271996 latency=1.034616 ms (tx_ts=88757734752323, rx_ts=88757735786939) request_id=8565472 zil_blk_id=1271996 ccf_commit_seqno=8565477 nstreams_done_=318000 config.nstreams=400000 avg_latency=0.9201 ms avg throuhgput (requests/sec) = 717.4159 res=false
*==== INFO ====*  stream_id=1273996 latency=0.667028 ms (tx_ts=88758412184199, rx_ts=88758412851227) request_id=8577408 zil_blk_id=1273996 ccf_commit_seqno=8577411 nstreams_done_=318500 config.nstreams=400000 avg_latency=0.9201 ms avg throuhgput (requests/sec) = 717.4481 res=false
*==== INFO ====*  stream_id=1275996 latency=0.646234 ms (tx_ts=88759129584675, rx_ts=88759130230909) request_id=8590602 zil_blk_id=1275996 ccf_commit_seqno=8590602 nstreams_done_=319000 config.nstreams=400000 avg_latency=0.9200 ms avg throuhgput (requests/sec) = 717.4151 res=false
*==== INFO ====*  stream_id=1277996 latency=0.793161 ms (tx_ts=88759742641478, rx_ts=88759743434639) request_id=8602579 zil_blk_id=1277996 ccf_commit_seqno=8602583 nstreams_done_=319500 config.nstreams=400000 avg_latency=0.9198 ms avg throuhgput (requests/sec) = 717.5500 res=false
*==== INFO ====*  stream_id=1279996 latency=0.870127 ms (tx_ts=88760381911982, rx_ts=88760382782109) request_id=8614776 zil_blk_id=1279996 ccf_commit_seqno=8614776 nstreams_done_=320000 config.nstreams=400000 avg_latency=0.9197 ms avg throuhgput (requests/sec) = 717.6425 res=false
*==== INFO ====*  stream_id=1281996 latency=0.601572 ms (tx_ts=88761065980455, rx_ts=88761066582027) request_id=8627109 zil_blk_id=1281996 ccf_commit_seqno=8627109 nstreams_done_=320500 config.nstreams=400000 avg_latency=0.9195 ms avg throuhgput (requests/sec) = 717.6632 res=false
*==== INFO ====*  stream_id=1283996 latency=0.767843 ms (tx_ts=88761833809586, rx_ts=88761834577429) request_id=8639482 zil_blk_id=1283996 ccf_commit_seqno=8639482 nstreams_done_=321000 config.nstreams=400000 avg_latency=0.9197 ms avg throuhgput (requests/sec) = 717.5489 res=false
*==== INFO ====*  stream_id=1285996 latency=1.179987 ms (tx_ts=88762534388919, rx_ts=88762535568906) request_id=8651232 zil_blk_id=1285996 ccf_commit_seqno=8651232 nstreams_done_=321500 config.nstreams=400000 avg_latency=0.9197 ms avg throuhgput (requests/sec) = 717.5422 res=false
*==== INFO ====*  stream_id=1287996 latency=0.631608 ms (tx_ts=88763284421801, rx_ts=88763285053409) request_id=8663632 zil_blk_id=1287996 ccf_commit_seqno=8663632 nstreams_done_=322000 config.nstreams=400000 avg_latency=0.9199 ms avg throuhgput (requests/sec) = 717.4580 res=false
*==== INFO ====*  stream_id=1289996 latency=0.798743 ms (tx_ts=88763994023382, rx_ts=88763994822125) request_id=8675859 zil_blk_id=1289996 ccf_commit_seqno=8675861 nstreams_done_=322500 config.nstreams=400000 avg_latency=0.9199 ms avg throuhgput (requests/sec) = 717.4375 res=false
*==== INFO ====*  stream_id=1291996 latency=1.915001 ms (tx_ts=88764712942401, rx_ts=88764714857402) request_id=8688401 zil_blk_id=1291996 ccf_commit_seqno=8688402 nstreams_done_=323000 config.nstreams=400000 avg_latency=0.9198 ms avg throuhgput (requests/sec) = 717.4006 res=false
*==== INFO ====*  stream_id=1293996 latency=1.004037 ms (tx_ts=88765407147817, rx_ts=88765408151854) request_id=8700864 zil_blk_id=1293996 ccf_commit_seqno=8700864 nstreams_done_=323500 config.nstreams=400000 avg_latency=0.9198 ms avg throuhgput (requests/sec) = 717.4065 res=false
*==== INFO ====*  stream_id=1295996 latency=0.715258 ms (tx_ts=88766087543470, rx_ts=88766088258728) request_id=8713575 zil_blk_id=1295996 ccf_commit_seqno=8713578 nstreams_done_=324000 config.nstreams=400000 avg_latency=0.9197 ms avg throuhgput (requests/sec) = 717.4332 res=false
*==== INFO ====*  stream_id=1297996 latency=0.779804 ms (tx_ts=88766798816202, rx_ts=88766799596006) request_id=8725966 zil_blk_id=1297996 ccf_commit_seqno=8725966 nstreams_done_=324500 config.nstreams=400000 avg_latency=0.9197 ms avg throuhgput (requests/sec) = 717.4104 res=false
*==== INFO ====*  stream_id=1299996 latency=0.775590 ms (tx_ts=88767446511107, rx_ts=88767447286697) request_id=8738280 zil_blk_id=1299996 ccf_commit_seqno=8738282 nstreams_done_=325000 config.nstreams=400000 avg_latency=0.9195 ms avg throuhgput (requests/sec) = 717.4884 res=false
*==== INFO ====*  stream_id=1301996 latency=0.889937 ms (tx_ts=88768170708765, rx_ts=88768171598702) request_id=8750887 zil_blk_id=1301996 ccf_commit_seqno=8750887 nstreams_done_=325500 config.nstreams=400000 avg_latency=0.9196 ms avg throuhgput (requests/sec) = 717.4450 res=false
*==== INFO ====*  stream_id=1303996 latency=0.719350 ms (tx_ts=88768819639944, rx_ts=88768820359294) request_id=8763180 zil_blk_id=1303996 ccf_commit_seqno=8763181 nstreams_done_=326000 config.nstreams=400000 avg_latency=0.9194 ms avg throuhgput (requests/sec) = 717.5210 res=false
*==== INFO ====*  stream_id=1305996 latency=1.728512 ms (tx_ts=88769476688145, rx_ts=88769478416657) request_id=8774512 zil_blk_id=1305996 ccf_commit_seqno=8774515 nstreams_done_=326500 config.nstreams=400000 avg_latency=0.9193 ms avg throuhgput (requests/sec) = 717.5822 res=false
*==== INFO ====*  stream_id=1307996 latency=0.619679 ms (tx_ts=88770158171736, rx_ts=88770158791415) request_id=8786370 zil_blk_id=1307996 ccf_commit_seqno=8786370 nstreams_done_=327000 config.nstreams=400000 avg_latency=0.9193 ms avg throuhgput (requests/sec) = 717.6081 res=false
*==== INFO ====*  stream_id=1309996 latency=0.695500 ms (tx_ts=88770894944252, rx_ts=88770895639752) request_id=8798559 zil_blk_id=1309996 ccf_commit_seqno=8798560 nstreams_done_=327500 config.nstreams=400000 avg_latency=0.9193 ms avg throuhgput (requests/sec) = 717.5450 res=false
*==== INFO ====*  stream_id=1311996 latency=0.860882 ms (tx_ts=88771581347694, rx_ts=88771582208576) request_id=8809985 zil_blk_id=1311996 ccf_commit_seqno=8809989 nstreams_done_=328000 config.nstreams=400000 avg_latency=0.9193 ms avg throuhgput (requests/sec) = 717.5611 res=false
*==== INFO ====*  stream_id=1313996 latency=0.664112 ms (tx_ts=88772229706318, rx_ts=88772230370430) request_id=8821495 zil_blk_id=1313996 ccf_commit_seqno=8821495 nstreams_done_=328500 config.nstreams=400000 avg_latency=0.9192 ms avg throuhgput (requests/sec) = 717.6374 res=false
*==== INFO ====*  stream_id=1315996 latency=0.679340 ms (tx_ts=88772895028346, rx_ts=88772895707686) request_id=8832788 zil_blk_id=1315996 ccf_commit_seqno=8832789 nstreams_done_=329000 config.nstreams=400000 avg_latency=0.9191 ms avg throuhgput (requests/sec) = 717.6865 res=false
*==== INFO ====*  stream_id=1317996 latency=0.854458 ms (tx_ts=88773517438690, rx_ts=88773518293148) request_id=8843948 zil_blk_id=1317996 ccf_commit_seqno=8843952 nstreams_done_=329500 config.nstreams=400000 avg_latency=0.9190 ms avg throuhgput (requests/sec) = 717.8024 res=false
*==== INFO ====*  stream_id=1319996 latency=0.656471 ms (tx_ts=88774184926969, rx_ts=88774185583440) request_id=8855655 zil_blk_id=1319996 ccf_commit_seqno=8855655 nstreams_done_=330000 config.nstreams=400000 avg_latency=0.9189 ms avg throuhgput (requests/sec) = 717.8481 res=false
*==== INFO ====*  stream_id=1321996 latency=0.796800 ms (tx_ts=88774894784186, rx_ts=88774895580986) request_id=8867908 zil_blk_id=1321996 ccf_commit_seqno=8867909 nstreams_done_=330500 config.nstreams=400000 avg_latency=0.9189 ms avg throuhgput (requests/sec) = 717.8271 res=false
*==== INFO ====*  stream_id=1323996 latency=0.854455 ms (tx_ts=88775560259237, rx_ts=88775561113692) request_id=8879401 zil_blk_id=1323996 ccf_commit_seqno=8879406 nstreams_done_=331000 config.nstreams=400000 avg_latency=0.9188 ms avg throuhgput (requests/sec) = 717.8754 res=false
*==== INFO ====*  stream_id=1325996 latency=0.902968 ms (tx_ts=88776259584121, rx_ts=88776260487089) request_id=8891229 zil_blk_id=1325996 ccf_commit_seqno=8891234 nstreams_done_=331500 config.nstreams=400000 avg_latency=0.9188 ms avg throuhgput (requests/sec) = 717.8709 res=false
*==== INFO ====*  stream_id=1327996 latency=0.634005 ms (tx_ts=88776953959040, rx_ts=88776954593045) request_id=8902911 zil_blk_id=1327996 ccf_commit_seqno=8902911 nstreams_done_=332000 config.nstreams=400000 avg_latency=0.9188 ms avg throuhgput (requests/sec) = 717.8746 res=false
*==== INFO ====*  stream_id=1329996 latency=0.849088 ms (tx_ts=88777582594214, rx_ts=88777583443302) request_id=8914048 zil_blk_id=1329996 ccf_commit_seqno=8914051 nstreams_done_=332500 config.nstreams=400000 avg_latency=0.9187 ms avg throuhgput (requests/sec) = 717.9795 res=false
*==== INFO ====*  stream_id=1331996 latency=0.785441 ms (tx_ts=88778198291911, rx_ts=88778199077352) request_id=8925205 zil_blk_id=1331996 ccf_commit_seqno=8925205 nstreams_done_=333000 config.nstreams=400000 avg_latency=0.9185 ms avg throuhgput (requests/sec) = 718.1045 res=false
*==== INFO ====*  stream_id=1333996 latency=0.627364 ms (tx_ts=88778870683436, rx_ts=88778871310800) request_id=8936516 zil_blk_id=1333996 ccf_commit_seqno=8936516 nstreams_done_=333500 config.nstreams=400000 avg_latency=0.9185 ms avg throuhgput (requests/sec) = 718.1417 res=false
*==== INFO ====*  stream_id=1335996 latency=0.905033 ms (tx_ts=88779533974310, rx_ts=88779534879343) request_id=8948068 zil_blk_id=1335996 ccf_commit_seqno=8948073 nstreams_done_=334000 config.nstreams=400000 avg_latency=0.9184 ms avg throuhgput (requests/sec) = 718.1922 res=false
*==== INFO ====*  stream_id=1337996 latency=0.759891 ms (tx_ts=88780198057252, rx_ts=88780198817143) request_id=8959781 zil_blk_id=1337996 ccf_commit_seqno=8959785 nstreams_done_=334500 config.nstreams=400000 avg_latency=0.9183 ms avg throuhgput (requests/sec) = 718.2419 res=false
*==== INFO ====*  stream_id=1339996 latency=1.433640 ms (tx_ts=88780833368724, rx_ts=88780834802364) request_id=8971120 zil_blk_id=1339996 ccf_commit_seqno=8971125 nstreams_done_=335000 config.nstreams=400000 avg_latency=0.9182 ms avg throuhgput (requests/sec) = 718.3346 res=false
*==== INFO ====*  stream_id=1341996 latency=0.731925 ms (tx_ts=88781465325894, rx_ts=88781466057819) request_id=8982320 zil_blk_id=1341996 ccf_commit_seqno=8982321 nstreams_done_=335500 config.nstreams=400000 avg_latency=0.9181 ms avg throuhgput (requests/sec) = 718.4342 res=false
*==== INFO ====*  stream_id=1343996 latency=1.286756 ms (tx_ts=88782084216914, rx_ts=88782085503670) request_id=8993830 zil_blk_id=1343996 ccf_commit_seqno=8993839 nstreams_done_=336000 config.nstreams=400000 avg_latency=0.9179 ms avg throuhgput (requests/sec) = 718.5518 res=false
*==== INFO ====*  stream_id=1345996 latency=1.087022 ms (tx_ts=88782809978937, rx_ts=88782811065959) request_id=9005507 zil_blk_id=1345996 ccf_commit_seqno=9005508 nstreams_done_=336500 config.nstreams=400000 avg_latency=0.9180 ms avg throuhgput (requests/sec) = 718.5062 res=false
*==== INFO ====*  stream_id=1347996 latency=0.688467 ms (tx_ts=88783446957553, rx_ts=88783447646020) request_id=9016964 zil_blk_id=1347996 ccf_commit_seqno=9016967 nstreams_done_=337000 config.nstreams=400000 avg_latency=0.9178 ms avg throuhgput (requests/sec) = 718.5971 res=false
*==== INFO ====*  stream_id=1349996 latency=0.877641 ms (tx_ts=88784125694539, rx_ts=88784126572180) request_id=9028831 zil_blk_id=1349996 ccf_commit_seqno=9028833 nstreams_done_=337500 config.nstreams=400000 avg_latency=0.9178 ms avg throuhgput (requests/sec) = 718.6229 res=false
*==== INFO ====*  stream_id=1351996 latency=0.840101 ms (tx_ts=88784805488098, rx_ts=88784806328199) request_id=9040689 zil_blk_id=1351996 ccf_commit_seqno=9040692 nstreams_done_=338000 config.nstreams=400000 avg_latency=0.9177 ms avg throuhgput (requests/sec) = 718.6473 res=false
*==== INFO ====*  stream_id=1353996 latency=0.832617 ms (tx_ts=88785476696554, rx_ts=88785477529171) request_id=9052416 zil_blk_id=1353996 ccf_commit_seqno=9052420 nstreams_done_=338500 config.nstreams=400000 avg_latency=0.9176 ms avg throuhgput (requests/sec) = 718.6848 res=false
*==== INFO ====*  stream_id=1355996 latency=0.669642 ms (tx_ts=88786169966185, rx_ts=88786170635827) request_id=9064413 zil_blk_id=1355996 ccf_commit_seqno=9064414 nstreams_done_=339000 config.nstreams=400000 avg_latency=0.9175 ms avg throuhgput (requests/sec) = 718.6888 res=false
*==== INFO ====*  stream_id=1357996 latency=0.666285 ms (tx_ts=88786806115512, rx_ts=88786806781797) request_id=9075320 zil_blk_id=1357996 ccf_commit_seqno=9075321 nstreams_done_=339500 config.nstreams=400000 avg_latency=0.9174 ms avg throuhgput (requests/sec) = 718.7794 res=false
*==== INFO ====*  stream_id=1359996 latency=0.612189 ms (tx_ts=88787462696614, rx_ts=88787463308803) request_id=9086364 zil_blk_id=1359996 ccf_commit_seqno=9086364 nstreams_done_=340000 config.nstreams=400000 avg_latency=0.9173 ms avg throuhgput (requests/sec) = 718.8388 res=false
*==== INFO ====*  stream_id=1361996 latency=0.762406 ms (tx_ts=88788097546815, rx_ts=88788098309221) request_id=9097284 zil_blk_id=1361996 ccf_commit_seqno=9097284 nstreams_done_=340500 config.nstreams=400000 avg_latency=0.9171 ms avg throuhgput (requests/sec) = 718.9308 res=false
*==== INFO ====*  stream_id=1363996 latency=0.766984 ms (tx_ts=88788718033270, rx_ts=88788718800254) request_id=9107992 zil_blk_id=1363996 ccf_commit_seqno=9107994 nstreams_done_=341000 config.nstreams=400000 avg_latency=0.9170 ms avg throuhgput (requests/sec) = 719.0444 res=false
*==== INFO ====*  stream_id=1365996 latency=1.267780 ms (tx_ts=88789384698656, rx_ts=88789385966436) request_id=9118880 zil_blk_id=1365996 ccf_commit_seqno=9118891 nstreams_done_=341500 config.nstreams=400000 avg_latency=0.9169 ms avg throuhgput (requests/sec) = 719.0871 res=false
*==== INFO ====*  stream_id=1367996 latency=0.695691 ms (tx_ts=88790045117868, rx_ts=88790045813559) request_id=9129787 zil_blk_id=1367996 ccf_commit_seqno=9129787 nstreams_done_=342000 config.nstreams=400000 avg_latency=0.9168 ms avg throuhgput (requests/sec) = 719.1408 res=false
*==== INFO ====*  stream_id=1369996 latency=0.968651 ms (tx_ts=88790699497742, rx_ts=88790700466393) request_id=9140788 zil_blk_id=1369996 ccf_commit_seqno=9140793 nstreams_done_=342500 config.nstreams=400000 avg_latency=0.9167 ms avg throuhgput (requests/sec) = 719.2021 res=false
*==== INFO ====*  stream_id=1371996 latency=0.733120 ms (tx_ts=88791403388471, rx_ts=88791404121591) request_id=9151479 zil_blk_id=1371996 ccf_commit_seqno=9151480 nstreams_done_=343000 config.nstreams=400000 avg_latency=0.9167 ms avg throuhgput (requests/sec) = 719.1894 res=false
*==== INFO ====*  stream_id=1373996 latency=0.937850 ms (tx_ts=88792068342011, rx_ts=88792069279861) request_id=9162780 zil_blk_id=1373996 ccf_commit_seqno=9162781 nstreams_done_=343500 config.nstreams=400000 avg_latency=0.9166 ms avg throuhgput (requests/sec) = 719.2347 res=false
*==== INFO ====*  stream_id=1375996 latency=1.331990 ms (tx_ts=88792735619788, rx_ts=88792736951778) request_id=9173978 zil_blk_id=1375996 ccf_commit_seqno=9173993 nstreams_done_=344000 config.nstreams=400000 avg_latency=0.9165 ms avg throuhgput (requests/sec) = 719.2760 res=false
*==== INFO ====*  stream_id=1377996 latency=0.674902 ms (tx_ts=88793383552881, rx_ts=88793384227783) request_id=9184942 zil_blk_id=1377996 ccf_commit_seqno=9184943 nstreams_done_=344500 config.nstreams=400000 avg_latency=0.9163 ms avg throuhgput (requests/sec) = 719.3479 res=false
*==== INFO ====*  stream_id=1379996 latency=0.679059 ms (tx_ts=88794020115360, rx_ts=88794020794419) request_id=9194994 zil_blk_id=1379996 ccf_commit_seqno=9194994 nstreams_done_=345000 config.nstreams=400000 avg_latency=0.9162 ms avg throuhgput (requests/sec) = 719.4357 res=false
*==== INFO ====*  stream_id=1381996 latency=0.826296 ms (tx_ts=88794666643015, rx_ts=88794667469311) request_id=9205415 zil_blk_id=1381996 ccf_commit_seqno=9205418 nstreams_done_=345500 config.nstreams=400000 avg_latency=0.9161 ms avg throuhgput (requests/sec) = 719.5081 res=false
*==== INFO ====*  stream_id=1383996 latency=1.070792 ms (tx_ts=88795328950898, rx_ts=88795330021690) request_id=9215882 zil_blk_id=1383996 ccf_commit_seqno=9215885 nstreams_done_=346000 config.nstreams=400000 avg_latency=0.9160 ms avg throuhgput (requests/sec) = 719.5565 res=false
*==== INFO ====*  stream_id=1385996 latency=0.705198 ms (tx_ts=88795959572443, rx_ts=88795960277641) request_id=9225492 zil_blk_id=1385996 ccf_commit_seqno=9225494 nstreams_done_=346500 config.nstreams=400000 avg_latency=0.9159 ms avg throuhgput (requests/sec) = 719.6531 res=false
*==== INFO ====*  stream_id=1387996 latency=0.635749 ms (tx_ts=88796557328872, rx_ts=88796557964621) request_id=9235105 zil_blk_id=1387996 ccf_commit_seqno=9235106 nstreams_done_=347000 config.nstreams=400000 avg_latency=0.9157 ms avg throuhgput (requests/sec) = 719.7980 res=false
*==== INFO ====*  stream_id=1389996 latency=0.718814 ms (tx_ts=88797172377989, rx_ts=88797173096803) request_id=9244887 zil_blk_id=1389996 ccf_commit_seqno=9244888 nstreams_done_=347500 config.nstreams=400000 avg_latency=0.9155 ms avg throuhgput (requests/sec) = 719.9166 res=false
*==== INFO ====*  stream_id=1391996 latency=0.724114 ms (tx_ts=88797819147907, rx_ts=88797819872021) request_id=9254894 zil_blk_id=1391996 ccf_commit_seqno=9254896 nstreams_done_=348000 config.nstreams=400000 avg_latency=0.9153 ms avg throuhgput (requests/sec) = 719.9877 res=false
*==== INFO ====*  stream_id=1393996 latency=0.794305 ms (tx_ts=88798408786451, rx_ts=88798409580756) request_id=9264319 zil_blk_id=1393996 ccf_commit_seqno=9264320 nstreams_done_=348500 config.nstreams=400000 avg_latency=0.9151 ms avg throuhgput (requests/sec) = 720.1435 res=false
*==== INFO ====*  stream_id=1395996 latency=0.676435 ms (tx_ts=88799048654433, rx_ts=88799049330868) request_id=9274192 zil_blk_id=1395996 ccf_commit_seqno=9274195 nstreams_done_=349000 config.nstreams=400000 avg_latency=0.9150 ms avg throuhgput (requests/sec) = 720.2246 res=false
*==== INFO ====*  stream_id=1397996 latency=1.103938 ms (tx_ts=88799659298967, rx_ts=88799660402905) request_id=9283567 zil_blk_id=1397996 ccf_commit_seqno=9283568 nstreams_done_=349500 config.nstreams=400000 avg_latency=0.9148 ms avg throuhgput (requests/sec) = 720.3481 res=false
*==== INFO ====*  stream_id=1399996 latency=0.573623 ms (tx_ts=88800291703782, rx_ts=88800292277405) request_id=9293391 zil_blk_id=1399996 ccf_commit_seqno=9293391 nstreams_done_=350000 config.nstreams=400000 avg_latency=0.9146 ms avg throuhgput (requests/sec) = 720.4403 res=false
*==== INFO ====*  stream_id=1401996 latency=0.744642 ms (tx_ts=88800916774537, rx_ts=88800917519179) request_id=9303099 zil_blk_id=1401996 ccf_commit_seqno=9303103 nstreams_done_=350500 config.nstreams=400000 avg_latency=0.9145 ms avg throuhgput (requests/sec) = 720.5422 res=false
*==== INFO ====*  stream_id=1403996 latency=0.583391 ms (tx_ts=88801524213435, rx_ts=88801524796826) request_id=9312680 zil_blk_id=1403996 ccf_commit_seqno=9312680 nstreams_done_=351000 config.nstreams=400000 avg_latency=0.9143 ms avg throuhgput (requests/sec) = 720.6704 res=false
*==== INFO ====*  stream_id=1405996 latency=0.788257 ms (tx_ts=88802138022323, rx_ts=88802138810580) request_id=9322348 zil_blk_id=1405996 ccf_commit_seqno=9322350 nstreams_done_=351500 config.nstreams=400000 avg_latency=0.9141 ms avg throuhgput (requests/sec) = 720.7883 res=false
*==== INFO ====*  stream_id=1407996 latency=0.662629 ms (tx_ts=88802762712829, rx_ts=88802763375458) request_id=9332166 zil_blk_id=1407996 ccf_commit_seqno=9332167 nstreams_done_=352000 config.nstreams=400000 avg_latency=0.9139 ms avg throuhgput (requests/sec) = 720.8903 res=false
*==== INFO ====*  stream_id=1409996 latency=0.709416 ms (tx_ts=88803431938705, rx_ts=88803432648121) request_id=9341950 zil_blk_id=1409996 ccf_commit_seqno=9341950 nstreams_done_=352500 config.nstreams=400000 avg_latency=0.9138 ms avg throuhgput (requests/sec) = 720.9262 res=false
*==== INFO ====*  stream_id=1411996 latency=0.820634 ms (tx_ts=88804121761666, rx_ts=88804122582300) request_id=9351838 zil_blk_id=1411996 ccf_commit_seqno=9351839 nstreams_done_=353000 config.nstreams=400000 avg_latency=0.9138 ms avg throuhgput (requests/sec) = 720.9315 res=false
*==== INFO ====*  stream_id=1413996 latency=0.785679 ms (tx_ts=88804733254656, rx_ts=88804734040335) request_id=9361733 zil_blk_id=1413996 ccf_commit_seqno=9361733 nstreams_done_=353500 config.nstreams=400000 avg_latency=0.9136 ms avg throuhgput (requests/sec) = 721.0522 res=false
*==== INFO ====*  stream_id=1415996 latency=0.793797 ms (tx_ts=88805354408305, rx_ts=88805355202102) request_id=9371508 zil_blk_id=1415996 ccf_commit_seqno=9371508 nstreams_done_=354000 config.nstreams=400000 avg_latency=0.9134 ms avg throuhgput (requests/sec) = 721.1584 res=false
*==== INFO ====*  stream_id=1417996 latency=0.670774 ms (tx_ts=88805972988702, rx_ts=88805973659476) request_id=9381297 zil_blk_id=1417996 ccf_commit_seqno=9381299 nstreams_done_=354500 config.nstreams=400000 avg_latency=0.9133 ms avg throuhgput (requests/sec) = 721.2682 res=false
*==== INFO ====*  stream_id=1419996 latency=0.563774 ms (tx_ts=88806595030710, rx_ts=88806595594484) request_id=9390965 zil_blk_id=1419996 ccf_commit_seqno=9390965 nstreams_done_=355000 config.nstreams=400000 avg_latency=0.9131 ms avg throuhgput (requests/sec) = 721.3727 res=false
*==== INFO ====*  stream_id=1421996 latency=0.659392 ms (tx_ts=88807231487438, rx_ts=88807232146830) request_id=9401315 zil_blk_id=1421996 ccf_commit_seqno=9401315 nstreams_done_=355500 config.nstreams=400000 avg_latency=0.9129 ms avg throuhgput (requests/sec) = 721.4555 res=false
*==== INFO ====*  stream_id=1423996 latency=1.010248 ms (tx_ts=88807852040833, rx_ts=88807853051081) request_id=9411150 zil_blk_id=1423996 ccf_commit_seqno=9411153 nstreams_done_=356000 config.nstreams=400000 avg_latency=0.9127 ms avg throuhgput (requests/sec) = 721.5610 res=false
*==== INFO ====*  stream_id=1425996 latency=0.602417 ms (tx_ts=88808468628706, rx_ts=88808469231123) request_id=9420930 zil_blk_id=1425996 ccf_commit_seqno=9420930 nstreams_done_=356500 config.nstreams=400000 avg_latency=0.9125 ms avg throuhgput (requests/sec) = 721.6731 res=false
*==== INFO ====*  stream_id=1427996 latency=0.821024 ms (tx_ts=88809153785167, rx_ts=88809154606191) request_id=9431139 zil_blk_id=1427996 ccf_commit_seqno=9431140 nstreams_done_=357000 config.nstreams=400000 avg_latency=0.9125 ms avg throuhgput (requests/sec) = 721.6840 res=false
*==== INFO ====*  stream_id=1429996 latency=0.707652 ms (tx_ts=88809809484805, rx_ts=88809810192457) request_id=9441411 zil_blk_id=1429996 ccf_commit_seqno=9441414 nstreams_done_=357500 config.nstreams=400000 avg_latency=0.9123 ms avg throuhgput (requests/sec) = 721.7383 res=false
*==== INFO ====*  stream_id=1431996 latency=5.127295 ms (tx_ts=88810427372437, rx_ts=88810432499732) request_id=9451121 zil_blk_id=1431996 ccf_commit_seqno=9451134 nstreams_done_=358000 config.nstreams=400000 avg_latency=0.9122 ms avg throuhgput (requests/sec) = 721.8408 res=false
*==== INFO ====*  stream_id=1433996 latency=0.642650 ms (tx_ts=88811023929201, rx_ts=88811024571851) request_id=9460698 zil_blk_id=1433996 ccf_commit_seqno=9460698 nstreams_done_=358500 config.nstreams=400000 avg_latency=0.9120 ms avg throuhgput (requests/sec) = 721.9871 res=false
*==== INFO ====*  stream_id=1435996 latency=1.120369 ms (tx_ts=88811694937512, rx_ts=88811696057881) request_id=9470778 zil_blk_id=1435996 ccf_commit_seqno=9470783 nstreams_done_=359000 config.nstreams=400000 avg_latency=0.9119 ms avg throuhgput (requests/sec) = 722.0176 res=false
*==== INFO ====*  stream_id=1437996 latency=0.838918 ms (tx_ts=88812336593739, rx_ts=88812337432657) request_id=9480609 zil_blk_id=1437996 ccf_commit_seqno=9480612 nstreams_done_=359500 config.nstreams=400000 avg_latency=0.9118 ms avg throuhgput (requests/sec) = 722.0918 res=false
*==== INFO ====*  stream_id=1439996 latency=0.830102 ms (tx_ts=88813011749166, rx_ts=88813012579268) request_id=9491029 zil_blk_id=1439996 ccf_commit_seqno=9491033 nstreams_done_=360000 config.nstreams=400000 avg_latency=0.9117 ms avg throuhgput (requests/sec) = 722.1168 res=false
*==== INFO ====*  stream_id=1441996 latency=0.829040 ms (tx_ts=88813668302260, rx_ts=88813669131300) request_id=9500925 zil_blk_id=1441996 ccf_commit_seqno=9500930 nstreams_done_=360500 config.nstreams=400000 avg_latency=0.9116 ms avg throuhgput (requests/sec) = 722.1687 res=false
*==== INFO ====*  stream_id=1443996 latency=0.646769 ms (tx_ts=88814272921789, rx_ts=88814273568558) request_id=9510419 zil_blk_id=1443996 ccf_commit_seqno=9510420 nstreams_done_=361000 config.nstreams=400000 avg_latency=0.9114 ms avg throuhgput (requests/sec) = 722.2957 res=false
*==== INFO ====*  stream_id=1445996 latency=0.843848 ms (tx_ts=88814890124114, rx_ts=88814890967962) request_id=9519563 zil_blk_id=1445996 ccf_commit_seqno=9519563 nstreams_done_=361500 config.nstreams=400000 avg_latency=0.9112 ms avg throuhgput (requests/sec) = 722.4038 res=false
*==== INFO ====*  stream_id=1447996 latency=0.980704 ms (tx_ts=88815518259996, rx_ts=88815519240700) request_id=9528609 zil_blk_id=1447996 ccf_commit_seqno=9528609 nstreams_done_=362000 config.nstreams=400000 avg_latency=0.9111 ms avg throuhgput (requests/sec) = 722.4958 res=false
*==== INFO ====*  stream_id=1449996 latency=0.915051 ms (tx_ts=88816088212096, rx_ts=88816089127147) request_id=9537127 zil_blk_id=1449996 ccf_commit_seqno=9537130 nstreams_done_=362500 config.nstreams=400000 avg_latency=0.9108 ms avg throuhgput (requests/sec) = 722.6718 res=false
*==== INFO ====*  stream_id=1451996 latency=0.663771 ms (tx_ts=88816661692398, rx_ts=88816662356169) request_id=9545414 zil_blk_id=1451996 ccf_commit_seqno=9545415 nstreams_done_=363000 config.nstreams=400000 avg_latency=0.9106 ms avg throuhgput (requests/sec) = 722.8425 res=false
*==== INFO ====*  stream_id=1453996 latency=0.665815 ms (tx_ts=88817251719114, rx_ts=88817252384929) request_id=9553556 zil_blk_id=1453996 ccf_commit_seqno=9553558 nstreams_done_=363500 config.nstreams=400000 avg_latency=0.9104 ms avg throuhgput (requests/sec) = 722.9887 res=false
*==== INFO ====*  stream_id=1455996 latency=0.736847 ms (tx_ts=88817863323641, rx_ts=88817864060488) request_id=9561748 zil_blk_id=1455996 ccf_commit_seqno=9561750 nstreams_done_=364000 config.nstreams=400000 avg_latency=0.9101 ms avg throuhgput (requests/sec) = 723.1035 res=false
*==== INFO ====*  stream_id=1457996 latency=0.707122 ms (tx_ts=88818481808002, rx_ts=88818482515124) request_id=9569606 zil_blk_id=1457996 ccf_commit_seqno=9569607 nstreams_done_=364500 config.nstreams=400000 avg_latency=0.9100 ms avg throuhgput (requests/sec) = 723.2082 res=false
*==== INFO ====*  stream_id=1459996 latency=0.708014 ms (tx_ts=88819101414118, rx_ts=88819102122132) request_id=9577581 zil_blk_id=1459996 ccf_commit_seqno=9577581 nstreams_done_=365000 config.nstreams=400000 avg_latency=0.9099 ms avg throuhgput (requests/sec) = 723.3111 res=false
*==== INFO ====*  stream_id=1461996 latency=0.740047 ms (tx_ts=88819705173001, rx_ts=88819705913048) request_id=9585652 zil_blk_id=1461996 ccf_commit_seqno=9585655 nstreams_done_=365500 config.nstreams=400000 avg_latency=0.9097 ms avg throuhgput (requests/sec) = 723.4363 res=false
*==== INFO ====*  stream_id=1463996 latency=0.676731 ms (tx_ts=88820328557236, rx_ts=88820329233967) request_id=9593603 zil_blk_id=1463996 ccf_commit_seqno=9593607 nstreams_done_=366000 config.nstreams=400000 avg_latency=0.9096 ms avg throuhgput (requests/sec) = 723.5333 res=false
*==== INFO ====*  stream_id=1465996 latency=0.800938 ms (tx_ts=88820943761240, rx_ts=88820944562178) request_id=9601083 zil_blk_id=1465996 ccf_commit_seqno=9601086 nstreams_done_=366500 config.nstreams=400000 avg_latency=0.9094 ms avg throuhgput (requests/sec) = 723.6415 res=false
*==== INFO ====*  stream_id=1467996 latency=0.713644 ms (tx_ts=88821559029442, rx_ts=88821559743086) request_id=9608712 zil_blk_id=1467996 ccf_commit_seqno=9608713 nstreams_done_=367000 config.nstreams=400000 avg_latency=0.9092 ms avg throuhgput (requests/sec) = 723.7496 res=false
*==== INFO ====*  stream_id=1469996 latency=0.638584 ms (tx_ts=88822166387113, rx_ts=88822167025697) request_id=9616129 zil_blk_id=1469996 ccf_commit_seqno=9616130 nstreams_done_=367500 config.nstreams=400000 avg_latency=0.9091 ms avg throuhgput (requests/sec) = 723.8687 res=false
*==== INFO ====*  stream_id=1471996 latency=0.647056 ms (tx_ts=88822738102866, rx_ts=88822738749922) request_id=9623395 zil_blk_id=1471996 ccf_commit_seqno=9623396 nstreams_done_=368000 config.nstreams=400000 avg_latency=0.9088 ms avg throuhgput (requests/sec) = 724.0382 res=false
*==== INFO ====*  stream_id=1473996 latency=0.843170 ms (tx_ts=88823333204468, rx_ts=88823334047638) request_id=9630691 zil_blk_id=1473996 ccf_commit_seqno=9630694 nstreams_done_=368500 config.nstreams=400000 avg_latency=0.9086 ms avg throuhgput (requests/sec) = 724.1738 res=false
*==== INFO ====*  stream_id=1475996 latency=0.670744 ms (tx_ts=88823931291365, rx_ts=88823931962109) request_id=9637861 zil_blk_id=1475996 ccf_commit_seqno=9637863 nstreams_done_=369000 config.nstreams=400000 avg_latency=0.9084 ms avg throuhgput (requests/sec) = 724.3053 res=false
*==== INFO ====*  stream_id=1477996 latency=0.622063 ms (tx_ts=88824532918080, rx_ts=88824533540143) request_id=9645350 zil_blk_id=1477996 ccf_commit_seqno=9645350 nstreams_done_=369500 config.nstreams=400000 avg_latency=0.9082 ms avg throuhgput (requests/sec) = 724.4313 res=false
*==== INFO ====*  stream_id=1479996 latency=0.749261 ms (tx_ts=88825150040349, rx_ts=88825150789610) request_id=9652953 zil_blk_id=1479996 ccf_commit_seqno=9652956 nstreams_done_=370000 config.nstreams=400000 avg_latency=0.9080 ms avg throuhgput (requests/sec) = 724.5348 res=false
*==== INFO ====*  stream_id=1481996 latency=0.656146 ms (tx_ts=88825768509680, rx_ts=88825769165826) request_id=9660866 zil_blk_id=1481996 ccf_commit_seqno=9660867 nstreams_done_=370500 config.nstreams=400000 avg_latency=0.9077 ms avg throuhgput (requests/sec) = 724.6364 res=false
*==== INFO ====*  stream_id=1483996 latency=0.845521 ms (tx_ts=88826397039785, rx_ts=88826397885306) request_id=9668900 zil_blk_id=1483996 ccf_commit_seqno=9668903 nstreams_done_=371000 config.nstreams=400000 avg_latency=0.9075 ms avg throuhgput (requests/sec) = 724.7232 res=false
*==== INFO ====*  stream_id=1485996 latency=1.004878 ms (tx_ts=88827037834191, rx_ts=88827038839069) request_id=9676959 zil_blk_id=1485996 ccf_commit_seqno=9676959 nstreams_done_=371500 config.nstreams=400000 avg_latency=0.9072 ms avg throuhgput (requests/sec) = 724.7924 res=false
*==== INFO ====*  stream_id=1487996 latency=0.867007 ms (tx_ts=88827636834304, rx_ts=88827637701311) request_id=9684714 zil_blk_id=1487996 ccf_commit_seqno=9684716 nstreams_done_=372000 config.nstreams=400000 avg_latency=0.9069 ms avg throuhgput (requests/sec) = 724.9209 res=false
*==== INFO ====*  stream_id=1489996 latency=0.621062 ms (tx_ts=88828255197657, rx_ts=88828255818719) request_id=9692246 zil_blk_id=1489996 ccf_commit_seqno=9692246 nstreams_done_=372500 config.nstreams=400000 avg_latency=0.9068 ms avg throuhgput (requests/sec) = 725.0220 res=false
*==== INFO ====*  stream_id=1491996 latency=0.695227 ms (tx_ts=88828872704060, rx_ts=88828873399287) request_id=9699914 zil_blk_id=1491996 ccf_commit_seqno=9699918 nstreams_done_=373000 config.nstreams=400000 avg_latency=0.9066 ms avg throuhgput (requests/sec) = 725.1235 res=false
*==== INFO ====*  stream_id=1493996 latency=0.978750 ms (tx_ts=88829482763026, rx_ts=88829483741776) request_id=9707575 zil_blk_id=1493996 ccf_commit_seqno=9707581 nstreams_done_=373500 config.nstreams=400000 avg_latency=0.9063 ms avg throuhgput (requests/sec) = 725.2350 res=false
*==== INFO ====*  stream_id=1495996 latency=0.814874 ms (tx_ts=88830098872179, rx_ts=88830099687053) request_id=9715361 zil_blk_id=1495996 ccf_commit_seqno=9715363 nstreams_done_=374000 config.nstreams=400000 avg_latency=0.9061 ms avg throuhgput (requests/sec) = 725.3384 res=false
*==== INFO ====*  stream_id=1497996 latency=0.820774 ms (tx_ts=88830703198202, rx_ts=88830704018976) request_id=9722707 zil_blk_id=1497996 ccf_commit_seqno=9722708 nstreams_done_=374500 config.nstreams=400000 avg_latency=0.9059 ms avg throuhgput (requests/sec) = 725.4578 res=false
*==== INFO ====*  stream_id=1499996 latency=0.622855 ms (tx_ts=88831345361985, rx_ts=88831345984840) request_id=9729918 zil_blk_id=1499996 ccf_commit_seqno=9729919 nstreams_done_=375000 config.nstreams=400000 avg_latency=0.9058 ms avg throuhgput (requests/sec) = 725.5242 res=false
*==== INFO ====*  stream_id=1501996 latency=0.769850 ms (tx_ts=88831949366098, rx_ts=88831950135948) request_id=9737024 zil_blk_id=1501996 ccf_commit_seqno=9737027 nstreams_done_=375500 config.nstreams=400000 avg_latency=0.9055 ms avg throuhgput (requests/sec) = 725.6433 res=false
*==== INFO ====*  stream_id=1503996 latency=0.656377 ms (tx_ts=88832617453025, rx_ts=88832618109402) request_id=9744342 zil_blk_id=1503996 ccf_commit_seqno=9744342 nstreams_done_=376000 config.nstreams=400000 avg_latency=0.9054 ms avg throuhgput (requests/sec) = 725.6728 res=false
*==== INFO ====*  stream_id=1505996 latency=0.720778 ms (tx_ts=88833257651251, rx_ts=88833258372029) request_id=9751680 zil_blk_id=1505996 ccf_commit_seqno=9751681 nstreams_done_=376500 config.nstreams=400000 avg_latency=0.9053 ms avg throuhgput (requests/sec) = 725.7410 res=false
*==== INFO ====*  stream_id=1507996 latency=1.095659 ms (tx_ts=88833884784796, rx_ts=88833885880455) request_id=9758705 zil_blk_id=1507996 ccf_commit_seqno=9758711 nstreams_done_=377000 config.nstreams=400000 avg_latency=0.9051 ms avg throuhgput (requests/sec) = 725.8269 res=false
*==== INFO ====*  stream_id=1509996 latency=0.795598 ms (tx_ts=88834478100991, rx_ts=88834478896589) request_id=9765649 zil_blk_id=1509996 ccf_commit_seqno=9765651 nstreams_done_=377500 config.nstreams=400000 avg_latency=0.9048 ms avg throuhgput (requests/sec) = 725.9607 res=false
*==== INFO ====*  stream_id=1511996 latency=0.637673 ms (tx_ts=88835059241354, rx_ts=88835059879027) request_id=9772730 zil_blk_id=1511996 ccf_commit_seqno=9772731 nstreams_done_=378000 config.nstreams=400000 avg_latency=0.9046 ms avg throuhgput (requests/sec) = 726.1110 res=false
*==== INFO ====*  stream_id=1513996 latency=0.630912 ms (tx_ts=88835671264088, rx_ts=88835671895000) request_id=9779868 zil_blk_id=1513996 ccf_commit_seqno=9779868 nstreams_done_=378500 config.nstreams=400000 avg_latency=0.9043 ms avg throuhgput (requests/sec) = 726.2177 res=false
*==== INFO ====*  stream_id=1515996 latency=4.546441 ms (tx_ts=88836287444243, rx_ts=88836291990684) request_id=9786942 zil_blk_id=1515996 ccf_commit_seqno=9786948 nstreams_done_=379000 config.nstreams=400000 avg_latency=0.9042 ms avg throuhgput (requests/sec) = 726.3129 res=false
*==== INFO ====*  stream_id=1517996 latency=0.713874 ms (tx_ts=88836935254824, rx_ts=88836935968698) request_id=9793402 zil_blk_id=1517996 ccf_commit_seqno=9793402 nstreams_done_=379500 config.nstreams=400000 avg_latency=0.9041 ms avg throuhgput (requests/sec) = 726.3746 res=false
*==== INFO ====*  stream_id=1519996 latency=0.745351 ms (tx_ts=88837563996015, rx_ts=88837564741366) request_id=9800053 zil_blk_id=1519996 ccf_commit_seqno=9800053 nstreams_done_=380000 config.nstreams=400000 avg_latency=0.9039 ms avg throuhgput (requests/sec) = 726.4573 res=false
*==== INFO ====*  stream_id=1521996 latency=0.596395 ms (tx_ts=88838168937183, rx_ts=88838169533578) request_id=9806735 zil_blk_id=1521996 ccf_commit_seqno=9806735 nstreams_done_=380500 config.nstreams=400000 avg_latency=0.9036 ms avg throuhgput (requests/sec) = 726.5731 res=false
*==== INFO ====*  stream_id=1523996 latency=0.662518 ms (tx_ts=88838767379884, rx_ts=88838768042402) request_id=9812923 zil_blk_id=1523996 ccf_commit_seqno=9812923 nstreams_done_=381000 config.nstreams=400000 avg_latency=0.9034 ms avg throuhgput (requests/sec) = 726.6974 res=false
*==== INFO ====*  stream_id=1525996 latency=0.665945 ms (tx_ts=88839360787840, rx_ts=88839361453785) request_id=9819049 zil_blk_id=1525996 ccf_commit_seqno=9819049 nstreams_done_=381500 config.nstreams=400000 avg_latency=0.9031 ms avg throuhgput (requests/sec) = 726.8284 res=false
*==== INFO ====*  stream_id=1527996 latency=0.767996 ms (tx_ts=88839972794107, rx_ts=88839973562103) request_id=9825222 zil_blk_id=1527996 ccf_commit_seqno=9825225 nstreams_done_=382000 config.nstreams=400000 avg_latency=0.9029 ms avg throuhgput (requests/sec) = 726.9333 res=false
*==== INFO ====*  stream_id=1529996 latency=0.629036 ms (tx_ts=88840600879668, rx_ts=88840601508704) request_id=9831441 zil_blk_id=1529996 ccf_commit_seqno=9831442 nstreams_done_=382500 config.nstreams=400000 avg_latency=0.9026 ms avg throuhgput (requests/sec) = 727.0160 res=false
*==== INFO ====*  stream_id=1531996 latency=0.754651 ms (tx_ts=88841200215694, rx_ts=88841200970345) request_id=9837177 zil_blk_id=1531996 ccf_commit_seqno=9837178 nstreams_done_=383000 config.nstreams=400000 avg_latency=0.9024 ms avg throuhgput (requests/sec) = 727.1378 res=false
*==== INFO ====*  stream_id=1533996 latency=0.633094 ms (tx_ts=88841814552766, rx_ts=88841815185860) request_id=9842712 zil_blk_id=1533996 ccf_commit_seqno=9842712 nstreams_done_=383500 config.nstreams=400000 avg_latency=0.9021 ms avg throuhgput (requests/sec) = 727.2391 res=false
*==== INFO ====*  stream_id=1535996 latency=0.666897 ms (tx_ts=88842402369793, rx_ts=88842403036690) request_id=9848156 zil_blk_id=1535996 ccf_commit_seqno=9848156 nstreams_done_=384000 config.nstreams=400000 avg_latency=0.9019 ms avg throuhgput (requests/sec) = 727.3764 res=false
*==== INFO ====*  stream_id=1537996 latency=0.685552 ms (tx_ts=88843018269029, rx_ts=88843018954581) request_id=9853692 zil_blk_id=1537996 ccf_commit_seqno=9853692 nstreams_done_=384500 config.nstreams=400000 avg_latency=0.9016 ms avg throuhgput (requests/sec) = 727.4748 res=false
*==== INFO ====*  stream_id=1539996 latency=0.760742 ms (tx_ts=88843651609038, rx_ts=88843652369780) request_id=9858827 zil_blk_id=1539996 ccf_commit_seqno=9858828 nstreams_done_=385000 config.nstreams=400000 avg_latency=0.9014 ms avg throuhgput (requests/sec) = 727.5489 res=false
*==== INFO ====*  stream_id=1541996 latency=0.662969 ms (tx_ts=88844251885495, rx_ts=88844252548464) request_id=9863429 zil_blk_id=1541996 ccf_commit_seqno=9863430 nstreams_done_=385500 config.nstreams=400000 avg_latency=0.9011 ms avg throuhgput (requests/sec) = 727.6684 res=false
*==== INFO ====*  stream_id=1543996 latency=0.644625 ms (tx_ts=88844839341610, rx_ts=88844839986235) request_id=9867971 zil_blk_id=1543996 ccf_commit_seqno=9867971 nstreams_done_=386000 config.nstreams=400000 avg_latency=0.9008 ms avg throuhgput (requests/sec) = 727.8052 res=false
*==== INFO ====*  stream_id=1545996 latency=0.718713 ms (tx_ts=88845438194133, rx_ts=88845438912846) request_id=9872502 zil_blk_id=1545996 ccf_commit_seqno=9872505 nstreams_done_=386500 config.nstreams=400000 avg_latency=0.9005 ms avg throuhgput (requests/sec) = 727.9259 res=false
*==== INFO ====*  stream_id=1547996 latency=1.251439 ms (tx_ts=88846046558500, rx_ts=88846047809939) request_id=9876976 zil_blk_id=1547996 ccf_commit_seqno=9876979 nstreams_done_=387000 config.nstreams=400000 avg_latency=0.9003 ms avg throuhgput (requests/sec) = 728.0327 res=false
*==== INFO ====*  stream_id=1549996 latency=0.878365 ms (tx_ts=88846665263205, rx_ts=88846666141570) request_id=9881297 zil_blk_id=1549996 ccf_commit_seqno=9881298 nstreams_done_=387500 config.nstreams=400000 avg_latency=0.9001 ms avg throuhgput (requests/sec) = 728.1263 res=false
*==== INFO ====*  stream_id=1551996 latency=0.719926 ms (tx_ts=88847247103821, rx_ts=88847247823747) request_id=9885711 zil_blk_id=1551996 ccf_commit_seqno=9885711 nstreams_done_=388000 config.nstreams=400000 avg_latency=0.8999 ms avg throuhgput (requests/sec) = 728.2699 res=false
*==== INFO ====*  stream_id=1553996 latency=0.810406 ms (tx_ts=88847848227502, rx_ts=88847849037908) request_id=9890075 zil_blk_id=1553996 ccf_commit_seqno=9890078 nstreams_done_=388500 config.nstreams=400000 avg_latency=0.8997 ms avg throuhgput (requests/sec) = 728.3864 res=false
*==== INFO ====*  stream_id=1555996 latency=0.648292 ms (tx_ts=88848464490181, rx_ts=88848465138473) request_id=9894712 zil_blk_id=1555996 ccf_commit_seqno=9894713 nstreams_done_=389000 config.nstreams=400000 avg_latency=0.8994 ms avg throuhgput (requests/sec) = 728.4824 res=false
*==== INFO ====*  stream_id=1557996 latency=0.713454 ms (tx_ts=88849066963732, rx_ts=88849067677186) request_id=9899137 zil_blk_id=1557996 ccf_commit_seqno=9899137 nstreams_done_=389500 config.nstreams=400000 avg_latency=0.8992 ms avg throuhgput (requests/sec) = 728.5966 res=false
*==== INFO ====*  stream_id=1559996 latency=0.666756 ms (tx_ts=88849645925104, rx_ts=88849646591860) request_id=9903435 zil_blk_id=1559996 ccf_commit_seqno=9903435 nstreams_done_=390000 config.nstreams=400000 avg_latency=0.8989 ms avg throuhgput (requests/sec) = 728.7427 res=false
*==== INFO ====*  stream_id=1561996 latency=0.758428 ms (tx_ts=88850224580360, rx_ts=88850225338788) request_id=9907519 zil_blk_id=1561996 ccf_commit_seqno=9907521 nstreams_done_=390500 config.nstreams=400000 avg_latency=0.8987 ms avg throuhgput (requests/sec) = 728.8887 res=false
*==== INFO ====*  stream_id=1563996 latency=0.620912 ms (tx_ts=88850797657013, rx_ts=88850798277925) request_id=9911402 zil_blk_id=1563996 ccf_commit_seqno=9911402 nstreams_done_=391000 config.nstreams=400000 avg_latency=0.8984 ms avg throuhgput (requests/sec) = 729.0424 res=false
*==== INFO ====*  stream_id=1565996 latency=0.634256 ms (tx_ts=88851401411243, rx_ts=88851402045499) request_id=9915488 zil_blk_id=1565996 ccf_commit_seqno=9915488 nstreams_done_=391500 config.nstreams=400000 avg_latency=0.8981 ms avg throuhgput (requests/sec) = 729.1538 res=false
*==== INFO ====*  stream_id=1567996 latency=0.762506 ms (tx_ts=88852018724397, rx_ts=88852019486903) request_id=9919513 zil_blk_id=1567996 ccf_commit_seqno=9919516 nstreams_done_=392000 config.nstreams=400000 avg_latency=0.8979 ms avg throuhgput (requests/sec) = 729.2464 res=false
*==== INFO ====*  stream_id=1569996 latency=0.699357 ms (tx_ts=88852598276681, rx_ts=88852598976038) request_id=9923386 zil_blk_id=1569996 ccf_commit_seqno=9923386 nstreams_done_=392500 config.nstreams=400000 avg_latency=0.8977 ms avg throuhgput (requests/sec) = 729.3903 res=false
*==== INFO ====*  stream_id=1571996 latency=0.756815 ms (tx_ts=88853166342794, rx_ts=88853167099609) request_id=9927243 zil_blk_id=1571996 ccf_commit_seqno=9927243 nstreams_done_=393000 config.nstreams=400000 avg_latency=0.8974 ms avg throuhgput (requests/sec) = 729.5492 res=false
*==== INFO ====*  stream_id=1573996 latency=0.740495 ms (tx_ts=88853736350595, rx_ts=88853737091090) request_id=9931057 zil_blk_id=1573996 ccf_commit_seqno=9931057 nstreams_done_=393500 config.nstreams=400000 avg_latency=0.8972 ms avg throuhgput (requests/sec) = 729.7053 res=false
*==== INFO ====*  stream_id=1575996 latency=0.626835 ms (tx_ts=88854310264014, rx_ts=88854310890849) request_id=9934854 zil_blk_id=1575996 ccf_commit_seqno=9934854 nstreams_done_=394000 config.nstreams=400000 avg_latency=0.8969 ms avg throuhgput (requests/sec) = 729.8559 res=false
*==== INFO ====*  stream_id=1577996 latency=0.639766 ms (tx_ts=88854889691785, rx_ts=88854890331551) request_id=9938666 zil_blk_id=1577996 ccf_commit_seqno=9938666 nstreams_done_=394500 config.nstreams=400000 avg_latency=0.8967 ms avg throuhgput (requests/sec) = 729.9985 res=false
*==== INFO ====*  stream_id=1579996 latency=0.876629 ms (tx_ts=88855496935429, rx_ts=88855497812058) request_id=9942704 zil_blk_id=1579996 ccf_commit_seqno=9942708 nstreams_done_=395000 config.nstreams=400000 avg_latency=0.8965 ms avg throuhgput (requests/sec) = 730.1030 res=false
*==== INFO ====*  stream_id=1581996 latency=0.700109 ms (tx_ts=88856161705991, rx_ts=88856162406100) request_id=9946736 zil_blk_id=1581996 ccf_commit_seqno=9946737 nstreams_done_=395500 config.nstreams=400000 avg_latency=0.8963 ms avg throuhgput (requests/sec) = 730.1303 res=false
*==== INFO ====*  stream_id=1583996 latency=0.733401 ms (tx_ts=88856771232324, rx_ts=88856771965725) request_id=9950775 zil_blk_id=1583996 ccf_commit_seqno=9950775 nstreams_done_=396000 config.nstreams=400000 avg_latency=0.8961 ms avg throuhgput (requests/sec) = 730.2316 res=false
*==== INFO ====*  stream_id=1585996 latency=0.625360 ms (tx_ts=88857378516499, rx_ts=88857379141859) request_id=9954785 zil_blk_id=1585996 ccf_commit_seqno=9954785 nstreams_done_=396500 config.nstreams=400000 avg_latency=0.8959 ms avg throuhgput (requests/sec) = 730.3359 res=false
*==== INFO ====*  stream_id=1587996 latency=0.659954 ms (tx_ts=88857972054349, rx_ts=88857972714303) request_id=9958622 zil_blk_id=1587996 ccf_commit_seqno=9958622 nstreams_done_=397000 config.nstreams=400000 avg_latency=0.8956 ms avg throuhgput (requests/sec) = 730.4583 res=false
*==== INFO ====*  stream_id=1589996 latency=0.650947 ms (tx_ts=88858602396168, rx_ts=88858603047115) request_id=9962163 zil_blk_id=1589996 ccf_commit_seqno=9962163 nstreams_done_=397500 config.nstreams=400000 avg_latency=0.8955 ms avg throuhgput (requests/sec) = 730.5310 res=false
*==== INFO ====*  stream_id=1591996 latency=0.728522 ms (tx_ts=88859196481729, rx_ts=88859197210251) request_id=9965569 zil_blk_id=1591996 ccf_commit_seqno=9965570 nstreams_done_=398000 config.nstreams=400000 avg_latency=0.8952 ms avg throuhgput (requests/sec) = 730.6521 res=false
*==== INFO ====*  stream_id=1593996 latency=0.734223 ms (tx_ts=88859767683956, rx_ts=88859768418179) request_id=9968484 zil_blk_id=1593996 ccf_commit_seqno=9968485 nstreams_done_=398500 config.nstreams=400000 avg_latency=0.8949 ms avg throuhgput (requests/sec) = 730.8036 res=false
*==== INFO ====*  stream_id=1595996 latency=0.553955 ms (tx_ts=88860347104452, rx_ts=88860347658407) request_id=9971336 zil_blk_id=1595996 ccf_commit_seqno=9971336 nstreams_done_=399000 config.nstreams=400000 avg_latency=0.8946 ms avg throuhgput (requests/sec) = 730.9441 res=false
*==== INFO ====*  stream_id=1597996 latency=0.573863 ms (tx_ts=88860908552526, rx_ts=88860909126389) request_id=9973797 zil_blk_id=1597996 ccf_commit_seqno=9973797 nstreams_done_=399500 config.nstreams=400000 avg_latency=0.8943 ms avg throuhgput (requests/sec) = 731.1081 res=false
*==== INFO ====* http_end_stream ALL streams done! nstreams_done_=400000 avg_latency=0.8940 ms
*==== INFO ====*  stream_id=1599996 latency=0.576778 ms (tx_ts=88861482344694, rx_ts=88861482921472) request_id=9976292 zil_blk_id=1599996 ccf_commit_seqno=9976292 nstreams_done_=400000 config.nstreams=400000 avg_latency=0.8940 ms avg throuhgput (requests/sec) = 731.2552 res=false
